bridge_variant,state_label,n_train_events,selected_operator,generated_train_reward,w_O1_lag0_AB,w_O2_lag5_AB,w_O3_A_C_boundary,w_O4_B_C_boundary,w_O5_full_TFC,w_O6_phase_only,w_O7_suppress_event,mean_O1_lag0_AB,mean_O2_lag5_AB,mean_O3_A_C_boundary,mean_O4_B_C_boundary,mean_O5_full_TFC,mean_O6_phase_only,mean_O7_suppress_event,fold,operator_pool
true72_forward,side=B_side|tfc=high|phase=q1,40,O1_lag0_AB,-0.027779344773739393,0.19663810977861074,0.13070843952105202,0.1302346097792283,0.12517245956702647,0.13374671367992175,0.12678912045321294,0.156710547220948,0.07943760219852752,-0.06350094282643429,-0.06477202931336191,-0.07864779737622428,-0.0554584242120986,-0.07415632629404592,0.0,0,full
true72_forward,side=A_side|tfc=high|phase=q4,33,O5_full_TFC,0.05247666182361356,0.1662480329507343,0.11607073229129597,0.17470633773458621,0.1282314909501342,0.20651107634214474,0.08049631363527496,0.12773601609582969,0.09223028064065532,-0.03351809777277841,0.10959925698847385,0.0013549877294988912,0.16813590128208708,-0.16161402950721207,0.0,0,full
true72_forward,side=A_side|tfc=low|phase=q4,30,O3_A_C_boundary,0.09423885323726836,0.10559643946211347,0.16935010418483926,0.18443621457251985,0.1465752015845212,0.1320474524906024,0.15090784113370612,0.11108674657169776,-0.01774036013986154,0.147579879202771,0.17744730026999442,0.09702952749111181,0.06049748243188028,0.10722527554486073,0.0,0,full
true72_forward,side=A_side|tfc=high|phase=q1,25,O1_lag0_AB,0.17612847282173194,0.2258057934742144,0.1265314331415369,0.17589484965492982,0.10769893304183316,0.13060434651254757,0.14343711801869058,0.09002752615624762,0.3218459437145672,0.11913135180926943,0.23441981556169997,0.06272847266098659,0.1302199596760781,0.16302344360799345,0.0,0,full
true72_forward,side=B_side|tfc=high|phase=q4,39,O5_full_TFC,0.09646218173180433,0.1909177888214945,0.13424575420431914,0.1283474830405189,0.10148005580425207,0.2210530036094101,0.11102517195744088,0.11293074256256437,0.18377386203101778,0.06051408079951849,0.04478829735204908,-0.03741935697587047,0.23506972123641795,-0.0059562241000819215,0.0,0,full
true72_forward,side=B_side|tfc=low|phase=q1,37,O7_suppress_event,-0.10591891965430247,0.09292393474406961,0.12198622816317899,0.11220632879834347,0.17593968862340706,0.10292321626190347,0.1921130379128991,0.20190756549619818,-0.27161006026369544,-0.17636564458291012,-0.20561470937641,-0.04818405832941358,-0.23583936567714275,-0.017404120369965845,0.0,0,full
true72_forward,side=A_side|tfc=mid|phase=q4,23,O7_suppress_event,-0.15484575812174967,0.10976013058645011,0.08892950822306449,0.14758347776819264,0.14436915261834907,0.13494610284287525,0.14316015749991498,0.23125147046115355,-0.26082293349036056,-0.33448160258097337,-0.15718911896185103,-0.16489625460425741,-0.18852059611088726,-0.16783961217064358,0.0,0,full
true72_forward,side=B_side|tfc=mid|phase=q1,41,O6_phase_only,-0.027459859918151207,0.1491731955354908,0.13416300618327806,0.1303450349048964,0.13306089102153634,0.12784872106771175,0.17010119903268034,0.15530795225440636,-0.014105671146318262,-0.0512240434617003,-0.06132870990287402,-0.0541110793728564,-0.06809678270392924,0.03184426481636225,0.0,0,full
true72_forward,side=B_side|tfc=low|phase=q4,29,O4_B_C_boundary,-0.015457455390010854,0.13902378203524537,0.15476698718164963,0.09109445224673589,0.19505757316648858,0.11280694884704945,0.15430602176620703,0.15294423475662408,-0.033399927387569826,0.004146555375459258,-0.18136176493008738,0.08512748501442868,-0.1065384025364781,0.0031025430524070706,0.0,0,full
true72_forward,side=A_side|tfc=mid|phase=q1,23,O7_suppress_event,-0.07515936756951867,0.12155289836734905,0.15670818216551932,0.17134418840005886,0.10813678601540914,0.1444034575511882,0.11784942336323986,0.18000506413723552,-0.137422403667446,-0.04850986738943369,-0.017258728686327794,-0.17835580758376676,-0.077130834955242,-0.14825203686724264,0.0,0,full
true72_forward,side=A_side|tfc=low|phase=q1,24,O3_A_C_boundary,0.05596413444937379,0.07692939286363963,0.12243245862036428,0.22018732521721557,0.16818126548545198,0.14933390608383643,0.13607533338816694,0.1268603183413251,-0.17506951007565794,-0.012434487052266944,0.19298721285094936,0.09868450668034519,0.057084353735110206,0.024542710064689093,0.0,0,full
true72_forward,side=B_side|tfc=mid|phase=q4,39,O5_full_TFC,-0.0036222133651574364,0.14476475007593692,0.14343285204577136,0.12851183279351436,0.12174554342709092,0.15974731000313186,0.1568694533106851,0.14492825834386946,-0.00039509341399410414,-0.0036301489866470073,-0.042076253046514925,-0.06100699252949182,0.03407404153496824,0.027711285678882636,0.0,0,full
true72_forward,side=B_side|tfc=low|phase=q4,41,O7_suppress_event,-0.07975448438635038,0.12977490859568525,0.1555133811010217,0.10385161659430593,0.1649859879220556,0.14259488950730967,0.12107437660314183,0.18220483967648013,-0.11876552433504513,-0.055439918414642374,-0.19675895052931322,-0.03474484940590355,-0.08579335713611425,-0.14305427761984724,0.0,1,full
true72_forward,side=A_side|tfc=low|phase=q1,26,O3_A_C_boundary,-0.014987302375433323,0.09154415219125651,0.12124989504186232,0.18942159161538025,0.13044019749410488,0.15817852389366877,0.15681888259983726,0.15234675716388996,-0.17826823919191048,-0.07990694445527888,0.07623558409812228,-0.054335524176053154,0.013147775712460081,0.010126306974030231,0.0,1,full
true72_forward,side=A_side|tfc=high|phase=q4,33,O3_A_C_boundary,0.00158874688218324,0.15451555406238868,0.12062173100117271,0.17774932246550434,0.1393037170825283,0.17465258042931966,0.08779367197789735,0.14536342298118882,0.021370227445279857,-0.06530212966522574,0.07039804969268292,-0.014903142685705617,0.06424662086187934,-0.17648664152480487,0.0,1,full
true72_forward,side=B_side|tfc=high|phase=q1,45,O1_lag0_AB,0.031017878161711296,0.19491966023752422,0.14966153797837006,0.1284736342869893,0.14184140037784518,0.1332558578535172,0.11950562055855507,0.13234228870719897,0.13551853430753968,0.04304463397575496,-0.01038378598001441,0.024261255227201774,0.0024077763070108715,-0.03570989042300382,0.0,1,full
true72_forward,side=B_side|tfc=high|phase=q4,42,O5_full_TFC,0.24302549122784609,0.1658221481577196,0.14868338349728744,0.12870807434650114,0.0987500782689142,0.26978239776119056,0.11121123210854854,0.07704268585983846,0.26829466555241704,0.23011081520401852,0.17961552710541387,0.08688139820832358,0.43863962442053633,0.12847511418625798,0.0,1,full
true72_forward,side=B_side|tfc=low|phase=q1,38,O4_B_C_boundary,-0.04788589344089574,0.10044829044650812,0.13586686022723746,0.13484832123083537,0.1940612842864482,0.1186316520135074,0.14904218789554272,0.1671014038999207,-0.17813521773427135,-0.07242388993206374,-0.07505758287049127,0.05235060965405525,-0.11990212702315389,-0.04003000085495839,0.0,1,full
true72_forward,side=B_side|tfc=mid|phase=q4,39,O6_phase_only,-0.030015432857827106,0.13431952845474832,0.1604652767538706,0.11521419285057644,0.11091999123465768,0.15329335411254394,0.16837240486875876,0.15741525172484427,-0.05553300445259931,0.0067166210271855185,-0.1092330003305426,-0.1225273306026387,-0.00928682873660839,0.023551847426059012,0.0,1,full
true72_forward,side=B_side|tfc=mid|phase=q1,50,O6_phase_only,-0.010255048571046461,0.161952990347712,0.12858765695663063,0.11887739449709649,0.14893811321539235,0.12637157950798764,0.16709548403747207,0.1481767814377088,0.03111502798433433,-0.04962832106731232,-0.07710967826851119,0.0017936946964960897,-0.055712796776195075,0.042055782860078494,0.0,1,full
true72_forward,side=A_side|tfc=mid|phase=q4,26,O7_suppress_event,-0.1346294231289572,0.11518291047539139,0.0982734037002095,0.12949184048453496,0.15684912976040627,0.1343844258271263,0.14986357539891426,0.21595471435341734,-0.2199915687348883,-0.2755603556821806,-0.17900780051665668,-0.1119245202386547,-0.16602746573701038,-0.12787017145702556,0.0,1,full
true72_forward,side=A_side|tfc=low|phase=q4,24,O3_A_C_boundary,0.0686347388927562,0.100037961390137,0.13681033198514292,0.20811088672213549,0.13656186061353018,0.12881023113052784,0.16923406127385962,0.12043466688466686,-0.06494519307920037,0.044620837162068806,0.19143726858331997,0.04398459831724943,0.023531487837344947,0.11906135930892921,0.0,1,full
true72_forward,side=A_side|tfc=high|phase=q1,26,O1_lag0_AB,0.1732531330325227,0.21691009197095434,0.13504285355454496,0.19300829645469814,0.11050669834166824,0.14034051180132834,0.11329959562684061,0.09089195224996525,0.30443401863361436,0.13857224452543662,0.2635715990714173,0.06839163605293316,0.15204008173351338,0.07712744753669928,0.0,1,full
true72_forward,side=A_side|tfc=mid|phase=q1,17,O2_lag5_AB,0.05632660101329384,0.1414042587520223,0.17495949440983907,0.1494842254261375,0.14210947758687237,0.1484620094734407,0.12111613548236158,0.12246439886932635,0.05033087682357232,0.12485694212106478,0.06977967690682231,0.05207207712270641,0.0673780557730358,-0.0038746692637264693,0.0,1,full
true72_forward,side=B_side|tfc=low|phase=q4,43,O4_B_C_boundary,-0.01524651976098319,0.15127589044709666,0.15894381112744838,0.10114517613559981,0.16850966054453115,0.13459970627693674,0.13469055786345607,0.15083519760493103,0.0010210985975634193,0.01832702074729564,-0.13987083667804523,0.038781836292595205,-0.03985890971688124,-0.03962274777029398,0.0,2,full
true72_forward,side=A_side|tfc=low|phase=q1,25,O6_phase_only,-0.042746760665970336,0.07900083530836084,0.12827195319946896,0.16075733063873834,0.11594167652772472,0.14732630612118117,0.20164730524984392,0.16705459295468222,-0.26210178294331027,-0.09245880646410405,-0.013448644337900368,-0.12783168538134576,-0.043984768328742055,0.06586982318442094,0.0,2,full
true72_forward,side=A_side|tfc=high|phase=q4,25,O5_full_TFC,0.08047978676783302,0.1495555440282112,0.11425766192439556,0.1377521459232176,0.16738185196853692,0.22688999302233737,0.08580720522359163,0.11835559790970976,0.0818909774663366,-0.012333140448100788,0.053116837145024,0.1213044372890522,0.22777007866333773,-0.11255672908400718,0.0,2,full
true72_forward,side=B_side|tfc=high|phase=q1,40,O1_lag0_AB,0.004587007758436026,0.20289840548800253,0.13533867298776925,0.1403639551237222,0.13156859003244428,0.128678008109332,0.11804595832479693,0.143106409933933,0.12219091823496889,-0.019532853626320828,-0.006772412571766933,-0.029421058138430246,-0.03719633963795172,-0.06738005854304761,0.0,2,full
true72_forward,side=B_side|tfc=high|phase=q4,41,O5_full_TFC,0.16481026375925525,0.17336571714592036,0.12897304599847828,0.11793172137971274,0.08788603462887865,0.30613056827985263,0.08624739715341112,0.09946551541374624,0.1944573154331298,0.09092735100585757,0.05960318674873477,-0.04331953192331059,0.39347024476675263,-0.0499068947339513,0.0,2,full
true72_forward,side=B_side|tfc=low|phase=q1,39,O4_B_C_boundary,0.004703566355577437,0.10122385430553492,0.12892243976581794,0.1346782567221774,0.19911952827425386,0.1183837280367896,0.17346281173701888,0.14420938115840745,-0.1238761425136017,-0.03921935426293057,-0.02393217013371269,0.11292365339226261,-0.06906724944988855,0.06464393443455785,0.0,2,full
true72_forward,side=B_side|tfc=mid|phase=q4,36,O2_lag5_AB,-0.0050088540010310555,0.15562140847821987,0.16505447992336128,0.11873882223493158,0.13175330929283313,0.15027953202576408,0.132854975449823,0.14569747259506702,0.023062837870390922,0.04366013201976252,-0.0716121197672311,-0.035210371467617706,0.010837659094944373,-0.032295985145850796,0.0,2,full
true72_forward,side=B_side|tfc=mid|phase=q1,50,O6_phase_only,-0.002730614265125334,0.15295200459108088,0.1445590979547131,0.11826792847068948,0.1336601580252355,0.12929327743103547,0.17624798488107912,0.1450195486461663,0.01863946878981247,-0.001113050839351125,-0.07137057225517163,-0.02854883752278582,-0.04017484071393639,0.0682582098608696,0.0,2,full
true72_forward,side=A_side|tfc=mid|phase=q4,24,O7_suppress_event,-0.09249175821804269,0.09852283803630708,0.09658584868096232,0.14126240537077692,0.1787676014013388,0.16046671837728313,0.13279720064557246,0.19159738748775942,-0.2327877477319673,-0.239737397795412,-0.10667196343948762,-0.024258354434305286,-0.06205838494456914,-0.12830057550044452,0.0,2,full
true72_forward,side=A_side|tfc=low|phase=q4,32,O3_A_C_boundary,0.12216552890000054,0.1093908628985964,0.17849327501638906,0.19442065167775247,0.1499738979717804,0.1393401478515458,0.12514810290563047,0.1032330616783054,0.02027836983759376,0.19164661554163356,0.22156223335851222,0.13071523450695585,0.10497510934566484,0.06737804232489139,0.0,2,full
true72_forward,side=A_side|tfc=high|phase=q1,22,O1_lag0_AB,0.18794798592090542,0.18832872177004503,0.14323734912938557,0.16514081832085328,0.10249355292980536,0.15192230804304918,0.1628856693084088,0.08599158049845279,0.27437884800259327,0.17858877686370084,0.22839220740445365,0.06144267782603685,0.19919195400941367,0.22357970219691525,0.0,2,full
true72_forward,side=A_side|tfc=mid|phase=q1,20,O3_A_C_boundary,-0.02316004229901531,0.11866497273219527,0.17427869157421436,0.18057065554844992,0.10997257978250956,0.13786220816065986,0.12354784799329024,0.15510304420868082,-0.09372493551039678,0.04079809868077777,0.053211356547156884,-0.12035052307921819,-0.04124225092402413,-0.07961141412133281,0.0,2,full
true72_forward,side=B_side|tfc=low|phase=q4,48,O4_B_C_boundary,-0.02843887430510138,0.13729954117122375,0.15486133512935873,0.10254312965866778,0.1779442273280696,0.13774580106636367,0.13278167285856904,0.15682429278774726,-0.04653636870344805,-0.004408571987056802,-0.1486948880112848,0.04422045150848636,-0.04540062069124258,-0.05824693086582708,0.0,3,full
true72_forward,side=A_side|tfc=low|phase=q1,19,O6_phase_only,0.028640176325365953,0.08617758583175807,0.16155295950406884,0.13898367991108523,0.11318926974075147,0.1817449787251747,0.1829930075550617,0.13535851873210003,-0.15803089187248628,0.061917120618022285,0.009250347015308472,-0.06260295356870205,0.10313713761230806,0.10553234629166278,0.0,3,full
true72_forward,side=A_side|tfc=high|phase=q4,30,O5_full_TFC,0.0574201504816496,0.1743493520851597,0.11941965949707607,0.17373529222956158,0.1419749197661862,0.1977097296225392,0.06603956284221638,0.12677148395726093,0.11153622555483783,-0.020909800441433767,0.11030134676359585,0.03964250284832429,0.1555448356894327,-0.22824624457093226,0.0,3,full
true72_forward,side=B_side|tfc=high|phase=q1,39,O1_lag0_AB,-0.00012438714649809892,0.20516281195598934,0.14364245636571363,0.12161221904778662,0.11736952349582679,0.13288612902356345,0.13401221691176315,0.14531464319935702,0.12071588340574688,-0.004050926079443678,-0.062322363074171924,-0.07475092321001611,-0.03129306454062224,-0.028339632227660443,0.0,3,full
true72_forward,side=B_side|tfc=high|phase=q4,33,O5_full_TFC,0.31583531365787487,0.17799053914091775,0.13734707985042494,0.09980537519938551,0.09426339858872375,0.3389025618161499,0.08394261932330373,0.06774842608109445,0.33807520941992153,0.24734847320952474,0.13559728467800075,0.11560211183580155,0.5634689933528187,0.07501628186967159,0.0,3,full
true72_forward,side=B_side|tfc=low|phase=q1,44,O7_suppress_event,-0.07991895148709414,0.09005220531537958,0.14465685715826834,0.11995293972327287,0.17940231747050836,0.11227145884236699,0.16889482690244595,0.18476939458775798,-0.2515516396990454,-0.08566043371129989,-0.15120316221449395,-0.010317182523354436,-0.17436609867247166,-0.031441317814439484,0.0,3,full
true72_forward,side=B_side|tfc=mid|phase=q4,38,O6_phase_only,0.012189479156585824,0.14943277587375234,0.15844149936633165,0.11588327921463533,0.11774229181113774,0.1483192912381329,0.17099402070962813,0.13918684178638205,0.02486029558617983,0.04534887699303879,-0.06413181080916001,-0.05856163166268136,0.02224253750987007,0.0720339806358583,0.0,3,full
true72_forward,side=B_side|tfc=mid|phase=q1,52,O6_phase_only,-0.020891930626431125,0.1401512388170885,0.13826522219047438,0.11943790143989198,0.1378610257787545,0.13080637981743223,0.1806624288047512,0.1528158031516072,-0.030278912424946146,-0.03502084409257225,-0.08625284922423376,-0.03604551194784576,-0.05443027868437706,0.05858893619058817,0.0,3,full
true72_forward,side=A_side|tfc=mid|phase=q4,23,O7_suppress_event,-0.2005723156105317,0.11194942007942806,0.10189364099653513,0.11090331651000936,0.12756143884235024,0.1473271373462109,0.13146126553435875,0.26890378069110754,-0.3067072610559826,-0.3396484311804445,-0.3099931882939297,-0.2610144254229034,-0.21059432964584793,-0.2504744807122794,0.0,3,full
true72_forward,side=A_side|tfc=low|phase=q4,27,O2_lag5_AB,0.11644599054162116,0.1182127593049234,0.20585876687041582,0.15118492800856756,0.13938488308723573,0.13960635030702867,0.1412083103171942,0.10454400210463458,0.0430072966183355,0.23715379813766763,0.12911350226024532,0.10067084796758678,0.10122651806708041,0.10521984295013338,0.0,3,full
true72_forward,side=A_side|tfc=high|phase=q1,19,O1_lag0_AB,0.3784356760422615,0.22334345580268722,0.16786014621339154,0.1767163409707129,0.12744045784674096,0.15309494560621592,0.09947646497357515,0.05206818858667635,0.50965479902795,0.40970194690944456,0.42769708629671616,0.3132832778994416,0.3774764384701145,0.22657841665521714,0.0,3,full
true72_forward,side=A_side|tfc=mid|phase=q1,22,O3_A_C_boundary,-0.028674780633181053,0.11903444260855152,0.16413003759222214,0.17303669417914647,0.11951175370391642,0.14493195416793261,0.122617829748646,0.15673728799958483,-0.0963053679049541,0.01613078139749543,0.034626409354356985,-0.09490472426518827,-0.027407354891036483,-0.0859245225142561,0.0,3,full
true72_forward,side=B_side|tfc=low|phase=q4,39,O7_suppress_event,-0.04796734829951768,0.12363053014420067,0.1498125302563288,0.11345359567686757,0.15493622593269582,0.16181436388580073,0.13108801405532913,0.16526474004877723,-0.10158790287526959,-0.03435738567719357,-0.13165416900142263,-0.022587280301885893,-0.007384613945913206,-0.08108789941475059,0.0,4,full
true72_forward,side=A_side|tfc=low|phase=q1,26,O3_A_C_boundary,-0.007985706549927557,0.10184907915410094,0.12556492725506116,0.1941407982616276,0.13130013506577043,0.13059258847208668,0.1675825146919769,0.14896995709937622,-0.13308839389115684,-0.059822588689764616,0.09269365162721668,-0.04419059589733185,-0.046081766503049376,0.041205919853751785,0.0,4,full
true72_forward,side=A_side|tfc=high|phase=q4,27,O5_full_TFC,0.09533853798925812,0.18731388030128734,0.11865111215420364,0.16809619005460064,0.12281821071214391,0.2156064857102384,0.0729192128801016,0.11459490818742447,0.17198381966721693,0.012174394442377577,0.13409655114904398,0.02425567490520317,0.22121804201248765,-0.15821792583126598,0.0,4,full
true72_forward,side=B_side|tfc=high|phase=q1,36,O1_lag0_AB,0.03676670118425114,0.20910538566511563,0.13574260933916857,0.12218360477488033,0.14582746691650575,0.13020651375620984,0.1260749130995016,0.1308595064486184,0.16404992963656556,0.012822682712799294,-0.024009792535642487,0.037904969069178965,-0.001750882162176004,-0.013036799702369052,0.0,4,full
true72_forward,side=B_side|tfc=high|phase=q4,41,O5_full_TFC,0.12529652314254663,0.1864479476787102,0.13080512770042513,0.10573958421161735,0.08793643522920118,0.27857369107788266,0.10171527104889742,0.10878194305326605,0.18858236010084495,0.06452714967758155,-0.009928113104541059,-0.07445589533575664,0.3291180438781524,-0.023508767266606334,0.0,4,full
true72_forward,side=B_side|tfc=low|phase=q1,42,O4_B_C_boundary,-0.015543815637481227,0.08614712325928052,0.1448925882930591,0.13165622976569713,0.19353815692473203,0.11773628680796061,0.17254959845349074,0.15348001649577978,-0.2021298309351741,-0.020152186367318012,-0.05368165857888528,0.0811665097537443,-0.09279308744028358,0.04099002234350509,0.0,4,full
true72_forward,side=B_side|tfc=mid|phase=q4,44,O6_phase_only,0.03429631098078505,0.12532484478240055,0.15195123061139668,0.1387911263864018,0.13359621820535164,0.14362043247736134,0.17641320194093923,0.13030294559614877,-0.013633537928757745,0.05379413479397939,0.022087808734752364,0.008735952300891879,0.03405914533004775,0.106038412048934,0.0,4,full
true72_forward,side=B_side|tfc=mid|phase=q1,47,O6_phase_only,-0.008382248102551507,0.13690563798909677,0.13844074072967733,0.11571710790260875,0.15018898039129558,0.131562683572026,0.1796815746220623,0.14750327479323336,-0.02609546198321198,-0.022192802877687365,-0.08494566147405631,0.00631539750827392,-0.04002843541336394,0.06906755691855705,0.0,4,full
true72_forward,side=A_side|tfc=mid|phase=q4,24,O7_suppress_event,-0.11672382801380758,0.09211860674348633,0.10137487476849323,0.17899467014149054,0.13454375565340781,0.1697451946479152,0.1158007641047205,0.20742213394048636,-0.28408767122843276,-0.2505757569070504,-0.051589993515928814,-0.15150329045108077,-0.0701601437230864,-0.20400969663276403,0.0,4,full
true72_forward,side=A_side|tfc=low|phase=q4,27,O3_A_C_boundary,0.12308843670761069,0.10074600584522285,0.1402248337359276,0.21941005041030978,0.1539913211927372,0.14049578277692254,0.14147266405727424,0.10365934198160587,-0.00997759317242983,0.10574799368346045,0.2624413366816107,0.1385251980158847,0.10642362766413943,0.10884879132996501,0.0,4,full
true72_forward,side=A_side|tfc=high|phase=q1,24,O1_lag0_AB,0.20051218113058455,0.20868370626363308,0.15804059179072386,0.1804026658459516,0.09351263517826504,0.13392327809815707,0.14135756984412123,0.08407955297914807,0.3181697149985297,0.22088097505526638,0.26719979124815424,0.03721660348695505,0.16292628608662746,0.18183522933343785,0.0,4,full
true72_forward,side=A_side|tfc=mid|phase=q1,22,O7_suppress_event,-0.10526191682014355,0.10957835749909131,0.1408578055844529,0.1683128956615567,0.12682197645964022,0.1375907942960503,0.12028984948926702,0.1965483210099416,-0.20449394790502506,-0.11660508966030979,-0.05427925587057625,-0.15334338831451924,-0.12481850086417544,-0.1718514233636997,0.0,4,full
true72_forward,side=B_side|tfc=high|phase=q1,40,O1_lag0_AB,-0.027779344773739393,0.19663810977861074,0.13070843952105202,0.1302346097792283,0.12517245956702647,0.13374671367992175,0.12678912045321294,0.156710547220948,0.07943760219852752,-0.06350094282643429,-0.06477202931336191,-0.07864779737622428,-0.0554584242120986,-0.07415632629404592,0.0,0,core_5
true72_forward,side=A_side|tfc=high|phase=q4,33,O5_full_TFC,0.05247666182361356,0.1662480329507343,0.11607073229129597,0.17470633773458621,0.1282314909501342,0.20651107634214474,0.08049631363527496,0.12773601609582969,0.09223028064065532,-0.03351809777277841,0.10959925698847385,0.0013549877294988912,0.16813590128208708,-0.16161402950721207,0.0,0,core_5
true72_forward,side=A_side|tfc=low|phase=q4,30,O3_A_C_boundary,0.09423885323726836,0.10559643946211347,0.16935010418483926,0.18443621457251985,0.1465752015845212,0.1320474524906024,0.15090784113370612,0.11108674657169776,-0.01774036013986154,0.147579879202771,0.17744730026999442,0.09702952749111181,0.06049748243188028,0.10722527554486073,0.0,0,core_5
true72_forward,side=A_side|tfc=high|phase=q1,25,O1_lag0_AB,0.17612847282173194,0.2258057934742144,0.1265314331415369,0.17589484965492982,0.10769893304183316,0.13060434651254757,0.14343711801869058,0.09002752615624762,0.3218459437145672,0.11913135180926943,0.23441981556169997,0.06272847266098659,0.1302199596760781,0.16302344360799345,0.0,0,core_5
true72_forward,side=B_side|tfc=high|phase=q4,39,O5_full_TFC,0.09646218173180433,0.1909177888214945,0.13424575420431914,0.1283474830405189,0.10148005580425207,0.2210530036094101,0.11102517195744088,0.11293074256256437,0.18377386203101778,0.06051408079951849,0.04478829735204908,-0.03741935697587047,0.23506972123641795,-0.0059562241000819215,0.0,0,core_5
true72_forward,side=B_side|tfc=low|phase=q1,37,O7_suppress_event,-0.10591891965430247,0.09292393474406961,0.12198622816317899,0.11220632879834347,0.17593968862340706,0.10292321626190347,0.1921130379128991,0.20190756549619818,-0.27161006026369544,-0.17636564458291012,-0.20561470937641,-0.04818405832941358,-0.23583936567714275,-0.017404120369965845,0.0,0,core_5
true72_forward,side=A_side|tfc=mid|phase=q4,23,O7_suppress_event,-0.15484575812174967,0.10976013058645011,0.08892950822306449,0.14758347776819264,0.14436915261834907,0.13494610284287525,0.14316015749991498,0.23125147046115355,-0.26082293349036056,-0.33448160258097337,-0.15718911896185103,-0.16489625460425741,-0.18852059611088726,-0.16783961217064358,0.0,0,core_5
true72_forward,side=B_side|tfc=mid|phase=q1,41,O6_phase_only,-0.027459859918151207,0.1491731955354908,0.13416300618327806,0.1303450349048964,0.13306089102153634,0.12784872106771175,0.17010119903268034,0.15530795225440636,-0.014105671146318262,-0.0512240434617003,-0.06132870990287402,-0.0541110793728564,-0.06809678270392924,0.03184426481636225,0.0,0,core_5
true72_forward,side=B_side|tfc=low|phase=q4,29,O4_B_C_boundary,-0.015457455390010854,0.13902378203524537,0.15476698718164963,0.09109445224673589,0.19505757316648858,0.11280694884704945,0.15430602176620703,0.15294423475662408,-0.033399927387569826,0.004146555375459258,-0.18136176493008738,0.08512748501442868,-0.1065384025364781,0.0031025430524070706,0.0,0,core_5
true72_forward,side=A_side|tfc=mid|phase=q1,23,O7_suppress_event,-0.07515936756951867,0.12155289836734905,0.15670818216551932,0.17134418840005886,0.10813678601540914,0.1444034575511882,0.11784942336323986,0.18000506413723552,-0.137422403667446,-0.04850986738943369,-0.017258728686327794,-0.17835580758376676,-0.077130834955242,-0.14825203686724264,0.0,0,core_5
true72_forward,side=A_side|tfc=low|phase=q1,24,O3_A_C_boundary,0.05596413444937379,0.07692939286363963,0.12243245862036428,0.22018732521721557,0.16818126548545198,0.14933390608383643,0.13607533338816694,0.1268603183413251,-0.17506951007565794,-0.012434487052266944,0.19298721285094936,0.09868450668034519,0.057084353735110206,0.024542710064689093,0.0,0,core_5
true72_forward,side=B_side|tfc=mid|phase=q4,39,O5_full_TFC,-0.0036222133651574364,0.14476475007593692,0.14343285204577136,0.12851183279351436,0.12174554342709092,0.15974731000313186,0.1568694533106851,0.14492825834386946,-0.00039509341399410414,-0.0036301489866470073,-0.042076253046514925,-0.06100699252949182,0.03407404153496824,0.027711285678882636,0.0,0,core_5
true72_forward,side=B_side|tfc=low|phase=q4,41,O7_suppress_event,-0.07975448438635038,0.12977490859568525,0.1555133811010217,0.10385161659430593,0.1649859879220556,0.14259488950730967,0.12107437660314183,0.18220483967648013,-0.11876552433504513,-0.055439918414642374,-0.19675895052931322,-0.03474484940590355,-0.08579335713611425,-0.14305427761984724,0.0,1,core_5
true72_forward,side=A_side|tfc=low|phase=q1,26,O3_A_C_boundary,-0.014987302375433323,0.09154415219125651,0.12124989504186232,0.18942159161538025,0.13044019749410488,0.15817852389366877,0.15681888259983726,0.15234675716388996,-0.17826823919191048,-0.07990694445527888,0.07623558409812228,-0.054335524176053154,0.013147775712460081,0.010126306974030231,0.0,1,core_5
true72_forward,side=A_side|tfc=high|phase=q4,33,O3_A_C_boundary,0.00158874688218324,0.15451555406238868,0.12062173100117271,0.17774932246550434,0.1393037170825283,0.17465258042931966,0.08779367197789735,0.14536342298118882,0.021370227445279857,-0.06530212966522574,0.07039804969268292,-0.014903142685705617,0.06424662086187934,-0.17648664152480487,0.0,1,core_5
true72_forward,side=B_side|tfc=high|phase=q1,45,O1_lag0_AB,0.031017878161711296,0.19491966023752422,0.14966153797837006,0.1284736342869893,0.14184140037784518,0.1332558578535172,0.11950562055855507,0.13234228870719897,0.13551853430753968,0.04304463397575496,-0.01038378598001441,0.024261255227201774,0.0024077763070108715,-0.03570989042300382,0.0,1,core_5
true72_forward,side=B_side|tfc=high|phase=q4,42,O5_full_TFC,0.24302549122784609,0.1658221481577196,0.14868338349728744,0.12870807434650114,0.0987500782689142,0.26978239776119056,0.11121123210854854,0.07704268585983846,0.26829466555241704,0.23011081520401852,0.17961552710541387,0.08688139820832358,0.43863962442053633,0.12847511418625798,0.0,1,core_5
true72_forward,side=B_side|tfc=low|phase=q1,38,O4_B_C_boundary,-0.04788589344089574,0.10044829044650812,0.13586686022723746,0.13484832123083537,0.1940612842864482,0.1186316520135074,0.14904218789554272,0.1671014038999207,-0.17813521773427135,-0.07242388993206374,-0.07505758287049127,0.05235060965405525,-0.11990212702315389,-0.04003000085495839,0.0,1,core_5
true72_forward,side=B_side|tfc=mid|phase=q4,39,O6_phase_only,-0.030015432857827106,0.13431952845474832,0.1604652767538706,0.11521419285057644,0.11091999123465768,0.15329335411254394,0.16837240486875876,0.15741525172484427,-0.05553300445259931,0.0067166210271855185,-0.1092330003305426,-0.1225273306026387,-0.00928682873660839,0.023551847426059012,0.0,1,core_5
true72_forward,side=B_side|tfc=mid|phase=q1,50,O6_phase_only,-0.010255048571046461,0.161952990347712,0.12858765695663063,0.11887739449709649,0.14893811321539235,0.12637157950798764,0.16709548403747207,0.1481767814377088,0.03111502798433433,-0.04962832106731232,-0.07710967826851119,0.0017936946964960897,-0.055712796776195075,0.042055782860078494,0.0,1,core_5
true72_forward,side=A_side|tfc=mid|phase=q4,26,O7_suppress_event,-0.1346294231289572,0.11518291047539139,0.0982734037002095,0.12949184048453496,0.15684912976040627,0.1343844258271263,0.14986357539891426,0.21595471435341734,-0.2199915687348883,-0.2755603556821806,-0.17900780051665668,-0.1119245202386547,-0.16602746573701038,-0.12787017145702556,0.0,1,core_5
true72_forward,side=A_side|tfc=low|phase=q4,24,O3_A_C_boundary,0.0686347388927562,0.100037961390137,0.13681033198514292,0.20811088672213549,0.13656186061353018,0.12881023113052784,0.16923406127385962,0.12043466688466686,-0.06494519307920037,0.044620837162068806,0.19143726858331997,0.04398459831724943,0.023531487837344947,0.11906135930892921,0.0,1,core_5
true72_forward,side=A_side|tfc=high|phase=q1,26,O1_lag0_AB,0.1732531330325227,0.21691009197095434,0.13504285355454496,0.19300829645469814,0.11050669834166824,0.14034051180132834,0.11329959562684061,0.09089195224996525,0.30443401863361436,0.13857224452543662,0.2635715990714173,0.06839163605293316,0.15204008173351338,0.07712744753669928,0.0,1,core_5
true72_forward,side=A_side|tfc=mid|phase=q1,17,O2_lag5_AB,0.05632660101329384,0.1414042587520223,0.17495949440983907,0.1494842254261375,0.14210947758687237,0.1484620094734407,0.12111613548236158,0.12246439886932635,0.05033087682357232,0.12485694212106478,0.06977967690682231,0.05207207712270641,0.0673780557730358,-0.0038746692637264693,0.0,1,core_5
true72_forward,side=B_side|tfc=low|phase=q4,43,O4_B_C_boundary,-0.01524651976098319,0.15127589044709666,0.15894381112744838,0.10114517613559981,0.16850966054453115,0.13459970627693674,0.13469055786345607,0.15083519760493103,0.0010210985975634193,0.01832702074729564,-0.13987083667804523,0.038781836292595205,-0.03985890971688124,-0.03962274777029398,0.0,2,core_5
true72_forward,side=A_side|tfc=low|phase=q1,25,O6_phase_only,-0.042746760665970336,0.07900083530836084,0.12827195319946896,0.16075733063873834,0.11594167652772472,0.14732630612118117,0.20164730524984392,0.16705459295468222,-0.26210178294331027,-0.09245880646410405,-0.013448644337900368,-0.12783168538134576,-0.043984768328742055,0.06586982318442094,0.0,2,core_5
true72_forward,side=A_side|tfc=high|phase=q4,25,O5_full_TFC,0.08047978676783302,0.1495555440282112,0.11425766192439556,0.1377521459232176,0.16738185196853692,0.22688999302233737,0.08580720522359163,0.11835559790970976,0.0818909774663366,-0.012333140448100788,0.053116837145024,0.1213044372890522,0.22777007866333773,-0.11255672908400718,0.0,2,core_5
true72_forward,side=B_side|tfc=high|phase=q1,40,O1_lag0_AB,0.004587007758436026,0.20289840548800253,0.13533867298776925,0.1403639551237222,0.13156859003244428,0.128678008109332,0.11804595832479693,0.143106409933933,0.12219091823496889,-0.019532853626320828,-0.006772412571766933,-0.029421058138430246,-0.03719633963795172,-0.06738005854304761,0.0,2,core_5
true72_forward,side=B_side|tfc=high|phase=q4,41,O5_full_TFC,0.16481026375925525,0.17336571714592036,0.12897304599847828,0.11793172137971274,0.08788603462887865,0.30613056827985263,0.08624739715341112,0.09946551541374624,0.1944573154331298,0.09092735100585757,0.05960318674873477,-0.04331953192331059,0.39347024476675263,-0.0499068947339513,0.0,2,core_5
true72_forward,side=B_side|tfc=low|phase=q1,39,O4_B_C_boundary,0.004703566355577437,0.10122385430553492,0.12892243976581794,0.1346782567221774,0.19911952827425386,0.1183837280367896,0.17346281173701888,0.14420938115840745,-0.1238761425136017,-0.03921935426293057,-0.02393217013371269,0.11292365339226261,-0.06906724944988855,0.06464393443455785,0.0,2,core_5
true72_forward,side=B_side|tfc=mid|phase=q4,36,O2_lag5_AB,-0.0050088540010310555,0.15562140847821987,0.16505447992336128,0.11873882223493158,0.13175330929283313,0.15027953202576408,0.132854975449823,0.14569747259506702,0.023062837870390922,0.04366013201976252,-0.0716121197672311,-0.035210371467617706,0.010837659094944373,-0.032295985145850796,0.0,2,core_5
true72_forward,side=B_side|tfc=mid|phase=q1,50,O6_phase_only,-0.002730614265125334,0.15295200459108088,0.1445590979547131,0.11826792847068948,0.1336601580252355,0.12929327743103547,0.17624798488107912,0.1450195486461663,0.01863946878981247,-0.001113050839351125,-0.07137057225517163,-0.02854883752278582,-0.04017484071393639,0.0682582098608696,0.0,2,core_5
true72_forward,side=A_side|tfc=mid|phase=q4,24,O7_suppress_event,-0.09249175821804269,0.09852283803630708,0.09658584868096232,0.14126240537077692,0.1787676014013388,0.16046671837728313,0.13279720064557246,0.19159738748775942,-0.2327877477319673,-0.239737397795412,-0.10667196343948762,-0.024258354434305286,-0.06205838494456914,-0.12830057550044452,0.0,2,core_5
true72_forward,side=A_side|tfc=low|phase=q4,32,O3_A_C_boundary,0.12216552890000054,0.1093908628985964,0.17849327501638906,0.19442065167775247,0.1499738979717804,0.1393401478515458,0.12514810290563047,0.1032330616783054,0.02027836983759376,0.19164661554163356,0.22156223335851222,0.13071523450695585,0.10497510934566484,0.06737804232489139,0.0,2,core_5
true72_forward,side=A_side|tfc=high|phase=q1,22,O1_lag0_AB,0.18794798592090542,0.18832872177004503,0.14323734912938557,0.16514081832085328,0.10249355292980536,0.15192230804304918,0.1628856693084088,0.08599158049845279,0.27437884800259327,0.17858877686370084,0.22839220740445365,0.06144267782603685,0.19919195400941367,0.22357970219691525,0.0,2,core_5
true72_forward,side=A_side|tfc=mid|phase=q1,20,O3_A_C_boundary,-0.02316004229901531,0.11866497273219527,0.17427869157421436,0.18057065554844992,0.10997257978250956,0.13786220816065986,0.12354784799329024,0.15510304420868082,-0.09372493551039678,0.04079809868077777,0.053211356547156884,-0.12035052307921819,-0.04124225092402413,-0.07961141412133281,0.0,2,core_5
true72_forward,side=B_side|tfc=low|phase=q4,48,O4_B_C_boundary,-0.02843887430510138,0.13729954117122375,0.15486133512935873,0.10254312965866778,0.1779442273280696,0.13774580106636367,0.13278167285856904,0.15682429278774726,-0.04653636870344805,-0.004408571987056802,-0.1486948880112848,0.04422045150848636,-0.04540062069124258,-0.05824693086582708,0.0,3,core_5
true72_forward,side=A_side|tfc=low|phase=q1,19,O6_phase_only,0.028640176325365953,0.08617758583175807,0.16155295950406884,0.13898367991108523,0.11318926974075147,0.1817449787251747,0.1829930075550617,0.13535851873210003,-0.15803089187248628,0.061917120618022285,0.009250347015308472,-0.06260295356870205,0.10313713761230806,0.10553234629166278,0.0,3,core_5
true72_forward,side=A_side|tfc=high|phase=q4,30,O5_full_TFC,0.0574201504816496,0.1743493520851597,0.11941965949707607,0.17373529222956158,0.1419749197661862,0.1977097296225392,0.06603956284221638,0.12677148395726093,0.11153622555483783,-0.020909800441433767,0.11030134676359585,0.03964250284832429,0.1555448356894327,-0.22824624457093226,0.0,3,core_5
true72_forward,side=B_side|tfc=high|phase=q1,39,O1_lag0_AB,-0.00012438714649809892,0.20516281195598934,0.14364245636571363,0.12161221904778662,0.11736952349582679,0.13288612902356345,0.13401221691176315,0.14531464319935702,0.12071588340574688,-0.004050926079443678,-0.062322363074171924,-0.07475092321001611,-0.03129306454062224,-0.028339632227660443,0.0,3,core_5
true72_forward,side=B_side|tfc=high|phase=q4,33,O5_full_TFC,0.31583531365787487,0.17799053914091775,0.13734707985042494,0.09980537519938551,0.09426339858872375,0.3389025618161499,0.08394261932330373,0.06774842608109445,0.33807520941992153,0.24734847320952474,0.13559728467800075,0.11560211183580155,0.5634689933528187,0.07501628186967159,0.0,3,core_5
true72_forward,side=B_side|tfc=low|phase=q1,44,O7_suppress_event,-0.07991895148709414,0.09005220531537958,0.14465685715826834,0.11995293972327287,0.17940231747050836,0.11227145884236699,0.16889482690244595,0.18476939458775798,-0.2515516396990454,-0.08566043371129989,-0.15120316221449395,-0.010317182523354436,-0.17436609867247166,-0.031441317814439484,0.0,3,core_5
true72_forward,side=B_side|tfc=mid|phase=q4,38,O6_phase_only,0.012189479156585824,0.14943277587375234,0.15844149936633165,0.11588327921463533,0.11774229181113774,0.1483192912381329,0.17099402070962813,0.13918684178638205,0.02486029558617983,0.04534887699303879,-0.06413181080916001,-0.05856163166268136,0.02224253750987007,0.0720339806358583,0.0,3,core_5
true72_forward,side=B_side|tfc=mid|phase=q1,52,O6_phase_only,-0.020891930626431125,0.1401512388170885,0.13826522219047438,0.11943790143989198,0.1378610257787545,0.13080637981743223,0.1806624288047512,0.1528158031516072,-0.030278912424946146,-0.03502084409257225,-0.08625284922423376,-0.03604551194784576,-0.05443027868437706,0.05858893619058817,0.0,3,core_5
true72_forward,side=A_side|tfc=mid|phase=q4,23,O7_suppress_event,-0.2005723156105317,0.11194942007942806,0.10189364099653513,0.11090331651000936,0.12756143884235024,0.1473271373462109,0.13146126553435875,0.26890378069110754,-0.3067072610559826,-0.3396484311804445,-0.3099931882939297,-0.2610144254229034,-0.21059432964584793,-0.2504744807122794,0.0,3,core_5
true72_forward,side=A_side|tfc=low|phase=q4,27,O2_lag5_AB,0.11644599054162116,0.1182127593049234,0.20585876687041582,0.15118492800856756,0.13938488308723573,0.13960635030702867,0.1412083103171942,0.10454400210463458,0.0430072966183355,0.23715379813766763,0.12911350226024532,0.10067084796758678,0.10122651806708041,0.10521984295013338,0.0,3,core_5
true72_forward,side=A_side|tfc=high|phase=q1,19,O1_lag0_AB,0.3784356760422615,0.22334345580268722,0.16786014621339154,0.1767163409707129,0.12744045784674096,0.15309494560621592,0.09947646497357515,0.05206818858667635,0.50965479902795,0.40970194690944456,0.42769708629671616,0.3132832778994416,0.3774764384701145,0.22657841665521714,0.0,3,core_5
true72_forward,side=A_side|tfc=mid|phase=q1,22,O3_A_C_boundary,-0.028674780633181053,0.11903444260855152,0.16413003759222214,0.17303669417914647,0.11951175370391642,0.14493195416793261,0.122617829748646,0.15673728799958483,-0.0963053679049541,0.01613078139749543,0.034626409354356985,-0.09490472426518827,-0.027407354891036483,-0.0859245225142561,0.0,3,core_5
true72_forward,side=B_side|tfc=low|phase=q4,39,O7_suppress_event,-0.04796734829951768,0.12363053014420067,0.1498125302563288,0.11345359567686757,0.15493622593269582,0.16181436388580073,0.13108801405532913,0.16526474004877723,-0.10158790287526959,-0.03435738567719357,-0.13165416900142263,-0.022587280301885893,-0.007384613945913206,-0.08108789941475059,0.0,4,core_5
true72_forward,side=A_side|tfc=low|phase=q1,26,O3_A_C_boundary,-0.007985706549927557,0.10184907915410094,0.12556492725506116,0.1941407982616276,0.13130013506577043,0.13059258847208668,0.1675825146919769,0.14896995709937622,-0.13308839389115684,-0.059822588689764616,0.09269365162721668,-0.04419059589733185,-0.046081766503049376,0.041205919853751785,0.0,4,core_5
true72_forward,side=A_side|tfc=high|phase=q4,27,O5_full_TFC,0.09533853798925812,0.18731388030128734,0.11865111215420364,0.16809619005460064,0.12281821071214391,0.2156064857102384,0.0729192128801016,0.11459490818742447,0.17198381966721693,0.012174394442377577,0.13409655114904398,0.02425567490520317,0.22121804201248765,-0.15821792583126598,0.0,4,core_5
true72_forward,side=B_side|tfc=high|phase=q1,36,O1_lag0_AB,0.03676670118425114,0.20910538566511563,0.13574260933916857,0.12218360477488033,0.14582746691650575,0.13020651375620984,0.1260749130995016,0.1308595064486184,0.16404992963656556,0.012822682712799294,-0.024009792535642487,0.037904969069178965,-0.001750882162176004,-0.013036799702369052,0.0,4,core_5
true72_forward,side=B_side|tfc=high|phase=q4,41,O5_full_TFC,0.12529652314254663,0.1864479476787102,0.13080512770042513,0.10573958421161735,0.08793643522920118,0.27857369107788266,0.10171527104889742,0.10878194305326605,0.18858236010084495,0.06452714967758155,-0.009928113104541059,-0.07445589533575664,0.3291180438781524,-0.023508767266606334,0.0,4,core_5
true72_forward,side=B_side|tfc=low|phase=q1,42,O4_B_C_boundary,-0.015543815637481227,0.08614712325928052,0.1448925882930591,0.13165622976569713,0.19353815692473203,0.11773628680796061,0.17254959845349074,0.15348001649577978,-0.2021298309351741,-0.020152186367318012,-0.05368165857888528,0.0811665097537443,-0.09279308744028358,0.04099002234350509,0.0,4,core_5
true72_forward,side=B_side|tfc=mid|phase=q4,44,O6_phase_only,0.03429631098078505,0.12532484478240055,0.15195123061139668,0.1387911263864018,0.13359621820535164,0.14362043247736134,0.17641320194093923,0.13030294559614877,-0.013633537928757745,0.05379413479397939,0.022087808734752364,0.008735952300891879,0.03405914533004775,0.106038412048934,0.0,4,core_5
true72_forward,side=B_side|tfc=mid|phase=q1,47,O6_phase_only,-0.008382248102551507,0.13690563798909677,0.13844074072967733,0.11571710790260875,0.15018898039129558,0.131562683572026,0.1796815746220623,0.14750327479323336,-0.02609546198321198,-0.022192802877687365,-0.08494566147405631,0.00631539750827392,-0.04002843541336394,0.06906755691855705,0.0,4,core_5
true72_forward,side=A_side|tfc=mid|phase=q4,24,O7_suppress_event,-0.11672382801380758,0.09211860674348633,0.10137487476849323,0.17899467014149054,0.13454375565340781,0.1697451946479152,0.1158007641047205,0.20742213394048636,-0.28408767122843276,-0.2505757569070504,-0.051589993515928814,-0.15150329045108077,-0.0701601437230864,-0.20400969663276403,0.0,4,core_5
true72_forward,side=A_side|tfc=low|phase=q4,27,O3_A_C_boundary,0.12308843670761069,0.10074600584522285,0.1402248337359276,0.21941005041030978,0.1539913211927372,0.14049578277692254,0.14147266405727424,0.10365934198160587,-0.00997759317242983,0.10574799368346045,0.2624413366816107,0.1385251980158847,0.10642362766413943,0.10884879132996501,0.0,4,core_5
true72_forward,side=A_side|tfc=high|phase=q1,24,O1_lag0_AB,0.20051218113058455,0.20868370626363308,0.15804059179072386,0.1804026658459516,0.09351263517826504,0.13392327809815707,0.14135756984412123,0.08407955297914807,0.3181697149985297,0.22088097505526638,0.26719979124815424,0.03721660348695505,0.16292628608662746,0.18183522933343785,0.0,4,core_5
true72_forward,side=A_side|tfc=mid|phase=q1,22,O7_suppress_event,-0.10526191682014355,0.10957835749909131,0.1408578055844529,0.1683128956615567,0.12682197645964022,0.1375907942960503,0.12028984948926702,0.1965483210099416,-0.20449394790502506,-0.11660508966030979,-0.05427925587057625,-0.15334338831451924,-0.12481850086417544,-0.1718514233636997,0.0,4,core_5
true72_forward,side=B_side|tfc=high|phase=q1,40,O1_lag0_AB,-0.027779344773739393,0.19663810977861074,0.13070843952105202,0.1302346097792283,0.12517245956702647,0.13374671367992175,0.12678912045321294,0.156710547220948,0.07943760219852752,-0.06350094282643429,-0.06477202931336191,-0.07864779737622428,-0.0554584242120986,-0.07415632629404592,0.0,0,no_phase_only
true72_forward,side=A_side|tfc=high|phase=q4,33,O5_full_TFC,0.05247666182361356,0.1662480329507343,0.11607073229129597,0.17470633773458621,0.1282314909501342,0.20651107634214474,0.08049631363527496,0.12773601609582969,0.09223028064065532,-0.03351809777277841,0.10959925698847385,0.0013549877294988912,0.16813590128208708,-0.16161402950721207,0.0,0,no_phase_only
true72_forward,side=A_side|tfc=low|phase=q4,30,O3_A_C_boundary,0.09423885323726836,0.10559643946211347,0.16935010418483926,0.18443621457251985,0.1465752015845212,0.1320474524906024,0.15090784113370612,0.11108674657169776,-0.01774036013986154,0.147579879202771,0.17744730026999442,0.09702952749111181,0.06049748243188028,0.10722527554486073,0.0,0,no_phase_only
true72_forward,side=A_side|tfc=high|phase=q1,25,O1_lag0_AB,0.17612847282173194,0.2258057934742144,0.1265314331415369,0.17589484965492982,0.10769893304183316,0.13060434651254757,0.14343711801869058,0.09002752615624762,0.3218459437145672,0.11913135180926943,0.23441981556169997,0.06272847266098659,0.1302199596760781,0.16302344360799345,0.0,0,no_phase_only
true72_forward,side=B_side|tfc=high|phase=q4,39,O5_full_TFC,0.09646218173180433,0.1909177888214945,0.13424575420431914,0.1283474830405189,0.10148005580425207,0.2210530036094101,0.11102517195744088,0.11293074256256437,0.18377386203101778,0.06051408079951849,0.04478829735204908,-0.03741935697587047,0.23506972123641795,-0.0059562241000819215,0.0,0,no_phase_only
true72_forward,side=B_side|tfc=low|phase=q1,37,O7_suppress_event,-0.10591891965430247,0.09292393474406961,0.12198622816317899,0.11220632879834347,0.17593968862340706,0.10292321626190347,0.1921130379128991,0.20190756549619818,-0.27161006026369544,-0.17636564458291012,-0.20561470937641,-0.04818405832941358,-0.23583936567714275,-0.017404120369965845,0.0,0,no_phase_only
true72_forward,side=A_side|tfc=mid|phase=q4,23,O7_suppress_event,-0.15484575812174967,0.10976013058645011,0.08892950822306449,0.14758347776819264,0.14436915261834907,0.13494610284287525,0.14316015749991498,0.23125147046115355,-0.26082293349036056,-0.33448160258097337,-0.15718911896185103,-0.16489625460425741,-0.18852059611088726,-0.16783961217064358,0.0,0,no_phase_only
true72_forward,side=B_side|tfc=mid|phase=q1,41,O6_phase_only,-0.027459859918151207,0.1491731955354908,0.13416300618327806,0.1303450349048964,0.13306089102153634,0.12784872106771175,0.17010119903268034,0.15530795225440636,-0.014105671146318262,-0.0512240434617003,-0.06132870990287402,-0.0541110793728564,-0.06809678270392924,0.03184426481636225,0.0,0,no_phase_only
true72_forward,side=B_side|tfc=low|phase=q4,29,O4_B_C_boundary,-0.015457455390010854,0.13902378203524537,0.15476698718164963,0.09109445224673589,0.19505757316648858,0.11280694884704945,0.15430602176620703,0.15294423475662408,-0.033399927387569826,0.004146555375459258,-0.18136176493008738,0.08512748501442868,-0.1065384025364781,0.0031025430524070706,0.0,0,no_phase_only
true72_forward,side=A_side|tfc=mid|phase=q1,23,O7_suppress_event,-0.07515936756951867,0.12155289836734905,0.15670818216551932,0.17134418840005886,0.10813678601540914,0.1444034575511882,0.11784942336323986,0.18000506413723552,-0.137422403667446,-0.04850986738943369,-0.017258728686327794,-0.17835580758376676,-0.077130834955242,-0.14825203686724264,0.0,0,no_phase_only
true72_forward,side=A_side|tfc=low|phase=q1,24,O3_A_C_boundary,0.05596413444937379,0.07692939286363963,0.12243245862036428,0.22018732521721557,0.16818126548545198,0.14933390608383643,0.13607533338816694,0.1268603183413251,-0.17506951007565794,-0.012434487052266944,0.19298721285094936,0.09868450668034519,0.057084353735110206,0.024542710064689093,0.0,0,no_phase_only
true72_forward,side=B_side|tfc=mid|phase=q4,39,O5_full_TFC,-0.0036222133651574364,0.14476475007593692,0.14343285204577136,0.12851183279351436,0.12174554342709092,0.15974731000313186,0.1568694533106851,0.14492825834386946,-0.00039509341399410414,-0.0036301489866470073,-0.042076253046514925,-0.06100699252949182,0.03407404153496824,0.027711285678882636,0.0,0,no_phase_only
true72_forward,side=B_side|tfc=low|phase=q4,41,O7_suppress_event,-0.07975448438635038,0.12977490859568525,0.1555133811010217,0.10385161659430593,0.1649859879220556,0.14259488950730967,0.12107437660314183,0.18220483967648013,-0.11876552433504513,-0.055439918414642374,-0.19675895052931322,-0.03474484940590355,-0.08579335713611425,-0.14305427761984724,0.0,1,no_phase_only
true72_forward,side=A_side|tfc=low|phase=q1,26,O3_A_C_boundary,-0.014987302375433323,0.09154415219125651,0.12124989504186232,0.18942159161538025,0.13044019749410488,0.15817852389366877,0.15681888259983726,0.15234675716388996,-0.17826823919191048,-0.07990694445527888,0.07623558409812228,-0.054335524176053154,0.013147775712460081,0.010126306974030231,0.0,1,no_phase_only
true72_forward,side=A_side|tfc=high|phase=q4,33,O3_A_C_boundary,0.00158874688218324,0.15451555406238868,0.12062173100117271,0.17774932246550434,0.1393037170825283,0.17465258042931966,0.08779367197789735,0.14536342298118882,0.021370227445279857,-0.06530212966522574,0.07039804969268292,-0.014903142685705617,0.06424662086187934,-0.17648664152480487,0.0,1,no_phase_only
true72_forward,side=B_side|tfc=high|phase=q1,45,O1_lag0_AB,0.031017878161711296,0.19491966023752422,0.14966153797837006,0.1284736342869893,0.14184140037784518,0.1332558578535172,0.11950562055855507,0.13234228870719897,0.13551853430753968,0.04304463397575496,-0.01038378598001441,0.024261255227201774,0.0024077763070108715,-0.03570989042300382,0.0,1,no_phase_only
true72_forward,side=B_side|tfc=high|phase=q4,42,O5_full_TFC,0.24302549122784609,0.1658221481577196,0.14868338349728744,0.12870807434650114,0.0987500782689142,0.26978239776119056,0.11121123210854854,0.07704268585983846,0.26829466555241704,0.23011081520401852,0.17961552710541387,0.08688139820832358,0.43863962442053633,0.12847511418625798,0.0,1,no_phase_only
true72_forward,side=B_side|tfc=low|phase=q1,38,O4_B_C_boundary,-0.04788589344089574,0.10044829044650812,0.13586686022723746,0.13484832123083537,0.1940612842864482,0.1186316520135074,0.14904218789554272,0.1671014038999207,-0.17813521773427135,-0.07242388993206374,-0.07505758287049127,0.05235060965405525,-0.11990212702315389,-0.04003000085495839,0.0,1,no_phase_only
true72_forward,side=B_side|tfc=mid|phase=q4,39,O6_phase_only,-0.030015432857827106,0.13431952845474832,0.1604652767538706,0.11521419285057644,0.11091999123465768,0.15329335411254394,0.16837240486875876,0.15741525172484427,-0.05553300445259931,0.0067166210271855185,-0.1092330003305426,-0.1225273306026387,-0.00928682873660839,0.023551847426059012,0.0,1,no_phase_only
true72_forward,side=B_side|tfc=mid|phase=q1,50,O6_phase_only,-0.010255048571046461,0.161952990347712,0.12858765695663063,0.11887739449709649,0.14893811321539235,0.12637157950798764,0.16709548403747207,0.1481767814377088,0.03111502798433433,-0.04962832106731232,-0.07710967826851119,0.0017936946964960897,-0.055712796776195075,0.042055782860078494,0.0,1,no_phase_only
true72_forward,side=A_side|tfc=mid|phase=q4,26,O7_suppress_event,-0.1346294231289572,0.11518291047539139,0.0982734037002095,0.12949184048453496,0.15684912976040627,0.1343844258271263,0.14986357539891426,0.21595471435341734,-0.2199915687348883,-0.2755603556821806,-0.17900780051665668,-0.1119245202386547,-0.16602746573701038,-0.12787017145702556,0.0,1,no_phase_only
true72_forward,side=A_side|tfc=low|phase=q4,24,O3_A_C_boundary,0.0686347388927562,0.100037961390137,0.13681033198514292,0.20811088672213549,0.13656186061353018,0.12881023113052784,0.16923406127385962,0.12043466688466686,-0.06494519307920037,0.044620837162068806,0.19143726858331997,0.04398459831724943,0.023531487837344947,0.11906135930892921,0.0,1,no_phase_only
true72_forward,side=A_side|tfc=high|phase=q1,26,O1_lag0_AB,0.1732531330325227,0.21691009197095434,0.13504285355454496,0.19300829645469814,0.11050669834166824,0.14034051180132834,0.11329959562684061,0.09089195224996525,0.30443401863361436,0.13857224452543662,0.2635715990714173,0.06839163605293316,0.15204008173351338,0.07712744753669928,0.0,1,no_phase_only
true72_forward,side=A_side|tfc=mid|phase=q1,17,O2_lag5_AB,0.05632660101329384,0.1414042587520223,0.17495949440983907,0.1494842254261375,0.14210947758687237,0.1484620094734407,0.12111613548236158,0.12246439886932635,0.05033087682357232,0.12485694212106478,0.06977967690682231,0.05207207712270641,0.0673780557730358,-0.0038746692637264693,0.0,1,no_phase_only
true72_forward,side=B_side|tfc=low|phase=q4,43,O4_B_C_boundary,-0.01524651976098319,0.15127589044709666,0.15894381112744838,0.10114517613559981,0.16850966054453115,0.13459970627693674,0.13469055786345607,0.15083519760493103,0.0010210985975634193,0.01832702074729564,-0.13987083667804523,0.038781836292595205,-0.03985890971688124,-0.03962274777029398,0.0,2,no_phase_only
true72_forward,side=A_side|tfc=low|phase=q1,25,O6_phase_only,-0.042746760665970336,0.07900083530836084,0.12827195319946896,0.16075733063873834,0.11594167652772472,0.14732630612118117,0.20164730524984392,0.16705459295468222,-0.26210178294331027,-0.09245880646410405,-0.013448644337900368,-0.12783168538134576,-0.043984768328742055,0.06586982318442094,0.0,2,no_phase_only
true72_forward,side=A_side|tfc=high|phase=q4,25,O5_full_TFC,0.08047978676783302,0.1495555440282112,0.11425766192439556,0.1377521459232176,0.16738185196853692,0.22688999302233737,0.08580720522359163,0.11835559790970976,0.0818909774663366,-0.012333140448100788,0.053116837145024,0.1213044372890522,0.22777007866333773,-0.11255672908400718,0.0,2,no_phase_only
true72_forward,side=B_side|tfc=high|phase=q1,40,O1_lag0_AB,0.004587007758436026,0.20289840548800253,0.13533867298776925,0.1403639551237222,0.13156859003244428,0.128678008109332,0.11804595832479693,0.143106409933933,0.12219091823496889,-0.019532853626320828,-0.006772412571766933,-0.029421058138430246,-0.03719633963795172,-0.06738005854304761,0.0,2,no_phase_only
true72_forward,side=B_side|tfc=high|phase=q4,41,O5_full_TFC,0.16481026375925525,0.17336571714592036,0.12897304599847828,0.11793172137971274,0.08788603462887865,0.30613056827985263,0.08624739715341112,0.09946551541374624,0.1944573154331298,0.09092735100585757,0.05960318674873477,-0.04331953192331059,0.39347024476675263,-0.0499068947339513,0.0,2,no_phase_only
true72_forward,side=B_side|tfc=low|phase=q1,39,O4_B_C_boundary,0.004703566355577437,0.10122385430553492,0.12892243976581794,0.1346782567221774,0.19911952827425386,0.1183837280367896,0.17346281173701888,0.14420938115840745,-0.1238761425136017,-0.03921935426293057,-0.02393217013371269,0.11292365339226261,-0.06906724944988855,0.06464393443455785,0.0,2,no_phase_only
true72_forward,side=B_side|tfc=mid|phase=q4,36,O2_lag5_AB,-0.0050088540010310555,0.15562140847821987,0.16505447992336128,0.11873882223493158,0.13175330929283313,0.15027953202576408,0.132854975449823,0.14569747259506702,0.023062837870390922,0.04366013201976252,-0.0716121197672311,-0.035210371467617706,0.010837659094944373,-0.032295985145850796,0.0,2,no_phase_only
true72_forward,side=B_side|tfc=mid|phase=q1,50,O6_phase_only,-0.002730614265125334,0.15295200459108088,0.1445590979547131,0.11826792847068948,0.1336601580252355,0.12929327743103547,0.17624798488107912,0.1450195486461663,0.01863946878981247,-0.001113050839351125,-0.07137057225517163,-0.02854883752278582,-0.04017484071393639,0.0682582098608696,0.0,2,no_phase_only
true72_forward,side=A_side|tfc=mid|phase=q4,24,O7_suppress_event,-0.09249175821804269,0.09852283803630708,0.09658584868096232,0.14126240537077692,0.1787676014013388,0.16046671837728313,0.13279720064557246,0.19159738748775942,-0.2327877477319673,-0.239737397795412,-0.10667196343948762,-0.024258354434305286,-0.06205838494456914,-0.12830057550044452,0.0,2,no_phase_only
true72_forward,side=A_side|tfc=low|phase=q4,32,O3_A_C_boundary,0.12216552890000054,0.1093908628985964,0.17849327501638906,0.19442065167775247,0.1499738979717804,0.1393401478515458,0.12514810290563047,0.1032330616783054,0.02027836983759376,0.19164661554163356,0.22156223335851222,0.13071523450695585,0.10497510934566484,0.06737804232489139,0.0,2,no_phase_only
true72_forward,side=A_side|tfc=high|phase=q1,22,O1_lag0_AB,0.18794798592090542,0.18832872177004503,0.14323734912938557,0.16514081832085328,0.10249355292980536,0.15192230804304918,0.1628856693084088,0.08599158049845279,0.27437884800259327,0.17858877686370084,0.22839220740445365,0.06144267782603685,0.19919195400941367,0.22357970219691525,0.0,2,no_phase_only
true72_forward,side=A_side|tfc=mid|phase=q1,20,O3_A_C_boundary,-0.02316004229901531,0.11866497273219527,0.17427869157421436,0.18057065554844992,0.10997257978250956,0.13786220816065986,0.12354784799329024,0.15510304420868082,-0.09372493551039678,0.04079809868077777,0.053211356547156884,-0.12035052307921819,-0.04124225092402413,-0.07961141412133281,0.0,2,no_phase_only
true72_forward,side=B_side|tfc=low|phase=q4,48,O4_B_C_boundary,-0.02843887430510138,0.13729954117122375,0.15486133512935873,0.10254312965866778,0.1779442273280696,0.13774580106636367,0.13278167285856904,0.15682429278774726,-0.04653636870344805,-0.004408571987056802,-0.1486948880112848,0.04422045150848636,-0.04540062069124258,-0.05824693086582708,0.0,3,no_phase_only
true72_forward,side=A_side|tfc=low|phase=q1,19,O6_phase_only,0.028640176325365953,0.08617758583175807,0.16155295950406884,0.13898367991108523,0.11318926974075147,0.1817449787251747,0.1829930075550617,0.13535851873210003,-0.15803089187248628,0.061917120618022285,0.009250347015308472,-0.06260295356870205,0.10313713761230806,0.10553234629166278,0.0,3,no_phase_only
true72_forward,side=A_side|tfc=high|phase=q4,30,O5_full_TFC,0.0574201504816496,0.1743493520851597,0.11941965949707607,0.17373529222956158,0.1419749197661862,0.1977097296225392,0.06603956284221638,0.12677148395726093,0.11153622555483783,-0.020909800441433767,0.11030134676359585,0.03964250284832429,0.1555448356894327,-0.22824624457093226,0.0,3,no_phase_only
true72_forward,side=B_side|tfc=high|phase=q1,39,O1_lag0_AB,-0.00012438714649809892,0.20516281195598934,0.14364245636571363,0.12161221904778662,0.11736952349582679,0.13288612902356345,0.13401221691176315,0.14531464319935702,0.12071588340574688,-0.004050926079443678,-0.062322363074171924,-0.07475092321001611,-0.03129306454062224,-0.028339632227660443,0.0,3,no_phase_only
true72_forward,side=B_side|tfc=high|phase=q4,33,O5_full_TFC,0.31583531365787487,0.17799053914091775,0.13734707985042494,0.09980537519938551,0.09426339858872375,0.3389025618161499,0.08394261932330373,0.06774842608109445,0.33807520941992153,0.24734847320952474,0.13559728467800075,0.11560211183580155,0.5634689933528187,0.07501628186967159,0.0,3,no_phase_only
true72_forward,side=B_side|tfc=low|phase=q1,44,O7_suppress_event,-0.07991895148709414,0.09005220531537958,0.14465685715826834,0.11995293972327287,0.17940231747050836,0.11227145884236699,0.16889482690244595,0.18476939458775798,-0.2515516396990454,-0.08566043371129989,-0.15120316221449395,-0.010317182523354436,-0.17436609867247166,-0.031441317814439484,0.0,3,no_phase_only
true72_forward,side=B_side|tfc=mid|phase=q4,38,O6_phase_only,0.012189479156585824,0.14943277587375234,0.15844149936633165,0.11588327921463533,0.11774229181113774,0.1483192912381329,0.17099402070962813,0.13918684178638205,0.02486029558617983,0.04534887699303879,-0.06413181080916001,-0.05856163166268136,0.02224253750987007,0.0720339806358583,0.0,3,no_phase_only
true72_forward,side=B_side|tfc=mid|phase=q1,52,O6_phase_only,-0.020891930626431125,0.1401512388170885,0.13826522219047438,0.11943790143989198,0.1378610257787545,0.13080637981743223,0.1806624288047512,0.1528158031516072,-0.030278912424946146,-0.03502084409257225,-0.08625284922423376,-0.03604551194784576,-0.05443027868437706,0.05858893619058817,0.0,3,no_phase_only
true72_forward,side=A_side|tfc=mid|phase=q4,23,O7_suppress_event,-0.2005723156105317,0.11194942007942806,0.10189364099653513,0.11090331651000936,0.12756143884235024,0.1473271373462109,0.13146126553435875,0.26890378069110754,-0.3067072610559826,-0.3396484311804445,-0.3099931882939297,-0.2610144254229034,-0.21059432964584793,-0.2504744807122794,0.0,3,no_phase_only
true72_forward,side=A_side|tfc=low|phase=q4,27,O2_lag5_AB,0.11644599054162116,0.1182127593049234,0.20585876687041582,0.15118492800856756,0.13938488308723573,0.13960635030702867,0.1412083103171942,0.10454400210463458,0.0430072966183355,0.23715379813766763,0.12911350226024532,0.10067084796758678,0.10122651806708041,0.10521984295013338,0.0,3,no_phase_only
true72_forward,side=A_side|tfc=high|phase=q1,19,O1_lag0_AB,0.3784356760422615,0.22334345580268722,0.16786014621339154,0.1767163409707129,0.12744045784674096,0.15309494560621592,0.09947646497357515,0.05206818858667635,0.50965479902795,0.40970194690944456,0.42769708629671616,0.3132832778994416,0.3774764384701145,0.22657841665521714,0.0,3,no_phase_only
true72_forward,side=A_side|tfc=mid|phase=q1,22,O3_A_C_boundary,-0.028674780633181053,0.11903444260855152,0.16413003759222214,0.17303669417914647,0.11951175370391642,0.14493195416793261,0.122617829748646,0.15673728799958483,-0.0963053679049541,0.01613078139749543,0.034626409354356985,-0.09490472426518827,-0.027407354891036483,-0.0859245225142561,0.0,3,no_phase_only
true72_forward,side=B_side|tfc=low|phase=q4,39,O7_suppress_event,-0.04796734829951768,0.12363053014420067,0.1498125302563288,0.11345359567686757,0.15493622593269582,0.16181436388580073,0.13108801405532913,0.16526474004877723,-0.10158790287526959,-0.03435738567719357,-0.13165416900142263,-0.022587280301885893,-0.007384613945913206,-0.08108789941475059,0.0,4,no_phase_only
true72_forward,side=A_side|tfc=low|phase=q1,26,O3_A_C_boundary,-0.007985706549927557,0.10184907915410094,0.12556492725506116,0.1941407982616276,0.13130013506577043,0.13059258847208668,0.1675825146919769,0.14896995709937622,-0.13308839389115684,-0.059822588689764616,0.09269365162721668,-0.04419059589733185,-0.046081766503049376,0.041205919853751785,0.0,4,no_phase_only
true72_forward,side=A_side|tfc=high|phase=q4,27,O5_full_TFC,0.09533853798925812,0.18731388030128734,0.11865111215420364,0.16809619005460064,0.12281821071214391,0.2156064857102384,0.0729192128801016,0.11459490818742447,0.17198381966721693,0.012174394442377577,0.13409655114904398,0.02425567490520317,0.22121804201248765,-0.15821792583126598,0.0,4,no_phase_only
true72_forward,side=B_side|tfc=high|phase=q1,36,O1_lag0_AB,0.03676670118425114,0.20910538566511563,0.13574260933916857,0.12218360477488033,0.14582746691650575,0.13020651375620984,0.1260749130995016,0.1308595064486184,0.16404992963656556,0.012822682712799294,-0.024009792535642487,0.037904969069178965,-0.001750882162176004,-0.013036799702369052,0.0,4,no_phase_only
true72_forward,side=B_side|tfc=high|phase=q4,41,O5_full_TFC,0.12529652314254663,0.1864479476787102,0.13080512770042513,0.10573958421161735,0.08793643522920118,0.27857369107788266,0.10171527104889742,0.10878194305326605,0.18858236010084495,0.06452714967758155,-0.009928113104541059,-0.07445589533575664,0.3291180438781524,-0.023508767266606334,0.0,4,no_phase_only
true72_forward,side=B_side|tfc=low|phase=q1,42,O4_B_C_boundary,-0.015543815637481227,0.08614712325928052,0.1448925882930591,0.13165622976569713,0.19353815692473203,0.11773628680796061,0.17254959845349074,0.15348001649577978,-0.2021298309351741,-0.020152186367318012,-0.05368165857888528,0.0811665097537443,-0.09279308744028358,0.04099002234350509,0.0,4,no_phase_only
true72_forward,side=B_side|tfc=mid|phase=q4,44,O6_phase_only,0.03429631098078505,0.12532484478240055,0.15195123061139668,0.1387911263864018,0.13359621820535164,0.14362043247736134,0.17641320194093923,0.13030294559614877,-0.013633537928757745,0.05379413479397939,0.022087808734752364,0.008735952300891879,0.03405914533004775,0.106038412048934,0.0,4,no_phase_only
true72_forward,side=B_side|tfc=mid|phase=q1,47,O6_phase_only,-0.008382248102551507,0.13690563798909677,0.13844074072967733,0.11571710790260875,0.15018898039129558,0.131562683572026,0.1796815746220623,0.14750327479323336,-0.02609546198321198,-0.022192802877687365,-0.08494566147405631,0.00631539750827392,-0.04002843541336394,0.06906755691855705,0.0,4,no_phase_only
true72_forward,side=A_side|tfc=mid|phase=q4,24,O7_suppress_event,-0.11672382801380758,0.09211860674348633,0.10137487476849323,0.17899467014149054,0.13454375565340781,0.1697451946479152,0.1158007641047205,0.20742213394048636,-0.28408767122843276,-0.2505757569070504,-0.051589993515928814,-0.15150329045108077,-0.0701601437230864,-0.20400969663276403,0.0,4,no_phase_only
true72_forward,side=A_side|tfc=low|phase=q4,27,O3_A_C_boundary,0.12308843670761069,0.10074600584522285,0.1402248337359276,0.21941005041030978,0.1539913211927372,0.14049578277692254,0.14147266405727424,0.10365934198160587,-0.00997759317242983,0.10574799368346045,0.2624413366816107,0.1385251980158847,0.10642362766413943,0.10884879132996501,0.0,4,no_phase_only
true72_forward,side=A_side|tfc=high|phase=q1,24,O1_lag0_AB,0.20051218113058455,0.20868370626363308,0.15804059179072386,0.1804026658459516,0.09351263517826504,0.13392327809815707,0.14135756984412123,0.08407955297914807,0.3181697149985297,0.22088097505526638,0.26719979124815424,0.03721660348695505,0.16292628608662746,0.18183522933343785,0.0,4,no_phase_only
true72_forward,side=A_side|tfc=mid|phase=q1,22,O7_suppress_event,-0.10526191682014355,0.10957835749909131,0.1408578055844529,0.1683128956615567,0.12682197645964022,0.1375907942960503,0.12028984948926702,0.1965483210099416,-0.20449394790502506,-0.11660508966030979,-0.05427925587057625,-0.15334338831451924,-0.12481850086417544,-0.1718514233636997,0.0,4,no_phase_only
true72_forward,side=B_side|tfc=high|phase=q1,40,O1_lag0_AB,-0.027779344773739393,0.19663810977861074,0.13070843952105202,0.1302346097792283,0.12517245956702647,0.13374671367992175,0.12678912045321294,0.156710547220948,0.07943760219852752,-0.06350094282643429,-0.06477202931336191,-0.07864779737622428,-0.0554584242120986,-0.07415632629404592,0.0,0,no_suppress
true72_forward,side=A_side|tfc=high|phase=q4,33,O5_full_TFC,0.05247666182361356,0.1662480329507343,0.11607073229129597,0.17470633773458621,0.1282314909501342,0.20651107634214474,0.08049631363527496,0.12773601609582969,0.09223028064065532,-0.03351809777277841,0.10959925698847385,0.0013549877294988912,0.16813590128208708,-0.16161402950721207,0.0,0,no_suppress
true72_forward,side=A_side|tfc=low|phase=q4,30,O3_A_C_boundary,0.09423885323726836,0.10559643946211347,0.16935010418483926,0.18443621457251985,0.1465752015845212,0.1320474524906024,0.15090784113370612,0.11108674657169776,-0.01774036013986154,0.147579879202771,0.17744730026999442,0.09702952749111181,0.06049748243188028,0.10722527554486073,0.0,0,no_suppress
true72_forward,side=A_side|tfc=high|phase=q1,25,O1_lag0_AB,0.17612847282173194,0.2258057934742144,0.1265314331415369,0.17589484965492982,0.10769893304183316,0.13060434651254757,0.14343711801869058,0.09002752615624762,0.3218459437145672,0.11913135180926943,0.23441981556169997,0.06272847266098659,0.1302199596760781,0.16302344360799345,0.0,0,no_suppress
true72_forward,side=B_side|tfc=high|phase=q4,39,O5_full_TFC,0.09646218173180433,0.1909177888214945,0.13424575420431914,0.1283474830405189,0.10148005580425207,0.2210530036094101,0.11102517195744088,0.11293074256256437,0.18377386203101778,0.06051408079951849,0.04478829735204908,-0.03741935697587047,0.23506972123641795,-0.0059562241000819215,0.0,0,no_suppress
true72_forward,side=B_side|tfc=low|phase=q1,37,O7_suppress_event,-0.10591891965430247,0.09292393474406961,0.12198622816317899,0.11220632879834347,0.17593968862340706,0.10292321626190347,0.1921130379128991,0.20190756549619818,-0.27161006026369544,-0.17636564458291012,-0.20561470937641,-0.04818405832941358,-0.23583936567714275,-0.017404120369965845,0.0,0,no_suppress
true72_forward,side=A_side|tfc=mid|phase=q4,23,O7_suppress_event,-0.15484575812174967,0.10976013058645011,0.08892950822306449,0.14758347776819264,0.14436915261834907,0.13494610284287525,0.14316015749991498,0.23125147046115355,-0.26082293349036056,-0.33448160258097337,-0.15718911896185103,-0.16489625460425741,-0.18852059611088726,-0.16783961217064358,0.0,0,no_suppress
true72_forward,side=B_side|tfc=mid|phase=q1,41,O6_phase_only,-0.027459859918151207,0.1491731955354908,0.13416300618327806,0.1303450349048964,0.13306089102153634,0.12784872106771175,0.17010119903268034,0.15530795225440636,-0.014105671146318262,-0.0512240434617003,-0.06132870990287402,-0.0541110793728564,-0.06809678270392924,0.03184426481636225,0.0,0,no_suppress
true72_forward,side=B_side|tfc=low|phase=q4,29,O4_B_C_boundary,-0.015457455390010854,0.13902378203524537,0.15476698718164963,0.09109445224673589,0.19505757316648858,0.11280694884704945,0.15430602176620703,0.15294423475662408,-0.033399927387569826,0.004146555375459258,-0.18136176493008738,0.08512748501442868,-0.1065384025364781,0.0031025430524070706,0.0,0,no_suppress
true72_forward,side=A_side|tfc=mid|phase=q1,23,O7_suppress_event,-0.07515936756951867,0.12155289836734905,0.15670818216551932,0.17134418840005886,0.10813678601540914,0.1444034575511882,0.11784942336323986,0.18000506413723552,-0.137422403667446,-0.04850986738943369,-0.017258728686327794,-0.17835580758376676,-0.077130834955242,-0.14825203686724264,0.0,0,no_suppress
true72_forward,side=A_side|tfc=low|phase=q1,24,O3_A_C_boundary,0.05596413444937379,0.07692939286363963,0.12243245862036428,0.22018732521721557,0.16818126548545198,0.14933390608383643,0.13607533338816694,0.1268603183413251,-0.17506951007565794,-0.012434487052266944,0.19298721285094936,0.09868450668034519,0.057084353735110206,0.024542710064689093,0.0,0,no_suppress
true72_forward,side=B_side|tfc=mid|phase=q4,39,O5_full_TFC,-0.0036222133651574364,0.14476475007593692,0.14343285204577136,0.12851183279351436,0.12174554342709092,0.15974731000313186,0.1568694533106851,0.14492825834386946,-0.00039509341399410414,-0.0036301489866470073,-0.042076253046514925,-0.06100699252949182,0.03407404153496824,0.027711285678882636,0.0,0,no_suppress
true72_forward,side=B_side|tfc=low|phase=q4,41,O7_suppress_event,-0.07975448438635038,0.12977490859568525,0.1555133811010217,0.10385161659430593,0.1649859879220556,0.14259488950730967,0.12107437660314183,0.18220483967648013,-0.11876552433504513,-0.055439918414642374,-0.19675895052931322,-0.03474484940590355,-0.08579335713611425,-0.14305427761984724,0.0,1,no_suppress
true72_forward,side=A_side|tfc=low|phase=q1,26,O3_A_C_boundary,-0.014987302375433323,0.09154415219125651,0.12124989504186232,0.18942159161538025,0.13044019749410488,0.15817852389366877,0.15681888259983726,0.15234675716388996,-0.17826823919191048,-0.07990694445527888,0.07623558409812228,-0.054335524176053154,0.013147775712460081,0.010126306974030231,0.0,1,no_suppress
true72_forward,side=A_side|tfc=high|phase=q4,33,O3_A_C_boundary,0.00158874688218324,0.15451555406238868,0.12062173100117271,0.17774932246550434,0.1393037170825283,0.17465258042931966,0.08779367197789735,0.14536342298118882,0.021370227445279857,-0.06530212966522574,0.07039804969268292,-0.014903142685705617,0.06424662086187934,-0.17648664152480487,0.0,1,no_suppress
true72_forward,side=B_side|tfc=high|phase=q1,45,O1_lag0_AB,0.031017878161711296,0.19491966023752422,0.14966153797837006,0.1284736342869893,0.14184140037784518,0.1332558578535172,0.11950562055855507,0.13234228870719897,0.13551853430753968,0.04304463397575496,-0.01038378598001441,0.024261255227201774,0.0024077763070108715,-0.03570989042300382,0.0,1,no_suppress
true72_forward,side=B_side|tfc=high|phase=q4,42,O5_full_TFC,0.24302549122784609,0.1658221481577196,0.14868338349728744,0.12870807434650114,0.0987500782689142,0.26978239776119056,0.11121123210854854,0.07704268585983846,0.26829466555241704,0.23011081520401852,0.17961552710541387,0.08688139820832358,0.43863962442053633,0.12847511418625798,0.0,1,no_suppress
true72_forward,side=B_side|tfc=low|phase=q1,38,O4_B_C_boundary,-0.04788589344089574,0.10044829044650812,0.13586686022723746,0.13484832123083537,0.1940612842864482,0.1186316520135074,0.14904218789554272,0.1671014038999207,-0.17813521773427135,-0.07242388993206374,-0.07505758287049127,0.05235060965405525,-0.11990212702315389,-0.04003000085495839,0.0,1,no_suppress
true72_forward,side=B_side|tfc=mid|phase=q4,39,O6_phase_only,-0.030015432857827106,0.13431952845474832,0.1604652767538706,0.11521419285057644,0.11091999123465768,0.15329335411254394,0.16837240486875876,0.15741525172484427,-0.05553300445259931,0.0067166210271855185,-0.1092330003305426,-0.1225273306026387,-0.00928682873660839,0.023551847426059012,0.0,1,no_suppress
true72_forward,side=B_side|tfc=mid|phase=q1,50,O6_phase_only,-0.010255048571046461,0.161952990347712,0.12858765695663063,0.11887739449709649,0.14893811321539235,0.12637157950798764,0.16709548403747207,0.1481767814377088,0.03111502798433433,-0.04962832106731232,-0.07710967826851119,0.0017936946964960897,-0.055712796776195075,0.042055782860078494,0.0,1,no_suppress
true72_forward,side=A_side|tfc=mid|phase=q4,26,O7_suppress_event,-0.1346294231289572,0.11518291047539139,0.0982734037002095,0.12949184048453496,0.15684912976040627,0.1343844258271263,0.14986357539891426,0.21595471435341734,-0.2199915687348883,-0.2755603556821806,-0.17900780051665668,-0.1119245202386547,-0.16602746573701038,-0.12787017145702556,0.0,1,no_suppress
true72_forward,side=A_side|tfc=low|phase=q4,24,O3_A_C_boundary,0.0686347388927562,0.100037961390137,0.13681033198514292,0.20811088672213549,0.13656186061353018,0.12881023113052784,0.16923406127385962,0.12043466688466686,-0.06494519307920037,0.044620837162068806,0.19143726858331997,0.04398459831724943,0.023531487837344947,0.11906135930892921,0.0,1,no_suppress
true72_forward,side=A_side|tfc=high|phase=q1,26,O1_lag0_AB,0.1732531330325227,0.21691009197095434,0.13504285355454496,0.19300829645469814,0.11050669834166824,0.14034051180132834,0.11329959562684061,0.09089195224996525,0.30443401863361436,0.13857224452543662,0.2635715990714173,0.06839163605293316,0.15204008173351338,0.07712744753669928,0.0,1,no_suppress
true72_forward,side=A_side|tfc=mid|phase=q1,17,O2_lag5_AB,0.05632660101329384,0.1414042587520223,0.17495949440983907,0.1494842254261375,0.14210947758687237,0.1484620094734407,0.12111613548236158,0.12246439886932635,0.05033087682357232,0.12485694212106478,0.06977967690682231,0.05207207712270641,0.0673780557730358,-0.0038746692637264693,0.0,1,no_suppress
true72_forward,side=B_side|tfc=low|phase=q4,43,O4_B_C_boundary,-0.01524651976098319,0.15127589044709666,0.15894381112744838,0.10114517613559981,0.16850966054453115,0.13459970627693674,0.13469055786345607,0.15083519760493103,0.0010210985975634193,0.01832702074729564,-0.13987083667804523,0.038781836292595205,-0.03985890971688124,-0.03962274777029398,0.0,2,no_suppress
true72_forward,side=A_side|tfc=low|phase=q1,25,O6_phase_only,-0.042746760665970336,0.07900083530836084,0.12827195319946896,0.16075733063873834,0.11594167652772472,0.14732630612118117,0.20164730524984392,0.16705459295468222,-0.26210178294331027,-0.09245880646410405,-0.013448644337900368,-0.12783168538134576,-0.043984768328742055,0.06586982318442094,0.0,2,no_suppress
true72_forward,side=A_side|tfc=high|phase=q4,25,O5_full_TFC,0.08047978676783302,0.1495555440282112,0.11425766192439556,0.1377521459232176,0.16738185196853692,0.22688999302233737,0.08580720522359163,0.11835559790970976,0.0818909774663366,-0.012333140448100788,0.053116837145024,0.1213044372890522,0.22777007866333773,-0.11255672908400718,0.0,2,no_suppress
true72_forward,side=B_side|tfc=high|phase=q1,40,O1_lag0_AB,0.004587007758436026,0.20289840548800253,0.13533867298776925,0.1403639551237222,0.13156859003244428,0.128678008109332,0.11804595832479693,0.143106409933933,0.12219091823496889,-0.019532853626320828,-0.006772412571766933,-0.029421058138430246,-0.03719633963795172,-0.06738005854304761,0.0,2,no_suppress
true72_forward,side=B_side|tfc=high|phase=q4,41,O5_full_TFC,0.16481026375925525,0.17336571714592036,0.12897304599847828,0.11793172137971274,0.08788603462887865,0.30613056827985263,0.08624739715341112,0.09946551541374624,0.1944573154331298,0.09092735100585757,0.05960318674873477,-0.04331953192331059,0.39347024476675263,-0.0499068947339513,0.0,2,no_suppress
true72_forward,side=B_side|tfc=low|phase=q1,39,O4_B_C_boundary,0.004703566355577437,0.10122385430553492,0.12892243976581794,0.1346782567221774,0.19911952827425386,0.1183837280367896,0.17346281173701888,0.14420938115840745,-0.1238761425136017,-0.03921935426293057,-0.02393217013371269,0.11292365339226261,-0.06906724944988855,0.06464393443455785,0.0,2,no_suppress
true72_forward,side=B_side|tfc=mid|phase=q4,36,O2_lag5_AB,-0.0050088540010310555,0.15562140847821987,0.16505447992336128,0.11873882223493158,0.13175330929283313,0.15027953202576408,0.132854975449823,0.14569747259506702,0.023062837870390922,0.04366013201976252,-0.0716121197672311,-0.035210371467617706,0.010837659094944373,-0.032295985145850796,0.0,2,no_suppress
true72_forward,side=B_side|tfc=mid|phase=q1,50,O6_phase_only,-0.002730614265125334,0.15295200459108088,0.1445590979547131,0.11826792847068948,0.1336601580252355,0.12929327743103547,0.17624798488107912,0.1450195486461663,0.01863946878981247,-0.001113050839351125,-0.07137057225517163,-0.02854883752278582,-0.04017484071393639,0.0682582098608696,0.0,2,no_suppress
true72_forward,side=A_side|tfc=mid|phase=q4,24,O7_suppress_event,-0.09249175821804269,0.09852283803630708,0.09658584868096232,0.14126240537077692,0.1787676014013388,0.16046671837728313,0.13279720064557246,0.19159738748775942,-0.2327877477319673,-0.239737397795412,-0.10667196343948762,-0.024258354434305286,-0.06205838494456914,-0.12830057550044452,0.0,2,no_suppress
true72_forward,side=A_side|tfc=low|phase=q4,32,O3_A_C_boundary,0.12216552890000054,0.1093908628985964,0.17849327501638906,0.19442065167775247,0.1499738979717804,0.1393401478515458,0.12514810290563047,0.1032330616783054,0.02027836983759376,0.19164661554163356,0.22156223335851222,0.13071523450695585,0.10497510934566484,0.06737804232489139,0.0,2,no_suppress
true72_forward,side=A_side|tfc=high|phase=q1,22,O1_lag0_AB,0.18794798592090542,0.18832872177004503,0.14323734912938557,0.16514081832085328,0.10249355292980536,0.15192230804304918,0.1628856693084088,0.08599158049845279,0.27437884800259327,0.17858877686370084,0.22839220740445365,0.06144267782603685,0.19919195400941367,0.22357970219691525,0.0,2,no_suppress
true72_forward,side=A_side|tfc=mid|phase=q1,20,O3_A_C_boundary,-0.02316004229901531,0.11866497273219527,0.17427869157421436,0.18057065554844992,0.10997257978250956,0.13786220816065986,0.12354784799329024,0.15510304420868082,-0.09372493551039678,0.04079809868077777,0.053211356547156884,-0.12035052307921819,-0.04124225092402413,-0.07961141412133281,0.0,2,no_suppress
true72_forward,side=B_side|tfc=low|phase=q4,48,O4_B_C_boundary,-0.02843887430510138,0.13729954117122375,0.15486133512935873,0.10254312965866778,0.1779442273280696,0.13774580106636367,0.13278167285856904,0.15682429278774726,-0.04653636870344805,-0.004408571987056802,-0.1486948880112848,0.04422045150848636,-0.04540062069124258,-0.05824693086582708,0.0,3,no_suppress
true72_forward,side=A_side|tfc=low|phase=q1,19,O6_phase_only,0.028640176325365953,0.08617758583175807,0.16155295950406884,0.13898367991108523,0.11318926974075147,0.1817449787251747,0.1829930075550617,0.13535851873210003,-0.15803089187248628,0.061917120618022285,0.009250347015308472,-0.06260295356870205,0.10313713761230806,0.10553234629166278,0.0,3,no_suppress
true72_forward,side=A_side|tfc=high|phase=q4,30,O5_full_TFC,0.0574201504816496,0.1743493520851597,0.11941965949707607,0.17373529222956158,0.1419749197661862,0.1977097296225392,0.06603956284221638,0.12677148395726093,0.11153622555483783,-0.020909800441433767,0.11030134676359585,0.03964250284832429,0.1555448356894327,-0.22824624457093226,0.0,3,no_suppress
true72_forward,side=B_side|tfc=high|phase=q1,39,O1_lag0_AB,-0.00012438714649809892,0.20516281195598934,0.14364245636571363,0.12161221904778662,0.11736952349582679,0.13288612902356345,0.13401221691176315,0.14531464319935702,0.12071588340574688,-0.004050926079443678,-0.062322363074171924,-0.07475092321001611,-0.03129306454062224,-0.028339632227660443,0.0,3,no_suppress
true72_forward,side=B_side|tfc=high|phase=q4,33,O5_full_TFC,0.31583531365787487,0.17799053914091775,0.13734707985042494,0.09980537519938551,0.09426339858872375,0.3389025618161499,0.08394261932330373,0.06774842608109445,0.33807520941992153,0.24734847320952474,0.13559728467800075,0.11560211183580155,0.5634689933528187,0.07501628186967159,0.0,3,no_suppress
true72_forward,side=B_side|tfc=low|phase=q1,44,O7_suppress_event,-0.07991895148709414,0.09005220531537958,0.14465685715826834,0.11995293972327287,0.17940231747050836,0.11227145884236699,0.16889482690244595,0.18476939458775798,-0.2515516396990454,-0.08566043371129989,-0.15120316221449395,-0.010317182523354436,-0.17436609867247166,-0.031441317814439484,0.0,3,no_suppress
true72_forward,side=B_side|tfc=mid|phase=q4,38,O6_phase_only,0.012189479156585824,0.14943277587375234,0.15844149936633165,0.11588327921463533,0.11774229181113774,0.1483192912381329,0.17099402070962813,0.13918684178638205,0.02486029558617983,0.04534887699303879,-0.06413181080916001,-0.05856163166268136,0.02224253750987007,0.0720339806358583,0.0,3,no_suppress
true72_forward,side=B_side|tfc=mid|phase=q1,52,O6_phase_only,-0.020891930626431125,0.1401512388170885,0.13826522219047438,0.11943790143989198,0.1378610257787545,0.13080637981743223,0.1806624288047512,0.1528158031516072,-0.030278912424946146,-0.03502084409257225,-0.08625284922423376,-0.03604551194784576,-0.05443027868437706,0.05858893619058817,0.0,3,no_suppress
true72_forward,side=A_side|tfc=mid|phase=q4,23,O7_suppress_event,-0.2005723156105317,0.11194942007942806,0.10189364099653513,0.11090331651000936,0.12756143884235024,0.1473271373462109,0.13146126553435875,0.26890378069110754,-0.3067072610559826,-0.3396484311804445,-0.3099931882939297,-0.2610144254229034,-0.21059432964584793,-0.2504744807122794,0.0,3,no_suppress
true72_forward,side=A_side|tfc=low|phase=q4,27,O2_lag5_AB,0.11644599054162116,0.1182127593049234,0.20585876687041582,0.15118492800856756,0.13938488308723573,0.13960635030702867,0.1412083103171942,0.10454400210463458,0.0430072966183355,0.23715379813766763,0.12911350226024532,0.10067084796758678,0.10122651806708041,0.10521984295013338,0.0,3,no_suppress
true72_forward,side=A_side|tfc=high|phase=q1,19,O1_lag0_AB,0.3784356760422615,0.22334345580268722,0.16786014621339154,0.1767163409707129,0.12744045784674096,0.15309494560621592,0.09947646497357515,0.05206818858667635,0.50965479902795,0.40970194690944456,0.42769708629671616,0.3132832778994416,0.3774764384701145,0.22657841665521714,0.0,3,no_suppress
true72_forward,side=A_side|tfc=mid|phase=q1,22,O3_A_C_boundary,-0.028674780633181053,0.11903444260855152,0.16413003759222214,0.17303669417914647,0.11951175370391642,0.14493195416793261,0.122617829748646,0.15673728799958483,-0.0963053679049541,0.01613078139749543,0.034626409354356985,-0.09490472426518827,-0.027407354891036483,-0.0859245225142561,0.0,3,no_suppress
true72_forward,side=B_side|tfc=low|phase=q4,39,O7_suppress_event,-0.04796734829951768,0.12363053014420067,0.1498125302563288,0.11345359567686757,0.15493622593269582,0.16181436388580073,0.13108801405532913,0.16526474004877723,-0.10158790287526959,-0.03435738567719357,-0.13165416900142263,-0.022587280301885893,-0.007384613945913206,-0.08108789941475059,0.0,4,no_suppress
true72_forward,side=A_side|tfc=low|phase=q1,26,O3_A_C_boundary,-0.007985706549927557,0.10184907915410094,0.12556492725506116,0.1941407982616276,0.13130013506577043,0.13059258847208668,0.1675825146919769,0.14896995709937622,-0.13308839389115684,-0.059822588689764616,0.09269365162721668,-0.04419059589733185,-0.046081766503049376,0.041205919853751785,0.0,4,no_suppress
true72_forward,side=A_side|tfc=high|phase=q4,27,O5_full_TFC,0.09533853798925812,0.18731388030128734,0.11865111215420364,0.16809619005460064,0.12281821071214391,0.2156064857102384,0.0729192128801016,0.11459490818742447,0.17198381966721693,0.012174394442377577,0.13409655114904398,0.02425567490520317,0.22121804201248765,-0.15821792583126598,0.0,4,no_suppress
true72_forward,side=B_side|tfc=high|phase=q1,36,O1_lag0_AB,0.03676670118425114,0.20910538566511563,0.13574260933916857,0.12218360477488033,0.14582746691650575,0.13020651375620984,0.1260749130995016,0.1308595064486184,0.16404992963656556,0.012822682712799294,-0.024009792535642487,0.037904969069178965,-0.001750882162176004,-0.013036799702369052,0.0,4,no_suppress
true72_forward,side=B_side|tfc=high|phase=q4,41,O5_full_TFC,0.12529652314254663,0.1864479476787102,0.13080512770042513,0.10573958421161735,0.08793643522920118,0.27857369107788266,0.10171527104889742,0.10878194305326605,0.18858236010084495,0.06452714967758155,-0.009928113104541059,-0.07445589533575664,0.3291180438781524,-0.023508767266606334,0.0,4,no_suppress
true72_forward,side=B_side|tfc=low|phase=q1,42,O4_B_C_boundary,-0.015543815637481227,0.08614712325928052,0.1448925882930591,0.13165622976569713,0.19353815692473203,0.11773628680796061,0.17254959845349074,0.15348001649577978,-0.2021298309351741,-0.020152186367318012,-0.05368165857888528,0.0811665097537443,-0.09279308744028358,0.04099002234350509,0.0,4,no_suppress
true72_forward,side=B_side|tfc=mid|phase=q4,44,O6_phase_only,0.03429631098078505,0.12532484478240055,0.15195123061139668,0.1387911263864018,0.13359621820535164,0.14362043247736134,0.17641320194093923,0.13030294559614877,-0.013633537928757745,0.05379413479397939,0.022087808734752364,0.008735952300891879,0.03405914533004775,0.106038412048934,0.0,4,no_suppress
true72_forward,side=B_side|tfc=mid|phase=q1,47,O6_phase_only,-0.008382248102551507,0.13690563798909677,0.13844074072967733,0.11571710790260875,0.15018898039129558,0.131562683572026,0.1796815746220623,0.14750327479323336,-0.02609546198321198,-0.022192802877687365,-0.08494566147405631,0.00631539750827392,-0.04002843541336394,0.06906755691855705,0.0,4,no_suppress
true72_forward,side=A_side|tfc=mid|phase=q4,24,O7_suppress_event,-0.11672382801380758,0.09211860674348633,0.10137487476849323,0.17899467014149054,0.13454375565340781,0.1697451946479152,0.1158007641047205,0.20742213394048636,-0.28408767122843276,-0.2505757569070504,-0.051589993515928814,-0.15150329045108077,-0.0701601437230864,-0.20400969663276403,0.0,4,no_suppress
true72_forward,side=A_side|tfc=low|phase=q4,27,O3_A_C_boundary,0.12308843670761069,0.10074600584522285,0.1402248337359276,0.21941005041030978,0.1539913211927372,0.14049578277692254,0.14147266405727424,0.10365934198160587,-0.00997759317242983,0.10574799368346045,0.2624413366816107,0.1385251980158847,0.10642362766413943,0.10884879132996501,0.0,4,no_suppress
true72_forward,side=A_side|tfc=high|phase=q1,24,O1_lag0_AB,0.20051218113058455,0.20868370626363308,0.15804059179072386,0.1804026658459516,0.09351263517826504,0.13392327809815707,0.14135756984412123,0.08407955297914807,0.3181697149985297,0.22088097505526638,0.26719979124815424,0.03721660348695505,0.16292628608662746,0.18183522933343785,0.0,4,no_suppress
true72_forward,side=A_side|tfc=mid|phase=q1,22,O7_suppress_event,-0.10526191682014355,0.10957835749909131,0.1408578055844529,0.1683128956615567,0.12682197645964022,0.1375907942960503,0.12028984948926702,0.1965483210099416,-0.20449394790502506,-0.11660508966030979,-0.05427925587057625,-0.15334338831451924,-0.12481850086417544,-0.1718514233636997,0.0,4,no_suppress
reversed72,side=B_side|tfc=high|phase=q1,40,O1_lag0_AB,0.08610302424734836,0.2016115058929199,0.13092265465738695,0.14847033547466254,0.14262891982834924,0.1340320814745998,0.1288799609859215,0.11345454168615983,0.20122912758693548,0.050121569209044425,0.09414402699043913,0.08009541692165219,0.05833692982930469,0.04461771763270328,0.0,0,full
reversed72,side=A_side|tfc=high|phase=q4,33,O5_full_TFC,0.055579742868915344,0.1709589287513892,0.11158911982915735,0.1786084300461832,0.13105614918145983,0.19859536251491558,0.08277730150106817,0.12641470817582673,0.10564942773700589,-0.04366049956432804,0.12096981082944036,0.012620304893710516,0.15809554717708768,-0.1481948824108615,0.0,0,full
reversed72,side=A_side|tfc=low|phase=q4,30,O3_A_C_boundary,0.0025856635781065524,0.10287130321091892,0.16261547502812138,0.17671188175804542,0.14043651758468048,0.12679625629031605,0.14701334970428137,0.14355521642363642,-0.11663435736547108,0.04363401711560141,0.07273030624385073,-0.007687466535031836,-0.04344837965528929,0.008331278319251194,0.0,0,full
reversed72,side=A_side|tfc=high|phase=q1,25,O1_lag0_AB,0.11198516944741416,0.22353931257559323,0.12334518112138744,0.17142592252027372,0.10492579827490496,0.12736024371125035,0.14199739637496872,0.10740614542162154,0.2565394626901094,0.048429281293540107,0.16363684199028228,-0.008177394097318963,0.059640782347236646,0.09771696258353575,0.0,0,full
reversed72,side=B_side|tfc=high|phase=q4,39,O5_full_TFC,0.1568624456422353,0.1967978980937328,0.13644594551578407,0.13013599245437266,0.10289417029114858,0.2246759032742622,0.11330355995061304,0.09574653042008671,0.2521655193961466,0.12397844937270107,0.10740646276459694,0.025198808436677333,0.2985340898096005,0.058928168784783935,0.0,0,full
reversed72,side=B_side|tfc=low|phase=q1,37,O4_B_C_boundary,0.11459699359743981,0.09844262101831125,0.14158061802414215,0.13003839831115283,0.20390039985238856,0.1194555548344367,0.1997398607298822,0.10684254722968627,-0.02865883257419208,0.09852957241294133,0.06876574214049967,0.22619639318749613,0.03905585131870871,0.21898085792252386,0.0,0,full
reversed72,side=A_side|tfc=mid|phase=q4,23,O3_A_C_boundary,0.0042022949918716366,0.11891758174942804,0.09409336642909215,0.17459655135457397,0.17079388933182071,0.14278200067319638,0.15510422265166995,0.1437123878102186,-0.06628416641215319,-0.14823425617962216,0.06813236363260826,0.06042522799020197,-0.0022732497095360616,0.02669915490756377,0.0,0,full
reversed72,side=B_side|tfc=mid|phase=q1,41,O7_suppress_event,-0.08195033033177726,0.14585844997044534,0.12915260768899822,0.12522064814369505,0.1278297330500653,0.1230741333646143,0.16632141679312684,0.18254301098905487,-0.07852221693357911,-0.12109688899147475,-0.13191795944740806,-0.12470032891739048,-0.1379696282337037,-0.03257228097089861,0.0,0,full
reversed72,side=B_side|tfc=low|phase=q4,29,O4_B_C_boundary,-0.03449858212987416,0.13711301739685777,0.14976878515027245,0.09232112047228587,0.19768419774410984,0.10916384684481807,0.15218521563099205,0.16176381676066404,-0.05786613698237222,-0.026965637182744945,-0.1963025437390554,0.0701867062054607,-0.1376505950946823,-0.021363666542395326,0.0,0,full
reversed72,side=A_side|tfc=mid|phase=q1,23,O7_suppress_event,-0.18468246562463522,0.1090706909412274,0.14929189439480767,0.14853352423151342,0.09374078033178418,0.1375694966087136,0.10574752396612995,0.25604608952582386,-0.29867643845283154,-0.1888089185984303,-0.19059137311192262,-0.35168845200936155,-0.21742988616423858,-0.3095060716526281,0.0,0,full
reversed72,side=A_side|tfc=low|phase=q1,24,O7_suppress_event,-0.13303319710156042,0.06576025516459129,0.1241977457940038,0.18248671009079356,0.13938516128060427,0.15148707062835237,0.11631898175868852,0.22036407528296628,-0.42324290232138545,-0.20069211632979392,-0.06601130103185153,-0.16031400720245573,-0.13117327554241678,-0.22363068218103851,0.0,0,full
reversed72,side=B_side|tfc=mid|phase=q4,39,O6_phase_only,0.04570037054367964,0.14619699017407953,0.14213086210213882,0.13822213448962267,0.13094458705705128,0.15829722804366517,0.15842145213006215,0.12578674600338036,0.05262844265948977,0.04275607570125327,0.03299592807324657,0.014065188590269697,0.08046026622286853,0.08073482175236647,0.0,0,full
reversed72,side=B_side|tfc=low|phase=q4,41,O4_B_C_boundary,0.009949743132801754,0.13899839416648274,0.16423141382153109,0.10672719481380076,0.1695543338847752,0.15058871552858685,0.12967948969993898,0.14022045808488443,-0.003063726529440817,0.055321212949601815,-0.09552896048824826,0.0664851406351614,0.02496777422812993,-0.027352479814242905,0.0,1,full
reversed72,side=A_side|tfc=low|phase=q1,26,O7_suppress_event,-0.1459227045325376,0.07855127996342667,0.12154357013567277,0.1657278368066697,0.11412411636381542,0.1585616425168002,0.13456156025035637,0.22692999396325897,-0.37131146983812424,-0.21852907049461806,-0.11000313371061123,-0.24057424198478666,-0.12547435032687915,-0.18291692367218357,0.0,1,full
reversed72,side=A_side|tfc=high|phase=q4,33,O3_A_C_boundary,-0.05577229361044608,0.1532495438886814,0.11214626724736775,0.17575536585312604,0.1377008810530929,0.16242800036057414,0.08707434192348576,0.171645599673672,-0.039677499946700036,-0.14896976754705818,0.008281412047080425,-0.07712182801785827,-0.019318969333402897,-0.23753436891678475,0.0,1,full
reversed72,side=B_side|tfc=high|phase=q1,45,O1_lag0_AB,0.13283708007607753,0.20440687931747456,0.15326638634098058,0.1338507911731239,0.14771338319485705,0.13652529431519628,0.12441648352065289,0.09982078213771468,0.2508576400482051,0.15008038330645634,0.10267224847279031,0.1371640888111188,0.10959672650659996,0.07709039667724807,0.0,1,full
reversed72,side=B_side|tfc=high|phase=q4,42,O5_full_TFC,0.26765016445216266,0.16917320321704676,0.14923963999055867,0.12770070510101403,0.09797718354305775,0.2707917116938916,0.11299498100066323,0.07212257545376785,0.2983945834929787,0.2545151796928733,0.19996276166828542,0.10722863277119511,0.4630439889093911,0.15714170270107863,0.0,1,full
reversed72,side=B_side|tfc=low|phase=q1,38,O4_B_C_boundary,0.07509562494261099,0.10376384988849466,0.15374413371042212,0.1387035317640341,0.19960934821811924,0.1342411279612139,0.1524120578881643,0.11752595056955162,-0.043589532702673385,0.09402070514183916,0.05798786882614666,0.18539606135069323,0.04654246805074898,0.09097500825475548,0.0,1,full
reversed72,side=B_side|tfc=mid|phase=q4,39,O6_phase_only,0.021793978877588945,0.13406618749064966,0.15718702474371452,0.13022743829626693,0.12537367104647976,0.15016162208659403,0.1680548365459111,0.13492921979038391,-0.0022458550083986695,0.05344009779255405,-0.012413763572903564,-0.025708093844999655,0.037436648028760164,0.07683899687025965,0.0,1,full
reversed72,side=B_side|tfc=mid|phase=q1,50,O7_suppress_event,-0.08628627611579864,0.15628446694836567,0.12235213696434366,0.11293585561653428,0.14149412780327564,0.1202435223590444,0.1612469680010722,0.18544292230736412,-0.05987424991904028,-0.1455453588795479,-0.17357449554051183,-0.0946711225755046,-0.15162983458843068,-0.04893349504329608,0.0,1,full
reversed72,side=A_side|tfc=mid|phase=q4,26,O4_B_C_boundary,-0.029220468924331493,0.12348880090069668,0.10316793647432769,0.14218563565360176,0.17222469873969465,0.14107747757639144,0.1606703038525575,0.1571851468027302,-0.08444587149356995,-0.147373197247204,-0.03510181232976305,0.03198146794823899,-0.03784030730203376,0.007675525784292729,0.0,1,full
reversed72,side=A_side|tfc=low|phase=q4,24,O3_A_C_boundary,-0.007497692514704052,0.09778345617025298,0.13175804664101315,0.20030400601381831,0.13143900437132341,0.12405338248122111,0.16542011835437,0.14924198596800098,-0.147984778394605,-0.04361062819530123,0.1029935154732663,-0.04445915479280426,-0.06469997752002514,0.03602177399352454,0.0,1,full
reversed72,side=A_side|tfc=high|phase=q1,26,O1_lag0_AB,-0.00926326268646871,0.20735770000540898,0.12778725919162776,0.17340667959285705,0.09925029869263008,0.13284512780990454,0.10831005301436368,0.1510428816932079,0.11090853902987821,-0.058518928154627156,0.04832653128769982,-0.14697159825663803,-0.04493292442069669,-0.11639803206703683,0.0,1,full
reversed72,side=A_side|tfc=mid|phase=q1,17,O7_suppress_event,-0.16967372521888424,0.12797205040455054,0.1572351756954259,0.11807438043472221,0.11224922544260701,0.13342202560880106,0.10961112721459305,0.24143601519930008,-0.22217741234884109,-0.15010165507520967,-0.2503514027079257,-0.2680590024920416,-0.20758054142323865,-0.27638295843613986,0.0,1,full
reversed72,side=B_side|tfc=low|phase=q4,43,O4_B_C_boundary,0.02327733940617846,0.15755426850643203,0.1622648273528498,0.10025994410744762,0.16703484825721962,0.13741207000037572,0.14028059762980802,0.13519344414586718,0.053572150966470784,0.06388307270199917,-0.10462914631004723,0.0740235266605932,0.005697142237822309,0.0129283045986134,0.0,2,full
reversed72,side=A_side|tfc=low|phase=q1,25,O7_suppress_event,-0.12215166127039404,0.07023679708640526,0.13379461649107321,0.14555586000510057,0.10497804591786045,0.15366934185431497,0.17927735582252505,0.2124879828227205,-0.38745458031799457,-0.1619028333828343,-0.13241392669680066,-0.24679696774024612,-0.1134287952474723,-0.05948297419026341,0.0,2,full
reversed72,side=A_side|tfc=high|phase=q4,25,O5_full_TFC,0.022331258159898476,0.15564268683242596,0.10965580018479937,0.13042008694933332,0.15847270865489774,0.21775173165411832,0.0892996916788449,0.1387572940455804,0.0401928065515976,-0.08238298257546144,-0.021687974801757326,0.04649962534227083,0.15772023653597708,-0.15425489999874625,0.0,2,full
reversed72,side=B_side|tfc=high|phase=q1,40,O1_lag0_AB,0.12849662047112287,0.20876366375112224,0.13595877498219308,0.1571050133065793,0.14722331831603946,0.12930035689100997,0.12033773344954603,0.10131113930351007,0.25305225678792437,0.10295437107719338,0.1535513306589655,0.1308139831261786,0.08537958703168606,0.060237053219135396,0.0,2,full
reversed72,side=B_side|tfc=high|phase=q4,41,O5_full_TFC,0.259975078404627,0.1785565238985885,0.13115584724875978,0.12263743255383537,0.09139286290513905,0.31131166780353553,0.08820604866312715,0.07673961692701461,0.29557049151442805,0.18758886887225737,0.16408497229206076,0.061162253620015414,0.49013176263315245,0.048740106320973794,0.0,2,full
reversed72,side=B_side|tfc=low|phase=q1,39,O4_B_C_boundary,0.014304463878040179,0.10106639426766391,0.14131851422329886,0.12716922517505636,0.18801755193561137,0.12976649049430944,0.1730558751378522,0.13960594876620785,-0.11306614637609762,0.004267377279904871,-0.0326567924104725,0.1041990311155028,-0.025580517907053128,0.07517675118392078,0.0,2,full
reversed72,side=B_side|tfc=mid|phase=q4,36,O2_lag5_AB,0.04529348330813955,0.15905009280810103,0.16551070628029518,0.12456325402880601,0.1382161337435846,0.15069491901465212,0.1357820648324853,0.1261828292920757,0.08102056212331356,0.0949564006587852,-0.0045213804950339056,0.03188036780457948,0.06213392773396704,0.0256617391070718,0.0,2,full
reversed72,side=B_side|tfc=mid|phase=q1,50,O6_phase_only,-0.047411490434782634,0.14733469247968314,0.13710496875417044,0.12127904236043546,0.13706315969728367,0.12262632385724882,0.1697751050863434,0.1648167077648349,-0.03924451162186318,-0.06443050833395766,-0.10735898902625099,-0.06453725429386516,-0.10349229820854294,0.010374229449193941,0.0,2,full
reversed72,side=A_side|tfc=mid|phase=q4,24,O4_B_C_boundary,0.002573742457965717,0.10580729796360998,0.10170249925743029,0.14837121167598408,0.18776379715967245,0.16896746810720586,0.14261579606813013,0.14477192976796716,-0.10973903852040756,-0.12358770494365949,0.008595200091491118,0.09100880909667348,0.054091307907183396,-0.005251866288884822,0.0,2,full
reversed72,side=A_side|tfc=low|phase=q4,32,O3_A_C_boundary,-0.007077448447945865,0.10499636947909889,0.16912882557574901,0.1838404694783339,0.1418124647495091,0.1320298233057762,0.1201206033493723,0.14807144406216063,-0.1203191899934225,0.0465380365135902,0.07573071813768067,-0.015116280713875722,-0.04013346968237854,-0.07321951750612495,0.0,2,full
reversed72,side=A_side|tfc=high|phase=q1,22,O1_lag0_AB,-0.059185961943217937,0.1742814440852821,0.13163521727213873,0.142740920282775,0.08855586368890722,0.13967241889493837,0.15073616706499884,0.17237796871095976,0.0038436751003146238,-0.09437923838784132,-0.06603041115140655,-0.23311959207855956,-0.07363640989339225,-0.04695547070536346,0.0,2,full
reversed72,side=A_side|tfc=mid|phase=q1,20,O7_suppress_event,-0.16105460324874224,0.10175687659364199,0.16055344628861157,0.16603994393514063,0.10112296998662258,0.12700492775805752,0.1059440105382705,0.23757782489965515,-0.2967680969110036,-0.13715392871770032,-0.125393403821029,-0.29895528344740413,-0.21919427832250227,-0.28265457552193957,0.0,2,full
reversed72,side=B_side|tfc=low|phase=q4,48,O4_B_C_boundary,0.0022930551427299732,0.14363521869403603,0.15931625346559342,0.09976968479909609,0.17313143778072257,0.14170835436862783,0.13890887367071397,0.1435301772212101,0.0002560511652987078,0.036521077228797896,-0.1272883253846234,0.06562701413514778,-0.00447097147538789,-0.011454510997080317,0.0,3,full
reversed72,side=A_side|tfc=low|phase=q1,19,O6_phase_only,-0.04816361300409454,0.08469325619024785,0.15658618874789104,0.12875072540406007,0.10485548084782885,0.17615742620874048,0.17984112133451524,0.16911580126671633,-0.2420417007149288,-0.026941988380041353,-0.09544693239634941,-0.16730023298036,0.014278028614244414,0.02152153744922027,0.0,3,full
reversed72,side=A_side|tfc=high|phase=q4,30,O1_lag0_AB,-0.02830284098812698,0.18336884014236768,0.10736476285011325,0.1655120612943773,0.13521010179428777,0.17780880790549786,0.06945593945179318,0.1612794865615631,0.04492629503391982,-0.14241736801549262,0.009066844051095159,-0.061708123093699004,0.0341495205705791,-0.2948561750918503,0.0,3,full
reversed72,side=B_side|tfc=high|phase=q1,39,O1_lag0_AB,0.16884462814122828,0.21710894596513475,0.14806614115166078,0.13499274381977233,0.13021891834282517,0.13704621799897398,0.1418267724298943,0.09074026029173862,0.30533934897042264,0.17138027579094092,0.13902695965703465,0.12642555751526596,0.14431097933568696,0.15631184018117067,0.0,3,full
reversed72,side=B_side|tfc=high|phase=q4,33,O5_full_TFC,0.27668890715908684,0.17956911868786765,0.13619896265556825,0.0964841469059879,0.09112659091880364,0.33606959398730457,0.08518987209858225,0.07536171474588588,0.3038912842247036,0.20713608765012678,0.08647776550496265,0.06648259266276345,0.5232566077934208,0.042904109716588035,0.0,3,full
reversed72,side=B_side|tfc=low|phase=q1,44,O4_B_C_boundary,0.07145169618817065,0.10016214190848553,0.15669669191716556,0.1258935281588835,0.1882870962424643,0.12161584692846723,0.1878562280686617,0.11948846677587216,-0.06175034683508321,0.09488226434061339,0.018275838257315633,0.1591618179484552,0.006176599379441589,0.15835997504952276,0.0,3,full
reversed72,side=B_side|tfc=mid|phase=q4,38,O6_phase_only,0.026686630667153356,0.14907714698730684,0.15537986135436327,0.12216049892569007,0.12412021138668504,0.14545324931238113,0.17058707910783938,0.13322195292573416,0.03935658324003023,0.0538496983291359,-0.030338283913187984,-0.024768104766709296,0.030743358845967194,0.0865302682897087,0.0,3,full
reversed72,side=B_side|tfc=mid|phase=q1,52,O7_suppress_event,-0.1082651804767936,0.13277385179758286,0.12922396992590474,0.11436128756961808,0.13200135152794035,0.12225286607761925,0.17115258309503195,0.1982340900063028,-0.14028045030264674,-0.14976552683278754,-0.19253009258453913,-0.14232275530815117,-0.16917496142459237,-0.05141260168711245,0.0,3,full
reversed72,side=A_side|tfc=mid|phase=q4,23,O5_full_TFC,-0.027915514052241238,0.12727553638179784,0.1130432917485112,0.13531215703840285,0.15563658498096306,0.16344832127519143,0.14945859543036719,0.1558255131447667,-0.07083389657417921,-0.11233810616389908,-0.04940337225906609,-0.0004246093880398316,0.01671599537069739,-0.014601116230475986,0.0,3,full
reversed72,side=A_side|tfc=low|phase=q4,27,O2_lag5_AB,0.07541646722689385,0.11807928234945037,0.20213950772703243,0.14809048821440995,0.1365319655734958,0.1370840764065897,0.14104886851531545,0.1170258112137063,0.0031366174134487795,0.19129725027178476,0.08240014112883577,0.05395748683617719,0.05536997020119757,0.0653491637452466,0.0,3,full
reversed72,side=A_side|tfc=high|phase=q1,19,O1_lag0_AB,0.04110891193198407,0.21006773547478544,0.15715438473124146,0.15403867525930362,0.11108627076204852,0.14333087707204867,0.09356350135683855,0.13075855534373362,0.1659271232309983,0.06435664577215812,0.05734791135062994,-0.05706589704664465,0.03213113733282796,-0.11714925914173455,0.0,3,full
reversed72,side=A_side|tfc=mid|phase=q1,22,O7_suppress_event,-0.16305877570872995,0.106364574627206,0.15633148541530814,0.1491707847535847,0.10302821706032599,0.13804558880019388,0.10956655079921329,0.2374927985441679,-0.2811426537009077,-0.1463555246154886,-0.16276590580017483,-0.29229703941972,-0.18989366090402057,-0.27076180831020963,0.0,3,full
reversed72,side=B_side|tfc=low|phase=q4,39,O5_full_TFC,0.03696022299015266,0.13144601286626503,0.15698621151234526,0.11544073687657638,0.15764993593934157,0.16956274559443127,0.1393749324057089,0.12953942480533182,0.005113830860396516,0.06726044614470836,-0.04032979153482694,0.0687370971647098,0.09423321787598878,0.025613834320915522,0.0,4,full
reversed72,side=A_side|tfc=low|phase=q1,26,O7_suppress_event,-0.11825575893838858,0.08693576234624077,0.12509715351248984,0.1835330230584712,0.12412594844763973,0.1301060849141499,0.14304413738099556,0.20715789034001297,-0.3039091214907069,-0.1765367079925049,-0.042380325507202006,-0.17926457303175064,-0.16279588580578963,-0.1296148077457984,0.0,4,full
reversed72,side=A_side|tfc=high|phase=q4,27,O5_full_TFC,0.007167870179031498,0.16571187064137874,0.11444442173839492,0.17355636155576007,0.12676072560872187,0.20803643382279868,0.06450979047907487,0.14698039615387104,0.04198296999224631,-0.08757346951605846,0.058171112549133284,-0.05179928575840579,0.12159490300427969,-0.2882187755062366,0.0,4,full
reversed72,side=B_side|tfc=high|phase=q1,36,O1_lag0_AB,-0.015583654993914876,0.20833830651389534,0.1330394163386611,0.11520019590144659,0.1374558663043836,0.12764775615006516,0.12615274051361836,0.1521657182779299,0.10996756864387515,-0.04701365585647475,-0.09740455549584374,-0.03558354993537193,-0.0614934646871004,-0.065616872889707,0.0,4,full
reversed72,side=B_side|tfc=high|phase=q4,41,O5_full_TFC,0.25384477963372026,0.19523747335218034,0.1340037384830555,0.11099563772009102,0.09230753818326717,0.28538572381469995,0.10548398392940658,0.07658590451729946,0.3275312544053155,0.19580912855336763,0.1298772492645881,0.06534946703337255,0.46040002275393865,0.11205112961580387,0.0,4,full
reversed72,side=B_side|tfc=low|phase=q1,42,O4_B_C_boundary,0.09223072691844494,0.08829498056168827,0.16097719140699643,0.13414667462907348,0.19719917706512585,0.13080625448349464,0.17546816902129903,0.11310755283232236,-0.08667956510704723,0.12352323397750813,0.059708119482445796,0.1945562878150754,0.05088233290454248,0.15369147231858132,0.0,4,full
reversed72,side=B_side|tfc=mid|phase=q4,44,O6_phase_only,0.009187216773604828,0.1262433851671128,0.15054410312712213,0.13411130305878416,0.12909155919207807,0.1422904514233801,0.17770618299876936,0.14001301503275346,-0.03623329875940559,0.025382245870068255,-0.015072857726223923,-0.028424714160084397,0.005647256406136641,0.08343865121828611,0.0,4,full
reversed72,side=B_side|tfc=mid|phase=q1,47,O6_phase_only,-0.031746977077761224,0.13674752494251002,0.13596496139710224,0.11345369011967282,0.1472512954181732,0.1292099067000664,0.17947405941964775,0.1578985620028275,-0.05033576527373243,-0.0523444594583007,-0.11569532699024254,-0.024434268007912305,-0.07018009199397729,0.04482725362803659,0.0,4,full
reversed72,side=A_side|tfc=mid|phase=q4,24,O3_A_C_boundary,-0.07197029942028452,0.09534229679072152,0.10312451183857155,0.18726163930133108,0.140757734414656,0.17267484053602986,0.11985321109565389,0.1809857660230361,-0.22433069659159308,-0.19686844676089865,0.011930937270487208,-0.08798235966466472,-0.01645283357693465,-0.14425272199592434,0.0,4,full
reversed72,side=A_side|tfc=low|phase=q4,27,O3_A_C_boundary,0.06963408321523118,0.10021435086890608,0.13713796958032978,0.2141708085829358,0.1503141980639798,0.1374029540367333,0.14072608710637857,0.12003363176073667,-0.06316119864181229,0.046625434837343695,0.2026506647945748,0.0787345261288488,0.04730106881802265,0.055665185860582514,0.0,4,full
reversed72,side=A_side|tfc=high|phase=q1,24,O1_lag0_AB,0.15078706089536226,0.21135778361037924,0.15743700070477307,0.16999699599766502,0.08808657966059717,0.13346060099217252,0.14316892868031958,0.09649211035409344,0.2744318875830967,0.17134744749744427,0.19821183174739085,-0.03189936975014988,0.11352077226514691,0.1380974019180049,0.0,4,full
reversed72,side=A_side|tfc=mid|phase=q1,22,O7_suppress_event,-0.17194182331607719,0.10232978860727268,0.13980311998999592,0.15129222489059296,0.1139970820903879,0.13656057074491784,0.11233271925926996,0.2436844944175626,-0.303685729762581,-0.19447371504188382,-0.16683138574543135,-0.26589551818937435,-0.20268712624574944,-0.27104320522125563,0.0,4,full
reversed72,side=B_side|tfc=high|phase=q1,40,O1_lag0_AB,0.08610302424734836,0.2016115058929199,0.13092265465738695,0.14847033547466254,0.14262891982834924,0.1340320814745998,0.1288799609859215,0.11345454168615983,0.20122912758693548,0.050121569209044425,0.09414402699043913,0.08009541692165219,0.05833692982930469,0.04461771763270328,0.0,0,core_5
reversed72,side=A_side|tfc=high|phase=q4,33,O5_full_TFC,0.055579742868915344,0.1709589287513892,0.11158911982915735,0.1786084300461832,0.13105614918145983,0.19859536251491558,0.08277730150106817,0.12641470817582673,0.10564942773700589,-0.04366049956432804,0.12096981082944036,0.012620304893710516,0.15809554717708768,-0.1481948824108615,0.0,0,core_5
reversed72,side=A_side|tfc=low|phase=q4,30,O3_A_C_boundary,0.0025856635781065524,0.10287130321091892,0.16261547502812138,0.17671188175804542,0.14043651758468048,0.12679625629031605,0.14701334970428137,0.14355521642363642,-0.11663435736547108,0.04363401711560141,0.07273030624385073,-0.007687466535031836,-0.04344837965528929,0.008331278319251194,0.0,0,core_5
reversed72,side=A_side|tfc=high|phase=q1,25,O1_lag0_AB,0.11198516944741416,0.22353931257559323,0.12334518112138744,0.17142592252027372,0.10492579827490496,0.12736024371125035,0.14199739637496872,0.10740614542162154,0.2565394626901094,0.048429281293540107,0.16363684199028228,-0.008177394097318963,0.059640782347236646,0.09771696258353575,0.0,0,core_5
reversed72,side=B_side|tfc=high|phase=q4,39,O5_full_TFC,0.1568624456422353,0.1967978980937328,0.13644594551578407,0.13013599245437266,0.10289417029114858,0.2246759032742622,0.11330355995061304,0.09574653042008671,0.2521655193961466,0.12397844937270107,0.10740646276459694,0.025198808436677333,0.2985340898096005,0.058928168784783935,0.0,0,core_5
reversed72,side=B_side|tfc=low|phase=q1,37,O4_B_C_boundary,0.11459699359743981,0.09844262101831125,0.14158061802414215,0.13003839831115283,0.20390039985238856,0.1194555548344367,0.1997398607298822,0.10684254722968627,-0.02865883257419208,0.09852957241294133,0.06876574214049967,0.22619639318749613,0.03905585131870871,0.21898085792252386,0.0,0,core_5
reversed72,side=A_side|tfc=mid|phase=q4,23,O3_A_C_boundary,0.0042022949918716366,0.11891758174942804,0.09409336642909215,0.17459655135457397,0.17079388933182071,0.14278200067319638,0.15510422265166995,0.1437123878102186,-0.06628416641215319,-0.14823425617962216,0.06813236363260826,0.06042522799020197,-0.0022732497095360616,0.02669915490756377,0.0,0,core_5
reversed72,side=B_side|tfc=mid|phase=q1,41,O7_suppress_event,-0.08195033033177726,0.14585844997044534,0.12915260768899822,0.12522064814369505,0.1278297330500653,0.1230741333646143,0.16632141679312684,0.18254301098905487,-0.07852221693357911,-0.12109688899147475,-0.13191795944740806,-0.12470032891739048,-0.1379696282337037,-0.03257228097089861,0.0,0,core_5
reversed72,side=B_side|tfc=low|phase=q4,29,O4_B_C_boundary,-0.03449858212987416,0.13711301739685777,0.14976878515027245,0.09232112047228587,0.19768419774410984,0.10916384684481807,0.15218521563099205,0.16176381676066404,-0.05786613698237222,-0.026965637182744945,-0.1963025437390554,0.0701867062054607,-0.1376505950946823,-0.021363666542395326,0.0,0,core_5
reversed72,side=A_side|tfc=mid|phase=q1,23,O7_suppress_event,-0.18468246562463522,0.1090706909412274,0.14929189439480767,0.14853352423151342,0.09374078033178418,0.1375694966087136,0.10574752396612995,0.25604608952582386,-0.29867643845283154,-0.1888089185984303,-0.19059137311192262,-0.35168845200936155,-0.21742988616423858,-0.3095060716526281,0.0,0,core_5
reversed72,side=A_side|tfc=low|phase=q1,24,O7_suppress_event,-0.13303319710156042,0.06576025516459129,0.1241977457940038,0.18248671009079356,0.13938516128060427,0.15148707062835237,0.11631898175868852,0.22036407528296628,-0.42324290232138545,-0.20069211632979392,-0.06601130103185153,-0.16031400720245573,-0.13117327554241678,-0.22363068218103851,0.0,0,core_5
reversed72,side=B_side|tfc=mid|phase=q4,39,O6_phase_only,0.04570037054367964,0.14619699017407953,0.14213086210213882,0.13822213448962267,0.13094458705705128,0.15829722804366517,0.15842145213006215,0.12578674600338036,0.05262844265948977,0.04275607570125327,0.03299592807324657,0.014065188590269697,0.08046026622286853,0.08073482175236647,0.0,0,core_5
reversed72,side=B_side|tfc=low|phase=q4,41,O4_B_C_boundary,0.009949743132801754,0.13899839416648274,0.16423141382153109,0.10672719481380076,0.1695543338847752,0.15058871552858685,0.12967948969993898,0.14022045808488443,-0.003063726529440817,0.055321212949601815,-0.09552896048824826,0.0664851406351614,0.02496777422812993,-0.027352479814242905,0.0,1,core_5
reversed72,side=A_side|tfc=low|phase=q1,26,O7_suppress_event,-0.1459227045325376,0.07855127996342667,0.12154357013567277,0.1657278368066697,0.11412411636381542,0.1585616425168002,0.13456156025035637,0.22692999396325897,-0.37131146983812424,-0.21852907049461806,-0.11000313371061123,-0.24057424198478666,-0.12547435032687915,-0.18291692367218357,0.0,1,core_5
reversed72,side=A_side|tfc=high|phase=q4,33,O3_A_C_boundary,-0.05577229361044608,0.1532495438886814,0.11214626724736775,0.17575536585312604,0.1377008810530929,0.16242800036057414,0.08707434192348576,0.171645599673672,-0.039677499946700036,-0.14896976754705818,0.008281412047080425,-0.07712182801785827,-0.019318969333402897,-0.23753436891678475,0.0,1,core_5
reversed72,side=B_side|tfc=high|phase=q1,45,O1_lag0_AB,0.13283708007607753,0.20440687931747456,0.15326638634098058,0.1338507911731239,0.14771338319485705,0.13652529431519628,0.12441648352065289,0.09982078213771468,0.2508576400482051,0.15008038330645634,0.10267224847279031,0.1371640888111188,0.10959672650659996,0.07709039667724807,0.0,1,core_5
reversed72,side=B_side|tfc=high|phase=q4,42,O5_full_TFC,0.26765016445216266,0.16917320321704676,0.14923963999055867,0.12770070510101403,0.09797718354305775,0.2707917116938916,0.11299498100066323,0.07212257545376785,0.2983945834929787,0.2545151796928733,0.19996276166828542,0.10722863277119511,0.4630439889093911,0.15714170270107863,0.0,1,core_5
reversed72,side=B_side|tfc=low|phase=q1,38,O4_B_C_boundary,0.07509562494261099,0.10376384988849466,0.15374413371042212,0.1387035317640341,0.19960934821811924,0.1342411279612139,0.1524120578881643,0.11752595056955162,-0.043589532702673385,0.09402070514183916,0.05798786882614666,0.18539606135069323,0.04654246805074898,0.09097500825475548,0.0,1,core_5
reversed72,side=B_side|tfc=mid|phase=q4,39,O6_phase_only,0.021793978877588945,0.13406618749064966,0.15718702474371452,0.13022743829626693,0.12537367104647976,0.15016162208659403,0.1680548365459111,0.13492921979038391,-0.0022458550083986695,0.05344009779255405,-0.012413763572903564,-0.025708093844999655,0.037436648028760164,0.07683899687025965,0.0,1,core_5
reversed72,side=B_side|tfc=mid|phase=q1,50,O7_suppress_event,-0.08628627611579864,0.15628446694836567,0.12235213696434366,0.11293585561653428,0.14149412780327564,0.1202435223590444,0.1612469680010722,0.18544292230736412,-0.05987424991904028,-0.1455453588795479,-0.17357449554051183,-0.0946711225755046,-0.15162983458843068,-0.04893349504329608,0.0,1,core_5
reversed72,side=A_side|tfc=mid|phase=q4,26,O4_B_C_boundary,-0.029220468924331493,0.12348880090069668,0.10316793647432769,0.14218563565360176,0.17222469873969465,0.14107747757639144,0.1606703038525575,0.1571851468027302,-0.08444587149356995,-0.147373197247204,-0.03510181232976305,0.03198146794823899,-0.03784030730203376,0.007675525784292729,0.0,1,core_5
reversed72,side=A_side|tfc=low|phase=q4,24,O3_A_C_boundary,-0.007497692514704052,0.09778345617025298,0.13175804664101315,0.20030400601381831,0.13143900437132341,0.12405338248122111,0.16542011835437,0.14924198596800098,-0.147984778394605,-0.04361062819530123,0.1029935154732663,-0.04445915479280426,-0.06469997752002514,0.03602177399352454,0.0,1,core_5
reversed72,side=A_side|tfc=high|phase=q1,26,O1_lag0_AB,-0.00926326268646871,0.20735770000540898,0.12778725919162776,0.17340667959285705,0.09925029869263008,0.13284512780990454,0.10831005301436368,0.1510428816932079,0.11090853902987821,-0.058518928154627156,0.04832653128769982,-0.14697159825663803,-0.04493292442069669,-0.11639803206703683,0.0,1,core_5
reversed72,side=A_side|tfc=mid|phase=q1,17,O7_suppress_event,-0.16967372521888424,0.12797205040455054,0.1572351756954259,0.11807438043472221,0.11224922544260701,0.13342202560880106,0.10961112721459305,0.24143601519930008,-0.22217741234884109,-0.15010165507520967,-0.2503514027079257,-0.2680590024920416,-0.20758054142323865,-0.27638295843613986,0.0,1,core_5
reversed72,side=B_side|tfc=low|phase=q4,43,O4_B_C_boundary,0.02327733940617846,0.15755426850643203,0.1622648273528498,0.10025994410744762,0.16703484825721962,0.13741207000037572,0.14028059762980802,0.13519344414586718,0.053572150966470784,0.06388307270199917,-0.10462914631004723,0.0740235266605932,0.005697142237822309,0.0129283045986134,0.0,2,core_5
reversed72,side=A_side|tfc=low|phase=q1,25,O7_suppress_event,-0.12215166127039404,0.07023679708640526,0.13379461649107321,0.14555586000510057,0.10497804591786045,0.15366934185431497,0.17927735582252505,0.2124879828227205,-0.38745458031799457,-0.1619028333828343,-0.13241392669680066,-0.24679696774024612,-0.1134287952474723,-0.05948297419026341,0.0,2,core_5
reversed72,side=A_side|tfc=high|phase=q4,25,O5_full_TFC,0.022331258159898476,0.15564268683242596,0.10965580018479937,0.13042008694933332,0.15847270865489774,0.21775173165411832,0.0892996916788449,0.1387572940455804,0.0401928065515976,-0.08238298257546144,-0.021687974801757326,0.04649962534227083,0.15772023653597708,-0.15425489999874625,0.0,2,core_5
reversed72,side=B_side|tfc=high|phase=q1,40,O1_lag0_AB,0.12849662047112287,0.20876366375112224,0.13595877498219308,0.1571050133065793,0.14722331831603946,0.12930035689100997,0.12033773344954603,0.10131113930351007,0.25305225678792437,0.10295437107719338,0.1535513306589655,0.1308139831261786,0.08537958703168606,0.060237053219135396,0.0,2,core_5
reversed72,side=B_side|tfc=high|phase=q4,41,O5_full_TFC,0.259975078404627,0.1785565238985885,0.13115584724875978,0.12263743255383537,0.09139286290513905,0.31131166780353553,0.08820604866312715,0.07673961692701461,0.29557049151442805,0.18758886887225737,0.16408497229206076,0.061162253620015414,0.49013176263315245,0.048740106320973794,0.0,2,core_5
reversed72,side=B_side|tfc=low|phase=q1,39,O4_B_C_boundary,0.014304463878040179,0.10106639426766391,0.14131851422329886,0.12716922517505636,0.18801755193561137,0.12976649049430944,0.1730558751378522,0.13960594876620785,-0.11306614637609762,0.004267377279904871,-0.0326567924104725,0.1041990311155028,-0.025580517907053128,0.07517675118392078,0.0,2,core_5
reversed72,side=B_side|tfc=mid|phase=q4,36,O2_lag5_AB,0.04529348330813955,0.15905009280810103,0.16551070628029518,0.12456325402880601,0.1382161337435846,0.15069491901465212,0.1357820648324853,0.1261828292920757,0.08102056212331356,0.0949564006587852,-0.0045213804950339056,0.03188036780457948,0.06213392773396704,0.0256617391070718,0.0,2,core_5
reversed72,side=B_side|tfc=mid|phase=q1,50,O6_phase_only,-0.047411490434782634,0.14733469247968314,0.13710496875417044,0.12127904236043546,0.13706315969728367,0.12262632385724882,0.1697751050863434,0.1648167077648349,-0.03924451162186318,-0.06443050833395766,-0.10735898902625099,-0.06453725429386516,-0.10349229820854294,0.010374229449193941,0.0,2,core_5
reversed72,side=A_side|tfc=mid|phase=q4,24,O4_B_C_boundary,0.002573742457965717,0.10580729796360998,0.10170249925743029,0.14837121167598408,0.18776379715967245,0.16896746810720586,0.14261579606813013,0.14477192976796716,-0.10973903852040756,-0.12358770494365949,0.008595200091491118,0.09100880909667348,0.054091307907183396,-0.005251866288884822,0.0,2,core_5
reversed72,side=A_side|tfc=low|phase=q4,32,O3_A_C_boundary,-0.007077448447945865,0.10499636947909889,0.16912882557574901,0.1838404694783339,0.1418124647495091,0.1320298233057762,0.1201206033493723,0.14807144406216063,-0.1203191899934225,0.0465380365135902,0.07573071813768067,-0.015116280713875722,-0.04013346968237854,-0.07321951750612495,0.0,2,core_5
reversed72,side=A_side|tfc=high|phase=q1,22,O1_lag0_AB,-0.059185961943217937,0.1742814440852821,0.13163521727213873,0.142740920282775,0.08855586368890722,0.13967241889493837,0.15073616706499884,0.17237796871095976,0.0038436751003146238,-0.09437923838784132,-0.06603041115140655,-0.23311959207855956,-0.07363640989339225,-0.04695547070536346,0.0,2,core_5
reversed72,side=A_side|tfc=mid|phase=q1,20,O7_suppress_event,-0.16105460324874224,0.10175687659364199,0.16055344628861157,0.16603994393514063,0.10112296998662258,0.12700492775805752,0.1059440105382705,0.23757782489965515,-0.2967680969110036,-0.13715392871770032,-0.125393403821029,-0.29895528344740413,-0.21919427832250227,-0.28265457552193957,0.0,2,core_5
reversed72,side=B_side|tfc=low|phase=q4,48,O4_B_C_boundary,0.0022930551427299732,0.14363521869403603,0.15931625346559342,0.09976968479909609,0.17313143778072257,0.14170835436862783,0.13890887367071397,0.1435301772212101,0.0002560511652987078,0.036521077228797896,-0.1272883253846234,0.06562701413514778,-0.00447097147538789,-0.011454510997080317,0.0,3,core_5
reversed72,side=A_side|tfc=low|phase=q1,19,O6_phase_only,-0.04816361300409454,0.08469325619024785,0.15658618874789104,0.12875072540406007,0.10485548084782885,0.17615742620874048,0.17984112133451524,0.16911580126671633,-0.2420417007149288,-0.026941988380041353,-0.09544693239634941,-0.16730023298036,0.014278028614244414,0.02152153744922027,0.0,3,core_5
reversed72,side=A_side|tfc=high|phase=q4,30,O1_lag0_AB,-0.02830284098812698,0.18336884014236768,0.10736476285011325,0.1655120612943773,0.13521010179428777,0.17780880790549786,0.06945593945179318,0.1612794865615631,0.04492629503391982,-0.14241736801549262,0.009066844051095159,-0.061708123093699004,0.0341495205705791,-0.2948561750918503,0.0,3,core_5
reversed72,side=B_side|tfc=high|phase=q1,39,O1_lag0_AB,0.16884462814122828,0.21710894596513475,0.14806614115166078,0.13499274381977233,0.13021891834282517,0.13704621799897398,0.1418267724298943,0.09074026029173862,0.30533934897042264,0.17138027579094092,0.13902695965703465,0.12642555751526596,0.14431097933568696,0.15631184018117067,0.0,3,core_5
reversed72,side=B_side|tfc=high|phase=q4,33,O5_full_TFC,0.27668890715908684,0.17956911868786765,0.13619896265556825,0.0964841469059879,0.09112659091880364,0.33606959398730457,0.08518987209858225,0.07536171474588588,0.3038912842247036,0.20713608765012678,0.08647776550496265,0.06648259266276345,0.5232566077934208,0.042904109716588035,0.0,3,core_5
reversed72,side=B_side|tfc=low|phase=q1,44,O4_B_C_boundary,0.07145169618817065,0.10016214190848553,0.15669669191716556,0.1258935281588835,0.1882870962424643,0.12161584692846723,0.1878562280686617,0.11948846677587216,-0.06175034683508321,0.09488226434061339,0.018275838257315633,0.1591618179484552,0.006176599379441589,0.15835997504952276,0.0,3,core_5
reversed72,side=B_side|tfc=mid|phase=q4,38,O6_phase_only,0.026686630667153356,0.14907714698730684,0.15537986135436327,0.12216049892569007,0.12412021138668504,0.14545324931238113,0.17058707910783938,0.13322195292573416,0.03935658324003023,0.0538496983291359,-0.030338283913187984,-0.024768104766709296,0.030743358845967194,0.0865302682897087,0.0,3,core_5
reversed72,side=B_side|tfc=mid|phase=q1,52,O7_suppress_event,-0.1082651804767936,0.13277385179758286,0.12922396992590474,0.11436128756961808,0.13200135152794035,0.12225286607761925,0.17115258309503195,0.1982340900063028,-0.14028045030264674,-0.14976552683278754,-0.19253009258453913,-0.14232275530815117,-0.16917496142459237,-0.05141260168711245,0.0,3,core_5
reversed72,side=A_side|tfc=mid|phase=q4,23,O5_full_TFC,-0.027915514052241238,0.12727553638179784,0.1130432917485112,0.13531215703840285,0.15563658498096306,0.16344832127519143,0.14945859543036719,0.1558255131447667,-0.07083389657417921,-0.11233810616389908,-0.04940337225906609,-0.0004246093880398316,0.01671599537069739,-0.014601116230475986,0.0,3,core_5
reversed72,side=A_side|tfc=low|phase=q4,27,O2_lag5_AB,0.07541646722689385,0.11807928234945037,0.20213950772703243,0.14809048821440995,0.1365319655734958,0.1370840764065897,0.14104886851531545,0.1170258112137063,0.0031366174134487795,0.19129725027178476,0.08240014112883577,0.05395748683617719,0.05536997020119757,0.0653491637452466,0.0,3,core_5
reversed72,side=A_side|tfc=high|phase=q1,19,O1_lag0_AB,0.04110891193198407,0.21006773547478544,0.15715438473124146,0.15403867525930362,0.11108627076204852,0.14333087707204867,0.09356350135683855,0.13075855534373362,0.1659271232309983,0.06435664577215812,0.05734791135062994,-0.05706589704664465,0.03213113733282796,-0.11714925914173455,0.0,3,core_5
reversed72,side=A_side|tfc=mid|phase=q1,22,O7_suppress_event,-0.16305877570872995,0.106364574627206,0.15633148541530814,0.1491707847535847,0.10302821706032599,0.13804558880019388,0.10956655079921329,0.2374927985441679,-0.2811426537009077,-0.1463555246154886,-0.16276590580017483,-0.29229703941972,-0.18989366090402057,-0.27076180831020963,0.0,3,core_5
reversed72,side=B_side|tfc=low|phase=q4,39,O5_full_TFC,0.03696022299015266,0.13144601286626503,0.15698621151234526,0.11544073687657638,0.15764993593934157,0.16956274559443127,0.1393749324057089,0.12953942480533182,0.005113830860396516,0.06726044614470836,-0.04032979153482694,0.0687370971647098,0.09423321787598878,0.025613834320915522,0.0,4,core_5
reversed72,side=A_side|tfc=low|phase=q1,26,O7_suppress_event,-0.11825575893838858,0.08693576234624077,0.12509715351248984,0.1835330230584712,0.12412594844763973,0.1301060849141499,0.14304413738099556,0.20715789034001297,-0.3039091214907069,-0.1765367079925049,-0.042380325507202006,-0.17926457303175064,-0.16279588580578963,-0.1296148077457984,0.0,4,core_5
reversed72,side=A_side|tfc=high|phase=q4,27,O5_full_TFC,0.007167870179031498,0.16571187064137874,0.11444442173839492,0.17355636155576007,0.12676072560872187,0.20803643382279868,0.06450979047907487,0.14698039615387104,0.04198296999224631,-0.08757346951605846,0.058171112549133284,-0.05179928575840579,0.12159490300427969,-0.2882187755062366,0.0,4,core_5
reversed72,side=B_side|tfc=high|phase=q1,36,O1_lag0_AB,-0.015583654993914876,0.20833830651389534,0.1330394163386611,0.11520019590144659,0.1374558663043836,0.12764775615006516,0.12615274051361836,0.1521657182779299,0.10996756864387515,-0.04701365585647475,-0.09740455549584374,-0.03558354993537193,-0.0614934646871004,-0.065616872889707,0.0,4,core_5
reversed72,side=B_side|tfc=high|phase=q4,41,O5_full_TFC,0.25384477963372026,0.19523747335218034,0.1340037384830555,0.11099563772009102,0.09230753818326717,0.28538572381469995,0.10548398392940658,0.07658590451729946,0.3275312544053155,0.19580912855336763,0.1298772492645881,0.06534946703337255,0.46040002275393865,0.11205112961580387,0.0,4,core_5
reversed72,side=B_side|tfc=low|phase=q1,42,O4_B_C_boundary,0.09223072691844494,0.08829498056168827,0.16097719140699643,0.13414667462907348,0.19719917706512585,0.13080625448349464,0.17546816902129903,0.11310755283232236,-0.08667956510704723,0.12352323397750813,0.059708119482445796,0.1945562878150754,0.05088233290454248,0.15369147231858132,0.0,4,core_5
reversed72,side=B_side|tfc=mid|phase=q4,44,O6_phase_only,0.009187216773604828,0.1262433851671128,0.15054410312712213,0.13411130305878416,0.12909155919207807,0.1422904514233801,0.17770618299876936,0.14001301503275346,-0.03623329875940559,0.025382245870068255,-0.015072857726223923,-0.028424714160084397,0.005647256406136641,0.08343865121828611,0.0,4,core_5
reversed72,side=B_side|tfc=mid|phase=q1,47,O6_phase_only,-0.031746977077761224,0.13674752494251002,0.13596496139710224,0.11345369011967282,0.1472512954181732,0.1292099067000664,0.17947405941964775,0.1578985620028275,-0.05033576527373243,-0.0523444594583007,-0.11569532699024254,-0.024434268007912305,-0.07018009199397729,0.04482725362803659,0.0,4,core_5
reversed72,side=A_side|tfc=mid|phase=q4,24,O3_A_C_boundary,-0.07197029942028452,0.09534229679072152,0.10312451183857155,0.18726163930133108,0.140757734414656,0.17267484053602986,0.11985321109565389,0.1809857660230361,-0.22433069659159308,-0.19686844676089865,0.011930937270487208,-0.08798235966466472,-0.01645283357693465,-0.14425272199592434,0.0,4,core_5
reversed72,side=A_side|tfc=low|phase=q4,27,O3_A_C_boundary,0.06963408321523118,0.10021435086890608,0.13713796958032978,0.2141708085829358,0.1503141980639798,0.1374029540367333,0.14072608710637857,0.12003363176073667,-0.06316119864181229,0.046625434837343695,0.2026506647945748,0.0787345261288488,0.04730106881802265,0.055665185860582514,0.0,4,core_5
reversed72,side=A_side|tfc=high|phase=q1,24,O1_lag0_AB,0.15078706089536226,0.21135778361037924,0.15743700070477307,0.16999699599766502,0.08808657966059717,0.13346060099217252,0.14316892868031958,0.09649211035409344,0.2744318875830967,0.17134744749744427,0.19821183174739085,-0.03189936975014988,0.11352077226514691,0.1380974019180049,0.0,4,core_5
reversed72,side=A_side|tfc=mid|phase=q1,22,O7_suppress_event,-0.17194182331607719,0.10232978860727268,0.13980311998999592,0.15129222489059296,0.1139970820903879,0.13656057074491784,0.11233271925926996,0.2436844944175626,-0.303685729762581,-0.19447371504188382,-0.16683138574543135,-0.26589551818937435,-0.20268712624574944,-0.27104320522125563,0.0,4,core_5
reversed72,side=B_side|tfc=high|phase=q1,40,O1_lag0_AB,0.08610302424734836,0.2016115058929199,0.13092265465738695,0.14847033547466254,0.14262891982834924,0.1340320814745998,0.1288799609859215,0.11345454168615983,0.20122912758693548,0.050121569209044425,0.09414402699043913,0.08009541692165219,0.05833692982930469,0.04461771763270328,0.0,0,no_phase_only
reversed72,side=A_side|tfc=high|phase=q4,33,O5_full_TFC,0.055579742868915344,0.1709589287513892,0.11158911982915735,0.1786084300461832,0.13105614918145983,0.19859536251491558,0.08277730150106817,0.12641470817582673,0.10564942773700589,-0.04366049956432804,0.12096981082944036,0.012620304893710516,0.15809554717708768,-0.1481948824108615,0.0,0,no_phase_only
reversed72,side=A_side|tfc=low|phase=q4,30,O3_A_C_boundary,0.0025856635781065524,0.10287130321091892,0.16261547502812138,0.17671188175804542,0.14043651758468048,0.12679625629031605,0.14701334970428137,0.14355521642363642,-0.11663435736547108,0.04363401711560141,0.07273030624385073,-0.007687466535031836,-0.04344837965528929,0.008331278319251194,0.0,0,no_phase_only
reversed72,side=A_side|tfc=high|phase=q1,25,O1_lag0_AB,0.11198516944741416,0.22353931257559323,0.12334518112138744,0.17142592252027372,0.10492579827490496,0.12736024371125035,0.14199739637496872,0.10740614542162154,0.2565394626901094,0.048429281293540107,0.16363684199028228,-0.008177394097318963,0.059640782347236646,0.09771696258353575,0.0,0,no_phase_only
reversed72,side=B_side|tfc=high|phase=q4,39,O5_full_TFC,0.1568624456422353,0.1967978980937328,0.13644594551578407,0.13013599245437266,0.10289417029114858,0.2246759032742622,0.11330355995061304,0.09574653042008671,0.2521655193961466,0.12397844937270107,0.10740646276459694,0.025198808436677333,0.2985340898096005,0.058928168784783935,0.0,0,no_phase_only
reversed72,side=B_side|tfc=low|phase=q1,37,O4_B_C_boundary,0.11459699359743981,0.09844262101831125,0.14158061802414215,0.13003839831115283,0.20390039985238856,0.1194555548344367,0.1997398607298822,0.10684254722968627,-0.02865883257419208,0.09852957241294133,0.06876574214049967,0.22619639318749613,0.03905585131870871,0.21898085792252386,0.0,0,no_phase_only
reversed72,side=A_side|tfc=mid|phase=q4,23,O3_A_C_boundary,0.0042022949918716366,0.11891758174942804,0.09409336642909215,0.17459655135457397,0.17079388933182071,0.14278200067319638,0.15510422265166995,0.1437123878102186,-0.06628416641215319,-0.14823425617962216,0.06813236363260826,0.06042522799020197,-0.0022732497095360616,0.02669915490756377,0.0,0,no_phase_only
reversed72,side=B_side|tfc=mid|phase=q1,41,O7_suppress_event,-0.08195033033177726,0.14585844997044534,0.12915260768899822,0.12522064814369505,0.1278297330500653,0.1230741333646143,0.16632141679312684,0.18254301098905487,-0.07852221693357911,-0.12109688899147475,-0.13191795944740806,-0.12470032891739048,-0.1379696282337037,-0.03257228097089861,0.0,0,no_phase_only
reversed72,side=B_side|tfc=low|phase=q4,29,O4_B_C_boundary,-0.03449858212987416,0.13711301739685777,0.14976878515027245,0.09232112047228587,0.19768419774410984,0.10916384684481807,0.15218521563099205,0.16176381676066404,-0.05786613698237222,-0.026965637182744945,-0.1963025437390554,0.0701867062054607,-0.1376505950946823,-0.021363666542395326,0.0,0,no_phase_only
reversed72,side=A_side|tfc=mid|phase=q1,23,O7_suppress_event,-0.18468246562463522,0.1090706909412274,0.14929189439480767,0.14853352423151342,0.09374078033178418,0.1375694966087136,0.10574752396612995,0.25604608952582386,-0.29867643845283154,-0.1888089185984303,-0.19059137311192262,-0.35168845200936155,-0.21742988616423858,-0.3095060716526281,0.0,0,no_phase_only
reversed72,side=A_side|tfc=low|phase=q1,24,O7_suppress_event,-0.13303319710156042,0.06576025516459129,0.1241977457940038,0.18248671009079356,0.13938516128060427,0.15148707062835237,0.11631898175868852,0.22036407528296628,-0.42324290232138545,-0.20069211632979392,-0.06601130103185153,-0.16031400720245573,-0.13117327554241678,-0.22363068218103851,0.0,0,no_phase_only
reversed72,side=B_side|tfc=mid|phase=q4,39,O6_phase_only,0.04570037054367964,0.14619699017407953,0.14213086210213882,0.13822213448962267,0.13094458705705128,0.15829722804366517,0.15842145213006215,0.12578674600338036,0.05262844265948977,0.04275607570125327,0.03299592807324657,0.014065188590269697,0.08046026622286853,0.08073482175236647,0.0,0,no_phase_only
reversed72,side=B_side|tfc=low|phase=q4,41,O4_B_C_boundary,0.009949743132801754,0.13899839416648274,0.16423141382153109,0.10672719481380076,0.1695543338847752,0.15058871552858685,0.12967948969993898,0.14022045808488443,-0.003063726529440817,0.055321212949601815,-0.09552896048824826,0.0664851406351614,0.02496777422812993,-0.027352479814242905,0.0,1,no_phase_only
reversed72,side=A_side|tfc=low|phase=q1,26,O7_suppress_event,-0.1459227045325376,0.07855127996342667,0.12154357013567277,0.1657278368066697,0.11412411636381542,0.1585616425168002,0.13456156025035637,0.22692999396325897,-0.37131146983812424,-0.21852907049461806,-0.11000313371061123,-0.24057424198478666,-0.12547435032687915,-0.18291692367218357,0.0,1,no_phase_only
reversed72,side=A_side|tfc=high|phase=q4,33,O3_A_C_boundary,-0.05577229361044608,0.1532495438886814,0.11214626724736775,0.17575536585312604,0.1377008810530929,0.16242800036057414,0.08707434192348576,0.171645599673672,-0.039677499946700036,-0.14896976754705818,0.008281412047080425,-0.07712182801785827,-0.019318969333402897,-0.23753436891678475,0.0,1,no_phase_only
reversed72,side=B_side|tfc=high|phase=q1,45,O1_lag0_AB,0.13283708007607753,0.20440687931747456,0.15326638634098058,0.1338507911731239,0.14771338319485705,0.13652529431519628,0.12441648352065289,0.09982078213771468,0.2508576400482051,0.15008038330645634,0.10267224847279031,0.1371640888111188,0.10959672650659996,0.07709039667724807,0.0,1,no_phase_only
reversed72,side=B_side|tfc=high|phase=q4,42,O5_full_TFC,0.26765016445216266,0.16917320321704676,0.14923963999055867,0.12770070510101403,0.09797718354305775,0.2707917116938916,0.11299498100066323,0.07212257545376785,0.2983945834929787,0.2545151796928733,0.19996276166828542,0.10722863277119511,0.4630439889093911,0.15714170270107863,0.0,1,no_phase_only
reversed72,side=B_side|tfc=low|phase=q1,38,O4_B_C_boundary,0.07509562494261099,0.10376384988849466,0.15374413371042212,0.1387035317640341,0.19960934821811924,0.1342411279612139,0.1524120578881643,0.11752595056955162,-0.043589532702673385,0.09402070514183916,0.05798786882614666,0.18539606135069323,0.04654246805074898,0.09097500825475548,0.0,1,no_phase_only
reversed72,side=B_side|tfc=mid|phase=q4,39,O6_phase_only,0.021793978877588945,0.13406618749064966,0.15718702474371452,0.13022743829626693,0.12537367104647976,0.15016162208659403,0.1680548365459111,0.13492921979038391,-0.0022458550083986695,0.05344009779255405,-0.012413763572903564,-0.025708093844999655,0.037436648028760164,0.07683899687025965,0.0,1,no_phase_only
reversed72,side=B_side|tfc=mid|phase=q1,50,O7_suppress_event,-0.08628627611579864,0.15628446694836567,0.12235213696434366,0.11293585561653428,0.14149412780327564,0.1202435223590444,0.1612469680010722,0.18544292230736412,-0.05987424991904028,-0.1455453588795479,-0.17357449554051183,-0.0946711225755046,-0.15162983458843068,-0.04893349504329608,0.0,1,no_phase_only
reversed72,side=A_side|tfc=mid|phase=q4,26,O4_B_C_boundary,-0.029220468924331493,0.12348880090069668,0.10316793647432769,0.14218563565360176,0.17222469873969465,0.14107747757639144,0.1606703038525575,0.1571851468027302,-0.08444587149356995,-0.147373197247204,-0.03510181232976305,0.03198146794823899,-0.03784030730203376,0.007675525784292729,0.0,1,no_phase_only
reversed72,side=A_side|tfc=low|phase=q4,24,O3_A_C_boundary,-0.007497692514704052,0.09778345617025298,0.13175804664101315,0.20030400601381831,0.13143900437132341,0.12405338248122111,0.16542011835437,0.14924198596800098,-0.147984778394605,-0.04361062819530123,0.1029935154732663,-0.04445915479280426,-0.06469997752002514,0.03602177399352454,0.0,1,no_phase_only
reversed72,side=A_side|tfc=high|phase=q1,26,O1_lag0_AB,-0.00926326268646871,0.20735770000540898,0.12778725919162776,0.17340667959285705,0.09925029869263008,0.13284512780990454,0.10831005301436368,0.1510428816932079,0.11090853902987821,-0.058518928154627156,0.04832653128769982,-0.14697159825663803,-0.04493292442069669,-0.11639803206703683,0.0,1,no_phase_only
reversed72,side=A_side|tfc=mid|phase=q1,17,O7_suppress_event,-0.16967372521888424,0.12797205040455054,0.1572351756954259,0.11807438043472221,0.11224922544260701,0.13342202560880106,0.10961112721459305,0.24143601519930008,-0.22217741234884109,-0.15010165507520967,-0.2503514027079257,-0.2680590024920416,-0.20758054142323865,-0.27638295843613986,0.0,1,no_phase_only
reversed72,side=B_side|tfc=low|phase=q4,43,O4_B_C_boundary,0.02327733940617846,0.15755426850643203,0.1622648273528498,0.10025994410744762,0.16703484825721962,0.13741207000037572,0.14028059762980802,0.13519344414586718,0.053572150966470784,0.06388307270199917,-0.10462914631004723,0.0740235266605932,0.005697142237822309,0.0129283045986134,0.0,2,no_phase_only
reversed72,side=A_side|tfc=low|phase=q1,25,O7_suppress_event,-0.12215166127039404,0.07023679708640526,0.13379461649107321,0.14555586000510057,0.10497804591786045,0.15366934185431497,0.17927735582252505,0.2124879828227205,-0.38745458031799457,-0.1619028333828343,-0.13241392669680066,-0.24679696774024612,-0.1134287952474723,-0.05948297419026341,0.0,2,no_phase_only
reversed72,side=A_side|tfc=high|phase=q4,25,O5_full_TFC,0.022331258159898476,0.15564268683242596,0.10965580018479937,0.13042008694933332,0.15847270865489774,0.21775173165411832,0.0892996916788449,0.1387572940455804,0.0401928065515976,-0.08238298257546144,-0.021687974801757326,0.04649962534227083,0.15772023653597708,-0.15425489999874625,0.0,2,no_phase_only
reversed72,side=B_side|tfc=high|phase=q1,40,O1_lag0_AB,0.12849662047112287,0.20876366375112224,0.13595877498219308,0.1571050133065793,0.14722331831603946,0.12930035689100997,0.12033773344954603,0.10131113930351007,0.25305225678792437,0.10295437107719338,0.1535513306589655,0.1308139831261786,0.08537958703168606,0.060237053219135396,0.0,2,no_phase_only
reversed72,side=B_side|tfc=high|phase=q4,41,O5_full_TFC,0.259975078404627,0.1785565238985885,0.13115584724875978,0.12263743255383537,0.09139286290513905,0.31131166780353553,0.08820604866312715,0.07673961692701461,0.29557049151442805,0.18758886887225737,0.16408497229206076,0.061162253620015414,0.49013176263315245,0.048740106320973794,0.0,2,no_phase_only
reversed72,side=B_side|tfc=low|phase=q1,39,O4_B_C_boundary,0.014304463878040179,0.10106639426766391,0.14131851422329886,0.12716922517505636,0.18801755193561137,0.12976649049430944,0.1730558751378522,0.13960594876620785,-0.11306614637609762,0.004267377279904871,-0.0326567924104725,0.1041990311155028,-0.025580517907053128,0.07517675118392078,0.0,2,no_phase_only
reversed72,side=B_side|tfc=mid|phase=q4,36,O2_lag5_AB,0.04529348330813955,0.15905009280810103,0.16551070628029518,0.12456325402880601,0.1382161337435846,0.15069491901465212,0.1357820648324853,0.1261828292920757,0.08102056212331356,0.0949564006587852,-0.0045213804950339056,0.03188036780457948,0.06213392773396704,0.0256617391070718,0.0,2,no_phase_only
reversed72,side=B_side|tfc=mid|phase=q1,50,O6_phase_only,-0.047411490434782634,0.14733469247968314,0.13710496875417044,0.12127904236043546,0.13706315969728367,0.12262632385724882,0.1697751050863434,0.1648167077648349,-0.03924451162186318,-0.06443050833395766,-0.10735898902625099,-0.06453725429386516,-0.10349229820854294,0.010374229449193941,0.0,2,no_phase_only
reversed72,side=A_side|tfc=mid|phase=q4,24,O4_B_C_boundary,0.002573742457965717,0.10580729796360998,0.10170249925743029,0.14837121167598408,0.18776379715967245,0.16896746810720586,0.14261579606813013,0.14477192976796716,-0.10973903852040756,-0.12358770494365949,0.008595200091491118,0.09100880909667348,0.054091307907183396,-0.005251866288884822,0.0,2,no_phase_only
reversed72,side=A_side|tfc=low|phase=q4,32,O3_A_C_boundary,-0.007077448447945865,0.10499636947909889,0.16912882557574901,0.1838404694783339,0.1418124647495091,0.1320298233057762,0.1201206033493723,0.14807144406216063,-0.1203191899934225,0.0465380365135902,0.07573071813768067,-0.015116280713875722,-0.04013346968237854,-0.07321951750612495,0.0,2,no_phase_only
reversed72,side=A_side|tfc=high|phase=q1,22,O1_lag0_AB,-0.059185961943217937,0.1742814440852821,0.13163521727213873,0.142740920282775,0.08855586368890722,0.13967241889493837,0.15073616706499884,0.17237796871095976,0.0038436751003146238,-0.09437923838784132,-0.06603041115140655,-0.23311959207855956,-0.07363640989339225,-0.04695547070536346,0.0,2,no_phase_only
reversed72,side=A_side|tfc=mid|phase=q1,20,O7_suppress_event,-0.16105460324874224,0.10175687659364199,0.16055344628861157,0.16603994393514063,0.10112296998662258,0.12700492775805752,0.1059440105382705,0.23757782489965515,-0.2967680969110036,-0.13715392871770032,-0.125393403821029,-0.29895528344740413,-0.21919427832250227,-0.28265457552193957,0.0,2,no_phase_only
reversed72,side=B_side|tfc=low|phase=q4,48,O4_B_C_boundary,0.0022930551427299732,0.14363521869403603,0.15931625346559342,0.09976968479909609,0.17313143778072257,0.14170835436862783,0.13890887367071397,0.1435301772212101,0.0002560511652987078,0.036521077228797896,-0.1272883253846234,0.06562701413514778,-0.00447097147538789,-0.011454510997080317,0.0,3,no_phase_only
reversed72,side=A_side|tfc=low|phase=q1,19,O6_phase_only,-0.04816361300409454,0.08469325619024785,0.15658618874789104,0.12875072540406007,0.10485548084782885,0.17615742620874048,0.17984112133451524,0.16911580126671633,-0.2420417007149288,-0.026941988380041353,-0.09544693239634941,-0.16730023298036,0.014278028614244414,0.02152153744922027,0.0,3,no_phase_only
reversed72,side=A_side|tfc=high|phase=q4,30,O1_lag0_AB,-0.02830284098812698,0.18336884014236768,0.10736476285011325,0.1655120612943773,0.13521010179428777,0.17780880790549786,0.06945593945179318,0.1612794865615631,0.04492629503391982,-0.14241736801549262,0.009066844051095159,-0.061708123093699004,0.0341495205705791,-0.2948561750918503,0.0,3,no_phase_only
reversed72,side=B_side|tfc=high|phase=q1,39,O1_lag0_AB,0.16884462814122828,0.21710894596513475,0.14806614115166078,0.13499274381977233,0.13021891834282517,0.13704621799897398,0.1418267724298943,0.09074026029173862,0.30533934897042264,0.17138027579094092,0.13902695965703465,0.12642555751526596,0.14431097933568696,0.15631184018117067,0.0,3,no_phase_only
reversed72,side=B_side|tfc=high|phase=q4,33,O5_full_TFC,0.27668890715908684,0.17956911868786765,0.13619896265556825,0.0964841469059879,0.09112659091880364,0.33606959398730457,0.08518987209858225,0.07536171474588588,0.3038912842247036,0.20713608765012678,0.08647776550496265,0.06648259266276345,0.5232566077934208,0.042904109716588035,0.0,3,no_phase_only
reversed72,side=B_side|tfc=low|phase=q1,44,O4_B_C_boundary,0.07145169618817065,0.10016214190848553,0.15669669191716556,0.1258935281588835,0.1882870962424643,0.12161584692846723,0.1878562280686617,0.11948846677587216,-0.06175034683508321,0.09488226434061339,0.018275838257315633,0.1591618179484552,0.006176599379441589,0.15835997504952276,0.0,3,no_phase_only
reversed72,side=B_side|tfc=mid|phase=q4,38,O6_phase_only,0.026686630667153356,0.14907714698730684,0.15537986135436327,0.12216049892569007,0.12412021138668504,0.14545324931238113,0.17058707910783938,0.13322195292573416,0.03935658324003023,0.0538496983291359,-0.030338283913187984,-0.024768104766709296,0.030743358845967194,0.0865302682897087,0.0,3,no_phase_only
reversed72,side=B_side|tfc=mid|phase=q1,52,O7_suppress_event,-0.1082651804767936,0.13277385179758286,0.12922396992590474,0.11436128756961808,0.13200135152794035,0.12225286607761925,0.17115258309503195,0.1982340900063028,-0.14028045030264674,-0.14976552683278754,-0.19253009258453913,-0.14232275530815117,-0.16917496142459237,-0.05141260168711245,0.0,3,no_phase_only
reversed72,side=A_side|tfc=mid|phase=q4,23,O5_full_TFC,-0.027915514052241238,0.12727553638179784,0.1130432917485112,0.13531215703840285,0.15563658498096306,0.16344832127519143,0.14945859543036719,0.1558255131447667,-0.07083389657417921,-0.11233810616389908,-0.04940337225906609,-0.0004246093880398316,0.01671599537069739,-0.014601116230475986,0.0,3,no_phase_only
reversed72,side=A_side|tfc=low|phase=q4,27,O2_lag5_AB,0.07541646722689385,0.11807928234945037,0.20213950772703243,0.14809048821440995,0.1365319655734958,0.1370840764065897,0.14104886851531545,0.1170258112137063,0.0031366174134487795,0.19129725027178476,0.08240014112883577,0.05395748683617719,0.05536997020119757,0.0653491637452466,0.0,3,no_phase_only
reversed72,side=A_side|tfc=high|phase=q1,19,O1_lag0_AB,0.04110891193198407,0.21006773547478544,0.15715438473124146,0.15403867525930362,0.11108627076204852,0.14333087707204867,0.09356350135683855,0.13075855534373362,0.1659271232309983,0.06435664577215812,0.05734791135062994,-0.05706589704664465,0.03213113733282796,-0.11714925914173455,0.0,3,no_phase_only
reversed72,side=A_side|tfc=mid|phase=q1,22,O7_suppress_event,-0.16305877570872995,0.106364574627206,0.15633148541530814,0.1491707847535847,0.10302821706032599,0.13804558880019388,0.10956655079921329,0.2374927985441679,-0.2811426537009077,-0.1463555246154886,-0.16276590580017483,-0.29229703941972,-0.18989366090402057,-0.27076180831020963,0.0,3,no_phase_only
reversed72,side=B_side|tfc=low|phase=q4,39,O5_full_TFC,0.03696022299015266,0.13144601286626503,0.15698621151234526,0.11544073687657638,0.15764993593934157,0.16956274559443127,0.1393749324057089,0.12953942480533182,0.005113830860396516,0.06726044614470836,-0.04032979153482694,0.0687370971647098,0.09423321787598878,0.025613834320915522,0.0,4,no_phase_only
reversed72,side=A_side|tfc=low|phase=q1,26,O7_suppress_event,-0.11825575893838858,0.08693576234624077,0.12509715351248984,0.1835330230584712,0.12412594844763973,0.1301060849141499,0.14304413738099556,0.20715789034001297,-0.3039091214907069,-0.1765367079925049,-0.042380325507202006,-0.17926457303175064,-0.16279588580578963,-0.1296148077457984,0.0,4,no_phase_only
reversed72,side=A_side|tfc=high|phase=q4,27,O5_full_TFC,0.007167870179031498,0.16571187064137874,0.11444442173839492,0.17355636155576007,0.12676072560872187,0.20803643382279868,0.06450979047907487,0.14698039615387104,0.04198296999224631,-0.08757346951605846,0.058171112549133284,-0.05179928575840579,0.12159490300427969,-0.2882187755062366,0.0,4,no_phase_only
reversed72,side=B_side|tfc=high|phase=q1,36,O1_lag0_AB,-0.015583654993914876,0.20833830651389534,0.1330394163386611,0.11520019590144659,0.1374558663043836,0.12764775615006516,0.12615274051361836,0.1521657182779299,0.10996756864387515,-0.04701365585647475,-0.09740455549584374,-0.03558354993537193,-0.0614934646871004,-0.065616872889707,0.0,4,no_phase_only
reversed72,side=B_side|tfc=high|phase=q4,41,O5_full_TFC,0.25384477963372026,0.19523747335218034,0.1340037384830555,0.11099563772009102,0.09230753818326717,0.28538572381469995,0.10548398392940658,0.07658590451729946,0.3275312544053155,0.19580912855336763,0.1298772492645881,0.06534946703337255,0.46040002275393865,0.11205112961580387,0.0,4,no_phase_only
reversed72,side=B_side|tfc=low|phase=q1,42,O4_B_C_boundary,0.09223072691844494,0.08829498056168827,0.16097719140699643,0.13414667462907348,0.19719917706512585,0.13080625448349464,0.17546816902129903,0.11310755283232236,-0.08667956510704723,0.12352323397750813,0.059708119482445796,0.1945562878150754,0.05088233290454248,0.15369147231858132,0.0,4,no_phase_only
reversed72,side=B_side|tfc=mid|phase=q4,44,O6_phase_only,0.009187216773604828,0.1262433851671128,0.15054410312712213,0.13411130305878416,0.12909155919207807,0.1422904514233801,0.17770618299876936,0.14001301503275346,-0.03623329875940559,0.025382245870068255,-0.015072857726223923,-0.028424714160084397,0.005647256406136641,0.08343865121828611,0.0,4,no_phase_only
reversed72,side=B_side|tfc=mid|phase=q1,47,O6_phase_only,-0.031746977077761224,0.13674752494251002,0.13596496139710224,0.11345369011967282,0.1472512954181732,0.1292099067000664,0.17947405941964775,0.1578985620028275,-0.05033576527373243,-0.0523444594583007,-0.11569532699024254,-0.024434268007912305,-0.07018009199397729,0.04482725362803659,0.0,4,no_phase_only
reversed72,side=A_side|tfc=mid|phase=q4,24,O3_A_C_boundary,-0.07197029942028452,0.09534229679072152,0.10312451183857155,0.18726163930133108,0.140757734414656,0.17267484053602986,0.11985321109565389,0.1809857660230361,-0.22433069659159308,-0.19686844676089865,0.011930937270487208,-0.08798235966466472,-0.01645283357693465,-0.14425272199592434,0.0,4,no_phase_only
reversed72,side=A_side|tfc=low|phase=q4,27,O3_A_C_boundary,0.06963408321523118,0.10021435086890608,0.13713796958032978,0.2141708085829358,0.1503141980639798,0.1374029540367333,0.14072608710637857,0.12003363176073667,-0.06316119864181229,0.046625434837343695,0.2026506647945748,0.0787345261288488,0.04730106881802265,0.055665185860582514,0.0,4,no_phase_only
reversed72,side=A_side|tfc=high|phase=q1,24,O1_lag0_AB,0.15078706089536226,0.21135778361037924,0.15743700070477307,0.16999699599766502,0.08808657966059717,0.13346060099217252,0.14316892868031958,0.09649211035409344,0.2744318875830967,0.17134744749744427,0.19821183174739085,-0.03189936975014988,0.11352077226514691,0.1380974019180049,0.0,4,no_phase_only
reversed72,side=A_side|tfc=mid|phase=q1,22,O7_suppress_event,-0.17194182331607719,0.10232978860727268,0.13980311998999592,0.15129222489059296,0.1139970820903879,0.13656057074491784,0.11233271925926996,0.2436844944175626,-0.303685729762581,-0.19447371504188382,-0.16683138574543135,-0.26589551818937435,-0.20268712624574944,-0.27104320522125563,0.0,4,no_phase_only
reversed72,side=B_side|tfc=high|phase=q1,40,O1_lag0_AB,0.08610302424734836,0.2016115058929199,0.13092265465738695,0.14847033547466254,0.14262891982834924,0.1340320814745998,0.1288799609859215,0.11345454168615983,0.20122912758693548,0.050121569209044425,0.09414402699043913,0.08009541692165219,0.05833692982930469,0.04461771763270328,0.0,0,no_suppress
reversed72,side=A_side|tfc=high|phase=q4,33,O5_full_TFC,0.055579742868915344,0.1709589287513892,0.11158911982915735,0.1786084300461832,0.13105614918145983,0.19859536251491558,0.08277730150106817,0.12641470817582673,0.10564942773700589,-0.04366049956432804,0.12096981082944036,0.012620304893710516,0.15809554717708768,-0.1481948824108615,0.0,0,no_suppress
reversed72,side=A_side|tfc=low|phase=q4,30,O3_A_C_boundary,0.0025856635781065524,0.10287130321091892,0.16261547502812138,0.17671188175804542,0.14043651758468048,0.12679625629031605,0.14701334970428137,0.14355521642363642,-0.11663435736547108,0.04363401711560141,0.07273030624385073,-0.007687466535031836,-0.04344837965528929,0.008331278319251194,0.0,0,no_suppress
reversed72,side=A_side|tfc=high|phase=q1,25,O1_lag0_AB,0.11198516944741416,0.22353931257559323,0.12334518112138744,0.17142592252027372,0.10492579827490496,0.12736024371125035,0.14199739637496872,0.10740614542162154,0.2565394626901094,0.048429281293540107,0.16363684199028228,-0.008177394097318963,0.059640782347236646,0.09771696258353575,0.0,0,no_suppress
reversed72,side=B_side|tfc=high|phase=q4,39,O5_full_TFC,0.1568624456422353,0.1967978980937328,0.13644594551578407,0.13013599245437266,0.10289417029114858,0.2246759032742622,0.11330355995061304,0.09574653042008671,0.2521655193961466,0.12397844937270107,0.10740646276459694,0.025198808436677333,0.2985340898096005,0.058928168784783935,0.0,0,no_suppress
reversed72,side=B_side|tfc=low|phase=q1,37,O4_B_C_boundary,0.11459699359743981,0.09844262101831125,0.14158061802414215,0.13003839831115283,0.20390039985238856,0.1194555548344367,0.1997398607298822,0.10684254722968627,-0.02865883257419208,0.09852957241294133,0.06876574214049967,0.22619639318749613,0.03905585131870871,0.21898085792252386,0.0,0,no_suppress
reversed72,side=A_side|tfc=mid|phase=q4,23,O3_A_C_boundary,0.0042022949918716366,0.11891758174942804,0.09409336642909215,0.17459655135457397,0.17079388933182071,0.14278200067319638,0.15510422265166995,0.1437123878102186,-0.06628416641215319,-0.14823425617962216,0.06813236363260826,0.06042522799020197,-0.0022732497095360616,0.02669915490756377,0.0,0,no_suppress
reversed72,side=B_side|tfc=mid|phase=q1,41,O7_suppress_event,-0.08195033033177726,0.14585844997044534,0.12915260768899822,0.12522064814369505,0.1278297330500653,0.1230741333646143,0.16632141679312684,0.18254301098905487,-0.07852221693357911,-0.12109688899147475,-0.13191795944740806,-0.12470032891739048,-0.1379696282337037,-0.03257228097089861,0.0,0,no_suppress
reversed72,side=B_side|tfc=low|phase=q4,29,O4_B_C_boundary,-0.03449858212987416,0.13711301739685777,0.14976878515027245,0.09232112047228587,0.19768419774410984,0.10916384684481807,0.15218521563099205,0.16176381676066404,-0.05786613698237222,-0.026965637182744945,-0.1963025437390554,0.0701867062054607,-0.1376505950946823,-0.021363666542395326,0.0,0,no_suppress
reversed72,side=A_side|tfc=mid|phase=q1,23,O7_suppress_event,-0.18468246562463522,0.1090706909412274,0.14929189439480767,0.14853352423151342,0.09374078033178418,0.1375694966087136,0.10574752396612995,0.25604608952582386,-0.29867643845283154,-0.1888089185984303,-0.19059137311192262,-0.35168845200936155,-0.21742988616423858,-0.3095060716526281,0.0,0,no_suppress
reversed72,side=A_side|tfc=low|phase=q1,24,O7_suppress_event,-0.13303319710156042,0.06576025516459129,0.1241977457940038,0.18248671009079356,0.13938516128060427,0.15148707062835237,0.11631898175868852,0.22036407528296628,-0.42324290232138545,-0.20069211632979392,-0.06601130103185153,-0.16031400720245573,-0.13117327554241678,-0.22363068218103851,0.0,0,no_suppress
reversed72,side=B_side|tfc=mid|phase=q4,39,O6_phase_only,0.04570037054367964,0.14619699017407953,0.14213086210213882,0.13822213448962267,0.13094458705705128,0.15829722804366517,0.15842145213006215,0.12578674600338036,0.05262844265948977,0.04275607570125327,0.03299592807324657,0.014065188590269697,0.08046026622286853,0.08073482175236647,0.0,0,no_suppress
reversed72,side=B_side|tfc=low|phase=q4,41,O4_B_C_boundary,0.009949743132801754,0.13899839416648274,0.16423141382153109,0.10672719481380076,0.1695543338847752,0.15058871552858685,0.12967948969993898,0.14022045808488443,-0.003063726529440817,0.055321212949601815,-0.09552896048824826,0.0664851406351614,0.02496777422812993,-0.027352479814242905,0.0,1,no_suppress
reversed72,side=A_side|tfc=low|phase=q1,26,O7_suppress_event,-0.1459227045325376,0.07855127996342667,0.12154357013567277,0.1657278368066697,0.11412411636381542,0.1585616425168002,0.13456156025035637,0.22692999396325897,-0.37131146983812424,-0.21852907049461806,-0.11000313371061123,-0.24057424198478666,-0.12547435032687915,-0.18291692367218357,0.0,1,no_suppress
reversed72,side=A_side|tfc=high|phase=q4,33,O3_A_C_boundary,-0.05577229361044608,0.1532495438886814,0.11214626724736775,0.17575536585312604,0.1377008810530929,0.16242800036057414,0.08707434192348576,0.171645599673672,-0.039677499946700036,-0.14896976754705818,0.008281412047080425,-0.07712182801785827,-0.019318969333402897,-0.23753436891678475,0.0,1,no_suppress
reversed72,side=B_side|tfc=high|phase=q1,45,O1_lag0_AB,0.13283708007607753,0.20440687931747456,0.15326638634098058,0.1338507911731239,0.14771338319485705,0.13652529431519628,0.12441648352065289,0.09982078213771468,0.2508576400482051,0.15008038330645634,0.10267224847279031,0.1371640888111188,0.10959672650659996,0.07709039667724807,0.0,1,no_suppress
reversed72,side=B_side|tfc=high|phase=q4,42,O5_full_TFC,0.26765016445216266,0.16917320321704676,0.14923963999055867,0.12770070510101403,0.09797718354305775,0.2707917116938916,0.11299498100066323,0.07212257545376785,0.2983945834929787,0.2545151796928733,0.19996276166828542,0.10722863277119511,0.4630439889093911,0.15714170270107863,0.0,1,no_suppress
reversed72,side=B_side|tfc=low|phase=q1,38,O4_B_C_boundary,0.07509562494261099,0.10376384988849466,0.15374413371042212,0.1387035317640341,0.19960934821811924,0.1342411279612139,0.1524120578881643,0.11752595056955162,-0.043589532702673385,0.09402070514183916,0.05798786882614666,0.18539606135069323,0.04654246805074898,0.09097500825475548,0.0,1,no_suppress
reversed72,side=B_side|tfc=mid|phase=q4,39,O6_phase_only,0.021793978877588945,0.13406618749064966,0.15718702474371452,0.13022743829626693,0.12537367104647976,0.15016162208659403,0.1680548365459111,0.13492921979038391,-0.0022458550083986695,0.05344009779255405,-0.012413763572903564,-0.025708093844999655,0.037436648028760164,0.07683899687025965,0.0,1,no_suppress
reversed72,side=B_side|tfc=mid|phase=q1,50,O7_suppress_event,-0.08628627611579864,0.15628446694836567,0.12235213696434366,0.11293585561653428,0.14149412780327564,0.1202435223590444,0.1612469680010722,0.18544292230736412,-0.05987424991904028,-0.1455453588795479,-0.17357449554051183,-0.0946711225755046,-0.15162983458843068,-0.04893349504329608,0.0,1,no_suppress
reversed72,side=A_side|tfc=mid|phase=q4,26,O4_B_C_boundary,-0.029220468924331493,0.12348880090069668,0.10316793647432769,0.14218563565360176,0.17222469873969465,0.14107747757639144,0.1606703038525575,0.1571851468027302,-0.08444587149356995,-0.147373197247204,-0.03510181232976305,0.03198146794823899,-0.03784030730203376,0.007675525784292729,0.0,1,no_suppress
reversed72,side=A_side|tfc=low|phase=q4,24,O3_A_C_boundary,-0.007497692514704052,0.09778345617025298,0.13175804664101315,0.20030400601381831,0.13143900437132341,0.12405338248122111,0.16542011835437,0.14924198596800098,-0.147984778394605,-0.04361062819530123,0.1029935154732663,-0.04445915479280426,-0.06469997752002514,0.03602177399352454,0.0,1,no_suppress
reversed72,side=A_side|tfc=high|phase=q1,26,O1_lag0_AB,-0.00926326268646871,0.20735770000540898,0.12778725919162776,0.17340667959285705,0.09925029869263008,0.13284512780990454,0.10831005301436368,0.1510428816932079,0.11090853902987821,-0.058518928154627156,0.04832653128769982,-0.14697159825663803,-0.04493292442069669,-0.11639803206703683,0.0,1,no_suppress
reversed72,side=A_side|tfc=mid|phase=q1,17,O7_suppress_event,-0.16967372521888424,0.12797205040455054,0.1572351756954259,0.11807438043472221,0.11224922544260701,0.13342202560880106,0.10961112721459305,0.24143601519930008,-0.22217741234884109,-0.15010165507520967,-0.2503514027079257,-0.2680590024920416,-0.20758054142323865,-0.27638295843613986,0.0,1,no_suppress
reversed72,side=B_side|tfc=low|phase=q4,43,O4_B_C_boundary,0.02327733940617846,0.15755426850643203,0.1622648273528498,0.10025994410744762,0.16703484825721962,0.13741207000037572,0.14028059762980802,0.13519344414586718,0.053572150966470784,0.06388307270199917,-0.10462914631004723,0.0740235266605932,0.005697142237822309,0.0129283045986134,0.0,2,no_suppress
reversed72,side=A_side|tfc=low|phase=q1,25,O7_suppress_event,-0.12215166127039404,0.07023679708640526,0.13379461649107321,0.14555586000510057,0.10497804591786045,0.15366934185431497,0.17927735582252505,0.2124879828227205,-0.38745458031799457,-0.1619028333828343,-0.13241392669680066,-0.24679696774024612,-0.1134287952474723,-0.05948297419026341,0.0,2,no_suppress
reversed72,side=A_side|tfc=high|phase=q4,25,O5_full_TFC,0.022331258159898476,0.15564268683242596,0.10965580018479937,0.13042008694933332,0.15847270865489774,0.21775173165411832,0.0892996916788449,0.1387572940455804,0.0401928065515976,-0.08238298257546144,-0.021687974801757326,0.04649962534227083,0.15772023653597708,-0.15425489999874625,0.0,2,no_suppress
reversed72,side=B_side|tfc=high|phase=q1,40,O1_lag0_AB,0.12849662047112287,0.20876366375112224,0.13595877498219308,0.1571050133065793,0.14722331831603946,0.12930035689100997,0.12033773344954603,0.10131113930351007,0.25305225678792437,0.10295437107719338,0.1535513306589655,0.1308139831261786,0.08537958703168606,0.060237053219135396,0.0,2,no_suppress
reversed72,side=B_side|tfc=high|phase=q4,41,O5_full_TFC,0.259975078404627,0.1785565238985885,0.13115584724875978,0.12263743255383537,0.09139286290513905,0.31131166780353553,0.08820604866312715,0.07673961692701461,0.29557049151442805,0.18758886887225737,0.16408497229206076,0.061162253620015414,0.49013176263315245,0.048740106320973794,0.0,2,no_suppress
reversed72,side=B_side|tfc=low|phase=q1,39,O4_B_C_boundary,0.014304463878040179,0.10106639426766391,0.14131851422329886,0.12716922517505636,0.18801755193561137,0.12976649049430944,0.1730558751378522,0.13960594876620785,-0.11306614637609762,0.004267377279904871,-0.0326567924104725,0.1041990311155028,-0.025580517907053128,0.07517675118392078,0.0,2,no_suppress
reversed72,side=B_side|tfc=mid|phase=q4,36,O2_lag5_AB,0.04529348330813955,0.15905009280810103,0.16551070628029518,0.12456325402880601,0.1382161337435846,0.15069491901465212,0.1357820648324853,0.1261828292920757,0.08102056212331356,0.0949564006587852,-0.0045213804950339056,0.03188036780457948,0.06213392773396704,0.0256617391070718,0.0,2,no_suppress
reversed72,side=B_side|tfc=mid|phase=q1,50,O6_phase_only,-0.047411490434782634,0.14733469247968314,0.13710496875417044,0.12127904236043546,0.13706315969728367,0.12262632385724882,0.1697751050863434,0.1648167077648349,-0.03924451162186318,-0.06443050833395766,-0.10735898902625099,-0.06453725429386516,-0.10349229820854294,0.010374229449193941,0.0,2,no_suppress
reversed72,side=A_side|tfc=mid|phase=q4,24,O4_B_C_boundary,0.002573742457965717,0.10580729796360998,0.10170249925743029,0.14837121167598408,0.18776379715967245,0.16896746810720586,0.14261579606813013,0.14477192976796716,-0.10973903852040756,-0.12358770494365949,0.008595200091491118,0.09100880909667348,0.054091307907183396,-0.005251866288884822,0.0,2,no_suppress
reversed72,side=A_side|tfc=low|phase=q4,32,O3_A_C_boundary,-0.007077448447945865,0.10499636947909889,0.16912882557574901,0.1838404694783339,0.1418124647495091,0.1320298233057762,0.1201206033493723,0.14807144406216063,-0.1203191899934225,0.0465380365135902,0.07573071813768067,-0.015116280713875722,-0.04013346968237854,-0.07321951750612495,0.0,2,no_suppress
reversed72,side=A_side|tfc=high|phase=q1,22,O1_lag0_AB,-0.059185961943217937,0.1742814440852821,0.13163521727213873,0.142740920282775,0.08855586368890722,0.13967241889493837,0.15073616706499884,0.17237796871095976,0.0038436751003146238,-0.09437923838784132,-0.06603041115140655,-0.23311959207855956,-0.07363640989339225,-0.04695547070536346,0.0,2,no_suppress
reversed72,side=A_side|tfc=mid|phase=q1,20,O7_suppress_event,-0.16105460324874224,0.10175687659364199,0.16055344628861157,0.16603994393514063,0.10112296998662258,0.12700492775805752,0.1059440105382705,0.23757782489965515,-0.2967680969110036,-0.13715392871770032,-0.125393403821029,-0.29895528344740413,-0.21919427832250227,-0.28265457552193957,0.0,2,no_suppress
reversed72,side=B_side|tfc=low|phase=q4,48,O4_B_C_boundary,0.0022930551427299732,0.14363521869403603,0.15931625346559342,0.09976968479909609,0.17313143778072257,0.14170835436862783,0.13890887367071397,0.1435301772212101,0.0002560511652987078,0.036521077228797896,-0.1272883253846234,0.06562701413514778,-0.00447097147538789,-0.011454510997080317,0.0,3,no_suppress
reversed72,side=A_side|tfc=low|phase=q1,19,O6_phase_only,-0.04816361300409454,0.08469325619024785,0.15658618874789104,0.12875072540406007,0.10485548084782885,0.17615742620874048,0.17984112133451524,0.16911580126671633,-0.2420417007149288,-0.026941988380041353,-0.09544693239634941,-0.16730023298036,0.014278028614244414,0.02152153744922027,0.0,3,no_suppress
reversed72,side=A_side|tfc=high|phase=q4,30,O1_lag0_AB,-0.02830284098812698,0.18336884014236768,0.10736476285011325,0.1655120612943773,0.13521010179428777,0.17780880790549786,0.06945593945179318,0.1612794865615631,0.04492629503391982,-0.14241736801549262,0.009066844051095159,-0.061708123093699004,0.0341495205705791,-0.2948561750918503,0.0,3,no_suppress
reversed72,side=B_side|tfc=high|phase=q1,39,O1_lag0_AB,0.16884462814122828,0.21710894596513475,0.14806614115166078,0.13499274381977233,0.13021891834282517,0.13704621799897398,0.1418267724298943,0.09074026029173862,0.30533934897042264,0.17138027579094092,0.13902695965703465,0.12642555751526596,0.14431097933568696,0.15631184018117067,0.0,3,no_suppress
reversed72,side=B_side|tfc=high|phase=q4,33,O5_full_TFC,0.27668890715908684,0.17956911868786765,0.13619896265556825,0.0964841469059879,0.09112659091880364,0.33606959398730457,0.08518987209858225,0.07536171474588588,0.3038912842247036,0.20713608765012678,0.08647776550496265,0.06648259266276345,0.5232566077934208,0.042904109716588035,0.0,3,no_suppress
reversed72,side=B_side|tfc=low|phase=q1,44,O4_B_C_boundary,0.07145169618817065,0.10016214190848553,0.15669669191716556,0.1258935281588835,0.1882870962424643,0.12161584692846723,0.1878562280686617,0.11948846677587216,-0.06175034683508321,0.09488226434061339,0.018275838257315633,0.1591618179484552,0.006176599379441589,0.15835997504952276,0.0,3,no_suppress
reversed72,side=B_side|tfc=mid|phase=q4,38,O6_phase_only,0.026686630667153356,0.14907714698730684,0.15537986135436327,0.12216049892569007,0.12412021138668504,0.14545324931238113,0.17058707910783938,0.13322195292573416,0.03935658324003023,0.0538496983291359,-0.030338283913187984,-0.024768104766709296,0.030743358845967194,0.0865302682897087,0.0,3,no_suppress
reversed72,side=B_side|tfc=mid|phase=q1,52,O7_suppress_event,-0.1082651804767936,0.13277385179758286,0.12922396992590474,0.11436128756961808,0.13200135152794035,0.12225286607761925,0.17115258309503195,0.1982340900063028,-0.14028045030264674,-0.14976552683278754,-0.19253009258453913,-0.14232275530815117,-0.16917496142459237,-0.05141260168711245,0.0,3,no_suppress
reversed72,side=A_side|tfc=mid|phase=q4,23,O5_full_TFC,-0.027915514052241238,0.12727553638179784,0.1130432917485112,0.13531215703840285,0.15563658498096306,0.16344832127519143,0.14945859543036719,0.1558255131447667,-0.07083389657417921,-0.11233810616389908,-0.04940337225906609,-0.0004246093880398316,0.01671599537069739,-0.014601116230475986,0.0,3,no_suppress
reversed72,side=A_side|tfc=low|phase=q4,27,O2_lag5_AB,0.07541646722689385,0.11807928234945037,0.20213950772703243,0.14809048821440995,0.1365319655734958,0.1370840764065897,0.14104886851531545,0.1170258112137063,0.0031366174134487795,0.19129725027178476,0.08240014112883577,0.05395748683617719,0.05536997020119757,0.0653491637452466,0.0,3,no_suppress
reversed72,side=A_side|tfc=high|phase=q1,19,O1_lag0_AB,0.04110891193198407,0.21006773547478544,0.15715438473124146,0.15403867525930362,0.11108627076204852,0.14333087707204867,0.09356350135683855,0.13075855534373362,0.1659271232309983,0.06435664577215812,0.05734791135062994,-0.05706589704664465,0.03213113733282796,-0.11714925914173455,0.0,3,no_suppress
reversed72,side=A_side|tfc=mid|phase=q1,22,O7_suppress_event,-0.16305877570872995,0.106364574627206,0.15633148541530814,0.1491707847535847,0.10302821706032599,0.13804558880019388,0.10956655079921329,0.2374927985441679,-0.2811426537009077,-0.1463555246154886,-0.16276590580017483,-0.29229703941972,-0.18989366090402057,-0.27076180831020963,0.0,3,no_suppress
reversed72,side=B_side|tfc=low|phase=q4,39,O5_full_TFC,0.03696022299015266,0.13144601286626503,0.15698621151234526,0.11544073687657638,0.15764993593934157,0.16956274559443127,0.1393749324057089,0.12953942480533182,0.005113830860396516,0.06726044614470836,-0.04032979153482694,0.0687370971647098,0.09423321787598878,0.025613834320915522,0.0,4,no_suppress
reversed72,side=A_side|tfc=low|phase=q1,26,O7_suppress_event,-0.11825575893838858,0.08693576234624077,0.12509715351248984,0.1835330230584712,0.12412594844763973,0.1301060849141499,0.14304413738099556,0.20715789034001297,-0.3039091214907069,-0.1765367079925049,-0.042380325507202006,-0.17926457303175064,-0.16279588580578963,-0.1296148077457984,0.0,4,no_suppress
reversed72,side=A_side|tfc=high|phase=q4,27,O5_full_TFC,0.007167870179031498,0.16571187064137874,0.11444442173839492,0.17355636155576007,0.12676072560872187,0.20803643382279868,0.06450979047907487,0.14698039615387104,0.04198296999224631,-0.08757346951605846,0.058171112549133284,-0.05179928575840579,0.12159490300427969,-0.2882187755062366,0.0,4,no_suppress
reversed72,side=B_side|tfc=high|phase=q1,36,O1_lag0_AB,-0.015583654993914876,0.20833830651389534,0.1330394163386611,0.11520019590144659,0.1374558663043836,0.12764775615006516,0.12615274051361836,0.1521657182779299,0.10996756864387515,-0.04701365585647475,-0.09740455549584374,-0.03558354993537193,-0.0614934646871004,-0.065616872889707,0.0,4,no_suppress
reversed72,side=B_side|tfc=high|phase=q4,41,O5_full_TFC,0.25384477963372026,0.19523747335218034,0.1340037384830555,0.11099563772009102,0.09230753818326717,0.28538572381469995,0.10548398392940658,0.07658590451729946,0.3275312544053155,0.19580912855336763,0.1298772492645881,0.06534946703337255,0.46040002275393865,0.11205112961580387,0.0,4,no_suppress
reversed72,side=B_side|tfc=low|phase=q1,42,O4_B_C_boundary,0.09223072691844494,0.08829498056168827,0.16097719140699643,0.13414667462907348,0.19719917706512585,0.13080625448349464,0.17546816902129903,0.11310755283232236,-0.08667956510704723,0.12352323397750813,0.059708119482445796,0.1945562878150754,0.05088233290454248,0.15369147231858132,0.0,4,no_suppress
reversed72,side=B_side|tfc=mid|phase=q4,44,O6_phase_only,0.009187216773604828,0.1262433851671128,0.15054410312712213,0.13411130305878416,0.12909155919207807,0.1422904514233801,0.17770618299876936,0.14001301503275346,-0.03623329875940559,0.025382245870068255,-0.015072857726223923,-0.028424714160084397,0.005647256406136641,0.08343865121828611,0.0,4,no_suppress
reversed72,side=B_side|tfc=mid|phase=q1,47,O6_phase_only,-0.031746977077761224,0.13674752494251002,0.13596496139710224,0.11345369011967282,0.1472512954181732,0.1292099067000664,0.17947405941964775,0.1578985620028275,-0.05033576527373243,-0.0523444594583007,-0.11569532699024254,-0.024434268007912305,-0.07018009199397729,0.04482725362803659,0.0,4,no_suppress
reversed72,side=A_side|tfc=mid|phase=q4,24,O3_A_C_boundary,-0.07197029942028452,0.09534229679072152,0.10312451183857155,0.18726163930133108,0.140757734414656,0.17267484053602986,0.11985321109565389,0.1809857660230361,-0.22433069659159308,-0.19686844676089865,0.011930937270487208,-0.08798235966466472,-0.01645283357693465,-0.14425272199592434,0.0,4,no_suppress
reversed72,side=A_side|tfc=low|phase=q4,27,O3_A_C_boundary,0.06963408321523118,0.10021435086890608,0.13713796958032978,0.2141708085829358,0.1503141980639798,0.1374029540367333,0.14072608710637857,0.12003363176073667,-0.06316119864181229,0.046625434837343695,0.2026506647945748,0.0787345261288488,0.04730106881802265,0.055665185860582514,0.0,4,no_suppress
reversed72,side=A_side|tfc=high|phase=q1,24,O1_lag0_AB,0.15078706089536226,0.21135778361037924,0.15743700070477307,0.16999699599766502,0.08808657966059717,0.13346060099217252,0.14316892868031958,0.09649211035409344,0.2744318875830967,0.17134744749744427,0.19821183174739085,-0.03189936975014988,0.11352077226514691,0.1380974019180049,0.0,4,no_suppress
reversed72,side=A_side|tfc=mid|phase=q1,22,O7_suppress_event,-0.17194182331607719,0.10232978860727268,0.13980311998999592,0.15129222489059296,0.1139970820903879,0.13656057074491784,0.11233271925926996,0.2436844944175626,-0.303685729762581,-0.19447371504188382,-0.16683138574543135,-0.26589551818937435,-0.20268712624574944,-0.27104320522125563,0.0,4,no_suppress
half36,side=B_side|tfc=high|phase=q1,40,O1_lag0_AB,0.0032736504515248517,0.1995184278883458,0.13319541872210958,0.13263619803150778,0.1288494434244584,0.1348437021920301,0.12765246817688056,0.14330434156466784,0.11582758985862053,-0.02560364375464366,-0.027076211486246633,-0.03721410485794414,-0.021298999831472726,-0.0404807033414344,0.0,0,full
half36,side=A_side|tfc=high|phase=q4,33,O5_full_TFC,0.08037342714359559,0.17476902420918153,0.11408740776310462,0.17651091450175524,0.13040199232108235,0.20170532509696432,0.08462212717212844,0.11790320893578345,0.137760425553628,-0.011514697334690412,0.14123154093603688,0.03526526615574782,0.18793033737720694,-0.11608388459423939,0.0,0,full
half36,side=A_side|tfc=low|phase=q4,30,O3_A_C_boundary,0.07933604140271014,0.10449686298197834,0.16824813379123316,0.18438649308380736,0.14653568690868593,0.1311882124925158,0.1493364367035584,0.11580817403822108,-0.03597233449391772,0.1307266542352619,0.1627846186134009,0.08236684583451834,0.0436442574643712,0.08899330119080452,0.0,0,full
half36,side=A_side|tfc=high|phase=q1,25,O1_lag0_AB,0.1889632281410626,0.22509841460255273,0.127626014449578,0.17731175524246687,0.10948416660111733,0.13062999205044334,0.14298777442507707,0.08686188262876476,0.3332764412761761,0.13467472338832814,0.2497565739008288,0.0810112241365866,0.1428173381186656,0.17445394116960244,0.0,0,full
half36,side=B_side|tfc=high|phase=q4,39,O5_full_TFC,0.12026306861617085,0.19245673833441254,0.13562794577692386,0.12915664182049952,0.1021198305485765,0.22332896086778906,0.11150096080704648,0.10580892184475206,0.20938279222764558,0.08689821026217465,0.06978688572699303,-0.012420768600926547,0.26145385069907406,0.018339427624923934,0.0,0,full
half36,side=B_side|tfc=low|phase=q1,37,O6_phase_only,-0.05727091684185102,0.09562251515264775,0.12685247028549973,0.11664515714167314,0.182899777995743,0.10702900179097506,0.1967527145692059,0.17419836306425554,-0.20992522635744754,-0.11100946765128418,-0.14037036511331882,0.01706028593367762,-0.1704831887455168,0.04261355586314014,0.0,0,full
half36,side=A_side|tfc=mid|phase=q4,23,O7_suppress_event,-0.11327080052190341,0.11297255120995839,0.09138367178223672,0.1551772456517438,0.15179753044971217,0.13867017390395198,0.14735011828039338,0.2026487087220035,-0.20451518553686351,-0.27874250750501206,-0.09341709900628457,-0.10112423464869097,-0.13278150103492586,-0.11153186421714657,0.0,0,full
half36,side=B_side|tfc=mid|phase=q1,41,O7_suppress_event,-0.07545256774793947,0.14677713252652674,0.1322992866368907,0.12293232003090906,0.12549372556148627,0.1260727161374926,0.16736898437897155,0.17905583472772305,-0.06957382319605203,-0.10592085138608287,-0.13162230297073296,-0.12440467244071535,-0.12279359062831184,-0.02362388723337154,0.0,0,full
half36,side=B_side|tfc=low|phase=q4,29,O4_B_C_boundary,0.004148755704313604,0.13992336850408027,0.15667390414449242,0.09210226541885386,0.19721557057149078,0.11419686725407056,0.15530449560434093,0.14458352850267114,-0.011466870640953886,0.02810822320932621,-0.15783524824409575,0.1086540017004203,-0.08257673470261115,0.025035599799022996,0.0,0,full
half36,side=A_side|tfc=mid|phase=q1,23,O7_suppress_event,-0.13058746207273994,0.11229347130368837,0.1538115002301879,0.1650812361642486,0.10418418317505333,0.1417342230472354,0.10887211262212876,0.21402327345745756,-0.22573916390814425,-0.11562492738233521,-0.09087647465834356,-0.25197355355578244,-0.1442458949481435,-0.23656879710794085,0.0,0,full
half36,side=A_side|tfc=low|phase=q1,24,O3_A_C_boundary,-0.03367475421379233,0.07527719977958029,0.12299172745855326,0.2017605945491582,0.154106745621712,0.15001606015554958,0.13315287792132724,0.16269479451411953,-0.2697445527518963,-0.09791562292943234,0.07532202989307506,-0.01898067627752915,-0.028396782142055137,-0.07013233261154933,0.0,0,full
half36,side=B_side|tfc=mid|phase=q4,39,O5_full_TFC,0.023613529794747436,0.1465079474615073,0.1452843792290767,0.13018576399325613,0.12333134030775302,0.16180943512099757,0.15875841053779735,0.134122723349612,0.03091355720499836,0.02797824087031895,-0.010427494855971007,-0.029358234338947877,0.06568243139193419,0.05901993629787503,0.0,0,full
half36,side=B_side|tfc=low|phase=q4,41,O7_suppress_event,-0.07567855825255591,0.13200081743183498,0.15825217949300505,0.10100461229929476,0.16046303650700267,0.1451061760044759,0.12315105327067767,0.18002212499370893,-0.10859507565748923,-0.045111474299921385,-0.2022697522440213,-0.040255651120611656,-0.07546491302139324,-0.1328838289422913,0.0,1,full
half36,side=A_side|tfc=low|phase=q1,26,O7_suppress_event,-0.090691353226399,0.08902214612231171,0.1207290112872456,0.17181957750598567,0.11831903339056651,0.15749899651430882,0.152498582895541,0.19011265228404067,-0.2655560710619183,-0.15892392087664492,-0.03541014573102747,-0.16598125400520292,-0.06586920070890592,-0.0771615248959777,0.0,1,full
half36,side=A_side|tfc=high|phase=q4,33,O3_A_C_boundary,-0.0033899296387783287,0.16083777437605118,0.11752928558469775,0.17553783379953186,0.13844155223884583,0.16910426918117014,0.09138587303336891,0.14716341178633444,0.03109842059323034,-0.07869962541564815,0.061708843949771275,-0.02138338408564913,0.048640160768488774,-0.1667584483768544,0.0,1,full
half36,side=B_side|tfc=high|phase=q1,45,O1_lag0_AB,0.05518763850170118,0.19814169666231213,0.15261979238764534,0.12777142590870136,0.14240780542054118,0.1346095623784455,0.12070129298822307,0.12374842425413149,0.16475611123559233,0.0733947002147473,0.011197292553288813,0.049155449964037465,0.029444726342470803,-0.008726139663111627,0.0,1,full
half36,side=B_side|tfc=high|phase=q4,42,O5_full_TFC,0.2754993921602894,0.16674990584131058,0.15003033778530864,0.129602899123694,0.09943662429357825,0.2722264136891957,0.11134074534609671,0.07061307392081603,0.30074793341475475,0.26376777531258866,0.21254094507808188,0.11980681618099157,0.47229658452910644,0.15938298834086537,0.0,1,full
half36,side=B_side|tfc=low|phase=q1,38,O4_B_C_boundary,-0.053190541817782155,0.10132205832551966,0.13835122802642416,0.13111197987558404,0.1886842859277408,0.12080086866967912,0.15035778597914523,0.16937179319590692,-0.17982724139484219,-0.07080523655466303,-0.08961557220797538,0.03779262031657108,-0.11828347364575319,-0.04167749757709311,0.0,1,full
half36,side=B_side|tfc=mid|phase=q4,39,O6_phase_only,-0.0022534929405432294,0.13594331718436967,0.1624630373528905,0.11755529335839489,0.11317383549969066,0.15520182570922078,0.17040785880870646,0.14525483208672707,-0.023188077188271553,0.039186297813376965,-0.07405330026089274,-0.08734763053298882,0.02318284804958306,0.05589677469038678,0.0,1,full
half36,side=B_side|tfc=mid|phase=q1,50,O6_phase_only,-0.0200975391036785,0.16269505878767007,0.12950954229499126,0.11546700680352746,0.1446653352784098,0.12727757709042417,0.1678611153783785,0.15252436436659886,0.022593652920070758,-0.057249424933397464,-0.09741883054773566,-0.018515457582728406,-0.06333390064228023,0.033534407795814944,0.0,1,full
half36,side=A_side|tfc=mid|phase=q4,26,O7_suppress_event,-0.1138763020608393,0.11772401140505494,0.10036203664300712,0.13082308381496363,0.15846162022386534,0.1372405367199343,0.1531697817553706,0.20221892943780403,-0.18935277235053072,-0.24519841672758005,-0.15242675503453354,-0.08534347475653153,-0.13566552678240976,-0.09723137507266802,0.0,1,full
half36,side=A_side|tfc=low|phase=q4,24,O3_A_C_boundary,0.04019640784348831,0.09833182149147351,0.13496712942085123,0.20698776758451948,0.13582487255135206,0.12707481140833485,0.16634778710213644,0.1304658104413324,-0.0989672287071306,0.011872020838000688,0.1615419729848158,0.0140893027187452,-0.009217328486723131,0.08503932368099897,0.0,1,full
half36,side=A_side|tfc=high|phase=q1,26,O1_lag0_AB,0.11157623445832683,0.21368749915980823,0.13480186677341957,0.18602538847898836,0.10737415515906794,0.1389608437759684,0.11161632465011855,0.10753392200262878,0.2403479092572753,0.07909989344103592,0.1918268836026072,-0.0005203937077316109,0.08973504494096735,0.013041338160360258,0.0,1,full
half36,side=A_side|tfc=mid|phase=q1,17,O2_lag5_AB,-0.02255792662617414,0.13662047857451481,0.16993109039842358,0.14303474280102071,0.13597817775273818,0.144195153499164,0.11701871314720476,0.15322164382693387,-0.04013753565951852,0.03622761754662357,-0.024079288859548693,-0.04178688864366453,-0.021251268801405435,-0.09434308174681727,0.0,1,full
half36,side=B_side|tfc=low|phase=q4,43,O4_B_C_boundary,-0.025337045538961052,0.15262042884306815,0.16055159338469452,0.09737115319646364,0.16222207127276486,0.1359612378650341,0.13588768601181472,0.15538582942616008,-0.0062850425083816625,0.011446434644108995,-0.16358343668590455,0.015069236284735858,-0.04673949582006786,-0.046928888876239076,0.0,2,full
half36,side=A_side|tfc=low|phase=q1,25,O6_phase_only,-0.07454002960512346,0.07864134290865926,0.1307453415004537,0.14871634749237292,0.107257458100579,0.1501671076596186,0.20072971148802263,0.18374269085029402,-0.2970235825416039,-0.11909971022797526,-0.07402345164586661,-0.18840649268931206,-0.07062567209261322,0.03094802358612726,0.0,2,full
half36,side=A_side|tfc=high|phase=q4,25,O5_full_TFC,0.0664746009484069,0.1590629283780777,0.11018000833618642,0.13462361749696594,0.1635803948049287,0.2187926910244331,0.09126204867556469,0.12249831128384354,0.09142092940140532,-0.037093621861616695,0.03303496758906931,0.10122256773309751,0.20300959724982184,-0.10302677714893849,0.0,2,full
half36,side=B_side|tfc=high|phase=q1,40,O1_lag0_AB,0.04288192121163171,0.20610083119211223,0.1372169768587598,0.14392525224708053,0.13562677948264593,0.12977123444315064,0.11892374729183146,0.12843517848441952,0.16552941698194462,0.023148690672714602,0.03985441380279965,0.019068880372956152,0.0036220925242639343,-0.02692963728072543,0.0,2,full
half36,side=B_side|tfc=high|phase=q4,41,O5_full_TFC,0.1952778492933334,0.17456972632911302,0.13010488558344868,0.11934077153887657,0.08893609842539846,0.3088171040026169,0.0866568396032913,0.09157457451725515,0.22580970204517475,0.12291554623603623,0.09269027766025217,-0.010232441011793166,0.42545843999693134,-0.01931920047829768,0.0,2,full
half36,side=B_side|tfc=low|phase=q1,39,O4_B_C_boundary,0.013591659709965098,0.10290816239657284,0.1326217593061945,0.13163234383188602,0.19461619750178616,0.12178064822527362,0.17615005857293176,0.1402908301653551,-0.10845823202624597,-0.019675762605446415,-0.02229670230050567,0.11455912122546963,-0.049523657792404384,0.07966651388377624,0.0,2,full
half36,side=B_side|tfc=mid|phase=q4,36,O2_lag5_AB,0.045325911797095546,0.158664957207401,0.16844686076225315,0.12218555232053488,0.13557782166772353,0.15336824191814966,0.13545327214723585,0.12630329397670192,0.0798380387036241,0.10077697842305494,-0.011600854869462487,0.0248008934301509,0.06795450549823678,0.024479215687382355,0.0,2,full
half36,side=B_side|tfc=mid|phase=q1,50,O6_phase_only,-0.00530329567594553,0.15282688288582652,0.14471971842747963,0.11774163862619387,0.13306537307641655,0.1294369359599024,0.17610380600303877,0.1461056450211423,0.015741544105052706,-0.0033358712189469402,-0.07554303233502853,-0.032721297602642696,-0.04239766109353224,0.06536028517610981,0.0,2,full
half36,side=A_side|tfc=mid|phase=q4,24,O4_B_C_boundary,-0.06044756507248791,0.10035841174882341,0.09833730266580246,0.14503296329282106,0.18353924318316625,0.16337656570144404,0.1352713381700208,0.17408417523792188,-0.19277686824886694,-0.19989743025800313,-0.06390226441708344,0.018511344588098933,-0.022218417407160268,-0.08828969601734411,0.0,2,full
half36,side=A_side|tfc=low|phase=q4,32,O3_A_C_boundary,0.08033931221742857,0.10722842781562265,0.1757841166034556,0.19259650492964783,0.148566771743548,0.13722525285745293,0.12267417920560802,0.11592474684466487,-0.02729294685634643,0.14571038490359406,0.17767963707445616,0.08683263822289973,0.05903887870762536,0.019806725630951184,0.0,2,full
half36,side=A_side|tfc=high|phase=q1,22,O1_lag0_AB,0.10532498566162721,0.1843230447376601,0.14245641304599788,0.1575735672594819,0.09873689634784939,0.14965570968970948,0.15942115588570305,0.1078332130335984,0.1876364652630749,0.09745762946301113,0.13275735664037097,-0.030844453464783154,0.1147130871354613,0.13683731945739688,0.0,2,full
half36,side=A_side|tfc=mid|phase=q1,20,O7_suppress_event,-0.0994982209516882,0.10678971326122413,0.16814925087615107,0.17747686102541413,0.10808837238468043,0.13301354753673625,0.11118394044568108,0.19529831447011287,-0.21128331114505286,-0.05238667850375116,-0.033490788583842954,-0.20705266821021798,-0.13442702810855306,-0.19716978975598887,0.0,2,full
half36,side=B_side|tfc=low|phase=q4,48,O4_B_C_boundary,-0.02711340948157973,0.13876300151675303,0.15677175263303295,0.10039529419124156,0.17421706468000944,0.13944507602867104,0.13419697775459358,0.15621083319569834,-0.04145369787469134,0.0012545235559077138,-0.1547319389324153,0.0381834005873559,-0.039737525148278066,-0.0531642600370704,0.0,3,full
half36,side=A_side|tfc=low|phase=q1,19,O6_phase_only,0.022828497528935916,0.0866144322899428,0.16284197613743034,0.13537498405229567,0.1102503228857381,0.1831951056762739,0.18392062517687657,0.13780255378144265,-0.1625244021197507,0.0584354288303018,-0.006220656194182492,-0.07807395677819307,0.09965544582458763,0.10103883604439838,0.0,3,full
half36,side=A_side|tfc=high|phase=q4,30,O5_full_TFC,0.055997992236971716,0.17778953862922622,0.11652100466687094,0.17533636730032964,0.14431604784044394,0.19157611522545545,0.06734262713668453,0.12711829920098924,0.11741881929054722,-0.030466305918641152,0.11255582983798268,0.04441063500264038,0.14355846943496037,-0.2223636508352229,0.0,3,full
half36,side=B_side|tfc=high|phase=q1,39,O1_lag0_AB,0.06022284896773727,0.2114107626860498,0.14847972217074604,0.12362199896128884,0.12059019563963115,0.1359020050060031,0.13736502967769346,0.12263028585858764,0.19062013627278232,0.06694603126509918,0.0028190720155110973,-0.005871613429168259,0.03596601811275586,0.03971373344349892,0.0,3,full
half36,side=B_side|tfc=high|phase=q4,33,O5_full_TFC,0.3198617298365954,0.17667934384932962,0.13662897845407782,0.10258826351499252,0.09689175913541682,0.3371306537192991,0.08328973375323565,0.06679126757364832,0.34046744406127294,0.25049385148839376,0.1502029159573281,0.13020774311512892,0.5666143716316878,0.07726353259336538,0.0,3,full
half36,side=B_side|tfc=low|phase=q1,44,O4_B_C_boundary,-0.06692925385697725,0.09177337892952549,0.14682208002427438,0.11929437212320208,0.1784173599201869,0.11395193728397578,0.17212292463322504,0.1776179470856103,-0.23110941460798984,-0.06664467778767741,-0.1393142537595349,0.0015717259316045625,-0.15535034274884915,-0.010999092723383867,0.0,3,full
half36,side=B_side|tfc=mid|phase=q4,38,O6_phase_only,0.036850974181007135,0.15088937278805156,0.16046826080233248,0.1170334870207559,0.11891095138022761,0.1502165708075555,0.17266078599236429,0.12982057120871263,0.05263778175816314,0.07418001339106481,-0.03629260876574622,-0.03072242961926756,0.05107367390789609,0.09981146680784159,0.0,3,full
half36,side=B_side|tfc=mid|phase=q1,52,O6_phase_only,-0.06418951394700129,0.13840650840339483,0.13689538071691337,0.1128398918232686,0.13024528267811444,0.12951043568020407,0.17841337815912123,0.1736891225389834,-0.07947519337075826,-0.08331752081525538,-0.15095399259974737,-0.10074665532335934,-0.10272695540706016,0.009392655244776041,0.0,3,full
half36,side=A_side|tfc=mid|phase=q4,23,O7_suppress_event,-0.178904325510013,0.11589809065936031,0.10516382736275982,0.1123683572024735,0.12924653451463747,0.15205547162902316,0.13609815629491726,0.24916956233682838,-0.2678978266204661,-0.30191498509711584,-0.278722940885668,-0.2297441780146417,-0.17286088356251936,-0.21166504627676286,0.0,3,full
half36,side=A_side|tfc=low|phase=q4,27,O2_lag5_AB,0.10095264666114409,0.11710589852493743,0.20451624286757153,0.15124710339999156,0.13944220566415322,0.13869589660575563,0.1398861354401572,0.10910651749743334,0.024763903927842917,0.21991296941284627,0.11430661054755255,0.08586395625489397,0.08398568934225908,0.0869764502596408,0.0,3,full
half36,side=A_side|tfc=high|phase=q1,19,O1_lag0_AB,0.2830832031231664,0.22125883414652736,0.16751205973174918,0.16995998324458297,0.12256805432556879,0.15277747727215668,0.09854798111710009,0.0673756101623149,0.4161675441126665,0.31877029158493514,0.32384797594152953,0.20943416754425492,0.286544783145605,0.13309116173993366,0.0,3,full
half36,side=A_side|tfc=mid|phase=q1,22,O7_suppress_event,-0.09105276532565554,0.10979357058091785,0.16132266273851822,0.16812456551290286,0.11611907960027072,0.14245295440897254,0.11309877250620035,0.18908839465221755,-0.1902644207326235,-0.055582844269961344,-0.04112830268868186,-0.1706594363082271,-0.09912098055849326,-0.17988357534192553,0.0,3,full
half36,side=B_side|tfc=low|phase=q4,39,O7_suppress_event,-0.0546676943791165,0.1250896317318183,0.15149336065533395,0.10926799440692546,0.1492202214274622,0.16362984955545445,0.1326351297168302,0.1686638125061754,-0.10460692353281509,-0.037577980525439585,-0.15193637537157947,-0.04286948667204273,-0.010605208794159186,-0.08410692007229607,0.0,4,full
half36,side=A_side|tfc=low|phase=q1,26,O3_A_C_boundary,-0.05714517308775044,0.10042396584653104,0.1267551938324084,0.18154107148759505,0.1227787637618735,0.13183051371686338,0.16523763269807873,0.1714328586566498,-0.18717678448537847,-0.10567692681883231,0.02005157771914521,-0.11683266980540334,-0.09193610463211702,-0.01288247074046982,0.0,4,full
half36,side=A_side|tfc=high|phase=q4,27,O5_full_TFC,0.1144090277096982,0.18968855067932647,0.1178816399657011,0.17128978969918623,0.12615814686952026,0.21256222960289414,0.07384364567994424,0.10857599750342765,0.1952766041211392,0.02878074651446966,0.15956725160387253,0.05253006087226056,0.23512454877650757,-0.13492514137734365,0.0,4,full
half36,side=B_side|tfc=high|phase=q1,36,O1_lag0_AB,0.015471591406336326,0.20848146078411187,0.13627940785161693,0.11828809410358601,0.14202329238605269,0.1299435153992443,0.12592165458624152,0.13906257488914667,0.14172413825283203,-0.00707586711728598,-0.05663031028491794,0.007373472451887971,-0.023738453124245693,-0.03474243021433224,0.0,4,full
half36,side=B_side|tfc=high|phase=q4,41,O5_full_TFC,0.17503621761579197,0.18926274888350536,0.13265570066829968,0.10796437942696925,0.08978664640424695,0.2825148281826178,0.10287120553400317,0.09494449090035784,0.24144534429263403,0.11706262414200796,0.04497812833006052,-0.019549653901155054,0.3816535183425789,0.028064875847334275,0.0,4,full
half36,side=B_side|tfc=low|phase=q1,42,O4_B_C_boundary,-0.012621567386515958,0.08698882568106345,0.14762910866565224,0.12925876220199142,0.1900138158860118,0.11995991847359004,0.174154839123203,0.15199472996848817,-0.19532316265959404,-0.010199960078326726,-0.056710340830233165,0.07813782750239641,-0.0828408611512923,0.0476346270887142,0.0,4,full
half36,side=B_side|tfc=mid|phase=q4,44,O6_phase_only,0.060039879596835516,0.12683429291090154,0.15395952226222118,0.1395632731643681,0.13433946377242456,0.14551861858794132,0.17853797279523362,0.12124685650690982,0.01576849767404507,0.08360139257612814,0.0492413130071054,0.035889456573244945,0.06386640311219655,0.13544044765173677,0.0,4,full
half36,side=B_side|tfc=mid|phase=q1,47,O6_phase_only,-0.007639427354644842,0.13846071317066413,0.14020261906657733,0.112743789453411,0.14632991690139677,0.13323702770590054,0.18172253043209233,0.14730340326995797,-0.021667730551393066,-0.01729202026611649,-0.09358178659679361,-0.0023207276144633806,-0.03512765280179309,0.07349528835037596,0.0,4,full
half36,side=A_side|tfc=mid|phase=q4,24,O7_suppress_event,-0.12937757619761892,0.09266965067133949,0.10200718292722795,0.1727389072295846,0.12984152716816968,0.17080395079165397,0.11649347223564514,0.21544530897637906,-0.29528312264102446,-0.2616823506576902,-0.0773240450322503,-0.1772373419674023,-0.08126673747372616,-0.2152051480453557,0.0,4,full
half36,side=A_side|tfc=low|phase=q4,27,O3_A_C_boundary,0.11039646589599811,0.10019048344963925,0.13974351728109552,0.21859289166781742,0.153417804372768,0.14001353629972305,0.14069257126265333,0.1073491956663034,-0.02415483807805912,0.09230259196220719,0.24889340910531807,0.12497727043959203,0.09297822594288618,0.09467154642433566,0.0,4,full
half36,side=A_side|tfc=high|phase=q1,24,O1_lag0_AB,0.19676540600466622,0.20992157194024977,0.1608290986990645,0.1753077447886384,0.0916719080132036,0.13509654082574687,0.14219607174239077,0.08497706399070593,0.31652341326738753,0.22328632121506634,0.25345655526594674,0.026542110355238346,0.16226288939593667,0.18018892760229566,0.0,4,full
half36,side=A_side|tfc=mid|phase=q1,22,O7_suppress_event,-0.14643001636730027,0.10190098126043269,0.13944290171849594,0.16324019443126267,0.12299975004325951,0.1362087072618117,0.11186199518210263,0.22434547010263495,-0.2762149499155742,-0.16643617557548981,-0.1112875537892364,-0.21035168623317937,-0.17464958677935544,-0.2435724253742488,0.0,4,full
half36,side=B_side|tfc=high|phase=q1,40,O1_lag0_AB,0.0032736504515248517,0.1995184278883458,0.13319541872210958,0.13263619803150778,0.1288494434244584,0.1348437021920301,0.12765246817688056,0.14330434156466784,0.11582758985862053,-0.02560364375464366,-0.027076211486246633,-0.03721410485794414,-0.021298999831472726,-0.0404807033414344,0.0,0,core_5
half36,side=A_side|tfc=high|phase=q4,33,O5_full_TFC,0.08037342714359559,0.17476902420918153,0.11408740776310462,0.17651091450175524,0.13040199232108235,0.20170532509696432,0.08462212717212844,0.11790320893578345,0.137760425553628,-0.011514697334690412,0.14123154093603688,0.03526526615574782,0.18793033737720694,-0.11608388459423939,0.0,0,core_5
half36,side=A_side|tfc=low|phase=q4,30,O3_A_C_boundary,0.07933604140271014,0.10449686298197834,0.16824813379123316,0.18438649308380736,0.14653568690868593,0.1311882124925158,0.1493364367035584,0.11580817403822108,-0.03597233449391772,0.1307266542352619,0.1627846186134009,0.08236684583451834,0.0436442574643712,0.08899330119080452,0.0,0,core_5
half36,side=A_side|tfc=high|phase=q1,25,O1_lag0_AB,0.1889632281410626,0.22509841460255273,0.127626014449578,0.17731175524246687,0.10948416660111733,0.13062999205044334,0.14298777442507707,0.08686188262876476,0.3332764412761761,0.13467472338832814,0.2497565739008288,0.0810112241365866,0.1428173381186656,0.17445394116960244,0.0,0,core_5
half36,side=B_side|tfc=high|phase=q4,39,O5_full_TFC,0.12026306861617085,0.19245673833441254,0.13562794577692386,0.12915664182049952,0.1021198305485765,0.22332896086778906,0.11150096080704648,0.10580892184475206,0.20938279222764558,0.08689821026217465,0.06978688572699303,-0.012420768600926547,0.26145385069907406,0.018339427624923934,0.0,0,core_5
half36,side=B_side|tfc=low|phase=q1,37,O6_phase_only,-0.05727091684185102,0.09562251515264775,0.12685247028549973,0.11664515714167314,0.182899777995743,0.10702900179097506,0.1967527145692059,0.17419836306425554,-0.20992522635744754,-0.11100946765128418,-0.14037036511331882,0.01706028593367762,-0.1704831887455168,0.04261355586314014,0.0,0,core_5
half36,side=A_side|tfc=mid|phase=q4,23,O7_suppress_event,-0.11327080052190341,0.11297255120995839,0.09138367178223672,0.1551772456517438,0.15179753044971217,0.13867017390395198,0.14735011828039338,0.2026487087220035,-0.20451518553686351,-0.27874250750501206,-0.09341709900628457,-0.10112423464869097,-0.13278150103492586,-0.11153186421714657,0.0,0,core_5
half36,side=B_side|tfc=mid|phase=q1,41,O7_suppress_event,-0.07545256774793947,0.14677713252652674,0.1322992866368907,0.12293232003090906,0.12549372556148627,0.1260727161374926,0.16736898437897155,0.17905583472772305,-0.06957382319605203,-0.10592085138608287,-0.13162230297073296,-0.12440467244071535,-0.12279359062831184,-0.02362388723337154,0.0,0,core_5
half36,side=B_side|tfc=low|phase=q4,29,O4_B_C_boundary,0.004148755704313604,0.13992336850408027,0.15667390414449242,0.09210226541885386,0.19721557057149078,0.11419686725407056,0.15530449560434093,0.14458352850267114,-0.011466870640953886,0.02810822320932621,-0.15783524824409575,0.1086540017004203,-0.08257673470261115,0.025035599799022996,0.0,0,core_5
half36,side=A_side|tfc=mid|phase=q1,23,O7_suppress_event,-0.13058746207273994,0.11229347130368837,0.1538115002301879,0.1650812361642486,0.10418418317505333,0.1417342230472354,0.10887211262212876,0.21402327345745756,-0.22573916390814425,-0.11562492738233521,-0.09087647465834356,-0.25197355355578244,-0.1442458949481435,-0.23656879710794085,0.0,0,core_5
half36,side=A_side|tfc=low|phase=q1,24,O3_A_C_boundary,-0.03367475421379233,0.07527719977958029,0.12299172745855326,0.2017605945491582,0.154106745621712,0.15001606015554958,0.13315287792132724,0.16269479451411953,-0.2697445527518963,-0.09791562292943234,0.07532202989307506,-0.01898067627752915,-0.028396782142055137,-0.07013233261154933,0.0,0,core_5
half36,side=B_side|tfc=mid|phase=q4,39,O5_full_TFC,0.023613529794747436,0.1465079474615073,0.1452843792290767,0.13018576399325613,0.12333134030775302,0.16180943512099757,0.15875841053779735,0.134122723349612,0.03091355720499836,0.02797824087031895,-0.010427494855971007,-0.029358234338947877,0.06568243139193419,0.05901993629787503,0.0,0,core_5
half36,side=B_side|tfc=low|phase=q4,41,O7_suppress_event,-0.07567855825255591,0.13200081743183498,0.15825217949300505,0.10100461229929476,0.16046303650700267,0.1451061760044759,0.12315105327067767,0.18002212499370893,-0.10859507565748923,-0.045111474299921385,-0.2022697522440213,-0.040255651120611656,-0.07546491302139324,-0.1328838289422913,0.0,1,core_5
half36,side=A_side|tfc=low|phase=q1,26,O7_suppress_event,-0.090691353226399,0.08902214612231171,0.1207290112872456,0.17181957750598567,0.11831903339056651,0.15749899651430882,0.152498582895541,0.19011265228404067,-0.2655560710619183,-0.15892392087664492,-0.03541014573102747,-0.16598125400520292,-0.06586920070890592,-0.0771615248959777,0.0,1,core_5
half36,side=A_side|tfc=high|phase=q4,33,O3_A_C_boundary,-0.0033899296387783287,0.16083777437605118,0.11752928558469775,0.17553783379953186,0.13844155223884583,0.16910426918117014,0.09138587303336891,0.14716341178633444,0.03109842059323034,-0.07869962541564815,0.061708843949771275,-0.02138338408564913,0.048640160768488774,-0.1667584483768544,0.0,1,core_5
half36,side=B_side|tfc=high|phase=q1,45,O1_lag0_AB,0.05518763850170118,0.19814169666231213,0.15261979238764534,0.12777142590870136,0.14240780542054118,0.1346095623784455,0.12070129298822307,0.12374842425413149,0.16475611123559233,0.0733947002147473,0.011197292553288813,0.049155449964037465,0.029444726342470803,-0.008726139663111627,0.0,1,core_5
half36,side=B_side|tfc=high|phase=q4,42,O5_full_TFC,0.2754993921602894,0.16674990584131058,0.15003033778530864,0.129602899123694,0.09943662429357825,0.2722264136891957,0.11134074534609671,0.07061307392081603,0.30074793341475475,0.26376777531258866,0.21254094507808188,0.11980681618099157,0.47229658452910644,0.15938298834086537,0.0,1,core_5
half36,side=B_side|tfc=low|phase=q1,38,O4_B_C_boundary,-0.053190541817782155,0.10132205832551966,0.13835122802642416,0.13111197987558404,0.1886842859277408,0.12080086866967912,0.15035778597914523,0.16937179319590692,-0.17982724139484219,-0.07080523655466303,-0.08961557220797538,0.03779262031657108,-0.11828347364575319,-0.04167749757709311,0.0,1,core_5
half36,side=B_side|tfc=mid|phase=q4,39,O6_phase_only,-0.0022534929405432294,0.13594331718436967,0.1624630373528905,0.11755529335839489,0.11317383549969066,0.15520182570922078,0.17040785880870646,0.14525483208672707,-0.023188077188271553,0.039186297813376965,-0.07405330026089274,-0.08734763053298882,0.02318284804958306,0.05589677469038678,0.0,1,core_5
half36,side=B_side|tfc=mid|phase=q1,50,O6_phase_only,-0.0200975391036785,0.16269505878767007,0.12950954229499126,0.11546700680352746,0.1446653352784098,0.12727757709042417,0.1678611153783785,0.15252436436659886,0.022593652920070758,-0.057249424933397464,-0.09741883054773566,-0.018515457582728406,-0.06333390064228023,0.033534407795814944,0.0,1,core_5
half36,side=A_side|tfc=mid|phase=q4,26,O7_suppress_event,-0.1138763020608393,0.11772401140505494,0.10036203664300712,0.13082308381496363,0.15846162022386534,0.1372405367199343,0.1531697817553706,0.20221892943780403,-0.18935277235053072,-0.24519841672758005,-0.15242675503453354,-0.08534347475653153,-0.13566552678240976,-0.09723137507266802,0.0,1,core_5
half36,side=A_side|tfc=low|phase=q4,24,O3_A_C_boundary,0.04019640784348831,0.09833182149147351,0.13496712942085123,0.20698776758451948,0.13582487255135206,0.12707481140833485,0.16634778710213644,0.1304658104413324,-0.0989672287071306,0.011872020838000688,0.1615419729848158,0.0140893027187452,-0.009217328486723131,0.08503932368099897,0.0,1,core_5
half36,side=A_side|tfc=high|phase=q1,26,O1_lag0_AB,0.11157623445832683,0.21368749915980823,0.13480186677341957,0.18602538847898836,0.10737415515906794,0.1389608437759684,0.11161632465011855,0.10753392200262878,0.2403479092572753,0.07909989344103592,0.1918268836026072,-0.0005203937077316109,0.08973504494096735,0.013041338160360258,0.0,1,core_5
half36,side=A_side|tfc=mid|phase=q1,17,O2_lag5_AB,-0.02255792662617414,0.13662047857451481,0.16993109039842358,0.14303474280102071,0.13597817775273818,0.144195153499164,0.11701871314720476,0.15322164382693387,-0.04013753565951852,0.03622761754662357,-0.024079288859548693,-0.04178688864366453,-0.021251268801405435,-0.09434308174681727,0.0,1,core_5
half36,side=B_side|tfc=low|phase=q4,43,O4_B_C_boundary,-0.025337045538961052,0.15262042884306815,0.16055159338469452,0.09737115319646364,0.16222207127276486,0.1359612378650341,0.13588768601181472,0.15538582942616008,-0.0062850425083816625,0.011446434644108995,-0.16358343668590455,0.015069236284735858,-0.04673949582006786,-0.046928888876239076,0.0,2,core_5
half36,side=A_side|tfc=low|phase=q1,25,O6_phase_only,-0.07454002960512346,0.07864134290865926,0.1307453415004537,0.14871634749237292,0.107257458100579,0.1501671076596186,0.20072971148802263,0.18374269085029402,-0.2970235825416039,-0.11909971022797526,-0.07402345164586661,-0.18840649268931206,-0.07062567209261322,0.03094802358612726,0.0,2,core_5
half36,side=A_side|tfc=high|phase=q4,25,O5_full_TFC,0.0664746009484069,0.1590629283780777,0.11018000833618642,0.13462361749696594,0.1635803948049287,0.2187926910244331,0.09126204867556469,0.12249831128384354,0.09142092940140532,-0.037093621861616695,0.03303496758906931,0.10122256773309751,0.20300959724982184,-0.10302677714893849,0.0,2,core_5
half36,side=B_side|tfc=high|phase=q1,40,O1_lag0_AB,0.04288192121163171,0.20610083119211223,0.1372169768587598,0.14392525224708053,0.13562677948264593,0.12977123444315064,0.11892374729183146,0.12843517848441952,0.16552941698194462,0.023148690672714602,0.03985441380279965,0.019068880372956152,0.0036220925242639343,-0.02692963728072543,0.0,2,core_5
half36,side=B_side|tfc=high|phase=q4,41,O5_full_TFC,0.1952778492933334,0.17456972632911302,0.13010488558344868,0.11934077153887657,0.08893609842539846,0.3088171040026169,0.0866568396032913,0.09157457451725515,0.22580970204517475,0.12291554623603623,0.09269027766025217,-0.010232441011793166,0.42545843999693134,-0.01931920047829768,0.0,2,core_5
half36,side=B_side|tfc=low|phase=q1,39,O4_B_C_boundary,0.013591659709965098,0.10290816239657284,0.1326217593061945,0.13163234383188602,0.19461619750178616,0.12178064822527362,0.17615005857293176,0.1402908301653551,-0.10845823202624597,-0.019675762605446415,-0.02229670230050567,0.11455912122546963,-0.049523657792404384,0.07966651388377624,0.0,2,core_5
half36,side=B_side|tfc=mid|phase=q4,36,O2_lag5_AB,0.045325911797095546,0.158664957207401,0.16844686076225315,0.12218555232053488,0.13557782166772353,0.15336824191814966,0.13545327214723585,0.12630329397670192,0.0798380387036241,0.10077697842305494,-0.011600854869462487,0.0248008934301509,0.06795450549823678,0.024479215687382355,0.0,2,core_5
half36,side=B_side|tfc=mid|phase=q1,50,O6_phase_only,-0.00530329567594553,0.15282688288582652,0.14471971842747963,0.11774163862619387,0.13306537307641655,0.1294369359599024,0.17610380600303877,0.1461056450211423,0.015741544105052706,-0.0033358712189469402,-0.07554303233502853,-0.032721297602642696,-0.04239766109353224,0.06536028517610981,0.0,2,core_5
half36,side=A_side|tfc=mid|phase=q4,24,O4_B_C_boundary,-0.06044756507248791,0.10035841174882341,0.09833730266580246,0.14503296329282106,0.18353924318316625,0.16337656570144404,0.1352713381700208,0.17408417523792188,-0.19277686824886694,-0.19989743025800313,-0.06390226441708344,0.018511344588098933,-0.022218417407160268,-0.08828969601734411,0.0,2,core_5
half36,side=A_side|tfc=low|phase=q4,32,O3_A_C_boundary,0.08033931221742857,0.10722842781562265,0.1757841166034556,0.19259650492964783,0.148566771743548,0.13722525285745293,0.12267417920560802,0.11592474684466487,-0.02729294685634643,0.14571038490359406,0.17767963707445616,0.08683263822289973,0.05903887870762536,0.019806725630951184,0.0,2,core_5
half36,side=A_side|tfc=high|phase=q1,22,O1_lag0_AB,0.10532498566162721,0.1843230447376601,0.14245641304599788,0.1575735672594819,0.09873689634784939,0.14965570968970948,0.15942115588570305,0.1078332130335984,0.1876364652630749,0.09745762946301113,0.13275735664037097,-0.030844453464783154,0.1147130871354613,0.13683731945739688,0.0,2,core_5
half36,side=A_side|tfc=mid|phase=q1,20,O7_suppress_event,-0.0994982209516882,0.10678971326122413,0.16814925087615107,0.17747686102541413,0.10808837238468043,0.13301354753673625,0.11118394044568108,0.19529831447011287,-0.21128331114505286,-0.05238667850375116,-0.033490788583842954,-0.20705266821021798,-0.13442702810855306,-0.19716978975598887,0.0,2,core_5
half36,side=B_side|tfc=low|phase=q4,48,O4_B_C_boundary,-0.02711340948157973,0.13876300151675303,0.15677175263303295,0.10039529419124156,0.17421706468000944,0.13944507602867104,0.13419697775459358,0.15621083319569834,-0.04145369787469134,0.0012545235559077138,-0.1547319389324153,0.0381834005873559,-0.039737525148278066,-0.0531642600370704,0.0,3,core_5
half36,side=A_side|tfc=low|phase=q1,19,O6_phase_only,0.022828497528935916,0.0866144322899428,0.16284197613743034,0.13537498405229567,0.1102503228857381,0.1831951056762739,0.18392062517687657,0.13780255378144265,-0.1625244021197507,0.0584354288303018,-0.006220656194182492,-0.07807395677819307,0.09965544582458763,0.10103883604439838,0.0,3,core_5
half36,side=A_side|tfc=high|phase=q4,30,O5_full_TFC,0.055997992236971716,0.17778953862922622,0.11652100466687094,0.17533636730032964,0.14431604784044394,0.19157611522545545,0.06734262713668453,0.12711829920098924,0.11741881929054722,-0.030466305918641152,0.11255582983798268,0.04441063500264038,0.14355846943496037,-0.2223636508352229,0.0,3,core_5
half36,side=B_side|tfc=high|phase=q1,39,O1_lag0_AB,0.06022284896773727,0.2114107626860498,0.14847972217074604,0.12362199896128884,0.12059019563963115,0.1359020050060031,0.13736502967769346,0.12263028585858764,0.19062013627278232,0.06694603126509918,0.0028190720155110973,-0.005871613429168259,0.03596601811275586,0.03971373344349892,0.0,3,core_5
half36,side=B_side|tfc=high|phase=q4,33,O5_full_TFC,0.3198617298365954,0.17667934384932962,0.13662897845407782,0.10258826351499252,0.09689175913541682,0.3371306537192991,0.08328973375323565,0.06679126757364832,0.34046744406127294,0.25049385148839376,0.1502029159573281,0.13020774311512892,0.5666143716316878,0.07726353259336538,0.0,3,core_5
half36,side=B_side|tfc=low|phase=q1,44,O4_B_C_boundary,-0.06692925385697725,0.09177337892952549,0.14682208002427438,0.11929437212320208,0.1784173599201869,0.11395193728397578,0.17212292463322504,0.1776179470856103,-0.23110941460798984,-0.06664467778767741,-0.1393142537595349,0.0015717259316045625,-0.15535034274884915,-0.010999092723383867,0.0,3,core_5
half36,side=B_side|tfc=mid|phase=q4,38,O6_phase_only,0.036850974181007135,0.15088937278805156,0.16046826080233248,0.1170334870207559,0.11891095138022761,0.1502165708075555,0.17266078599236429,0.12982057120871263,0.05263778175816314,0.07418001339106481,-0.03629260876574622,-0.03072242961926756,0.05107367390789609,0.09981146680784159,0.0,3,core_5
half36,side=B_side|tfc=mid|phase=q1,52,O6_phase_only,-0.06418951394700129,0.13840650840339483,0.13689538071691337,0.1128398918232686,0.13024528267811444,0.12951043568020407,0.17841337815912123,0.1736891225389834,-0.07947519337075826,-0.08331752081525538,-0.15095399259974737,-0.10074665532335934,-0.10272695540706016,0.009392655244776041,0.0,3,core_5
half36,side=A_side|tfc=mid|phase=q4,23,O7_suppress_event,-0.178904325510013,0.11589809065936031,0.10516382736275982,0.1123683572024735,0.12924653451463747,0.15205547162902316,0.13609815629491726,0.24916956233682838,-0.2678978266204661,-0.30191498509711584,-0.278722940885668,-0.2297441780146417,-0.17286088356251936,-0.21166504627676286,0.0,3,core_5
half36,side=A_side|tfc=low|phase=q4,27,O2_lag5_AB,0.10095264666114409,0.11710589852493743,0.20451624286757153,0.15124710339999156,0.13944220566415322,0.13869589660575563,0.1398861354401572,0.10910651749743334,0.024763903927842917,0.21991296941284627,0.11430661054755255,0.08586395625489397,0.08398568934225908,0.0869764502596408,0.0,3,core_5
half36,side=A_side|tfc=high|phase=q1,19,O1_lag0_AB,0.2830832031231664,0.22125883414652736,0.16751205973174918,0.16995998324458297,0.12256805432556879,0.15277747727215668,0.09854798111710009,0.0673756101623149,0.4161675441126665,0.31877029158493514,0.32384797594152953,0.20943416754425492,0.286544783145605,0.13309116173993366,0.0,3,core_5
half36,side=A_side|tfc=mid|phase=q1,22,O7_suppress_event,-0.09105276532565554,0.10979357058091785,0.16132266273851822,0.16812456551290286,0.11611907960027072,0.14245295440897254,0.11309877250620035,0.18908839465221755,-0.1902644207326235,-0.055582844269961344,-0.04112830268868186,-0.1706594363082271,-0.09912098055849326,-0.17988357534192553,0.0,3,core_5
half36,side=B_side|tfc=low|phase=q4,39,O7_suppress_event,-0.0546676943791165,0.1250896317318183,0.15149336065533395,0.10926799440692546,0.1492202214274622,0.16362984955545445,0.1326351297168302,0.1686638125061754,-0.10460692353281509,-0.037577980525439585,-0.15193637537157947,-0.04286948667204273,-0.010605208794159186,-0.08410692007229607,0.0,4,core_5
half36,side=A_side|tfc=low|phase=q1,26,O3_A_C_boundary,-0.05714517308775044,0.10042396584653104,0.1267551938324084,0.18154107148759505,0.1227787637618735,0.13183051371686338,0.16523763269807873,0.1714328586566498,-0.18717678448537847,-0.10567692681883231,0.02005157771914521,-0.11683266980540334,-0.09193610463211702,-0.01288247074046982,0.0,4,core_5
half36,side=A_side|tfc=high|phase=q4,27,O5_full_TFC,0.1144090277096982,0.18968855067932647,0.1178816399657011,0.17128978969918623,0.12615814686952026,0.21256222960289414,0.07384364567994424,0.10857599750342765,0.1952766041211392,0.02878074651446966,0.15956725160387253,0.05253006087226056,0.23512454877650757,-0.13492514137734365,0.0,4,core_5
half36,side=B_side|tfc=high|phase=q1,36,O1_lag0_AB,0.015471591406336326,0.20848146078411187,0.13627940785161693,0.11828809410358601,0.14202329238605269,0.1299435153992443,0.12592165458624152,0.13906257488914667,0.14172413825283203,-0.00707586711728598,-0.05663031028491794,0.007373472451887971,-0.023738453124245693,-0.03474243021433224,0.0,4,core_5
half36,side=B_side|tfc=high|phase=q4,41,O5_full_TFC,0.17503621761579197,0.18926274888350536,0.13265570066829968,0.10796437942696925,0.08978664640424695,0.2825148281826178,0.10287120553400317,0.09494449090035784,0.24144534429263403,0.11706262414200796,0.04497812833006052,-0.019549653901155054,0.3816535183425789,0.028064875847334275,0.0,4,core_5
half36,side=B_side|tfc=low|phase=q1,42,O4_B_C_boundary,-0.012621567386515958,0.08698882568106345,0.14762910866565224,0.12925876220199142,0.1900138158860118,0.11995991847359004,0.174154839123203,0.15199472996848817,-0.19532316265959404,-0.010199960078326726,-0.056710340830233165,0.07813782750239641,-0.0828408611512923,0.0476346270887142,0.0,4,core_5
half36,side=B_side|tfc=mid|phase=q4,44,O6_phase_only,0.060039879596835516,0.12683429291090154,0.15395952226222118,0.1395632731643681,0.13433946377242456,0.14551861858794132,0.17853797279523362,0.12124685650690982,0.01576849767404507,0.08360139257612814,0.0492413130071054,0.035889456573244945,0.06386640311219655,0.13544044765173677,0.0,4,core_5
half36,side=B_side|tfc=mid|phase=q1,47,O6_phase_only,-0.007639427354644842,0.13846071317066413,0.14020261906657733,0.112743789453411,0.14632991690139677,0.13323702770590054,0.18172253043209233,0.14730340326995797,-0.021667730551393066,-0.01729202026611649,-0.09358178659679361,-0.0023207276144633806,-0.03512765280179309,0.07349528835037596,0.0,4,core_5
half36,side=A_side|tfc=mid|phase=q4,24,O7_suppress_event,-0.12937757619761892,0.09266965067133949,0.10200718292722795,0.1727389072295846,0.12984152716816968,0.17080395079165397,0.11649347223564514,0.21544530897637906,-0.29528312264102446,-0.2616823506576902,-0.0773240450322503,-0.1772373419674023,-0.08126673747372616,-0.2152051480453557,0.0,4,core_5
half36,side=A_side|tfc=low|phase=q4,27,O3_A_C_boundary,0.11039646589599811,0.10019048344963925,0.13974351728109552,0.21859289166781742,0.153417804372768,0.14001353629972305,0.14069257126265333,0.1073491956663034,-0.02415483807805912,0.09230259196220719,0.24889340910531807,0.12497727043959203,0.09297822594288618,0.09467154642433566,0.0,4,core_5
half36,side=A_side|tfc=high|phase=q1,24,O1_lag0_AB,0.19676540600466622,0.20992157194024977,0.1608290986990645,0.1753077447886384,0.0916719080132036,0.13509654082574687,0.14219607174239077,0.08497706399070593,0.31652341326738753,0.22328632121506634,0.25345655526594674,0.026542110355238346,0.16226288939593667,0.18018892760229566,0.0,4,core_5
half36,side=A_side|tfc=mid|phase=q1,22,O7_suppress_event,-0.14643001636730027,0.10190098126043269,0.13944290171849594,0.16324019443126267,0.12299975004325951,0.1362087072618117,0.11186199518210263,0.22434547010263495,-0.2762149499155742,-0.16643617557548981,-0.1112875537892364,-0.21035168623317937,-0.17464958677935544,-0.2435724253742488,0.0,4,core_5
half36,side=B_side|tfc=high|phase=q1,40,O1_lag0_AB,0.0032736504515248517,0.1995184278883458,0.13319541872210958,0.13263619803150778,0.1288494434244584,0.1348437021920301,0.12765246817688056,0.14330434156466784,0.11582758985862053,-0.02560364375464366,-0.027076211486246633,-0.03721410485794414,-0.021298999831472726,-0.0404807033414344,0.0,0,no_phase_only
half36,side=A_side|tfc=high|phase=q4,33,O5_full_TFC,0.08037342714359559,0.17476902420918153,0.11408740776310462,0.17651091450175524,0.13040199232108235,0.20170532509696432,0.08462212717212844,0.11790320893578345,0.137760425553628,-0.011514697334690412,0.14123154093603688,0.03526526615574782,0.18793033737720694,-0.11608388459423939,0.0,0,no_phase_only
half36,side=A_side|tfc=low|phase=q4,30,O3_A_C_boundary,0.07933604140271014,0.10449686298197834,0.16824813379123316,0.18438649308380736,0.14653568690868593,0.1311882124925158,0.1493364367035584,0.11580817403822108,-0.03597233449391772,0.1307266542352619,0.1627846186134009,0.08236684583451834,0.0436442574643712,0.08899330119080452,0.0,0,no_phase_only
half36,side=A_side|tfc=high|phase=q1,25,O1_lag0_AB,0.1889632281410626,0.22509841460255273,0.127626014449578,0.17731175524246687,0.10948416660111733,0.13062999205044334,0.14298777442507707,0.08686188262876476,0.3332764412761761,0.13467472338832814,0.2497565739008288,0.0810112241365866,0.1428173381186656,0.17445394116960244,0.0,0,no_phase_only
half36,side=B_side|tfc=high|phase=q4,39,O5_full_TFC,0.12026306861617085,0.19245673833441254,0.13562794577692386,0.12915664182049952,0.1021198305485765,0.22332896086778906,0.11150096080704648,0.10580892184475206,0.20938279222764558,0.08689821026217465,0.06978688572699303,-0.012420768600926547,0.26145385069907406,0.018339427624923934,0.0,0,no_phase_only
half36,side=B_side|tfc=low|phase=q1,37,O6_phase_only,-0.05727091684185102,0.09562251515264775,0.12685247028549973,0.11664515714167314,0.182899777995743,0.10702900179097506,0.1967527145692059,0.17419836306425554,-0.20992522635744754,-0.11100946765128418,-0.14037036511331882,0.01706028593367762,-0.1704831887455168,0.04261355586314014,0.0,0,no_phase_only
half36,side=A_side|tfc=mid|phase=q4,23,O7_suppress_event,-0.11327080052190341,0.11297255120995839,0.09138367178223672,0.1551772456517438,0.15179753044971217,0.13867017390395198,0.14735011828039338,0.2026487087220035,-0.20451518553686351,-0.27874250750501206,-0.09341709900628457,-0.10112423464869097,-0.13278150103492586,-0.11153186421714657,0.0,0,no_phase_only
half36,side=B_side|tfc=mid|phase=q1,41,O7_suppress_event,-0.07545256774793947,0.14677713252652674,0.1322992866368907,0.12293232003090906,0.12549372556148627,0.1260727161374926,0.16736898437897155,0.17905583472772305,-0.06957382319605203,-0.10592085138608287,-0.13162230297073296,-0.12440467244071535,-0.12279359062831184,-0.02362388723337154,0.0,0,no_phase_only
half36,side=B_side|tfc=low|phase=q4,29,O4_B_C_boundary,0.004148755704313604,0.13992336850408027,0.15667390414449242,0.09210226541885386,0.19721557057149078,0.11419686725407056,0.15530449560434093,0.14458352850267114,-0.011466870640953886,0.02810822320932621,-0.15783524824409575,0.1086540017004203,-0.08257673470261115,0.025035599799022996,0.0,0,no_phase_only
half36,side=A_side|tfc=mid|phase=q1,23,O7_suppress_event,-0.13058746207273994,0.11229347130368837,0.1538115002301879,0.1650812361642486,0.10418418317505333,0.1417342230472354,0.10887211262212876,0.21402327345745756,-0.22573916390814425,-0.11562492738233521,-0.09087647465834356,-0.25197355355578244,-0.1442458949481435,-0.23656879710794085,0.0,0,no_phase_only
half36,side=A_side|tfc=low|phase=q1,24,O3_A_C_boundary,-0.03367475421379233,0.07527719977958029,0.12299172745855326,0.2017605945491582,0.154106745621712,0.15001606015554958,0.13315287792132724,0.16269479451411953,-0.2697445527518963,-0.09791562292943234,0.07532202989307506,-0.01898067627752915,-0.028396782142055137,-0.07013233261154933,0.0,0,no_phase_only
half36,side=B_side|tfc=mid|phase=q4,39,O5_full_TFC,0.023613529794747436,0.1465079474615073,0.1452843792290767,0.13018576399325613,0.12333134030775302,0.16180943512099757,0.15875841053779735,0.134122723349612,0.03091355720499836,0.02797824087031895,-0.010427494855971007,-0.029358234338947877,0.06568243139193419,0.05901993629787503,0.0,0,no_phase_only
half36,side=B_side|tfc=low|phase=q4,41,O7_suppress_event,-0.07567855825255591,0.13200081743183498,0.15825217949300505,0.10100461229929476,0.16046303650700267,0.1451061760044759,0.12315105327067767,0.18002212499370893,-0.10859507565748923,-0.045111474299921385,-0.2022697522440213,-0.040255651120611656,-0.07546491302139324,-0.1328838289422913,0.0,1,no_phase_only
half36,side=A_side|tfc=low|phase=q1,26,O7_suppress_event,-0.090691353226399,0.08902214612231171,0.1207290112872456,0.17181957750598567,0.11831903339056651,0.15749899651430882,0.152498582895541,0.19011265228404067,-0.2655560710619183,-0.15892392087664492,-0.03541014573102747,-0.16598125400520292,-0.06586920070890592,-0.0771615248959777,0.0,1,no_phase_only
half36,side=A_side|tfc=high|phase=q4,33,O3_A_C_boundary,-0.0033899296387783287,0.16083777437605118,0.11752928558469775,0.17553783379953186,0.13844155223884583,0.16910426918117014,0.09138587303336891,0.14716341178633444,0.03109842059323034,-0.07869962541564815,0.061708843949771275,-0.02138338408564913,0.048640160768488774,-0.1667584483768544,0.0,1,no_phase_only
half36,side=B_side|tfc=high|phase=q1,45,O1_lag0_AB,0.05518763850170118,0.19814169666231213,0.15261979238764534,0.12777142590870136,0.14240780542054118,0.1346095623784455,0.12070129298822307,0.12374842425413149,0.16475611123559233,0.0733947002147473,0.011197292553288813,0.049155449964037465,0.029444726342470803,-0.008726139663111627,0.0,1,no_phase_only
half36,side=B_side|tfc=high|phase=q4,42,O5_full_TFC,0.2754993921602894,0.16674990584131058,0.15003033778530864,0.129602899123694,0.09943662429357825,0.2722264136891957,0.11134074534609671,0.07061307392081603,0.30074793341475475,0.26376777531258866,0.21254094507808188,0.11980681618099157,0.47229658452910644,0.15938298834086537,0.0,1,no_phase_only
half36,side=B_side|tfc=low|phase=q1,38,O4_B_C_boundary,-0.053190541817782155,0.10132205832551966,0.13835122802642416,0.13111197987558404,0.1886842859277408,0.12080086866967912,0.15035778597914523,0.16937179319590692,-0.17982724139484219,-0.07080523655466303,-0.08961557220797538,0.03779262031657108,-0.11828347364575319,-0.04167749757709311,0.0,1,no_phase_only
half36,side=B_side|tfc=mid|phase=q4,39,O6_phase_only,-0.0022534929405432294,0.13594331718436967,0.1624630373528905,0.11755529335839489,0.11317383549969066,0.15520182570922078,0.17040785880870646,0.14525483208672707,-0.023188077188271553,0.039186297813376965,-0.07405330026089274,-0.08734763053298882,0.02318284804958306,0.05589677469038678,0.0,1,no_phase_only
half36,side=B_side|tfc=mid|phase=q1,50,O6_phase_only,-0.0200975391036785,0.16269505878767007,0.12950954229499126,0.11546700680352746,0.1446653352784098,0.12727757709042417,0.1678611153783785,0.15252436436659886,0.022593652920070758,-0.057249424933397464,-0.09741883054773566,-0.018515457582728406,-0.06333390064228023,0.033534407795814944,0.0,1,no_phase_only
half36,side=A_side|tfc=mid|phase=q4,26,O7_suppress_event,-0.1138763020608393,0.11772401140505494,0.10036203664300712,0.13082308381496363,0.15846162022386534,0.1372405367199343,0.1531697817553706,0.20221892943780403,-0.18935277235053072,-0.24519841672758005,-0.15242675503453354,-0.08534347475653153,-0.13566552678240976,-0.09723137507266802,0.0,1,no_phase_only
half36,side=A_side|tfc=low|phase=q4,24,O3_A_C_boundary,0.04019640784348831,0.09833182149147351,0.13496712942085123,0.20698776758451948,0.13582487255135206,0.12707481140833485,0.16634778710213644,0.1304658104413324,-0.0989672287071306,0.011872020838000688,0.1615419729848158,0.0140893027187452,-0.009217328486723131,0.08503932368099897,0.0,1,no_phase_only
half36,side=A_side|tfc=high|phase=q1,26,O1_lag0_AB,0.11157623445832683,0.21368749915980823,0.13480186677341957,0.18602538847898836,0.10737415515906794,0.1389608437759684,0.11161632465011855,0.10753392200262878,0.2403479092572753,0.07909989344103592,0.1918268836026072,-0.0005203937077316109,0.08973504494096735,0.013041338160360258,0.0,1,no_phase_only
half36,side=A_side|tfc=mid|phase=q1,17,O2_lag5_AB,-0.02255792662617414,0.13662047857451481,0.16993109039842358,0.14303474280102071,0.13597817775273818,0.144195153499164,0.11701871314720476,0.15322164382693387,-0.04013753565951852,0.03622761754662357,-0.024079288859548693,-0.04178688864366453,-0.021251268801405435,-0.09434308174681727,0.0,1,no_phase_only
half36,side=B_side|tfc=low|phase=q4,43,O4_B_C_boundary,-0.025337045538961052,0.15262042884306815,0.16055159338469452,0.09737115319646364,0.16222207127276486,0.1359612378650341,0.13588768601181472,0.15538582942616008,-0.0062850425083816625,0.011446434644108995,-0.16358343668590455,0.015069236284735858,-0.04673949582006786,-0.046928888876239076,0.0,2,no_phase_only
half36,side=A_side|tfc=low|phase=q1,25,O6_phase_only,-0.07454002960512346,0.07864134290865926,0.1307453415004537,0.14871634749237292,0.107257458100579,0.1501671076596186,0.20072971148802263,0.18374269085029402,-0.2970235825416039,-0.11909971022797526,-0.07402345164586661,-0.18840649268931206,-0.07062567209261322,0.03094802358612726,0.0,2,no_phase_only
half36,side=A_side|tfc=high|phase=q4,25,O5_full_TFC,0.0664746009484069,0.1590629283780777,0.11018000833618642,0.13462361749696594,0.1635803948049287,0.2187926910244331,0.09126204867556469,0.12249831128384354,0.09142092940140532,-0.037093621861616695,0.03303496758906931,0.10122256773309751,0.20300959724982184,-0.10302677714893849,0.0,2,no_phase_only
half36,side=B_side|tfc=high|phase=q1,40,O1_lag0_AB,0.04288192121163171,0.20610083119211223,0.1372169768587598,0.14392525224708053,0.13562677948264593,0.12977123444315064,0.11892374729183146,0.12843517848441952,0.16552941698194462,0.023148690672714602,0.03985441380279965,0.019068880372956152,0.0036220925242639343,-0.02692963728072543,0.0,2,no_phase_only
half36,side=B_side|tfc=high|phase=q4,41,O5_full_TFC,0.1952778492933334,0.17456972632911302,0.13010488558344868,0.11934077153887657,0.08893609842539846,0.3088171040026169,0.0866568396032913,0.09157457451725515,0.22580970204517475,0.12291554623603623,0.09269027766025217,-0.010232441011793166,0.42545843999693134,-0.01931920047829768,0.0,2,no_phase_only
half36,side=B_side|tfc=low|phase=q1,39,O4_B_C_boundary,0.013591659709965098,0.10290816239657284,0.1326217593061945,0.13163234383188602,0.19461619750178616,0.12178064822527362,0.17615005857293176,0.1402908301653551,-0.10845823202624597,-0.019675762605446415,-0.02229670230050567,0.11455912122546963,-0.049523657792404384,0.07966651388377624,0.0,2,no_phase_only
half36,side=B_side|tfc=mid|phase=q4,36,O2_lag5_AB,0.045325911797095546,0.158664957207401,0.16844686076225315,0.12218555232053488,0.13557782166772353,0.15336824191814966,0.13545327214723585,0.12630329397670192,0.0798380387036241,0.10077697842305494,-0.011600854869462487,0.0248008934301509,0.06795450549823678,0.024479215687382355,0.0,2,no_phase_only
half36,side=B_side|tfc=mid|phase=q1,50,O6_phase_only,-0.00530329567594553,0.15282688288582652,0.14471971842747963,0.11774163862619387,0.13306537307641655,0.1294369359599024,0.17610380600303877,0.1461056450211423,0.015741544105052706,-0.0033358712189469402,-0.07554303233502853,-0.032721297602642696,-0.04239766109353224,0.06536028517610981,0.0,2,no_phase_only
half36,side=A_side|tfc=mid|phase=q4,24,O4_B_C_boundary,-0.06044756507248791,0.10035841174882341,0.09833730266580246,0.14503296329282106,0.18353924318316625,0.16337656570144404,0.1352713381700208,0.17408417523792188,-0.19277686824886694,-0.19989743025800313,-0.06390226441708344,0.018511344588098933,-0.022218417407160268,-0.08828969601734411,0.0,2,no_phase_only
half36,side=A_side|tfc=low|phase=q4,32,O3_A_C_boundary,0.08033931221742857,0.10722842781562265,0.1757841166034556,0.19259650492964783,0.148566771743548,0.13722525285745293,0.12267417920560802,0.11592474684466487,-0.02729294685634643,0.14571038490359406,0.17767963707445616,0.08683263822289973,0.05903887870762536,0.019806725630951184,0.0,2,no_phase_only
half36,side=A_side|tfc=high|phase=q1,22,O1_lag0_AB,0.10532498566162721,0.1843230447376601,0.14245641304599788,0.1575735672594819,0.09873689634784939,0.14965570968970948,0.15942115588570305,0.1078332130335984,0.1876364652630749,0.09745762946301113,0.13275735664037097,-0.030844453464783154,0.1147130871354613,0.13683731945739688,0.0,2,no_phase_only
half36,side=A_side|tfc=mid|phase=q1,20,O7_suppress_event,-0.0994982209516882,0.10678971326122413,0.16814925087615107,0.17747686102541413,0.10808837238468043,0.13301354753673625,0.11118394044568108,0.19529831447011287,-0.21128331114505286,-0.05238667850375116,-0.033490788583842954,-0.20705266821021798,-0.13442702810855306,-0.19716978975598887,0.0,2,no_phase_only
half36,side=B_side|tfc=low|phase=q4,48,O4_B_C_boundary,-0.02711340948157973,0.13876300151675303,0.15677175263303295,0.10039529419124156,0.17421706468000944,0.13944507602867104,0.13419697775459358,0.15621083319569834,-0.04145369787469134,0.0012545235559077138,-0.1547319389324153,0.0381834005873559,-0.039737525148278066,-0.0531642600370704,0.0,3,no_phase_only
half36,side=A_side|tfc=low|phase=q1,19,O6_phase_only,0.022828497528935916,0.0866144322899428,0.16284197613743034,0.13537498405229567,0.1102503228857381,0.1831951056762739,0.18392062517687657,0.13780255378144265,-0.1625244021197507,0.0584354288303018,-0.006220656194182492,-0.07807395677819307,0.09965544582458763,0.10103883604439838,0.0,3,no_phase_only
half36,side=A_side|tfc=high|phase=q4,30,O5_full_TFC,0.055997992236971716,0.17778953862922622,0.11652100466687094,0.17533636730032964,0.14431604784044394,0.19157611522545545,0.06734262713668453,0.12711829920098924,0.11741881929054722,-0.030466305918641152,0.11255582983798268,0.04441063500264038,0.14355846943496037,-0.2223636508352229,0.0,3,no_phase_only
half36,side=B_side|tfc=high|phase=q1,39,O1_lag0_AB,0.06022284896773727,0.2114107626860498,0.14847972217074604,0.12362199896128884,0.12059019563963115,0.1359020050060031,0.13736502967769346,0.12263028585858764,0.19062013627278232,0.06694603126509918,0.0028190720155110973,-0.005871613429168259,0.03596601811275586,0.03971373344349892,0.0,3,no_phase_only
half36,side=B_side|tfc=high|phase=q4,33,O5_full_TFC,0.3198617298365954,0.17667934384932962,0.13662897845407782,0.10258826351499252,0.09689175913541682,0.3371306537192991,0.08328973375323565,0.06679126757364832,0.34046744406127294,0.25049385148839376,0.1502029159573281,0.13020774311512892,0.5666143716316878,0.07726353259336538,0.0,3,no_phase_only
half36,side=B_side|tfc=low|phase=q1,44,O4_B_C_boundary,-0.06692925385697725,0.09177337892952549,0.14682208002427438,0.11929437212320208,0.1784173599201869,0.11395193728397578,0.17212292463322504,0.1776179470856103,-0.23110941460798984,-0.06664467778767741,-0.1393142537595349,0.0015717259316045625,-0.15535034274884915,-0.010999092723383867,0.0,3,no_phase_only
half36,side=B_side|tfc=mid|phase=q4,38,O6_phase_only,0.036850974181007135,0.15088937278805156,0.16046826080233248,0.1170334870207559,0.11891095138022761,0.1502165708075555,0.17266078599236429,0.12982057120871263,0.05263778175816314,0.07418001339106481,-0.03629260876574622,-0.03072242961926756,0.05107367390789609,0.09981146680784159,0.0,3,no_phase_only
half36,side=B_side|tfc=mid|phase=q1,52,O6_phase_only,-0.06418951394700129,0.13840650840339483,0.13689538071691337,0.1128398918232686,0.13024528267811444,0.12951043568020407,0.17841337815912123,0.1736891225389834,-0.07947519337075826,-0.08331752081525538,-0.15095399259974737,-0.10074665532335934,-0.10272695540706016,0.009392655244776041,0.0,3,no_phase_only
half36,side=A_side|tfc=mid|phase=q4,23,O7_suppress_event,-0.178904325510013,0.11589809065936031,0.10516382736275982,0.1123683572024735,0.12924653451463747,0.15205547162902316,0.13609815629491726,0.24916956233682838,-0.2678978266204661,-0.30191498509711584,-0.278722940885668,-0.2297441780146417,-0.17286088356251936,-0.21166504627676286,0.0,3,no_phase_only
half36,side=A_side|tfc=low|phase=q4,27,O2_lag5_AB,0.10095264666114409,0.11710589852493743,0.20451624286757153,0.15124710339999156,0.13944220566415322,0.13869589660575563,0.1398861354401572,0.10910651749743334,0.024763903927842917,0.21991296941284627,0.11430661054755255,0.08586395625489397,0.08398568934225908,0.0869764502596408,0.0,3,no_phase_only
half36,side=A_side|tfc=high|phase=q1,19,O1_lag0_AB,0.2830832031231664,0.22125883414652736,0.16751205973174918,0.16995998324458297,0.12256805432556879,0.15277747727215668,0.09854798111710009,0.0673756101623149,0.4161675441126665,0.31877029158493514,0.32384797594152953,0.20943416754425492,0.286544783145605,0.13309116173993366,0.0,3,no_phase_only
half36,side=A_side|tfc=mid|phase=q1,22,O7_suppress_event,-0.09105276532565554,0.10979357058091785,0.16132266273851822,0.16812456551290286,0.11611907960027072,0.14245295440897254,0.11309877250620035,0.18908839465221755,-0.1902644207326235,-0.055582844269961344,-0.04112830268868186,-0.1706594363082271,-0.09912098055849326,-0.17988357534192553,0.0,3,no_phase_only
half36,side=B_side|tfc=low|phase=q4,39,O7_suppress_event,-0.0546676943791165,0.1250896317318183,0.15149336065533395,0.10926799440692546,0.1492202214274622,0.16362984955545445,0.1326351297168302,0.1686638125061754,-0.10460692353281509,-0.037577980525439585,-0.15193637537157947,-0.04286948667204273,-0.010605208794159186,-0.08410692007229607,0.0,4,no_phase_only
half36,side=A_side|tfc=low|phase=q1,26,O3_A_C_boundary,-0.05714517308775044,0.10042396584653104,0.1267551938324084,0.18154107148759505,0.1227787637618735,0.13183051371686338,0.16523763269807873,0.1714328586566498,-0.18717678448537847,-0.10567692681883231,0.02005157771914521,-0.11683266980540334,-0.09193610463211702,-0.01288247074046982,0.0,4,no_phase_only
half36,side=A_side|tfc=high|phase=q4,27,O5_full_TFC,0.1144090277096982,0.18968855067932647,0.1178816399657011,0.17128978969918623,0.12615814686952026,0.21256222960289414,0.07384364567994424,0.10857599750342765,0.1952766041211392,0.02878074651446966,0.15956725160387253,0.05253006087226056,0.23512454877650757,-0.13492514137734365,0.0,4,no_phase_only
half36,side=B_side|tfc=high|phase=q1,36,O1_lag0_AB,0.015471591406336326,0.20848146078411187,0.13627940785161693,0.11828809410358601,0.14202329238605269,0.1299435153992443,0.12592165458624152,0.13906257488914667,0.14172413825283203,-0.00707586711728598,-0.05663031028491794,0.007373472451887971,-0.023738453124245693,-0.03474243021433224,0.0,4,no_phase_only
half36,side=B_side|tfc=high|phase=q4,41,O5_full_TFC,0.17503621761579197,0.18926274888350536,0.13265570066829968,0.10796437942696925,0.08978664640424695,0.2825148281826178,0.10287120553400317,0.09494449090035784,0.24144534429263403,0.11706262414200796,0.04497812833006052,-0.019549653901155054,0.3816535183425789,0.028064875847334275,0.0,4,no_phase_only
half36,side=B_side|tfc=low|phase=q1,42,O4_B_C_boundary,-0.012621567386515958,0.08698882568106345,0.14762910866565224,0.12925876220199142,0.1900138158860118,0.11995991847359004,0.174154839123203,0.15199472996848817,-0.19532316265959404,-0.010199960078326726,-0.056710340830233165,0.07813782750239641,-0.0828408611512923,0.0476346270887142,0.0,4,no_phase_only
half36,side=B_side|tfc=mid|phase=q4,44,O6_phase_only,0.060039879596835516,0.12683429291090154,0.15395952226222118,0.1395632731643681,0.13433946377242456,0.14551861858794132,0.17853797279523362,0.12124685650690982,0.01576849767404507,0.08360139257612814,0.0492413130071054,0.035889456573244945,0.06386640311219655,0.13544044765173677,0.0,4,no_phase_only
half36,side=B_side|tfc=mid|phase=q1,47,O6_phase_only,-0.007639427354644842,0.13846071317066413,0.14020261906657733,0.112743789453411,0.14632991690139677,0.13323702770590054,0.18172253043209233,0.14730340326995797,-0.021667730551393066,-0.01729202026611649,-0.09358178659679361,-0.0023207276144633806,-0.03512765280179309,0.07349528835037596,0.0,4,no_phase_only
half36,side=A_side|tfc=mid|phase=q4,24,O7_suppress_event,-0.12937757619761892,0.09266965067133949,0.10200718292722795,0.1727389072295846,0.12984152716816968,0.17080395079165397,0.11649347223564514,0.21544530897637906,-0.29528312264102446,-0.2616823506576902,-0.0773240450322503,-0.1772373419674023,-0.08126673747372616,-0.2152051480453557,0.0,4,no_phase_only
half36,side=A_side|tfc=low|phase=q4,27,O3_A_C_boundary,0.11039646589599811,0.10019048344963925,0.13974351728109552,0.21859289166781742,0.153417804372768,0.14001353629972305,0.14069257126265333,0.1073491956663034,-0.02415483807805912,0.09230259196220719,0.24889340910531807,0.12497727043959203,0.09297822594288618,0.09467154642433566,0.0,4,no_phase_only
half36,side=A_side|tfc=high|phase=q1,24,O1_lag0_AB,0.19676540600466622,0.20992157194024977,0.1608290986990645,0.1753077447886384,0.0916719080132036,0.13509654082574687,0.14219607174239077,0.08497706399070593,0.31652341326738753,0.22328632121506634,0.25345655526594674,0.026542110355238346,0.16226288939593667,0.18018892760229566,0.0,4,no_phase_only
half36,side=A_side|tfc=mid|phase=q1,22,O7_suppress_event,-0.14643001636730027,0.10190098126043269,0.13944290171849594,0.16324019443126267,0.12299975004325951,0.1362087072618117,0.11186199518210263,0.22434547010263495,-0.2762149499155742,-0.16643617557548981,-0.1112875537892364,-0.21035168623317937,-0.17464958677935544,-0.2435724253742488,0.0,4,no_phase_only
half36,side=B_side|tfc=high|phase=q1,40,O1_lag0_AB,0.0032736504515248517,0.1995184278883458,0.13319541872210958,0.13263619803150778,0.1288494434244584,0.1348437021920301,0.12765246817688056,0.14330434156466784,0.11582758985862053,-0.02560364375464366,-0.027076211486246633,-0.03721410485794414,-0.021298999831472726,-0.0404807033414344,0.0,0,no_suppress
half36,side=A_side|tfc=high|phase=q4,33,O5_full_TFC,0.08037342714359559,0.17476902420918153,0.11408740776310462,0.17651091450175524,0.13040199232108235,0.20170532509696432,0.08462212717212844,0.11790320893578345,0.137760425553628,-0.011514697334690412,0.14123154093603688,0.03526526615574782,0.18793033737720694,-0.11608388459423939,0.0,0,no_suppress
half36,side=A_side|tfc=low|phase=q4,30,O3_A_C_boundary,0.07933604140271014,0.10449686298197834,0.16824813379123316,0.18438649308380736,0.14653568690868593,0.1311882124925158,0.1493364367035584,0.11580817403822108,-0.03597233449391772,0.1307266542352619,0.1627846186134009,0.08236684583451834,0.0436442574643712,0.08899330119080452,0.0,0,no_suppress
half36,side=A_side|tfc=high|phase=q1,25,O1_lag0_AB,0.1889632281410626,0.22509841460255273,0.127626014449578,0.17731175524246687,0.10948416660111733,0.13062999205044334,0.14298777442507707,0.08686188262876476,0.3332764412761761,0.13467472338832814,0.2497565739008288,0.0810112241365866,0.1428173381186656,0.17445394116960244,0.0,0,no_suppress
half36,side=B_side|tfc=high|phase=q4,39,O5_full_TFC,0.12026306861617085,0.19245673833441254,0.13562794577692386,0.12915664182049952,0.1021198305485765,0.22332896086778906,0.11150096080704648,0.10580892184475206,0.20938279222764558,0.08689821026217465,0.06978688572699303,-0.012420768600926547,0.26145385069907406,0.018339427624923934,0.0,0,no_suppress
half36,side=B_side|tfc=low|phase=q1,37,O6_phase_only,-0.05727091684185102,0.09562251515264775,0.12685247028549973,0.11664515714167314,0.182899777995743,0.10702900179097506,0.1967527145692059,0.17419836306425554,-0.20992522635744754,-0.11100946765128418,-0.14037036511331882,0.01706028593367762,-0.1704831887455168,0.04261355586314014,0.0,0,no_suppress
half36,side=A_side|tfc=mid|phase=q4,23,O7_suppress_event,-0.11327080052190341,0.11297255120995839,0.09138367178223672,0.1551772456517438,0.15179753044971217,0.13867017390395198,0.14735011828039338,0.2026487087220035,-0.20451518553686351,-0.27874250750501206,-0.09341709900628457,-0.10112423464869097,-0.13278150103492586,-0.11153186421714657,0.0,0,no_suppress
half36,side=B_side|tfc=mid|phase=q1,41,O7_suppress_event,-0.07545256774793947,0.14677713252652674,0.1322992866368907,0.12293232003090906,0.12549372556148627,0.1260727161374926,0.16736898437897155,0.17905583472772305,-0.06957382319605203,-0.10592085138608287,-0.13162230297073296,-0.12440467244071535,-0.12279359062831184,-0.02362388723337154,0.0,0,no_suppress
half36,side=B_side|tfc=low|phase=q4,29,O4_B_C_boundary,0.004148755704313604,0.13992336850408027,0.15667390414449242,0.09210226541885386,0.19721557057149078,0.11419686725407056,0.15530449560434093,0.14458352850267114,-0.011466870640953886,0.02810822320932621,-0.15783524824409575,0.1086540017004203,-0.08257673470261115,0.025035599799022996,0.0,0,no_suppress
half36,side=A_side|tfc=mid|phase=q1,23,O7_suppress_event,-0.13058746207273994,0.11229347130368837,0.1538115002301879,0.1650812361642486,0.10418418317505333,0.1417342230472354,0.10887211262212876,0.21402327345745756,-0.22573916390814425,-0.11562492738233521,-0.09087647465834356,-0.25197355355578244,-0.1442458949481435,-0.23656879710794085,0.0,0,no_suppress
half36,side=A_side|tfc=low|phase=q1,24,O3_A_C_boundary,-0.03367475421379233,0.07527719977958029,0.12299172745855326,0.2017605945491582,0.154106745621712,0.15001606015554958,0.13315287792132724,0.16269479451411953,-0.2697445527518963,-0.09791562292943234,0.07532202989307506,-0.01898067627752915,-0.028396782142055137,-0.07013233261154933,0.0,0,no_suppress
half36,side=B_side|tfc=mid|phase=q4,39,O5_full_TFC,0.023613529794747436,0.1465079474615073,0.1452843792290767,0.13018576399325613,0.12333134030775302,0.16180943512099757,0.15875841053779735,0.134122723349612,0.03091355720499836,0.02797824087031895,-0.010427494855971007,-0.029358234338947877,0.06568243139193419,0.05901993629787503,0.0,0,no_suppress
half36,side=B_side|tfc=low|phase=q4,41,O7_suppress_event,-0.07567855825255591,0.13200081743183498,0.15825217949300505,0.10100461229929476,0.16046303650700267,0.1451061760044759,0.12315105327067767,0.18002212499370893,-0.10859507565748923,-0.045111474299921385,-0.2022697522440213,-0.040255651120611656,-0.07546491302139324,-0.1328838289422913,0.0,1,no_suppress
half36,side=A_side|tfc=low|phase=q1,26,O7_suppress_event,-0.090691353226399,0.08902214612231171,0.1207290112872456,0.17181957750598567,0.11831903339056651,0.15749899651430882,0.152498582895541,0.19011265228404067,-0.2655560710619183,-0.15892392087664492,-0.03541014573102747,-0.16598125400520292,-0.06586920070890592,-0.0771615248959777,0.0,1,no_suppress
half36,side=A_side|tfc=high|phase=q4,33,O3_A_C_boundary,-0.0033899296387783287,0.16083777437605118,0.11752928558469775,0.17553783379953186,0.13844155223884583,0.16910426918117014,0.09138587303336891,0.14716341178633444,0.03109842059323034,-0.07869962541564815,0.061708843949771275,-0.02138338408564913,0.048640160768488774,-0.1667584483768544,0.0,1,no_suppress
half36,side=B_side|tfc=high|phase=q1,45,O1_lag0_AB,0.05518763850170118,0.19814169666231213,0.15261979238764534,0.12777142590870136,0.14240780542054118,0.1346095623784455,0.12070129298822307,0.12374842425413149,0.16475611123559233,0.0733947002147473,0.011197292553288813,0.049155449964037465,0.029444726342470803,-0.008726139663111627,0.0,1,no_suppress
half36,side=B_side|tfc=high|phase=q4,42,O5_full_TFC,0.2754993921602894,0.16674990584131058,0.15003033778530864,0.129602899123694,0.09943662429357825,0.2722264136891957,0.11134074534609671,0.07061307392081603,0.30074793341475475,0.26376777531258866,0.21254094507808188,0.11980681618099157,0.47229658452910644,0.15938298834086537,0.0,1,no_suppress
half36,side=B_side|tfc=low|phase=q1,38,O4_B_C_boundary,-0.053190541817782155,0.10132205832551966,0.13835122802642416,0.13111197987558404,0.1886842859277408,0.12080086866967912,0.15035778597914523,0.16937179319590692,-0.17982724139484219,-0.07080523655466303,-0.08961557220797538,0.03779262031657108,-0.11828347364575319,-0.04167749757709311,0.0,1,no_suppress
half36,side=B_side|tfc=mid|phase=q4,39,O6_phase_only,-0.0022534929405432294,0.13594331718436967,0.1624630373528905,0.11755529335839489,0.11317383549969066,0.15520182570922078,0.17040785880870646,0.14525483208672707,-0.023188077188271553,0.039186297813376965,-0.07405330026089274,-0.08734763053298882,0.02318284804958306,0.05589677469038678,0.0,1,no_suppress
half36,side=B_side|tfc=mid|phase=q1,50,O6_phase_only,-0.0200975391036785,0.16269505878767007,0.12950954229499126,0.11546700680352746,0.1446653352784098,0.12727757709042417,0.1678611153783785,0.15252436436659886,0.022593652920070758,-0.057249424933397464,-0.09741883054773566,-0.018515457582728406,-0.06333390064228023,0.033534407795814944,0.0,1,no_suppress
half36,side=A_side|tfc=mid|phase=q4,26,O7_suppress_event,-0.1138763020608393,0.11772401140505494,0.10036203664300712,0.13082308381496363,0.15846162022386534,0.1372405367199343,0.1531697817553706,0.20221892943780403,-0.18935277235053072,-0.24519841672758005,-0.15242675503453354,-0.08534347475653153,-0.13566552678240976,-0.09723137507266802,0.0,1,no_suppress
half36,side=A_side|tfc=low|phase=q4,24,O3_A_C_boundary,0.04019640784348831,0.09833182149147351,0.13496712942085123,0.20698776758451948,0.13582487255135206,0.12707481140833485,0.16634778710213644,0.1304658104413324,-0.0989672287071306,0.011872020838000688,0.1615419729848158,0.0140893027187452,-0.009217328486723131,0.08503932368099897,0.0,1,no_suppress
half36,side=A_side|tfc=high|phase=q1,26,O1_lag0_AB,0.11157623445832683,0.21368749915980823,0.13480186677341957,0.18602538847898836,0.10737415515906794,0.1389608437759684,0.11161632465011855,0.10753392200262878,0.2403479092572753,0.07909989344103592,0.1918268836026072,-0.0005203937077316109,0.08973504494096735,0.013041338160360258,0.0,1,no_suppress
half36,side=A_side|tfc=mid|phase=q1,17,O2_lag5_AB,-0.02255792662617414,0.13662047857451481,0.16993109039842358,0.14303474280102071,0.13597817775273818,0.144195153499164,0.11701871314720476,0.15322164382693387,-0.04013753565951852,0.03622761754662357,-0.024079288859548693,-0.04178688864366453,-0.021251268801405435,-0.09434308174681727,0.0,1,no_suppress
half36,side=B_side|tfc=low|phase=q4,43,O4_B_C_boundary,-0.025337045538961052,0.15262042884306815,0.16055159338469452,0.09737115319646364,0.16222207127276486,0.1359612378650341,0.13588768601181472,0.15538582942616008,-0.0062850425083816625,0.011446434644108995,-0.16358343668590455,0.015069236284735858,-0.04673949582006786,-0.046928888876239076,0.0,2,no_suppress
half36,side=A_side|tfc=low|phase=q1,25,O6_phase_only,-0.07454002960512346,0.07864134290865926,0.1307453415004537,0.14871634749237292,0.107257458100579,0.1501671076596186,0.20072971148802263,0.18374269085029402,-0.2970235825416039,-0.11909971022797526,-0.07402345164586661,-0.18840649268931206,-0.07062567209261322,0.03094802358612726,0.0,2,no_suppress
half36,side=A_side|tfc=high|phase=q4,25,O5_full_TFC,0.0664746009484069,0.1590629283780777,0.11018000833618642,0.13462361749696594,0.1635803948049287,0.2187926910244331,0.09126204867556469,0.12249831128384354,0.09142092940140532,-0.037093621861616695,0.03303496758906931,0.10122256773309751,0.20300959724982184,-0.10302677714893849,0.0,2,no_suppress
half36,side=B_side|tfc=high|phase=q1,40,O1_lag0_AB,0.04288192121163171,0.20610083119211223,0.1372169768587598,0.14392525224708053,0.13562677948264593,0.12977123444315064,0.11892374729183146,0.12843517848441952,0.16552941698194462,0.023148690672714602,0.03985441380279965,0.019068880372956152,0.0036220925242639343,-0.02692963728072543,0.0,2,no_suppress
half36,side=B_side|tfc=high|phase=q4,41,O5_full_TFC,0.1952778492933334,0.17456972632911302,0.13010488558344868,0.11934077153887657,0.08893609842539846,0.3088171040026169,0.0866568396032913,0.09157457451725515,0.22580970204517475,0.12291554623603623,0.09269027766025217,-0.010232441011793166,0.42545843999693134,-0.01931920047829768,0.0,2,no_suppress
half36,side=B_side|tfc=low|phase=q1,39,O4_B_C_boundary,0.013591659709965098,0.10290816239657284,0.1326217593061945,0.13163234383188602,0.19461619750178616,0.12178064822527362,0.17615005857293176,0.1402908301653551,-0.10845823202624597,-0.019675762605446415,-0.02229670230050567,0.11455912122546963,-0.049523657792404384,0.07966651388377624,0.0,2,no_suppress
half36,side=B_side|tfc=mid|phase=q4,36,O2_lag5_AB,0.045325911797095546,0.158664957207401,0.16844686076225315,0.12218555232053488,0.13557782166772353,0.15336824191814966,0.13545327214723585,0.12630329397670192,0.0798380387036241,0.10077697842305494,-0.011600854869462487,0.0248008934301509,0.06795450549823678,0.024479215687382355,0.0,2,no_suppress
half36,side=B_side|tfc=mid|phase=q1,50,O6_phase_only,-0.00530329567594553,0.15282688288582652,0.14471971842747963,0.11774163862619387,0.13306537307641655,0.1294369359599024,0.17610380600303877,0.1461056450211423,0.015741544105052706,-0.0033358712189469402,-0.07554303233502853,-0.032721297602642696,-0.04239766109353224,0.06536028517610981,0.0,2,no_suppress
half36,side=A_side|tfc=mid|phase=q4,24,O4_B_C_boundary,-0.06044756507248791,0.10035841174882341,0.09833730266580246,0.14503296329282106,0.18353924318316625,0.16337656570144404,0.1352713381700208,0.17408417523792188,-0.19277686824886694,-0.19989743025800313,-0.06390226441708344,0.018511344588098933,-0.022218417407160268,-0.08828969601734411,0.0,2,no_suppress
half36,side=A_side|tfc=low|phase=q4,32,O3_A_C_boundary,0.08033931221742857,0.10722842781562265,0.1757841166034556,0.19259650492964783,0.148566771743548,0.13722525285745293,0.12267417920560802,0.11592474684466487,-0.02729294685634643,0.14571038490359406,0.17767963707445616,0.08683263822289973,0.05903887870762536,0.019806725630951184,0.0,2,no_suppress
half36,side=A_side|tfc=high|phase=q1,22,O1_lag0_AB,0.10532498566162721,0.1843230447376601,0.14245641304599788,0.1575735672594819,0.09873689634784939,0.14965570968970948,0.15942115588570305,0.1078332130335984,0.1876364652630749,0.09745762946301113,0.13275735664037097,-0.030844453464783154,0.1147130871354613,0.13683731945739688,0.0,2,no_suppress
half36,side=A_side|tfc=mid|phase=q1,20,O7_suppress_event,-0.0994982209516882,0.10678971326122413,0.16814925087615107,0.17747686102541413,0.10808837238468043,0.13301354753673625,0.11118394044568108,0.19529831447011287,-0.21128331114505286,-0.05238667850375116,-0.033490788583842954,-0.20705266821021798,-0.13442702810855306,-0.19716978975598887,0.0,2,no_suppress
half36,side=B_side|tfc=low|phase=q4,48,O4_B_C_boundary,-0.02711340948157973,0.13876300151675303,0.15677175263303295,0.10039529419124156,0.17421706468000944,0.13944507602867104,0.13419697775459358,0.15621083319569834,-0.04145369787469134,0.0012545235559077138,-0.1547319389324153,0.0381834005873559,-0.039737525148278066,-0.0531642600370704,0.0,3,no_suppress
half36,side=A_side|tfc=low|phase=q1,19,O6_phase_only,0.022828497528935916,0.0866144322899428,0.16284197613743034,0.13537498405229567,0.1102503228857381,0.1831951056762739,0.18392062517687657,0.13780255378144265,-0.1625244021197507,0.0584354288303018,-0.006220656194182492,-0.07807395677819307,0.09965544582458763,0.10103883604439838,0.0,3,no_suppress
half36,side=A_side|tfc=high|phase=q4,30,O5_full_TFC,0.055997992236971716,0.17778953862922622,0.11652100466687094,0.17533636730032964,0.14431604784044394,0.19157611522545545,0.06734262713668453,0.12711829920098924,0.11741881929054722,-0.030466305918641152,0.11255582983798268,0.04441063500264038,0.14355846943496037,-0.2223636508352229,0.0,3,no_suppress
half36,side=B_side|tfc=high|phase=q1,39,O1_lag0_AB,0.06022284896773727,0.2114107626860498,0.14847972217074604,0.12362199896128884,0.12059019563963115,0.1359020050060031,0.13736502967769346,0.12263028585858764,0.19062013627278232,0.06694603126509918,0.0028190720155110973,-0.005871613429168259,0.03596601811275586,0.03971373344349892,0.0,3,no_suppress
half36,side=B_side|tfc=high|phase=q4,33,O5_full_TFC,0.3198617298365954,0.17667934384932962,0.13662897845407782,0.10258826351499252,0.09689175913541682,0.3371306537192991,0.08328973375323565,0.06679126757364832,0.34046744406127294,0.25049385148839376,0.1502029159573281,0.13020774311512892,0.5666143716316878,0.07726353259336538,0.0,3,no_suppress
half36,side=B_side|tfc=low|phase=q1,44,O4_B_C_boundary,-0.06692925385697725,0.09177337892952549,0.14682208002427438,0.11929437212320208,0.1784173599201869,0.11395193728397578,0.17212292463322504,0.1776179470856103,-0.23110941460798984,-0.06664467778767741,-0.1393142537595349,0.0015717259316045625,-0.15535034274884915,-0.010999092723383867,0.0,3,no_suppress
half36,side=B_side|tfc=mid|phase=q4,38,O6_phase_only,0.036850974181007135,0.15088937278805156,0.16046826080233248,0.1170334870207559,0.11891095138022761,0.1502165708075555,0.17266078599236429,0.12982057120871263,0.05263778175816314,0.07418001339106481,-0.03629260876574622,-0.03072242961926756,0.05107367390789609,0.09981146680784159,0.0,3,no_suppress
half36,side=B_side|tfc=mid|phase=q1,52,O6_phase_only,-0.06418951394700129,0.13840650840339483,0.13689538071691337,0.1128398918232686,0.13024528267811444,0.12951043568020407,0.17841337815912123,0.1736891225389834,-0.07947519337075826,-0.08331752081525538,-0.15095399259974737,-0.10074665532335934,-0.10272695540706016,0.009392655244776041,0.0,3,no_suppress
half36,side=A_side|tfc=mid|phase=q4,23,O7_suppress_event,-0.178904325510013,0.11589809065936031,0.10516382736275982,0.1123683572024735,0.12924653451463747,0.15205547162902316,0.13609815629491726,0.24916956233682838,-0.2678978266204661,-0.30191498509711584,-0.278722940885668,-0.2297441780146417,-0.17286088356251936,-0.21166504627676286,0.0,3,no_suppress
half36,side=A_side|tfc=low|phase=q4,27,O2_lag5_AB,0.10095264666114409,0.11710589852493743,0.20451624286757153,0.15124710339999156,0.13944220566415322,0.13869589660575563,0.1398861354401572,0.10910651749743334,0.024763903927842917,0.21991296941284627,0.11430661054755255,0.08586395625489397,0.08398568934225908,0.0869764502596408,0.0,3,no_suppress
half36,side=A_side|tfc=high|phase=q1,19,O1_lag0_AB,0.2830832031231664,0.22125883414652736,0.16751205973174918,0.16995998324458297,0.12256805432556879,0.15277747727215668,0.09854798111710009,0.0673756101623149,0.4161675441126665,0.31877029158493514,0.32384797594152953,0.20943416754425492,0.286544783145605,0.13309116173993366,0.0,3,no_suppress
half36,side=A_side|tfc=mid|phase=q1,22,O7_suppress_event,-0.09105276532565554,0.10979357058091785,0.16132266273851822,0.16812456551290286,0.11611907960027072,0.14245295440897254,0.11309877250620035,0.18908839465221755,-0.1902644207326235,-0.055582844269961344,-0.04112830268868186,-0.1706594363082271,-0.09912098055849326,-0.17988357534192553,0.0,3,no_suppress
half36,side=B_side|tfc=low|phase=q4,39,O7_suppress_event,-0.0546676943791165,0.1250896317318183,0.15149336065533395,0.10926799440692546,0.1492202214274622,0.16362984955545445,0.1326351297168302,0.1686638125061754,-0.10460692353281509,-0.037577980525439585,-0.15193637537157947,-0.04286948667204273,-0.010605208794159186,-0.08410692007229607,0.0,4,no_suppress
half36,side=A_side|tfc=low|phase=q1,26,O3_A_C_boundary,-0.05714517308775044,0.10042396584653104,0.1267551938324084,0.18154107148759505,0.1227787637618735,0.13183051371686338,0.16523763269807873,0.1714328586566498,-0.18717678448537847,-0.10567692681883231,0.02005157771914521,-0.11683266980540334,-0.09193610463211702,-0.01288247074046982,0.0,4,no_suppress
half36,side=A_side|tfc=high|phase=q4,27,O5_full_TFC,0.1144090277096982,0.18968855067932647,0.1178816399657011,0.17128978969918623,0.12615814686952026,0.21256222960289414,0.07384364567994424,0.10857599750342765,0.1952766041211392,0.02878074651446966,0.15956725160387253,0.05253006087226056,0.23512454877650757,-0.13492514137734365,0.0,4,no_suppress
half36,side=B_side|tfc=high|phase=q1,36,O1_lag0_AB,0.015471591406336326,0.20848146078411187,0.13627940785161693,0.11828809410358601,0.14202329238605269,0.1299435153992443,0.12592165458624152,0.13906257488914667,0.14172413825283203,-0.00707586711728598,-0.05663031028491794,0.007373472451887971,-0.023738453124245693,-0.03474243021433224,0.0,4,no_suppress
half36,side=B_side|tfc=high|phase=q4,41,O5_full_TFC,0.17503621761579197,0.18926274888350536,0.13265570066829968,0.10796437942696925,0.08978664640424695,0.2825148281826178,0.10287120553400317,0.09494449090035784,0.24144534429263403,0.11706262414200796,0.04497812833006052,-0.019549653901155054,0.3816535183425789,0.028064875847334275,0.0,4,no_suppress
half36,side=B_side|tfc=low|phase=q1,42,O4_B_C_boundary,-0.012621567386515958,0.08698882568106345,0.14762910866565224,0.12925876220199142,0.1900138158860118,0.11995991847359004,0.174154839123203,0.15199472996848817,-0.19532316265959404,-0.010199960078326726,-0.056710340830233165,0.07813782750239641,-0.0828408611512923,0.0476346270887142,0.0,4,no_suppress
half36,side=B_side|tfc=mid|phase=q4,44,O6_phase_only,0.060039879596835516,0.12683429291090154,0.15395952226222118,0.1395632731643681,0.13433946377242456,0.14551861858794132,0.17853797279523362,0.12124685650690982,0.01576849767404507,0.08360139257612814,0.0492413130071054,0.035889456573244945,0.06386640311219655,0.13544044765173677,0.0,4,no_suppress
half36,side=B_side|tfc=mid|phase=q1,47,O6_phase_only,-0.007639427354644842,0.13846071317066413,0.14020261906657733,0.112743789453411,0.14632991690139677,0.13323702770590054,0.18172253043209233,0.14730340326995797,-0.021667730551393066,-0.01729202026611649,-0.09358178659679361,-0.0023207276144633806,-0.03512765280179309,0.07349528835037596,0.0,4,no_suppress
half36,side=A_side|tfc=mid|phase=q4,24,O7_suppress_event,-0.12937757619761892,0.09266965067133949,0.10200718292722795,0.1727389072295846,0.12984152716816968,0.17080395079165397,0.11649347223564514,0.21544530897637906,-0.29528312264102446,-0.2616823506576902,-0.0773240450322503,-0.1772373419674023,-0.08126673747372616,-0.2152051480453557,0.0,4,no_suppress
half36,side=A_side|tfc=low|phase=q4,27,O3_A_C_boundary,0.11039646589599811,0.10019048344963925,0.13974351728109552,0.21859289166781742,0.153417804372768,0.14001353629972305,0.14069257126265333,0.1073491956663034,-0.02415483807805912,0.09230259196220719,0.24889340910531807,0.12497727043959203,0.09297822594288618,0.09467154642433566,0.0,4,no_suppress
half36,side=A_side|tfc=high|phase=q1,24,O1_lag0_AB,0.19676540600466622,0.20992157194024977,0.1608290986990645,0.1753077447886384,0.0916719080132036,0.13509654082574687,0.14219607174239077,0.08497706399070593,0.31652341326738753,0.22328632121506634,0.25345655526594674,0.026542110355238346,0.16226288939593667,0.18018892760229566,0.0,4,no_suppress
half36,side=A_side|tfc=mid|phase=q1,22,O7_suppress_event,-0.14643001636730027,0.10190098126043269,0.13944290171849594,0.16324019443126267,0.12299975004325951,0.1362087072618117,0.11186199518210263,0.22434547010263495,-0.2762149499155742,-0.16643617557548981,-0.1112875537892364,-0.21035168623317937,-0.17464958677935544,-0.2435724253742488,0.0,4,no_suppress
quadrature90,side=B_side|tfc=high|phase=q1,40,O1_lag0_AB,-0.03667423350630404,0.1951894148223218,0.12875635649280082,0.13101865119837514,0.12479246040665049,0.13294601320608576,0.12651616250291364,0.16078094137085244,0.06787466673985075,-0.07774232086748402,-0.07164609804814984,-0.08868677482179994,-0.0665348935423605,-0.08388546567790048,0.0,0,full
quadrature90,side=A_side|tfc=high|phase=q4,33,O5_full_TFC,0.02947925472562491,0.15941003250421318,0.1170462422364781,0.17365765956033385,0.12676133664905226,0.20936242809119354,0.0771853942889725,0.13657690666975658,0.05410714006546963,-0.05401157485010488,0.0840693044149319,-0.026103628355149934,0.14951264336704606,-0.19973717008239775,0.0,0,full
quadrature90,side=A_side|tfc=low|phase=q4,30,O3_A_C_boundary,0.09069334203274208,0.10604774369534554,0.16931678687254512,0.1832705837633484,0.1456488511320169,0.13202147396384892,0.15155279988305856,0.11214176068983663,-0.019556035262415266,0.14420267659878078,0.17191995421915257,0.09150218144026999,0.057120279827890044,0.105409600422307,0.0,0,full
quadrature90,side=A_side|tfc=high|phase=q1,25,O1_lag0_AB,0.15398435922600906,0.22576268238401268,0.12517165222085777,0.17402596142814875,0.10580380302184919,0.1301176554869006,0.14340973284651223,0.0957085126117188,0.3003619934327877,0.09393256864399838,0.20926403616341294,0.03509772652772038,0.1074961432457863,0.14153949332621404,0.0,0,full
quadrature90,side=B_side|tfc=high|phase=q4,39,O5_full_TFC,0.08521373217430059,0.19044652818386382,0.13339459454444436,0.12794003279743218,0.10115789854470653,0.21965145910260864,0.11094053053412063,0.11646895629282385,0.17211134335858577,0.04749039543404423,0.03287791236279576,-0.04932974196512383,0.2220460358709437,-0.017020664891876404,0.0,0,full
quadrature90,side=B_side|tfc=low|phase=q1,37,O7_suppress_event,-0.1149337855814799,0.0919320342827321,0.12132017261955327,0.11156317922553242,0.17493122914709705,0.10236124644128303,0.19026117715693208,0.20763096112687,-0.2851494563088962,-0.18806521050919725,-0.2174099264036901,-0.05997927535669371,-0.24753893160342985,-0.030577586792323377,0.0,0,full
quadrature90,side=A_side|tfc=mid|phase=q4,23,O7_suppress_event,-0.16625910306220976,0.1087150691077628,0.08786921590208753,0.14563203160181537,0.1424602083809547,0.13333716201492002,0.14179708363068216,0.2401892293617773,-0.2774438287540812,-0.3519521397931222,-0.17512038583067874,-0.1828275214730851,-0.20599113332303612,-0.18446050743436418,0.0,0,full
quadrature90,side=B_side|tfc=mid|phase=q1,41,O6_phase_only,0.0077067650047145456,0.15050712257886517,0.13456074940211124,0.1359581561678247,0.13879096671795332,0.12822774478883878,0.17162226713533496,0.1403329932090719,0.024497300748021974,-0.014700824542393106,-0.01108483535784737,-0.0038672048278297877,-0.03157356378462207,0.07044723671070247,0.0,0,full
quadrature90,side=B_side|tfc=low|phase=q4,29,O4_B_C_boundary,-0.03575769051282281,0.13761807125495246,0.15230351845387974,0.09043696643239353,0.19364972028221367,0.11101136959710467,0.15274578771786357,0.16223456626159222,-0.05759634271786266,-0.022108753136304556,-0.20453654316879846,0.061952706775717625,-0.1327937110482419,-0.021093872277885773,0.0,0,full
quadrature90,side=A_side|tfc=mid|phase=q1,23,O3_A_C_boundary,-0.04220687371884025,0.1281229601957475,0.15773823844644833,0.17260583679142533,0.10893302312971002,0.1453526338250943,0.12421930847776522,0.16302799913380914,-0.0843260356889547,-0.011544756798686133,0.019981022272127676,-0.14111605662531124,-0.04016572436449445,-0.09515566888875134,0.0,0,full
quadrature90,side=A_side|tfc=low|phase=q1,24,O3_A_C_boundary,0.10521751708104551,0.07637566073890142,0.12212796958945195,0.23029606689837528,0.17590242276244702,0.14896251326155543,0.1350958731236741,0.11123949362559499,-0.13160749299809968,0.032684382074528166,0.2546880879370262,0.160385381766422,0.10220322286190536,0.06800472714224734,0.0,0,full
quadrature90,side=B_side|tfc=mid|phase=q4,39,O5_full_TFC,-0.019825733709691727,0.14330345912169531,0.14159209066959788,0.128556055126972,0.12178743740604511,0.15769717522572718,0.15528597450801052,0.15177780794195203,-0.02010861578945736,-0.024313568540492086,-0.05811841897695406,-0.07704915845993088,0.01339062198112317,0.007997763303419348,0.0,0,full
quadrature90,side=B_side|tfc=low|phase=q4,41,O7_suppress_event,-0.06909047642425126,0.12944694974550838,0.15460256278142148,0.10698213729020949,0.16995935344742583,0.14175973283638463,0.12076840518103624,0.17648085871801392,-0.10847944749920367,-0.04632414795190042,-0.17519268969647012,-0.013178588573060476,-0.07667758667337225,-0.13276820078400578,0.0,1,full
quadrature90,side=A_side|tfc=low|phase=q1,26,O3_A_C_boundary,0.03400332958433273,0.0912645406866207,0.12134970831378118,0.20125689947392456,0.13859027099579274,0.15830873692199074,0.15633989663875217,0.13288994696913792,-0.1315156463344145,-0.03179567677734108,0.14527130783419265,0.014700199560017209,0.061259043390397894,0.056878899831526115,0.0,1,full
quadrature90,side=A_side|tfc=high|phase=q4,33,O3_A_C_boundary,-0.0027795050590705486,0.14882809425514454,0.12203006044728247,0.17950777567016463,0.13993210625462832,0.17763842817869893,0.0845621333555587,0.1475014018385225,0.003133980615817556,-0.06634959388167178,0.0687332960167555,-0.01843811552391852,0.06506937580771882,-0.19472288835426713,0.0,1,full
quadrature90,side=B_side|tfc=high|phase=q1,45,O1_lag0_AB,0.025775137111360737,0.193829798987665,0.14775975711880454,0.12990183416181786,0.14227329873600877,0.13262126216679418,0.11935750270960899,0.13425654611930068,0.12852978471110274,0.0335423197443367,-0.0115407073215277,0.020299073892035672,-0.004289277930754522,-0.041170247638759705,0.0,1,full
quadrature90,side=B_side|tfc=high|phase=q4,42,O5_full_TFC,0.21750569855427368,0.16528457924724688,0.14755699606066056,0.12769441563975042,0.09797235801214059,0.26773859504219455,0.11123115633166275,0.08252189966634421,0.24311175082910697,0.2034027822735218,0.15280171310561902,0.06006758420852872,0.4119315914900396,0.10449138587834368,0.0,1,full
quadrature90,side=B_side|tfc=low|phase=q1,38,O4_B_C_boundary,-0.023931895786276764,0.10056548032686807,0.13650850339507234,0.13887024586381713,0.1998492677960365,0.11919190039840509,0.14894358552048478,0.15607101669931614,-0.15382572731293997,-0.046873480602946806,-0.04086989366020584,0.08653829886434068,-0.09435171769403698,-0.016360233865767244,0.0,1,full
quadrature90,side=B_side|tfc=mid|phase=q4,39,O6_phase_only,-0.04581631340068416,0.13276527201338856,0.15818097720254062,0.11556020027134083,0.11125310245237101,0.1511111502918491,0.16642411114092112,0.16470518662758882,-0.07545105089583502,-0.014146063816838512,-0.12402793179144418,-0.13732226206354023,-0.03014951358063242,0.003633800982823356,0.0,1,full
quadrature90,side=B_side|tfc=mid|phase=q1,50,O6_phase_only,-0.014225194699947987,0.16039719833526778,0.12683761632698487,0.12108282063572039,0.1517012290231717,0.12465169904818516,0.16549029095753662,0.14983914567313344,0.023831805205845734,-0.05832914492532581,-0.07458065195221154,0.004322721012795733,-0.0644136206342086,0.034772560081589896,0.0,1,full
quadrature90,side=A_side|tfc=mid|phase=q4,26,O7_suppress_event,-0.1361208914724334,0.1144937431336337,0.09738935481894877,0.13063746887559327,0.1582367910639597,0.1331755290469379,0.14896690521183784,0.21710020784908884,-0.22394360026234178,-0.2805747430629228,-0.17777653621072623,-0.11069325593272424,-0.1710418531177526,-0.13182220298447908,0.0,1,full
quadrature90,side=A_side|tfc=low|phase=q4,24,O3_A_C_boundary,0.08045532041435433,0.10113377285706297,0.1375940254667209,0.20779354991347493,0.13635362496707065,0.12954809746732254,0.17108784380162545,0.11648908552672253,-0.049473710275955124,0.05827847299131683,0.20256160965423967,0.05510893938816913,0.03718912366659293,0.13453284211217445,0.0,1,full
quadrature90,side=A_side|tfc=high|phase=q1,26,O1_lag0_AB,0.1969539294030945,0.21838999913877763,0.13423988684169982,0.19606843962541776,0.1114980814120584,0.14045782893705985,0.11407260200084599,0.08527316204414047,0.3291479367888795,0.15881901873945303,0.29141140183734965,0.09385166311215475,0.17466663165424062,0.10184136569196439,0.0,1,full
quadrature90,side=A_side|tfc=mid|phase=q1,17,O2_lag5_AB,0.0857108806575275,0.14402755978035384,0.17705595698191645,0.14993761304768638,0.14254049750124118,0.15024096435260478,0.12336305566399208,0.1128343526722053,0.08542934083650101,0.1576907451303124,0.09950445991468895,0.08179686013057309,0.10021185878228339,0.031223794749202227,0.0,1,full
quadrature90,side=B_side|tfc=low|phase=q4,43,O4_B_C_boundary,-0.0002750940836141933,0.1510400728516042,0.15797770280472462,0.10436968802418355,0.17388175464260852,0.13378156875054983,0.1344805944423384,0.14446861848399112,0.015569005859553205,0.0312870567567204,-0.1137930577529824,0.06485961521765798,-0.026898873707456448,-0.025074840508304202,0.0,2,full
quadrature90,side=A_side|tfc=low|phase=q1,25,O6_phase_only,-0.026009024110590813,0.07778102365537645,0.1270497424545549,0.16943977087076847,0.1222036408988273,0.1459225402171117,0.19853377193368885,0.15906950996967226,-0.250405325366571,-0.07866690778264793,0.02210468864401368,-0.09227835239943173,-0.0301928696472859,0.07756628076116016,0.0,2,full
quadrature90,side=A_side|tfc=high|phase=q4,25,O5_full_TFC,0.08381313194887983,0.1424531098532056,0.1171217874371111,0.13920655683567934,0.16914909842716405,0.2325775014716625,0.08173219730060352,0.1177597486745738,0.06662822989757916,-0.0019012731769899461,0.058559315407093616,0.12674691555112183,0.2382019459344486,-0.12781947665276464,0.0,2,full
quadrature90,side=B_side|tfc=high|phase=q1,40,O1_lag0_AB,-0.009205001527431582,0.2012713843376322,0.13388928113397772,0.13985970064979072,0.13050499892467354,0.1278763689220792,0.11775661883013061,0.14884164720171614,0.1056199192600383,-0.037054420245708486,-0.02178511595012041,-0.04601500343332157,-0.05313666434080151,-0.08199205985524965,0.0,2,full
quadrature90,side=B_side|tfc=high|phase=q4,41,O5_full_TFC,0.15326809153062373,0.17313659419482222,0.1283534152851146,0.11748890748124713,0.08755603726125441,0.30465981211574744,0.08620147516502959,0.10260375849678448,0.18312219806636776,0.07836953303574488,0.04741427604372822,-0.05550844262831715,0.3809124267966399,-0.060965545823475256,0.0,2,full
quadrature90,side=B_side|tfc=low|phase=q1,39,O4_B_C_boundary,-0.0019082449076217277,0.0997640134718409,0.12762043198188278,0.13604778492441794,0.20114435259426994,0.11718815234278984,0.1711125700594817,0.1471226946253169,-0.1359607774437889,-0.049772244416729214,-0.02739124926967097,0.10946457425630439,-0.0796201396036872,0.05286916193847798,0.0,2,full
quadrature90,side=B_side|tfc=mid|phase=q4,36,O2_lag5_AB,-0.039692908540150194,0.1530252434761009,0.16197891828690722,0.1165200691891065,0.12929136760612328,0.1474792810803955,0.13063861305474497,0.16106650730662164,-0.017925064753680678,0.00197708846475929,-0.11331384493125367,-0.07691209663164024,-0.030845384460058856,-0.07328388776992235,0.0,2,full
quadrature90,side=B_side|tfc=mid|phase=q1,50,O6_phase_only,-0.0077781203668185785,0.1521325748809949,0.14322090704487067,0.11932172153542231,0.13485109921596578,0.128096402996912,0.1753037485793683,0.14707354574646606,0.011836849849054597,-0.009290585527590722,-0.07318828490268967,-0.030366550170303847,-0.04835237540217602,0.06145559092011171,0.0,2,full
quadrature90,side=A_side|tfc=mid|phase=q4,24,O7_suppress_event,-0.10492078185109133,0.09807201505452352,0.09591236631515265,0.13927567222097256,0.17625339021483916,0.15934780182167646,0.13218954427715277,0.19894921009568284,-0.24757162857054568,-0.2553651249859986,-0.12480802041074072,-0.042394411405558385,-0.07768611213515579,-0.14308445633902286,0.0,2,full
quadrature90,side=A_side|tfc=low|phase=q4,32,O3_A_C_boundary,0.1359744665316721,0.11055069819951477,0.17940812693469652,0.1942949043186934,0.14987689787721736,0.1400543237864516,0.12647500703406273,0.09934004184936365,0.03742392220707606,0.206890081399689,0.2347899397351444,0.14394294088358794,0.12021857520372028,0.08452359469437362,0.0,2,full
quadrature90,side=A_side|tfc=high|phase=q1,22,O1_lag0_AB,0.21871339846901028,0.18994255527329296,0.1423661922756317,0.16839911905581348,0.10367931319586995,0.15221658130741705,0.1642814752580177,0.07911476363395718,0.3065377641336916,0.20562606905949624,0.2644030787979679,0.09464108702071107,0.22904170840404914,0.2557386183280136,0.0,2,full
quadrature90,side=A_side|tfc=mid|phase=q1,20,O3_A_C_boundary,0.024361153920528004,0.12683024148301866,0.17668398982555988,0.17994938171071634,0.10959420663832717,0.13976490621984433,0.13204910459179608,0.1351281695307375,-0.0221809773162921,0.093848662850719,0.10025815332865502,-0.07330372629772004,0.011808313245917112,-0.00806745592722812,0.0,2,full
quadrature90,side=B_side|tfc=low|phase=q4,48,O4_B_C_boundary,-0.024838121624385485,0.13698503532575138,0.15390374939324566,0.10402015251733171,0.18050732143496603,0.13689404930921628,0.1324775158895844,0.15521217612990454,-0.04372247965887286,-0.002962979613897465,-0.14007294158980557,0.052842397929965576,-0.04395502831808324,-0.05543304182125188,0.0,3,full
quadrature90,side=A_side|tfc=low|phase=q1,19,O6_phase_only,0.021531880815163447,0.08557775031681374,0.15977727373846623,0.14065237176958453,0.11454826392630407,0.17974735532859493,0.1817192923092866,0.13797769261095005,-0.1671833454159688,0.051341073689014326,0.006719780679087308,-0.0651335199049232,0.09256109068330015,0.09637989274818023,0.0,3,full
quadrature90,side=A_side|tfc=high|phase=q4,30,O5_full_TFC,0.04476551165501251,0.17277975919020327,0.12009998237218758,0.1711928171475342,0.13904916563910633,0.20000823029848214,0.0654450368093778,0.13142500854310854,0.0957534562194187,-0.03153914028978477,0.0925239333215201,0.019736908980199606,0.1469727369195957,-0.24402901390635132,0.0,3,full
quadrature90,side=B_side|tfc=high|phase=q1,39,O1_lag0_AB,-0.025663374362161432,0.2016706391042825,0.14028333544971616,0.1218972255757502,0.11658556981711413,0.13095740492391933,0.13232878554758212,0.15627703958163564,0.08925193908382935,-0.03778814371185586,-0.08695821770186024,-0.10255168654849224,-0.06186537346224659,-0.05821924558716228,0.0,3,full
quadrature90,side=B_side|tfc=high|phase=q4,33,O5_full_TFC,0.3051175744433938,0.17927653095821416,0.13779371940067475,0.09683091863404968,0.09145410716285649,0.3400046404912329,0.08467713426863893,0.06996294908433306,0.3293372867139665,0.23722719186982713,0.1137501916366689,0.09375501879446968,0.5533477120131212,0.06680793023680473,0.0,3,full
quadrature90,side=B_side|tfc=low|phase=q1,44,O4_B_C_boundary,-0.06816498074456469,0.09055653649919607,0.14494922642586627,0.12170324083108869,0.18202007803342377,0.11249837324406715,0.1698407107671873,0.17843183419917083,-0.23738129754322027,-0.07273809498488285,-0.13391735620773196,0.006968623483407532,-0.1614437599460546,-0.01727097565861428,0.0,3,full
quadrature90,side=B_side|tfc=mid|phase=q4,38,O6_phase_only,-0.007085641352851174,0.14779820990604287,0.15620963009137132,0.11590508894993595,0.11776445142066463,0.14623000736792088,0.1691236077075308,0.14696900455653358,0.0019691649793079505,0.021342011820342132,-0.0831075187941134,-0.07753733964763468,-0.00176432766282659,0.04914285002898642,0.0,3,full
quadrature90,side=B_side|tfc=mid|phase=q1,52,O6_phase_only,0.0038759264353855818,0.1404024266177242,0.1377543506378983,0.12455140958478046,0.14376328519292472,0.1303230676924777,0.18098622328942354,0.14221923698477104,-0.0044999550266816395,-0.011164215402844223,-0.04642793061942548,0.0037794066569624557,-0.030573649994649035,0.08436789358885262,0.0,3,full
quadrature90,side=A_side|tfc=mid|phase=q4,23,O7_suppress_event,-0.19482239023972292,0.11177852486497941,0.10143095742773515,0.11418103605276719,0.13133148498842873,0.14665814716172276,0.13126058471663551,0.2633592647877313,-0.2999498840934177,-0.33394927341419095,-0.2925068655152732,-0.2435281026442468,-0.2048951718795945,-0.24371710374971442,0.0,3,full
quadrature90,side=A_side|tfc=low|phase=q4,27,O2_lag5_AB,0.12193353482072802,0.11907324060789322,0.20639852378465665,0.15055018285602756,0.1387996800511767,0.13997239492099245,0.14223617830341115,0.10296979947584228,0.05085606218677487,0.2433806007894219,0.13295125663772006,0.1045086023450615,0.1074533207188346,0.11306860851857267,0.0,3,full
quadrature90,side=A_side|tfc=high|phase=q1,19,O1_lag0_AB,0.40365718916144927,0.22361671075427508,0.16700263345006872,0.17943390235724158,0.12940024982423123,0.15231286080038797,0.09959817186005089,0.04863547095374438,0.533953123836409,0.43177976161158793,0.4569088259449297,0.3424950175476551,0.3995542531722578,0.2508767414636761,0.0,3,full
quadrature90,side=A_side|tfc=mid|phase=q1,22,O3_A_C_boundary,0.005487950412911901,0.1256212617124448,0.16510001452676937,0.17286864352061895,0.1193956856698674,0.14578847412420665,0.1294029370316056,0.14182298341448732,-0.042457857198473455,0.053190114121154305,0.06928331753149418,-0.060247816088051034,0.009651977832622392,-0.03207701180777544,0.0,3,full
quadrature90,side=B_side|tfc=low|phase=q4,39,O5_full_TFC,-0.028779524524245113,0.12367784557794322,0.14942807952742948,0.11757400438390968,0.16056320117804268,0.16139911390613723,0.13113818359060686,0.15621957183593072,-0.08175382741373766,-0.015556564001801694,-0.09946809933558227,0.009598789363954469,0.011416207729478708,-0.061253823953218677,0.0,4,full
quadrature90,side=A_side|tfc=low|phase=q1,26,O3_A_C_boundary,0.018713111526215524,0.10040946593772386,0.12441872798730365,0.20406747588493993,0.13801368587201993,0.1294004950065507,0.1652137745424538,0.138476374769008,-0.11250513635562918,-0.03746645570364527,0.13571284002630474,-0.0011714074982438034,-0.023725633516929974,0.061789177389279436,0.0,4,full
quadrature90,side=A_side|tfc=high|phase=q4,27,O5_full_TFC,0.06423081391951481,0.1811620702069126,0.11879857480759376,0.16637208378280893,0.12073687127934742,0.21728892049661117,0.07052438154593599,0.12511709788079015,0.1295496875004811,-0.01813723504379893,0.09974183336016626,-0.012472782589652188,0.1931922359468823,-0.20065205799800176,0.0,4,full
quadrature90,side=B_side|tfc=high|phase=q1,36,O1_lag0_AB,0.047064221799491296,0.20962495870671563,0.13478790557118187,0.12445899897197354,0.1477961230408395,0.12994426065823725,0.12627745745986238,0.12711029559118997,0.1750926955321381,0.020526553037063817,-0.0073775949241684955,0.05277250939563162,0.007717645447109889,-0.002300777303895721,0.0,4,full
quadrature90,side=B_side|tfc=high|phase=q4,41,O5_full_TFC,0.10259296074737181,0.18529024907907882,0.12971498676534363,0.10466521275030105,0.08704295340662217,0.27625203450814745,0.10125294218859604,0.1157816213019109,0.1645761836978651,0.03977182729051385,-0.035328662469950936,-0.09985644470116647,0.3043627214910848,-0.04692942717195256,0.0,4,full
quadrature90,side=B_side|tfc=low|phase=q1,42,O4_B_C_boundary,-0.0014690972798782117,0.08597700445797724,0.14506101571340912,0.13421202757832745,0.19729524763748477,0.11787314694209354,0.1720548221503415,0.14752673552036627,-0.18897534132573762,-0.005899237815253745,-0.03310600031153161,0.10174216802109799,-0.07854013888821935,0.05383130981938354,0.0,4,full
quadrature90,side=B_side|tfc=mid|phase=q4,44,O6_phase_only,0.007417251164788329,0.12395943657526469,0.1499187561139282,0.13723143362344098,0.1320949042516504,0.14169938935614992,0.17449118851897563,0.14060489156059014,-0.044099783592232294,0.022448913224348412,-0.008499740302945017,-0.021851596736805486,0.0027139237604167973,0.07557216638545944,0.0,4,full
quadrature90,side=B_side|tfc=mid|phase=q1,47,O6_phase_only,-0.012501509665720818,0.13549066159242917,0.13649444180501932,0.118054511386609,0.15322269124345858,0.12971308129301662,0.1778244912269538,0.1492001214525135,-0.03373502369526828,-0.03115161258139285,-0.08194970808366124,0.009311350898669031,-0.04898724511706941,0.06142799520650073,0.0,4,full
quadrature90,side=A_side|tfc=mid|phase=q4,24,O7_suppress_event,-0.09747127274068143,0.09217906907018024,0.10102507115806937,0.18606800485189295,0.139860522997256,0.16915947277081755,0.11587677028716528,0.19583108886461859,-0.2637317927893978,-0.23165932329484037,-0.017899095127540343,-0.1178123920626923,-0.05124371011087642,-0.18365381819372906,0.0,4,full
quadrature90,side=A_side|tfc=low|phase=q4,27,O3_A_C_boundary,0.12372273154312997,0.10109565034211553,0.1401201103722195,0.219160242680157,0.15381599548482885,0.14039085706178922,0.14196365263824454,0.10345349142064525,-0.008069268088180585,0.10618224139869153,0.2627383536855208,0.13882221501979478,0.10685787537937051,0.11075711641421421,0.0,4,full
quadrature90,side=A_side|tfc=high|phase=q1,24,O1_lag0_AB,0.19521115661519442,0.20788456532079436,0.15564428727726623,0.1832136365789085,0.09427274187677052,0.13286775904000656,0.14081625004649448,0.08530075985975953,0.31177985603888253,0.21048644095754296,0.2675643328400013,0.03500305472986546,0.15510984233784073,0.17544537037379068,0.0,4,full
quadrature90,side=A_side|tfc=mid|phase=q1,22,O7_suppress_event,-0.07728856643188549,0.11559827085448462,0.1416920569455572,0.16948689478372153,0.12770657230982516,0.13840569629555705,0.1268982207770434,0.1802122880338111,-0.15540508753551127,-0.08416780548420155,-0.021475974455166677,-0.12054010689910971,-0.09238121668806713,-0.12276256299418584,0.0,4,full
quadrature90,side=B_side|tfc=high|phase=q1,40,O1_lag0_AB,-0.03667423350630404,0.1951894148223218,0.12875635649280082,0.13101865119837514,0.12479246040665049,0.13294601320608576,0.12651616250291364,0.16078094137085244,0.06787466673985075,-0.07774232086748402,-0.07164609804814984,-0.08868677482179994,-0.0665348935423605,-0.08388546567790048,0.0,0,core_5
quadrature90,side=A_side|tfc=high|phase=q4,33,O5_full_TFC,0.02947925472562491,0.15941003250421318,0.1170462422364781,0.17365765956033385,0.12676133664905226,0.20936242809119354,0.0771853942889725,0.13657690666975658,0.05410714006546963,-0.05401157485010488,0.0840693044149319,-0.026103628355149934,0.14951264336704606,-0.19973717008239775,0.0,0,core_5
quadrature90,side=A_side|tfc=low|phase=q4,30,O3_A_C_boundary,0.09069334203274208,0.10604774369534554,0.16931678687254512,0.1832705837633484,0.1456488511320169,0.13202147396384892,0.15155279988305856,0.11214176068983663,-0.019556035262415266,0.14420267659878078,0.17191995421915257,0.09150218144026999,0.057120279827890044,0.105409600422307,0.0,0,core_5
quadrature90,side=A_side|tfc=high|phase=q1,25,O1_lag0_AB,0.15398435922600906,0.22576268238401268,0.12517165222085777,0.17402596142814875,0.10580380302184919,0.1301176554869006,0.14340973284651223,0.0957085126117188,0.3003619934327877,0.09393256864399838,0.20926403616341294,0.03509772652772038,0.1074961432457863,0.14153949332621404,0.0,0,core_5
quadrature90,side=B_side|tfc=high|phase=q4,39,O5_full_TFC,0.08521373217430059,0.19044652818386382,0.13339459454444436,0.12794003279743218,0.10115789854470653,0.21965145910260864,0.11094053053412063,0.11646895629282385,0.17211134335858577,0.04749039543404423,0.03287791236279576,-0.04932974196512383,0.2220460358709437,-0.017020664891876404,0.0,0,core_5
quadrature90,side=B_side|tfc=low|phase=q1,37,O7_suppress_event,-0.1149337855814799,0.0919320342827321,0.12132017261955327,0.11156317922553242,0.17493122914709705,0.10236124644128303,0.19026117715693208,0.20763096112687,-0.2851494563088962,-0.18806521050919725,-0.2174099264036901,-0.05997927535669371,-0.24753893160342985,-0.030577586792323377,0.0,0,core_5
quadrature90,side=A_side|tfc=mid|phase=q4,23,O7_suppress_event,-0.16625910306220976,0.1087150691077628,0.08786921590208753,0.14563203160181537,0.1424602083809547,0.13333716201492002,0.14179708363068216,0.2401892293617773,-0.2774438287540812,-0.3519521397931222,-0.17512038583067874,-0.1828275214730851,-0.20599113332303612,-0.18446050743436418,0.0,0,core_5
quadrature90,side=B_side|tfc=mid|phase=q1,41,O6_phase_only,0.0077067650047145456,0.15050712257886517,0.13456074940211124,0.1359581561678247,0.13879096671795332,0.12822774478883878,0.17162226713533496,0.1403329932090719,0.024497300748021974,-0.014700824542393106,-0.01108483535784737,-0.0038672048278297877,-0.03157356378462207,0.07044723671070247,0.0,0,core_5
quadrature90,side=B_side|tfc=low|phase=q4,29,O4_B_C_boundary,-0.03575769051282281,0.13761807125495246,0.15230351845387974,0.09043696643239353,0.19364972028221367,0.11101136959710467,0.15274578771786357,0.16223456626159222,-0.05759634271786266,-0.022108753136304556,-0.20453654316879846,0.061952706775717625,-0.1327937110482419,-0.021093872277885773,0.0,0,core_5
quadrature90,side=A_side|tfc=mid|phase=q1,23,O3_A_C_boundary,-0.04220687371884025,0.1281229601957475,0.15773823844644833,0.17260583679142533,0.10893302312971002,0.1453526338250943,0.12421930847776522,0.16302799913380914,-0.0843260356889547,-0.011544756798686133,0.019981022272127676,-0.14111605662531124,-0.04016572436449445,-0.09515566888875134,0.0,0,core_5
quadrature90,side=A_side|tfc=low|phase=q1,24,O3_A_C_boundary,0.10521751708104551,0.07637566073890142,0.12212796958945195,0.23029606689837528,0.17590242276244702,0.14896251326155543,0.1350958731236741,0.11123949362559499,-0.13160749299809968,0.032684382074528166,0.2546880879370262,0.160385381766422,0.10220322286190536,0.06800472714224734,0.0,0,core_5
quadrature90,side=B_side|tfc=mid|phase=q4,39,O5_full_TFC,-0.019825733709691727,0.14330345912169531,0.14159209066959788,0.128556055126972,0.12178743740604511,0.15769717522572718,0.15528597450801052,0.15177780794195203,-0.02010861578945736,-0.024313568540492086,-0.05811841897695406,-0.07704915845993088,0.01339062198112317,0.007997763303419348,0.0,0,core_5
quadrature90,side=B_side|tfc=low|phase=q4,41,O7_suppress_event,-0.06909047642425126,0.12944694974550838,0.15460256278142148,0.10698213729020949,0.16995935344742583,0.14175973283638463,0.12076840518103624,0.17648085871801392,-0.10847944749920367,-0.04632414795190042,-0.17519268969647012,-0.013178588573060476,-0.07667758667337225,-0.13276820078400578,0.0,1,core_5
quadrature90,side=A_side|tfc=low|phase=q1,26,O3_A_C_boundary,0.03400332958433273,0.0912645406866207,0.12134970831378118,0.20125689947392456,0.13859027099579274,0.15830873692199074,0.15633989663875217,0.13288994696913792,-0.1315156463344145,-0.03179567677734108,0.14527130783419265,0.014700199560017209,0.061259043390397894,0.056878899831526115,0.0,1,core_5
quadrature90,side=A_side|tfc=high|phase=q4,33,O3_A_C_boundary,-0.0027795050590705486,0.14882809425514454,0.12203006044728247,0.17950777567016463,0.13993210625462832,0.17763842817869893,0.0845621333555587,0.1475014018385225,0.003133980615817556,-0.06634959388167178,0.0687332960167555,-0.01843811552391852,0.06506937580771882,-0.19472288835426713,0.0,1,core_5
quadrature90,side=B_side|tfc=high|phase=q1,45,O1_lag0_AB,0.025775137111360737,0.193829798987665,0.14775975711880454,0.12990183416181786,0.14227329873600877,0.13262126216679418,0.11935750270960899,0.13425654611930068,0.12852978471110274,0.0335423197443367,-0.0115407073215277,0.020299073892035672,-0.004289277930754522,-0.041170247638759705,0.0,1,core_5
quadrature90,side=B_side|tfc=high|phase=q4,42,O5_full_TFC,0.21750569855427368,0.16528457924724688,0.14755699606066056,0.12769441563975042,0.09797235801214059,0.26773859504219455,0.11123115633166275,0.08252189966634421,0.24311175082910697,0.2034027822735218,0.15280171310561902,0.06006758420852872,0.4119315914900396,0.10449138587834368,0.0,1,core_5
quadrature90,side=B_side|tfc=low|phase=q1,38,O4_B_C_boundary,-0.023931895786276764,0.10056548032686807,0.13650850339507234,0.13887024586381713,0.1998492677960365,0.11919190039840509,0.14894358552048478,0.15607101669931614,-0.15382572731293997,-0.046873480602946806,-0.04086989366020584,0.08653829886434068,-0.09435171769403698,-0.016360233865767244,0.0,1,core_5
quadrature90,side=B_side|tfc=mid|phase=q4,39,O6_phase_only,-0.04581631340068416,0.13276527201338856,0.15818097720254062,0.11556020027134083,0.11125310245237101,0.1511111502918491,0.16642411114092112,0.16470518662758882,-0.07545105089583502,-0.014146063816838512,-0.12402793179144418,-0.13732226206354023,-0.03014951358063242,0.003633800982823356,0.0,1,core_5
quadrature90,side=B_side|tfc=mid|phase=q1,50,O6_phase_only,-0.014225194699947987,0.16039719833526778,0.12683761632698487,0.12108282063572039,0.1517012290231717,0.12465169904818516,0.16549029095753662,0.14983914567313344,0.023831805205845734,-0.05832914492532581,-0.07458065195221154,0.004322721012795733,-0.0644136206342086,0.034772560081589896,0.0,1,core_5
quadrature90,side=A_side|tfc=mid|phase=q4,26,O7_suppress_event,-0.1361208914724334,0.1144937431336337,0.09738935481894877,0.13063746887559327,0.1582367910639597,0.1331755290469379,0.14896690521183784,0.21710020784908884,-0.22394360026234178,-0.2805747430629228,-0.17777653621072623,-0.11069325593272424,-0.1710418531177526,-0.13182220298447908,0.0,1,core_5
quadrature90,side=A_side|tfc=low|phase=q4,24,O3_A_C_boundary,0.08045532041435433,0.10113377285706297,0.1375940254667209,0.20779354991347493,0.13635362496707065,0.12954809746732254,0.17108784380162545,0.11648908552672253,-0.049473710275955124,0.05827847299131683,0.20256160965423967,0.05510893938816913,0.03718912366659293,0.13453284211217445,0.0,1,core_5
quadrature90,side=A_side|tfc=high|phase=q1,26,O1_lag0_AB,0.1969539294030945,0.21838999913877763,0.13423988684169982,0.19606843962541776,0.1114980814120584,0.14045782893705985,0.11407260200084599,0.08527316204414047,0.3291479367888795,0.15881901873945303,0.29141140183734965,0.09385166311215475,0.17466663165424062,0.10184136569196439,0.0,1,core_5
quadrature90,side=A_side|tfc=mid|phase=q1,17,O2_lag5_AB,0.0857108806575275,0.14402755978035384,0.17705595698191645,0.14993761304768638,0.14254049750124118,0.15024096435260478,0.12336305566399208,0.1128343526722053,0.08542934083650101,0.1576907451303124,0.09950445991468895,0.08179686013057309,0.10021185878228339,0.031223794749202227,0.0,1,core_5
quadrature90,side=B_side|tfc=low|phase=q4,43,O4_B_C_boundary,-0.0002750940836141933,0.1510400728516042,0.15797770280472462,0.10436968802418355,0.17388175464260852,0.13378156875054983,0.1344805944423384,0.14446861848399112,0.015569005859553205,0.0312870567567204,-0.1137930577529824,0.06485961521765798,-0.026898873707456448,-0.025074840508304202,0.0,2,core_5
quadrature90,side=A_side|tfc=low|phase=q1,25,O6_phase_only,-0.026009024110590813,0.07778102365537645,0.1270497424545549,0.16943977087076847,0.1222036408988273,0.1459225402171117,0.19853377193368885,0.15906950996967226,-0.250405325366571,-0.07866690778264793,0.02210468864401368,-0.09227835239943173,-0.0301928696472859,0.07756628076116016,0.0,2,core_5
quadrature90,side=A_side|tfc=high|phase=q4,25,O5_full_TFC,0.08381313194887983,0.1424531098532056,0.1171217874371111,0.13920655683567934,0.16914909842716405,0.2325775014716625,0.08173219730060352,0.1177597486745738,0.06662822989757916,-0.0019012731769899461,0.058559315407093616,0.12674691555112183,0.2382019459344486,-0.12781947665276464,0.0,2,core_5
quadrature90,side=B_side|tfc=high|phase=q1,40,O1_lag0_AB,-0.009205001527431582,0.2012713843376322,0.13388928113397772,0.13985970064979072,0.13050499892467354,0.1278763689220792,0.11775661883013061,0.14884164720171614,0.1056199192600383,-0.037054420245708486,-0.02178511595012041,-0.04601500343332157,-0.05313666434080151,-0.08199205985524965,0.0,2,core_5
quadrature90,side=B_side|tfc=high|phase=q4,41,O5_full_TFC,0.15326809153062373,0.17313659419482222,0.1283534152851146,0.11748890748124713,0.08755603726125441,0.30465981211574744,0.08620147516502959,0.10260375849678448,0.18312219806636776,0.07836953303574488,0.04741427604372822,-0.05550844262831715,0.3809124267966399,-0.060965545823475256,0.0,2,core_5
quadrature90,side=B_side|tfc=low|phase=q1,39,O4_B_C_boundary,-0.0019082449076217277,0.0997640134718409,0.12762043198188278,0.13604778492441794,0.20114435259426994,0.11718815234278984,0.1711125700594817,0.1471226946253169,-0.1359607774437889,-0.049772244416729214,-0.02739124926967097,0.10946457425630439,-0.0796201396036872,0.05286916193847798,0.0,2,core_5
quadrature90,side=B_side|tfc=mid|phase=q4,36,O2_lag5_AB,-0.039692908540150194,0.1530252434761009,0.16197891828690722,0.1165200691891065,0.12929136760612328,0.1474792810803955,0.13063861305474497,0.16106650730662164,-0.017925064753680678,0.00197708846475929,-0.11331384493125367,-0.07691209663164024,-0.030845384460058856,-0.07328388776992235,0.0,2,core_5
quadrature90,side=B_side|tfc=mid|phase=q1,50,O6_phase_only,-0.0077781203668185785,0.1521325748809949,0.14322090704487067,0.11932172153542231,0.13485109921596578,0.128096402996912,0.1753037485793683,0.14707354574646606,0.011836849849054597,-0.009290585527590722,-0.07318828490268967,-0.030366550170303847,-0.04835237540217602,0.06145559092011171,0.0,2,core_5
quadrature90,side=A_side|tfc=mid|phase=q4,24,O7_suppress_event,-0.10492078185109133,0.09807201505452352,0.09591236631515265,0.13927567222097256,0.17625339021483916,0.15934780182167646,0.13218954427715277,0.19894921009568284,-0.24757162857054568,-0.2553651249859986,-0.12480802041074072,-0.042394411405558385,-0.07768611213515579,-0.14308445633902286,0.0,2,core_5
quadrature90,side=A_side|tfc=low|phase=q4,32,O3_A_C_boundary,0.1359744665316721,0.11055069819951477,0.17940812693469652,0.1942949043186934,0.14987689787721736,0.1400543237864516,0.12647500703406273,0.09934004184936365,0.03742392220707606,0.206890081399689,0.2347899397351444,0.14394294088358794,0.12021857520372028,0.08452359469437362,0.0,2,core_5
quadrature90,side=A_side|tfc=high|phase=q1,22,O1_lag0_AB,0.21871339846901028,0.18994255527329296,0.1423661922756317,0.16839911905581348,0.10367931319586995,0.15221658130741705,0.1642814752580177,0.07911476363395718,0.3065377641336916,0.20562606905949624,0.2644030787979679,0.09464108702071107,0.22904170840404914,0.2557386183280136,0.0,2,core_5
quadrature90,side=A_side|tfc=mid|phase=q1,20,O3_A_C_boundary,0.024361153920528004,0.12683024148301866,0.17668398982555988,0.17994938171071634,0.10959420663832717,0.13976490621984433,0.13204910459179608,0.1351281695307375,-0.0221809773162921,0.093848662850719,0.10025815332865502,-0.07330372629772004,0.011808313245917112,-0.00806745592722812,0.0,2,core_5
quadrature90,side=B_side|tfc=low|phase=q4,48,O4_B_C_boundary,-0.024838121624385485,0.13698503532575138,0.15390374939324566,0.10402015251733171,0.18050732143496603,0.13689404930921628,0.1324775158895844,0.15521217612990454,-0.04372247965887286,-0.002962979613897465,-0.14007294158980557,0.052842397929965576,-0.04395502831808324,-0.05543304182125188,0.0,3,core_5
quadrature90,side=A_side|tfc=low|phase=q1,19,O6_phase_only,0.021531880815163447,0.08557775031681374,0.15977727373846623,0.14065237176958453,0.11454826392630407,0.17974735532859493,0.1817192923092866,0.13797769261095005,-0.1671833454159688,0.051341073689014326,0.006719780679087308,-0.0651335199049232,0.09256109068330015,0.09637989274818023,0.0,3,core_5
quadrature90,side=A_side|tfc=high|phase=q4,30,O5_full_TFC,0.04476551165501251,0.17277975919020327,0.12009998237218758,0.1711928171475342,0.13904916563910633,0.20000823029848214,0.0654450368093778,0.13142500854310854,0.0957534562194187,-0.03153914028978477,0.0925239333215201,0.019736908980199606,0.1469727369195957,-0.24402901390635132,0.0,3,core_5
quadrature90,side=B_side|tfc=high|phase=q1,39,O1_lag0_AB,-0.025663374362161432,0.2016706391042825,0.14028333544971616,0.1218972255757502,0.11658556981711413,0.13095740492391933,0.13232878554758212,0.15627703958163564,0.08925193908382935,-0.03778814371185586,-0.08695821770186024,-0.10255168654849224,-0.06186537346224659,-0.05821924558716228,0.0,3,core_5
quadrature90,side=B_side|tfc=high|phase=q4,33,O5_full_TFC,0.3051175744433938,0.17927653095821416,0.13779371940067475,0.09683091863404968,0.09145410716285649,0.3400046404912329,0.08467713426863893,0.06996294908433306,0.3293372867139665,0.23722719186982713,0.1137501916366689,0.09375501879446968,0.5533477120131212,0.06680793023680473,0.0,3,core_5
quadrature90,side=B_side|tfc=low|phase=q1,44,O4_B_C_boundary,-0.06816498074456469,0.09055653649919607,0.14494922642586627,0.12170324083108869,0.18202007803342377,0.11249837324406715,0.1698407107671873,0.17843183419917083,-0.23738129754322027,-0.07273809498488285,-0.13391735620773196,0.006968623483407532,-0.1614437599460546,-0.01727097565861428,0.0,3,core_5
quadrature90,side=B_side|tfc=mid|phase=q4,38,O6_phase_only,-0.007085641352851174,0.14779820990604287,0.15620963009137132,0.11590508894993595,0.11776445142066463,0.14623000736792088,0.1691236077075308,0.14696900455653358,0.0019691649793079505,0.021342011820342132,-0.0831075187941134,-0.07753733964763468,-0.00176432766282659,0.04914285002898642,0.0,3,core_5
quadrature90,side=B_side|tfc=mid|phase=q1,52,O6_phase_only,0.0038759264353855818,0.1404024266177242,0.1377543506378983,0.12455140958478046,0.14376328519292472,0.1303230676924777,0.18098622328942354,0.14221923698477104,-0.0044999550266816395,-0.011164215402844223,-0.04642793061942548,0.0037794066569624557,-0.030573649994649035,0.08436789358885262,0.0,3,core_5
quadrature90,side=A_side|tfc=mid|phase=q4,23,O7_suppress_event,-0.19482239023972292,0.11177852486497941,0.10143095742773515,0.11418103605276719,0.13133148498842873,0.14665814716172276,0.13126058471663551,0.2633592647877313,-0.2999498840934177,-0.33394927341419095,-0.2925068655152732,-0.2435281026442468,-0.2048951718795945,-0.24371710374971442,0.0,3,core_5
quadrature90,side=A_side|tfc=low|phase=q4,27,O2_lag5_AB,0.12193353482072802,0.11907324060789322,0.20639852378465665,0.15055018285602756,0.1387996800511767,0.13997239492099245,0.14223617830341115,0.10296979947584228,0.05085606218677487,0.2433806007894219,0.13295125663772006,0.1045086023450615,0.1074533207188346,0.11306860851857267,0.0,3,core_5
quadrature90,side=A_side|tfc=high|phase=q1,19,O1_lag0_AB,0.40365718916144927,0.22361671075427508,0.16700263345006872,0.17943390235724158,0.12940024982423123,0.15231286080038797,0.09959817186005089,0.04863547095374438,0.533953123836409,0.43177976161158793,0.4569088259449297,0.3424950175476551,0.3995542531722578,0.2508767414636761,0.0,3,core_5
quadrature90,side=A_side|tfc=mid|phase=q1,22,O3_A_C_boundary,0.005487950412911901,0.1256212617124448,0.16510001452676937,0.17286864352061895,0.1193956856698674,0.14578847412420665,0.1294029370316056,0.14182298341448732,-0.042457857198473455,0.053190114121154305,0.06928331753149418,-0.060247816088051034,0.009651977832622392,-0.03207701180777544,0.0,3,core_5
quadrature90,side=B_side|tfc=low|phase=q4,39,O5_full_TFC,-0.028779524524245113,0.12367784557794322,0.14942807952742948,0.11757400438390968,0.16056320117804268,0.16139911390613723,0.13113818359060686,0.15621957183593072,-0.08175382741373766,-0.015556564001801694,-0.09946809933558227,0.009598789363954469,0.011416207729478708,-0.061253823953218677,0.0,4,core_5
quadrature90,side=A_side|tfc=low|phase=q1,26,O3_A_C_boundary,0.018713111526215524,0.10040946593772386,0.12441872798730365,0.20406747588493993,0.13801368587201993,0.1294004950065507,0.1652137745424538,0.138476374769008,-0.11250513635562918,-0.03746645570364527,0.13571284002630474,-0.0011714074982438034,-0.023725633516929974,0.061789177389279436,0.0,4,core_5
quadrature90,side=A_side|tfc=high|phase=q4,27,O5_full_TFC,0.06423081391951481,0.1811620702069126,0.11879857480759376,0.16637208378280893,0.12073687127934742,0.21728892049661117,0.07052438154593599,0.12511709788079015,0.1295496875004811,-0.01813723504379893,0.09974183336016626,-0.012472782589652188,0.1931922359468823,-0.20065205799800176,0.0,4,core_5
quadrature90,side=B_side|tfc=high|phase=q1,36,O1_lag0_AB,0.047064221799491296,0.20962495870671563,0.13478790557118187,0.12445899897197354,0.1477961230408395,0.12994426065823725,0.12627745745986238,0.12711029559118997,0.1750926955321381,0.020526553037063817,-0.0073775949241684955,0.05277250939563162,0.007717645447109889,-0.002300777303895721,0.0,4,core_5
quadrature90,side=B_side|tfc=high|phase=q4,41,O5_full_TFC,0.10259296074737181,0.18529024907907882,0.12971498676534363,0.10466521275030105,0.08704295340662217,0.27625203450814745,0.10125294218859604,0.1157816213019109,0.1645761836978651,0.03977182729051385,-0.035328662469950936,-0.09985644470116647,0.3043627214910848,-0.04692942717195256,0.0,4,core_5
quadrature90,side=B_side|tfc=low|phase=q1,42,O4_B_C_boundary,-0.0014690972798782117,0.08597700445797724,0.14506101571340912,0.13421202757832745,0.19729524763748477,0.11787314694209354,0.1720548221503415,0.14752673552036627,-0.18897534132573762,-0.005899237815253745,-0.03310600031153161,0.10174216802109799,-0.07854013888821935,0.05383130981938354,0.0,4,core_5
quadrature90,side=B_side|tfc=mid|phase=q4,44,O6_phase_only,0.007417251164788329,0.12395943657526469,0.1499187561139282,0.13723143362344098,0.1320949042516504,0.14169938935614992,0.17449118851897563,0.14060489156059014,-0.044099783592232294,0.022448913224348412,-0.008499740302945017,-0.021851596736805486,0.0027139237604167973,0.07557216638545944,0.0,4,core_5
quadrature90,side=B_side|tfc=mid|phase=q1,47,O6_phase_only,-0.012501509665720818,0.13549066159242917,0.13649444180501932,0.118054511386609,0.15322269124345858,0.12971308129301662,0.1778244912269538,0.1492001214525135,-0.03373502369526828,-0.03115161258139285,-0.08194970808366124,0.009311350898669031,-0.04898724511706941,0.06142799520650073,0.0,4,core_5
quadrature90,side=A_side|tfc=mid|phase=q4,24,O7_suppress_event,-0.09747127274068143,0.09217906907018024,0.10102507115806937,0.18606800485189295,0.139860522997256,0.16915947277081755,0.11587677028716528,0.19583108886461859,-0.2637317927893978,-0.23165932329484037,-0.017899095127540343,-0.1178123920626923,-0.05124371011087642,-0.18365381819372906,0.0,4,core_5
quadrature90,side=A_side|tfc=low|phase=q4,27,O3_A_C_boundary,0.12372273154312997,0.10109565034211553,0.1401201103722195,0.219160242680157,0.15381599548482885,0.14039085706178922,0.14196365263824454,0.10345349142064525,-0.008069268088180585,0.10618224139869153,0.2627383536855208,0.13882221501979478,0.10685787537937051,0.11075711641421421,0.0,4,core_5
quadrature90,side=A_side|tfc=high|phase=q1,24,O1_lag0_AB,0.19521115661519442,0.20788456532079436,0.15564428727726623,0.1832136365789085,0.09427274187677052,0.13286775904000656,0.14081625004649448,0.08530075985975953,0.31177985603888253,0.21048644095754296,0.2675643328400013,0.03500305472986546,0.15510984233784073,0.17544537037379068,0.0,4,core_5
quadrature90,side=A_side|tfc=mid|phase=q1,22,O7_suppress_event,-0.07728856643188549,0.11559827085448462,0.1416920569455572,0.16948689478372153,0.12770657230982516,0.13840569629555705,0.1268982207770434,0.1802122880338111,-0.15540508753551127,-0.08416780548420155,-0.021475974455166677,-0.12054010689910971,-0.09238121668806713,-0.12276256299418584,0.0,4,core_5
quadrature90,side=B_side|tfc=high|phase=q1,40,O1_lag0_AB,-0.03667423350630404,0.1951894148223218,0.12875635649280082,0.13101865119837514,0.12479246040665049,0.13294601320608576,0.12651616250291364,0.16078094137085244,0.06787466673985075,-0.07774232086748402,-0.07164609804814984,-0.08868677482179994,-0.0665348935423605,-0.08388546567790048,0.0,0,no_phase_only
quadrature90,side=A_side|tfc=high|phase=q4,33,O5_full_TFC,0.02947925472562491,0.15941003250421318,0.1170462422364781,0.17365765956033385,0.12676133664905226,0.20936242809119354,0.0771853942889725,0.13657690666975658,0.05410714006546963,-0.05401157485010488,0.0840693044149319,-0.026103628355149934,0.14951264336704606,-0.19973717008239775,0.0,0,no_phase_only
quadrature90,side=A_side|tfc=low|phase=q4,30,O3_A_C_boundary,0.09069334203274208,0.10604774369534554,0.16931678687254512,0.1832705837633484,0.1456488511320169,0.13202147396384892,0.15155279988305856,0.11214176068983663,-0.019556035262415266,0.14420267659878078,0.17191995421915257,0.09150218144026999,0.057120279827890044,0.105409600422307,0.0,0,no_phase_only
quadrature90,side=A_side|tfc=high|phase=q1,25,O1_lag0_AB,0.15398435922600906,0.22576268238401268,0.12517165222085777,0.17402596142814875,0.10580380302184919,0.1301176554869006,0.14340973284651223,0.0957085126117188,0.3003619934327877,0.09393256864399838,0.20926403616341294,0.03509772652772038,0.1074961432457863,0.14153949332621404,0.0,0,no_phase_only
quadrature90,side=B_side|tfc=high|phase=q4,39,O5_full_TFC,0.08521373217430059,0.19044652818386382,0.13339459454444436,0.12794003279743218,0.10115789854470653,0.21965145910260864,0.11094053053412063,0.11646895629282385,0.17211134335858577,0.04749039543404423,0.03287791236279576,-0.04932974196512383,0.2220460358709437,-0.017020664891876404,0.0,0,no_phase_only
quadrature90,side=B_side|tfc=low|phase=q1,37,O7_suppress_event,-0.1149337855814799,0.0919320342827321,0.12132017261955327,0.11156317922553242,0.17493122914709705,0.10236124644128303,0.19026117715693208,0.20763096112687,-0.2851494563088962,-0.18806521050919725,-0.2174099264036901,-0.05997927535669371,-0.24753893160342985,-0.030577586792323377,0.0,0,no_phase_only
quadrature90,side=A_side|tfc=mid|phase=q4,23,O7_suppress_event,-0.16625910306220976,0.1087150691077628,0.08786921590208753,0.14563203160181537,0.1424602083809547,0.13333716201492002,0.14179708363068216,0.2401892293617773,-0.2774438287540812,-0.3519521397931222,-0.17512038583067874,-0.1828275214730851,-0.20599113332303612,-0.18446050743436418,0.0,0,no_phase_only
quadrature90,side=B_side|tfc=mid|phase=q1,41,O6_phase_only,0.0077067650047145456,0.15050712257886517,0.13456074940211124,0.1359581561678247,0.13879096671795332,0.12822774478883878,0.17162226713533496,0.1403329932090719,0.024497300748021974,-0.014700824542393106,-0.01108483535784737,-0.0038672048278297877,-0.03157356378462207,0.07044723671070247,0.0,0,no_phase_only
quadrature90,side=B_side|tfc=low|phase=q4,29,O4_B_C_boundary,-0.03575769051282281,0.13761807125495246,0.15230351845387974,0.09043696643239353,0.19364972028221367,0.11101136959710467,0.15274578771786357,0.16223456626159222,-0.05759634271786266,-0.022108753136304556,-0.20453654316879846,0.061952706775717625,-0.1327937110482419,-0.021093872277885773,0.0,0,no_phase_only
quadrature90,side=A_side|tfc=mid|phase=q1,23,O3_A_C_boundary,-0.04220687371884025,0.1281229601957475,0.15773823844644833,0.17260583679142533,0.10893302312971002,0.1453526338250943,0.12421930847776522,0.16302799913380914,-0.0843260356889547,-0.011544756798686133,0.019981022272127676,-0.14111605662531124,-0.04016572436449445,-0.09515566888875134,0.0,0,no_phase_only
quadrature90,side=A_side|tfc=low|phase=q1,24,O3_A_C_boundary,0.10521751708104551,0.07637566073890142,0.12212796958945195,0.23029606689837528,0.17590242276244702,0.14896251326155543,0.1350958731236741,0.11123949362559499,-0.13160749299809968,0.032684382074528166,0.2546880879370262,0.160385381766422,0.10220322286190536,0.06800472714224734,0.0,0,no_phase_only
quadrature90,side=B_side|tfc=mid|phase=q4,39,O5_full_TFC,-0.019825733709691727,0.14330345912169531,0.14159209066959788,0.128556055126972,0.12178743740604511,0.15769717522572718,0.15528597450801052,0.15177780794195203,-0.02010861578945736,-0.024313568540492086,-0.05811841897695406,-0.07704915845993088,0.01339062198112317,0.007997763303419348,0.0,0,no_phase_only
quadrature90,side=B_side|tfc=low|phase=q4,41,O7_suppress_event,-0.06909047642425126,0.12944694974550838,0.15460256278142148,0.10698213729020949,0.16995935344742583,0.14175973283638463,0.12076840518103624,0.17648085871801392,-0.10847944749920367,-0.04632414795190042,-0.17519268969647012,-0.013178588573060476,-0.07667758667337225,-0.13276820078400578,0.0,1,no_phase_only
quadrature90,side=A_side|tfc=low|phase=q1,26,O3_A_C_boundary,0.03400332958433273,0.0912645406866207,0.12134970831378118,0.20125689947392456,0.13859027099579274,0.15830873692199074,0.15633989663875217,0.13288994696913792,-0.1315156463344145,-0.03179567677734108,0.14527130783419265,0.014700199560017209,0.061259043390397894,0.056878899831526115,0.0,1,no_phase_only
quadrature90,side=A_side|tfc=high|phase=q4,33,O3_A_C_boundary,-0.0027795050590705486,0.14882809425514454,0.12203006044728247,0.17950777567016463,0.13993210625462832,0.17763842817869893,0.0845621333555587,0.1475014018385225,0.003133980615817556,-0.06634959388167178,0.0687332960167555,-0.01843811552391852,0.06506937580771882,-0.19472288835426713,0.0,1,no_phase_only
quadrature90,side=B_side|tfc=high|phase=q1,45,O1_lag0_AB,0.025775137111360737,0.193829798987665,0.14775975711880454,0.12990183416181786,0.14227329873600877,0.13262126216679418,0.11935750270960899,0.13425654611930068,0.12852978471110274,0.0335423197443367,-0.0115407073215277,0.020299073892035672,-0.004289277930754522,-0.041170247638759705,0.0,1,no_phase_only
quadrature90,side=B_side|tfc=high|phase=q4,42,O5_full_TFC,0.21750569855427368,0.16528457924724688,0.14755699606066056,0.12769441563975042,0.09797235801214059,0.26773859504219455,0.11123115633166275,0.08252189966634421,0.24311175082910697,0.2034027822735218,0.15280171310561902,0.06006758420852872,0.4119315914900396,0.10449138587834368,0.0,1,no_phase_only
quadrature90,side=B_side|tfc=low|phase=q1,38,O4_B_C_boundary,-0.023931895786276764,0.10056548032686807,0.13650850339507234,0.13887024586381713,0.1998492677960365,0.11919190039840509,0.14894358552048478,0.15607101669931614,-0.15382572731293997,-0.046873480602946806,-0.04086989366020584,0.08653829886434068,-0.09435171769403698,-0.016360233865767244,0.0,1,no_phase_only
quadrature90,side=B_side|tfc=mid|phase=q4,39,O6_phase_only,-0.04581631340068416,0.13276527201338856,0.15818097720254062,0.11556020027134083,0.11125310245237101,0.1511111502918491,0.16642411114092112,0.16470518662758882,-0.07545105089583502,-0.014146063816838512,-0.12402793179144418,-0.13732226206354023,-0.03014951358063242,0.003633800982823356,0.0,1,no_phase_only
quadrature90,side=B_side|tfc=mid|phase=q1,50,O6_phase_only,-0.014225194699947987,0.16039719833526778,0.12683761632698487,0.12108282063572039,0.1517012290231717,0.12465169904818516,0.16549029095753662,0.14983914567313344,0.023831805205845734,-0.05832914492532581,-0.07458065195221154,0.004322721012795733,-0.0644136206342086,0.034772560081589896,0.0,1,no_phase_only
quadrature90,side=A_side|tfc=mid|phase=q4,26,O7_suppress_event,-0.1361208914724334,0.1144937431336337,0.09738935481894877,0.13063746887559327,0.1582367910639597,0.1331755290469379,0.14896690521183784,0.21710020784908884,-0.22394360026234178,-0.2805747430629228,-0.17777653621072623,-0.11069325593272424,-0.1710418531177526,-0.13182220298447908,0.0,1,no_phase_only
quadrature90,side=A_side|tfc=low|phase=q4,24,O3_A_C_boundary,0.08045532041435433,0.10113377285706297,0.1375940254667209,0.20779354991347493,0.13635362496707065,0.12954809746732254,0.17108784380162545,0.11648908552672253,-0.049473710275955124,0.05827847299131683,0.20256160965423967,0.05510893938816913,0.03718912366659293,0.13453284211217445,0.0,1,no_phase_only
quadrature90,side=A_side|tfc=high|phase=q1,26,O1_lag0_AB,0.1969539294030945,0.21838999913877763,0.13423988684169982,0.19606843962541776,0.1114980814120584,0.14045782893705985,0.11407260200084599,0.08527316204414047,0.3291479367888795,0.15881901873945303,0.29141140183734965,0.09385166311215475,0.17466663165424062,0.10184136569196439,0.0,1,no_phase_only
quadrature90,side=A_side|tfc=mid|phase=q1,17,O2_lag5_AB,0.0857108806575275,0.14402755978035384,0.17705595698191645,0.14993761304768638,0.14254049750124118,0.15024096435260478,0.12336305566399208,0.1128343526722053,0.08542934083650101,0.1576907451303124,0.09950445991468895,0.08179686013057309,0.10021185878228339,0.031223794749202227,0.0,1,no_phase_only
quadrature90,side=B_side|tfc=low|phase=q4,43,O4_B_C_boundary,-0.0002750940836141933,0.1510400728516042,0.15797770280472462,0.10436968802418355,0.17388175464260852,0.13378156875054983,0.1344805944423384,0.14446861848399112,0.015569005859553205,0.0312870567567204,-0.1137930577529824,0.06485961521765798,-0.026898873707456448,-0.025074840508304202,0.0,2,no_phase_only
quadrature90,side=A_side|tfc=low|phase=q1,25,O6_phase_only,-0.026009024110590813,0.07778102365537645,0.1270497424545549,0.16943977087076847,0.1222036408988273,0.1459225402171117,0.19853377193368885,0.15906950996967226,-0.250405325366571,-0.07866690778264793,0.02210468864401368,-0.09227835239943173,-0.0301928696472859,0.07756628076116016,0.0,2,no_phase_only
quadrature90,side=A_side|tfc=high|phase=q4,25,O5_full_TFC,0.08381313194887983,0.1424531098532056,0.1171217874371111,0.13920655683567934,0.16914909842716405,0.2325775014716625,0.08173219730060352,0.1177597486745738,0.06662822989757916,-0.0019012731769899461,0.058559315407093616,0.12674691555112183,0.2382019459344486,-0.12781947665276464,0.0,2,no_phase_only
quadrature90,side=B_side|tfc=high|phase=q1,40,O1_lag0_AB,-0.009205001527431582,0.2012713843376322,0.13388928113397772,0.13985970064979072,0.13050499892467354,0.1278763689220792,0.11775661883013061,0.14884164720171614,0.1056199192600383,-0.037054420245708486,-0.02178511595012041,-0.04601500343332157,-0.05313666434080151,-0.08199205985524965,0.0,2,no_phase_only
quadrature90,side=B_side|tfc=high|phase=q4,41,O5_full_TFC,0.15326809153062373,0.17313659419482222,0.1283534152851146,0.11748890748124713,0.08755603726125441,0.30465981211574744,0.08620147516502959,0.10260375849678448,0.18312219806636776,0.07836953303574488,0.04741427604372822,-0.05550844262831715,0.3809124267966399,-0.060965545823475256,0.0,2,no_phase_only
quadrature90,side=B_side|tfc=low|phase=q1,39,O4_B_C_boundary,-0.0019082449076217277,0.0997640134718409,0.12762043198188278,0.13604778492441794,0.20114435259426994,0.11718815234278984,0.1711125700594817,0.1471226946253169,-0.1359607774437889,-0.049772244416729214,-0.02739124926967097,0.10946457425630439,-0.0796201396036872,0.05286916193847798,0.0,2,no_phase_only
quadrature90,side=B_side|tfc=mid|phase=q4,36,O2_lag5_AB,-0.039692908540150194,0.1530252434761009,0.16197891828690722,0.1165200691891065,0.12929136760612328,0.1474792810803955,0.13063861305474497,0.16106650730662164,-0.017925064753680678,0.00197708846475929,-0.11331384493125367,-0.07691209663164024,-0.030845384460058856,-0.07328388776992235,0.0,2,no_phase_only
quadrature90,side=B_side|tfc=mid|phase=q1,50,O6_phase_only,-0.0077781203668185785,0.1521325748809949,0.14322090704487067,0.11932172153542231,0.13485109921596578,0.128096402996912,0.1753037485793683,0.14707354574646606,0.011836849849054597,-0.009290585527590722,-0.07318828490268967,-0.030366550170303847,-0.04835237540217602,0.06145559092011171,0.0,2,no_phase_only
quadrature90,side=A_side|tfc=mid|phase=q4,24,O7_suppress_event,-0.10492078185109133,0.09807201505452352,0.09591236631515265,0.13927567222097256,0.17625339021483916,0.15934780182167646,0.13218954427715277,0.19894921009568284,-0.24757162857054568,-0.2553651249859986,-0.12480802041074072,-0.042394411405558385,-0.07768611213515579,-0.14308445633902286,0.0,2,no_phase_only
quadrature90,side=A_side|tfc=low|phase=q4,32,O3_A_C_boundary,0.1359744665316721,0.11055069819951477,0.17940812693469652,0.1942949043186934,0.14987689787721736,0.1400543237864516,0.12647500703406273,0.09934004184936365,0.03742392220707606,0.206890081399689,0.2347899397351444,0.14394294088358794,0.12021857520372028,0.08452359469437362,0.0,2,no_phase_only
quadrature90,side=A_side|tfc=high|phase=q1,22,O1_lag0_AB,0.21871339846901028,0.18994255527329296,0.1423661922756317,0.16839911905581348,0.10367931319586995,0.15221658130741705,0.1642814752580177,0.07911476363395718,0.3065377641336916,0.20562606905949624,0.2644030787979679,0.09464108702071107,0.22904170840404914,0.2557386183280136,0.0,2,no_phase_only
quadrature90,side=A_side|tfc=mid|phase=q1,20,O3_A_C_boundary,0.024361153920528004,0.12683024148301866,0.17668398982555988,0.17994938171071634,0.10959420663832717,0.13976490621984433,0.13204910459179608,0.1351281695307375,-0.0221809773162921,0.093848662850719,0.10025815332865502,-0.07330372629772004,0.011808313245917112,-0.00806745592722812,0.0,2,no_phase_only
quadrature90,side=B_side|tfc=low|phase=q4,48,O4_B_C_boundary,-0.024838121624385485,0.13698503532575138,0.15390374939324566,0.10402015251733171,0.18050732143496603,0.13689404930921628,0.1324775158895844,0.15521217612990454,-0.04372247965887286,-0.002962979613897465,-0.14007294158980557,0.052842397929965576,-0.04395502831808324,-0.05543304182125188,0.0,3,no_phase_only
quadrature90,side=A_side|tfc=low|phase=q1,19,O6_phase_only,0.021531880815163447,0.08557775031681374,0.15977727373846623,0.14065237176958453,0.11454826392630407,0.17974735532859493,0.1817192923092866,0.13797769261095005,-0.1671833454159688,0.051341073689014326,0.006719780679087308,-0.0651335199049232,0.09256109068330015,0.09637989274818023,0.0,3,no_phase_only
quadrature90,side=A_side|tfc=high|phase=q4,30,O5_full_TFC,0.04476551165501251,0.17277975919020327,0.12009998237218758,0.1711928171475342,0.13904916563910633,0.20000823029848214,0.0654450368093778,0.13142500854310854,0.0957534562194187,-0.03153914028978477,0.0925239333215201,0.019736908980199606,0.1469727369195957,-0.24402901390635132,0.0,3,no_phase_only
quadrature90,side=B_side|tfc=high|phase=q1,39,O1_lag0_AB,-0.025663374362161432,0.2016706391042825,0.14028333544971616,0.1218972255757502,0.11658556981711413,0.13095740492391933,0.13232878554758212,0.15627703958163564,0.08925193908382935,-0.03778814371185586,-0.08695821770186024,-0.10255168654849224,-0.06186537346224659,-0.05821924558716228,0.0,3,no_phase_only
quadrature90,side=B_side|tfc=high|phase=q4,33,O5_full_TFC,0.3051175744433938,0.17927653095821416,0.13779371940067475,0.09683091863404968,0.09145410716285649,0.3400046404912329,0.08467713426863893,0.06996294908433306,0.3293372867139665,0.23722719186982713,0.1137501916366689,0.09375501879446968,0.5533477120131212,0.06680793023680473,0.0,3,no_phase_only
quadrature90,side=B_side|tfc=low|phase=q1,44,O4_B_C_boundary,-0.06816498074456469,0.09055653649919607,0.14494922642586627,0.12170324083108869,0.18202007803342377,0.11249837324406715,0.1698407107671873,0.17843183419917083,-0.23738129754322027,-0.07273809498488285,-0.13391735620773196,0.006968623483407532,-0.1614437599460546,-0.01727097565861428,0.0,3,no_phase_only
quadrature90,side=B_side|tfc=mid|phase=q4,38,O6_phase_only,-0.007085641352851174,0.14779820990604287,0.15620963009137132,0.11590508894993595,0.11776445142066463,0.14623000736792088,0.1691236077075308,0.14696900455653358,0.0019691649793079505,0.021342011820342132,-0.0831075187941134,-0.07753733964763468,-0.00176432766282659,0.04914285002898642,0.0,3,no_phase_only
quadrature90,side=B_side|tfc=mid|phase=q1,52,O6_phase_only,0.0038759264353855818,0.1404024266177242,0.1377543506378983,0.12455140958478046,0.14376328519292472,0.1303230676924777,0.18098622328942354,0.14221923698477104,-0.0044999550266816395,-0.011164215402844223,-0.04642793061942548,0.0037794066569624557,-0.030573649994649035,0.08436789358885262,0.0,3,no_phase_only
quadrature90,side=A_side|tfc=mid|phase=q4,23,O7_suppress_event,-0.19482239023972292,0.11177852486497941,0.10143095742773515,0.11418103605276719,0.13133148498842873,0.14665814716172276,0.13126058471663551,0.2633592647877313,-0.2999498840934177,-0.33394927341419095,-0.2925068655152732,-0.2435281026442468,-0.2048951718795945,-0.24371710374971442,0.0,3,no_phase_only
quadrature90,side=A_side|tfc=low|phase=q4,27,O2_lag5_AB,0.12193353482072802,0.11907324060789322,0.20639852378465665,0.15055018285602756,0.1387996800511767,0.13997239492099245,0.14223617830341115,0.10296979947584228,0.05085606218677487,0.2433806007894219,0.13295125663772006,0.1045086023450615,0.1074533207188346,0.11306860851857267,0.0,3,no_phase_only
quadrature90,side=A_side|tfc=high|phase=q1,19,O1_lag0_AB,0.40365718916144927,0.22361671075427508,0.16700263345006872,0.17943390235724158,0.12940024982423123,0.15231286080038797,0.09959817186005089,0.04863547095374438,0.533953123836409,0.43177976161158793,0.4569088259449297,0.3424950175476551,0.3995542531722578,0.2508767414636761,0.0,3,no_phase_only
quadrature90,side=A_side|tfc=mid|phase=q1,22,O3_A_C_boundary,0.005487950412911901,0.1256212617124448,0.16510001452676937,0.17286864352061895,0.1193956856698674,0.14578847412420665,0.1294029370316056,0.14182298341448732,-0.042457857198473455,0.053190114121154305,0.06928331753149418,-0.060247816088051034,0.009651977832622392,-0.03207701180777544,0.0,3,no_phase_only
quadrature90,side=B_side|tfc=low|phase=q4,39,O5_full_TFC,-0.028779524524245113,0.12367784557794322,0.14942807952742948,0.11757400438390968,0.16056320117804268,0.16139911390613723,0.13113818359060686,0.15621957183593072,-0.08175382741373766,-0.015556564001801694,-0.09946809933558227,0.009598789363954469,0.011416207729478708,-0.061253823953218677,0.0,4,no_phase_only
quadrature90,side=A_side|tfc=low|phase=q1,26,O3_A_C_boundary,0.018713111526215524,0.10040946593772386,0.12441872798730365,0.20406747588493993,0.13801368587201993,0.1294004950065507,0.1652137745424538,0.138476374769008,-0.11250513635562918,-0.03746645570364527,0.13571284002630474,-0.0011714074982438034,-0.023725633516929974,0.061789177389279436,0.0,4,no_phase_only
quadrature90,side=A_side|tfc=high|phase=q4,27,O5_full_TFC,0.06423081391951481,0.1811620702069126,0.11879857480759376,0.16637208378280893,0.12073687127934742,0.21728892049661117,0.07052438154593599,0.12511709788079015,0.1295496875004811,-0.01813723504379893,0.09974183336016626,-0.012472782589652188,0.1931922359468823,-0.20065205799800176,0.0,4,no_phase_only
quadrature90,side=B_side|tfc=high|phase=q1,36,O1_lag0_AB,0.047064221799491296,0.20962495870671563,0.13478790557118187,0.12445899897197354,0.1477961230408395,0.12994426065823725,0.12627745745986238,0.12711029559118997,0.1750926955321381,0.020526553037063817,-0.0073775949241684955,0.05277250939563162,0.007717645447109889,-0.002300777303895721,0.0,4,no_phase_only
quadrature90,side=B_side|tfc=high|phase=q4,41,O5_full_TFC,0.10259296074737181,0.18529024907907882,0.12971498676534363,0.10466521275030105,0.08704295340662217,0.27625203450814745,0.10125294218859604,0.1157816213019109,0.1645761836978651,0.03977182729051385,-0.035328662469950936,-0.09985644470116647,0.3043627214910848,-0.04692942717195256,0.0,4,no_phase_only
quadrature90,side=B_side|tfc=low|phase=q1,42,O4_B_C_boundary,-0.0014690972798782117,0.08597700445797724,0.14506101571340912,0.13421202757832745,0.19729524763748477,0.11787314694209354,0.1720548221503415,0.14752673552036627,-0.18897534132573762,-0.005899237815253745,-0.03310600031153161,0.10174216802109799,-0.07854013888821935,0.05383130981938354,0.0,4,no_phase_only
quadrature90,side=B_side|tfc=mid|phase=q4,44,O6_phase_only,0.007417251164788329,0.12395943657526469,0.1499187561139282,0.13723143362344098,0.1320949042516504,0.14169938935614992,0.17449118851897563,0.14060489156059014,-0.044099783592232294,0.022448913224348412,-0.008499740302945017,-0.021851596736805486,0.0027139237604167973,0.07557216638545944,0.0,4,no_phase_only
quadrature90,side=B_side|tfc=mid|phase=q1,47,O6_phase_only,-0.012501509665720818,0.13549066159242917,0.13649444180501932,0.118054511386609,0.15322269124345858,0.12971308129301662,0.1778244912269538,0.1492001214525135,-0.03373502369526828,-0.03115161258139285,-0.08194970808366124,0.009311350898669031,-0.04898724511706941,0.06142799520650073,0.0,4,no_phase_only
quadrature90,side=A_side|tfc=mid|phase=q4,24,O7_suppress_event,-0.09747127274068143,0.09217906907018024,0.10102507115806937,0.18606800485189295,0.139860522997256,0.16915947277081755,0.11587677028716528,0.19583108886461859,-0.2637317927893978,-0.23165932329484037,-0.017899095127540343,-0.1178123920626923,-0.05124371011087642,-0.18365381819372906,0.0,4,no_phase_only
quadrature90,side=A_side|tfc=low|phase=q4,27,O3_A_C_boundary,0.12372273154312997,0.10109565034211553,0.1401201103722195,0.219160242680157,0.15381599548482885,0.14039085706178922,0.14196365263824454,0.10345349142064525,-0.008069268088180585,0.10618224139869153,0.2627383536855208,0.13882221501979478,0.10685787537937051,0.11075711641421421,0.0,4,no_phase_only
quadrature90,side=A_side|tfc=high|phase=q1,24,O1_lag0_AB,0.19521115661519442,0.20788456532079436,0.15564428727726623,0.1832136365789085,0.09427274187677052,0.13286775904000656,0.14081625004649448,0.08530075985975953,0.31177985603888253,0.21048644095754296,0.2675643328400013,0.03500305472986546,0.15510984233784073,0.17544537037379068,0.0,4,no_phase_only
quadrature90,side=A_side|tfc=mid|phase=q1,22,O7_suppress_event,-0.07728856643188549,0.11559827085448462,0.1416920569455572,0.16948689478372153,0.12770657230982516,0.13840569629555705,0.1268982207770434,0.1802122880338111,-0.15540508753551127,-0.08416780548420155,-0.021475974455166677,-0.12054010689910971,-0.09238121668806713,-0.12276256299418584,0.0,4,no_phase_only
quadrature90,side=B_side|tfc=high|phase=q1,40,O1_lag0_AB,-0.03667423350630404,0.1951894148223218,0.12875635649280082,0.13101865119837514,0.12479246040665049,0.13294601320608576,0.12651616250291364,0.16078094137085244,0.06787466673985075,-0.07774232086748402,-0.07164609804814984,-0.08868677482179994,-0.0665348935423605,-0.08388546567790048,0.0,0,no_suppress
quadrature90,side=A_side|tfc=high|phase=q4,33,O5_full_TFC,0.02947925472562491,0.15941003250421318,0.1170462422364781,0.17365765956033385,0.12676133664905226,0.20936242809119354,0.0771853942889725,0.13657690666975658,0.05410714006546963,-0.05401157485010488,0.0840693044149319,-0.026103628355149934,0.14951264336704606,-0.19973717008239775,0.0,0,no_suppress
quadrature90,side=A_side|tfc=low|phase=q4,30,O3_A_C_boundary,0.09069334203274208,0.10604774369534554,0.16931678687254512,0.1832705837633484,0.1456488511320169,0.13202147396384892,0.15155279988305856,0.11214176068983663,-0.019556035262415266,0.14420267659878078,0.17191995421915257,0.09150218144026999,0.057120279827890044,0.105409600422307,0.0,0,no_suppress
quadrature90,side=A_side|tfc=high|phase=q1,25,O1_lag0_AB,0.15398435922600906,0.22576268238401268,0.12517165222085777,0.17402596142814875,0.10580380302184919,0.1301176554869006,0.14340973284651223,0.0957085126117188,0.3003619934327877,0.09393256864399838,0.20926403616341294,0.03509772652772038,0.1074961432457863,0.14153949332621404,0.0,0,no_suppress
quadrature90,side=B_side|tfc=high|phase=q4,39,O5_full_TFC,0.08521373217430059,0.19044652818386382,0.13339459454444436,0.12794003279743218,0.10115789854470653,0.21965145910260864,0.11094053053412063,0.11646895629282385,0.17211134335858577,0.04749039543404423,0.03287791236279576,-0.04932974196512383,0.2220460358709437,-0.017020664891876404,0.0,0,no_suppress
quadrature90,side=B_side|tfc=low|phase=q1,37,O7_suppress_event,-0.1149337855814799,0.0919320342827321,0.12132017261955327,0.11156317922553242,0.17493122914709705,0.10236124644128303,0.19026117715693208,0.20763096112687,-0.2851494563088962,-0.18806521050919725,-0.2174099264036901,-0.05997927535669371,-0.24753893160342985,-0.030577586792323377,0.0,0,no_suppress
quadrature90,side=A_side|tfc=mid|phase=q4,23,O7_suppress_event,-0.16625910306220976,0.1087150691077628,0.08786921590208753,0.14563203160181537,0.1424602083809547,0.13333716201492002,0.14179708363068216,0.2401892293617773,-0.2774438287540812,-0.3519521397931222,-0.17512038583067874,-0.1828275214730851,-0.20599113332303612,-0.18446050743436418,0.0,0,no_suppress
quadrature90,side=B_side|tfc=mid|phase=q1,41,O6_phase_only,0.0077067650047145456,0.15050712257886517,0.13456074940211124,0.1359581561678247,0.13879096671795332,0.12822774478883878,0.17162226713533496,0.1403329932090719,0.024497300748021974,-0.014700824542393106,-0.01108483535784737,-0.0038672048278297877,-0.03157356378462207,0.07044723671070247,0.0,0,no_suppress
quadrature90,side=B_side|tfc=low|phase=q4,29,O4_B_C_boundary,-0.03575769051282281,0.13761807125495246,0.15230351845387974,0.09043696643239353,0.19364972028221367,0.11101136959710467,0.15274578771786357,0.16223456626159222,-0.05759634271786266,-0.022108753136304556,-0.20453654316879846,0.061952706775717625,-0.1327937110482419,-0.021093872277885773,0.0,0,no_suppress
quadrature90,side=A_side|tfc=mid|phase=q1,23,O3_A_C_boundary,-0.04220687371884025,0.1281229601957475,0.15773823844644833,0.17260583679142533,0.10893302312971002,0.1453526338250943,0.12421930847776522,0.16302799913380914,-0.0843260356889547,-0.011544756798686133,0.019981022272127676,-0.14111605662531124,-0.04016572436449445,-0.09515566888875134,0.0,0,no_suppress
quadrature90,side=A_side|tfc=low|phase=q1,24,O3_A_C_boundary,0.10521751708104551,0.07637566073890142,0.12212796958945195,0.23029606689837528,0.17590242276244702,0.14896251326155543,0.1350958731236741,0.11123949362559499,-0.13160749299809968,0.032684382074528166,0.2546880879370262,0.160385381766422,0.10220322286190536,0.06800472714224734,0.0,0,no_suppress
quadrature90,side=B_side|tfc=mid|phase=q4,39,O5_full_TFC,-0.019825733709691727,0.14330345912169531,0.14159209066959788,0.128556055126972,0.12178743740604511,0.15769717522572718,0.15528597450801052,0.15177780794195203,-0.02010861578945736,-0.024313568540492086,-0.05811841897695406,-0.07704915845993088,0.01339062198112317,0.007997763303419348,0.0,0,no_suppress
quadrature90,side=B_side|tfc=low|phase=q4,41,O7_suppress_event,-0.06909047642425126,0.12944694974550838,0.15460256278142148,0.10698213729020949,0.16995935344742583,0.14175973283638463,0.12076840518103624,0.17648085871801392,-0.10847944749920367,-0.04632414795190042,-0.17519268969647012,-0.013178588573060476,-0.07667758667337225,-0.13276820078400578,0.0,1,no_suppress
quadrature90,side=A_side|tfc=low|phase=q1,26,O3_A_C_boundary,0.03400332958433273,0.0912645406866207,0.12134970831378118,0.20125689947392456,0.13859027099579274,0.15830873692199074,0.15633989663875217,0.13288994696913792,-0.1315156463344145,-0.03179567677734108,0.14527130783419265,0.014700199560017209,0.061259043390397894,0.056878899831526115,0.0,1,no_suppress
quadrature90,side=A_side|tfc=high|phase=q4,33,O3_A_C_boundary,-0.0027795050590705486,0.14882809425514454,0.12203006044728247,0.17950777567016463,0.13993210625462832,0.17763842817869893,0.0845621333555587,0.1475014018385225,0.003133980615817556,-0.06634959388167178,0.0687332960167555,-0.01843811552391852,0.06506937580771882,-0.19472288835426713,0.0,1,no_suppress
quadrature90,side=B_side|tfc=high|phase=q1,45,O1_lag0_AB,0.025775137111360737,0.193829798987665,0.14775975711880454,0.12990183416181786,0.14227329873600877,0.13262126216679418,0.11935750270960899,0.13425654611930068,0.12852978471110274,0.0335423197443367,-0.0115407073215277,0.020299073892035672,-0.004289277930754522,-0.041170247638759705,0.0,1,no_suppress
quadrature90,side=B_side|tfc=high|phase=q4,42,O5_full_TFC,0.21750569855427368,0.16528457924724688,0.14755699606066056,0.12769441563975042,0.09797235801214059,0.26773859504219455,0.11123115633166275,0.08252189966634421,0.24311175082910697,0.2034027822735218,0.15280171310561902,0.06006758420852872,0.4119315914900396,0.10449138587834368,0.0,1,no_suppress
quadrature90,side=B_side|tfc=low|phase=q1,38,O4_B_C_boundary,-0.023931895786276764,0.10056548032686807,0.13650850339507234,0.13887024586381713,0.1998492677960365,0.11919190039840509,0.14894358552048478,0.15607101669931614,-0.15382572731293997,-0.046873480602946806,-0.04086989366020584,0.08653829886434068,-0.09435171769403698,-0.016360233865767244,0.0,1,no_suppress
quadrature90,side=B_side|tfc=mid|phase=q4,39,O6_phase_only,-0.04581631340068416,0.13276527201338856,0.15818097720254062,0.11556020027134083,0.11125310245237101,0.1511111502918491,0.16642411114092112,0.16470518662758882,-0.07545105089583502,-0.014146063816838512,-0.12402793179144418,-0.13732226206354023,-0.03014951358063242,0.003633800982823356,0.0,1,no_suppress
quadrature90,side=B_side|tfc=mid|phase=q1,50,O6_phase_only,-0.014225194699947987,0.16039719833526778,0.12683761632698487,0.12108282063572039,0.1517012290231717,0.12465169904818516,0.16549029095753662,0.14983914567313344,0.023831805205845734,-0.05832914492532581,-0.07458065195221154,0.004322721012795733,-0.0644136206342086,0.034772560081589896,0.0,1,no_suppress
quadrature90,side=A_side|tfc=mid|phase=q4,26,O7_suppress_event,-0.1361208914724334,0.1144937431336337,0.09738935481894877,0.13063746887559327,0.1582367910639597,0.1331755290469379,0.14896690521183784,0.21710020784908884,-0.22394360026234178,-0.2805747430629228,-0.17777653621072623,-0.11069325593272424,-0.1710418531177526,-0.13182220298447908,0.0,1,no_suppress
quadrature90,side=A_side|tfc=low|phase=q4,24,O3_A_C_boundary,0.08045532041435433,0.10113377285706297,0.1375940254667209,0.20779354991347493,0.13635362496707065,0.12954809746732254,0.17108784380162545,0.11648908552672253,-0.049473710275955124,0.05827847299131683,0.20256160965423967,0.05510893938816913,0.03718912366659293,0.13453284211217445,0.0,1,no_suppress
quadrature90,side=A_side|tfc=high|phase=q1,26,O1_lag0_AB,0.1969539294030945,0.21838999913877763,0.13423988684169982,0.19606843962541776,0.1114980814120584,0.14045782893705985,0.11407260200084599,0.08527316204414047,0.3291479367888795,0.15881901873945303,0.29141140183734965,0.09385166311215475,0.17466663165424062,0.10184136569196439,0.0,1,no_suppress
quadrature90,side=A_side|tfc=mid|phase=q1,17,O2_lag5_AB,0.0857108806575275,0.14402755978035384,0.17705595698191645,0.14993761304768638,0.14254049750124118,0.15024096435260478,0.12336305566399208,0.1128343526722053,0.08542934083650101,0.1576907451303124,0.09950445991468895,0.08179686013057309,0.10021185878228339,0.031223794749202227,0.0,1,no_suppress
quadrature90,side=B_side|tfc=low|phase=q4,43,O4_B_C_boundary,-0.0002750940836141933,0.1510400728516042,0.15797770280472462,0.10436968802418355,0.17388175464260852,0.13378156875054983,0.1344805944423384,0.14446861848399112,0.015569005859553205,0.0312870567567204,-0.1137930577529824,0.06485961521765798,-0.026898873707456448,-0.025074840508304202,0.0,2,no_suppress
quadrature90,side=A_side|tfc=low|phase=q1,25,O6_phase_only,-0.026009024110590813,0.07778102365537645,0.1270497424545549,0.16943977087076847,0.1222036408988273,0.1459225402171117,0.19853377193368885,0.15906950996967226,-0.250405325366571,-0.07866690778264793,0.02210468864401368,-0.09227835239943173,-0.0301928696472859,0.07756628076116016,0.0,2,no_suppress
quadrature90,side=A_side|tfc=high|phase=q4,25,O5_full_TFC,0.08381313194887983,0.1424531098532056,0.1171217874371111,0.13920655683567934,0.16914909842716405,0.2325775014716625,0.08173219730060352,0.1177597486745738,0.06662822989757916,-0.0019012731769899461,0.058559315407093616,0.12674691555112183,0.2382019459344486,-0.12781947665276464,0.0,2,no_suppress
quadrature90,side=B_side|tfc=high|phase=q1,40,O1_lag0_AB,-0.009205001527431582,0.2012713843376322,0.13388928113397772,0.13985970064979072,0.13050499892467354,0.1278763689220792,0.11775661883013061,0.14884164720171614,0.1056199192600383,-0.037054420245708486,-0.02178511595012041,-0.04601500343332157,-0.05313666434080151,-0.08199205985524965,0.0,2,no_suppress
quadrature90,side=B_side|tfc=high|phase=q4,41,O5_full_TFC,0.15326809153062373,0.17313659419482222,0.1283534152851146,0.11748890748124713,0.08755603726125441,0.30465981211574744,0.08620147516502959,0.10260375849678448,0.18312219806636776,0.07836953303574488,0.04741427604372822,-0.05550844262831715,0.3809124267966399,-0.060965545823475256,0.0,2,no_suppress
quadrature90,side=B_side|tfc=low|phase=q1,39,O4_B_C_boundary,-0.0019082449076217277,0.0997640134718409,0.12762043198188278,0.13604778492441794,0.20114435259426994,0.11718815234278984,0.1711125700594817,0.1471226946253169,-0.1359607774437889,-0.049772244416729214,-0.02739124926967097,0.10946457425630439,-0.0796201396036872,0.05286916193847798,0.0,2,no_suppress
quadrature90,side=B_side|tfc=mid|phase=q4,36,O2_lag5_AB,-0.039692908540150194,0.1530252434761009,0.16197891828690722,0.1165200691891065,0.12929136760612328,0.1474792810803955,0.13063861305474497,0.16106650730662164,-0.017925064753680678,0.00197708846475929,-0.11331384493125367,-0.07691209663164024,-0.030845384460058856,-0.07328388776992235,0.0,2,no_suppress
quadrature90,side=B_side|tfc=mid|phase=q1,50,O6_phase_only,-0.0077781203668185785,0.1521325748809949,0.14322090704487067,0.11932172153542231,0.13485109921596578,0.128096402996912,0.1753037485793683,0.14707354574646606,0.011836849849054597,-0.009290585527590722,-0.07318828490268967,-0.030366550170303847,-0.04835237540217602,0.06145559092011171,0.0,2,no_suppress
quadrature90,side=A_side|tfc=mid|phase=q4,24,O7_suppress_event,-0.10492078185109133,0.09807201505452352,0.09591236631515265,0.13927567222097256,0.17625339021483916,0.15934780182167646,0.13218954427715277,0.19894921009568284,-0.24757162857054568,-0.2553651249859986,-0.12480802041074072,-0.042394411405558385,-0.07768611213515579,-0.14308445633902286,0.0,2,no_suppress
quadrature90,side=A_side|tfc=low|phase=q4,32,O3_A_C_boundary,0.1359744665316721,0.11055069819951477,0.17940812693469652,0.1942949043186934,0.14987689787721736,0.1400543237864516,0.12647500703406273,0.09934004184936365,0.03742392220707606,0.206890081399689,0.2347899397351444,0.14394294088358794,0.12021857520372028,0.08452359469437362,0.0,2,no_suppress
quadrature90,side=A_side|tfc=high|phase=q1,22,O1_lag0_AB,0.21871339846901028,0.18994255527329296,0.1423661922756317,0.16839911905581348,0.10367931319586995,0.15221658130741705,0.1642814752580177,0.07911476363395718,0.3065377641336916,0.20562606905949624,0.2644030787979679,0.09464108702071107,0.22904170840404914,0.2557386183280136,0.0,2,no_suppress
quadrature90,side=A_side|tfc=mid|phase=q1,20,O3_A_C_boundary,0.024361153920528004,0.12683024148301866,0.17668398982555988,0.17994938171071634,0.10959420663832717,0.13976490621984433,0.13204910459179608,0.1351281695307375,-0.0221809773162921,0.093848662850719,0.10025815332865502,-0.07330372629772004,0.011808313245917112,-0.00806745592722812,0.0,2,no_suppress
quadrature90,side=B_side|tfc=low|phase=q4,48,O4_B_C_boundary,-0.024838121624385485,0.13698503532575138,0.15390374939324566,0.10402015251733171,0.18050732143496603,0.13689404930921628,0.1324775158895844,0.15521217612990454,-0.04372247965887286,-0.002962979613897465,-0.14007294158980557,0.052842397929965576,-0.04395502831808324,-0.05543304182125188,0.0,3,no_suppress
quadrature90,side=A_side|tfc=low|phase=q1,19,O6_phase_only,0.021531880815163447,0.08557775031681374,0.15977727373846623,0.14065237176958453,0.11454826392630407,0.17974735532859493,0.1817192923092866,0.13797769261095005,-0.1671833454159688,0.051341073689014326,0.006719780679087308,-0.0651335199049232,0.09256109068330015,0.09637989274818023,0.0,3,no_suppress
quadrature90,side=A_side|tfc=high|phase=q4,30,O5_full_TFC,0.04476551165501251,0.17277975919020327,0.12009998237218758,0.1711928171475342,0.13904916563910633,0.20000823029848214,0.0654450368093778,0.13142500854310854,0.0957534562194187,-0.03153914028978477,0.0925239333215201,0.019736908980199606,0.1469727369195957,-0.24402901390635132,0.0,3,no_suppress
quadrature90,side=B_side|tfc=high|phase=q1,39,O1_lag0_AB,-0.025663374362161432,0.2016706391042825,0.14028333544971616,0.1218972255757502,0.11658556981711413,0.13095740492391933,0.13232878554758212,0.15627703958163564,0.08925193908382935,-0.03778814371185586,-0.08695821770186024,-0.10255168654849224,-0.06186537346224659,-0.05821924558716228,0.0,3,no_suppress
quadrature90,side=B_side|tfc=high|phase=q4,33,O5_full_TFC,0.3051175744433938,0.17927653095821416,0.13779371940067475,0.09683091863404968,0.09145410716285649,0.3400046404912329,0.08467713426863893,0.06996294908433306,0.3293372867139665,0.23722719186982713,0.1137501916366689,0.09375501879446968,0.5533477120131212,0.06680793023680473,0.0,3,no_suppress
quadrature90,side=B_side|tfc=low|phase=q1,44,O4_B_C_boundary,-0.06816498074456469,0.09055653649919607,0.14494922642586627,0.12170324083108869,0.18202007803342377,0.11249837324406715,0.1698407107671873,0.17843183419917083,-0.23738129754322027,-0.07273809498488285,-0.13391735620773196,0.006968623483407532,-0.1614437599460546,-0.01727097565861428,0.0,3,no_suppress
quadrature90,side=B_side|tfc=mid|phase=q4,38,O6_phase_only,-0.007085641352851174,0.14779820990604287,0.15620963009137132,0.11590508894993595,0.11776445142066463,0.14623000736792088,0.1691236077075308,0.14696900455653358,0.0019691649793079505,0.021342011820342132,-0.0831075187941134,-0.07753733964763468,-0.00176432766282659,0.04914285002898642,0.0,3,no_suppress
quadrature90,side=B_side|tfc=mid|phase=q1,52,O6_phase_only,0.0038759264353855818,0.1404024266177242,0.1377543506378983,0.12455140958478046,0.14376328519292472,0.1303230676924777,0.18098622328942354,0.14221923698477104,-0.0044999550266816395,-0.011164215402844223,-0.04642793061942548,0.0037794066569624557,-0.030573649994649035,0.08436789358885262,0.0,3,no_suppress
quadrature90,side=A_side|tfc=mid|phase=q4,23,O7_suppress_event,-0.19482239023972292,0.11177852486497941,0.10143095742773515,0.11418103605276719,0.13133148498842873,0.14665814716172276,0.13126058471663551,0.2633592647877313,-0.2999498840934177,-0.33394927341419095,-0.2925068655152732,-0.2435281026442468,-0.2048951718795945,-0.24371710374971442,0.0,3,no_suppress
quadrature90,side=A_side|tfc=low|phase=q4,27,O2_lag5_AB,0.12193353482072802,0.11907324060789322,0.20639852378465665,0.15055018285602756,0.1387996800511767,0.13997239492099245,0.14223617830341115,0.10296979947584228,0.05085606218677487,0.2433806007894219,0.13295125663772006,0.1045086023450615,0.1074533207188346,0.11306860851857267,0.0,3,no_suppress
quadrature90,side=A_side|tfc=high|phase=q1,19,O1_lag0_AB,0.40365718916144927,0.22361671075427508,0.16700263345006872,0.17943390235724158,0.12940024982423123,0.15231286080038797,0.09959817186005089,0.04863547095374438,0.533953123836409,0.43177976161158793,0.4569088259449297,0.3424950175476551,0.3995542531722578,0.2508767414636761,0.0,3,no_suppress
quadrature90,side=A_side|tfc=mid|phase=q1,22,O3_A_C_boundary,0.005487950412911901,0.1256212617124448,0.16510001452676937,0.17286864352061895,0.1193956856698674,0.14578847412420665,0.1294029370316056,0.14182298341448732,-0.042457857198473455,0.053190114121154305,0.06928331753149418,-0.060247816088051034,0.009651977832622392,-0.03207701180777544,0.0,3,no_suppress
quadrature90,side=B_side|tfc=low|phase=q4,39,O5_full_TFC,-0.028779524524245113,0.12367784557794322,0.14942807952742948,0.11757400438390968,0.16056320117804268,0.16139911390613723,0.13113818359060686,0.15621957183593072,-0.08175382741373766,-0.015556564001801694,-0.09946809933558227,0.009598789363954469,0.011416207729478708,-0.061253823953218677,0.0,4,no_suppress
quadrature90,side=A_side|tfc=low|phase=q1,26,O3_A_C_boundary,0.018713111526215524,0.10040946593772386,0.12441872798730365,0.20406747588493993,0.13801368587201993,0.1294004950065507,0.1652137745424538,0.138476374769008,-0.11250513635562918,-0.03746645570364527,0.13571284002630474,-0.0011714074982438034,-0.023725633516929974,0.061789177389279436,0.0,4,no_suppress
quadrature90,side=A_side|tfc=high|phase=q4,27,O5_full_TFC,0.06423081391951481,0.1811620702069126,0.11879857480759376,0.16637208378280893,0.12073687127934742,0.21728892049661117,0.07052438154593599,0.12511709788079015,0.1295496875004811,-0.01813723504379893,0.09974183336016626,-0.012472782589652188,0.1931922359468823,-0.20065205799800176,0.0,4,no_suppress
quadrature90,side=B_side|tfc=high|phase=q1,36,O1_lag0_AB,0.047064221799491296,0.20962495870671563,0.13478790557118187,0.12445899897197354,0.1477961230408395,0.12994426065823725,0.12627745745986238,0.12711029559118997,0.1750926955321381,0.020526553037063817,-0.0073775949241684955,0.05277250939563162,0.007717645447109889,-0.002300777303895721,0.0,4,no_suppress
quadrature90,side=B_side|tfc=high|phase=q4,41,O5_full_TFC,0.10259296074737181,0.18529024907907882,0.12971498676534363,0.10466521275030105,0.08704295340662217,0.27625203450814745,0.10125294218859604,0.1157816213019109,0.1645761836978651,0.03977182729051385,-0.035328662469950936,-0.09985644470116647,0.3043627214910848,-0.04692942717195256,0.0,4,no_suppress
quadrature90,side=B_side|tfc=low|phase=q1,42,O4_B_C_boundary,-0.0014690972798782117,0.08597700445797724,0.14506101571340912,0.13421202757832745,0.19729524763748477,0.11787314694209354,0.1720548221503415,0.14752673552036627,-0.18897534132573762,-0.005899237815253745,-0.03310600031153161,0.10174216802109799,-0.07854013888821935,0.05383130981938354,0.0,4,no_suppress
quadrature90,side=B_side|tfc=mid|phase=q4,44,O6_phase_only,0.007417251164788329,0.12395943657526469,0.1499187561139282,0.13723143362344098,0.1320949042516504,0.14169938935614992,0.17449118851897563,0.14060489156059014,-0.044099783592232294,0.022448913224348412,-0.008499740302945017,-0.021851596736805486,0.0027139237604167973,0.07557216638545944,0.0,4,no_suppress
quadrature90,side=B_side|tfc=mid|phase=q1,47,O6_phase_only,-0.012501509665720818,0.13549066159242917,0.13649444180501932,0.118054511386609,0.15322269124345858,0.12971308129301662,0.1778244912269538,0.1492001214525135,-0.03373502369526828,-0.03115161258139285,-0.08194970808366124,0.009311350898669031,-0.04898724511706941,0.06142799520650073,0.0,4,no_suppress
quadrature90,side=A_side|tfc=mid|phase=q4,24,O7_suppress_event,-0.09747127274068143,0.09217906907018024,0.10102507115806937,0.18606800485189295,0.139860522997256,0.16915947277081755,0.11587677028716528,0.19583108886461859,-0.2637317927893978,-0.23165932329484037,-0.017899095127540343,-0.1178123920626923,-0.05124371011087642,-0.18365381819372906,0.0,4,no_suppress
quadrature90,side=A_side|tfc=low|phase=q4,27,O3_A_C_boundary,0.12372273154312997,0.10109565034211553,0.1401201103722195,0.219160242680157,0.15381599548482885,0.14039085706178922,0.14196365263824454,0.10345349142064525,-0.008069268088180585,0.10618224139869153,0.2627383536855208,0.13882221501979478,0.10685787537937051,0.11075711641421421,0.0,4,no_suppress
quadrature90,side=A_side|tfc=high|phase=q1,24,O1_lag0_AB,0.19521115661519442,0.20788456532079436,0.15564428727726623,0.1832136365789085,0.09427274187677052,0.13286775904000656,0.14081625004649448,0.08530075985975953,0.31177985603888253,0.21048644095754296,0.2675643328400013,0.03500305472986546,0.15510984233784073,0.17544537037379068,0.0,4,no_suppress
quadrature90,side=A_side|tfc=mid|phase=q1,22,O7_suppress_event,-0.07728856643188549,0.11559827085448462,0.1416920569455572,0.16948689478372153,0.12770657230982516,0.13840569629555705,0.1268982207770434,0.1802122880338111,-0.15540508753551127,-0.08416780548420155,-0.021475974455166677,-0.12054010689910971,-0.09238121668806713,-0.12276256299418584,0.0,4,no_suppress
skip144,side=B_side|tfc=high|phase=q1,40,O1_lag0_AB,-0.010426332818009613,0.19531468341491162,0.12519957353800396,0.14026140966260336,0.13114218766380528,0.13169233179175696,0.1274777454139761,0.14891206851494268,0.09493961099201764,-0.06070642729640849,-0.02094683294721675,-0.04447584783416655,-0.04301066185798534,-0.05439496438458593,0.0,0,full
skip144,side=A_side|tfc=high|phase=q4,33,O5_full_TFC,-0.015351762873497269,0.1473813381750819,0.11694381201923991,0.17245272818480342,0.12446783474867318,0.2114830952210689,0.07136117168522271,0.1559100199659099,-0.0196894882418297,-0.10065491290915492,0.03529543978044214,-0.07883110152961068,0.10670310752857393,-0.2735337983896971,0.0,0,full
skip144,side=A_side|tfc=low|phase=q4,30,O3_A_C_boundary,0.042883423085099515,0.1056200303220124,0.16658789419849585,0.17771348263091566,0.14123251011894744,0.12989367293613197,0.15094155482477345,0.12801085496872336,-0.06729346064085126,0.09219279945783095,0.11482013917802962,0.03440236639914703,0.005110402686940261,0.05767217504387099,0.0,0,full
skip144,side=A_side|tfc=high|phase=q1,25,O1_lag0_AB,0.0820706119604405,0.22403307987335025,0.12083116334003922,0.1678942498874206,0.10061907051106186,0.12742421280661098,0.14231104890386287,0.11688717467765414,0.2277045989431799,0.011614776723028929,0.1267438079958851,-0.052453570100510084,0.030209419785519484,0.06888209883660622,0.0,0,full
skip144,side=B_side|tfc=high|phase=q4,39,O5_full_TFC,0.08524359926681899,0.19214433128188016,0.13248764781448072,0.1278320262598304,0.10107250139313487,0.21815805396692695,0.11187663810442365,0.11642880117932332,0.1753384071415398,0.045223317837616496,0.03270300941553355,-0.04950464491238603,0.219778958274516,-0.013959091559330191,0.0,0,full
skip144,side=B_side|tfc=low|phase=q1,37,O6_phase_only,-0.05211595521579287,0.09363931662175039,0.12907913343110114,0.11848079037640419,0.18577805360821564,0.10890770019757375,0.1926974286954421,0.17141757706951274,-0.21162827218321825,-0.09928691400835124,-0.129273098498837,0.02815755254815943,-0.1587606351025838,0.04095653830293082,0.0,0,full
skip144,side=A_side|tfc=mid|phase=q4,23,O7_suppress_event,-0.13265200528236978,0.11177271780294823,0.0886503115664527,0.1535258739449903,0.1501821251376326,0.13452243581165751,0.14578517535800914,0.21556136037830947,-0.22987233493500614,-0.31099111990331696,-0.1187817719283337,-0.12648890757074,-0.16503011343323082,-0.1368890136152892,0.0,0,full
skip144,side=B_side|tfc=mid|phase=q1,41,O6_phase_only,0.06097177150785563,0.15118526855358477,0.13318113449675734,0.14624802540717566,0.14929523464409358,0.12691306046390277,0.1723955524632044,0.12078172397128145,0.07858236622989427,0.034203796459580035,0.06696165073671703,0.07417928126673463,0.017331057217351058,0.12453230219257477,0.0,0,full
skip144,side=B_side|tfc=low|phase=q4,29,O4_B_C_boundary,-0.08461253119978941,0.13341208952516437,0.14479225261487,0.08929359969599043,0.19120146646058686,0.10553653935903028,0.14807746191889767,0.18768659042546046,-0.11946576040452167,-0.09081573376208985,-0.2599952901480595,0.0064939597964566486,-0.2015006916740272,-0.08296328996454477,0.0,0,full
skip144,side=A_side|tfc=mid|phase=q1,23,O3_A_C_boundary,-0.02074754606408245,0.13762935354685726,0.158175998259892,0.16679488335632445,0.10526568060689356,0.1457560207431524,0.13343606093484492,0.15294200255203536,-0.03692309365384401,0.011777340709022465,0.030347111512134605,-0.13074996738530428,-0.01684362685678584,-0.04775272685364063,0.0,0,full
skip144,side=A_side|tfc=low|phase=q1,24,O3_A_C_boundary,0.12376160182682223,0.07112384989778747,0.12425942986945569,0.2384612800552237,0.18213909365311942,0.15156230822493588,0.12580629102125326,0.10664774727822447,-0.1417880099879607,0.05349408200193976,0.2816364695355753,0.1873337633649711,0.12301292278931696,0.057824210152386285,0.0,0,full
skip144,side=B_side|tfc=mid|phase=q4,39,O7_suppress_event,-0.035109556043931005,0.14095290879547592,0.13717903067904372,0.13244892334730865,0.12547534183221914,0.15278216131978806,0.1527388796906612,0.1584227543355032,-0.04089444301285988,-0.05039308896189436,-0.0626745116320992,-0.08160525111507605,-0.012688898440279144,-0.012788063919983174,0.0,0,full
skip144,side=B_side|tfc=low|phase=q4,41,O4_B_C_boundary,-0.008401963158319009,0.1321865778192134,0.15583090456909407,0.11507849264964354,0.18282179344932276,0.14288603631104577,0.12332435967746136,0.1478718355242191,-0.03924603532314706,0.01834894315935971,-0.08775601873059301,0.07425808239281668,-0.012004495562112142,-0.06353478860794917,0.0,1,full
skip144,side=A_side|tfc=low|phase=q1,26,O3_A_C_boundary,0.08270692047941014,0.08522422776669206,0.12267208802251667,0.2186040632092718,0.1505359390915176,0.16003386889247614,0.14599259317935062,0.11693721983817525,-0.11072300796747211,0.01675717265384446,0.2189687341730706,0.08839762589889516,0.10981189282158338,0.07767153819846853,0.0,1,full
skip144,side=A_side|tfc=high|phase=q4,33,O3_A_C_boundary,-0.03347492736754985,0.13691497198113406,0.12142800487527897,0.1824711219255442,0.14069255208736078,0.17870886439945546,0.07779325655539683,0.16199122817582962,-0.05886373360952521,-0.10087722820645094,0.04166740822086205,-0.04933780554038983,0.03437554370351756,-0.2567206025796099,0.0,1,full
skip144,side=B_side|tfc=high|phase=q1,45,O1_lag0_AB,0.05455329843000521,0.1960844847600235,0.14536903101755702,0.13511119911214578,0.14556714158530648,0.13263709335096377,0.12145023499969057,0.12378081517431286,0.16101163018194078,0.05626710908950166,0.030655014093532443,0.05674376834303477,0.02418653837847147,-0.006652727047316454,0.0,1,full
skip144,side=B_side|tfc=high|phase=q4,42,O5_full_TFC,0.17169414969027502,0.1654690313178405,0.1451301558543313,0.12485886475718735,0.09579680785330003,0.2633351522737649,0.11200800301784852,0.0934019849257273,0.2001550104647139,0.15425142932007288,0.10159499720165424,0.008860868304563976,0.36278023853659064,0.06358020457892173,0.0,1,full
skip144,side=B_side|tfc=low|phase=q1,38,O4_B_C_boundary,0.08067293819963225,0.10181903035053108,0.1441172740423309,0.14850932701359296,0.21372094562037303,0.12583547065657177,0.14959221392311228,0.11640573839348789,-0.0468596827087933,0.07474093837216685,0.08524807600660214,0.2126562685311487,0.027262701281076687,0.08779091482774397,0.0,1,full
skip144,side=B_side|tfc=mid|phase=q4,39,O7_suppress_event,-0.05827968807358737,0.12967810641395822,0.1520817437532784,0.12238453781388245,0.11782308694536461,0.14528451931057498,0.16255428296192098,0.1701937228010203,-0.09515872058632159,-0.03938170950290735,-0.11541925398516553,-0.12871358425726157,-0.055385159266701275,-0.016073868707663305,0.0,1,full
skip144,side=B_side|tfc=mid|phase=q1,50,O7_suppress_event,-0.05317108558430639,0.15485427827012038,0.12074428155451533,0.12344564080173677,0.15466153934022162,0.11866337670144836,0.1597713665383068,0.16785951679365071,-0.02822500992706835,-0.1153083702185535,-0.10756428070631245,-0.02866090774130517,-0.12139284592743628,-0.017284255051324183,0.0,1,full
skip144,side=A_side|tfc=mid|phase=q4,26,O7_suppress_event,-0.09716160849377391,0.11684935419070784,0.09770401611290813,0.13893050512730148,0.16828186814591906,0.13360581410603437,0.1520317721595937,0.19259667015753534,-0.17489943665827543,-0.23752944093499903,-0.11431852786142674,-0.04723524758342473,-0.12799655098982876,-0.08277803938041271,0.0,1,full
skip144,side=A_side|tfc=low|phase=q4,24,O3_A_C_boundary,0.07186364678870232,0.10233914440735886,0.13745269221028353,0.2043719111113123,0.13410835385929504,0.12941502879360495,0.17312696894937812,0.11918590066876733,-0.05333727756301867,0.04990836780928137,0.18873993706880735,0.04128726680273682,0.028819018484557462,0.1306692748251109,0.0,1,full
skip144,side=A_side|tfc=high|phase=q1,26,O1_lag0_AB,0.1679707355629478,0.21829042552162772,0.13089549070236295,0.19575785728307227,0.10979340466131356,0.1388646523425659,0.11402059127854317,0.09237757821051454,0.30097973996430455,0.12198022716777464,0.26284796450532144,0.060450659952527845,0.1426654059101609,0.07367316886738955,0.0,1,full
skip144,side=A_side|tfc=mid|phase=q1,17,O2_lag5_AB,0.04123552499846416,0.1460108841949997,0.177654887661377,0.13980323025800703,0.13290609066131454,0.15074918742736812,0.12506182054299747,0.12781389925393621,0.046587056013835074,0.11524363937570099,0.03138122467478639,0.013673624890670574,0.05776475302767198,-0.007618490073463667,0.0,1,full
skip144,side=B_side|tfc=low|phase=q4,43,O4_B_C_boundary,0.04759486878800188,0.15244643299168026,0.15693538523113895,0.11094556425849833,0.1848372812862289,0.13289889431197469,0.13573276642601625,0.1262036754944627,0.0661206704290176,0.07627798064336702,-0.045100091788303306,0.13355258118233718,0.018092050179190185,0.025476824061160218,0.0,2,full
skip144,side=A_side|tfc=low|phase=q1,25,O6_phase_only,-0.021481721144546696,0.07175050499803083,0.12720127407267942,0.18280222456226625,0.1318409325692017,0.14609658133055864,0.18314105068250033,0.1571674317847629,-0.27444087603598527,-0.07403935505357247,0.052882601357089214,-0.061500439686356205,-0.02556531691821048,0.053530730091745866,0.0,2,full
skip144,side=A_side|tfc=high|phase=q4,25,O5_full_TFC,0.06780235872877495,0.1306557180272045,0.12132550916580806,0.1390443122915662,0.16895195600093585,0.24092514641404733,0.07496346647156887,0.12413389162886909,0.017921750956069096,-0.008009281797917649,0.039701172531785976,0.10788877267581419,0.2320939373135209,-0.17652595559427472,0.0,2,full
skip144,side=B_side|tfc=high|phase=q1,40,O1_lag0_AB,0.00962887953644959,0.20169749102189677,0.1314950511727262,0.1455651950753107,0.13457349095793097,0.12676123908573883,0.11888960616703409,0.14101792651936254,0.12525869474760792,-0.024471231221424385,0.011107964574852698,-0.016371799408517997,-0.037303598816347885,-0.059742073107417415,0.0,2,full
skip144,side=B_side|tfc=high|phase=q4,41,O5_full_TFC,0.16640536594611538,0.1752513222804268,0.1280126146796732,0.11855318463701392,0.08834916652174647,0.3038508874120918,0.08714892116063996,0.0988339033084078,0.20047313097343897,0.09054084006197342,0.06367234251140909,-0.039250376160636244,0.3930837338228685,-0.04403780640194235,0.0,2,full
skip144,side=B_side|tfc=low|phase=q1,39,O4_B_C_boundary,-0.013048956566349159,0.09693093026528377,0.12957946559897987,0.1356258376618375,0.2005205106918985,0.1189870455638817,0.16651103493245303,0.1518451752856657,-0.15710196331983697,-0.05549848191239563,-0.03953653112722373,0.09731929239875162,-0.08534637709935355,0.03227005775155935,0.0,2,full
skip144,side=B_side|tfc=mid|phase=q4,36,O7_suppress_event,-0.09044701759337304,0.1489870468122206,0.15528883641292218,0.11372859688049987,0.12619393319052377,0.1413880657816448,0.1271911791580362,0.18722234176415262,-0.079953137576422,-0.06545352113795626,-0.17446870809142623,-0.13806695979181285,-0.09827599406277447,-0.13531196059266373,0.0,2,full
skip144,side=B_side|tfc=mid|phase=q1,50,O6_phase_only,-0.035882806706031486,0.14807525891052475,0.13733584448267844,0.12289808630019522,0.1388929175330415,0.12283281850227926,0.17062846651469057,0.15933660775659036,-0.025654420300212536,-0.05200637708121381,-0.09088224219532876,-0.0480605074629429,-0.09106816695579908,0.023964320770844583,0.0,2,full
skip144,side=A_side|tfc=mid|phase=q4,24,O7_suppress_event,-0.09452487987152837,0.10056531169198979,0.09681885655991057,0.13849800529347017,0.17526925256721906,0.1608538352293013,0.13555021496461842,0.1924445236934908,-0.22715018885288016,-0.24043815218640496,-0.11513320009723409,-0.03271959109205175,-0.06275913933556208,-0.1226630166213573,0.0,2,full
skip144,side=A_side|tfc=low|phase=q4,32,O3_A_C_boundary,0.1071921816844973,0.11104616887362706,0.17819655704442794,0.1903695746986391,0.14684894287931222,0.13910851600950871,0.12704184793162476,0.10738839256286009,0.011722882883356878,0.17725228310074834,0.20038032465479133,0.10953332580323492,0.09058077690477959,0.058822555370654464,0.0,2,full
skip144,side=A_side|tfc=high|phase=q1,22,O1_lag0_AB,0.17443593592533108,0.18906339588378976,0.13814553728345275,0.16803710456922988,0.10178023351487994,0.15013639966309472,0.16352108956516062,0.0893162395203923,0.262464671662161,0.15264354789369944,0.22120052173357588,0.045721406705520586,0.1817763104890508,0.2116655258564829,0.0,2,full
skip144,side=A_side|tfc=mid|phase=q1,20,O2_lag5_AB,0.06338214376612139,0.13760619877609115,0.17761630186213154,0.17408300162485008,0.10602141708363483,0.14050240656997634,0.14326847542190035,0.1209021986614157,0.045294910671129465,0.13462528550430314,0.127592592073894,-0.04596928755248102,0.052584935899501216,0.05940843206019344,0.0,2,full
skip144,side=B_side|tfc=low|phase=q4,48,O4_B_C_boundary,-0.005188806899859239,0.13871404898304535,0.153636370683264,0.10608169031074169,0.18408473077459747,0.1366562217419688,0.13414963601360214,0.14667730149278074,-0.019537116609269045,0.016223772317422065,-0.1134089198133659,0.07950641970640528,-0.024768276386763714,-0.03124767877164809,0.0,3,full
skip144,side=A_side|tfc=low|phase=q1,19,O6_phase_only,-0.023261633480554426,0.08375450529461613,0.15420884571120536,0.14002536477211333,0.11403762509294241,0.1734829462057047,0.17784773931901032,0.1566429736044077,-0.21912771946312212,-0.005481468167042039,-0.03925095270058678,-0.11110425328459735,0.035738548827243706,0.04443551870102696,0.0,3,full
skip144,side=A_side|tfc=high|phase=q4,30,O5_full_TFC,-0.01519741909527207,0.17291195134603385,0.11643941540961654,0.16263954726578525,0.13046550734843598,0.19626271137708,0.06549510818663162,0.15578575906641678,0.03650527620035722,-0.10188871899536059,0.015069131567271354,-0.06208049530091367,0.0808403406566556,-0.3032771939254129,0.0,3,full
skip144,side=B_side|tfc=high|phase=q1,39,O1_lag0_AB,-0.015397604457814656,0.20127150789847073,0.13586716475202187,0.1283743596178047,0.1205253136721066,0.12920802501699383,0.1332729364881636,0.15148069255443872,0.09946881251663589,-0.03807317369903655,-0.05792762327743116,-0.08000943023736276,-0.05566206533612761,-0.04482064841337949,0.0,3,full
skip144,side=B_side|tfc=high|phase=q4,33,O5_full_TFC,0.2653647293845551,0.18238736539282321,0.1380765907087899,0.08932376853210906,0.08436381286847702,0.34070262264774387,0.0866584325502721,0.07848740729978473,0.29511811392152254,0.19770461934229203,0.045265297729074144,0.02527012488687494,0.513825139485586,0.034662646704508915,0.0,3,full
skip144,side=B_side|tfc=low|phase=q1,44,O4_B_C_boundary,0.019495748595767567,0.09599041804587488,0.15017711627737723,0.12775257688276537,0.19106750037532186,0.11655585680776834,0.180032071212171,0.13842446039872122,-0.1281267365308909,0.028521712855866566,-0.028080277532429355,0.11280570215871015,-0.06018395210530519,0.091983585353715,0.0,3,full
skip144,side=B_side|tfc=mid|phase=q4,38,O6_phase_only,-0.04133903377283599,0.14397823150651895,0.15018238314642693,0.11833971286932758,0.1202381318507502,0.14058781767288117,0.16475245511574346,0.16192126783835162,-0.0411068343149659,-0.02634092053300159,-0.10974278181015787,-0.10417260266367918,-0.04944726001617037,0.006066850734712555,0.0,3,full
skip144,side=B_side|tfc=mid|phase=q1,52,O6_phase_only,0.019577563708640947,0.13780126106815693,0.13330495988612243,0.13424990953151228,0.15495776479322584,0.12611370334609714,0.17763318203288944,0.1359392193419958,0.004761624258859284,-0.006848952003464937,-0.0043766834048248006,0.045830653871563154,-0.02625838659526975,0.09362947287439358,0.0,3,full
skip144,side=A_side|tfc=mid|phase=q4,23,O7_suppress_event,-0.11176863202988901,0.11824619078334174,0.10515015941579911,0.13269745156740845,0.15262914027574626,0.15203570926230991,0.13885551058653373,0.20038583810886085,-0.18461655974637917,-0.22569934812834735,-0.14426053666711344,-0.09528177379608717,-0.09664524659375089,-0.12838377940267598,0.0,3,full
skip144,side=A_side|tfc=low|phase=q4,27,O2_lag5_AB,0.11363423644257466,0.1205376059524412,0.20609515622871752,0.14791932750083203,0.13637416402300112,0.13976666145658828,0.14398540196764606,0.1053216828707737,0.04722986579206205,0.2349615353511418,0.11887670464369204,0.0904340503510335,0.09903425528055457,0.10944241212385988,0.0,3,full
skip144,side=A_side|tfc=high|phase=q1,19,O1_lag0_AB,0.30935527612072017,0.22040186970298772,0.16340651599451517,0.1779458629168071,0.12832713781579277,0.1490330625953295,0.09816629187912806,0.06271925909543967,0.43987439908575854,0.33515037364110156,0.3649837800119875,0.25056997161471284,0.3029248652017714,0.15679801671302573,0.0,3,full
skip144,side=A_side|tfc=mid|phase=q1,22,O2_lag5_AB,0.017768001238771564,0.1352172498454497,0.16558299070752844,0.16381955474408175,0.11314572536961609,0.14621495719044394,0.13928780071792735,0.13673172142495268,-0.00389830879031096,0.0670081143750594,0.06326067227403792,-0.06627046134550729,0.02346997808652741,0.006482536600387082,0.0,3,full
skip144,side=B_side|tfc=low|phase=q4,39,O4_B_C_boundary,0.048386468740550276,0.1262314671375103,0.15076806686341032,0.12719671405455707,0.1737043124026043,0.1628464507745272,0.13384584146849574,0.12540714729889502,0.0022930739478727834,0.06446196832990884,0.004959218281277269,0.114026106980814,0.09143474006118925,0.02279307740839178,0.0,4,full
skip144,side=A_side|tfc=low|phase=q1,26,O3_A_C_boundary,0.030516350797645447,0.09123710043829954,0.1223824118207555,0.2229136324740076,0.15075960495637722,0.12728264406719642,0.15012156076070982,0.13530304548265387,-0.13791939931841818,-0.03512823249445957,0.174743573929392,0.03785932640484344,-0.02138741030774432,0.036374914426490476,0.0,4,full
skip144,side=A_side|tfc=high|phase=q4,27,O5_full_TFC,-0.031819561603845976,0.15930562207905233,0.11658800831208069,0.16365221301387697,0.11712333630442087,0.21611978048743732,0.062015909075690615,0.16519513072744127,-0.012706006930901095,-0.12196833658600724,-0.0032843516770563355,-0.1203649473683775,0.09404689267426924,-0.3429077524293839,0.0,4,full
skip144,side=B_side|tfc=high|phase=q1,36,O1_lag0_AB,0.04690112364103394,0.21052392426640157,0.13185322769155336,0.12649309578379123,0.14867087416179356,0.12843240284407847,0.12680694349496277,0.12721953175741896,0.17628978866318662,0.012521320649736479,-0.002004261971734762,0.05453727083629178,0.003320984571556077,-0.001136936759820813,0.0,4,full
skip144,side=B_side|tfc=high|phase=q4,41,O5_full_TFC,0.1051929665912153,0.18740773131197364,0.12895636386446072,0.10470747016065166,0.08707809602663488,0.27463640685386187,0.10236155355373946,0.11485237822867768,0.17137364595423024,0.04053925621940393,-0.032367010413134834,-0.09689479264435039,0.3051301504199749,-0.04029775667793778,0.0,4,full
skip144,side=B_side|tfc=low|phase=q1,42,O4_B_C_boundary,0.07265343569046173,0.08651930410347453,0.15143682205617404,0.1404401425342306,0.20645074215396916,0.12305397622430293,0.17225952128160094,0.11983949164624783,-0.11402500198497006,0.08190533540714834,0.05551983093611932,0.19036799926874895,0.009264434334182765,0.12699711727108523,0.0,4,full
skip144,side=B_side|tfc=mid|phase=q4,44,O6_phase_only,-0.05757995838916748,0.1211500000533859,0.14436793015146007,0.1313020728875764,0.1263874776220729,0.13645289005417952,0.17053649227869708,0.16980313695262805,-0.11816360514017701,-0.05679612283608937,-0.08999871282663424,-0.1033505692604947,-0.07653111230002103,0.001508344837514656,0.0,4,full
skip144,side=B_side|tfc=mid|phase=q1,47,O6_phase_only,-0.02961435633339178,0.1324537981530783,0.13134989544832554,0.12218705613761305,0.1585863120064063,0.12482412793376728,0.17383876490691583,0.15676004541389366,-0.05896883006012547,-0.06189804000842403,-0.08720710092324147,0.004053958059088787,-0.07973367254410062,0.03619418884164356,0.0,4,full
skip144,side=A_side|tfc=mid|phase=q4,24,O3_A_C_boundary,-0.033003423026966114,0.09296698653734067,0.10039643248725105,0.20497406707081184,0.15407151941150468,0.1681068609300143,0.11686724819357461,0.16261688536950292,-0.19570340689225577,-0.16879462745326138,0.08102025094091522,-0.018893045994236725,0.011620985730702619,-0.11562543229658702,0.0,4,full
skip144,side=A_side|tfc=low|phase=q4,27,O3_A_C_boundary,0.09956764836342047,0.10145038147609714,0.13861623863722225,0.21630709568925313,0.15181353537024092,0.13888407947485745,0.1424617841336562,0.11046688521867278,-0.029801088892098707,0.07944770645426485,0.23519416987725444,0.1112780312115284,0.08012334043494385,0.08902529561029612,0.0,4,full
skip144,side=A_side|tfc=high|phase=q1,24,O1_lag0_AB,0.16285266150482222,0.2070487847184007,0.15059918248772153,0.18472933073659098,0.0936399832736047,0.130500420870824,0.14025011138146634,0.09323218653139173,0.27925150027073237,0.16783510655139222,0.23932953293020184,0.0015275585068340962,0.11769920424492196,0.14291701460564052,0.0,4,full
skip144,side=A_side|tfc=mid|phase=q1,22,O3_A_C_boundary,-0.0438698377340703,0.12590606238862387,0.1435373778828961,0.16500147325943965,0.12432685490476143,0.1402082174440735,0.13821361845690583,0.16280639566329966,-0.0899589760633388,-0.04408819235236195,0.0046874325777703126,-0.09437669986617267,-0.05230160355622757,-0.057316451522013395,0.0,4,full
skip144,side=B_side|tfc=high|phase=q1,40,O1_lag0_AB,-0.010426332818009613,0.19531468341491162,0.12519957353800396,0.14026140966260336,0.13114218766380528,0.13169233179175696,0.1274777454139761,0.14891206851494268,0.09493961099201764,-0.06070642729640849,-0.02094683294721675,-0.04447584783416655,-0.04301066185798534,-0.05439496438458593,0.0,0,core_5
skip144,side=A_side|tfc=high|phase=q4,33,O5_full_TFC,-0.015351762873497269,0.1473813381750819,0.11694381201923991,0.17245272818480342,0.12446783474867318,0.2114830952210689,0.07136117168522271,0.1559100199659099,-0.0196894882418297,-0.10065491290915492,0.03529543978044214,-0.07883110152961068,0.10670310752857393,-0.2735337983896971,0.0,0,core_5
skip144,side=A_side|tfc=low|phase=q4,30,O3_A_C_boundary,0.042883423085099515,0.1056200303220124,0.16658789419849585,0.17771348263091566,0.14123251011894744,0.12989367293613197,0.15094155482477345,0.12801085496872336,-0.06729346064085126,0.09219279945783095,0.11482013917802962,0.03440236639914703,0.005110402686940261,0.05767217504387099,0.0,0,core_5
skip144,side=A_side|tfc=high|phase=q1,25,O1_lag0_AB,0.0820706119604405,0.22403307987335025,0.12083116334003922,0.1678942498874206,0.10061907051106186,0.12742421280661098,0.14231104890386287,0.11688717467765414,0.2277045989431799,0.011614776723028929,0.1267438079958851,-0.052453570100510084,0.030209419785519484,0.06888209883660622,0.0,0,core_5
skip144,side=B_side|tfc=high|phase=q4,39,O5_full_TFC,0.08524359926681899,0.19214433128188016,0.13248764781448072,0.1278320262598304,0.10107250139313487,0.21815805396692695,0.11187663810442365,0.11642880117932332,0.1753384071415398,0.045223317837616496,0.03270300941553355,-0.04950464491238603,0.219778958274516,-0.013959091559330191,0.0,0,core_5
skip144,side=B_side|tfc=low|phase=q1,37,O6_phase_only,-0.05211595521579287,0.09363931662175039,0.12907913343110114,0.11848079037640419,0.18577805360821564,0.10890770019757375,0.1926974286954421,0.17141757706951274,-0.21162827218321825,-0.09928691400835124,-0.129273098498837,0.02815755254815943,-0.1587606351025838,0.04095653830293082,0.0,0,core_5
skip144,side=A_side|tfc=mid|phase=q4,23,O7_suppress_event,-0.13265200528236978,0.11177271780294823,0.0886503115664527,0.1535258739449903,0.1501821251376326,0.13452243581165751,0.14578517535800914,0.21556136037830947,-0.22987233493500614,-0.31099111990331696,-0.1187817719283337,-0.12648890757074,-0.16503011343323082,-0.1368890136152892,0.0,0,core_5
skip144,side=B_side|tfc=mid|phase=q1,41,O6_phase_only,0.06097177150785563,0.15118526855358477,0.13318113449675734,0.14624802540717566,0.14929523464409358,0.12691306046390277,0.1723955524632044,0.12078172397128145,0.07858236622989427,0.034203796459580035,0.06696165073671703,0.07417928126673463,0.017331057217351058,0.12453230219257477,0.0,0,core_5
skip144,side=B_side|tfc=low|phase=q4,29,O4_B_C_boundary,-0.08461253119978941,0.13341208952516437,0.14479225261487,0.08929359969599043,0.19120146646058686,0.10553653935903028,0.14807746191889767,0.18768659042546046,-0.11946576040452167,-0.09081573376208985,-0.2599952901480595,0.0064939597964566486,-0.2015006916740272,-0.08296328996454477,0.0,0,core_5
skip144,side=A_side|tfc=mid|phase=q1,23,O3_A_C_boundary,-0.02074754606408245,0.13762935354685726,0.158175998259892,0.16679488335632445,0.10526568060689356,0.1457560207431524,0.13343606093484492,0.15294200255203536,-0.03692309365384401,0.011777340709022465,0.030347111512134605,-0.13074996738530428,-0.01684362685678584,-0.04775272685364063,0.0,0,core_5
skip144,side=A_side|tfc=low|phase=q1,24,O3_A_C_boundary,0.12376160182682223,0.07112384989778747,0.12425942986945569,0.2384612800552237,0.18213909365311942,0.15156230822493588,0.12580629102125326,0.10664774727822447,-0.1417880099879607,0.05349408200193976,0.2816364695355753,0.1873337633649711,0.12301292278931696,0.057824210152386285,0.0,0,core_5
skip144,side=B_side|tfc=mid|phase=q4,39,O7_suppress_event,-0.035109556043931005,0.14095290879547592,0.13717903067904372,0.13244892334730865,0.12547534183221914,0.15278216131978806,0.1527388796906612,0.1584227543355032,-0.04089444301285988,-0.05039308896189436,-0.0626745116320992,-0.08160525111507605,-0.012688898440279144,-0.012788063919983174,0.0,0,core_5
skip144,side=B_side|tfc=low|phase=q4,41,O4_B_C_boundary,-0.008401963158319009,0.1321865778192134,0.15583090456909407,0.11507849264964354,0.18282179344932276,0.14288603631104577,0.12332435967746136,0.1478718355242191,-0.03924603532314706,0.01834894315935971,-0.08775601873059301,0.07425808239281668,-0.012004495562112142,-0.06353478860794917,0.0,1,core_5
skip144,side=A_side|tfc=low|phase=q1,26,O3_A_C_boundary,0.08270692047941014,0.08522422776669206,0.12267208802251667,0.2186040632092718,0.1505359390915176,0.16003386889247614,0.14599259317935062,0.11693721983817525,-0.11072300796747211,0.01675717265384446,0.2189687341730706,0.08839762589889516,0.10981189282158338,0.07767153819846853,0.0,1,core_5
skip144,side=A_side|tfc=high|phase=q4,33,O3_A_C_boundary,-0.03347492736754985,0.13691497198113406,0.12142800487527897,0.1824711219255442,0.14069255208736078,0.17870886439945546,0.07779325655539683,0.16199122817582962,-0.05886373360952521,-0.10087722820645094,0.04166740822086205,-0.04933780554038983,0.03437554370351756,-0.2567206025796099,0.0,1,core_5
skip144,side=B_side|tfc=high|phase=q1,45,O1_lag0_AB,0.05455329843000521,0.1960844847600235,0.14536903101755702,0.13511119911214578,0.14556714158530648,0.13263709335096377,0.12145023499969057,0.12378081517431286,0.16101163018194078,0.05626710908950166,0.030655014093532443,0.05674376834303477,0.02418653837847147,-0.006652727047316454,0.0,1,core_5
skip144,side=B_side|tfc=high|phase=q4,42,O5_full_TFC,0.17169414969027502,0.1654690313178405,0.1451301558543313,0.12485886475718735,0.09579680785330003,0.2633351522737649,0.11200800301784852,0.0934019849257273,0.2001550104647139,0.15425142932007288,0.10159499720165424,0.008860868304563976,0.36278023853659064,0.06358020457892173,0.0,1,core_5
skip144,side=B_side|tfc=low|phase=q1,38,O4_B_C_boundary,0.08067293819963225,0.10181903035053108,0.1441172740423309,0.14850932701359296,0.21372094562037303,0.12583547065657177,0.14959221392311228,0.11640573839348789,-0.0468596827087933,0.07474093837216685,0.08524807600660214,0.2126562685311487,0.027262701281076687,0.08779091482774397,0.0,1,core_5
skip144,side=B_side|tfc=mid|phase=q4,39,O7_suppress_event,-0.05827968807358737,0.12967810641395822,0.1520817437532784,0.12238453781388245,0.11782308694536461,0.14528451931057498,0.16255428296192098,0.1701937228010203,-0.09515872058632159,-0.03938170950290735,-0.11541925398516553,-0.12871358425726157,-0.055385159266701275,-0.016073868707663305,0.0,1,core_5
skip144,side=B_side|tfc=mid|phase=q1,50,O7_suppress_event,-0.05317108558430639,0.15485427827012038,0.12074428155451533,0.12344564080173677,0.15466153934022162,0.11866337670144836,0.1597713665383068,0.16785951679365071,-0.02822500992706835,-0.1153083702185535,-0.10756428070631245,-0.02866090774130517,-0.12139284592743628,-0.017284255051324183,0.0,1,core_5
skip144,side=A_side|tfc=mid|phase=q4,26,O7_suppress_event,-0.09716160849377391,0.11684935419070784,0.09770401611290813,0.13893050512730148,0.16828186814591906,0.13360581410603437,0.1520317721595937,0.19259667015753534,-0.17489943665827543,-0.23752944093499903,-0.11431852786142674,-0.04723524758342473,-0.12799655098982876,-0.08277803938041271,0.0,1,core_5
skip144,side=A_side|tfc=low|phase=q4,24,O3_A_C_boundary,0.07186364678870232,0.10233914440735886,0.13745269221028353,0.2043719111113123,0.13410835385929504,0.12941502879360495,0.17312696894937812,0.11918590066876733,-0.05333727756301867,0.04990836780928137,0.18873993706880735,0.04128726680273682,0.028819018484557462,0.1306692748251109,0.0,1,core_5
skip144,side=A_side|tfc=high|phase=q1,26,O1_lag0_AB,0.1679707355629478,0.21829042552162772,0.13089549070236295,0.19575785728307227,0.10979340466131356,0.1388646523425659,0.11402059127854317,0.09237757821051454,0.30097973996430455,0.12198022716777464,0.26284796450532144,0.060450659952527845,0.1426654059101609,0.07367316886738955,0.0,1,core_5
skip144,side=A_side|tfc=mid|phase=q1,17,O2_lag5_AB,0.04123552499846416,0.1460108841949997,0.177654887661377,0.13980323025800703,0.13290609066131454,0.15074918742736812,0.12506182054299747,0.12781389925393621,0.046587056013835074,0.11524363937570099,0.03138122467478639,0.013673624890670574,0.05776475302767198,-0.007618490073463667,0.0,1,core_5
skip144,side=B_side|tfc=low|phase=q4,43,O4_B_C_boundary,0.04759486878800188,0.15244643299168026,0.15693538523113895,0.11094556425849833,0.1848372812862289,0.13289889431197469,0.13573276642601625,0.1262036754944627,0.0661206704290176,0.07627798064336702,-0.045100091788303306,0.13355258118233718,0.018092050179190185,0.025476824061160218,0.0,2,core_5
skip144,side=A_side|tfc=low|phase=q1,25,O6_phase_only,-0.021481721144546696,0.07175050499803083,0.12720127407267942,0.18280222456226625,0.1318409325692017,0.14609658133055864,0.18314105068250033,0.1571674317847629,-0.27444087603598527,-0.07403935505357247,0.052882601357089214,-0.061500439686356205,-0.02556531691821048,0.053530730091745866,0.0,2,core_5
skip144,side=A_side|tfc=high|phase=q4,25,O5_full_TFC,0.06780235872877495,0.1306557180272045,0.12132550916580806,0.1390443122915662,0.16895195600093585,0.24092514641404733,0.07496346647156887,0.12413389162886909,0.017921750956069096,-0.008009281797917649,0.039701172531785976,0.10788877267581419,0.2320939373135209,-0.17652595559427472,0.0,2,core_5
skip144,side=B_side|tfc=high|phase=q1,40,O1_lag0_AB,0.00962887953644959,0.20169749102189677,0.1314950511727262,0.1455651950753107,0.13457349095793097,0.12676123908573883,0.11888960616703409,0.14101792651936254,0.12525869474760792,-0.024471231221424385,0.011107964574852698,-0.016371799408517997,-0.037303598816347885,-0.059742073107417415,0.0,2,core_5
skip144,side=B_side|tfc=high|phase=q4,41,O5_full_TFC,0.16640536594611538,0.1752513222804268,0.1280126146796732,0.11855318463701392,0.08834916652174647,0.3038508874120918,0.08714892116063996,0.0988339033084078,0.20047313097343897,0.09054084006197342,0.06367234251140909,-0.039250376160636244,0.3930837338228685,-0.04403780640194235,0.0,2,core_5
skip144,side=B_side|tfc=low|phase=q1,39,O4_B_C_boundary,-0.013048956566349159,0.09693093026528377,0.12957946559897987,0.1356258376618375,0.2005205106918985,0.1189870455638817,0.16651103493245303,0.1518451752856657,-0.15710196331983697,-0.05549848191239563,-0.03953653112722373,0.09731929239875162,-0.08534637709935355,0.03227005775155935,0.0,2,core_5
skip144,side=B_side|tfc=mid|phase=q4,36,O7_suppress_event,-0.09044701759337304,0.1489870468122206,0.15528883641292218,0.11372859688049987,0.12619393319052377,0.1413880657816448,0.1271911791580362,0.18722234176415262,-0.079953137576422,-0.06545352113795626,-0.17446870809142623,-0.13806695979181285,-0.09827599406277447,-0.13531196059266373,0.0,2,core_5
skip144,side=B_side|tfc=mid|phase=q1,50,O6_phase_only,-0.035882806706031486,0.14807525891052475,0.13733584448267844,0.12289808630019522,0.1388929175330415,0.12283281850227926,0.17062846651469057,0.15933660775659036,-0.025654420300212536,-0.05200637708121381,-0.09088224219532876,-0.0480605074629429,-0.09106816695579908,0.023964320770844583,0.0,2,core_5
skip144,side=A_side|tfc=mid|phase=q4,24,O7_suppress_event,-0.09452487987152837,0.10056531169198979,0.09681885655991057,0.13849800529347017,0.17526925256721906,0.1608538352293013,0.13555021496461842,0.1924445236934908,-0.22715018885288016,-0.24043815218640496,-0.11513320009723409,-0.03271959109205175,-0.06275913933556208,-0.1226630166213573,0.0,2,core_5
skip144,side=A_side|tfc=low|phase=q4,32,O3_A_C_boundary,0.1071921816844973,0.11104616887362706,0.17819655704442794,0.1903695746986391,0.14684894287931222,0.13910851600950871,0.12704184793162476,0.10738839256286009,0.011722882883356878,0.17725228310074834,0.20038032465479133,0.10953332580323492,0.09058077690477959,0.058822555370654464,0.0,2,core_5
skip144,side=A_side|tfc=high|phase=q1,22,O1_lag0_AB,0.17443593592533108,0.18906339588378976,0.13814553728345275,0.16803710456922988,0.10178023351487994,0.15013639966309472,0.16352108956516062,0.0893162395203923,0.262464671662161,0.15264354789369944,0.22120052173357588,0.045721406705520586,0.1817763104890508,0.2116655258564829,0.0,2,core_5
skip144,side=A_side|tfc=mid|phase=q1,20,O2_lag5_AB,0.06338214376612139,0.13760619877609115,0.17761630186213154,0.17408300162485008,0.10602141708363483,0.14050240656997634,0.14326847542190035,0.1209021986614157,0.045294910671129465,0.13462528550430314,0.127592592073894,-0.04596928755248102,0.052584935899501216,0.05940843206019344,0.0,2,core_5
skip144,side=B_side|tfc=low|phase=q4,48,O4_B_C_boundary,-0.005188806899859239,0.13871404898304535,0.153636370683264,0.10608169031074169,0.18408473077459747,0.1366562217419688,0.13414963601360214,0.14667730149278074,-0.019537116609269045,0.016223772317422065,-0.1134089198133659,0.07950641970640528,-0.024768276386763714,-0.03124767877164809,0.0,3,core_5
skip144,side=A_side|tfc=low|phase=q1,19,O6_phase_only,-0.023261633480554426,0.08375450529461613,0.15420884571120536,0.14002536477211333,0.11403762509294241,0.1734829462057047,0.17784773931901032,0.1566429736044077,-0.21912771946312212,-0.005481468167042039,-0.03925095270058678,-0.11110425328459735,0.035738548827243706,0.04443551870102696,0.0,3,core_5
skip144,side=A_side|tfc=high|phase=q4,30,O5_full_TFC,-0.01519741909527207,0.17291195134603385,0.11643941540961654,0.16263954726578525,0.13046550734843598,0.19626271137708,0.06549510818663162,0.15578575906641678,0.03650527620035722,-0.10188871899536059,0.015069131567271354,-0.06208049530091367,0.0808403406566556,-0.3032771939254129,0.0,3,core_5
skip144,side=B_side|tfc=high|phase=q1,39,O1_lag0_AB,-0.015397604457814656,0.20127150789847073,0.13586716475202187,0.1283743596178047,0.1205253136721066,0.12920802501699383,0.1332729364881636,0.15148069255443872,0.09946881251663589,-0.03807317369903655,-0.05792762327743116,-0.08000943023736276,-0.05566206533612761,-0.04482064841337949,0.0,3,core_5
skip144,side=B_side|tfc=high|phase=q4,33,O5_full_TFC,0.2653647293845551,0.18238736539282321,0.1380765907087899,0.08932376853210906,0.08436381286847702,0.34070262264774387,0.0866584325502721,0.07848740729978473,0.29511811392152254,0.19770461934229203,0.045265297729074144,0.02527012488687494,0.513825139485586,0.034662646704508915,0.0,3,core_5
skip144,side=B_side|tfc=low|phase=q1,44,O4_B_C_boundary,0.019495748595767567,0.09599041804587488,0.15017711627737723,0.12775257688276537,0.19106750037532186,0.11655585680776834,0.180032071212171,0.13842446039872122,-0.1281267365308909,0.028521712855866566,-0.028080277532429355,0.11280570215871015,-0.06018395210530519,0.091983585353715,0.0,3,core_5
skip144,side=B_side|tfc=mid|phase=q4,38,O6_phase_only,-0.04133903377283599,0.14397823150651895,0.15018238314642693,0.11833971286932758,0.1202381318507502,0.14058781767288117,0.16475245511574346,0.16192126783835162,-0.0411068343149659,-0.02634092053300159,-0.10974278181015787,-0.10417260266367918,-0.04944726001617037,0.006066850734712555,0.0,3,core_5
skip144,side=B_side|tfc=mid|phase=q1,52,O6_phase_only,0.019577563708640947,0.13780126106815693,0.13330495988612243,0.13424990953151228,0.15495776479322584,0.12611370334609714,0.17763318203288944,0.1359392193419958,0.004761624258859284,-0.006848952003464937,-0.0043766834048248006,0.045830653871563154,-0.02625838659526975,0.09362947287439358,0.0,3,core_5
skip144,side=A_side|tfc=mid|phase=q4,23,O7_suppress_event,-0.11176863202988901,0.11824619078334174,0.10515015941579911,0.13269745156740845,0.15262914027574626,0.15203570926230991,0.13885551058653373,0.20038583810886085,-0.18461655974637917,-0.22569934812834735,-0.14426053666711344,-0.09528177379608717,-0.09664524659375089,-0.12838377940267598,0.0,3,core_5
skip144,side=A_side|tfc=low|phase=q4,27,O2_lag5_AB,0.11363423644257466,0.1205376059524412,0.20609515622871752,0.14791932750083203,0.13637416402300112,0.13976666145658828,0.14398540196764606,0.1053216828707737,0.04722986579206205,0.2349615353511418,0.11887670464369204,0.0904340503510335,0.09903425528055457,0.10944241212385988,0.0,3,core_5
skip144,side=A_side|tfc=high|phase=q1,19,O1_lag0_AB,0.30935527612072017,0.22040186970298772,0.16340651599451517,0.1779458629168071,0.12832713781579277,0.1490330625953295,0.09816629187912806,0.06271925909543967,0.43987439908575854,0.33515037364110156,0.3649837800119875,0.25056997161471284,0.3029248652017714,0.15679801671302573,0.0,3,core_5
skip144,side=A_side|tfc=mid|phase=q1,22,O2_lag5_AB,0.017768001238771564,0.1352172498454497,0.16558299070752844,0.16381955474408175,0.11314572536961609,0.14621495719044394,0.13928780071792735,0.13673172142495268,-0.00389830879031096,0.0670081143750594,0.06326067227403792,-0.06627046134550729,0.02346997808652741,0.006482536600387082,0.0,3,core_5
skip144,side=B_side|tfc=low|phase=q4,39,O4_B_C_boundary,0.048386468740550276,0.1262314671375103,0.15076806686341032,0.12719671405455707,0.1737043124026043,0.1628464507745272,0.13384584146849574,0.12540714729889502,0.0022930739478727834,0.06446196832990884,0.004959218281277269,0.114026106980814,0.09143474006118925,0.02279307740839178,0.0,4,core_5
skip144,side=A_side|tfc=low|phase=q1,26,O3_A_C_boundary,0.030516350797645447,0.09123710043829954,0.1223824118207555,0.2229136324740076,0.15075960495637722,0.12728264406719642,0.15012156076070982,0.13530304548265387,-0.13791939931841818,-0.03512823249445957,0.174743573929392,0.03785932640484344,-0.02138741030774432,0.036374914426490476,0.0,4,core_5
skip144,side=A_side|tfc=high|phase=q4,27,O5_full_TFC,-0.031819561603845976,0.15930562207905233,0.11658800831208069,0.16365221301387697,0.11712333630442087,0.21611978048743732,0.062015909075690615,0.16519513072744127,-0.012706006930901095,-0.12196833658600724,-0.0032843516770563355,-0.1203649473683775,0.09404689267426924,-0.3429077524293839,0.0,4,core_5
skip144,side=B_side|tfc=high|phase=q1,36,O1_lag0_AB,0.04690112364103394,0.21052392426640157,0.13185322769155336,0.12649309578379123,0.14867087416179356,0.12843240284407847,0.12680694349496277,0.12721953175741896,0.17628978866318662,0.012521320649736479,-0.002004261971734762,0.05453727083629178,0.003320984571556077,-0.001136936759820813,0.0,4,core_5
skip144,side=B_side|tfc=high|phase=q4,41,O5_full_TFC,0.1051929665912153,0.18740773131197364,0.12895636386446072,0.10470747016065166,0.08707809602663488,0.27463640685386187,0.10236155355373946,0.11485237822867768,0.17137364595423024,0.04053925621940393,-0.032367010413134834,-0.09689479264435039,0.3051301504199749,-0.04029775667793778,0.0,4,core_5
skip144,side=B_side|tfc=low|phase=q1,42,O4_B_C_boundary,0.07265343569046173,0.08651930410347453,0.15143682205617404,0.1404401425342306,0.20645074215396916,0.12305397622430293,0.17225952128160094,0.11983949164624783,-0.11402500198497006,0.08190533540714834,0.05551983093611932,0.19036799926874895,0.009264434334182765,0.12699711727108523,0.0,4,core_5
skip144,side=B_side|tfc=mid|phase=q4,44,O6_phase_only,-0.05757995838916748,0.1211500000533859,0.14436793015146007,0.1313020728875764,0.1263874776220729,0.13645289005417952,0.17053649227869708,0.16980313695262805,-0.11816360514017701,-0.05679612283608937,-0.08999871282663424,-0.1033505692604947,-0.07653111230002103,0.001508344837514656,0.0,4,core_5
skip144,side=B_side|tfc=mid|phase=q1,47,O6_phase_only,-0.02961435633339178,0.1324537981530783,0.13134989544832554,0.12218705613761305,0.1585863120064063,0.12482412793376728,0.17383876490691583,0.15676004541389366,-0.05896883006012547,-0.06189804000842403,-0.08720710092324147,0.004053958059088787,-0.07973367254410062,0.03619418884164356,0.0,4,core_5
skip144,side=A_side|tfc=mid|phase=q4,24,O3_A_C_boundary,-0.033003423026966114,0.09296698653734067,0.10039643248725105,0.20497406707081184,0.15407151941150468,0.1681068609300143,0.11686724819357461,0.16261688536950292,-0.19570340689225577,-0.16879462745326138,0.08102025094091522,-0.018893045994236725,0.011620985730702619,-0.11562543229658702,0.0,4,core_5
skip144,side=A_side|tfc=low|phase=q4,27,O3_A_C_boundary,0.09956764836342047,0.10145038147609714,0.13861623863722225,0.21630709568925313,0.15181353537024092,0.13888407947485745,0.1424617841336562,0.11046688521867278,-0.029801088892098707,0.07944770645426485,0.23519416987725444,0.1112780312115284,0.08012334043494385,0.08902529561029612,0.0,4,core_5
skip144,side=A_side|tfc=high|phase=q1,24,O1_lag0_AB,0.16285266150482222,0.2070487847184007,0.15059918248772153,0.18472933073659098,0.0936399832736047,0.130500420870824,0.14025011138146634,0.09323218653139173,0.27925150027073237,0.16783510655139222,0.23932953293020184,0.0015275585068340962,0.11769920424492196,0.14291701460564052,0.0,4,core_5
skip144,side=A_side|tfc=mid|phase=q1,22,O3_A_C_boundary,-0.0438698377340703,0.12590606238862387,0.1435373778828961,0.16500147325943965,0.12432685490476143,0.1402082174440735,0.13821361845690583,0.16280639566329966,-0.0899589760633388,-0.04408819235236195,0.0046874325777703126,-0.09437669986617267,-0.05230160355622757,-0.057316451522013395,0.0,4,core_5
skip144,side=B_side|tfc=high|phase=q1,40,O1_lag0_AB,-0.010426332818009613,0.19531468341491162,0.12519957353800396,0.14026140966260336,0.13114218766380528,0.13169233179175696,0.1274777454139761,0.14891206851494268,0.09493961099201764,-0.06070642729640849,-0.02094683294721675,-0.04447584783416655,-0.04301066185798534,-0.05439496438458593,0.0,0,no_phase_only
skip144,side=A_side|tfc=high|phase=q4,33,O5_full_TFC,-0.015351762873497269,0.1473813381750819,0.11694381201923991,0.17245272818480342,0.12446783474867318,0.2114830952210689,0.07136117168522271,0.1559100199659099,-0.0196894882418297,-0.10065491290915492,0.03529543978044214,-0.07883110152961068,0.10670310752857393,-0.2735337983896971,0.0,0,no_phase_only
skip144,side=A_side|tfc=low|phase=q4,30,O3_A_C_boundary,0.042883423085099515,0.1056200303220124,0.16658789419849585,0.17771348263091566,0.14123251011894744,0.12989367293613197,0.15094155482477345,0.12801085496872336,-0.06729346064085126,0.09219279945783095,0.11482013917802962,0.03440236639914703,0.005110402686940261,0.05767217504387099,0.0,0,no_phase_only
skip144,side=A_side|tfc=high|phase=q1,25,O1_lag0_AB,0.0820706119604405,0.22403307987335025,0.12083116334003922,0.1678942498874206,0.10061907051106186,0.12742421280661098,0.14231104890386287,0.11688717467765414,0.2277045989431799,0.011614776723028929,0.1267438079958851,-0.052453570100510084,0.030209419785519484,0.06888209883660622,0.0,0,no_phase_only
skip144,side=B_side|tfc=high|phase=q4,39,O5_full_TFC,0.08524359926681899,0.19214433128188016,0.13248764781448072,0.1278320262598304,0.10107250139313487,0.21815805396692695,0.11187663810442365,0.11642880117932332,0.1753384071415398,0.045223317837616496,0.03270300941553355,-0.04950464491238603,0.219778958274516,-0.013959091559330191,0.0,0,no_phase_only
skip144,side=B_side|tfc=low|phase=q1,37,O6_phase_only,-0.05211595521579287,0.09363931662175039,0.12907913343110114,0.11848079037640419,0.18577805360821564,0.10890770019757375,0.1926974286954421,0.17141757706951274,-0.21162827218321825,-0.09928691400835124,-0.129273098498837,0.02815755254815943,-0.1587606351025838,0.04095653830293082,0.0,0,no_phase_only
skip144,side=A_side|tfc=mid|phase=q4,23,O7_suppress_event,-0.13265200528236978,0.11177271780294823,0.0886503115664527,0.1535258739449903,0.1501821251376326,0.13452243581165751,0.14578517535800914,0.21556136037830947,-0.22987233493500614,-0.31099111990331696,-0.1187817719283337,-0.12648890757074,-0.16503011343323082,-0.1368890136152892,0.0,0,no_phase_only
skip144,side=B_side|tfc=mid|phase=q1,41,O6_phase_only,0.06097177150785563,0.15118526855358477,0.13318113449675734,0.14624802540717566,0.14929523464409358,0.12691306046390277,0.1723955524632044,0.12078172397128145,0.07858236622989427,0.034203796459580035,0.06696165073671703,0.07417928126673463,0.017331057217351058,0.12453230219257477,0.0,0,no_phase_only
skip144,side=B_side|tfc=low|phase=q4,29,O4_B_C_boundary,-0.08461253119978941,0.13341208952516437,0.14479225261487,0.08929359969599043,0.19120146646058686,0.10553653935903028,0.14807746191889767,0.18768659042546046,-0.11946576040452167,-0.09081573376208985,-0.2599952901480595,0.0064939597964566486,-0.2015006916740272,-0.08296328996454477,0.0,0,no_phase_only
skip144,side=A_side|tfc=mid|phase=q1,23,O3_A_C_boundary,-0.02074754606408245,0.13762935354685726,0.158175998259892,0.16679488335632445,0.10526568060689356,0.1457560207431524,0.13343606093484492,0.15294200255203536,-0.03692309365384401,0.011777340709022465,0.030347111512134605,-0.13074996738530428,-0.01684362685678584,-0.04775272685364063,0.0,0,no_phase_only
skip144,side=A_side|tfc=low|phase=q1,24,O3_A_C_boundary,0.12376160182682223,0.07112384989778747,0.12425942986945569,0.2384612800552237,0.18213909365311942,0.15156230822493588,0.12580629102125326,0.10664774727822447,-0.1417880099879607,0.05349408200193976,0.2816364695355753,0.1873337633649711,0.12301292278931696,0.057824210152386285,0.0,0,no_phase_only
skip144,side=B_side|tfc=mid|phase=q4,39,O7_suppress_event,-0.035109556043931005,0.14095290879547592,0.13717903067904372,0.13244892334730865,0.12547534183221914,0.15278216131978806,0.1527388796906612,0.1584227543355032,-0.04089444301285988,-0.05039308896189436,-0.0626745116320992,-0.08160525111507605,-0.012688898440279144,-0.012788063919983174,0.0,0,no_phase_only
skip144,side=B_side|tfc=low|phase=q4,41,O4_B_C_boundary,-0.008401963158319009,0.1321865778192134,0.15583090456909407,0.11507849264964354,0.18282179344932276,0.14288603631104577,0.12332435967746136,0.1478718355242191,-0.03924603532314706,0.01834894315935971,-0.08775601873059301,0.07425808239281668,-0.012004495562112142,-0.06353478860794917,0.0,1,no_phase_only
skip144,side=A_side|tfc=low|phase=q1,26,O3_A_C_boundary,0.08270692047941014,0.08522422776669206,0.12267208802251667,0.2186040632092718,0.1505359390915176,0.16003386889247614,0.14599259317935062,0.11693721983817525,-0.11072300796747211,0.01675717265384446,0.2189687341730706,0.08839762589889516,0.10981189282158338,0.07767153819846853,0.0,1,no_phase_only
skip144,side=A_side|tfc=high|phase=q4,33,O3_A_C_boundary,-0.03347492736754985,0.13691497198113406,0.12142800487527897,0.1824711219255442,0.14069255208736078,0.17870886439945546,0.07779325655539683,0.16199122817582962,-0.05886373360952521,-0.10087722820645094,0.04166740822086205,-0.04933780554038983,0.03437554370351756,-0.2567206025796099,0.0,1,no_phase_only
skip144,side=B_side|tfc=high|phase=q1,45,O1_lag0_AB,0.05455329843000521,0.1960844847600235,0.14536903101755702,0.13511119911214578,0.14556714158530648,0.13263709335096377,0.12145023499969057,0.12378081517431286,0.16101163018194078,0.05626710908950166,0.030655014093532443,0.05674376834303477,0.02418653837847147,-0.006652727047316454,0.0,1,no_phase_only
skip144,side=B_side|tfc=high|phase=q4,42,O5_full_TFC,0.17169414969027502,0.1654690313178405,0.1451301558543313,0.12485886475718735,0.09579680785330003,0.2633351522737649,0.11200800301784852,0.0934019849257273,0.2001550104647139,0.15425142932007288,0.10159499720165424,0.008860868304563976,0.36278023853659064,0.06358020457892173,0.0,1,no_phase_only
skip144,side=B_side|tfc=low|phase=q1,38,O4_B_C_boundary,0.08067293819963225,0.10181903035053108,0.1441172740423309,0.14850932701359296,0.21372094562037303,0.12583547065657177,0.14959221392311228,0.11640573839348789,-0.0468596827087933,0.07474093837216685,0.08524807600660214,0.2126562685311487,0.027262701281076687,0.08779091482774397,0.0,1,no_phase_only
skip144,side=B_side|tfc=mid|phase=q4,39,O7_suppress_event,-0.05827968807358737,0.12967810641395822,0.1520817437532784,0.12238453781388245,0.11782308694536461,0.14528451931057498,0.16255428296192098,0.1701937228010203,-0.09515872058632159,-0.03938170950290735,-0.11541925398516553,-0.12871358425726157,-0.055385159266701275,-0.016073868707663305,0.0,1,no_phase_only
skip144,side=B_side|tfc=mid|phase=q1,50,O7_suppress_event,-0.05317108558430639,0.15485427827012038,0.12074428155451533,0.12344564080173677,0.15466153934022162,0.11866337670144836,0.1597713665383068,0.16785951679365071,-0.02822500992706835,-0.1153083702185535,-0.10756428070631245,-0.02866090774130517,-0.12139284592743628,-0.017284255051324183,0.0,1,no_phase_only
skip144,side=A_side|tfc=mid|phase=q4,26,O7_suppress_event,-0.09716160849377391,0.11684935419070784,0.09770401611290813,0.13893050512730148,0.16828186814591906,0.13360581410603437,0.1520317721595937,0.19259667015753534,-0.17489943665827543,-0.23752944093499903,-0.11431852786142674,-0.04723524758342473,-0.12799655098982876,-0.08277803938041271,0.0,1,no_phase_only
skip144,side=A_side|tfc=low|phase=q4,24,O3_A_C_boundary,0.07186364678870232,0.10233914440735886,0.13745269221028353,0.2043719111113123,0.13410835385929504,0.12941502879360495,0.17312696894937812,0.11918590066876733,-0.05333727756301867,0.04990836780928137,0.18873993706880735,0.04128726680273682,0.028819018484557462,0.1306692748251109,0.0,1,no_phase_only
skip144,side=A_side|tfc=high|phase=q1,26,O1_lag0_AB,0.1679707355629478,0.21829042552162772,0.13089549070236295,0.19575785728307227,0.10979340466131356,0.1388646523425659,0.11402059127854317,0.09237757821051454,0.30097973996430455,0.12198022716777464,0.26284796450532144,0.060450659952527845,0.1426654059101609,0.07367316886738955,0.0,1,no_phase_only
skip144,side=A_side|tfc=mid|phase=q1,17,O2_lag5_AB,0.04123552499846416,0.1460108841949997,0.177654887661377,0.13980323025800703,0.13290609066131454,0.15074918742736812,0.12506182054299747,0.12781389925393621,0.046587056013835074,0.11524363937570099,0.03138122467478639,0.013673624890670574,0.05776475302767198,-0.007618490073463667,0.0,1,no_phase_only
skip144,side=B_side|tfc=low|phase=q4,43,O4_B_C_boundary,0.04759486878800188,0.15244643299168026,0.15693538523113895,0.11094556425849833,0.1848372812862289,0.13289889431197469,0.13573276642601625,0.1262036754944627,0.0661206704290176,0.07627798064336702,-0.045100091788303306,0.13355258118233718,0.018092050179190185,0.025476824061160218,0.0,2,no_phase_only
skip144,side=A_side|tfc=low|phase=q1,25,O6_phase_only,-0.021481721144546696,0.07175050499803083,0.12720127407267942,0.18280222456226625,0.1318409325692017,0.14609658133055864,0.18314105068250033,0.1571674317847629,-0.27444087603598527,-0.07403935505357247,0.052882601357089214,-0.061500439686356205,-0.02556531691821048,0.053530730091745866,0.0,2,no_phase_only
skip144,side=A_side|tfc=high|phase=q4,25,O5_full_TFC,0.06780235872877495,0.1306557180272045,0.12132550916580806,0.1390443122915662,0.16895195600093585,0.24092514641404733,0.07496346647156887,0.12413389162886909,0.017921750956069096,-0.008009281797917649,0.039701172531785976,0.10788877267581419,0.2320939373135209,-0.17652595559427472,0.0,2,no_phase_only
skip144,side=B_side|tfc=high|phase=q1,40,O1_lag0_AB,0.00962887953644959,0.20169749102189677,0.1314950511727262,0.1455651950753107,0.13457349095793097,0.12676123908573883,0.11888960616703409,0.14101792651936254,0.12525869474760792,-0.024471231221424385,0.011107964574852698,-0.016371799408517997,-0.037303598816347885,-0.059742073107417415,0.0,2,no_phase_only
skip144,side=B_side|tfc=high|phase=q4,41,O5_full_TFC,0.16640536594611538,0.1752513222804268,0.1280126146796732,0.11855318463701392,0.08834916652174647,0.3038508874120918,0.08714892116063996,0.0988339033084078,0.20047313097343897,0.09054084006197342,0.06367234251140909,-0.039250376160636244,0.3930837338228685,-0.04403780640194235,0.0,2,no_phase_only
skip144,side=B_side|tfc=low|phase=q1,39,O4_B_C_boundary,-0.013048956566349159,0.09693093026528377,0.12957946559897987,0.1356258376618375,0.2005205106918985,0.1189870455638817,0.16651103493245303,0.1518451752856657,-0.15710196331983697,-0.05549848191239563,-0.03953653112722373,0.09731929239875162,-0.08534637709935355,0.03227005775155935,0.0,2,no_phase_only
skip144,side=B_side|tfc=mid|phase=q4,36,O7_suppress_event,-0.09044701759337304,0.1489870468122206,0.15528883641292218,0.11372859688049987,0.12619393319052377,0.1413880657816448,0.1271911791580362,0.18722234176415262,-0.079953137576422,-0.06545352113795626,-0.17446870809142623,-0.13806695979181285,-0.09827599406277447,-0.13531196059266373,0.0,2,no_phase_only
skip144,side=B_side|tfc=mid|phase=q1,50,O6_phase_only,-0.035882806706031486,0.14807525891052475,0.13733584448267844,0.12289808630019522,0.1388929175330415,0.12283281850227926,0.17062846651469057,0.15933660775659036,-0.025654420300212536,-0.05200637708121381,-0.09088224219532876,-0.0480605074629429,-0.09106816695579908,0.023964320770844583,0.0,2,no_phase_only
skip144,side=A_side|tfc=mid|phase=q4,24,O7_suppress_event,-0.09452487987152837,0.10056531169198979,0.09681885655991057,0.13849800529347017,0.17526925256721906,0.1608538352293013,0.13555021496461842,0.1924445236934908,-0.22715018885288016,-0.24043815218640496,-0.11513320009723409,-0.03271959109205175,-0.06275913933556208,-0.1226630166213573,0.0,2,no_phase_only
skip144,side=A_side|tfc=low|phase=q4,32,O3_A_C_boundary,0.1071921816844973,0.11104616887362706,0.17819655704442794,0.1903695746986391,0.14684894287931222,0.13910851600950871,0.12704184793162476,0.10738839256286009,0.011722882883356878,0.17725228310074834,0.20038032465479133,0.10953332580323492,0.09058077690477959,0.058822555370654464,0.0,2,no_phase_only
skip144,side=A_side|tfc=high|phase=q1,22,O1_lag0_AB,0.17443593592533108,0.18906339588378976,0.13814553728345275,0.16803710456922988,0.10178023351487994,0.15013639966309472,0.16352108956516062,0.0893162395203923,0.262464671662161,0.15264354789369944,0.22120052173357588,0.045721406705520586,0.1817763104890508,0.2116655258564829,0.0,2,no_phase_only
skip144,side=A_side|tfc=mid|phase=q1,20,O2_lag5_AB,0.06338214376612139,0.13760619877609115,0.17761630186213154,0.17408300162485008,0.10602141708363483,0.14050240656997634,0.14326847542190035,0.1209021986614157,0.045294910671129465,0.13462528550430314,0.127592592073894,-0.04596928755248102,0.052584935899501216,0.05940843206019344,0.0,2,no_phase_only
skip144,side=B_side|tfc=low|phase=q4,48,O4_B_C_boundary,-0.005188806899859239,0.13871404898304535,0.153636370683264,0.10608169031074169,0.18408473077459747,0.1366562217419688,0.13414963601360214,0.14667730149278074,-0.019537116609269045,0.016223772317422065,-0.1134089198133659,0.07950641970640528,-0.024768276386763714,-0.03124767877164809,0.0,3,no_phase_only
skip144,side=A_side|tfc=low|phase=q1,19,O6_phase_only,-0.023261633480554426,0.08375450529461613,0.15420884571120536,0.14002536477211333,0.11403762509294241,0.1734829462057047,0.17784773931901032,0.1566429736044077,-0.21912771946312212,-0.005481468167042039,-0.03925095270058678,-0.11110425328459735,0.035738548827243706,0.04443551870102696,0.0,3,no_phase_only
skip144,side=A_side|tfc=high|phase=q4,30,O5_full_TFC,-0.01519741909527207,0.17291195134603385,0.11643941540961654,0.16263954726578525,0.13046550734843598,0.19626271137708,0.06549510818663162,0.15578575906641678,0.03650527620035722,-0.10188871899536059,0.015069131567271354,-0.06208049530091367,0.0808403406566556,-0.3032771939254129,0.0,3,no_phase_only
skip144,side=B_side|tfc=high|phase=q1,39,O1_lag0_AB,-0.015397604457814656,0.20127150789847073,0.13586716475202187,0.1283743596178047,0.1205253136721066,0.12920802501699383,0.1332729364881636,0.15148069255443872,0.09946881251663589,-0.03807317369903655,-0.05792762327743116,-0.08000943023736276,-0.05566206533612761,-0.04482064841337949,0.0,3,no_phase_only
skip144,side=B_side|tfc=high|phase=q4,33,O5_full_TFC,0.2653647293845551,0.18238736539282321,0.1380765907087899,0.08932376853210906,0.08436381286847702,0.34070262264774387,0.0866584325502721,0.07848740729978473,0.29511811392152254,0.19770461934229203,0.045265297729074144,0.02527012488687494,0.513825139485586,0.034662646704508915,0.0,3,no_phase_only
skip144,side=B_side|tfc=low|phase=q1,44,O4_B_C_boundary,0.019495748595767567,0.09599041804587488,0.15017711627737723,0.12775257688276537,0.19106750037532186,0.11655585680776834,0.180032071212171,0.13842446039872122,-0.1281267365308909,0.028521712855866566,-0.028080277532429355,0.11280570215871015,-0.06018395210530519,0.091983585353715,0.0,3,no_phase_only
skip144,side=B_side|tfc=mid|phase=q4,38,O6_phase_only,-0.04133903377283599,0.14397823150651895,0.15018238314642693,0.11833971286932758,0.1202381318507502,0.14058781767288117,0.16475245511574346,0.16192126783835162,-0.0411068343149659,-0.02634092053300159,-0.10974278181015787,-0.10417260266367918,-0.04944726001617037,0.006066850734712555,0.0,3,no_phase_only
skip144,side=B_side|tfc=mid|phase=q1,52,O6_phase_only,0.019577563708640947,0.13780126106815693,0.13330495988612243,0.13424990953151228,0.15495776479322584,0.12611370334609714,0.17763318203288944,0.1359392193419958,0.004761624258859284,-0.006848952003464937,-0.0043766834048248006,0.045830653871563154,-0.02625838659526975,0.09362947287439358,0.0,3,no_phase_only
skip144,side=A_side|tfc=mid|phase=q4,23,O7_suppress_event,-0.11176863202988901,0.11824619078334174,0.10515015941579911,0.13269745156740845,0.15262914027574626,0.15203570926230991,0.13885551058653373,0.20038583810886085,-0.18461655974637917,-0.22569934812834735,-0.14426053666711344,-0.09528177379608717,-0.09664524659375089,-0.12838377940267598,0.0,3,no_phase_only
skip144,side=A_side|tfc=low|phase=q4,27,O2_lag5_AB,0.11363423644257466,0.1205376059524412,0.20609515622871752,0.14791932750083203,0.13637416402300112,0.13976666145658828,0.14398540196764606,0.1053216828707737,0.04722986579206205,0.2349615353511418,0.11887670464369204,0.0904340503510335,0.09903425528055457,0.10944241212385988,0.0,3,no_phase_only
skip144,side=A_side|tfc=high|phase=q1,19,O1_lag0_AB,0.30935527612072017,0.22040186970298772,0.16340651599451517,0.1779458629168071,0.12832713781579277,0.1490330625953295,0.09816629187912806,0.06271925909543967,0.43987439908575854,0.33515037364110156,0.3649837800119875,0.25056997161471284,0.3029248652017714,0.15679801671302573,0.0,3,no_phase_only
skip144,side=A_side|tfc=mid|phase=q1,22,O2_lag5_AB,0.017768001238771564,0.1352172498454497,0.16558299070752844,0.16381955474408175,0.11314572536961609,0.14621495719044394,0.13928780071792735,0.13673172142495268,-0.00389830879031096,0.0670081143750594,0.06326067227403792,-0.06627046134550729,0.02346997808652741,0.006482536600387082,0.0,3,no_phase_only
skip144,side=B_side|tfc=low|phase=q4,39,O4_B_C_boundary,0.048386468740550276,0.1262314671375103,0.15076806686341032,0.12719671405455707,0.1737043124026043,0.1628464507745272,0.13384584146849574,0.12540714729889502,0.0022930739478727834,0.06446196832990884,0.004959218281277269,0.114026106980814,0.09143474006118925,0.02279307740839178,0.0,4,no_phase_only
skip144,side=A_side|tfc=low|phase=q1,26,O3_A_C_boundary,0.030516350797645447,0.09123710043829954,0.1223824118207555,0.2229136324740076,0.15075960495637722,0.12728264406719642,0.15012156076070982,0.13530304548265387,-0.13791939931841818,-0.03512823249445957,0.174743573929392,0.03785932640484344,-0.02138741030774432,0.036374914426490476,0.0,4,no_phase_only
skip144,side=A_side|tfc=high|phase=q4,27,O5_full_TFC,-0.031819561603845976,0.15930562207905233,0.11658800831208069,0.16365221301387697,0.11712333630442087,0.21611978048743732,0.062015909075690615,0.16519513072744127,-0.012706006930901095,-0.12196833658600724,-0.0032843516770563355,-0.1203649473683775,0.09404689267426924,-0.3429077524293839,0.0,4,no_phase_only
skip144,side=B_side|tfc=high|phase=q1,36,O1_lag0_AB,0.04690112364103394,0.21052392426640157,0.13185322769155336,0.12649309578379123,0.14867087416179356,0.12843240284407847,0.12680694349496277,0.12721953175741896,0.17628978866318662,0.012521320649736479,-0.002004261971734762,0.05453727083629178,0.003320984571556077,-0.001136936759820813,0.0,4,no_phase_only
skip144,side=B_side|tfc=high|phase=q4,41,O5_full_TFC,0.1051929665912153,0.18740773131197364,0.12895636386446072,0.10470747016065166,0.08707809602663488,0.27463640685386187,0.10236155355373946,0.11485237822867768,0.17137364595423024,0.04053925621940393,-0.032367010413134834,-0.09689479264435039,0.3051301504199749,-0.04029775667793778,0.0,4,no_phase_only
skip144,side=B_side|tfc=low|phase=q1,42,O4_B_C_boundary,0.07265343569046173,0.08651930410347453,0.15143682205617404,0.1404401425342306,0.20645074215396916,0.12305397622430293,0.17225952128160094,0.11983949164624783,-0.11402500198497006,0.08190533540714834,0.05551983093611932,0.19036799926874895,0.009264434334182765,0.12699711727108523,0.0,4,no_phase_only
skip144,side=B_side|tfc=mid|phase=q4,44,O6_phase_only,-0.05757995838916748,0.1211500000533859,0.14436793015146007,0.1313020728875764,0.1263874776220729,0.13645289005417952,0.17053649227869708,0.16980313695262805,-0.11816360514017701,-0.05679612283608937,-0.08999871282663424,-0.1033505692604947,-0.07653111230002103,0.001508344837514656,0.0,4,no_phase_only
skip144,side=B_side|tfc=mid|phase=q1,47,O6_phase_only,-0.02961435633339178,0.1324537981530783,0.13134989544832554,0.12218705613761305,0.1585863120064063,0.12482412793376728,0.17383876490691583,0.15676004541389366,-0.05896883006012547,-0.06189804000842403,-0.08720710092324147,0.004053958059088787,-0.07973367254410062,0.03619418884164356,0.0,4,no_phase_only
skip144,side=A_side|tfc=mid|phase=q4,24,O3_A_C_boundary,-0.033003423026966114,0.09296698653734067,0.10039643248725105,0.20497406707081184,0.15407151941150468,0.1681068609300143,0.11686724819357461,0.16261688536950292,-0.19570340689225577,-0.16879462745326138,0.08102025094091522,-0.018893045994236725,0.011620985730702619,-0.11562543229658702,0.0,4,no_phase_only
skip144,side=A_side|tfc=low|phase=q4,27,O3_A_C_boundary,0.09956764836342047,0.10145038147609714,0.13861623863722225,0.21630709568925313,0.15181353537024092,0.13888407947485745,0.1424617841336562,0.11046688521867278,-0.029801088892098707,0.07944770645426485,0.23519416987725444,0.1112780312115284,0.08012334043494385,0.08902529561029612,0.0,4,no_phase_only
skip144,side=A_side|tfc=high|phase=q1,24,O1_lag0_AB,0.16285266150482222,0.2070487847184007,0.15059918248772153,0.18472933073659098,0.0936399832736047,0.130500420870824,0.14025011138146634,0.09323218653139173,0.27925150027073237,0.16783510655139222,0.23932953293020184,0.0015275585068340962,0.11769920424492196,0.14291701460564052,0.0,4,no_phase_only
skip144,side=A_side|tfc=mid|phase=q1,22,O3_A_C_boundary,-0.0438698377340703,0.12590606238862387,0.1435373778828961,0.16500147325943965,0.12432685490476143,0.1402082174440735,0.13821361845690583,0.16280639566329966,-0.0899589760633388,-0.04408819235236195,0.0046874325777703126,-0.09437669986617267,-0.05230160355622757,-0.057316451522013395,0.0,4,no_phase_only
skip144,side=B_side|tfc=high|phase=q1,40,O1_lag0_AB,-0.010426332818009613,0.19531468341491162,0.12519957353800396,0.14026140966260336,0.13114218766380528,0.13169233179175696,0.1274777454139761,0.14891206851494268,0.09493961099201764,-0.06070642729640849,-0.02094683294721675,-0.04447584783416655,-0.04301066185798534,-0.05439496438458593,0.0,0,no_suppress
skip144,side=A_side|tfc=high|phase=q4,33,O5_full_TFC,-0.015351762873497269,0.1473813381750819,0.11694381201923991,0.17245272818480342,0.12446783474867318,0.2114830952210689,0.07136117168522271,0.1559100199659099,-0.0196894882418297,-0.10065491290915492,0.03529543978044214,-0.07883110152961068,0.10670310752857393,-0.2735337983896971,0.0,0,no_suppress
skip144,side=A_side|tfc=low|phase=q4,30,O3_A_C_boundary,0.042883423085099515,0.1056200303220124,0.16658789419849585,0.17771348263091566,0.14123251011894744,0.12989367293613197,0.15094155482477345,0.12801085496872336,-0.06729346064085126,0.09219279945783095,0.11482013917802962,0.03440236639914703,0.005110402686940261,0.05767217504387099,0.0,0,no_suppress
skip144,side=A_side|tfc=high|phase=q1,25,O1_lag0_AB,0.0820706119604405,0.22403307987335025,0.12083116334003922,0.1678942498874206,0.10061907051106186,0.12742421280661098,0.14231104890386287,0.11688717467765414,0.2277045989431799,0.011614776723028929,0.1267438079958851,-0.052453570100510084,0.030209419785519484,0.06888209883660622,0.0,0,no_suppress
skip144,side=B_side|tfc=high|phase=q4,39,O5_full_TFC,0.08524359926681899,0.19214433128188016,0.13248764781448072,0.1278320262598304,0.10107250139313487,0.21815805396692695,0.11187663810442365,0.11642880117932332,0.1753384071415398,0.045223317837616496,0.03270300941553355,-0.04950464491238603,0.219778958274516,-0.013959091559330191,0.0,0,no_suppress
skip144,side=B_side|tfc=low|phase=q1,37,O6_phase_only,-0.05211595521579287,0.09363931662175039,0.12907913343110114,0.11848079037640419,0.18577805360821564,0.10890770019757375,0.1926974286954421,0.17141757706951274,-0.21162827218321825,-0.09928691400835124,-0.129273098498837,0.02815755254815943,-0.1587606351025838,0.04095653830293082,0.0,0,no_suppress
skip144,side=A_side|tfc=mid|phase=q4,23,O7_suppress_event,-0.13265200528236978,0.11177271780294823,0.0886503115664527,0.1535258739449903,0.1501821251376326,0.13452243581165751,0.14578517535800914,0.21556136037830947,-0.22987233493500614,-0.31099111990331696,-0.1187817719283337,-0.12648890757074,-0.16503011343323082,-0.1368890136152892,0.0,0,no_suppress
skip144,side=B_side|tfc=mid|phase=q1,41,O6_phase_only,0.06097177150785563,0.15118526855358477,0.13318113449675734,0.14624802540717566,0.14929523464409358,0.12691306046390277,0.1723955524632044,0.12078172397128145,0.07858236622989427,0.034203796459580035,0.06696165073671703,0.07417928126673463,0.017331057217351058,0.12453230219257477,0.0,0,no_suppress
skip144,side=B_side|tfc=low|phase=q4,29,O4_B_C_boundary,-0.08461253119978941,0.13341208952516437,0.14479225261487,0.08929359969599043,0.19120146646058686,0.10553653935903028,0.14807746191889767,0.18768659042546046,-0.11946576040452167,-0.09081573376208985,-0.2599952901480595,0.0064939597964566486,-0.2015006916740272,-0.08296328996454477,0.0,0,no_suppress
skip144,side=A_side|tfc=mid|phase=q1,23,O3_A_C_boundary,-0.02074754606408245,0.13762935354685726,0.158175998259892,0.16679488335632445,0.10526568060689356,0.1457560207431524,0.13343606093484492,0.15294200255203536,-0.03692309365384401,0.011777340709022465,0.030347111512134605,-0.13074996738530428,-0.01684362685678584,-0.04775272685364063,0.0,0,no_suppress
skip144,side=A_side|tfc=low|phase=q1,24,O3_A_C_boundary,0.12376160182682223,0.07112384989778747,0.12425942986945569,0.2384612800552237,0.18213909365311942,0.15156230822493588,0.12580629102125326,0.10664774727822447,-0.1417880099879607,0.05349408200193976,0.2816364695355753,0.1873337633649711,0.12301292278931696,0.057824210152386285,0.0,0,no_suppress
skip144,side=B_side|tfc=mid|phase=q4,39,O7_suppress_event,-0.035109556043931005,0.14095290879547592,0.13717903067904372,0.13244892334730865,0.12547534183221914,0.15278216131978806,0.1527388796906612,0.1584227543355032,-0.04089444301285988,-0.05039308896189436,-0.0626745116320992,-0.08160525111507605,-0.012688898440279144,-0.012788063919983174,0.0,0,no_suppress
skip144,side=B_side|tfc=low|phase=q4,41,O4_B_C_boundary,-0.008401963158319009,0.1321865778192134,0.15583090456909407,0.11507849264964354,0.18282179344932276,0.14288603631104577,0.12332435967746136,0.1478718355242191,-0.03924603532314706,0.01834894315935971,-0.08775601873059301,0.07425808239281668,-0.012004495562112142,-0.06353478860794917,0.0,1,no_suppress
skip144,side=A_side|tfc=low|phase=q1,26,O3_A_C_boundary,0.08270692047941014,0.08522422776669206,0.12267208802251667,0.2186040632092718,0.1505359390915176,0.16003386889247614,0.14599259317935062,0.11693721983817525,-0.11072300796747211,0.01675717265384446,0.2189687341730706,0.08839762589889516,0.10981189282158338,0.07767153819846853,0.0,1,no_suppress
skip144,side=A_side|tfc=high|phase=q4,33,O3_A_C_boundary,-0.03347492736754985,0.13691497198113406,0.12142800487527897,0.1824711219255442,0.14069255208736078,0.17870886439945546,0.07779325655539683,0.16199122817582962,-0.05886373360952521,-0.10087722820645094,0.04166740822086205,-0.04933780554038983,0.03437554370351756,-0.2567206025796099,0.0,1,no_suppress
skip144,side=B_side|tfc=high|phase=q1,45,O1_lag0_AB,0.05455329843000521,0.1960844847600235,0.14536903101755702,0.13511119911214578,0.14556714158530648,0.13263709335096377,0.12145023499969057,0.12378081517431286,0.16101163018194078,0.05626710908950166,0.030655014093532443,0.05674376834303477,0.02418653837847147,-0.006652727047316454,0.0,1,no_suppress
skip144,side=B_side|tfc=high|phase=q4,42,O5_full_TFC,0.17169414969027502,0.1654690313178405,0.1451301558543313,0.12485886475718735,0.09579680785330003,0.2633351522737649,0.11200800301784852,0.0934019849257273,0.2001550104647139,0.15425142932007288,0.10159499720165424,0.008860868304563976,0.36278023853659064,0.06358020457892173,0.0,1,no_suppress
skip144,side=B_side|tfc=low|phase=q1,38,O4_B_C_boundary,0.08067293819963225,0.10181903035053108,0.1441172740423309,0.14850932701359296,0.21372094562037303,0.12583547065657177,0.14959221392311228,0.11640573839348789,-0.0468596827087933,0.07474093837216685,0.08524807600660214,0.2126562685311487,0.027262701281076687,0.08779091482774397,0.0,1,no_suppress
skip144,side=B_side|tfc=mid|phase=q4,39,O7_suppress_event,-0.05827968807358737,0.12967810641395822,0.1520817437532784,0.12238453781388245,0.11782308694536461,0.14528451931057498,0.16255428296192098,0.1701937228010203,-0.09515872058632159,-0.03938170950290735,-0.11541925398516553,-0.12871358425726157,-0.055385159266701275,-0.016073868707663305,0.0,1,no_suppress
skip144,side=B_side|tfc=mid|phase=q1,50,O7_suppress_event,-0.05317108558430639,0.15485427827012038,0.12074428155451533,0.12344564080173677,0.15466153934022162,0.11866337670144836,0.1597713665383068,0.16785951679365071,-0.02822500992706835,-0.1153083702185535,-0.10756428070631245,-0.02866090774130517,-0.12139284592743628,-0.017284255051324183,0.0,1,no_suppress
skip144,side=A_side|tfc=mid|phase=q4,26,O7_suppress_event,-0.09716160849377391,0.11684935419070784,0.09770401611290813,0.13893050512730148,0.16828186814591906,0.13360581410603437,0.1520317721595937,0.19259667015753534,-0.17489943665827543,-0.23752944093499903,-0.11431852786142674,-0.04723524758342473,-0.12799655098982876,-0.08277803938041271,0.0,1,no_suppress
skip144,side=A_side|tfc=low|phase=q4,24,O3_A_C_boundary,0.07186364678870232,0.10233914440735886,0.13745269221028353,0.2043719111113123,0.13410835385929504,0.12941502879360495,0.17312696894937812,0.11918590066876733,-0.05333727756301867,0.04990836780928137,0.18873993706880735,0.04128726680273682,0.028819018484557462,0.1306692748251109,0.0,1,no_suppress
skip144,side=A_side|tfc=high|phase=q1,26,O1_lag0_AB,0.1679707355629478,0.21829042552162772,0.13089549070236295,0.19575785728307227,0.10979340466131356,0.1388646523425659,0.11402059127854317,0.09237757821051454,0.30097973996430455,0.12198022716777464,0.26284796450532144,0.060450659952527845,0.1426654059101609,0.07367316886738955,0.0,1,no_suppress
skip144,side=A_side|tfc=mid|phase=q1,17,O2_lag5_AB,0.04123552499846416,0.1460108841949997,0.177654887661377,0.13980323025800703,0.13290609066131454,0.15074918742736812,0.12506182054299747,0.12781389925393621,0.046587056013835074,0.11524363937570099,0.03138122467478639,0.013673624890670574,0.05776475302767198,-0.007618490073463667,0.0,1,no_suppress
skip144,side=B_side|tfc=low|phase=q4,43,O4_B_C_boundary,0.04759486878800188,0.15244643299168026,0.15693538523113895,0.11094556425849833,0.1848372812862289,0.13289889431197469,0.13573276642601625,0.1262036754944627,0.0661206704290176,0.07627798064336702,-0.045100091788303306,0.13355258118233718,0.018092050179190185,0.025476824061160218,0.0,2,no_suppress
skip144,side=A_side|tfc=low|phase=q1,25,O6_phase_only,-0.021481721144546696,0.07175050499803083,0.12720127407267942,0.18280222456226625,0.1318409325692017,0.14609658133055864,0.18314105068250033,0.1571674317847629,-0.27444087603598527,-0.07403935505357247,0.052882601357089214,-0.061500439686356205,-0.02556531691821048,0.053530730091745866,0.0,2,no_suppress
skip144,side=A_side|tfc=high|phase=q4,25,O5_full_TFC,0.06780235872877495,0.1306557180272045,0.12132550916580806,0.1390443122915662,0.16895195600093585,0.24092514641404733,0.07496346647156887,0.12413389162886909,0.017921750956069096,-0.008009281797917649,0.039701172531785976,0.10788877267581419,0.2320939373135209,-0.17652595559427472,0.0,2,no_suppress
skip144,side=B_side|tfc=high|phase=q1,40,O1_lag0_AB,0.00962887953644959,0.20169749102189677,0.1314950511727262,0.1455651950753107,0.13457349095793097,0.12676123908573883,0.11888960616703409,0.14101792651936254,0.12525869474760792,-0.024471231221424385,0.011107964574852698,-0.016371799408517997,-0.037303598816347885,-0.059742073107417415,0.0,2,no_suppress
skip144,side=B_side|tfc=high|phase=q4,41,O5_full_TFC,0.16640536594611538,0.1752513222804268,0.1280126146796732,0.11855318463701392,0.08834916652174647,0.3038508874120918,0.08714892116063996,0.0988339033084078,0.20047313097343897,0.09054084006197342,0.06367234251140909,-0.039250376160636244,0.3930837338228685,-0.04403780640194235,0.0,2,no_suppress
skip144,side=B_side|tfc=low|phase=q1,39,O4_B_C_boundary,-0.013048956566349159,0.09693093026528377,0.12957946559897987,0.1356258376618375,0.2005205106918985,0.1189870455638817,0.16651103493245303,0.1518451752856657,-0.15710196331983697,-0.05549848191239563,-0.03953653112722373,0.09731929239875162,-0.08534637709935355,0.03227005775155935,0.0,2,no_suppress
skip144,side=B_side|tfc=mid|phase=q4,36,O7_suppress_event,-0.09044701759337304,0.1489870468122206,0.15528883641292218,0.11372859688049987,0.12619393319052377,0.1413880657816448,0.1271911791580362,0.18722234176415262,-0.079953137576422,-0.06545352113795626,-0.17446870809142623,-0.13806695979181285,-0.09827599406277447,-0.13531196059266373,0.0,2,no_suppress
skip144,side=B_side|tfc=mid|phase=q1,50,O6_phase_only,-0.035882806706031486,0.14807525891052475,0.13733584448267844,0.12289808630019522,0.1388929175330415,0.12283281850227926,0.17062846651469057,0.15933660775659036,-0.025654420300212536,-0.05200637708121381,-0.09088224219532876,-0.0480605074629429,-0.09106816695579908,0.023964320770844583,0.0,2,no_suppress
skip144,side=A_side|tfc=mid|phase=q4,24,O7_suppress_event,-0.09452487987152837,0.10056531169198979,0.09681885655991057,0.13849800529347017,0.17526925256721906,0.1608538352293013,0.13555021496461842,0.1924445236934908,-0.22715018885288016,-0.24043815218640496,-0.11513320009723409,-0.03271959109205175,-0.06275913933556208,-0.1226630166213573,0.0,2,no_suppress
skip144,side=A_side|tfc=low|phase=q4,32,O3_A_C_boundary,0.1071921816844973,0.11104616887362706,0.17819655704442794,0.1903695746986391,0.14684894287931222,0.13910851600950871,0.12704184793162476,0.10738839256286009,0.011722882883356878,0.17725228310074834,0.20038032465479133,0.10953332580323492,0.09058077690477959,0.058822555370654464,0.0,2,no_suppress
skip144,side=A_side|tfc=high|phase=q1,22,O1_lag0_AB,0.17443593592533108,0.18906339588378976,0.13814553728345275,0.16803710456922988,0.10178023351487994,0.15013639966309472,0.16352108956516062,0.0893162395203923,0.262464671662161,0.15264354789369944,0.22120052173357588,0.045721406705520586,0.1817763104890508,0.2116655258564829,0.0,2,no_suppress
skip144,side=A_side|tfc=mid|phase=q1,20,O2_lag5_AB,0.06338214376612139,0.13760619877609115,0.17761630186213154,0.17408300162485008,0.10602141708363483,0.14050240656997634,0.14326847542190035,0.1209021986614157,0.045294910671129465,0.13462528550430314,0.127592592073894,-0.04596928755248102,0.052584935899501216,0.05940843206019344,0.0,2,no_suppress
skip144,side=B_side|tfc=low|phase=q4,48,O4_B_C_boundary,-0.005188806899859239,0.13871404898304535,0.153636370683264,0.10608169031074169,0.18408473077459747,0.1366562217419688,0.13414963601360214,0.14667730149278074,-0.019537116609269045,0.016223772317422065,-0.1134089198133659,0.07950641970640528,-0.024768276386763714,-0.03124767877164809,0.0,3,no_suppress
skip144,side=A_side|tfc=low|phase=q1,19,O6_phase_only,-0.023261633480554426,0.08375450529461613,0.15420884571120536,0.14002536477211333,0.11403762509294241,0.1734829462057047,0.17784773931901032,0.1566429736044077,-0.21912771946312212,-0.005481468167042039,-0.03925095270058678,-0.11110425328459735,0.035738548827243706,0.04443551870102696,0.0,3,no_suppress
skip144,side=A_side|tfc=high|phase=q4,30,O5_full_TFC,-0.01519741909527207,0.17291195134603385,0.11643941540961654,0.16263954726578525,0.13046550734843598,0.19626271137708,0.06549510818663162,0.15578575906641678,0.03650527620035722,-0.10188871899536059,0.015069131567271354,-0.06208049530091367,0.0808403406566556,-0.3032771939254129,0.0,3,no_suppress
skip144,side=B_side|tfc=high|phase=q1,39,O1_lag0_AB,-0.015397604457814656,0.20127150789847073,0.13586716475202187,0.1283743596178047,0.1205253136721066,0.12920802501699383,0.1332729364881636,0.15148069255443872,0.09946881251663589,-0.03807317369903655,-0.05792762327743116,-0.08000943023736276,-0.05566206533612761,-0.04482064841337949,0.0,3,no_suppress
skip144,side=B_side|tfc=high|phase=q4,33,O5_full_TFC,0.2653647293845551,0.18238736539282321,0.1380765907087899,0.08932376853210906,0.08436381286847702,0.34070262264774387,0.0866584325502721,0.07848740729978473,0.29511811392152254,0.19770461934229203,0.045265297729074144,0.02527012488687494,0.513825139485586,0.034662646704508915,0.0,3,no_suppress
skip144,side=B_side|tfc=low|phase=q1,44,O4_B_C_boundary,0.019495748595767567,0.09599041804587488,0.15017711627737723,0.12775257688276537,0.19106750037532186,0.11655585680776834,0.180032071212171,0.13842446039872122,-0.1281267365308909,0.028521712855866566,-0.028080277532429355,0.11280570215871015,-0.06018395210530519,0.091983585353715,0.0,3,no_suppress
skip144,side=B_side|tfc=mid|phase=q4,38,O6_phase_only,-0.04133903377283599,0.14397823150651895,0.15018238314642693,0.11833971286932758,0.1202381318507502,0.14058781767288117,0.16475245511574346,0.16192126783835162,-0.0411068343149659,-0.02634092053300159,-0.10974278181015787,-0.10417260266367918,-0.04944726001617037,0.006066850734712555,0.0,3,no_suppress
skip144,side=B_side|tfc=mid|phase=q1,52,O6_phase_only,0.019577563708640947,0.13780126106815693,0.13330495988612243,0.13424990953151228,0.15495776479322584,0.12611370334609714,0.17763318203288944,0.1359392193419958,0.004761624258859284,-0.006848952003464937,-0.0043766834048248006,0.045830653871563154,-0.02625838659526975,0.09362947287439358,0.0,3,no_suppress
skip144,side=A_side|tfc=mid|phase=q4,23,O7_suppress_event,-0.11176863202988901,0.11824619078334174,0.10515015941579911,0.13269745156740845,0.15262914027574626,0.15203570926230991,0.13885551058653373,0.20038583810886085,-0.18461655974637917,-0.22569934812834735,-0.14426053666711344,-0.09528177379608717,-0.09664524659375089,-0.12838377940267598,0.0,3,no_suppress
skip144,side=A_side|tfc=low|phase=q4,27,O2_lag5_AB,0.11363423644257466,0.1205376059524412,0.20609515622871752,0.14791932750083203,0.13637416402300112,0.13976666145658828,0.14398540196764606,0.1053216828707737,0.04722986579206205,0.2349615353511418,0.11887670464369204,0.0904340503510335,0.09903425528055457,0.10944241212385988,0.0,3,no_suppress
skip144,side=A_side|tfc=high|phase=q1,19,O1_lag0_AB,0.30935527612072017,0.22040186970298772,0.16340651599451517,0.1779458629168071,0.12832713781579277,0.1490330625953295,0.09816629187912806,0.06271925909543967,0.43987439908575854,0.33515037364110156,0.3649837800119875,0.25056997161471284,0.3029248652017714,0.15679801671302573,0.0,3,no_suppress
skip144,side=A_side|tfc=mid|phase=q1,22,O2_lag5_AB,0.017768001238771564,0.1352172498454497,0.16558299070752844,0.16381955474408175,0.11314572536961609,0.14621495719044394,0.13928780071792735,0.13673172142495268,-0.00389830879031096,0.0670081143750594,0.06326067227403792,-0.06627046134550729,0.02346997808652741,0.006482536600387082,0.0,3,no_suppress
skip144,side=B_side|tfc=low|phase=q4,39,O4_B_C_boundary,0.048386468740550276,0.1262314671375103,0.15076806686341032,0.12719671405455707,0.1737043124026043,0.1628464507745272,0.13384584146849574,0.12540714729889502,0.0022930739478727834,0.06446196832990884,0.004959218281277269,0.114026106980814,0.09143474006118925,0.02279307740839178,0.0,4,no_suppress
skip144,side=A_side|tfc=low|phase=q1,26,O3_A_C_boundary,0.030516350797645447,0.09123710043829954,0.1223824118207555,0.2229136324740076,0.15075960495637722,0.12728264406719642,0.15012156076070982,0.13530304548265387,-0.13791939931841818,-0.03512823249445957,0.174743573929392,0.03785932640484344,-0.02138741030774432,0.036374914426490476,0.0,4,no_suppress
skip144,side=A_side|tfc=high|phase=q4,27,O5_full_TFC,-0.031819561603845976,0.15930562207905233,0.11658800831208069,0.16365221301387697,0.11712333630442087,0.21611978048743732,0.062015909075690615,0.16519513072744127,-0.012706006930901095,-0.12196833658600724,-0.0032843516770563355,-0.1203649473683775,0.09404689267426924,-0.3429077524293839,0.0,4,no_suppress
skip144,side=B_side|tfc=high|phase=q1,36,O1_lag0_AB,0.04690112364103394,0.21052392426640157,0.13185322769155336,0.12649309578379123,0.14867087416179356,0.12843240284407847,0.12680694349496277,0.12721953175741896,0.17628978866318662,0.012521320649736479,-0.002004261971734762,0.05453727083629178,0.003320984571556077,-0.001136936759820813,0.0,4,no_suppress
skip144,side=B_side|tfc=high|phase=q4,41,O5_full_TFC,0.1051929665912153,0.18740773131197364,0.12895636386446072,0.10470747016065166,0.08707809602663488,0.27463640685386187,0.10236155355373946,0.11485237822867768,0.17137364595423024,0.04053925621940393,-0.032367010413134834,-0.09689479264435039,0.3051301504199749,-0.04029775667793778,0.0,4,no_suppress
skip144,side=B_side|tfc=low|phase=q1,42,O4_B_C_boundary,0.07265343569046173,0.08651930410347453,0.15143682205617404,0.1404401425342306,0.20645074215396916,0.12305397622430293,0.17225952128160094,0.11983949164624783,-0.11402500198497006,0.08190533540714834,0.05551983093611932,0.19036799926874895,0.009264434334182765,0.12699711727108523,0.0,4,no_suppress
skip144,side=B_side|tfc=mid|phase=q4,44,O6_phase_only,-0.05757995838916748,0.1211500000533859,0.14436793015146007,0.1313020728875764,0.1263874776220729,0.13645289005417952,0.17053649227869708,0.16980313695262805,-0.11816360514017701,-0.05679612283608937,-0.08999871282663424,-0.1033505692604947,-0.07653111230002103,0.001508344837514656,0.0,4,no_suppress
skip144,side=B_side|tfc=mid|phase=q1,47,O6_phase_only,-0.02961435633339178,0.1324537981530783,0.13134989544832554,0.12218705613761305,0.1585863120064063,0.12482412793376728,0.17383876490691583,0.15676004541389366,-0.05896883006012547,-0.06189804000842403,-0.08720710092324147,0.004053958059088787,-0.07973367254410062,0.03619418884164356,0.0,4,no_suppress
skip144,side=A_side|tfc=mid|phase=q4,24,O3_A_C_boundary,-0.033003423026966114,0.09296698653734067,0.10039643248725105,0.20497406707081184,0.15407151941150468,0.1681068609300143,0.11686724819357461,0.16261688536950292,-0.19570340689225577,-0.16879462745326138,0.08102025094091522,-0.018893045994236725,0.011620985730702619,-0.11562543229658702,0.0,4,no_suppress
skip144,side=A_side|tfc=low|phase=q4,27,O3_A_C_boundary,0.09956764836342047,0.10145038147609714,0.13861623863722225,0.21630709568925313,0.15181353537024092,0.13888407947485745,0.1424617841336562,0.11046688521867278,-0.029801088892098707,0.07944770645426485,0.23519416987725444,0.1112780312115284,0.08012334043494385,0.08902529561029612,0.0,4,no_suppress
skip144,side=A_side|tfc=high|phase=q1,24,O1_lag0_AB,0.16285266150482222,0.2070487847184007,0.15059918248772153,0.18472933073659098,0.0936399832736047,0.130500420870824,0.14025011138146634,0.09323218653139173,0.27925150027073237,0.16783510655139222,0.23932953293020184,0.0015275585068340962,0.11769920424492196,0.14291701460564052,0.0,4,no_suppress
skip144,side=A_side|tfc=mid|phase=q1,22,O3_A_C_boundary,-0.0438698377340703,0.12590606238862387,0.1435373778828961,0.16500147325943965,0.12432685490476143,0.1402082174440735,0.13821361845690583,0.16280639566329966,-0.0899589760633388,-0.04408819235236195,0.0046874325777703126,-0.09437669986617267,-0.05230160355622757,-0.057316451522013395,0.0,4,no_suppress
random_phase,side=B_side|tfc=high|phase=q1,40,O1_lag0_AB,0.024696043397598545,0.20460239889153942,0.1284745891545357,0.12923547126302276,0.1390160264993339,0.15911660211196774,0.10371027005523924,0.13584464202436114,0.1433448392326742,-0.019523265896535583,-0.01745652848351974,0.008077065614182347,0.055343884874143254,-0.09446876185956975,0.0,0,full
random_phase,side=A_side|tfc=high|phase=q4,33,O4_B_C_boundary,0.033667570197894486,0.15731421880484778,0.1500361520196214,0.1279154585590824,0.1787214387178025,0.17633310700637245,0.0761575749317752,0.13352204996049827,0.05739249825565929,0.040813376126724144,-0.01501397336093368,0.10204661353793078,0.0973378795293327,-0.1965117294790886,0.0,0,full
random_phase,side=A_side|tfc=low|phase=q4,30,O3_A_C_boundary,0.047496987348886986,0.11723044905111275,0.18308620859478608,0.18693807478740593,0.13235902146786893,0.13900189377319686,0.11435838590050547,0.12702596642512387,-0.02808745730343056,0.12794796053661808,0.13523505993994897,0.014394297563332444,0.03153361109697902,-0.036768995354586574,0.0,0,full
random_phase,side=A_side|tfc=high|phase=q1,25,O1_lag0_AB,0.10669585807906579,0.21048343533370528,0.1296581977871194,0.1801628340842183,0.10101149803277706,0.15606619443100267,0.11364547565194606,0.10897236467923119,0.23040942504785952,0.06083259878180053,0.1759683662541342,-0.026550986966115072,0.12571507392316553,0.014696298746368226,0.0,0,full
random_phase,side=B_side|tfc=high|phase=q4,39,O5_full_TFC,0.13604053498851237,0.1633211586130626,0.1056366981994472,0.14010284853332727,0.10933415111189423,0.22007950773828455,0.16102075532102356,0.10050488048296047,0.16992929527530115,0.017429840186269797,0.11625967392913607,0.02947087886066796,0.27432390703703463,0.16496444418072714,0.0,0,full
random_phase,side=B_side|tfc=low|phase=q1,37,O4_B_C_boundary,0.026473003007393858,0.08259792137808616,0.13124102446022914,0.1494554549381263,0.24469829236084867,0.09699074060090099,0.15516829820880437,0.13984826805300432,-0.18430073198471228,-0.0222328824143836,0.02325412351474281,0.19581378483486855,-0.12807988165982312,0.036383300629701604,0.0,0,full
random_phase,side=A_side|tfc=mid|phase=q4,23,O7_suppress_event,-0.07158624755820313,0.14793037214440372,0.07266443493645755,0.16197505120007383,0.14152469087501116,0.11671918469199638,0.17790213334417385,0.1812841328078834,-0.07116336162775076,-0.31997473661275383,-0.03941814677865913,-0.08665698974369304,-0.1541031365706039,-0.006591202984993461,0.0,0,full
random_phase,side=B_side|tfc=mid|phase=q1,41,O6_phase_only,-0.013818321417108452,0.12794186425536208,0.1474014108993228,0.14421361744136377,0.11179903031823178,0.13781470212759886,0.1808083703161136,0.15002100464200727,-0.05571976899943901,-0.00616551726754604,-0.013817881154428264,-0.10292534977103522,-0.02970284469910571,0.06533184967508503,0.0,0,full
random_phase,side=B_side|tfc=low|phase=q4,29,O1_lag0_AB,-0.04563745454539232,0.17895564204434689,0.17066304369193291,0.0958125783016794,0.13908552089174986,0.09343904865871576,0.15470200105586523,0.16734216535570998,0.023484074138610027,0.00687767399813288,-0.19517632286971284,-0.0647330629714956,-0.2039559455218023,-0.02748897132524922,0.0,0,full
random_phase,side=A_side|tfc=mid|phase=q1,23,O7_suppress_event,-0.11622632042303771,0.10608348718542544,0.17292883256474403,0.12518751247095408,0.0675418079854263,0.17272376778543616,0.14609071897652828,0.2094438730314857,-0.23808028833663197,-0.06705147991771139,-0.18012507844320477,-0.3960981537118538,-0.06746676787507433,-0.12607980095033186,0.0,0,full
random_phase,side=A_side|tfc=low|phase=q1,24,O4_B_C_boundary,0.020270868081293976,0.07454662180018642,0.13427658586103827,0.15534601387439623,0.23453292628505398,0.13027504807231868,0.12980036172866422,0.14122244237834217,-0.22361903450371468,-0.017652077281442163,0.03336155330345735,0.17754090754432947,-0.02824089904450716,-0.029518531596501894,0.0,0,full
random_phase,side=B_side|tfc=mid|phase=q4,39,O5_full_TFC,0.009835095695569517,0.11927870943022954,0.13552052036939916,0.14944589805334357,0.13081329990804122,0.1885130912206226,0.13617138100600223,0.14025710001236172,-0.05670501072727669,-0.012023933740466276,0.02221004600776476,-0.024397118195613195,0.10349160038956337,-0.01034702208112371,0.0,0,full
random_phase,side=B_side|tfc=low|phase=q4,41,O4_B_C_boundary,-0.008714027167613351,0.16088220054741645,0.14202907402756978,0.08814966288797697,0.162923573662715,0.14736014360730934,0.14999049430445036,0.14866485096256216,0.02764229073938085,-0.015981933346580494,-0.18293042791948666,0.032055368658388185,-0.003085216043239261,0.003107114767218713,0.0,1,full
random_phase,side=A_side|tfc=low|phase=q1,26,O4_B_C_boundary,-0.01908997930949873,0.10467394221636937,0.10796759472377283,0.149149890731417,0.22331999065892824,0.12171153830249634,0.13739759297096277,0.15577945039605334,-0.1391568573367616,-0.12831353295644157,-0.015221307169614846,0.12605755792213666,-0.08637559788224426,-0.04394682816280641,0.0,1,full
random_phase,side=A_side|tfc=high|phase=q4,33,O1_lag0_AB,-0.03388102376716677,0.1604075327302918,0.15107704024223612,0.1343888418432946,0.1594311255710904,0.1518592714989628,0.08246536266285674,0.1603708254512675,8.010233475484614e-05,-0.02089460999092052,-0.06186298651114098,-0.0020568724085893234,-0.01908709113147584,-0.23278865190191894,0.0,1,full
random_phase,side=B_side|tfc=high|phase=q1,45,O1_lag0_AB,0.1172246872160377,0.21766449330242238,0.14841182752062287,0.14283180977681356,0.1467063458951527,0.15586353432030622,0.08237601812682878,0.10614597105785357,0.25134886821781266,0.11731152845306587,0.10389839263596977,0.11326619835933079,0.13445796425504072,-0.08873230794632016,0.0,1,full
random_phase,side=B_side|tfc=high|phase=q4,42,O5_full_TFC,0.20769099387474402,0.14665826375960056,0.11233928385473674,0.15576173244349267,0.10636784362653798,0.25307271204951226,0.14215073560298302,0.08364942866313672,0.19651469135663935,0.10321115523614907,0.21759251016971223,0.0840940493234902,0.3874647873319741,0.18558869545946008,0.0,1,full
random_phase,side=B_side|tfc=low|phase=q1,38,O4_B_C_boundary,0.0839947092964449,0.08595735590467778,0.1454126269808802,0.18446619048043839,0.21801561510694106,0.10344782278374977,0.14523946914143424,0.11746091960187857,-0.10928902859977152,0.07471440384119994,0.15797618134617522,0.21646135350940646,-0.04446341243078362,0.07429737432870191,0.0,1,full
random_phase,side=B_side|tfc=mid|phase=q4,39,O6_phase_only,-0.021086325676119674,0.11840591907121299,0.16259984302129427,0.13485090136141625,0.10621981594742423,0.12125347299768457,0.20159109880106094,0.1550789487999067,-0.09443546734522698,0.016575264069816374,-0.0489176102102524,-0.132448278234387,-0.08611790657923694,0.09180746683770157,0.0,1,full
random_phase,side=B_side|tfc=mid|phase=q1,50,O7_suppress_event,-0.07154264202287353,0.15548634366546366,0.15065040301767307,0.11208734348709436,0.13196555189911785,0.11956965494110945,0.1530535378709047,0.1771871651186369,-0.04572704439157071,-0.05678563211039715,-0.16027486440204927,-0.10313299005480016,-0.13765763054456365,-0.05124658805978586,0.0,1,full
random_phase,side=A_side|tfc=mid|phase=q4,26,O7_suppress_event,-0.09060832480396432,0.13875018599342273,0.0835696869066355,0.18278690228785507,0.12590001845434337,0.10572633400991852,0.17135976326666033,0.1919071090811644,-0.1135177242387156,-0.2909657066962044,-0.017041654748155284,-0.1475331761599062,-0.20865510647578567,-0.039636178009797934,0.0,1,full
random_phase,side=A_side|tfc=low|phase=q4,24,O3_A_C_boundary,0.08325212270102712,0.07856843273648317,0.1887384208372129,0.2938671977853162,0.07539580588874131,0.10513403957397775,0.13243970948472483,0.1258563936935439,-0.16491003365744547,0.14182718036133504,0.2967952514460988,-0.17933645650284213,-0.06296689733671836,0.017845098160319466,0.0,1,full
random_phase,side=A_side|tfc=high|phase=q1,26,O1_lag0_AB,0.12008518154228426,0.20533790547237768,0.14510800127525483,0.1956304751749772,0.09942781296907116,0.15501021709468507,0.09360096133073896,0.10588462668289525,0.23180740369626707,0.1102948797033553,0.21485711631749432,-0.022021366765801773,0.13339933518167246,-0.04315829691826079,0.0,1,full
random_phase,side=A_side|tfc=mid|phase=q1,17,O5_full_TFC,-0.05958220713158867,0.16333327110788456,0.14243983291732598,0.1381699751232105,0.07854306875438768,0.1901928486047349,0.11230262510250445,0.175018378389952,-0.024184393210657885,-0.07208995583143221,-0.08274222486486406,-0.2804353534118292,0.02910164679789709,-0.15529281267775377,0.0,1,full
random_phase,side=B_side|tfc=low|phase=q4,43,O6_phase_only,0.009796676571884814,0.1621194328262716,0.12313185671233634,0.10017275790269144,0.1666991729722064,0.1382809170031292,0.16872503427791666,0.14087082830544842,0.04917148043156742,-0.04710565027244484,-0.11933147965062109,0.05892161428546738,-0.006494639429748869,0.06314945511177689,0.0,2,full
random_phase,side=A_side|tfc=low|phase=q1,25,O4_B_C_boundary,-0.05843683601759345,0.0863741942967174,0.10849484930678267,0.11892490418858885,0.1977960132831767,0.13909181053799138,0.1743600107222489,0.17495821766449404,-0.247050382298312,-0.1672455712154568,-0.1351192333895149,0.04294117606776757,-0.0802945383291167,-0.0011987501220602902,0.0,2,full
random_phase,side=A_side|tfc=high|phase=q4,25,O5_full_TFC,0.0984195180505468,0.10597077771923909,0.1346233110526847,0.11431893145906522,0.2150047959072901,0.23517431850836984,0.0793838145549944,0.11552405079835658,-0.030210378132940648,0.0535506473331284,-0.0036702937796507587,0.21741355794180306,0.24879689790984005,-0.13131448391107134,0.0,2,full
random_phase,side=B_side|tfc=high|phase=q1,40,O1_lag0_AB,0.08135925583440504,0.22230415761481515,0.13930818666063063,0.12107091593262354,0.16920156678324025,0.1455584296910482,0.0848101897269872,0.11774655359065499,0.22242922097093595,0.05885396491002231,0.009744697342272984,0.12689468521746275,0.07421509236191717,-0.11484156815080833,0.0,2,full
random_phase,side=B_side|tfc=high|phase=q4,41,O5_full_TFC,0.18581502921080442,0.1645482695479012,0.10707571619123746,0.11072442528150482,0.12703352296694045,0.27109894555219016,0.12953676832919742,0.08998235213102845,0.21125663838833647,0.06087292697401663,0.07260081346795953,0.1206931069145195,0.38600460615898297,0.12752292087248707,0.0,2,full
random_phase,side=B_side|tfc=low|phase=q1,39,O4_B_C_boundary,-0.007112039823604134,0.08000950970967427,0.14941864330411023,0.15402912241708328,0.18077531985194767,0.11869696352482666,0.16743916705558454,0.1496312741367735,-0.21911000874992026,-0.0004977149273951847,0.01013865850590391,0.06617829329587813,-0.08106013132291372,0.039356102846353304,0.0,2,full
random_phase,side=B_side|tfc=mid|phase=q4,36,O5_full_TFC,-0.026432268328301964,0.15621222809383195,0.1513554668967597,0.1120665466533802,0.10645646903904285,0.17690412136637237,0.14078179382699293,0.15622337412362,-2.497225284050127e-05,-0.011079499473428744,-0.11626790248182046,-0.13424274790937307,0.043512360543990575,-0.03642650841539725,0.0,2,full
random_phase,side=B_side|tfc=mid|phase=q1,50,O2_lag5_AB,-0.014820654483333206,0.15821752783028475,0.15949893611881627,0.11718587544169294,0.12509619513803807,0.1403444671694551,0.1497687674938635,0.14988823080784927,0.01892833466328354,0.021751577294444532,-0.08614498733109155,-0.06328241008477034,-0.023026502812584705,-0.00027906681537311464,0.0,2,full
random_phase,side=A_side|tfc=mid|phase=q4,24,O6_phase_only,-0.03801232547264066,0.09680983765082506,0.07040533149275635,0.1648928718557123,0.17034729950713068,0.1445612909597337,0.1867256272243059,0.16625774130953602,-0.1892767187418972,-0.3007445878472184,-0.002885134406429768,0.008505017026491046,-0.04894248317222022,0.04063537190937659,0.0,2,full
random_phase,side=A_side|tfc=low|phase=q4,32,O3_A_C_boundary,0.05866149681312124,0.1114234716778465,0.1826642383985934,0.21070181820718636,0.13146570967910937,0.13962107797722376,0.09938424773534052,0.1247394363247001,-0.03951116739463689,0.13349792836342528,0.1834759142480457,0.018381650850673732,0.03944679025697981,-0.07953169863432569,0.0,2,full
random_phase,side=A_side|tfc=high|phase=q1,22,O5_full_TFC,0.10213035616920885,0.18386527224966884,0.11831172260121565,0.14976273814914606,0.09768656586692788,0.18912380983294713,0.1516164032944163,0.1096334880056781,0.18097113931142397,0.02666299400908395,0.1091682972809316,-0.04038259038364032,0.19084065130541106,0.11347377760761153,0.0,2,full
random_phase,side=A_side|tfc=mid|phase=q1,20,O2_lag5_AB,-0.08371032453795735,0.14603160286315944,0.1938185047728999,0.11676993262614248,0.08388745628858517,0.155962144401631,0.11563495894708013,0.18789540010050193,-0.08822182925364433,0.010862863625250518,-0.1664879350537811,-0.28224326589735194,-0.06519523914327537,-0.1699064856964882,0.0,2,full
random_phase,side=B_side|tfc=low|phase=q4,48,O4_B_C_boundary,-0.002220436582515805,0.148710626960654,0.13910853350712424,0.09744397105089708,0.17296146074099425,0.1385564792431545,0.15770129437441763,0.14551763412275837,0.00759676424470269,-0.015764990828226688,-0.14035690166757656,0.060470033193400774,-0.01715673439052217,0.028141899021296962,0.0,3,full
random_phase,side=A_side|tfc=low|phase=q1,19,O6_phase_only,-0.020529721108622757,0.09750508462368353,0.11634157351684557,0.14295498652828187,0.1456367169623839,0.14718921706035926,0.19581176709946377,0.15456065420898202,-0.16123872679014906,-0.0994196488687424,-0.02731988069646122,-0.020814962792065184,-0.017103678629891587,0.08279852793190512,0.0,3,full
random_phase,side=A_side|tfc=high|phase=q4,30,O1_lag0_AB,0.017521077614072077,0.1913925934886562,0.1401938562792023,0.12397294267456194,0.15484637031338316,0.1901533074670936,0.05655751237240466,0.14288341740469823,0.1023042114204116,-0.006651008814181892,-0.049687994051688944,0.028141550947799236,0.10003055767749754,-0.32436984871460056,0.0,3,full
random_phase,side=B_side|tfc=high|phase=q1,39,O1_lag0_AB,0.1075811238522542,0.26077024633423224,0.11480332749321678,0.12806962479848888,0.1510638472036759,0.15405070344146563,0.07925242627384477,0.11198982445507576,0.295831103160043,0.008684359078476419,0.04695811599010632,0.10475309688314025,0.11160582204218371,-0.12101949522475394,0.0,3,full
random_phase,side=B_side|tfc=high|phase=q4,33,O5_full_TFC,0.21877885103204495,0.16595696674387803,0.10219956285982815,0.09245902828037092,0.13317138300606343,0.29118360014812267,0.13115575961881296,0.08387369934292375,0.23884575056423304,0.06916535933180633,0.03410873228010789,0.16181368162567408,0.43562466796841126,0.15647573673754328,0.0,3,full
random_phase,side=B_side|tfc=low|phase=q1,44,O4_B_C_boundary,0.03675901106063394,0.09809654739361508,0.16916248072795373,0.13811291711344933,0.20497207681601623,0.10240986700464662,0.15479803719425422,0.13244807375006482,-0.10508347542047652,0.08563415178060013,0.014658321350738163,0.15283908038642563,-0.09002266243543275,0.05457571317191091,0.0,3,full
random_phase,side=B_side|tfc=mid|phase=q4,38,O6_phase_only,0.01461041465487522,0.14660372449947962,0.1350160580160976,0.13754654361275756,0.10463628104330001,0.15276578609170804,0.18475735178654062,0.13867425495011662,0.019461925594555646,-0.00935689078163549,-0.002857867062124597,-0.09857307134670827,0.03387238587387429,0.10042048061639375,0.0,3,full
random_phase,side=B_side|tfc=mid|phase=q1,52,O6_phase_only,-0.05278992672455125,0.12981689841036392,0.15524225602437394,0.11616600212160948,0.13154474310542666,0.11063226829348141,0.1876626872548471,0.16893514478989746,-0.09218646457006274,-0.02958481530902734,-0.13107313160568848,-0.08755874299606335,-0.14815607778000717,0.036795938177752875,0.0,3,full
random_phase,side=A_side|tfc=mid|phase=q4,23,O7_suppress_event,-0.10404379438499685,0.14708886836656337,0.1146300037168369,0.17298289370302602,0.09752667056208339,0.11617127384162416,0.15411529251962416,0.19748499729024202,-0.10311898364010194,-0.19038356253591204,-0.046364468181144855,-0.24693785674059449,-0.18570895615291147,-0.08678657516572842,0.0,3,full
random_phase,side=A_side|tfc=low|phase=q4,27,O2_lag5_AB,0.06963729012641005,0.10319292852227696,0.2207711565826394,0.15646712028767132,0.11158616662337476,0.1798857514241593,0.1062570412136779,0.12183983534620023,-0.05813745999726199,0.20804676104042025,0.08754848784728056,-0.030768594470561246,0.13636510225492618,-0.04789619846803167,0.0,3,full
random_phase,side=A_side|tfc=high|phase=q1,19,O2_lag5_AB,0.2800237997463203,0.18927682934470288,0.21137133619938922,0.1905380368254626,0.07842339288129727,0.1854401690350561,0.0744402021409906,0.07051003357310122,0.345609470176188,0.3842515089043746,0.347933888096659,0.03722853454628015,0.3384420449369953,0.01898439458360282,0.0,3,full
random_phase,side=A_side|tfc=mid|phase=q1,22,O5_full_TFC,-0.0753241662477987,0.11647394473333743,0.16068530808645298,0.14635690443851113,0.06995075508475868,0.19786680679406451,0.1236962515501918,0.18497002931268347,-0.16188417371154531,-0.04926108745343304,-0.0819509665226743,-0.3403408093925961,0.023590106097864615,-0.1408276912163839,0.0,3,full
random_phase,side=B_side|tfc=low|phase=q4,39,O4_B_C_boundary,0.014068941027858571,0.14633920806254042,0.1135406100874799,0.11273434648273854,0.17321336535607154,0.14409113593466508,0.1711384199316607,0.13894291414484383,0.01815243872585687,-0.07066590584012085,-0.07316015849823818,0.07716135040767409,0.012733990028399797,0.07294334010993457,0.0,4,full
random_phase,side=A_side|tfc=low|phase=q1,26,O4_B_C_boundary,-0.0451913257984699,0.10188261875111898,0.10798960518583607,0.13972421858873876,0.2002433561258685,0.12362147671591109,0.15976505087670467,0.1667736737558219,-0.17248570227562768,-0.1521109352192927,-0.06193846176770869,0.06401351643116569,-0.10479467477546076,-0.01502666979015013,0.0,4,full
random_phase,side=A_side|tfc=high|phase=q4,27,O1_lag0_AB,0.04085897784558826,0.17919533249444722,0.1449985334753582,0.14034310732656596,0.167325160155976,0.1770033234269133,0.0584857363103706,0.1326488068103687,0.10526997891623331,0.031156490009683156,0.019734786916318407,0.08128186521691926,0.10096219815472741,-0.28662276466878395,0.0,4,full
random_phase,side=B_side|tfc=high|phase=q1,36,O4_B_C_boundary,0.05036110982000137,0.1777435755129355,0.14756158020527527,0.09494559291113572,0.19831320068052788,0.14823067592959333,0.10585534593329801,0.1273500288272343,0.11669087389936054,0.05155715382418,-0.10277239225559989,0.15501786116726063,0.053140588806556706,-0.06470307433803328,0.0,4,full
random_phase,side=B_side|tfc=high|phase=q4,41,O5_full_TFC,0.1214351752787222,0.171024375980264,0.11680566677323552,0.1269993713087728,0.10528913244307722,0.23055901126855374,0.14425921213479348,0.10506323009130329,0.1705353074868799,0.037082229048389224,0.06636692155201343,0.0007517467601897914,0.2750805692572428,0.11096729188179033,0.0,4,full
random_phase,side=B_side|tfc=low|phase=q1,42,O4_B_C_boundary,0.040868580141998505,0.09014807432230562,0.1624773101596908,0.16849926871019494,0.19028704868990903,0.09407252798036611,0.1631217525635309,0.13139401757400251,-0.13186144581897036,0.07431822495167355,0.08705579159418317,0.1296165982990102,-0.11694708117368297,0.0757037027475276,0.0,4,full
random_phase,side=B_side|tfc=mid|phase=q4,44,O6_phase_only,-0.007597745474163319,0.11423926133734555,0.1252821388250032,0.1502904958945654,0.1301808745900485,0.14217364996600768,0.19006095798414166,0.14777262140288788,-0.09008290123791367,-0.057787256118793213,0.005913358505855892,-0.04436247342563736,-0.013518943528985373,0.0880845355922522,0.0,4,full
random_phase,side=B_side|tfc=mid|phase=q1,47,O6_phase_only,-0.02002372332603333,0.12214680098936662,0.15065950739924022,0.11901519963175163,0.13606500826726542,0.1439762641535134,0.17567012202929888,0.15246709752956375,-0.07760382374595823,-0.004174256131949336,-0.08669416206913994,-0.03983561587951836,-0.020055127799820147,0.04958068878387281,0.0,4,full
random_phase,side=A_side|tfc=mid|phase=q4,24,O3_A_C_boundary,-0.07961222890009582,0.1313877212579905,0.08398490187666965,0.20346088873372375,0.10430392897096977,0.1482729034329235,0.14230948916947775,0.18628016655824509,-0.12218470462911808,-0.27881516919110644,0.03087769342501534,-0.20297997336440124,-0.07986905301830699,-0.09423666879016739,0.0,4,full
random_phase,side=A_side|tfc=low|phase=q4,27,O3_A_C_boundary,0.06251568988858194,0.09140540466502867,0.15325225931015068,0.19363488636847054,0.13212161958128965,0.17769729213256955,0.12929487932529887,0.12259365861719193,-0.10274974124923597,0.0781235067737122,0.15998467057827556,0.026196646301266058,0.12992216951891958,0.01862713438007837,0.0,4,full
random_phase,side=A_side|tfc=high|phase=q1,24,O3_A_C_boundary,0.23166879737969223,0.2136614668143528,0.13459265054421712,0.22516238899015767,0.09231115494636742,0.14220671044519456,0.11331746550393856,0.07874816275577179,0.34934825951409776,0.18759925316097825,0.3676984231831381,0.05561851476363935,0.206859365684582,0.12737842653627918,0.0,4,full
random_phase,side=A_side|tfc=mid|phase=q1,22,O7_suppress_event,-0.14315433776337882,0.10010652350720164,0.1331556591937467,0.16654172667935646,0.07163158203636551,0.16798827408505435,0.13346821044388438,0.22710802405439098,-0.28671682447788477,-0.1868674386001018,-0.10856296236442398,-0.40386140009987503,-0.10553606046372858,-0.18604685949887179,0.0,4,full
random_phase,side=B_side|tfc=high|phase=q1,40,O1_lag0_AB,0.024696043397598545,0.20460239889153942,0.1284745891545357,0.12923547126302276,0.1390160264993339,0.15911660211196774,0.10371027005523924,0.13584464202436114,0.1433448392326742,-0.019523265896535583,-0.01745652848351974,0.008077065614182347,0.055343884874143254,-0.09446876185956975,0.0,0,core_5
random_phase,side=A_side|tfc=high|phase=q4,33,O4_B_C_boundary,0.033667570197894486,0.15731421880484778,0.1500361520196214,0.1279154585590824,0.1787214387178025,0.17633310700637245,0.0761575749317752,0.13352204996049827,0.05739249825565929,0.040813376126724144,-0.01501397336093368,0.10204661353793078,0.0973378795293327,-0.1965117294790886,0.0,0,core_5
random_phase,side=A_side|tfc=low|phase=q4,30,O3_A_C_boundary,0.047496987348886986,0.11723044905111275,0.18308620859478608,0.18693807478740593,0.13235902146786893,0.13900189377319686,0.11435838590050547,0.12702596642512387,-0.02808745730343056,0.12794796053661808,0.13523505993994897,0.014394297563332444,0.03153361109697902,-0.036768995354586574,0.0,0,core_5
random_phase,side=A_side|tfc=high|phase=q1,25,O1_lag0_AB,0.10669585807906579,0.21048343533370528,0.1296581977871194,0.1801628340842183,0.10101149803277706,0.15606619443100267,0.11364547565194606,0.10897236467923119,0.23040942504785952,0.06083259878180053,0.1759683662541342,-0.026550986966115072,0.12571507392316553,0.014696298746368226,0.0,0,core_5
random_phase,side=B_side|tfc=high|phase=q4,39,O5_full_TFC,0.13604053498851237,0.1633211586130626,0.1056366981994472,0.14010284853332727,0.10933415111189423,0.22007950773828455,0.16102075532102356,0.10050488048296047,0.16992929527530115,0.017429840186269797,0.11625967392913607,0.02947087886066796,0.27432390703703463,0.16496444418072714,0.0,0,core_5
random_phase,side=B_side|tfc=low|phase=q1,37,O4_B_C_boundary,0.026473003007393858,0.08259792137808616,0.13124102446022914,0.1494554549381263,0.24469829236084867,0.09699074060090099,0.15516829820880437,0.13984826805300432,-0.18430073198471228,-0.0222328824143836,0.02325412351474281,0.19581378483486855,-0.12807988165982312,0.036383300629701604,0.0,0,core_5
random_phase,side=A_side|tfc=mid|phase=q4,23,O7_suppress_event,-0.07158624755820313,0.14793037214440372,0.07266443493645755,0.16197505120007383,0.14152469087501116,0.11671918469199638,0.17790213334417385,0.1812841328078834,-0.07116336162775076,-0.31997473661275383,-0.03941814677865913,-0.08665698974369304,-0.1541031365706039,-0.006591202984993461,0.0,0,core_5
random_phase,side=B_side|tfc=mid|phase=q1,41,O6_phase_only,-0.013818321417108452,0.12794186425536208,0.1474014108993228,0.14421361744136377,0.11179903031823178,0.13781470212759886,0.1808083703161136,0.15002100464200727,-0.05571976899943901,-0.00616551726754604,-0.013817881154428264,-0.10292534977103522,-0.02970284469910571,0.06533184967508503,0.0,0,core_5
random_phase,side=B_side|tfc=low|phase=q4,29,O1_lag0_AB,-0.04563745454539232,0.17895564204434689,0.17066304369193291,0.0958125783016794,0.13908552089174986,0.09343904865871576,0.15470200105586523,0.16734216535570998,0.023484074138610027,0.00687767399813288,-0.19517632286971284,-0.0647330629714956,-0.2039559455218023,-0.02748897132524922,0.0,0,core_5
random_phase,side=A_side|tfc=mid|phase=q1,23,O7_suppress_event,-0.11622632042303771,0.10608348718542544,0.17292883256474403,0.12518751247095408,0.0675418079854263,0.17272376778543616,0.14609071897652828,0.2094438730314857,-0.23808028833663197,-0.06705147991771139,-0.18012507844320477,-0.3960981537118538,-0.06746676787507433,-0.12607980095033186,0.0,0,core_5
random_phase,side=A_side|tfc=low|phase=q1,24,O4_B_C_boundary,0.020270868081293976,0.07454662180018642,0.13427658586103827,0.15534601387439623,0.23453292628505398,0.13027504807231868,0.12980036172866422,0.14122244237834217,-0.22361903450371468,-0.017652077281442163,0.03336155330345735,0.17754090754432947,-0.02824089904450716,-0.029518531596501894,0.0,0,core_5
random_phase,side=B_side|tfc=mid|phase=q4,39,O5_full_TFC,0.009835095695569517,0.11927870943022954,0.13552052036939916,0.14944589805334357,0.13081329990804122,0.1885130912206226,0.13617138100600223,0.14025710001236172,-0.05670501072727669,-0.012023933740466276,0.02221004600776476,-0.024397118195613195,0.10349160038956337,-0.01034702208112371,0.0,0,core_5
random_phase,side=B_side|tfc=low|phase=q4,41,O4_B_C_boundary,-0.008714027167613351,0.16088220054741645,0.14202907402756978,0.08814966288797697,0.162923573662715,0.14736014360730934,0.14999049430445036,0.14866485096256216,0.02764229073938085,-0.015981933346580494,-0.18293042791948666,0.032055368658388185,-0.003085216043239261,0.003107114767218713,0.0,1,core_5
random_phase,side=A_side|tfc=low|phase=q1,26,O4_B_C_boundary,-0.01908997930949873,0.10467394221636937,0.10796759472377283,0.149149890731417,0.22331999065892824,0.12171153830249634,0.13739759297096277,0.15577945039605334,-0.1391568573367616,-0.12831353295644157,-0.015221307169614846,0.12605755792213666,-0.08637559788224426,-0.04394682816280641,0.0,1,core_5
random_phase,side=A_side|tfc=high|phase=q4,33,O1_lag0_AB,-0.03388102376716677,0.1604075327302918,0.15107704024223612,0.1343888418432946,0.1594311255710904,0.1518592714989628,0.08246536266285674,0.1603708254512675,8.010233475484614e-05,-0.02089460999092052,-0.06186298651114098,-0.0020568724085893234,-0.01908709113147584,-0.23278865190191894,0.0,1,core_5
random_phase,side=B_side|tfc=high|phase=q1,45,O1_lag0_AB,0.1172246872160377,0.21766449330242238,0.14841182752062287,0.14283180977681356,0.1467063458951527,0.15586353432030622,0.08237601812682878,0.10614597105785357,0.25134886821781266,0.11731152845306587,0.10389839263596977,0.11326619835933079,0.13445796425504072,-0.08873230794632016,0.0,1,core_5
random_phase,side=B_side|tfc=high|phase=q4,42,O5_full_TFC,0.20769099387474402,0.14665826375960056,0.11233928385473674,0.15576173244349267,0.10636784362653798,0.25307271204951226,0.14215073560298302,0.08364942866313672,0.19651469135663935,0.10321115523614907,0.21759251016971223,0.0840940493234902,0.3874647873319741,0.18558869545946008,0.0,1,core_5
random_phase,side=B_side|tfc=low|phase=q1,38,O4_B_C_boundary,0.0839947092964449,0.08595735590467778,0.1454126269808802,0.18446619048043839,0.21801561510694106,0.10344782278374977,0.14523946914143424,0.11746091960187857,-0.10928902859977152,0.07471440384119994,0.15797618134617522,0.21646135350940646,-0.04446341243078362,0.07429737432870191,0.0,1,core_5
random_phase,side=B_side|tfc=mid|phase=q4,39,O6_phase_only,-0.021086325676119674,0.11840591907121299,0.16259984302129427,0.13485090136141625,0.10621981594742423,0.12125347299768457,0.20159109880106094,0.1550789487999067,-0.09443546734522698,0.016575264069816374,-0.0489176102102524,-0.132448278234387,-0.08611790657923694,0.09180746683770157,0.0,1,core_5
random_phase,side=B_side|tfc=mid|phase=q1,50,O7_suppress_event,-0.07154264202287353,0.15548634366546366,0.15065040301767307,0.11208734348709436,0.13196555189911785,0.11956965494110945,0.1530535378709047,0.1771871651186369,-0.04572704439157071,-0.05678563211039715,-0.16027486440204927,-0.10313299005480016,-0.13765763054456365,-0.05124658805978586,0.0,1,core_5
random_phase,side=A_side|tfc=mid|phase=q4,26,O7_suppress_event,-0.09060832480396432,0.13875018599342273,0.0835696869066355,0.18278690228785507,0.12590001845434337,0.10572633400991852,0.17135976326666033,0.1919071090811644,-0.1135177242387156,-0.2909657066962044,-0.017041654748155284,-0.1475331761599062,-0.20865510647578567,-0.039636178009797934,0.0,1,core_5
random_phase,side=A_side|tfc=low|phase=q4,24,O3_A_C_boundary,0.08325212270102712,0.07856843273648317,0.1887384208372129,0.2938671977853162,0.07539580588874131,0.10513403957397775,0.13243970948472483,0.1258563936935439,-0.16491003365744547,0.14182718036133504,0.2967952514460988,-0.17933645650284213,-0.06296689733671836,0.017845098160319466,0.0,1,core_5
random_phase,side=A_side|tfc=high|phase=q1,26,O1_lag0_AB,0.12008518154228426,0.20533790547237768,0.14510800127525483,0.1956304751749772,0.09942781296907116,0.15501021709468507,0.09360096133073896,0.10588462668289525,0.23180740369626707,0.1102948797033553,0.21485711631749432,-0.022021366765801773,0.13339933518167246,-0.04315829691826079,0.0,1,core_5
random_phase,side=A_side|tfc=mid|phase=q1,17,O5_full_TFC,-0.05958220713158867,0.16333327110788456,0.14243983291732598,0.1381699751232105,0.07854306875438768,0.1901928486047349,0.11230262510250445,0.175018378389952,-0.024184393210657885,-0.07208995583143221,-0.08274222486486406,-0.2804353534118292,0.02910164679789709,-0.15529281267775377,0.0,1,core_5
random_phase,side=B_side|tfc=low|phase=q4,43,O6_phase_only,0.009796676571884814,0.1621194328262716,0.12313185671233634,0.10017275790269144,0.1666991729722064,0.1382809170031292,0.16872503427791666,0.14087082830544842,0.04917148043156742,-0.04710565027244484,-0.11933147965062109,0.05892161428546738,-0.006494639429748869,0.06314945511177689,0.0,2,core_5
random_phase,side=A_side|tfc=low|phase=q1,25,O4_B_C_boundary,-0.05843683601759345,0.0863741942967174,0.10849484930678267,0.11892490418858885,0.1977960132831767,0.13909181053799138,0.1743600107222489,0.17495821766449404,-0.247050382298312,-0.1672455712154568,-0.1351192333895149,0.04294117606776757,-0.0802945383291167,-0.0011987501220602902,0.0,2,core_5
random_phase,side=A_side|tfc=high|phase=q4,25,O5_full_TFC,0.0984195180505468,0.10597077771923909,0.1346233110526847,0.11431893145906522,0.2150047959072901,0.23517431850836984,0.0793838145549944,0.11552405079835658,-0.030210378132940648,0.0535506473331284,-0.0036702937796507587,0.21741355794180306,0.24879689790984005,-0.13131448391107134,0.0,2,core_5
random_phase,side=B_side|tfc=high|phase=q1,40,O1_lag0_AB,0.08135925583440504,0.22230415761481515,0.13930818666063063,0.12107091593262354,0.16920156678324025,0.1455584296910482,0.0848101897269872,0.11774655359065499,0.22242922097093595,0.05885396491002231,0.009744697342272984,0.12689468521746275,0.07421509236191717,-0.11484156815080833,0.0,2,core_5
random_phase,side=B_side|tfc=high|phase=q4,41,O5_full_TFC,0.18581502921080442,0.1645482695479012,0.10707571619123746,0.11072442528150482,0.12703352296694045,0.27109894555219016,0.12953676832919742,0.08998235213102845,0.21125663838833647,0.06087292697401663,0.07260081346795953,0.1206931069145195,0.38600460615898297,0.12752292087248707,0.0,2,core_5
random_phase,side=B_side|tfc=low|phase=q1,39,O4_B_C_boundary,-0.007112039823604134,0.08000950970967427,0.14941864330411023,0.15402912241708328,0.18077531985194767,0.11869696352482666,0.16743916705558454,0.1496312741367735,-0.21911000874992026,-0.0004977149273951847,0.01013865850590391,0.06617829329587813,-0.08106013132291372,0.039356102846353304,0.0,2,core_5
random_phase,side=B_side|tfc=mid|phase=q4,36,O5_full_TFC,-0.026432268328301964,0.15621222809383195,0.1513554668967597,0.1120665466533802,0.10645646903904285,0.17690412136637237,0.14078179382699293,0.15622337412362,-2.497225284050127e-05,-0.011079499473428744,-0.11626790248182046,-0.13424274790937307,0.043512360543990575,-0.03642650841539725,0.0,2,core_5
random_phase,side=B_side|tfc=mid|phase=q1,50,O2_lag5_AB,-0.014820654483333206,0.15821752783028475,0.15949893611881627,0.11718587544169294,0.12509619513803807,0.1403444671694551,0.1497687674938635,0.14988823080784927,0.01892833466328354,0.021751577294444532,-0.08614498733109155,-0.06328241008477034,-0.023026502812584705,-0.00027906681537311464,0.0,2,core_5
random_phase,side=A_side|tfc=mid|phase=q4,24,O6_phase_only,-0.03801232547264066,0.09680983765082506,0.07040533149275635,0.1648928718557123,0.17034729950713068,0.1445612909597337,0.1867256272243059,0.16625774130953602,-0.1892767187418972,-0.3007445878472184,-0.002885134406429768,0.008505017026491046,-0.04894248317222022,0.04063537190937659,0.0,2,core_5
random_phase,side=A_side|tfc=low|phase=q4,32,O3_A_C_boundary,0.05866149681312124,0.1114234716778465,0.1826642383985934,0.21070181820718636,0.13146570967910937,0.13962107797722376,0.09938424773534052,0.1247394363247001,-0.03951116739463689,0.13349792836342528,0.1834759142480457,0.018381650850673732,0.03944679025697981,-0.07953169863432569,0.0,2,core_5
random_phase,side=A_side|tfc=high|phase=q1,22,O5_full_TFC,0.10213035616920885,0.18386527224966884,0.11831172260121565,0.14976273814914606,0.09768656586692788,0.18912380983294713,0.1516164032944163,0.1096334880056781,0.18097113931142397,0.02666299400908395,0.1091682972809316,-0.04038259038364032,0.19084065130541106,0.11347377760761153,0.0,2,core_5
random_phase,side=A_side|tfc=mid|phase=q1,20,O2_lag5_AB,-0.08371032453795735,0.14603160286315944,0.1938185047728999,0.11676993262614248,0.08388745628858517,0.155962144401631,0.11563495894708013,0.18789540010050193,-0.08822182925364433,0.010862863625250518,-0.1664879350537811,-0.28224326589735194,-0.06519523914327537,-0.1699064856964882,0.0,2,core_5
random_phase,side=B_side|tfc=low|phase=q4,48,O4_B_C_boundary,-0.002220436582515805,0.148710626960654,0.13910853350712424,0.09744397105089708,0.17296146074099425,0.1385564792431545,0.15770129437441763,0.14551763412275837,0.00759676424470269,-0.015764990828226688,-0.14035690166757656,0.060470033193400774,-0.01715673439052217,0.028141899021296962,0.0,3,core_5
random_phase,side=A_side|tfc=low|phase=q1,19,O6_phase_only,-0.020529721108622757,0.09750508462368353,0.11634157351684557,0.14295498652828187,0.1456367169623839,0.14718921706035926,0.19581176709946377,0.15456065420898202,-0.16123872679014906,-0.0994196488687424,-0.02731988069646122,-0.020814962792065184,-0.017103678629891587,0.08279852793190512,0.0,3,core_5
random_phase,side=A_side|tfc=high|phase=q4,30,O1_lag0_AB,0.017521077614072077,0.1913925934886562,0.1401938562792023,0.12397294267456194,0.15484637031338316,0.1901533074670936,0.05655751237240466,0.14288341740469823,0.1023042114204116,-0.006651008814181892,-0.049687994051688944,0.028141550947799236,0.10003055767749754,-0.32436984871460056,0.0,3,core_5
random_phase,side=B_side|tfc=high|phase=q1,39,O1_lag0_AB,0.1075811238522542,0.26077024633423224,0.11480332749321678,0.12806962479848888,0.1510638472036759,0.15405070344146563,0.07925242627384477,0.11198982445507576,0.295831103160043,0.008684359078476419,0.04695811599010632,0.10475309688314025,0.11160582204218371,-0.12101949522475394,0.0,3,core_5
random_phase,side=B_side|tfc=high|phase=q4,33,O5_full_TFC,0.21877885103204495,0.16595696674387803,0.10219956285982815,0.09245902828037092,0.13317138300606343,0.29118360014812267,0.13115575961881296,0.08387369934292375,0.23884575056423304,0.06916535933180633,0.03410873228010789,0.16181368162567408,0.43562466796841126,0.15647573673754328,0.0,3,core_5
random_phase,side=B_side|tfc=low|phase=q1,44,O4_B_C_boundary,0.03675901106063394,0.09809654739361508,0.16916248072795373,0.13811291711344933,0.20497207681601623,0.10240986700464662,0.15479803719425422,0.13244807375006482,-0.10508347542047652,0.08563415178060013,0.014658321350738163,0.15283908038642563,-0.09002266243543275,0.05457571317191091,0.0,3,core_5
random_phase,side=B_side|tfc=mid|phase=q4,38,O6_phase_only,0.01461041465487522,0.14660372449947962,0.1350160580160976,0.13754654361275756,0.10463628104330001,0.15276578609170804,0.18475735178654062,0.13867425495011662,0.019461925594555646,-0.00935689078163549,-0.002857867062124597,-0.09857307134670827,0.03387238587387429,0.10042048061639375,0.0,3,core_5
random_phase,side=B_side|tfc=mid|phase=q1,52,O6_phase_only,-0.05278992672455125,0.12981689841036392,0.15524225602437394,0.11616600212160948,0.13154474310542666,0.11063226829348141,0.1876626872548471,0.16893514478989746,-0.09218646457006274,-0.02958481530902734,-0.13107313160568848,-0.08755874299606335,-0.14815607778000717,0.036795938177752875,0.0,3,core_5
random_phase,side=A_side|tfc=mid|phase=q4,23,O7_suppress_event,-0.10404379438499685,0.14708886836656337,0.1146300037168369,0.17298289370302602,0.09752667056208339,0.11617127384162416,0.15411529251962416,0.19748499729024202,-0.10311898364010194,-0.19038356253591204,-0.046364468181144855,-0.24693785674059449,-0.18570895615291147,-0.08678657516572842,0.0,3,core_5
random_phase,side=A_side|tfc=low|phase=q4,27,O2_lag5_AB,0.06963729012641005,0.10319292852227696,0.2207711565826394,0.15646712028767132,0.11158616662337476,0.1798857514241593,0.1062570412136779,0.12183983534620023,-0.05813745999726199,0.20804676104042025,0.08754848784728056,-0.030768594470561246,0.13636510225492618,-0.04789619846803167,0.0,3,core_5
random_phase,side=A_side|tfc=high|phase=q1,19,O2_lag5_AB,0.2800237997463203,0.18927682934470288,0.21137133619938922,0.1905380368254626,0.07842339288129727,0.1854401690350561,0.0744402021409906,0.07051003357310122,0.345609470176188,0.3842515089043746,0.347933888096659,0.03722853454628015,0.3384420449369953,0.01898439458360282,0.0,3,core_5
random_phase,side=A_side|tfc=mid|phase=q1,22,O5_full_TFC,-0.0753241662477987,0.11647394473333743,0.16068530808645298,0.14635690443851113,0.06995075508475868,0.19786680679406451,0.1236962515501918,0.18497002931268347,-0.16188417371154531,-0.04926108745343304,-0.0819509665226743,-0.3403408093925961,0.023590106097864615,-0.1408276912163839,0.0,3,core_5
random_phase,side=B_side|tfc=low|phase=q4,39,O4_B_C_boundary,0.014068941027858571,0.14633920806254042,0.1135406100874799,0.11273434648273854,0.17321336535607154,0.14409113593466508,0.1711384199316607,0.13894291414484383,0.01815243872585687,-0.07066590584012085,-0.07316015849823818,0.07716135040767409,0.012733990028399797,0.07294334010993457,0.0,4,core_5
random_phase,side=A_side|tfc=low|phase=q1,26,O4_B_C_boundary,-0.0451913257984699,0.10188261875111898,0.10798960518583607,0.13972421858873876,0.2002433561258685,0.12362147671591109,0.15976505087670467,0.1667736737558219,-0.17248570227562768,-0.1521109352192927,-0.06193846176770869,0.06401351643116569,-0.10479467477546076,-0.01502666979015013,0.0,4,core_5
random_phase,side=A_side|tfc=high|phase=q4,27,O1_lag0_AB,0.04085897784558826,0.17919533249444722,0.1449985334753582,0.14034310732656596,0.167325160155976,0.1770033234269133,0.0584857363103706,0.1326488068103687,0.10526997891623331,0.031156490009683156,0.019734786916318407,0.08128186521691926,0.10096219815472741,-0.28662276466878395,0.0,4,core_5
random_phase,side=B_side|tfc=high|phase=q1,36,O4_B_C_boundary,0.05036110982000137,0.1777435755129355,0.14756158020527527,0.09494559291113572,0.19831320068052788,0.14823067592959333,0.10585534593329801,0.1273500288272343,0.11669087389936054,0.05155715382418,-0.10277239225559989,0.15501786116726063,0.053140588806556706,-0.06470307433803328,0.0,4,core_5
random_phase,side=B_side|tfc=high|phase=q4,41,O5_full_TFC,0.1214351752787222,0.171024375980264,0.11680566677323552,0.1269993713087728,0.10528913244307722,0.23055901126855374,0.14425921213479348,0.10506323009130329,0.1705353074868799,0.037082229048389224,0.06636692155201343,0.0007517467601897914,0.2750805692572428,0.11096729188179033,0.0,4,core_5
random_phase,side=B_side|tfc=low|phase=q1,42,O4_B_C_boundary,0.040868580141998505,0.09014807432230562,0.1624773101596908,0.16849926871019494,0.19028704868990903,0.09407252798036611,0.1631217525635309,0.13139401757400251,-0.13186144581897036,0.07431822495167355,0.08705579159418317,0.1296165982990102,-0.11694708117368297,0.0757037027475276,0.0,4,core_5
random_phase,side=B_side|tfc=mid|phase=q4,44,O6_phase_only,-0.007597745474163319,0.11423926133734555,0.1252821388250032,0.1502904958945654,0.1301808745900485,0.14217364996600768,0.19006095798414166,0.14777262140288788,-0.09008290123791367,-0.057787256118793213,0.005913358505855892,-0.04436247342563736,-0.013518943528985373,0.0880845355922522,0.0,4,core_5
random_phase,side=B_side|tfc=mid|phase=q1,47,O6_phase_only,-0.02002372332603333,0.12214680098936662,0.15065950739924022,0.11901519963175163,0.13606500826726542,0.1439762641535134,0.17567012202929888,0.15246709752956375,-0.07760382374595823,-0.004174256131949336,-0.08669416206913994,-0.03983561587951836,-0.020055127799820147,0.04958068878387281,0.0,4,core_5
random_phase,side=A_side|tfc=mid|phase=q4,24,O3_A_C_boundary,-0.07961222890009582,0.1313877212579905,0.08398490187666965,0.20346088873372375,0.10430392897096977,0.1482729034329235,0.14230948916947775,0.18628016655824509,-0.12218470462911808,-0.27881516919110644,0.03087769342501534,-0.20297997336440124,-0.07986905301830699,-0.09423666879016739,0.0,4,core_5
random_phase,side=A_side|tfc=low|phase=q4,27,O3_A_C_boundary,0.06251568988858194,0.09140540466502867,0.15325225931015068,0.19363488636847054,0.13212161958128965,0.17769729213256955,0.12929487932529887,0.12259365861719193,-0.10274974124923597,0.0781235067737122,0.15998467057827556,0.026196646301266058,0.12992216951891958,0.01862713438007837,0.0,4,core_5
random_phase,side=A_side|tfc=high|phase=q1,24,O3_A_C_boundary,0.23166879737969223,0.2136614668143528,0.13459265054421712,0.22516238899015767,0.09231115494636742,0.14220671044519456,0.11331746550393856,0.07874816275577179,0.34934825951409776,0.18759925316097825,0.3676984231831381,0.05561851476363935,0.206859365684582,0.12737842653627918,0.0,4,core_5
random_phase,side=A_side|tfc=mid|phase=q1,22,O7_suppress_event,-0.14315433776337882,0.10010652350720164,0.1331556591937467,0.16654172667935646,0.07163158203636551,0.16798827408505435,0.13346821044388438,0.22710802405439098,-0.28671682447788477,-0.1868674386001018,-0.10856296236442398,-0.40386140009987503,-0.10553606046372858,-0.18604685949887179,0.0,4,core_5
random_phase,side=B_side|tfc=high|phase=q1,40,O1_lag0_AB,0.024696043397598545,0.20460239889153942,0.1284745891545357,0.12923547126302276,0.1390160264993339,0.15911660211196774,0.10371027005523924,0.13584464202436114,0.1433448392326742,-0.019523265896535583,-0.01745652848351974,0.008077065614182347,0.055343884874143254,-0.09446876185956975,0.0,0,no_phase_only
random_phase,side=A_side|tfc=high|phase=q4,33,O4_B_C_boundary,0.033667570197894486,0.15731421880484778,0.1500361520196214,0.1279154585590824,0.1787214387178025,0.17633310700637245,0.0761575749317752,0.13352204996049827,0.05739249825565929,0.040813376126724144,-0.01501397336093368,0.10204661353793078,0.0973378795293327,-0.1965117294790886,0.0,0,no_phase_only
random_phase,side=A_side|tfc=low|phase=q4,30,O3_A_C_boundary,0.047496987348886986,0.11723044905111275,0.18308620859478608,0.18693807478740593,0.13235902146786893,0.13900189377319686,0.11435838590050547,0.12702596642512387,-0.02808745730343056,0.12794796053661808,0.13523505993994897,0.014394297563332444,0.03153361109697902,-0.036768995354586574,0.0,0,no_phase_only
random_phase,side=A_side|tfc=high|phase=q1,25,O1_lag0_AB,0.10669585807906579,0.21048343533370528,0.1296581977871194,0.1801628340842183,0.10101149803277706,0.15606619443100267,0.11364547565194606,0.10897236467923119,0.23040942504785952,0.06083259878180053,0.1759683662541342,-0.026550986966115072,0.12571507392316553,0.014696298746368226,0.0,0,no_phase_only
random_phase,side=B_side|tfc=high|phase=q4,39,O5_full_TFC,0.13604053498851237,0.1633211586130626,0.1056366981994472,0.14010284853332727,0.10933415111189423,0.22007950773828455,0.16102075532102356,0.10050488048296047,0.16992929527530115,0.017429840186269797,0.11625967392913607,0.02947087886066796,0.27432390703703463,0.16496444418072714,0.0,0,no_phase_only
random_phase,side=B_side|tfc=low|phase=q1,37,O4_B_C_boundary,0.026473003007393858,0.08259792137808616,0.13124102446022914,0.1494554549381263,0.24469829236084867,0.09699074060090099,0.15516829820880437,0.13984826805300432,-0.18430073198471228,-0.0222328824143836,0.02325412351474281,0.19581378483486855,-0.12807988165982312,0.036383300629701604,0.0,0,no_phase_only
random_phase,side=A_side|tfc=mid|phase=q4,23,O7_suppress_event,-0.07158624755820313,0.14793037214440372,0.07266443493645755,0.16197505120007383,0.14152469087501116,0.11671918469199638,0.17790213334417385,0.1812841328078834,-0.07116336162775076,-0.31997473661275383,-0.03941814677865913,-0.08665698974369304,-0.1541031365706039,-0.006591202984993461,0.0,0,no_phase_only
random_phase,side=B_side|tfc=mid|phase=q1,41,O6_phase_only,-0.013818321417108452,0.12794186425536208,0.1474014108993228,0.14421361744136377,0.11179903031823178,0.13781470212759886,0.1808083703161136,0.15002100464200727,-0.05571976899943901,-0.00616551726754604,-0.013817881154428264,-0.10292534977103522,-0.02970284469910571,0.06533184967508503,0.0,0,no_phase_only
random_phase,side=B_side|tfc=low|phase=q4,29,O1_lag0_AB,-0.04563745454539232,0.17895564204434689,0.17066304369193291,0.0958125783016794,0.13908552089174986,0.09343904865871576,0.15470200105586523,0.16734216535570998,0.023484074138610027,0.00687767399813288,-0.19517632286971284,-0.0647330629714956,-0.2039559455218023,-0.02748897132524922,0.0,0,no_phase_only
random_phase,side=A_side|tfc=mid|phase=q1,23,O7_suppress_event,-0.11622632042303771,0.10608348718542544,0.17292883256474403,0.12518751247095408,0.0675418079854263,0.17272376778543616,0.14609071897652828,0.2094438730314857,-0.23808028833663197,-0.06705147991771139,-0.18012507844320477,-0.3960981537118538,-0.06746676787507433,-0.12607980095033186,0.0,0,no_phase_only
random_phase,side=A_side|tfc=low|phase=q1,24,O4_B_C_boundary,0.020270868081293976,0.07454662180018642,0.13427658586103827,0.15534601387439623,0.23453292628505398,0.13027504807231868,0.12980036172866422,0.14122244237834217,-0.22361903450371468,-0.017652077281442163,0.03336155330345735,0.17754090754432947,-0.02824089904450716,-0.029518531596501894,0.0,0,no_phase_only
random_phase,side=B_side|tfc=mid|phase=q4,39,O5_full_TFC,0.009835095695569517,0.11927870943022954,0.13552052036939916,0.14944589805334357,0.13081329990804122,0.1885130912206226,0.13617138100600223,0.14025710001236172,-0.05670501072727669,-0.012023933740466276,0.02221004600776476,-0.024397118195613195,0.10349160038956337,-0.01034702208112371,0.0,0,no_phase_only
random_phase,side=B_side|tfc=low|phase=q4,41,O4_B_C_boundary,-0.008714027167613351,0.16088220054741645,0.14202907402756978,0.08814966288797697,0.162923573662715,0.14736014360730934,0.14999049430445036,0.14866485096256216,0.02764229073938085,-0.015981933346580494,-0.18293042791948666,0.032055368658388185,-0.003085216043239261,0.003107114767218713,0.0,1,no_phase_only
random_phase,side=A_side|tfc=low|phase=q1,26,O4_B_C_boundary,-0.01908997930949873,0.10467394221636937,0.10796759472377283,0.149149890731417,0.22331999065892824,0.12171153830249634,0.13739759297096277,0.15577945039605334,-0.1391568573367616,-0.12831353295644157,-0.015221307169614846,0.12605755792213666,-0.08637559788224426,-0.04394682816280641,0.0,1,no_phase_only
random_phase,side=A_side|tfc=high|phase=q4,33,O1_lag0_AB,-0.03388102376716677,0.1604075327302918,0.15107704024223612,0.1343888418432946,0.1594311255710904,0.1518592714989628,0.08246536266285674,0.1603708254512675,8.010233475484614e-05,-0.02089460999092052,-0.06186298651114098,-0.0020568724085893234,-0.01908709113147584,-0.23278865190191894,0.0,1,no_phase_only
random_phase,side=B_side|tfc=high|phase=q1,45,O1_lag0_AB,0.1172246872160377,0.21766449330242238,0.14841182752062287,0.14283180977681356,0.1467063458951527,0.15586353432030622,0.08237601812682878,0.10614597105785357,0.25134886821781266,0.11731152845306587,0.10389839263596977,0.11326619835933079,0.13445796425504072,-0.08873230794632016,0.0,1,no_phase_only
random_phase,side=B_side|tfc=high|phase=q4,42,O5_full_TFC,0.20769099387474402,0.14665826375960056,0.11233928385473674,0.15576173244349267,0.10636784362653798,0.25307271204951226,0.14215073560298302,0.08364942866313672,0.19651469135663935,0.10321115523614907,0.21759251016971223,0.0840940493234902,0.3874647873319741,0.18558869545946008,0.0,1,no_phase_only
random_phase,side=B_side|tfc=low|phase=q1,38,O4_B_C_boundary,0.0839947092964449,0.08595735590467778,0.1454126269808802,0.18446619048043839,0.21801561510694106,0.10344782278374977,0.14523946914143424,0.11746091960187857,-0.10928902859977152,0.07471440384119994,0.15797618134617522,0.21646135350940646,-0.04446341243078362,0.07429737432870191,0.0,1,no_phase_only
random_phase,side=B_side|tfc=mid|phase=q4,39,O6_phase_only,-0.021086325676119674,0.11840591907121299,0.16259984302129427,0.13485090136141625,0.10621981594742423,0.12125347299768457,0.20159109880106094,0.1550789487999067,-0.09443546734522698,0.016575264069816374,-0.0489176102102524,-0.132448278234387,-0.08611790657923694,0.09180746683770157,0.0,1,no_phase_only
random_phase,side=B_side|tfc=mid|phase=q1,50,O7_suppress_event,-0.07154264202287353,0.15548634366546366,0.15065040301767307,0.11208734348709436,0.13196555189911785,0.11956965494110945,0.1530535378709047,0.1771871651186369,-0.04572704439157071,-0.05678563211039715,-0.16027486440204927,-0.10313299005480016,-0.13765763054456365,-0.05124658805978586,0.0,1,no_phase_only
random_phase,side=A_side|tfc=mid|phase=q4,26,O7_suppress_event,-0.09060832480396432,0.13875018599342273,0.0835696869066355,0.18278690228785507,0.12590001845434337,0.10572633400991852,0.17135976326666033,0.1919071090811644,-0.1135177242387156,-0.2909657066962044,-0.017041654748155284,-0.1475331761599062,-0.20865510647578567,-0.039636178009797934,0.0,1,no_phase_only
random_phase,side=A_side|tfc=low|phase=q4,24,O3_A_C_boundary,0.08325212270102712,0.07856843273648317,0.1887384208372129,0.2938671977853162,0.07539580588874131,0.10513403957397775,0.13243970948472483,0.1258563936935439,-0.16491003365744547,0.14182718036133504,0.2967952514460988,-0.17933645650284213,-0.06296689733671836,0.017845098160319466,0.0,1,no_phase_only
random_phase,side=A_side|tfc=high|phase=q1,26,O1_lag0_AB,0.12008518154228426,0.20533790547237768,0.14510800127525483,0.1956304751749772,0.09942781296907116,0.15501021709468507,0.09360096133073896,0.10588462668289525,0.23180740369626707,0.1102948797033553,0.21485711631749432,-0.022021366765801773,0.13339933518167246,-0.04315829691826079,0.0,1,no_phase_only
random_phase,side=A_side|tfc=mid|phase=q1,17,O5_full_TFC,-0.05958220713158867,0.16333327110788456,0.14243983291732598,0.1381699751232105,0.07854306875438768,0.1901928486047349,0.11230262510250445,0.175018378389952,-0.024184393210657885,-0.07208995583143221,-0.08274222486486406,-0.2804353534118292,0.02910164679789709,-0.15529281267775377,0.0,1,no_phase_only
random_phase,side=B_side|tfc=low|phase=q4,43,O6_phase_only,0.009796676571884814,0.1621194328262716,0.12313185671233634,0.10017275790269144,0.1666991729722064,0.1382809170031292,0.16872503427791666,0.14087082830544842,0.04917148043156742,-0.04710565027244484,-0.11933147965062109,0.05892161428546738,-0.006494639429748869,0.06314945511177689,0.0,2,no_phase_only
random_phase,side=A_side|tfc=low|phase=q1,25,O4_B_C_boundary,-0.05843683601759345,0.0863741942967174,0.10849484930678267,0.11892490418858885,0.1977960132831767,0.13909181053799138,0.1743600107222489,0.17495821766449404,-0.247050382298312,-0.1672455712154568,-0.1351192333895149,0.04294117606776757,-0.0802945383291167,-0.0011987501220602902,0.0,2,no_phase_only
random_phase,side=A_side|tfc=high|phase=q4,25,O5_full_TFC,0.0984195180505468,0.10597077771923909,0.1346233110526847,0.11431893145906522,0.2150047959072901,0.23517431850836984,0.0793838145549944,0.11552405079835658,-0.030210378132940648,0.0535506473331284,-0.0036702937796507587,0.21741355794180306,0.24879689790984005,-0.13131448391107134,0.0,2,no_phase_only
random_phase,side=B_side|tfc=high|phase=q1,40,O1_lag0_AB,0.08135925583440504,0.22230415761481515,0.13930818666063063,0.12107091593262354,0.16920156678324025,0.1455584296910482,0.0848101897269872,0.11774655359065499,0.22242922097093595,0.05885396491002231,0.009744697342272984,0.12689468521746275,0.07421509236191717,-0.11484156815080833,0.0,2,no_phase_only
random_phase,side=B_side|tfc=high|phase=q4,41,O5_full_TFC,0.18581502921080442,0.1645482695479012,0.10707571619123746,0.11072442528150482,0.12703352296694045,0.27109894555219016,0.12953676832919742,0.08998235213102845,0.21125663838833647,0.06087292697401663,0.07260081346795953,0.1206931069145195,0.38600460615898297,0.12752292087248707,0.0,2,no_phase_only
random_phase,side=B_side|tfc=low|phase=q1,39,O4_B_C_boundary,-0.007112039823604134,0.08000950970967427,0.14941864330411023,0.15402912241708328,0.18077531985194767,0.11869696352482666,0.16743916705558454,0.1496312741367735,-0.21911000874992026,-0.0004977149273951847,0.01013865850590391,0.06617829329587813,-0.08106013132291372,0.039356102846353304,0.0,2,no_phase_only
random_phase,side=B_side|tfc=mid|phase=q4,36,O5_full_TFC,-0.026432268328301964,0.15621222809383195,0.1513554668967597,0.1120665466533802,0.10645646903904285,0.17690412136637237,0.14078179382699293,0.15622337412362,-2.497225284050127e-05,-0.011079499473428744,-0.11626790248182046,-0.13424274790937307,0.043512360543990575,-0.03642650841539725,0.0,2,no_phase_only
random_phase,side=B_side|tfc=mid|phase=q1,50,O2_lag5_AB,-0.014820654483333206,0.15821752783028475,0.15949893611881627,0.11718587544169294,0.12509619513803807,0.1403444671694551,0.1497687674938635,0.14988823080784927,0.01892833466328354,0.021751577294444532,-0.08614498733109155,-0.06328241008477034,-0.023026502812584705,-0.00027906681537311464,0.0,2,no_phase_only
random_phase,side=A_side|tfc=mid|phase=q4,24,O6_phase_only,-0.03801232547264066,0.09680983765082506,0.07040533149275635,0.1648928718557123,0.17034729950713068,0.1445612909597337,0.1867256272243059,0.16625774130953602,-0.1892767187418972,-0.3007445878472184,-0.002885134406429768,0.008505017026491046,-0.04894248317222022,0.04063537190937659,0.0,2,no_phase_only
random_phase,side=A_side|tfc=low|phase=q4,32,O3_A_C_boundary,0.05866149681312124,0.1114234716778465,0.1826642383985934,0.21070181820718636,0.13146570967910937,0.13962107797722376,0.09938424773534052,0.1247394363247001,-0.03951116739463689,0.13349792836342528,0.1834759142480457,0.018381650850673732,0.03944679025697981,-0.07953169863432569,0.0,2,no_phase_only
random_phase,side=A_side|tfc=high|phase=q1,22,O5_full_TFC,0.10213035616920885,0.18386527224966884,0.11831172260121565,0.14976273814914606,0.09768656586692788,0.18912380983294713,0.1516164032944163,0.1096334880056781,0.18097113931142397,0.02666299400908395,0.1091682972809316,-0.04038259038364032,0.19084065130541106,0.11347377760761153,0.0,2,no_phase_only
random_phase,side=A_side|tfc=mid|phase=q1,20,O2_lag5_AB,-0.08371032453795735,0.14603160286315944,0.1938185047728999,0.11676993262614248,0.08388745628858517,0.155962144401631,0.11563495894708013,0.18789540010050193,-0.08822182925364433,0.010862863625250518,-0.1664879350537811,-0.28224326589735194,-0.06519523914327537,-0.1699064856964882,0.0,2,no_phase_only
random_phase,side=B_side|tfc=low|phase=q4,48,O4_B_C_boundary,-0.002220436582515805,0.148710626960654,0.13910853350712424,0.09744397105089708,0.17296146074099425,0.1385564792431545,0.15770129437441763,0.14551763412275837,0.00759676424470269,-0.015764990828226688,-0.14035690166757656,0.060470033193400774,-0.01715673439052217,0.028141899021296962,0.0,3,no_phase_only
random_phase,side=A_side|tfc=low|phase=q1,19,O6_phase_only,-0.020529721108622757,0.09750508462368353,0.11634157351684557,0.14295498652828187,0.1456367169623839,0.14718921706035926,0.19581176709946377,0.15456065420898202,-0.16123872679014906,-0.0994196488687424,-0.02731988069646122,-0.020814962792065184,-0.017103678629891587,0.08279852793190512,0.0,3,no_phase_only
random_phase,side=A_side|tfc=high|phase=q4,30,O1_lag0_AB,0.017521077614072077,0.1913925934886562,0.1401938562792023,0.12397294267456194,0.15484637031338316,0.1901533074670936,0.05655751237240466,0.14288341740469823,0.1023042114204116,-0.006651008814181892,-0.049687994051688944,0.028141550947799236,0.10003055767749754,-0.32436984871460056,0.0,3,no_phase_only
random_phase,side=B_side|tfc=high|phase=q1,39,O1_lag0_AB,0.1075811238522542,0.26077024633423224,0.11480332749321678,0.12806962479848888,0.1510638472036759,0.15405070344146563,0.07925242627384477,0.11198982445507576,0.295831103160043,0.008684359078476419,0.04695811599010632,0.10475309688314025,0.11160582204218371,-0.12101949522475394,0.0,3,no_phase_only
random_phase,side=B_side|tfc=high|phase=q4,33,O5_full_TFC,0.21877885103204495,0.16595696674387803,0.10219956285982815,0.09245902828037092,0.13317138300606343,0.29118360014812267,0.13115575961881296,0.08387369934292375,0.23884575056423304,0.06916535933180633,0.03410873228010789,0.16181368162567408,0.43562466796841126,0.15647573673754328,0.0,3,no_phase_only
random_phase,side=B_side|tfc=low|phase=q1,44,O4_B_C_boundary,0.03675901106063394,0.09809654739361508,0.16916248072795373,0.13811291711344933,0.20497207681601623,0.10240986700464662,0.15479803719425422,0.13244807375006482,-0.10508347542047652,0.08563415178060013,0.014658321350738163,0.15283908038642563,-0.09002266243543275,0.05457571317191091,0.0,3,no_phase_only
random_phase,side=B_side|tfc=mid|phase=q4,38,O6_phase_only,0.01461041465487522,0.14660372449947962,0.1350160580160976,0.13754654361275756,0.10463628104330001,0.15276578609170804,0.18475735178654062,0.13867425495011662,0.019461925594555646,-0.00935689078163549,-0.002857867062124597,-0.09857307134670827,0.03387238587387429,0.10042048061639375,0.0,3,no_phase_only
random_phase,side=B_side|tfc=mid|phase=q1,52,O6_phase_only,-0.05278992672455125,0.12981689841036392,0.15524225602437394,0.11616600212160948,0.13154474310542666,0.11063226829348141,0.1876626872548471,0.16893514478989746,-0.09218646457006274,-0.02958481530902734,-0.13107313160568848,-0.08755874299606335,-0.14815607778000717,0.036795938177752875,0.0,3,no_phase_only
random_phase,side=A_side|tfc=mid|phase=q4,23,O7_suppress_event,-0.10404379438499685,0.14708886836656337,0.1146300037168369,0.17298289370302602,0.09752667056208339,0.11617127384162416,0.15411529251962416,0.19748499729024202,-0.10311898364010194,-0.19038356253591204,-0.046364468181144855,-0.24693785674059449,-0.18570895615291147,-0.08678657516572842,0.0,3,no_phase_only
random_phase,side=A_side|tfc=low|phase=q4,27,O2_lag5_AB,0.06963729012641005,0.10319292852227696,0.2207711565826394,0.15646712028767132,0.11158616662337476,0.1798857514241593,0.1062570412136779,0.12183983534620023,-0.05813745999726199,0.20804676104042025,0.08754848784728056,-0.030768594470561246,0.13636510225492618,-0.04789619846803167,0.0,3,no_phase_only
random_phase,side=A_side|tfc=high|phase=q1,19,O2_lag5_AB,0.2800237997463203,0.18927682934470288,0.21137133619938922,0.1905380368254626,0.07842339288129727,0.1854401690350561,0.0744402021409906,0.07051003357310122,0.345609470176188,0.3842515089043746,0.347933888096659,0.03722853454628015,0.3384420449369953,0.01898439458360282,0.0,3,no_phase_only
random_phase,side=A_side|tfc=mid|phase=q1,22,O5_full_TFC,-0.0753241662477987,0.11647394473333743,0.16068530808645298,0.14635690443851113,0.06995075508475868,0.19786680679406451,0.1236962515501918,0.18497002931268347,-0.16188417371154531,-0.04926108745343304,-0.0819509665226743,-0.3403408093925961,0.023590106097864615,-0.1408276912163839,0.0,3,no_phase_only
random_phase,side=B_side|tfc=low|phase=q4,39,O4_B_C_boundary,0.014068941027858571,0.14633920806254042,0.1135406100874799,0.11273434648273854,0.17321336535607154,0.14409113593466508,0.1711384199316607,0.13894291414484383,0.01815243872585687,-0.07066590584012085,-0.07316015849823818,0.07716135040767409,0.012733990028399797,0.07294334010993457,0.0,4,no_phase_only
random_phase,side=A_side|tfc=low|phase=q1,26,O4_B_C_boundary,-0.0451913257984699,0.10188261875111898,0.10798960518583607,0.13972421858873876,0.2002433561258685,0.12362147671591109,0.15976505087670467,0.1667736737558219,-0.17248570227562768,-0.1521109352192927,-0.06193846176770869,0.06401351643116569,-0.10479467477546076,-0.01502666979015013,0.0,4,no_phase_only
random_phase,side=A_side|tfc=high|phase=q4,27,O1_lag0_AB,0.04085897784558826,0.17919533249444722,0.1449985334753582,0.14034310732656596,0.167325160155976,0.1770033234269133,0.0584857363103706,0.1326488068103687,0.10526997891623331,0.031156490009683156,0.019734786916318407,0.08128186521691926,0.10096219815472741,-0.28662276466878395,0.0,4,no_phase_only
random_phase,side=B_side|tfc=high|phase=q1,36,O4_B_C_boundary,0.05036110982000137,0.1777435755129355,0.14756158020527527,0.09494559291113572,0.19831320068052788,0.14823067592959333,0.10585534593329801,0.1273500288272343,0.11669087389936054,0.05155715382418,-0.10277239225559989,0.15501786116726063,0.053140588806556706,-0.06470307433803328,0.0,4,no_phase_only
random_phase,side=B_side|tfc=high|phase=q4,41,O5_full_TFC,0.1214351752787222,0.171024375980264,0.11680566677323552,0.1269993713087728,0.10528913244307722,0.23055901126855374,0.14425921213479348,0.10506323009130329,0.1705353074868799,0.037082229048389224,0.06636692155201343,0.0007517467601897914,0.2750805692572428,0.11096729188179033,0.0,4,no_phase_only
random_phase,side=B_side|tfc=low|phase=q1,42,O4_B_C_boundary,0.040868580141998505,0.09014807432230562,0.1624773101596908,0.16849926871019494,0.19028704868990903,0.09407252798036611,0.1631217525635309,0.13139401757400251,-0.13186144581897036,0.07431822495167355,0.08705579159418317,0.1296165982990102,-0.11694708117368297,0.0757037027475276,0.0,4,no_phase_only
random_phase,side=B_side|tfc=mid|phase=q4,44,O6_phase_only,-0.007597745474163319,0.11423926133734555,0.1252821388250032,0.1502904958945654,0.1301808745900485,0.14217364996600768,0.19006095798414166,0.14777262140288788,-0.09008290123791367,-0.057787256118793213,0.005913358505855892,-0.04436247342563736,-0.013518943528985373,0.0880845355922522,0.0,4,no_phase_only
random_phase,side=B_side|tfc=mid|phase=q1,47,O6_phase_only,-0.02002372332603333,0.12214680098936662,0.15065950739924022,0.11901519963175163,0.13606500826726542,0.1439762641535134,0.17567012202929888,0.15246709752956375,-0.07760382374595823,-0.004174256131949336,-0.08669416206913994,-0.03983561587951836,-0.020055127799820147,0.04958068878387281,0.0,4,no_phase_only
random_phase,side=A_side|tfc=mid|phase=q4,24,O3_A_C_boundary,-0.07961222890009582,0.1313877212579905,0.08398490187666965,0.20346088873372375,0.10430392897096977,0.1482729034329235,0.14230948916947775,0.18628016655824509,-0.12218470462911808,-0.27881516919110644,0.03087769342501534,-0.20297997336440124,-0.07986905301830699,-0.09423666879016739,0.0,4,no_phase_only
random_phase,side=A_side|tfc=low|phase=q4,27,O3_A_C_boundary,0.06251568988858194,0.09140540466502867,0.15325225931015068,0.19363488636847054,0.13212161958128965,0.17769729213256955,0.12929487932529887,0.12259365861719193,-0.10274974124923597,0.0781235067737122,0.15998467057827556,0.026196646301266058,0.12992216951891958,0.01862713438007837,0.0,4,no_phase_only
random_phase,side=A_side|tfc=high|phase=q1,24,O3_A_C_boundary,0.23166879737969223,0.2136614668143528,0.13459265054421712,0.22516238899015767,0.09231115494636742,0.14220671044519456,0.11331746550393856,0.07874816275577179,0.34934825951409776,0.18759925316097825,0.3676984231831381,0.05561851476363935,0.206859365684582,0.12737842653627918,0.0,4,no_phase_only
random_phase,side=A_side|tfc=mid|phase=q1,22,O7_suppress_event,-0.14315433776337882,0.10010652350720164,0.1331556591937467,0.16654172667935646,0.07163158203636551,0.16798827408505435,0.13346821044388438,0.22710802405439098,-0.28671682447788477,-0.1868674386001018,-0.10856296236442398,-0.40386140009987503,-0.10553606046372858,-0.18604685949887179,0.0,4,no_phase_only
random_phase,side=B_side|tfc=high|phase=q1,40,O1_lag0_AB,0.024696043397598545,0.20460239889153942,0.1284745891545357,0.12923547126302276,0.1390160264993339,0.15911660211196774,0.10371027005523924,0.13584464202436114,0.1433448392326742,-0.019523265896535583,-0.01745652848351974,0.008077065614182347,0.055343884874143254,-0.09446876185956975,0.0,0,no_suppress
random_phase,side=A_side|tfc=high|phase=q4,33,O4_B_C_boundary,0.033667570197894486,0.15731421880484778,0.1500361520196214,0.1279154585590824,0.1787214387178025,0.17633310700637245,0.0761575749317752,0.13352204996049827,0.05739249825565929,0.040813376126724144,-0.01501397336093368,0.10204661353793078,0.0973378795293327,-0.1965117294790886,0.0,0,no_suppress
random_phase,side=A_side|tfc=low|phase=q4,30,O3_A_C_boundary,0.047496987348886986,0.11723044905111275,0.18308620859478608,0.18693807478740593,0.13235902146786893,0.13900189377319686,0.11435838590050547,0.12702596642512387,-0.02808745730343056,0.12794796053661808,0.13523505993994897,0.014394297563332444,0.03153361109697902,-0.036768995354586574,0.0,0,no_suppress
random_phase,side=A_side|tfc=high|phase=q1,25,O1_lag0_AB,0.10669585807906579,0.21048343533370528,0.1296581977871194,0.1801628340842183,0.10101149803277706,0.15606619443100267,0.11364547565194606,0.10897236467923119,0.23040942504785952,0.06083259878180053,0.1759683662541342,-0.026550986966115072,0.12571507392316553,0.014696298746368226,0.0,0,no_suppress
random_phase,side=B_side|tfc=high|phase=q4,39,O5_full_TFC,0.13604053498851237,0.1633211586130626,0.1056366981994472,0.14010284853332727,0.10933415111189423,0.22007950773828455,0.16102075532102356,0.10050488048296047,0.16992929527530115,0.017429840186269797,0.11625967392913607,0.02947087886066796,0.27432390703703463,0.16496444418072714,0.0,0,no_suppress
random_phase,side=B_side|tfc=low|phase=q1,37,O4_B_C_boundary,0.026473003007393858,0.08259792137808616,0.13124102446022914,0.1494554549381263,0.24469829236084867,0.09699074060090099,0.15516829820880437,0.13984826805300432,-0.18430073198471228,-0.0222328824143836,0.02325412351474281,0.19581378483486855,-0.12807988165982312,0.036383300629701604,0.0,0,no_suppress
random_phase,side=A_side|tfc=mid|phase=q4,23,O7_suppress_event,-0.07158624755820313,0.14793037214440372,0.07266443493645755,0.16197505120007383,0.14152469087501116,0.11671918469199638,0.17790213334417385,0.1812841328078834,-0.07116336162775076,-0.31997473661275383,-0.03941814677865913,-0.08665698974369304,-0.1541031365706039,-0.006591202984993461,0.0,0,no_suppress
random_phase,side=B_side|tfc=mid|phase=q1,41,O6_phase_only,-0.013818321417108452,0.12794186425536208,0.1474014108993228,0.14421361744136377,0.11179903031823178,0.13781470212759886,0.1808083703161136,0.15002100464200727,-0.05571976899943901,-0.00616551726754604,-0.013817881154428264,-0.10292534977103522,-0.02970284469910571,0.06533184967508503,0.0,0,no_suppress
random_phase,side=B_side|tfc=low|phase=q4,29,O1_lag0_AB,-0.04563745454539232,0.17895564204434689,0.17066304369193291,0.0958125783016794,0.13908552089174986,0.09343904865871576,0.15470200105586523,0.16734216535570998,0.023484074138610027,0.00687767399813288,-0.19517632286971284,-0.0647330629714956,-0.2039559455218023,-0.02748897132524922,0.0,0,no_suppress
random_phase,side=A_side|tfc=mid|phase=q1,23,O7_suppress_event,-0.11622632042303771,0.10608348718542544,0.17292883256474403,0.12518751247095408,0.0675418079854263,0.17272376778543616,0.14609071897652828,0.2094438730314857,-0.23808028833663197,-0.06705147991771139,-0.18012507844320477,-0.3960981537118538,-0.06746676787507433,-0.12607980095033186,0.0,0,no_suppress
random_phase,side=A_side|tfc=low|phase=q1,24,O4_B_C_boundary,0.020270868081293976,0.07454662180018642,0.13427658586103827,0.15534601387439623,0.23453292628505398,0.13027504807231868,0.12980036172866422,0.14122244237834217,-0.22361903450371468,-0.017652077281442163,0.03336155330345735,0.17754090754432947,-0.02824089904450716,-0.029518531596501894,0.0,0,no_suppress
random_phase,side=B_side|tfc=mid|phase=q4,39,O5_full_TFC,0.009835095695569517,0.11927870943022954,0.13552052036939916,0.14944589805334357,0.13081329990804122,0.1885130912206226,0.13617138100600223,0.14025710001236172,-0.05670501072727669,-0.012023933740466276,0.02221004600776476,-0.024397118195613195,0.10349160038956337,-0.01034702208112371,0.0,0,no_suppress
random_phase,side=B_side|tfc=low|phase=q4,41,O4_B_C_boundary,-0.008714027167613351,0.16088220054741645,0.14202907402756978,0.08814966288797697,0.162923573662715,0.14736014360730934,0.14999049430445036,0.14866485096256216,0.02764229073938085,-0.015981933346580494,-0.18293042791948666,0.032055368658388185,-0.003085216043239261,0.003107114767218713,0.0,1,no_suppress
random_phase,side=A_side|tfc=low|phase=q1,26,O4_B_C_boundary,-0.01908997930949873,0.10467394221636937,0.10796759472377283,0.149149890731417,0.22331999065892824,0.12171153830249634,0.13739759297096277,0.15577945039605334,-0.1391568573367616,-0.12831353295644157,-0.015221307169614846,0.12605755792213666,-0.08637559788224426,-0.04394682816280641,0.0,1,no_suppress
random_phase,side=A_side|tfc=high|phase=q4,33,O1_lag0_AB,-0.03388102376716677,0.1604075327302918,0.15107704024223612,0.1343888418432946,0.1594311255710904,0.1518592714989628,0.08246536266285674,0.1603708254512675,8.010233475484614e-05,-0.02089460999092052,-0.06186298651114098,-0.0020568724085893234,-0.01908709113147584,-0.23278865190191894,0.0,1,no_suppress
random_phase,side=B_side|tfc=high|phase=q1,45,O1_lag0_AB,0.1172246872160377,0.21766449330242238,0.14841182752062287,0.14283180977681356,0.1467063458951527,0.15586353432030622,0.08237601812682878,0.10614597105785357,0.25134886821781266,0.11731152845306587,0.10389839263596977,0.11326619835933079,0.13445796425504072,-0.08873230794632016,0.0,1,no_suppress
random_phase,side=B_side|tfc=high|phase=q4,42,O5_full_TFC,0.20769099387474402,0.14665826375960056,0.11233928385473674,0.15576173244349267,0.10636784362653798,0.25307271204951226,0.14215073560298302,0.08364942866313672,0.19651469135663935,0.10321115523614907,0.21759251016971223,0.0840940493234902,0.3874647873319741,0.18558869545946008,0.0,1,no_suppress
random_phase,side=B_side|tfc=low|phase=q1,38,O4_B_C_boundary,0.0839947092964449,0.08595735590467778,0.1454126269808802,0.18446619048043839,0.21801561510694106,0.10344782278374977,0.14523946914143424,0.11746091960187857,-0.10928902859977152,0.07471440384119994,0.15797618134617522,0.21646135350940646,-0.04446341243078362,0.07429737432870191,0.0,1,no_suppress
random_phase,side=B_side|tfc=mid|phase=q4,39,O6_phase_only,-0.021086325676119674,0.11840591907121299,0.16259984302129427,0.13485090136141625,0.10621981594742423,0.12125347299768457,0.20159109880106094,0.1550789487999067,-0.09443546734522698,0.016575264069816374,-0.0489176102102524,-0.132448278234387,-0.08611790657923694,0.09180746683770157,0.0,1,no_suppress
random_phase,side=B_side|tfc=mid|phase=q1,50,O7_suppress_event,-0.07154264202287353,0.15548634366546366,0.15065040301767307,0.11208734348709436,0.13196555189911785,0.11956965494110945,0.1530535378709047,0.1771871651186369,-0.04572704439157071,-0.05678563211039715,-0.16027486440204927,-0.10313299005480016,-0.13765763054456365,-0.05124658805978586,0.0,1,no_suppress
random_phase,side=A_side|tfc=mid|phase=q4,26,O7_suppress_event,-0.09060832480396432,0.13875018599342273,0.0835696869066355,0.18278690228785507,0.12590001845434337,0.10572633400991852,0.17135976326666033,0.1919071090811644,-0.1135177242387156,-0.2909657066962044,-0.017041654748155284,-0.1475331761599062,-0.20865510647578567,-0.039636178009797934,0.0,1,no_suppress
random_phase,side=A_side|tfc=low|phase=q4,24,O3_A_C_boundary,0.08325212270102712,0.07856843273648317,0.1887384208372129,0.2938671977853162,0.07539580588874131,0.10513403957397775,0.13243970948472483,0.1258563936935439,-0.16491003365744547,0.14182718036133504,0.2967952514460988,-0.17933645650284213,-0.06296689733671836,0.017845098160319466,0.0,1,no_suppress
random_phase,side=A_side|tfc=high|phase=q1,26,O1_lag0_AB,0.12008518154228426,0.20533790547237768,0.14510800127525483,0.1956304751749772,0.09942781296907116,0.15501021709468507,0.09360096133073896,0.10588462668289525,0.23180740369626707,0.1102948797033553,0.21485711631749432,-0.022021366765801773,0.13339933518167246,-0.04315829691826079,0.0,1,no_suppress
random_phase,side=A_side|tfc=mid|phase=q1,17,O5_full_TFC,-0.05958220713158867,0.16333327110788456,0.14243983291732598,0.1381699751232105,0.07854306875438768,0.1901928486047349,0.11230262510250445,0.175018378389952,-0.024184393210657885,-0.07208995583143221,-0.08274222486486406,-0.2804353534118292,0.02910164679789709,-0.15529281267775377,0.0,1,no_suppress
random_phase,side=B_side|tfc=low|phase=q4,43,O6_phase_only,0.009796676571884814,0.1621194328262716,0.12313185671233634,0.10017275790269144,0.1666991729722064,0.1382809170031292,0.16872503427791666,0.14087082830544842,0.04917148043156742,-0.04710565027244484,-0.11933147965062109,0.05892161428546738,-0.006494639429748869,0.06314945511177689,0.0,2,no_suppress
random_phase,side=A_side|tfc=low|phase=q1,25,O4_B_C_boundary,-0.05843683601759345,0.0863741942967174,0.10849484930678267,0.11892490418858885,0.1977960132831767,0.13909181053799138,0.1743600107222489,0.17495821766449404,-0.247050382298312,-0.1672455712154568,-0.1351192333895149,0.04294117606776757,-0.0802945383291167,-0.0011987501220602902,0.0,2,no_suppress
random_phase,side=A_side|tfc=high|phase=q4,25,O5_full_TFC,0.0984195180505468,0.10597077771923909,0.1346233110526847,0.11431893145906522,0.2150047959072901,0.23517431850836984,0.0793838145549944,0.11552405079835658,-0.030210378132940648,0.0535506473331284,-0.0036702937796507587,0.21741355794180306,0.24879689790984005,-0.13131448391107134,0.0,2,no_suppress
random_phase,side=B_side|tfc=high|phase=q1,40,O1_lag0_AB,0.08135925583440504,0.22230415761481515,0.13930818666063063,0.12107091593262354,0.16920156678324025,0.1455584296910482,0.0848101897269872,0.11774655359065499,0.22242922097093595,0.05885396491002231,0.009744697342272984,0.12689468521746275,0.07421509236191717,-0.11484156815080833,0.0,2,no_suppress
random_phase,side=B_side|tfc=high|phase=q4,41,O5_full_TFC,0.18581502921080442,0.1645482695479012,0.10707571619123746,0.11072442528150482,0.12703352296694045,0.27109894555219016,0.12953676832919742,0.08998235213102845,0.21125663838833647,0.06087292697401663,0.07260081346795953,0.1206931069145195,0.38600460615898297,0.12752292087248707,0.0,2,no_suppress
random_phase,side=B_side|tfc=low|phase=q1,39,O4_B_C_boundary,-0.007112039823604134,0.08000950970967427,0.14941864330411023,0.15402912241708328,0.18077531985194767,0.11869696352482666,0.16743916705558454,0.1496312741367735,-0.21911000874992026,-0.0004977149273951847,0.01013865850590391,0.06617829329587813,-0.08106013132291372,0.039356102846353304,0.0,2,no_suppress
random_phase,side=B_side|tfc=mid|phase=q4,36,O5_full_TFC,-0.026432268328301964,0.15621222809383195,0.1513554668967597,0.1120665466533802,0.10645646903904285,0.17690412136637237,0.14078179382699293,0.15622337412362,-2.497225284050127e-05,-0.011079499473428744,-0.11626790248182046,-0.13424274790937307,0.043512360543990575,-0.03642650841539725,0.0,2,no_suppress
random_phase,side=B_side|tfc=mid|phase=q1,50,O2_lag5_AB,-0.014820654483333206,0.15821752783028475,0.15949893611881627,0.11718587544169294,0.12509619513803807,0.1403444671694551,0.1497687674938635,0.14988823080784927,0.01892833466328354,0.021751577294444532,-0.08614498733109155,-0.06328241008477034,-0.023026502812584705,-0.00027906681537311464,0.0,2,no_suppress
random_phase,side=A_side|tfc=mid|phase=q4,24,O6_phase_only,-0.03801232547264066,0.09680983765082506,0.07040533149275635,0.1648928718557123,0.17034729950713068,0.1445612909597337,0.1867256272243059,0.16625774130953602,-0.1892767187418972,-0.3007445878472184,-0.002885134406429768,0.008505017026491046,-0.04894248317222022,0.04063537190937659,0.0,2,no_suppress
random_phase,side=A_side|tfc=low|phase=q4,32,O3_A_C_boundary,0.05866149681312124,0.1114234716778465,0.1826642383985934,0.21070181820718636,0.13146570967910937,0.13962107797722376,0.09938424773534052,0.1247394363247001,-0.03951116739463689,0.13349792836342528,0.1834759142480457,0.018381650850673732,0.03944679025697981,-0.07953169863432569,0.0,2,no_suppress
random_phase,side=A_side|tfc=high|phase=q1,22,O5_full_TFC,0.10213035616920885,0.18386527224966884,0.11831172260121565,0.14976273814914606,0.09768656586692788,0.18912380983294713,0.1516164032944163,0.1096334880056781,0.18097113931142397,0.02666299400908395,0.1091682972809316,-0.04038259038364032,0.19084065130541106,0.11347377760761153,0.0,2,no_suppress
random_phase,side=A_side|tfc=mid|phase=q1,20,O2_lag5_AB,-0.08371032453795735,0.14603160286315944,0.1938185047728999,0.11676993262614248,0.08388745628858517,0.155962144401631,0.11563495894708013,0.18789540010050193,-0.08822182925364433,0.010862863625250518,-0.1664879350537811,-0.28224326589735194,-0.06519523914327537,-0.1699064856964882,0.0,2,no_suppress
random_phase,side=B_side|tfc=low|phase=q4,48,O4_B_C_boundary,-0.002220436582515805,0.148710626960654,0.13910853350712424,0.09744397105089708,0.17296146074099425,0.1385564792431545,0.15770129437441763,0.14551763412275837,0.00759676424470269,-0.015764990828226688,-0.14035690166757656,0.060470033193400774,-0.01715673439052217,0.028141899021296962,0.0,3,no_suppress
random_phase,side=A_side|tfc=low|phase=q1,19,O6_phase_only,-0.020529721108622757,0.09750508462368353,0.11634157351684557,0.14295498652828187,0.1456367169623839,0.14718921706035926,0.19581176709946377,0.15456065420898202,-0.16123872679014906,-0.0994196488687424,-0.02731988069646122,-0.020814962792065184,-0.017103678629891587,0.08279852793190512,0.0,3,no_suppress
random_phase,side=A_side|tfc=high|phase=q4,30,O1_lag0_AB,0.017521077614072077,0.1913925934886562,0.1401938562792023,0.12397294267456194,0.15484637031338316,0.1901533074670936,0.05655751237240466,0.14288341740469823,0.1023042114204116,-0.006651008814181892,-0.049687994051688944,0.028141550947799236,0.10003055767749754,-0.32436984871460056,0.0,3,no_suppress
random_phase,side=B_side|tfc=high|phase=q1,39,O1_lag0_AB,0.1075811238522542,0.26077024633423224,0.11480332749321678,0.12806962479848888,0.1510638472036759,0.15405070344146563,0.07925242627384477,0.11198982445507576,0.295831103160043,0.008684359078476419,0.04695811599010632,0.10475309688314025,0.11160582204218371,-0.12101949522475394,0.0,3,no_suppress
random_phase,side=B_side|tfc=high|phase=q4,33,O5_full_TFC,0.21877885103204495,0.16595696674387803,0.10219956285982815,0.09245902828037092,0.13317138300606343,0.29118360014812267,0.13115575961881296,0.08387369934292375,0.23884575056423304,0.06916535933180633,0.03410873228010789,0.16181368162567408,0.43562466796841126,0.15647573673754328,0.0,3,no_suppress
random_phase,side=B_side|tfc=low|phase=q1,44,O4_B_C_boundary,0.03675901106063394,0.09809654739361508,0.16916248072795373,0.13811291711344933,0.20497207681601623,0.10240986700464662,0.15479803719425422,0.13244807375006482,-0.10508347542047652,0.08563415178060013,0.014658321350738163,0.15283908038642563,-0.09002266243543275,0.05457571317191091,0.0,3,no_suppress
random_phase,side=B_side|tfc=mid|phase=q4,38,O6_phase_only,0.01461041465487522,0.14660372449947962,0.1350160580160976,0.13754654361275756,0.10463628104330001,0.15276578609170804,0.18475735178654062,0.13867425495011662,0.019461925594555646,-0.00935689078163549,-0.002857867062124597,-0.09857307134670827,0.03387238587387429,0.10042048061639375,0.0,3,no_suppress
random_phase,side=B_side|tfc=mid|phase=q1,52,O6_phase_only,-0.05278992672455125,0.12981689841036392,0.15524225602437394,0.11616600212160948,0.13154474310542666,0.11063226829348141,0.1876626872548471,0.16893514478989746,-0.09218646457006274,-0.02958481530902734,-0.13107313160568848,-0.08755874299606335,-0.14815607778000717,0.036795938177752875,0.0,3,no_suppress
random_phase,side=A_side|tfc=mid|phase=q4,23,O7_suppress_event,-0.10404379438499685,0.14708886836656337,0.1146300037168369,0.17298289370302602,0.09752667056208339,0.11617127384162416,0.15411529251962416,0.19748499729024202,-0.10311898364010194,-0.19038356253591204,-0.046364468181144855,-0.24693785674059449,-0.18570895615291147,-0.08678657516572842,0.0,3,no_suppress
random_phase,side=A_side|tfc=low|phase=q4,27,O2_lag5_AB,0.06963729012641005,0.10319292852227696,0.2207711565826394,0.15646712028767132,0.11158616662337476,0.1798857514241593,0.1062570412136779,0.12183983534620023,-0.05813745999726199,0.20804676104042025,0.08754848784728056,-0.030768594470561246,0.13636510225492618,-0.04789619846803167,0.0,3,no_suppress
random_phase,side=A_side|tfc=high|phase=q1,19,O2_lag5_AB,0.2800237997463203,0.18927682934470288,0.21137133619938922,0.1905380368254626,0.07842339288129727,0.1854401690350561,0.0744402021409906,0.07051003357310122,0.345609470176188,0.3842515089043746,0.347933888096659,0.03722853454628015,0.3384420449369953,0.01898439458360282,0.0,3,no_suppress
random_phase,side=A_side|tfc=mid|phase=q1,22,O5_full_TFC,-0.0753241662477987,0.11647394473333743,0.16068530808645298,0.14635690443851113,0.06995075508475868,0.19786680679406451,0.1236962515501918,0.18497002931268347,-0.16188417371154531,-0.04926108745343304,-0.0819509665226743,-0.3403408093925961,0.023590106097864615,-0.1408276912163839,0.0,3,no_suppress
random_phase,side=B_side|tfc=low|phase=q4,39,O4_B_C_boundary,0.014068941027858571,0.14633920806254042,0.1135406100874799,0.11273434648273854,0.17321336535607154,0.14409113593466508,0.1711384199316607,0.13894291414484383,0.01815243872585687,-0.07066590584012085,-0.07316015849823818,0.07716135040767409,0.012733990028399797,0.07294334010993457,0.0,4,no_suppress
random_phase,side=A_side|tfc=low|phase=q1,26,O4_B_C_boundary,-0.0451913257984699,0.10188261875111898,0.10798960518583607,0.13972421858873876,0.2002433561258685,0.12362147671591109,0.15976505087670467,0.1667736737558219,-0.17248570227562768,-0.1521109352192927,-0.06193846176770869,0.06401351643116569,-0.10479467477546076,-0.01502666979015013,0.0,4,no_suppress
random_phase,side=A_side|tfc=high|phase=q4,27,O1_lag0_AB,0.04085897784558826,0.17919533249444722,0.1449985334753582,0.14034310732656596,0.167325160155976,0.1770033234269133,0.0584857363103706,0.1326488068103687,0.10526997891623331,0.031156490009683156,0.019734786916318407,0.08128186521691926,0.10096219815472741,-0.28662276466878395,0.0,4,no_suppress
random_phase,side=B_side|tfc=high|phase=q1,36,O4_B_C_boundary,0.05036110982000137,0.1777435755129355,0.14756158020527527,0.09494559291113572,0.19831320068052788,0.14823067592959333,0.10585534593329801,0.1273500288272343,0.11669087389936054,0.05155715382418,-0.10277239225559989,0.15501786116726063,0.053140588806556706,-0.06470307433803328,0.0,4,no_suppress
random_phase,side=B_side|tfc=high|phase=q4,41,O5_full_TFC,0.1214351752787222,0.171024375980264,0.11680566677323552,0.1269993713087728,0.10528913244307722,0.23055901126855374,0.14425921213479348,0.10506323009130329,0.1705353074868799,0.037082229048389224,0.06636692155201343,0.0007517467601897914,0.2750805692572428,0.11096729188179033,0.0,4,no_suppress
random_phase,side=B_side|tfc=low|phase=q1,42,O4_B_C_boundary,0.040868580141998505,0.09014807432230562,0.1624773101596908,0.16849926871019494,0.19028704868990903,0.09407252798036611,0.1631217525635309,0.13139401757400251,-0.13186144581897036,0.07431822495167355,0.08705579159418317,0.1296165982990102,-0.11694708117368297,0.0757037027475276,0.0,4,no_suppress
random_phase,side=B_side|tfc=mid|phase=q4,44,O6_phase_only,-0.007597745474163319,0.11423926133734555,0.1252821388250032,0.1502904958945654,0.1301808745900485,0.14217364996600768,0.19006095798414166,0.14777262140288788,-0.09008290123791367,-0.057787256118793213,0.005913358505855892,-0.04436247342563736,-0.013518943528985373,0.0880845355922522,0.0,4,no_suppress
random_phase,side=B_side|tfc=mid|phase=q1,47,O6_phase_only,-0.02002372332603333,0.12214680098936662,0.15065950739924022,0.11901519963175163,0.13606500826726542,0.1439762641535134,0.17567012202929888,0.15246709752956375,-0.07760382374595823,-0.004174256131949336,-0.08669416206913994,-0.03983561587951836,-0.020055127799820147,0.04958068878387281,0.0,4,no_suppress
random_phase,side=A_side|tfc=mid|phase=q4,24,O3_A_C_boundary,-0.07961222890009582,0.1313877212579905,0.08398490187666965,0.20346088873372375,0.10430392897096977,0.1482729034329235,0.14230948916947775,0.18628016655824509,-0.12218470462911808,-0.27881516919110644,0.03087769342501534,-0.20297997336440124,-0.07986905301830699,-0.09423666879016739,0.0,4,no_suppress
random_phase,side=A_side|tfc=low|phase=q4,27,O3_A_C_boundary,0.06251568988858194,0.09140540466502867,0.15325225931015068,0.19363488636847054,0.13212161958128965,0.17769729213256955,0.12929487932529887,0.12259365861719193,-0.10274974124923597,0.0781235067737122,0.15998467057827556,0.026196646301266058,0.12992216951891958,0.01862713438007837,0.0,4,no_suppress
random_phase,side=A_side|tfc=high|phase=q1,24,O3_A_C_boundary,0.23166879737969223,0.2136614668143528,0.13459265054421712,0.22516238899015767,0.09231115494636742,0.14220671044519456,0.11331746550393856,0.07874816275577179,0.34934825951409776,0.18759925316097825,0.3676984231831381,0.05561851476363935,0.206859365684582,0.12737842653627918,0.0,4,no_suppress
random_phase,side=A_side|tfc=mid|phase=q1,22,O7_suppress_event,-0.14315433776337882,0.10010652350720164,0.1331556591937467,0.16654172667935646,0.07163158203636551,0.16798827408505435,0.13346821044388438,0.22710802405439098,-0.28671682447788477,-0.1868674386001018,-0.10856296236442398,-0.40386140009987503,-0.10553606046372858,-0.18604685949887179,0.0,4,no_suppress
no_bridge,side=B_side|tfc=high|phase=q1,40,O1_lag0_AB,0.18735390694913073,0.38036675410974236,0.10497244048324246,0.10674600322828298,0.10311067616068592,0.10291221854032916,0.10259311485935947,0.09929879261835763,0.47005088116551225,0.019447551224283027,0.025311579606275447,0.013184333793257907,0.012510037970845754,0.011423094130950117,0.0,0,full
no_bridge,side=A_side|tfc=high|phase=q4,33,O3_A_C_boundary,0.33140188226804623,0.12351333101426698,0.05876049024106559,0.3795885799208906,0.10807289568912587,0.23305137930629508,0.022614484433219742,0.07439883939513618,0.1774180630209,-0.08258972673353068,0.5703766738550746,0.1306779660675906,0.39963650968886577,-0.4167974079772874,0.0,0,full
no_bridge,side=A_side|tfc=low|phase=q4,30,O3_A_C_boundary,-0.04156745680611022,0.042938672235692754,0.19925587986875057,0.2472255678432558,0.11160440719037462,0.09445932168732221,0.12532456482121432,0.17919158635338953,-0.5000389371946129,0.03714699763444564,0.11264596060761664,-0.16572325285774614,-0.22410019267822642,-0.12514203014044614,0.0,0,full
no_bridge,side=A_side|tfc=high|phase=q1,25,O1_lag0_AB,0.5317958607341237,0.40760541434942715,0.08660592827419761,0.2212787517456658,0.05239050314508597,0.0854334451992723,0.10447667800885742,0.04220927927749383,0.7936808249248412,0.25155486442980113,0.5798740996564369,0.07562983828745415,0.24678414919661665,0.3172133246051202,0.0,0,full
no_bridge,side=B_side|tfc=high|phase=q4,39,O1_lag0_AB,0.25375285686395715,0.26850196815817423,0.11417319955870887,0.13290494851878615,0.05243180175532651,0.2631189033869763,0.0881811157504144,0.0806880628716136,0.42079365985717504,0.12149408084831931,0.17466524439075823,-0.15087706674780332,0.4137053863650073,0.031080765947775195,0.0,0,full
no_bridge,side=B_side|tfc=low|phase=q1,37,O4_B_C_boundary,0.1256930738037507,0.03930161138843395,0.10276239338959987,0.07036183064673546,0.3066569673915214,0.06172226413491975,0.29211117818070753,0.12708375486808207,-0.41075329258525817,-0.07434941262337232,-0.20691839644839433,0.30830918879632124,-0.2527705759060701,0.29130084226386904,0.0,0,full
no_bridge,side=A_side|tfc=mid|phase=q4,23,O3_A_C_boundary,-0.04702435973365988,0.08651773726649158,0.039388651215146404,0.208975958406866,0.19347491336607284,0.08269463357700517,0.20483469373107752,0.18411341243734042,-0.2643208720778603,-0.5397259717794922,0.04433354594556714,0.01735857119714498,-0.28013903049631816,0.03732796974556184,0.0,0,full
no_bridge,side=B_side|tfc=mid|phase=q1,41,O6_phase_only,-0.08065695981961284,0.1512248225297639,0.11072837481435091,0.11074453021584355,0.11906825755867131,0.09581858359110615,0.22421921560845767,0.18819621568180636,-0.07655112449147938,-0.18564174663970356,-0.18559068494859804,-0.16022586908596473,-0.2362599643663905,0.06129868339656205,0.0,0,full
no_bridge,side=B_side|tfc=low|phase=q4,29,O4_B_C_boundary,-0.03176096413432206,0.10346897628836074,0.14669868751270868,0.028929007166919124,0.3385749780316244,0.05680660065507639,0.1320843443149552,0.19343740603035545,-0.21898875436347584,-0.09680063355388042,-0.6650382120034247,0.1959270570480891,-0.4288555072896924,-0.13352965026695987,0.0,0,full
no_bridge,side=A_side|tfc=mid|phase=q1,23,O3_A_C_boundary,-0.06338205546969904,0.10540915866791313,0.19022850682389875,0.22327653178749673,0.049208734180912615,0.14884469365641514,0.09606490908452557,0.18696746579883808,-0.20057978336142818,0.006051988248760564,0.06211675191936431,-0.46720222160079206,-0.07981091444866441,-0.23306868296081798,0.0,0,full
no_bridge,side=A_side|tfc=low|phase=q1,24,O3_A_C_boundary,0.43018868009922895,0.012018728740387131,0.07221676351145219,0.47470482680146076,0.17995782206551902,0.13104594392844984,0.06651503739901604,0.06354087755371514,-0.5828260474073909,0.044796066265366995,0.7038534138388035,0.36436367162462846,0.25335258862749854,0.016010613013650237,0.0,0,full
no_bridge,side=B_side|tfc=mid|phase=q4,39,O7_suppress_event,-0.09111951628415238,0.16452558651268145,0.15220140330217707,0.09634031970402969,0.07929465643169434,0.13387757974954118,0.18082860461129482,0.19293184968858146,-0.0557448209164613,-0.08299632271712376,-0.2430575337508487,-0.31120819588956544,-0.12789392619666892,-0.02267557926732864,0.0,0,full
no_bridge,side=B_side|tfc=low|phase=q4,41,O4_B_C_boundary,-0.06542933010340485,0.13327686290394902,0.1736829212396584,0.052382201136610684,0.24615633615370264,0.10976265763437731,0.09600599243504668,0.18873302849665516,-0.12176668991582376,-0.02908574330971068,-0.44861831286208426,0.09297168232188512,-0.18970458220398023,-0.23657300034161127,0.0,1,full
no_bridge,side=A_side|tfc=low|phase=q1,26,O3_A_C_boundary,0.3497898953620164,0.023731350502422567,0.07915699384644281,0.42443013535423163,0.10617565376152462,0.1757469245443736,0.1192959494302442,0.07146299256076051,-0.38583396219536387,0.03578869532221405,0.6235486887129165,0.13857028655169334,0.3149528558254309,0.17934967630245807,0.0,1,full
no_bridge,side=A_side|tfc=high|phase=q4,33,O3_A_C_boundary,0.24204894590181897,0.13026130319479592,0.07156900792078509,0.33741549422571165,0.13996878387655948,0.2078549578772296,0.02389397745592164,0.08903647544899673,0.1331737173748629,-0.0764343973001572,0.46629413922117374,0.1583306561057598,0.29672803870027326,-0.4603968895353912,0.0,1,full
no_bridge,side=B_side|tfc=high|phase=q1,45,O1_lag0_AB,0.19470617522417555,0.3767028004960869,0.14960575078829605,0.0758881489096254,0.11531649988496782,0.09600789305299914,0.08822555702725722,0.09825334984076751,0.47036752130138787,0.14715895623107014,-0.09040108485708621,0.05604591151004878,-0.008091628247319018,-0.037678431695095806,0.0,1,full
no_bridge,side=B_side|tfc=high|phase=q4,42,O5_full_TFC,0.3270011511304934,0.20743616618183128,0.1243155129939801,0.14576214740609314,0.05245775687579005,0.31740344894572964,0.08613926400693009,0.06648570358964587,0.398242851491885,0.21904254842471937,0.27474622873132415,-0.08294255415745262,0.5471153566696073,0.09064243807654733,0.0,1,full
no_bridge,side=B_side|tfc=low|phase=q1,38,O4_B_C_boundary,0.05791748339867039,0.05830217450115203,0.12049924855146942,0.09916245986327021,0.3373772982903862,0.08021312853346392,0.16310866546835692,0.14133702479190127,-0.3099277628637691,-0.05582631887332694,-0.1240357199068678,0.3045191094938795,-0.1982610301465974,0.05014427353944644,0.0,1,full
no_bridge,side=B_side|tfc=mid|phase=q4,39,O6_phase_only,-0.018815370388098208,0.13286150329552,0.19956921540088285,0.09032688960786087,0.07976817187313566,0.11077831597824803,0.22604840161729053,0.16064750222706214,-0.0664668481631802,0.0759320040501456,-0.20152206921369906,-0.24503078646783175,-0.13008852028562706,0.11953781184329736,0.0,1,full
no_bridge,side=B_side|tfc=mid|phase=q1,50,O6_phase_only,-0.01290883624315407,0.19727053577693443,0.09108835593576696,0.07906156236954746,0.17050526338762995,0.08645960674896229,0.21666534271235266,0.15894933306880632,0.07559670062589145,-0.19486442909093427,-0.24442553519955695,0.02456323627205873,-0.2131178562175826,0.10841896525312399,0.0,1,full
no_bridge,side=A_side|tfc=mid|phase=q4,26,O4_B_C_boundary,-0.04822371930754809,0.0970520077650781,0.05590765818016289,0.11605153125819205,0.2419560186653852,0.08050321522306095,0.2245270151956024,0.1840025537125185,-0.22389592366360386,-0.41693689371289566,-0.16132035812809953,0.09583221627090813,-0.2893283792346518,0.06966623947660502,0.0,1,full
no_bridge,side=A_side|tfc=low|phase=q4,24,O3_A_C_boundary,0.09076909394059098,0.03482034503106444,0.10231881842099831,0.3724927958548162,0.0996223324761045,0.08539843353714509,0.16857838993082952,0.136768884749042,-0.47883173987979405,-0.10156962176481266,0.35067380914747875,-0.11091715864195947,-0.16483766973898428,0.07318791728459458,0.0,1,full
no_bridge,side=A_side|tfc=high|phase=q1,26,O1_lag0_AB,0.5315515234254413,0.3578114491988886,0.1043383391223198,0.28798975660970105,0.05150686396093445,0.10476969219402849,0.050991764101002285,0.04259213481312545,0.7449177967042555,0.31358924523493575,0.668939356661285,0.06651591525389317,0.31503322410357393,0.06299808341351024,0.0,1,full
no_bridge,side=A_side|tfc=mid|phase=q1,17,O2_lag5_AB,-0.04556754000793854,0.14576059034378722,0.25318136563107696,0.09818440518275937,0.08165832766729647,0.15469105331283964,0.09159223681395781,0.17493202104828257,-0.0638511872923378,0.12939802568129857,-0.2021425179367041,-0.2666487742931262,-0.043038633362788466,-0.22646782555423406,0.0,1,full
no_bridge,side=B_side|tfc=low|phase=q4,43,O4_B_C_boundary,-0.05531068672783953,0.16639050701779004,0.17504733347565757,0.04453079675520773,0.23166274029232964,0.08836241569422004,0.10973246809317697,0.18427373867161798,-0.035729709627005765,-0.01797808175850191,-0.49708447267984296,0.08010108614837994,-0.25724147569043154,-0.18143197347354553,0.0,2,full
no_bridge,side=A_side|tfc=low|phase=q1,25,O6_phase_only,0.28048428820738525,0.01707842609773644,0.10753663741228918,0.26902263604964183,0.0789853934501881,0.16293043948354022,0.28400766597043237,0.08043880153617189,-0.5423882207342624,0.10161722784583205,0.4225546006519735,-0.006381803260946915,0.2470393422519181,0.44152659764893115,0.0,2,full
no_bridge,side=A_side|tfc=high|phase=q4,25,O4_B_C_boundary,0.2791533811041894,0.10245338371299198,0.056805720924943084,0.1251189883400662,0.3006548434801082,0.29662482269213186,0.0363698131518877,0.08197242769787096,0.07805873563296938,-0.1283610656890524,0.1480087868397324,0.45485298748785924,0.45012981085499204,-0.2844253375501146,0.0,2,full
no_bridge,side=B_side|tfc=high|phase=q1,40,O1_lag0_AB,0.22780652504902738,0.4268455652343827,0.1018083774142175,0.11293556222978823,0.09517869101761686,0.08387686588195016,0.08466508101721697,0.09468985720482753,0.5270353843714451,0.025369926272178607,0.06167368211901643,0.0018022175247870225,-0.042439967128072256,-0.039166273977009634,0.0,2,full
no_bridge,side=B_side|tfc=high|phase=q4,41,O5_full_TFC,0.32693773989887104,0.21397415441125966,0.0929731671164932,0.1596583322750115,0.050370054635945925,0.3583399358610838,0.05338122221745068,0.07130313348275533,0.3846202358703771,0.09287972805066244,0.2821335420280922,-0.12164020045454725,0.5650896310722038,-0.1013184319218122,0.0,2,full
no_bridge,side=B_side|tfc=low|phase=q1,39,O4_B_C_boundary,0.0012043453791399025,0.05281251563557821,0.09260496969950169,0.08069320795333423,0.2993789601053393,0.07170092919966885,0.23294483503570337,0.16986458237087448,-0.40888867045311966,-0.21233055782898064,-0.2605214982091882,0.19834802773084673,-0.30187424338985447,0.11053004224602225,0.0,2,full
no_bridge,side=B_side|tfc=mid|phase=q4,36,O2_lag5_AB,0.005971848805743378,0.18435828279452604,0.22771241251882518,0.07371264883297865,0.10627021866227732,0.12098126305848086,0.13869149612046422,0.14827367801244776,0.07623745902189624,0.15015830979795644,-0.24460986601718535,-0.11657613061854515,-0.07119842066870281,-0.023382704722328698,0.0,2,full
no_bridge,side=B_side|tfc=mid|phase=q1,50,O6_phase_only,0.027249796963808838,0.16733967696768012,0.12920555750026164,0.08555423194083377,0.12863468807654238,0.09244272498121074,0.25603886141606363,0.1407842591174077,0.06047898466305716,-0.03003841270565011,-0.17432736120196177,-0.03158824542734236,-0.14722378232940597,0.2093352078762285,0.0,2,full
no_bridge,side=A_side|tfc=mid|phase=q4,24,O4_B_C_boundary,-0.01559191152141165,0.06655653588100172,0.05065798904513148,0.12780757661098863,0.309057943494891,0.08967728807202216,0.18134478750932786,0.1748978793866371,-0.3381526774956745,-0.4336868579988355,-0.10978675124893945,0.19926428252049436,-0.23379465164251245,0.01266925288043047,0.0,2,full
no_bridge,side=A_side|tfc=low|phase=q4,32,O3_A_C_boundary,0.011881077793497986,0.04400659951978744,0.221797481750739,0.28463336320457466,0.11689453552564176,0.10551636893062606,0.06589424380147675,0.16125740726715435,-0.45453179779147784,0.11156699049887897,0.1988700056106798,-0.11260541902322783,-0.1484475280890272,-0.3132327803295851,0.0,2,full
no_bridge,side=A_side|tfc=high|phase=q1,22,O1_lag0_AB,0.4622663260570805,0.2571907797832175,0.1436278060063638,0.1957352698944177,0.04486534603480662,0.14828236669456155,0.16640039355952016,0.0438980380271127,0.6187819806250296,0.4148744760278889,0.5232127093343155,0.007628623206382143,0.4260370491723751,0.4663845432079953,0.0,2,full
no_bridge,side=A_side|tfc=mid|phase=q1,20,O2_lag5_AB,-0.035226169150346195,0.09135913853537007,0.2381200250998776,0.22804102463760878,0.043665366672611054,0.11786876647835665,0.10310741995917912,0.177838258616997,-0.2331266564318683,0.10216513157828251,0.08702787367184481,-0.4915117250827389,-0.14395591723612314,-0.19078609226467633,0.0,2,full
no_bridge,side=B_side|tfc=low|phase=q4,48,O4_B_C_boundary,-0.04909238292801639,0.1352411946771406,0.16031920863012697,0.045962580643403333,0.26954957065164264,0.09526544939568155,0.11042426149343033,0.18323773450857472,-0.10630360785292037,-0.046766133304454026,-0.4840348814869217,0.13508876627420444,-0.22894102216582327,-0.1772590875364456,0.0,3,full
no_bridge,side=A_side|tfc=low|phase=q1,19,O6_phase_only,0.28278943893638686,0.02770198934978921,0.17882872599389302,0.1323678399590577,0.06370230588206605,0.2546125406349938,0.26523539063944057,0.07755120754075971,-0.3603019813155271,0.2924215171953487,0.18712618846596668,-0.06885119486457095,0.41608156817820613,0.43038773317692014,0.0,3,full
no_bridge,side=A_side|tfc=high|phase=q4,30,O3_A_C_boundary,0.31031678801686874,0.15785210239769557,0.06280693781918553,0.33369830516857046,0.1624624315760358,0.19343544435184248,0.014513688432098692,0.07523109025457136,0.2593828839429395,-0.06317466314308673,0.5213854544798235,0.26945877174585126,0.33053273964674446,-0.5759153210444145,0.0,3,full
no_bridge,side=B_side|tfc=high|phase=q1,39,O1_lag0_AB,0.21603148028223418,0.4252322181823846,0.1327876797341182,0.07080797197329483,0.0676224699575412,0.09503459901083695,0.10959317079618527,0.09892189034563881,0.5104067020900996,0.10304731756860491,-0.11702563581082837,-0.13313658003591142,-0.014031334416212075,0.035855578501908424,0.0,3,full
no_bridge,side=B_side|tfc=high|phase=q4,33,O5_full_TFC,0.3836385725401926,0.24926302530371017,0.12057634246914076,0.07890401368331623,0.06434117095472765,0.3594653577934168,0.06621006780844516,0.061240021987243334,0.49129770747467055,0.2371187594868933,0.08870090853592812,0.017289576956645278,0.6194359081772881,0.02731106113919506,0.0,3,full
no_bridge,side=B_side|tfc=low|phase=q1,44,O6_phase_only,0.068496147456787,0.04444768525592849,0.13557694695768277,0.06714672206605626,0.25346699808318707,0.06338359552313663,0.29323454604606447,0.1427435060679444,-0.40835776467026624,-0.018028500872051857,-0.26395923721305403,0.20096449576770636,-0.28414549575556713,0.2519732009835515,0.0,3,full
no_bridge,side=B_side|tfc=mid|phase=q4,38,O2_lag5_AB,-0.013326270461513233,0.14201524786525646,0.2213103712060069,0.07844504191641226,0.08307065808282553,0.13551890210455303,0.18261061202933773,0.1570291667956081,-0.03517399644255934,0.12009709145454332,-0.24291165053264924,-0.22285900560532593,-0.051562152020769504,0.052823581604949904,0.0,3,full
no_bridge,side=B_side|tfc=mid|phase=q1,52,O6_phase_only,-0.027335424782303525,0.12741594253869246,0.11305494000903435,0.08599324142456781,0.13843474741627534,0.0957276626996385,0.27292070351571546,0.166452762396076,-0.09353914040070985,-0.13539318257721925,-0.2311549991644718,-0.06450936905560964,-0.19362148635263365,0.17306440544589302,0.0,3,full
no_bridge,side=A_side|tfc=mid|phase=q4,23,O4_B_C_boundary,-0.024176283502287267,0.11089169812914342,0.06543729328795013,0.13851894667348008,0.2341073040791976,0.08643518280719571,0.19892329171123455,0.16568628331179866,-0.1405397378934705,-0.32515133386714634,-0.06268115888776261,0.12098920187858604,-0.22774546879405203,0.06398809930561235,0.0,3,full
no_bridge,side=A_side|tfc=low|phase=q4,27,O2_lag5_AB,0.061405842093746,0.05999329685353021,0.3598366176093402,0.12804370170297036,0.09617586645876078,0.11223098531614041,0.10225638459525319,0.141463147464005,-0.30023224151853684,0.3267637965366833,-0.03488366560287822,-0.1350512741987627,-0.08101804367507831,-0.11359460252314332,0.0,3,full
no_bridge,side=A_side|tfc=high|phase=q1,19,O1_lag0_AB,0.6364701531720928,0.37582371232117584,0.16310256713850035,0.20462363713350343,0.06838184190238825,0.12373727964241886,0.03320668434896636,0.03112427751304695,0.8718962144033391,0.579736887477856,0.6591144816455975,0.2754917123135591,0.48306036215986553,0.02266706728514048,0.0,3,full
no_bridge,side=A_side|tfc=mid|phase=q1,22,O2_lag5_AB,-0.025374747080204842,0.10038004838372364,0.22000080369973554,0.19793549461220314,0.05472764854628884,0.15147902616281628,0.10972114931646872,0.16575582927876398,-0.17554331596127046,0.09909039069163596,0.062098888347330815,-0.3878513652784578,-0.03152401817395982,-0.14440077978917645,0.0,3,full
no_bridge,side=B_side|tfc=low|phase=q4,39,O7_suppress_event,-0.12793351274474762,0.11471925783334559,0.14759762471973445,0.06459322330467077,0.18424839073206686,0.15088024474778597,0.12056975252181985,0.2173915061405765,-0.22372419869713467,-0.13552352953340296,-0.4247566402981552,-0.0578952873997134,-0.1278247119499344,-0.20631501071113226,0.0,4,full
no_bridge,side=A_side|tfc=low|phase=q1,26,O3_A_C_boundary,0.3091107499996194,0.031760315176211536,0.08566094954366216,0.44595317715633437,0.11837790870834587,0.09636812881909101,0.1414814793717509,0.0803980412246042,-0.325070288548651,0.022192535450964685,0.5996284523405302,0.13541230856162628,0.0634150020111105,0.19781265268607487,0.0,4,full
no_bridge,side=A_side|tfc=high|phase=q4,27,O3_A_C_boundary,0.2942963796783861,0.14748416282270482,0.07017801403280824,0.31243325826445373,0.10109787052140298,0.27323502890028684,0.015606746915415201,0.0799649185429282,0.21424647266345676,-0.045693532052590365,0.476980998385281,0.08207536485028398,0.4300605106883495,-0.5718596467320407,0.0,4,full
no_bridge,side=B_side|tfc=high|phase=q1,36,O1_lag0_AB,0.20218710550834237,0.4166808630037171,0.0986668233582377,0.06854902601213217,0.13049218490698855,0.08284187261208607,0.10159200495186235,0.10117722515497611,0.495406425012165,-0.008793725466968843,-0.1362635701605685,0.08905387944206565,-0.06997901477386627,0.0014319049425834305,0.0,4,full
no_bridge,side=B_side|tfc=high|phase=q4,41,O5_full_TFC,0.3156300909265721,0.25942425166752126,0.09889450907295869,0.09388909707067973,0.04610824430583492,0.35073486543067484,0.07683266027386901,0.07411637217846165,0.43848990637598745,0.10094604174286896,0.08276723432766606,-0.16612563999273686,0.5440379398695094,0.012597675566913876,0.0,4,full
no_bridge,side=B_side|tfc=low|phase=q1,42,O4_B_C_boundary,0.08020360052428321,0.032899449003198404,0.13552745015783543,0.08235805082615887,0.30718531332659815,0.07271428873823105,0.2316480036805518,0.13766744426742636,-0.5009847649452466,-0.005483362050467863,-0.17981765806901684,0.2809135837341343,-0.22340606526936466,0.18213231445172604,0.0,4,full
no_bridge,side=B_side|tfc=mid|phase=q4,44,O6_phase_only,-0.04046990379100659,0.12364443365557583,0.1607659118474755,0.09491416819893567,0.0836366414633496,0.10461454109319857,0.2599035678460105,0.1725207358954543,-0.11658761146227516,-0.024698832922147987,-0.2091405563710111,-0.25341250138854854,-0.17508220771308983,0.14342763119341775,0.0,4,full
no_bridge,side=B_side|tfc=mid|phase=q1,47,O6_phase_only,0.05837410016985778,0.12188006622891903,0.11526569518427185,0.07435937546189117,0.18229408134670486,0.09892510078867633,0.2755366130978515,0.13173906789168516,-0.02722499860945506,-0.046754172992979896,-0.200169705348033,0.11367930237168804,-0.10026107060000965,0.25826405809585207,0.0,4,full
no_bridge,side=A_side|tfc=mid|phase=q4,24,O3_A_C_boundary,-0.06197435034363261,0.051036830029908054,0.05495386235875341,0.35113987729331586,0.12038380873292606,0.09959093345274857,0.11280652780766359,0.2100881603246844,-0.49524290345183486,-0.46936165034798966,0.1797800904190583,-0.19489477308776154,-0.26125964299230314,-0.21764856598329196,0.0,4,full
no_bridge,side=A_side|tfc=low|phase=q4,27,O3_A_C_boundary,0.04177731620087881,0.03787616570911808,0.09901635025367583,0.3845952920490417,0.1164295034295098,0.09959143221786901,0.10488179019756083,0.1576094661432248,-0.4990293695891515,-0.16269233729170107,0.31222497317797343,-0.10599199481885184,-0.1606654353496641,-0.14255021608196708,0.0,4,full
no_bridge,side=A_side|tfc=high|phase=q1,24,O1_lag0_AB,0.5774817563005644,0.32883286538107376,0.18034614428370438,0.227433364316895,0.03156000389723343,0.09433865333978103,0.10220374368062218,0.03528522510069035,0.7812298514271904,0.5709947964391912,0.6521875386079495,-0.03905079656422903,0.3441993377478722,0.3722263944319149,0.0,4,full
no_bridge,side=A_side|tfc=mid|phase=q1,22,O3_A_C_boundary,-0.06361842458949027,0.08736398895901025,0.16493108725941388,0.21396137578264357,0.08407945654304594,0.15371912387961295,0.1155699806564396,0.18037498691983372,-0.25373417036188567,-0.031328573812018486,0.05976514850516098,-0.26714648855985085,-0.05596880742361525,-0.1558065967379095,0.0,4,full
no_bridge,side=B_side|tfc=high|phase=q1,40,O1_lag0_AB,0.18735390694913073,0.38036675410974236,0.10497244048324246,0.10674600322828298,0.10311067616068592,0.10291221854032916,0.10259311485935947,0.09929879261835763,0.47005088116551225,0.019447551224283027,0.025311579606275447,0.013184333793257907,0.012510037970845754,0.011423094130950117,0.0,0,core_5
no_bridge,side=A_side|tfc=high|phase=q4,33,O3_A_C_boundary,0.33140188226804623,0.12351333101426698,0.05876049024106559,0.3795885799208906,0.10807289568912587,0.23305137930629508,0.022614484433219742,0.07439883939513618,0.1774180630209,-0.08258972673353068,0.5703766738550746,0.1306779660675906,0.39963650968886577,-0.4167974079772874,0.0,0,core_5
no_bridge,side=A_side|tfc=low|phase=q4,30,O3_A_C_boundary,-0.04156745680611022,0.042938672235692754,0.19925587986875057,0.2472255678432558,0.11160440719037462,0.09445932168732221,0.12532456482121432,0.17919158635338953,-0.5000389371946129,0.03714699763444564,0.11264596060761664,-0.16572325285774614,-0.22410019267822642,-0.12514203014044614,0.0,0,core_5
no_bridge,side=A_side|tfc=high|phase=q1,25,O1_lag0_AB,0.5317958607341237,0.40760541434942715,0.08660592827419761,0.2212787517456658,0.05239050314508597,0.0854334451992723,0.10447667800885742,0.04220927927749383,0.7936808249248412,0.25155486442980113,0.5798740996564369,0.07562983828745415,0.24678414919661665,0.3172133246051202,0.0,0,core_5
no_bridge,side=B_side|tfc=high|phase=q4,39,O1_lag0_AB,0.25375285686395715,0.26850196815817423,0.11417319955870887,0.13290494851878615,0.05243180175532651,0.2631189033869763,0.0881811157504144,0.0806880628716136,0.42079365985717504,0.12149408084831931,0.17466524439075823,-0.15087706674780332,0.4137053863650073,0.031080765947775195,0.0,0,core_5
no_bridge,side=B_side|tfc=low|phase=q1,37,O4_B_C_boundary,0.1256930738037507,0.03930161138843395,0.10276239338959987,0.07036183064673546,0.3066569673915214,0.06172226413491975,0.29211117818070753,0.12708375486808207,-0.41075329258525817,-0.07434941262337232,-0.20691839644839433,0.30830918879632124,-0.2527705759060701,0.29130084226386904,0.0,0,core_5
no_bridge,side=A_side|tfc=mid|phase=q4,23,O3_A_C_boundary,-0.04702435973365988,0.08651773726649158,0.039388651215146404,0.208975958406866,0.19347491336607284,0.08269463357700517,0.20483469373107752,0.18411341243734042,-0.2643208720778603,-0.5397259717794922,0.04433354594556714,0.01735857119714498,-0.28013903049631816,0.03732796974556184,0.0,0,core_5
no_bridge,side=B_side|tfc=mid|phase=q1,41,O6_phase_only,-0.08065695981961284,0.1512248225297639,0.11072837481435091,0.11074453021584355,0.11906825755867131,0.09581858359110615,0.22421921560845767,0.18819621568180636,-0.07655112449147938,-0.18564174663970356,-0.18559068494859804,-0.16022586908596473,-0.2362599643663905,0.06129868339656205,0.0,0,core_5
no_bridge,side=B_side|tfc=low|phase=q4,29,O4_B_C_boundary,-0.03176096413432206,0.10346897628836074,0.14669868751270868,0.028929007166919124,0.3385749780316244,0.05680660065507639,0.1320843443149552,0.19343740603035545,-0.21898875436347584,-0.09680063355388042,-0.6650382120034247,0.1959270570480891,-0.4288555072896924,-0.13352965026695987,0.0,0,core_5
no_bridge,side=A_side|tfc=mid|phase=q1,23,O3_A_C_boundary,-0.06338205546969904,0.10540915866791313,0.19022850682389875,0.22327653178749673,0.049208734180912615,0.14884469365641514,0.09606490908452557,0.18696746579883808,-0.20057978336142818,0.006051988248760564,0.06211675191936431,-0.46720222160079206,-0.07981091444866441,-0.23306868296081798,0.0,0,core_5
no_bridge,side=A_side|tfc=low|phase=q1,24,O3_A_C_boundary,0.43018868009922895,0.012018728740387131,0.07221676351145219,0.47470482680146076,0.17995782206551902,0.13104594392844984,0.06651503739901604,0.06354087755371514,-0.5828260474073909,0.044796066265366995,0.7038534138388035,0.36436367162462846,0.25335258862749854,0.016010613013650237,0.0,0,core_5
no_bridge,side=B_side|tfc=mid|phase=q4,39,O7_suppress_event,-0.09111951628415238,0.16452558651268145,0.15220140330217707,0.09634031970402969,0.07929465643169434,0.13387757974954118,0.18082860461129482,0.19293184968858146,-0.0557448209164613,-0.08299632271712376,-0.2430575337508487,-0.31120819588956544,-0.12789392619666892,-0.02267557926732864,0.0,0,core_5
no_bridge,side=B_side|tfc=low|phase=q4,41,O4_B_C_boundary,-0.06542933010340485,0.13327686290394902,0.1736829212396584,0.052382201136610684,0.24615633615370264,0.10976265763437731,0.09600599243504668,0.18873302849665516,-0.12176668991582376,-0.02908574330971068,-0.44861831286208426,0.09297168232188512,-0.18970458220398023,-0.23657300034161127,0.0,1,core_5
no_bridge,side=A_side|tfc=low|phase=q1,26,O3_A_C_boundary,0.3497898953620164,0.023731350502422567,0.07915699384644281,0.42443013535423163,0.10617565376152462,0.1757469245443736,0.1192959494302442,0.07146299256076051,-0.38583396219536387,0.03578869532221405,0.6235486887129165,0.13857028655169334,0.3149528558254309,0.17934967630245807,0.0,1,core_5
no_bridge,side=A_side|tfc=high|phase=q4,33,O3_A_C_boundary,0.24204894590181897,0.13026130319479592,0.07156900792078509,0.33741549422571165,0.13996878387655948,0.2078549578772296,0.02389397745592164,0.08903647544899673,0.1331737173748629,-0.0764343973001572,0.46629413922117374,0.1583306561057598,0.29672803870027326,-0.4603968895353912,0.0,1,core_5
no_bridge,side=B_side|tfc=high|phase=q1,45,O1_lag0_AB,0.19470617522417555,0.3767028004960869,0.14960575078829605,0.0758881489096254,0.11531649988496782,0.09600789305299914,0.08822555702725722,0.09825334984076751,0.47036752130138787,0.14715895623107014,-0.09040108485708621,0.05604591151004878,-0.008091628247319018,-0.037678431695095806,0.0,1,core_5
no_bridge,side=B_side|tfc=high|phase=q4,42,O5_full_TFC,0.3270011511304934,0.20743616618183128,0.1243155129939801,0.14576214740609314,0.05245775687579005,0.31740344894572964,0.08613926400693009,0.06648570358964587,0.398242851491885,0.21904254842471937,0.27474622873132415,-0.08294255415745262,0.5471153566696073,0.09064243807654733,0.0,1,core_5
no_bridge,side=B_side|tfc=low|phase=q1,38,O4_B_C_boundary,0.05791748339867039,0.05830217450115203,0.12049924855146942,0.09916245986327021,0.3373772982903862,0.08021312853346392,0.16310866546835692,0.14133702479190127,-0.3099277628637691,-0.05582631887332694,-0.1240357199068678,0.3045191094938795,-0.1982610301465974,0.05014427353944644,0.0,1,core_5
no_bridge,side=B_side|tfc=mid|phase=q4,39,O6_phase_only,-0.018815370388098208,0.13286150329552,0.19956921540088285,0.09032688960786087,0.07976817187313566,0.11077831597824803,0.22604840161729053,0.16064750222706214,-0.0664668481631802,0.0759320040501456,-0.20152206921369906,-0.24503078646783175,-0.13008852028562706,0.11953781184329736,0.0,1,core_5
no_bridge,side=B_side|tfc=mid|phase=q1,50,O6_phase_only,-0.01290883624315407,0.19727053577693443,0.09108835593576696,0.07906156236954746,0.17050526338762995,0.08645960674896229,0.21666534271235266,0.15894933306880632,0.07559670062589145,-0.19486442909093427,-0.24442553519955695,0.02456323627205873,-0.2131178562175826,0.10841896525312399,0.0,1,core_5
no_bridge,side=A_side|tfc=mid|phase=q4,26,O4_B_C_boundary,-0.04822371930754809,0.0970520077650781,0.05590765818016289,0.11605153125819205,0.2419560186653852,0.08050321522306095,0.2245270151956024,0.1840025537125185,-0.22389592366360386,-0.41693689371289566,-0.16132035812809953,0.09583221627090813,-0.2893283792346518,0.06966623947660502,0.0,1,core_5
no_bridge,side=A_side|tfc=low|phase=q4,24,O3_A_C_boundary,0.09076909394059098,0.03482034503106444,0.10231881842099831,0.3724927958548162,0.0996223324761045,0.08539843353714509,0.16857838993082952,0.136768884749042,-0.47883173987979405,-0.10156962176481266,0.35067380914747875,-0.11091715864195947,-0.16483766973898428,0.07318791728459458,0.0,1,core_5
no_bridge,side=A_side|tfc=high|phase=q1,26,O1_lag0_AB,0.5315515234254413,0.3578114491988886,0.1043383391223198,0.28798975660970105,0.05150686396093445,0.10476969219402849,0.050991764101002285,0.04259213481312545,0.7449177967042555,0.31358924523493575,0.668939356661285,0.06651591525389317,0.31503322410357393,0.06299808341351024,0.0,1,core_5
no_bridge,side=A_side|tfc=mid|phase=q1,17,O2_lag5_AB,-0.04556754000793854,0.14576059034378722,0.25318136563107696,0.09818440518275937,0.08165832766729647,0.15469105331283964,0.09159223681395781,0.17493202104828257,-0.0638511872923378,0.12939802568129857,-0.2021425179367041,-0.2666487742931262,-0.043038633362788466,-0.22646782555423406,0.0,1,core_5
no_bridge,side=B_side|tfc=low|phase=q4,43,O4_B_C_boundary,-0.05531068672783953,0.16639050701779004,0.17504733347565757,0.04453079675520773,0.23166274029232964,0.08836241569422004,0.10973246809317697,0.18427373867161798,-0.035729709627005765,-0.01797808175850191,-0.49708447267984296,0.08010108614837994,-0.25724147569043154,-0.18143197347354553,0.0,2,core_5
no_bridge,side=A_side|tfc=low|phase=q1,25,O6_phase_only,0.28048428820738525,0.01707842609773644,0.10753663741228918,0.26902263604964183,0.0789853934501881,0.16293043948354022,0.28400766597043237,0.08043880153617189,-0.5423882207342624,0.10161722784583205,0.4225546006519735,-0.006381803260946915,0.2470393422519181,0.44152659764893115,0.0,2,core_5
no_bridge,side=A_side|tfc=high|phase=q4,25,O4_B_C_boundary,0.2791533811041894,0.10245338371299198,0.056805720924943084,0.1251189883400662,0.3006548434801082,0.29662482269213186,0.0363698131518877,0.08197242769787096,0.07805873563296938,-0.1283610656890524,0.1480087868397324,0.45485298748785924,0.45012981085499204,-0.2844253375501146,0.0,2,core_5
no_bridge,side=B_side|tfc=high|phase=q1,40,O1_lag0_AB,0.22780652504902738,0.4268455652343827,0.1018083774142175,0.11293556222978823,0.09517869101761686,0.08387686588195016,0.08466508101721697,0.09468985720482753,0.5270353843714451,0.025369926272178607,0.06167368211901643,0.0018022175247870225,-0.042439967128072256,-0.039166273977009634,0.0,2,core_5
no_bridge,side=B_side|tfc=high|phase=q4,41,O5_full_TFC,0.32693773989887104,0.21397415441125966,0.0929731671164932,0.1596583322750115,0.050370054635945925,0.3583399358610838,0.05338122221745068,0.07130313348275533,0.3846202358703771,0.09287972805066244,0.2821335420280922,-0.12164020045454725,0.5650896310722038,-0.1013184319218122,0.0,2,core_5
no_bridge,side=B_side|tfc=low|phase=q1,39,O4_B_C_boundary,0.0012043453791399025,0.05281251563557821,0.09260496969950169,0.08069320795333423,0.2993789601053393,0.07170092919966885,0.23294483503570337,0.16986458237087448,-0.40888867045311966,-0.21233055782898064,-0.2605214982091882,0.19834802773084673,-0.30187424338985447,0.11053004224602225,0.0,2,core_5
no_bridge,side=B_side|tfc=mid|phase=q4,36,O2_lag5_AB,0.005971848805743378,0.18435828279452604,0.22771241251882518,0.07371264883297865,0.10627021866227732,0.12098126305848086,0.13869149612046422,0.14827367801244776,0.07623745902189624,0.15015830979795644,-0.24460986601718535,-0.11657613061854515,-0.07119842066870281,-0.023382704722328698,0.0,2,core_5
no_bridge,side=B_side|tfc=mid|phase=q1,50,O6_phase_only,0.027249796963808838,0.16733967696768012,0.12920555750026164,0.08555423194083377,0.12863468807654238,0.09244272498121074,0.25603886141606363,0.1407842591174077,0.06047898466305716,-0.03003841270565011,-0.17432736120196177,-0.03158824542734236,-0.14722378232940597,0.2093352078762285,0.0,2,core_5
no_bridge,side=A_side|tfc=mid|phase=q4,24,O4_B_C_boundary,-0.01559191152141165,0.06655653588100172,0.05065798904513148,0.12780757661098863,0.309057943494891,0.08967728807202216,0.18134478750932786,0.1748978793866371,-0.3381526774956745,-0.4336868579988355,-0.10978675124893945,0.19926428252049436,-0.23379465164251245,0.01266925288043047,0.0,2,core_5
no_bridge,side=A_side|tfc=low|phase=q4,32,O3_A_C_boundary,0.011881077793497986,0.04400659951978744,0.221797481750739,0.28463336320457466,0.11689453552564176,0.10551636893062606,0.06589424380147675,0.16125740726715435,-0.45453179779147784,0.11156699049887897,0.1988700056106798,-0.11260541902322783,-0.1484475280890272,-0.3132327803295851,0.0,2,core_5
no_bridge,side=A_side|tfc=high|phase=q1,22,O1_lag0_AB,0.4622663260570805,0.2571907797832175,0.1436278060063638,0.1957352698944177,0.04486534603480662,0.14828236669456155,0.16640039355952016,0.0438980380271127,0.6187819806250296,0.4148744760278889,0.5232127093343155,0.007628623206382143,0.4260370491723751,0.4663845432079953,0.0,2,core_5
no_bridge,side=A_side|tfc=mid|phase=q1,20,O2_lag5_AB,-0.035226169150346195,0.09135913853537007,0.2381200250998776,0.22804102463760878,0.043665366672611054,0.11786876647835665,0.10310741995917912,0.177838258616997,-0.2331266564318683,0.10216513157828251,0.08702787367184481,-0.4915117250827389,-0.14395591723612314,-0.19078609226467633,0.0,2,core_5
no_bridge,side=B_side|tfc=low|phase=q4,48,O4_B_C_boundary,-0.04909238292801639,0.1352411946771406,0.16031920863012697,0.045962580643403333,0.26954957065164264,0.09526544939568155,0.11042426149343033,0.18323773450857472,-0.10630360785292037,-0.046766133304454026,-0.4840348814869217,0.13508876627420444,-0.22894102216582327,-0.1772590875364456,0.0,3,core_5
no_bridge,side=A_side|tfc=low|phase=q1,19,O6_phase_only,0.28278943893638686,0.02770198934978921,0.17882872599389302,0.1323678399590577,0.06370230588206605,0.2546125406349938,0.26523539063944057,0.07755120754075971,-0.3603019813155271,0.2924215171953487,0.18712618846596668,-0.06885119486457095,0.41608156817820613,0.43038773317692014,0.0,3,core_5
no_bridge,side=A_side|tfc=high|phase=q4,30,O3_A_C_boundary,0.31031678801686874,0.15785210239769557,0.06280693781918553,0.33369830516857046,0.1624624315760358,0.19343544435184248,0.014513688432098692,0.07523109025457136,0.2593828839429395,-0.06317466314308673,0.5213854544798235,0.26945877174585126,0.33053273964674446,-0.5759153210444145,0.0,3,core_5
no_bridge,side=B_side|tfc=high|phase=q1,39,O1_lag0_AB,0.21603148028223418,0.4252322181823846,0.1327876797341182,0.07080797197329483,0.0676224699575412,0.09503459901083695,0.10959317079618527,0.09892189034563881,0.5104067020900996,0.10304731756860491,-0.11702563581082837,-0.13313658003591142,-0.014031334416212075,0.035855578501908424,0.0,3,core_5
no_bridge,side=B_side|tfc=high|phase=q4,33,O5_full_TFC,0.3836385725401926,0.24926302530371017,0.12057634246914076,0.07890401368331623,0.06434117095472765,0.3594653577934168,0.06621006780844516,0.061240021987243334,0.49129770747467055,0.2371187594868933,0.08870090853592812,0.017289576956645278,0.6194359081772881,0.02731106113919506,0.0,3,core_5
no_bridge,side=B_side|tfc=low|phase=q1,44,O6_phase_only,0.068496147456787,0.04444768525592849,0.13557694695768277,0.06714672206605626,0.25346699808318707,0.06338359552313663,0.29323454604606447,0.1427435060679444,-0.40835776467026624,-0.018028500872051857,-0.26395923721305403,0.20096449576770636,-0.28414549575556713,0.2519732009835515,0.0,3,core_5
no_bridge,side=B_side|tfc=mid|phase=q4,38,O2_lag5_AB,-0.013326270461513233,0.14201524786525646,0.2213103712060069,0.07844504191641226,0.08307065808282553,0.13551890210455303,0.18261061202933773,0.1570291667956081,-0.03517399644255934,0.12009709145454332,-0.24291165053264924,-0.22285900560532593,-0.051562152020769504,0.052823581604949904,0.0,3,core_5
no_bridge,side=B_side|tfc=mid|phase=q1,52,O6_phase_only,-0.027335424782303525,0.12741594253869246,0.11305494000903435,0.08599324142456781,0.13843474741627534,0.0957276626996385,0.27292070351571546,0.166452762396076,-0.09353914040070985,-0.13539318257721925,-0.2311549991644718,-0.06450936905560964,-0.19362148635263365,0.17306440544589302,0.0,3,core_5
no_bridge,side=A_side|tfc=mid|phase=q4,23,O4_B_C_boundary,-0.024176283502287267,0.11089169812914342,0.06543729328795013,0.13851894667348008,0.2341073040791976,0.08643518280719571,0.19892329171123455,0.16568628331179866,-0.1405397378934705,-0.32515133386714634,-0.06268115888776261,0.12098920187858604,-0.22774546879405203,0.06398809930561235,0.0,3,core_5
no_bridge,side=A_side|tfc=low|phase=q4,27,O2_lag5_AB,0.061405842093746,0.05999329685353021,0.3598366176093402,0.12804370170297036,0.09617586645876078,0.11223098531614041,0.10225638459525319,0.141463147464005,-0.30023224151853684,0.3267637965366833,-0.03488366560287822,-0.1350512741987627,-0.08101804367507831,-0.11359460252314332,0.0,3,core_5
no_bridge,side=A_side|tfc=high|phase=q1,19,O1_lag0_AB,0.6364701531720928,0.37582371232117584,0.16310256713850035,0.20462363713350343,0.06838184190238825,0.12373727964241886,0.03320668434896636,0.03112427751304695,0.8718962144033391,0.579736887477856,0.6591144816455975,0.2754917123135591,0.48306036215986553,0.02266706728514048,0.0,3,core_5
no_bridge,side=A_side|tfc=mid|phase=q1,22,O2_lag5_AB,-0.025374747080204842,0.10038004838372364,0.22000080369973554,0.19793549461220314,0.05472764854628884,0.15147902616281628,0.10972114931646872,0.16575582927876398,-0.17554331596127046,0.09909039069163596,0.062098888347330815,-0.3878513652784578,-0.03152401817395982,-0.14440077978917645,0.0,3,core_5
no_bridge,side=B_side|tfc=low|phase=q4,39,O7_suppress_event,-0.12793351274474762,0.11471925783334559,0.14759762471973445,0.06459322330467077,0.18424839073206686,0.15088024474778597,0.12056975252181985,0.2173915061405765,-0.22372419869713467,-0.13552352953340296,-0.4247566402981552,-0.0578952873997134,-0.1278247119499344,-0.20631501071113226,0.0,4,core_5
no_bridge,side=A_side|tfc=low|phase=q1,26,O3_A_C_boundary,0.3091107499996194,0.031760315176211536,0.08566094954366216,0.44595317715633437,0.11837790870834587,0.09636812881909101,0.1414814793717509,0.0803980412246042,-0.325070288548651,0.022192535450964685,0.5996284523405302,0.13541230856162628,0.0634150020111105,0.19781265268607487,0.0,4,core_5
no_bridge,side=A_side|tfc=high|phase=q4,27,O3_A_C_boundary,0.2942963796783861,0.14748416282270482,0.07017801403280824,0.31243325826445373,0.10109787052140298,0.27323502890028684,0.015606746915415201,0.0799649185429282,0.21424647266345676,-0.045693532052590365,0.476980998385281,0.08207536485028398,0.4300605106883495,-0.5718596467320407,0.0,4,core_5
no_bridge,side=B_side|tfc=high|phase=q1,36,O1_lag0_AB,0.20218710550834237,0.4166808630037171,0.0986668233582377,0.06854902601213217,0.13049218490698855,0.08284187261208607,0.10159200495186235,0.10117722515497611,0.495406425012165,-0.008793725466968843,-0.1362635701605685,0.08905387944206565,-0.06997901477386627,0.0014319049425834305,0.0,4,core_5
no_bridge,side=B_side|tfc=high|phase=q4,41,O5_full_TFC,0.3156300909265721,0.25942425166752126,0.09889450907295869,0.09388909707067973,0.04610824430583492,0.35073486543067484,0.07683266027386901,0.07411637217846165,0.43848990637598745,0.10094604174286896,0.08276723432766606,-0.16612563999273686,0.5440379398695094,0.012597675566913876,0.0,4,core_5
no_bridge,side=B_side|tfc=low|phase=q1,42,O4_B_C_boundary,0.08020360052428321,0.032899449003198404,0.13552745015783543,0.08235805082615887,0.30718531332659815,0.07271428873823105,0.2316480036805518,0.13766744426742636,-0.5009847649452466,-0.005483362050467863,-0.17981765806901684,0.2809135837341343,-0.22340606526936466,0.18213231445172604,0.0,4,core_5
no_bridge,side=B_side|tfc=mid|phase=q4,44,O6_phase_only,-0.04046990379100659,0.12364443365557583,0.1607659118474755,0.09491416819893567,0.0836366414633496,0.10461454109319857,0.2599035678460105,0.1725207358954543,-0.11658761146227516,-0.024698832922147987,-0.2091405563710111,-0.25341250138854854,-0.17508220771308983,0.14342763119341775,0.0,4,core_5
no_bridge,side=B_side|tfc=mid|phase=q1,47,O6_phase_only,0.05837410016985778,0.12188006622891903,0.11526569518427185,0.07435937546189117,0.18229408134670486,0.09892510078867633,0.2755366130978515,0.13173906789168516,-0.02722499860945506,-0.046754172992979896,-0.200169705348033,0.11367930237168804,-0.10026107060000965,0.25826405809585207,0.0,4,core_5
no_bridge,side=A_side|tfc=mid|phase=q4,24,O3_A_C_boundary,-0.06197435034363261,0.051036830029908054,0.05495386235875341,0.35113987729331586,0.12038380873292606,0.09959093345274857,0.11280652780766359,0.2100881603246844,-0.49524290345183486,-0.46936165034798966,0.1797800904190583,-0.19489477308776154,-0.26125964299230314,-0.21764856598329196,0.0,4,core_5
no_bridge,side=A_side|tfc=low|phase=q4,27,O3_A_C_boundary,0.04177731620087881,0.03787616570911808,0.09901635025367583,0.3845952920490417,0.1164295034295098,0.09959143221786901,0.10488179019756083,0.1576094661432248,-0.4990293695891515,-0.16269233729170107,0.31222497317797343,-0.10599199481885184,-0.1606654353496641,-0.14255021608196708,0.0,4,core_5
no_bridge,side=A_side|tfc=high|phase=q1,24,O1_lag0_AB,0.5774817563005644,0.32883286538107376,0.18034614428370438,0.227433364316895,0.03156000389723343,0.09433865333978103,0.10220374368062218,0.03528522510069035,0.7812298514271904,0.5709947964391912,0.6521875386079495,-0.03905079656422903,0.3441993377478722,0.3722263944319149,0.0,4,core_5
no_bridge,side=A_side|tfc=mid|phase=q1,22,O3_A_C_boundary,-0.06361842458949027,0.08736398895901025,0.16493108725941388,0.21396137578264357,0.08407945654304594,0.15371912387961295,0.1155699806564396,0.18037498691983372,-0.25373417036188567,-0.031328573812018486,0.05976514850516098,-0.26714648855985085,-0.05596880742361525,-0.1558065967379095,0.0,4,core_5
no_bridge,side=B_side|tfc=high|phase=q1,40,O1_lag0_AB,0.18735390694913073,0.38036675410974236,0.10497244048324246,0.10674600322828298,0.10311067616068592,0.10291221854032916,0.10259311485935947,0.09929879261835763,0.47005088116551225,0.019447551224283027,0.025311579606275447,0.013184333793257907,0.012510037970845754,0.011423094130950117,0.0,0,no_phase_only
no_bridge,side=A_side|tfc=high|phase=q4,33,O3_A_C_boundary,0.33140188226804623,0.12351333101426698,0.05876049024106559,0.3795885799208906,0.10807289568912587,0.23305137930629508,0.022614484433219742,0.07439883939513618,0.1774180630209,-0.08258972673353068,0.5703766738550746,0.1306779660675906,0.39963650968886577,-0.4167974079772874,0.0,0,no_phase_only
no_bridge,side=A_side|tfc=low|phase=q4,30,O3_A_C_boundary,-0.04156745680611022,0.042938672235692754,0.19925587986875057,0.2472255678432558,0.11160440719037462,0.09445932168732221,0.12532456482121432,0.17919158635338953,-0.5000389371946129,0.03714699763444564,0.11264596060761664,-0.16572325285774614,-0.22410019267822642,-0.12514203014044614,0.0,0,no_phase_only
no_bridge,side=A_side|tfc=high|phase=q1,25,O1_lag0_AB,0.5317958607341237,0.40760541434942715,0.08660592827419761,0.2212787517456658,0.05239050314508597,0.0854334451992723,0.10447667800885742,0.04220927927749383,0.7936808249248412,0.25155486442980113,0.5798740996564369,0.07562983828745415,0.24678414919661665,0.3172133246051202,0.0,0,no_phase_only
no_bridge,side=B_side|tfc=high|phase=q4,39,O1_lag0_AB,0.25375285686395715,0.26850196815817423,0.11417319955870887,0.13290494851878615,0.05243180175532651,0.2631189033869763,0.0881811157504144,0.0806880628716136,0.42079365985717504,0.12149408084831931,0.17466524439075823,-0.15087706674780332,0.4137053863650073,0.031080765947775195,0.0,0,no_phase_only
no_bridge,side=B_side|tfc=low|phase=q1,37,O4_B_C_boundary,0.1256930738037507,0.03930161138843395,0.10276239338959987,0.07036183064673546,0.3066569673915214,0.06172226413491975,0.29211117818070753,0.12708375486808207,-0.41075329258525817,-0.07434941262337232,-0.20691839644839433,0.30830918879632124,-0.2527705759060701,0.29130084226386904,0.0,0,no_phase_only
no_bridge,side=A_side|tfc=mid|phase=q4,23,O3_A_C_boundary,-0.04702435973365988,0.08651773726649158,0.039388651215146404,0.208975958406866,0.19347491336607284,0.08269463357700517,0.20483469373107752,0.18411341243734042,-0.2643208720778603,-0.5397259717794922,0.04433354594556714,0.01735857119714498,-0.28013903049631816,0.03732796974556184,0.0,0,no_phase_only
no_bridge,side=B_side|tfc=mid|phase=q1,41,O6_phase_only,-0.08065695981961284,0.1512248225297639,0.11072837481435091,0.11074453021584355,0.11906825755867131,0.09581858359110615,0.22421921560845767,0.18819621568180636,-0.07655112449147938,-0.18564174663970356,-0.18559068494859804,-0.16022586908596473,-0.2362599643663905,0.06129868339656205,0.0,0,no_phase_only
no_bridge,side=B_side|tfc=low|phase=q4,29,O4_B_C_boundary,-0.03176096413432206,0.10346897628836074,0.14669868751270868,0.028929007166919124,0.3385749780316244,0.05680660065507639,0.1320843443149552,0.19343740603035545,-0.21898875436347584,-0.09680063355388042,-0.6650382120034247,0.1959270570480891,-0.4288555072896924,-0.13352965026695987,0.0,0,no_phase_only
no_bridge,side=A_side|tfc=mid|phase=q1,23,O3_A_C_boundary,-0.06338205546969904,0.10540915866791313,0.19022850682389875,0.22327653178749673,0.049208734180912615,0.14884469365641514,0.09606490908452557,0.18696746579883808,-0.20057978336142818,0.006051988248760564,0.06211675191936431,-0.46720222160079206,-0.07981091444866441,-0.23306868296081798,0.0,0,no_phase_only
no_bridge,side=A_side|tfc=low|phase=q1,24,O3_A_C_boundary,0.43018868009922895,0.012018728740387131,0.07221676351145219,0.47470482680146076,0.17995782206551902,0.13104594392844984,0.06651503739901604,0.06354087755371514,-0.5828260474073909,0.044796066265366995,0.7038534138388035,0.36436367162462846,0.25335258862749854,0.016010613013650237,0.0,0,no_phase_only
no_bridge,side=B_side|tfc=mid|phase=q4,39,O7_suppress_event,-0.09111951628415238,0.16452558651268145,0.15220140330217707,0.09634031970402969,0.07929465643169434,0.13387757974954118,0.18082860461129482,0.19293184968858146,-0.0557448209164613,-0.08299632271712376,-0.2430575337508487,-0.31120819588956544,-0.12789392619666892,-0.02267557926732864,0.0,0,no_phase_only
no_bridge,side=B_side|tfc=low|phase=q4,41,O4_B_C_boundary,-0.06542933010340485,0.13327686290394902,0.1736829212396584,0.052382201136610684,0.24615633615370264,0.10976265763437731,0.09600599243504668,0.18873302849665516,-0.12176668991582376,-0.02908574330971068,-0.44861831286208426,0.09297168232188512,-0.18970458220398023,-0.23657300034161127,0.0,1,no_phase_only
no_bridge,side=A_side|tfc=low|phase=q1,26,O3_A_C_boundary,0.3497898953620164,0.023731350502422567,0.07915699384644281,0.42443013535423163,0.10617565376152462,0.1757469245443736,0.1192959494302442,0.07146299256076051,-0.38583396219536387,0.03578869532221405,0.6235486887129165,0.13857028655169334,0.3149528558254309,0.17934967630245807,0.0,1,no_phase_only
no_bridge,side=A_side|tfc=high|phase=q4,33,O3_A_C_boundary,0.24204894590181897,0.13026130319479592,0.07156900792078509,0.33741549422571165,0.13996878387655948,0.2078549578772296,0.02389397745592164,0.08903647544899673,0.1331737173748629,-0.0764343973001572,0.46629413922117374,0.1583306561057598,0.29672803870027326,-0.4603968895353912,0.0,1,no_phase_only
no_bridge,side=B_side|tfc=high|phase=q1,45,O1_lag0_AB,0.19470617522417555,0.3767028004960869,0.14960575078829605,0.0758881489096254,0.11531649988496782,0.09600789305299914,0.08822555702725722,0.09825334984076751,0.47036752130138787,0.14715895623107014,-0.09040108485708621,0.05604591151004878,-0.008091628247319018,-0.037678431695095806,0.0,1,no_phase_only
no_bridge,side=B_side|tfc=high|phase=q4,42,O5_full_TFC,0.3270011511304934,0.20743616618183128,0.1243155129939801,0.14576214740609314,0.05245775687579005,0.31740344894572964,0.08613926400693009,0.06648570358964587,0.398242851491885,0.21904254842471937,0.27474622873132415,-0.08294255415745262,0.5471153566696073,0.09064243807654733,0.0,1,no_phase_only
no_bridge,side=B_side|tfc=low|phase=q1,38,O4_B_C_boundary,0.05791748339867039,0.05830217450115203,0.12049924855146942,0.09916245986327021,0.3373772982903862,0.08021312853346392,0.16310866546835692,0.14133702479190127,-0.3099277628637691,-0.05582631887332694,-0.1240357199068678,0.3045191094938795,-0.1982610301465974,0.05014427353944644,0.0,1,no_phase_only
no_bridge,side=B_side|tfc=mid|phase=q4,39,O6_phase_only,-0.018815370388098208,0.13286150329552,0.19956921540088285,0.09032688960786087,0.07976817187313566,0.11077831597824803,0.22604840161729053,0.16064750222706214,-0.0664668481631802,0.0759320040501456,-0.20152206921369906,-0.24503078646783175,-0.13008852028562706,0.11953781184329736,0.0,1,no_phase_only
no_bridge,side=B_side|tfc=mid|phase=q1,50,O6_phase_only,-0.01290883624315407,0.19727053577693443,0.09108835593576696,0.07906156236954746,0.17050526338762995,0.08645960674896229,0.21666534271235266,0.15894933306880632,0.07559670062589145,-0.19486442909093427,-0.24442553519955695,0.02456323627205873,-0.2131178562175826,0.10841896525312399,0.0,1,no_phase_only
no_bridge,side=A_side|tfc=mid|phase=q4,26,O4_B_C_boundary,-0.04822371930754809,0.0970520077650781,0.05590765818016289,0.11605153125819205,0.2419560186653852,0.08050321522306095,0.2245270151956024,0.1840025537125185,-0.22389592366360386,-0.41693689371289566,-0.16132035812809953,0.09583221627090813,-0.2893283792346518,0.06966623947660502,0.0,1,no_phase_only
no_bridge,side=A_side|tfc=low|phase=q4,24,O3_A_C_boundary,0.09076909394059098,0.03482034503106444,0.10231881842099831,0.3724927958548162,0.0996223324761045,0.08539843353714509,0.16857838993082952,0.136768884749042,-0.47883173987979405,-0.10156962176481266,0.35067380914747875,-0.11091715864195947,-0.16483766973898428,0.07318791728459458,0.0,1,no_phase_only
no_bridge,side=A_side|tfc=high|phase=q1,26,O1_lag0_AB,0.5315515234254413,0.3578114491988886,0.1043383391223198,0.28798975660970105,0.05150686396093445,0.10476969219402849,0.050991764101002285,0.04259213481312545,0.7449177967042555,0.31358924523493575,0.668939356661285,0.06651591525389317,0.31503322410357393,0.06299808341351024,0.0,1,no_phase_only
no_bridge,side=A_side|tfc=mid|phase=q1,17,O2_lag5_AB,-0.04556754000793854,0.14576059034378722,0.25318136563107696,0.09818440518275937,0.08165832766729647,0.15469105331283964,0.09159223681395781,0.17493202104828257,-0.0638511872923378,0.12939802568129857,-0.2021425179367041,-0.2666487742931262,-0.043038633362788466,-0.22646782555423406,0.0,1,no_phase_only
no_bridge,side=B_side|tfc=low|phase=q4,43,O4_B_C_boundary,-0.05531068672783953,0.16639050701779004,0.17504733347565757,0.04453079675520773,0.23166274029232964,0.08836241569422004,0.10973246809317697,0.18427373867161798,-0.035729709627005765,-0.01797808175850191,-0.49708447267984296,0.08010108614837994,-0.25724147569043154,-0.18143197347354553,0.0,2,no_phase_only
no_bridge,side=A_side|tfc=low|phase=q1,25,O6_phase_only,0.28048428820738525,0.01707842609773644,0.10753663741228918,0.26902263604964183,0.0789853934501881,0.16293043948354022,0.28400766597043237,0.08043880153617189,-0.5423882207342624,0.10161722784583205,0.4225546006519735,-0.006381803260946915,0.2470393422519181,0.44152659764893115,0.0,2,no_phase_only
no_bridge,side=A_side|tfc=high|phase=q4,25,O4_B_C_boundary,0.2791533811041894,0.10245338371299198,0.056805720924943084,0.1251189883400662,0.3006548434801082,0.29662482269213186,0.0363698131518877,0.08197242769787096,0.07805873563296938,-0.1283610656890524,0.1480087868397324,0.45485298748785924,0.45012981085499204,-0.2844253375501146,0.0,2,no_phase_only
no_bridge,side=B_side|tfc=high|phase=q1,40,O1_lag0_AB,0.22780652504902738,0.4268455652343827,0.1018083774142175,0.11293556222978823,0.09517869101761686,0.08387686588195016,0.08466508101721697,0.09468985720482753,0.5270353843714451,0.025369926272178607,0.06167368211901643,0.0018022175247870225,-0.042439967128072256,-0.039166273977009634,0.0,2,no_phase_only
no_bridge,side=B_side|tfc=high|phase=q4,41,O5_full_TFC,0.32693773989887104,0.21397415441125966,0.0929731671164932,0.1596583322750115,0.050370054635945925,0.3583399358610838,0.05338122221745068,0.07130313348275533,0.3846202358703771,0.09287972805066244,0.2821335420280922,-0.12164020045454725,0.5650896310722038,-0.1013184319218122,0.0,2,no_phase_only
no_bridge,side=B_side|tfc=low|phase=q1,39,O4_B_C_boundary,0.0012043453791399025,0.05281251563557821,0.09260496969950169,0.08069320795333423,0.2993789601053393,0.07170092919966885,0.23294483503570337,0.16986458237087448,-0.40888867045311966,-0.21233055782898064,-0.2605214982091882,0.19834802773084673,-0.30187424338985447,0.11053004224602225,0.0,2,no_phase_only
no_bridge,side=B_side|tfc=mid|phase=q4,36,O2_lag5_AB,0.005971848805743378,0.18435828279452604,0.22771241251882518,0.07371264883297865,0.10627021866227732,0.12098126305848086,0.13869149612046422,0.14827367801244776,0.07623745902189624,0.15015830979795644,-0.24460986601718535,-0.11657613061854515,-0.07119842066870281,-0.023382704722328698,0.0,2,no_phase_only
no_bridge,side=B_side|tfc=mid|phase=q1,50,O6_phase_only,0.027249796963808838,0.16733967696768012,0.12920555750026164,0.08555423194083377,0.12863468807654238,0.09244272498121074,0.25603886141606363,0.1407842591174077,0.06047898466305716,-0.03003841270565011,-0.17432736120196177,-0.03158824542734236,-0.14722378232940597,0.2093352078762285,0.0,2,no_phase_only
no_bridge,side=A_side|tfc=mid|phase=q4,24,O4_B_C_boundary,-0.01559191152141165,0.06655653588100172,0.05065798904513148,0.12780757661098863,0.309057943494891,0.08967728807202216,0.18134478750932786,0.1748978793866371,-0.3381526774956745,-0.4336868579988355,-0.10978675124893945,0.19926428252049436,-0.23379465164251245,0.01266925288043047,0.0,2,no_phase_only
no_bridge,side=A_side|tfc=low|phase=q4,32,O3_A_C_boundary,0.011881077793497986,0.04400659951978744,0.221797481750739,0.28463336320457466,0.11689453552564176,0.10551636893062606,0.06589424380147675,0.16125740726715435,-0.45453179779147784,0.11156699049887897,0.1988700056106798,-0.11260541902322783,-0.1484475280890272,-0.3132327803295851,0.0,2,no_phase_only
no_bridge,side=A_side|tfc=high|phase=q1,22,O1_lag0_AB,0.4622663260570805,0.2571907797832175,0.1436278060063638,0.1957352698944177,0.04486534603480662,0.14828236669456155,0.16640039355952016,0.0438980380271127,0.6187819806250296,0.4148744760278889,0.5232127093343155,0.007628623206382143,0.4260370491723751,0.4663845432079953,0.0,2,no_phase_only
no_bridge,side=A_side|tfc=mid|phase=q1,20,O2_lag5_AB,-0.035226169150346195,0.09135913853537007,0.2381200250998776,0.22804102463760878,0.043665366672611054,0.11786876647835665,0.10310741995917912,0.177838258616997,-0.2331266564318683,0.10216513157828251,0.08702787367184481,-0.4915117250827389,-0.14395591723612314,-0.19078609226467633,0.0,2,no_phase_only
no_bridge,side=B_side|tfc=low|phase=q4,48,O4_B_C_boundary,-0.04909238292801639,0.1352411946771406,0.16031920863012697,0.045962580643403333,0.26954957065164264,0.09526544939568155,0.11042426149343033,0.18323773450857472,-0.10630360785292037,-0.046766133304454026,-0.4840348814869217,0.13508876627420444,-0.22894102216582327,-0.1772590875364456,0.0,3,no_phase_only
no_bridge,side=A_side|tfc=low|phase=q1,19,O6_phase_only,0.28278943893638686,0.02770198934978921,0.17882872599389302,0.1323678399590577,0.06370230588206605,0.2546125406349938,0.26523539063944057,0.07755120754075971,-0.3603019813155271,0.2924215171953487,0.18712618846596668,-0.06885119486457095,0.41608156817820613,0.43038773317692014,0.0,3,no_phase_only
no_bridge,side=A_side|tfc=high|phase=q4,30,O3_A_C_boundary,0.31031678801686874,0.15785210239769557,0.06280693781918553,0.33369830516857046,0.1624624315760358,0.19343544435184248,0.014513688432098692,0.07523109025457136,0.2593828839429395,-0.06317466314308673,0.5213854544798235,0.26945877174585126,0.33053273964674446,-0.5759153210444145,0.0,3,no_phase_only
no_bridge,side=B_side|tfc=high|phase=q1,39,O1_lag0_AB,0.21603148028223418,0.4252322181823846,0.1327876797341182,0.07080797197329483,0.0676224699575412,0.09503459901083695,0.10959317079618527,0.09892189034563881,0.5104067020900996,0.10304731756860491,-0.11702563581082837,-0.13313658003591142,-0.014031334416212075,0.035855578501908424,0.0,3,no_phase_only
no_bridge,side=B_side|tfc=high|phase=q4,33,O5_full_TFC,0.3836385725401926,0.24926302530371017,0.12057634246914076,0.07890401368331623,0.06434117095472765,0.3594653577934168,0.06621006780844516,0.061240021987243334,0.49129770747467055,0.2371187594868933,0.08870090853592812,0.017289576956645278,0.6194359081772881,0.02731106113919506,0.0,3,no_phase_only
no_bridge,side=B_side|tfc=low|phase=q1,44,O6_phase_only,0.068496147456787,0.04444768525592849,0.13557694695768277,0.06714672206605626,0.25346699808318707,0.06338359552313663,0.29323454604606447,0.1427435060679444,-0.40835776467026624,-0.018028500872051857,-0.26395923721305403,0.20096449576770636,-0.28414549575556713,0.2519732009835515,0.0,3,no_phase_only
no_bridge,side=B_side|tfc=mid|phase=q4,38,O2_lag5_AB,-0.013326270461513233,0.14201524786525646,0.2213103712060069,0.07844504191641226,0.08307065808282553,0.13551890210455303,0.18261061202933773,0.1570291667956081,-0.03517399644255934,0.12009709145454332,-0.24291165053264924,-0.22285900560532593,-0.051562152020769504,0.052823581604949904,0.0,3,no_phase_only
no_bridge,side=B_side|tfc=mid|phase=q1,52,O6_phase_only,-0.027335424782303525,0.12741594253869246,0.11305494000903435,0.08599324142456781,0.13843474741627534,0.0957276626996385,0.27292070351571546,0.166452762396076,-0.09353914040070985,-0.13539318257721925,-0.2311549991644718,-0.06450936905560964,-0.19362148635263365,0.17306440544589302,0.0,3,no_phase_only
no_bridge,side=A_side|tfc=mid|phase=q4,23,O4_B_C_boundary,-0.024176283502287267,0.11089169812914342,0.06543729328795013,0.13851894667348008,0.2341073040791976,0.08643518280719571,0.19892329171123455,0.16568628331179866,-0.1405397378934705,-0.32515133386714634,-0.06268115888776261,0.12098920187858604,-0.22774546879405203,0.06398809930561235,0.0,3,no_phase_only
no_bridge,side=A_side|tfc=low|phase=q4,27,O2_lag5_AB,0.061405842093746,0.05999329685353021,0.3598366176093402,0.12804370170297036,0.09617586645876078,0.11223098531614041,0.10225638459525319,0.141463147464005,-0.30023224151853684,0.3267637965366833,-0.03488366560287822,-0.1350512741987627,-0.08101804367507831,-0.11359460252314332,0.0,3,no_phase_only
no_bridge,side=A_side|tfc=high|phase=q1,19,O1_lag0_AB,0.6364701531720928,0.37582371232117584,0.16310256713850035,0.20462363713350343,0.06838184190238825,0.12373727964241886,0.03320668434896636,0.03112427751304695,0.8718962144033391,0.579736887477856,0.6591144816455975,0.2754917123135591,0.48306036215986553,0.02266706728514048,0.0,3,no_phase_only
no_bridge,side=A_side|tfc=mid|phase=q1,22,O2_lag5_AB,-0.025374747080204842,0.10038004838372364,0.22000080369973554,0.19793549461220314,0.05472764854628884,0.15147902616281628,0.10972114931646872,0.16575582927876398,-0.17554331596127046,0.09909039069163596,0.062098888347330815,-0.3878513652784578,-0.03152401817395982,-0.14440077978917645,0.0,3,no_phase_only
no_bridge,side=B_side|tfc=low|phase=q4,39,O7_suppress_event,-0.12793351274474762,0.11471925783334559,0.14759762471973445,0.06459322330467077,0.18424839073206686,0.15088024474778597,0.12056975252181985,0.2173915061405765,-0.22372419869713467,-0.13552352953340296,-0.4247566402981552,-0.0578952873997134,-0.1278247119499344,-0.20631501071113226,0.0,4,no_phase_only
no_bridge,side=A_side|tfc=low|phase=q1,26,O3_A_C_boundary,0.3091107499996194,0.031760315176211536,0.08566094954366216,0.44595317715633437,0.11837790870834587,0.09636812881909101,0.1414814793717509,0.0803980412246042,-0.325070288548651,0.022192535450964685,0.5996284523405302,0.13541230856162628,0.0634150020111105,0.19781265268607487,0.0,4,no_phase_only
no_bridge,side=A_side|tfc=high|phase=q4,27,O3_A_C_boundary,0.2942963796783861,0.14748416282270482,0.07017801403280824,0.31243325826445373,0.10109787052140298,0.27323502890028684,0.015606746915415201,0.0799649185429282,0.21424647266345676,-0.045693532052590365,0.476980998385281,0.08207536485028398,0.4300605106883495,-0.5718596467320407,0.0,4,no_phase_only
no_bridge,side=B_side|tfc=high|phase=q1,36,O1_lag0_AB,0.20218710550834237,0.4166808630037171,0.0986668233582377,0.06854902601213217,0.13049218490698855,0.08284187261208607,0.10159200495186235,0.10117722515497611,0.495406425012165,-0.008793725466968843,-0.1362635701605685,0.08905387944206565,-0.06997901477386627,0.0014319049425834305,0.0,4,no_phase_only
no_bridge,side=B_side|tfc=high|phase=q4,41,O5_full_TFC,0.3156300909265721,0.25942425166752126,0.09889450907295869,0.09388909707067973,0.04610824430583492,0.35073486543067484,0.07683266027386901,0.07411637217846165,0.43848990637598745,0.10094604174286896,0.08276723432766606,-0.16612563999273686,0.5440379398695094,0.012597675566913876,0.0,4,no_phase_only
no_bridge,side=B_side|tfc=low|phase=q1,42,O4_B_C_boundary,0.08020360052428321,0.032899449003198404,0.13552745015783543,0.08235805082615887,0.30718531332659815,0.07271428873823105,0.2316480036805518,0.13766744426742636,-0.5009847649452466,-0.005483362050467863,-0.17981765806901684,0.2809135837341343,-0.22340606526936466,0.18213231445172604,0.0,4,no_phase_only
no_bridge,side=B_side|tfc=mid|phase=q4,44,O6_phase_only,-0.04046990379100659,0.12364443365557583,0.1607659118474755,0.09491416819893567,0.0836366414633496,0.10461454109319857,0.2599035678460105,0.1725207358954543,-0.11658761146227516,-0.024698832922147987,-0.2091405563710111,-0.25341250138854854,-0.17508220771308983,0.14342763119341775,0.0,4,no_phase_only
no_bridge,side=B_side|tfc=mid|phase=q1,47,O6_phase_only,0.05837410016985778,0.12188006622891903,0.11526569518427185,0.07435937546189117,0.18229408134670486,0.09892510078867633,0.2755366130978515,0.13173906789168516,-0.02722499860945506,-0.046754172992979896,-0.200169705348033,0.11367930237168804,-0.10026107060000965,0.25826405809585207,0.0,4,no_phase_only
no_bridge,side=A_side|tfc=mid|phase=q4,24,O3_A_C_boundary,-0.06197435034363261,0.051036830029908054,0.05495386235875341,0.35113987729331586,0.12038380873292606,0.09959093345274857,0.11280652780766359,0.2100881603246844,-0.49524290345183486,-0.46936165034798966,0.1797800904190583,-0.19489477308776154,-0.26125964299230314,-0.21764856598329196,0.0,4,no_phase_only
no_bridge,side=A_side|tfc=low|phase=q4,27,O3_A_C_boundary,0.04177731620087881,0.03787616570911808,0.09901635025367583,0.3845952920490417,0.1164295034295098,0.09959143221786901,0.10488179019756083,0.1576094661432248,-0.4990293695891515,-0.16269233729170107,0.31222497317797343,-0.10599199481885184,-0.1606654353496641,-0.14255021608196708,0.0,4,no_phase_only
no_bridge,side=A_side|tfc=high|phase=q1,24,O1_lag0_AB,0.5774817563005644,0.32883286538107376,0.18034614428370438,0.227433364316895,0.03156000389723343,0.09433865333978103,0.10220374368062218,0.03528522510069035,0.7812298514271904,0.5709947964391912,0.6521875386079495,-0.03905079656422903,0.3441993377478722,0.3722263944319149,0.0,4,no_phase_only
no_bridge,side=A_side|tfc=mid|phase=q1,22,O3_A_C_boundary,-0.06361842458949027,0.08736398895901025,0.16493108725941388,0.21396137578264357,0.08407945654304594,0.15371912387961295,0.1155699806564396,0.18037498691983372,-0.25373417036188567,-0.031328573812018486,0.05976514850516098,-0.26714648855985085,-0.05596880742361525,-0.1558065967379095,0.0,4,no_phase_only
no_bridge,side=B_side|tfc=high|phase=q1,40,O1_lag0_AB,0.18735390694913073,0.38036675410974236,0.10497244048324246,0.10674600322828298,0.10311067616068592,0.10291221854032916,0.10259311485935947,0.09929879261835763,0.47005088116551225,0.019447551224283027,0.025311579606275447,0.013184333793257907,0.012510037970845754,0.011423094130950117,0.0,0,no_suppress
no_bridge,side=A_side|tfc=high|phase=q4,33,O3_A_C_boundary,0.33140188226804623,0.12351333101426698,0.05876049024106559,0.3795885799208906,0.10807289568912587,0.23305137930629508,0.022614484433219742,0.07439883939513618,0.1774180630209,-0.08258972673353068,0.5703766738550746,0.1306779660675906,0.39963650968886577,-0.4167974079772874,0.0,0,no_suppress
no_bridge,side=A_side|tfc=low|phase=q4,30,O3_A_C_boundary,-0.04156745680611022,0.042938672235692754,0.19925587986875057,0.2472255678432558,0.11160440719037462,0.09445932168732221,0.12532456482121432,0.17919158635338953,-0.5000389371946129,0.03714699763444564,0.11264596060761664,-0.16572325285774614,-0.22410019267822642,-0.12514203014044614,0.0,0,no_suppress
no_bridge,side=A_side|tfc=high|phase=q1,25,O1_lag0_AB,0.5317958607341237,0.40760541434942715,0.08660592827419761,0.2212787517456658,0.05239050314508597,0.0854334451992723,0.10447667800885742,0.04220927927749383,0.7936808249248412,0.25155486442980113,0.5798740996564369,0.07562983828745415,0.24678414919661665,0.3172133246051202,0.0,0,no_suppress
no_bridge,side=B_side|tfc=high|phase=q4,39,O1_lag0_AB,0.25375285686395715,0.26850196815817423,0.11417319955870887,0.13290494851878615,0.05243180175532651,0.2631189033869763,0.0881811157504144,0.0806880628716136,0.42079365985717504,0.12149408084831931,0.17466524439075823,-0.15087706674780332,0.4137053863650073,0.031080765947775195,0.0,0,no_suppress
no_bridge,side=B_side|tfc=low|phase=q1,37,O4_B_C_boundary,0.1256930738037507,0.03930161138843395,0.10276239338959987,0.07036183064673546,0.3066569673915214,0.06172226413491975,0.29211117818070753,0.12708375486808207,-0.41075329258525817,-0.07434941262337232,-0.20691839644839433,0.30830918879632124,-0.2527705759060701,0.29130084226386904,0.0,0,no_suppress
no_bridge,side=A_side|tfc=mid|phase=q4,23,O3_A_C_boundary,-0.04702435973365988,0.08651773726649158,0.039388651215146404,0.208975958406866,0.19347491336607284,0.08269463357700517,0.20483469373107752,0.18411341243734042,-0.2643208720778603,-0.5397259717794922,0.04433354594556714,0.01735857119714498,-0.28013903049631816,0.03732796974556184,0.0,0,no_suppress
no_bridge,side=B_side|tfc=mid|phase=q1,41,O6_phase_only,-0.08065695981961284,0.1512248225297639,0.11072837481435091,0.11074453021584355,0.11906825755867131,0.09581858359110615,0.22421921560845767,0.18819621568180636,-0.07655112449147938,-0.18564174663970356,-0.18559068494859804,-0.16022586908596473,-0.2362599643663905,0.06129868339656205,0.0,0,no_suppress
no_bridge,side=B_side|tfc=low|phase=q4,29,O4_B_C_boundary,-0.03176096413432206,0.10346897628836074,0.14669868751270868,0.028929007166919124,0.3385749780316244,0.05680660065507639,0.1320843443149552,0.19343740603035545,-0.21898875436347584,-0.09680063355388042,-0.6650382120034247,0.1959270570480891,-0.4288555072896924,-0.13352965026695987,0.0,0,no_suppress
no_bridge,side=A_side|tfc=mid|phase=q1,23,O3_A_C_boundary,-0.06338205546969904,0.10540915866791313,0.19022850682389875,0.22327653178749673,0.049208734180912615,0.14884469365641514,0.09606490908452557,0.18696746579883808,-0.20057978336142818,0.006051988248760564,0.06211675191936431,-0.46720222160079206,-0.07981091444866441,-0.23306868296081798,0.0,0,no_suppress
no_bridge,side=A_side|tfc=low|phase=q1,24,O3_A_C_boundary,0.43018868009922895,0.012018728740387131,0.07221676351145219,0.47470482680146076,0.17995782206551902,0.13104594392844984,0.06651503739901604,0.06354087755371514,-0.5828260474073909,0.044796066265366995,0.7038534138388035,0.36436367162462846,0.25335258862749854,0.016010613013650237,0.0,0,no_suppress
no_bridge,side=B_side|tfc=mid|phase=q4,39,O7_suppress_event,-0.09111951628415238,0.16452558651268145,0.15220140330217707,0.09634031970402969,0.07929465643169434,0.13387757974954118,0.18082860461129482,0.19293184968858146,-0.0557448209164613,-0.08299632271712376,-0.2430575337508487,-0.31120819588956544,-0.12789392619666892,-0.02267557926732864,0.0,0,no_suppress
no_bridge,side=B_side|tfc=low|phase=q4,41,O4_B_C_boundary,-0.06542933010340485,0.13327686290394902,0.1736829212396584,0.052382201136610684,0.24615633615370264,0.10976265763437731,0.09600599243504668,0.18873302849665516,-0.12176668991582376,-0.02908574330971068,-0.44861831286208426,0.09297168232188512,-0.18970458220398023,-0.23657300034161127,0.0,1,no_suppress
no_bridge,side=A_side|tfc=low|phase=q1,26,O3_A_C_boundary,0.3497898953620164,0.023731350502422567,0.07915699384644281,0.42443013535423163,0.10617565376152462,0.1757469245443736,0.1192959494302442,0.07146299256076051,-0.38583396219536387,0.03578869532221405,0.6235486887129165,0.13857028655169334,0.3149528558254309,0.17934967630245807,0.0,1,no_suppress
no_bridge,side=A_side|tfc=high|phase=q4,33,O3_A_C_boundary,0.24204894590181897,0.13026130319479592,0.07156900792078509,0.33741549422571165,0.13996878387655948,0.2078549578772296,0.02389397745592164,0.08903647544899673,0.1331737173748629,-0.0764343973001572,0.46629413922117374,0.1583306561057598,0.29672803870027326,-0.4603968895353912,0.0,1,no_suppress
no_bridge,side=B_side|tfc=high|phase=q1,45,O1_lag0_AB,0.19470617522417555,0.3767028004960869,0.14960575078829605,0.0758881489096254,0.11531649988496782,0.09600789305299914,0.08822555702725722,0.09825334984076751,0.47036752130138787,0.14715895623107014,-0.09040108485708621,0.05604591151004878,-0.008091628247319018,-0.037678431695095806,0.0,1,no_suppress
no_bridge,side=B_side|tfc=high|phase=q4,42,O5_full_TFC,0.3270011511304934,0.20743616618183128,0.1243155129939801,0.14576214740609314,0.05245775687579005,0.31740344894572964,0.08613926400693009,0.06648570358964587,0.398242851491885,0.21904254842471937,0.27474622873132415,-0.08294255415745262,0.5471153566696073,0.09064243807654733,0.0,1,no_suppress
no_bridge,side=B_side|tfc=low|phase=q1,38,O4_B_C_boundary,0.05791748339867039,0.05830217450115203,0.12049924855146942,0.09916245986327021,0.3373772982903862,0.08021312853346392,0.16310866546835692,0.14133702479190127,-0.3099277628637691,-0.05582631887332694,-0.1240357199068678,0.3045191094938795,-0.1982610301465974,0.05014427353944644,0.0,1,no_suppress
no_bridge,side=B_side|tfc=mid|phase=q4,39,O6_phase_only,-0.018815370388098208,0.13286150329552,0.19956921540088285,0.09032688960786087,0.07976817187313566,0.11077831597824803,0.22604840161729053,0.16064750222706214,-0.0664668481631802,0.0759320040501456,-0.20152206921369906,-0.24503078646783175,-0.13008852028562706,0.11953781184329736,0.0,1,no_suppress
no_bridge,side=B_side|tfc=mid|phase=q1,50,O6_phase_only,-0.01290883624315407,0.19727053577693443,0.09108835593576696,0.07906156236954746,0.17050526338762995,0.08645960674896229,0.21666534271235266,0.15894933306880632,0.07559670062589145,-0.19486442909093427,-0.24442553519955695,0.02456323627205873,-0.2131178562175826,0.10841896525312399,0.0,1,no_suppress
no_bridge,side=A_side|tfc=mid|phase=q4,26,O4_B_C_boundary,-0.04822371930754809,0.0970520077650781,0.05590765818016289,0.11605153125819205,0.2419560186653852,0.08050321522306095,0.2245270151956024,0.1840025537125185,-0.22389592366360386,-0.41693689371289566,-0.16132035812809953,0.09583221627090813,-0.2893283792346518,0.06966623947660502,0.0,1,no_suppress
no_bridge,side=A_side|tfc=low|phase=q4,24,O3_A_C_boundary,0.09076909394059098,0.03482034503106444,0.10231881842099831,0.3724927958548162,0.0996223324761045,0.08539843353714509,0.16857838993082952,0.136768884749042,-0.47883173987979405,-0.10156962176481266,0.35067380914747875,-0.11091715864195947,-0.16483766973898428,0.07318791728459458,0.0,1,no_suppress
no_bridge,side=A_side|tfc=high|phase=q1,26,O1_lag0_AB,0.5315515234254413,0.3578114491988886,0.1043383391223198,0.28798975660970105,0.05150686396093445,0.10476969219402849,0.050991764101002285,0.04259213481312545,0.7449177967042555,0.31358924523493575,0.668939356661285,0.06651591525389317,0.31503322410357393,0.06299808341351024,0.0,1,no_suppress
no_bridge,side=A_side|tfc=mid|phase=q1,17,O2_lag5_AB,-0.04556754000793854,0.14576059034378722,0.25318136563107696,0.09818440518275937,0.08165832766729647,0.15469105331283964,0.09159223681395781,0.17493202104828257,-0.0638511872923378,0.12939802568129857,-0.2021425179367041,-0.2666487742931262,-0.043038633362788466,-0.22646782555423406,0.0,1,no_suppress
no_bridge,side=B_side|tfc=low|phase=q4,43,O4_B_C_boundary,-0.05531068672783953,0.16639050701779004,0.17504733347565757,0.04453079675520773,0.23166274029232964,0.08836241569422004,0.10973246809317697,0.18427373867161798,-0.035729709627005765,-0.01797808175850191,-0.49708447267984296,0.08010108614837994,-0.25724147569043154,-0.18143197347354553,0.0,2,no_suppress
no_bridge,side=A_side|tfc=low|phase=q1,25,O6_phase_only,0.28048428820738525,0.01707842609773644,0.10753663741228918,0.26902263604964183,0.0789853934501881,0.16293043948354022,0.28400766597043237,0.08043880153617189,-0.5423882207342624,0.10161722784583205,0.4225546006519735,-0.006381803260946915,0.2470393422519181,0.44152659764893115,0.0,2,no_suppress
no_bridge,side=A_side|tfc=high|phase=q4,25,O4_B_C_boundary,0.2791533811041894,0.10245338371299198,0.056805720924943084,0.1251189883400662,0.3006548434801082,0.29662482269213186,0.0363698131518877,0.08197242769787096,0.07805873563296938,-0.1283610656890524,0.1480087868397324,0.45485298748785924,0.45012981085499204,-0.2844253375501146,0.0,2,no_suppress
no_bridge,side=B_side|tfc=high|phase=q1,40,O1_lag0_AB,0.22780652504902738,0.4268455652343827,0.1018083774142175,0.11293556222978823,0.09517869101761686,0.08387686588195016,0.08466508101721697,0.09468985720482753,0.5270353843714451,0.025369926272178607,0.06167368211901643,0.0018022175247870225,-0.042439967128072256,-0.039166273977009634,0.0,2,no_suppress
no_bridge,side=B_side|tfc=high|phase=q4,41,O5_full_TFC,0.32693773989887104,0.21397415441125966,0.0929731671164932,0.1596583322750115,0.050370054635945925,0.3583399358610838,0.05338122221745068,0.07130313348275533,0.3846202358703771,0.09287972805066244,0.2821335420280922,-0.12164020045454725,0.5650896310722038,-0.1013184319218122,0.0,2,no_suppress
no_bridge,side=B_side|tfc=low|phase=q1,39,O4_B_C_boundary,0.0012043453791399025,0.05281251563557821,0.09260496969950169,0.08069320795333423,0.2993789601053393,0.07170092919966885,0.23294483503570337,0.16986458237087448,-0.40888867045311966,-0.21233055782898064,-0.2605214982091882,0.19834802773084673,-0.30187424338985447,0.11053004224602225,0.0,2,no_suppress
no_bridge,side=B_side|tfc=mid|phase=q4,36,O2_lag5_AB,0.005971848805743378,0.18435828279452604,0.22771241251882518,0.07371264883297865,0.10627021866227732,0.12098126305848086,0.13869149612046422,0.14827367801244776,0.07623745902189624,0.15015830979795644,-0.24460986601718535,-0.11657613061854515,-0.07119842066870281,-0.023382704722328698,0.0,2,no_suppress
no_bridge,side=B_side|tfc=mid|phase=q1,50,O6_phase_only,0.027249796963808838,0.16733967696768012,0.12920555750026164,0.08555423194083377,0.12863468807654238,0.09244272498121074,0.25603886141606363,0.1407842591174077,0.06047898466305716,-0.03003841270565011,-0.17432736120196177,-0.03158824542734236,-0.14722378232940597,0.2093352078762285,0.0,2,no_suppress
no_bridge,side=A_side|tfc=mid|phase=q4,24,O4_B_C_boundary,-0.01559191152141165,0.06655653588100172,0.05065798904513148,0.12780757661098863,0.309057943494891,0.08967728807202216,0.18134478750932786,0.1748978793866371,-0.3381526774956745,-0.4336868579988355,-0.10978675124893945,0.19926428252049436,-0.23379465164251245,0.01266925288043047,0.0,2,no_suppress
no_bridge,side=A_side|tfc=low|phase=q4,32,O3_A_C_boundary,0.011881077793497986,0.04400659951978744,0.221797481750739,0.28463336320457466,0.11689453552564176,0.10551636893062606,0.06589424380147675,0.16125740726715435,-0.45453179779147784,0.11156699049887897,0.1988700056106798,-0.11260541902322783,-0.1484475280890272,-0.3132327803295851,0.0,2,no_suppress
no_bridge,side=A_side|tfc=high|phase=q1,22,O1_lag0_AB,0.4622663260570805,0.2571907797832175,0.1436278060063638,0.1957352698944177,0.04486534603480662,0.14828236669456155,0.16640039355952016,0.0438980380271127,0.6187819806250296,0.4148744760278889,0.5232127093343155,0.007628623206382143,0.4260370491723751,0.4663845432079953,0.0,2,no_suppress
no_bridge,side=A_side|tfc=mid|phase=q1,20,O2_lag5_AB,-0.035226169150346195,0.09135913853537007,0.2381200250998776,0.22804102463760878,0.043665366672611054,0.11786876647835665,0.10310741995917912,0.177838258616997,-0.2331266564318683,0.10216513157828251,0.08702787367184481,-0.4915117250827389,-0.14395591723612314,-0.19078609226467633,0.0,2,no_suppress
no_bridge,side=B_side|tfc=low|phase=q4,48,O4_B_C_boundary,-0.04909238292801639,0.1352411946771406,0.16031920863012697,0.045962580643403333,0.26954957065164264,0.09526544939568155,0.11042426149343033,0.18323773450857472,-0.10630360785292037,-0.046766133304454026,-0.4840348814869217,0.13508876627420444,-0.22894102216582327,-0.1772590875364456,0.0,3,no_suppress
no_bridge,side=A_side|tfc=low|phase=q1,19,O6_phase_only,0.28278943893638686,0.02770198934978921,0.17882872599389302,0.1323678399590577,0.06370230588206605,0.2546125406349938,0.26523539063944057,0.07755120754075971,-0.3603019813155271,0.2924215171953487,0.18712618846596668,-0.06885119486457095,0.41608156817820613,0.43038773317692014,0.0,3,no_suppress
no_bridge,side=A_side|tfc=high|phase=q4,30,O3_A_C_boundary,0.31031678801686874,0.15785210239769557,0.06280693781918553,0.33369830516857046,0.1624624315760358,0.19343544435184248,0.014513688432098692,0.07523109025457136,0.2593828839429395,-0.06317466314308673,0.5213854544798235,0.26945877174585126,0.33053273964674446,-0.5759153210444145,0.0,3,no_suppress
no_bridge,side=B_side|tfc=high|phase=q1,39,O1_lag0_AB,0.21603148028223418,0.4252322181823846,0.1327876797341182,0.07080797197329483,0.0676224699575412,0.09503459901083695,0.10959317079618527,0.09892189034563881,0.5104067020900996,0.10304731756860491,-0.11702563581082837,-0.13313658003591142,-0.014031334416212075,0.035855578501908424,0.0,3,no_suppress
no_bridge,side=B_side|tfc=high|phase=q4,33,O5_full_TFC,0.3836385725401926,0.24926302530371017,0.12057634246914076,0.07890401368331623,0.06434117095472765,0.3594653577934168,0.06621006780844516,0.061240021987243334,0.49129770747467055,0.2371187594868933,0.08870090853592812,0.017289576956645278,0.6194359081772881,0.02731106113919506,0.0,3,no_suppress
no_bridge,side=B_side|tfc=low|phase=q1,44,O6_phase_only,0.068496147456787,0.04444768525592849,0.13557694695768277,0.06714672206605626,0.25346699808318707,0.06338359552313663,0.29323454604606447,0.1427435060679444,-0.40835776467026624,-0.018028500872051857,-0.26395923721305403,0.20096449576770636,-0.28414549575556713,0.2519732009835515,0.0,3,no_suppress
no_bridge,side=B_side|tfc=mid|phase=q4,38,O2_lag5_AB,-0.013326270461513233,0.14201524786525646,0.2213103712060069,0.07844504191641226,0.08307065808282553,0.13551890210455303,0.18261061202933773,0.1570291667956081,-0.03517399644255934,0.12009709145454332,-0.24291165053264924,-0.22285900560532593,-0.051562152020769504,0.052823581604949904,0.0,3,no_suppress
no_bridge,side=B_side|tfc=mid|phase=q1,52,O6_phase_only,-0.027335424782303525,0.12741594253869246,0.11305494000903435,0.08599324142456781,0.13843474741627534,0.0957276626996385,0.27292070351571546,0.166452762396076,-0.09353914040070985,-0.13539318257721925,-0.2311549991644718,-0.06450936905560964,-0.19362148635263365,0.17306440544589302,0.0,3,no_suppress
no_bridge,side=A_side|tfc=mid|phase=q4,23,O4_B_C_boundary,-0.024176283502287267,0.11089169812914342,0.06543729328795013,0.13851894667348008,0.2341073040791976,0.08643518280719571,0.19892329171123455,0.16568628331179866,-0.1405397378934705,-0.32515133386714634,-0.06268115888776261,0.12098920187858604,-0.22774546879405203,0.06398809930561235,0.0,3,no_suppress
no_bridge,side=A_side|tfc=low|phase=q4,27,O2_lag5_AB,0.061405842093746,0.05999329685353021,0.3598366176093402,0.12804370170297036,0.09617586645876078,0.11223098531614041,0.10225638459525319,0.141463147464005,-0.30023224151853684,0.3267637965366833,-0.03488366560287822,-0.1350512741987627,-0.08101804367507831,-0.11359460252314332,0.0,3,no_suppress
no_bridge,side=A_side|tfc=high|phase=q1,19,O1_lag0_AB,0.6364701531720928,0.37582371232117584,0.16310256713850035,0.20462363713350343,0.06838184190238825,0.12373727964241886,0.03320668434896636,0.03112427751304695,0.8718962144033391,0.579736887477856,0.6591144816455975,0.2754917123135591,0.48306036215986553,0.02266706728514048,0.0,3,no_suppress
no_bridge,side=A_side|tfc=mid|phase=q1,22,O2_lag5_AB,-0.025374747080204842,0.10038004838372364,0.22000080369973554,0.19793549461220314,0.05472764854628884,0.15147902616281628,0.10972114931646872,0.16575582927876398,-0.17554331596127046,0.09909039069163596,0.062098888347330815,-0.3878513652784578,-0.03152401817395982,-0.14440077978917645,0.0,3,no_suppress
no_bridge,side=B_side|tfc=low|phase=q4,39,O7_suppress_event,-0.12793351274474762,0.11471925783334559,0.14759762471973445,0.06459322330467077,0.18424839073206686,0.15088024474778597,0.12056975252181985,0.2173915061405765,-0.22372419869713467,-0.13552352953340296,-0.4247566402981552,-0.0578952873997134,-0.1278247119499344,-0.20631501071113226,0.0,4,no_suppress
no_bridge,side=A_side|tfc=low|phase=q1,26,O3_A_C_boundary,0.3091107499996194,0.031760315176211536,0.08566094954366216,0.44595317715633437,0.11837790870834587,0.09636812881909101,0.1414814793717509,0.0803980412246042,-0.325070288548651,0.022192535450964685,0.5996284523405302,0.13541230856162628,0.0634150020111105,0.19781265268607487,0.0,4,no_suppress
no_bridge,side=A_side|tfc=high|phase=q4,27,O3_A_C_boundary,0.2942963796783861,0.14748416282270482,0.07017801403280824,0.31243325826445373,0.10109787052140298,0.27323502890028684,0.015606746915415201,0.0799649185429282,0.21424647266345676,-0.045693532052590365,0.476980998385281,0.08207536485028398,0.4300605106883495,-0.5718596467320407,0.0,4,no_suppress
no_bridge,side=B_side|tfc=high|phase=q1,36,O1_lag0_AB,0.20218710550834237,0.4166808630037171,0.0986668233582377,0.06854902601213217,0.13049218490698855,0.08284187261208607,0.10159200495186235,0.10117722515497611,0.495406425012165,-0.008793725466968843,-0.1362635701605685,0.08905387944206565,-0.06997901477386627,0.0014319049425834305,0.0,4,no_suppress
no_bridge,side=B_side|tfc=high|phase=q4,41,O5_full_TFC,0.3156300909265721,0.25942425166752126,0.09889450907295869,0.09388909707067973,0.04610824430583492,0.35073486543067484,0.07683266027386901,0.07411637217846165,0.43848990637598745,0.10094604174286896,0.08276723432766606,-0.16612563999273686,0.5440379398695094,0.012597675566913876,0.0,4,no_suppress
no_bridge,side=B_side|tfc=low|phase=q1,42,O4_B_C_boundary,0.08020360052428321,0.032899449003198404,0.13552745015783543,0.08235805082615887,0.30718531332659815,0.07271428873823105,0.2316480036805518,0.13766744426742636,-0.5009847649452466,-0.005483362050467863,-0.17981765806901684,0.2809135837341343,-0.22340606526936466,0.18213231445172604,0.0,4,no_suppress
no_bridge,side=B_side|tfc=mid|phase=q4,44,O6_phase_only,-0.04046990379100659,0.12364443365557583,0.1607659118474755,0.09491416819893567,0.0836366414633496,0.10461454109319857,0.2599035678460105,0.1725207358954543,-0.11658761146227516,-0.024698832922147987,-0.2091405563710111,-0.25341250138854854,-0.17508220771308983,0.14342763119341775,0.0,4,no_suppress
no_bridge,side=B_side|tfc=mid|phase=q1,47,O6_phase_only,0.05837410016985778,0.12188006622891903,0.11526569518427185,0.07435937546189117,0.18229408134670486,0.09892510078867633,0.2755366130978515,0.13173906789168516,-0.02722499860945506,-0.046754172992979896,-0.200169705348033,0.11367930237168804,-0.10026107060000965,0.25826405809585207,0.0,4,no_suppress
no_bridge,side=A_side|tfc=mid|phase=q4,24,O3_A_C_boundary,-0.06197435034363261,0.051036830029908054,0.05495386235875341,0.35113987729331586,0.12038380873292606,0.09959093345274857,0.11280652780766359,0.2100881603246844,-0.49524290345183486,-0.46936165034798966,0.1797800904190583,-0.19489477308776154,-0.26125964299230314,-0.21764856598329196,0.0,4,no_suppress
no_bridge,side=A_side|tfc=low|phase=q4,27,O3_A_C_boundary,0.04177731620087881,0.03787616570911808,0.09901635025367583,0.3845952920490417,0.1164295034295098,0.09959143221786901,0.10488179019756083,0.1576094661432248,-0.4990293695891515,-0.16269233729170107,0.31222497317797343,-0.10599199481885184,-0.1606654353496641,-0.14255021608196708,0.0,4,no_suppress
no_bridge,side=A_side|tfc=high|phase=q1,24,O1_lag0_AB,0.5774817563005644,0.32883286538107376,0.18034614428370438,0.227433364316895,0.03156000389723343,0.09433865333978103,0.10220374368062218,0.03528522510069035,0.7812298514271904,0.5709947964391912,0.6521875386079495,-0.03905079656422903,0.3441993377478722,0.3722263944319149,0.0,4,no_suppress
no_bridge,side=A_side|tfc=mid|phase=q1,22,O3_A_C_boundary,-0.06361842458949027,0.08736398895901025,0.16493108725941388,0.21396137578264357,0.08407945654304594,0.15371912387961295,0.1155699806564396,0.18037498691983372,-0.25373417036188567,-0.031328573812018486,0.05976514850516098,-0.26714648855985085,-0.05596880742361525,-0.1558065967379095,0.0,4,no_suppress
