mode,endpoint,state_label,n_train_events,selected_operator,selected_train_reward,generated_train_reward,w_O1_lag0_AB,w_O2_lag5_AB,w_O3_A_C_boundary,w_O4_B_C_boundary,w_O5_full_TFC,w_O6_phase_only,w_O7_suppress_event,mean_O1_lag0_AB,mean_O2_lag5_AB,mean_O3_A_C_boundary,mean_O4_B_C_boundary,mean_O5_full_TFC,mean_O6_phase_only,mean_O7_suppress_event,fold
combined_c_fes_gmr72,z_reward,side=B_side|tfc=high|phase=q1|fes=Surprise,15,O1_lag0_AB,0.26966862985438317,-0.04096736847953133,0.09017587859612589,0.0451557911662514,0.19379014860675142,0.3216303542412265,0.2830739053484509,0.02444142334972554,0.04173249869146826,0.26966862985438317,0.027593428197582585,-0.13627306183696192,-0.10730834229570761,-0.0036468101039382394,-0.18725027973835615,0.0,0
combined_c_fes_gmr72,z_reward,side=A_side|tfc=high|phase=q1|fes=Surprise,8,O1_lag0_AB,0.640105479301394,0.41309305629869175,0.07619638215686839,0.009931720943697446,0.37316245623990874,0.38882217404204067,0.1295343562832829,0.010116191337752338,0.012236718996449597,0.640105479301394,-0.07304759515959475,0.5224538825791636,0.38848701724591106,0.15213018096329717,-0.06660637980771786,0.0,0
combined_c_fes_gmr72,z_reward,side=B_side|tfc=low|phase=q1|fes=Surprise,16,O4_B_C_boundary,0.0906719196332264,-0.03742405632133049,0.010341538357070685,0.023003309693082973,0.1479462973780578,0.6596097593338339,0.07627540207832846,0.03421182277647524,0.048611870383150985,-0.5416946893247399,-0.2618803748309571,-0.28415299343409,0.0906719196332264,-0.5160275910543284,-0.12295376383559325,0.0,0
combined_c_fes_gmr72,z_reward,side=B_side|tfc=mid|phase=q1|fes=Surprise,23,O7_suppress_event,0.0,-0.14236820554106838,0.020267334179021983,0.05490715784680475,0.17009920527245387,0.34397788542485863,0.3219031845203425,0.03347688734864991,0.05536834540786833,-0.3517491640936215,-0.0029275148639005314,-0.2808657323113965,-0.18275204164363715,-0.057611580956339115,-0.17610347198281603,0.0,0
combined_c_fes_gmr72,z_reward,side=B_side|tfc=low|phase=q4|fes=Surprise,12,O4_B_C_boundary,0.17163049654203116,0.04591999000611213,0.018541135258037605,0.0168300084823619,0.04868522661588177,0.7718917256437471,0.07907302130124003,0.01983957520690859,0.045139307491823065,-0.3114165735669861,-0.3453064712036286,-0.6472287853538617,0.17163049654203116,-0.4774801445236156,-0.28772615873551505,0.0,0
combined_c_fes_gmr72,z_reward,side=A_side|tfc=mid|phase=q4|fes=Activation,8,O4_B_C_boundary,0.4983576957302843,0.24486675613675446,0.2583741028778979,0.07457900859637635,0.010959413544751573,0.06788632936546006,0.003580959508199231,0.4725861354236268,0.11203405068368791,0.29246199387108895,-0.290785067490994,-0.8136114271785484,0.4983576957302843,-0.5314136678410966,0.35544126361141526,0.0,0
combined_c_fes_gmr72,z_reward,side=B_side|tfc=low|phase=q1|fes=Activation,9,O4_B_C_boundary,0.8584081155719255,0.709608736471295,0.017859455502532023,0.02294879213923018,0.05597501534471258,0.0775835871456621,0.0029503390963165994,0.7769137385833488,0.04576907218819776,-0.32937642334767986,-0.3899748962411596,0.07045389866811659,0.8584081155719255,-0.2858944099880194,0.8427475109785507,0.0,0
combined_c_fes_gmr72,z_reward,side=B_side|tfc=high|phase=q4|fes=Activation,10,O5_full_TFC,0.68604551172631,0.17445083121279675,0.3190933180086446,0.15196424454279658,0.07409199966124642,0.014172334197078655,0.1248800179183297,0.19524735250880032,0.12055073316310369,0.3406945172825831,-0.0673036481331857,-0.17036709435823352,-0.07557606628541906,0.68604551172631,0.020414041097443204,0.0,0
combined_c_fes_gmr72,z_reward,side=B_side|tfc=mid|phase=q4|fes=Activation,13,O2_lag5_AB,0.16564500448796796,0.10662840711684543,0.15315571670770756,0.28895003561939014,0.15733335761319447,0.011439987378567133,0.02736522065355055,0.24394114903774017,0.11781453298985013,0.09182023425696992,0.16564500448796796,0.10123932615925511,-0.1425023077531762,0.16275299407859162,0.10638063068218083,0.0,0
combined_c_fes_gmr72,z_reward,side=B_side|tfc=high|phase=q1|fes=Activation,8,O1_lag0_AB,0.3641292954847537,0.09013850848800736,0.43937072590760495,0.1341808178540489,0.12160820379713459,0.006489539073408186,0.011686567661386588,0.13142386430538833,0.15524028140102858,0.3641292954847537,-0.19937979350327836,-0.08545939027132331,-0.43747735912896396,-0.2315903449297798,-0.206645993716686,0.0,0
combined_c_fes_gmr72,z_reward,side=A_side|tfc=low|phase=q4|fes=Activation,8,O3_A_C_boundary,0.38305713977807965,0.12380139604381023,0.05970809685117291,0.16235918801266422,0.4001403943869563,0.024970027537288945,0.014324990238331014,0.2045607100668013,0.13393659290678536,-0.28276460234738676,-0.08099914231360555,0.38305713977807965,0.08580495232565516,-0.10867976675624941,-0.00013034333641551848,0.0,0
combined_c_fes_gmr72,z_reward,side=B_side|tfc=low|phase=q4|fes=Activation,11,O2_lag5_AB,0.3353823262923804,0.19517324526614588,0.23432087460002668,0.46153671076738073,0.009873414039466863,0.007054934049362669,0.008049148828882696,0.1632964477198997,0.1158684699949806,0.24648251830649362,0.3353823262923804,-0.8619134909470577,-0.30585839584867053,-0.25971470626123344,-0.028265696472703758,0.0,0
combined_c_fes_gmr72,z_reward,side=B_side|tfc=mid|phase=q4|fes=Surprise,10,O6_phase_only,0.5854562460328386,0.0463564140104952,0.008641796306566136,0.0331765743282776,0.08504437718750411,0.47255419591640335,0.08669720402840184,0.2642729745002021,0.04961287773264487,-0.6116739876379486,-0.1408422390850402,-0.48507358450841653,-0.03318560079438055,-0.47833663413138205,0.5854562460328386,0.0,0
combined_c_fes_gmr72,z_reward,side=B_side|tfc=high|phase=q4|fes=CoCreation,8,O5_full_TFC,0.8517118812901654,0.5706497040780478,0.12362758912977483,0.053620741525980696,0.008205953951902841,0.00946442917656497,0.6430525876273396,0.07583175681932862,0.08619694176910836,0.12622366204548433,-0.017789809005862578,-0.001069846748578851,0.048868325271543556,0.8517118812901654,0.10351361040585094,0.0,0
combined_c_fes_gmr72,z_reward,side=B_side|tfc=low|phase=q1|fes=SelfGrowth,8,O6_phase_only,0.5603811500094817,0.15906962097039518,0.09958594276481189,0.10963197279186741,0.011025219341945234,0.06887039653400716,0.4241163615126245,0.12037464747965727,0.16639545957508645,-0.1796711784269835,0.5276631895344924,-0.2762671189155428,-0.3087492850924461,0.1791194658058885,0.5603811500094817,0.0,0
combined_c_fes_gmr72,z_reward,side=A_side|tfc=high|phase=q4|fes=Activation,10,O3_A_C_boundary,0.8498986319130448,0.5873790267558053,0.14141003858894427,0.14810258930208522,0.6107984312054779,0.007876233877481202,0.009445586930541807,0.028501889385615917,0.05386523070985383,0.33781249101499816,0.20564225294969057,0.8498986319130448,0.0007741846286734885,0.06436840961007217,-0.3711349358992703,0.0,0
combined_c_fes_gmr72,z_reward,side=A_side|tfc=high|phase=q1|fes=Activation,8,O3_A_C_boundary,0.9917664522999261,0.7694662371926712,0.28790675054790277,0.06458956243469754,0.5087002700445218,0.00046992320029427294,0.009318456741968205,0.09910361104047567,0.02991142599013974,0.7925386340721647,0.12107954844202842,0.9917664522999261,-0.7800027369955801,0.2655113237214285,0.2709191171691049,0.0,0
combined_c_fes_gmr72,z_reward,side=B_side|tfc=low|phase=q4|fes=Activation,13,O2_lag5_AB,0.35184391228318246,0.18009938415541707,0.13633820223979756,0.5012754519283663,0.012447069492602544,0.005906593675867874,0.009182075099724423,0.214787593466013,0.12006301409762818,0.04449265014284758,0.35184391228318246,-0.7932860282734187,-0.3804850430934599,-0.22607066908594073,0.05521675914701729,0.0,1
combined_c_fes_gmr72,z_reward,side=A_side|tfc=high|phase=q4|fes=Activation,8,O3_A_C_boundary,0.805049162874343,0.5642589809596954,0.08410447117497806,0.27861641185504865,0.5555652163774296,0.0016022512219297227,0.007288817157029104,0.01713032942361108,0.05569250278997368,0.14427496737313372,0.41514190160332537,0.805049162874343,-0.5682560043226448,-0.03802993617862915,-0.5610029971357285,0.0,1
combined_c_fes_gmr72,z_reward,side=B_side|tfc=high|phase=q1|fes=Surprise,17,O1_lag0_AB,0.45776562341247834,0.13393915497610784,0.09820054641112841,0.017473428259104837,0.1253699986572929,0.47149089240310377,0.22048743922592823,0.040425564300624134,0.02655213074281773,0.45776562341247834,-0.14645002981493002,-0.13044078048924118,0.1848251215982789,0.06715920037036194,0.14712332814561027,0.0,1
combined_c_fes_gmr72,z_reward,side=B_side|tfc=high|phase=q4|fes=Surprise,10,O1_lag0_AB,0.4400697737261045,0.15354784484600625,0.10745741223184564,0.043662787509254446,0.3521376200324698,0.07341768482686538,0.37860970517632137,0.014152943461971618,0.030561846761271803,0.4400697737261045,0.12486033062252495,0.18179783013398185,-0.5153069460301308,0.20716716280611594,-0.26944042026022025,0.0,1
combined_c_fes_gmr72,z_reward,side=B_side|tfc=low|phase=q1|fes=Surprise,17,O4_B_C_boundary,0.14854983207776926,0.027653526376521378,0.009163234315576568,0.028009287013862426,0.10216177118132971,0.6967438170411826,0.062206270437736515,0.058193396652236946,0.043522223358075214,-0.545325368647375,-0.15425744431489652,-0.37504650426991376,0.14854983207776926,-0.5486821144392235,0.10167506974905459,0.0,1
combined_c_fes_gmr72,z_reward,side=B_side|tfc=mid|phase=q4|fes=Surprise,11,O6_phase_only,0.6490092435377568,0.05913022949846927,0.009454864067104508,0.0341607691807324,0.12573137455260489,0.3192399189621073,0.08633061346954511,0.36754015294920966,0.05754230681869624,-0.6320968929926553,-0.1825048968222913,-0.4001270227972893,-0.22235343973298866,-0.5317142179767771,0.6490092435377568,0.0,1
combined_c_fes_gmr72,z_reward,side=B_side|tfc=mid|phase=q1|fes=Surprise,22,O2_lag5_AB,0.07995051207605595,-0.13872366274001086,0.022224899987325724,0.06955741168125562,0.14967494926758285,0.36502757882157166,0.3036076663081397,0.03455495966177811,0.05535253427234626,-0.3193782070626239,0.07995051207605595,-0.3255363323784713,-0.16186364127983155,-0.07799170683831963,-0.16490997398337115,0.0,1
combined_c_fes_gmr72,z_reward,side=B_side|tfc=low|phase=q4|fes=CoCreation,8,O3_A_C_boundary,0.06889880983253982,-0.15348573269216556,0.09494421061131747,0.11617529591124283,0.05122263566854171,0.0499316910994529,0.14454833396562913,0.10261820230558433,0.4405596304382316,-0.5371647203067555,-0.31817620555824133,0.06889880983253982,0.059964834466565364,-0.2416964033306463,-0.3616059187022038,0.0,1
combined_c_fes_gmr72,z_reward,side=B_side|tfc=mid|phase=q4|fes=SelfGrowth,10,O2_lag5_AB,0.21065629956218598,-0.009733259063096052,0.42998486064631775,0.07386067500997724,0.01482380686123935,0.03825598244499884,0.14758554065414656,0.01817450519133699,0.2773146291919832,0.15350905262251174,0.21065629956218598,-0.3514248313496407,-0.6932984643297282,-0.36911541580975377,-0.2800999629608902,0.0,1
combined_c_fes_gmr72,z_reward,side=B_side|tfc=mid|phase=q1|fes=SelfGrowth,10,O1_lag0_AB,0.32325059107589055,0.11637691759122733,0.4867362656959757,0.024526522853092102,0.009729598563412673,0.17154681232640162,0.07099345536833523,0.043185529239987794,0.19328181595279492,0.32325059107589055,-0.04884141936919624,-0.37244528026389473,-0.041752592917811,-0.4989013141952806,0.14917121027306285,0.0,1
combined_c_fes_gmr72,z_reward,side=A_side|tfc=low|phase=q4|fes=Surprise,8,O2_lag5_AB,0.22300978882067998,0.01019195658446121,0.005504976682173077,0.09008168392665292,0.5603860037348466,0.1807399300612346,0.09909645330466751,0.01655698845780169,0.047633963832623666,-0.7552627243989763,0.22300978882067998,0.18908137700455438,-0.35532171374611976,-0.417304888452195,-0.36985821484078685,0.0,1
combined_c_fes_gmr72,z_reward,side=A_side|tfc=high|phase=q1|fes=Surprise,8,O1_lag0_AB,0.6563700329159146,0.5372209630825951,0.05764429175271127,0.004581852204164072,0.35327023549648556,0.46880755954153386,0.09178036629652572,0.015078687439931163,0.008837007268648372,0.6563700329159146,-0.22989573155380083,0.6172032049431541,0.5678841269974753,0.14546098864083143,0.1870169153787576,0.0,1
combined_c_fes_gmr72,z_reward,side=B_side|tfc=low|phase=q4|fes=Surprise,13,O4_B_C_boundary,0.17163049654203116,0.051081438573989175,0.016205784052795946,0.01258101319562626,0.0501911999888758,0.7957685455017588,0.06084972452771028,0.01786813729364246,0.04653559543959035,-0.3691972529933063,-0.4578100536993483,-0.6472287853538617,0.17163049654203116,-0.5798301323372942,-0.3350194490456303,0.0,1
combined_c_fes_gmr72,z_reward,side=A_side|tfc=mid|phase=q4|fes=Activation,8,O4_B_C_boundary,0.4983576957302843,0.24486675613675446,0.2583741028778979,0.07457900859637635,0.010959413544751573,0.06788632936546006,0.003580959508199231,0.4725861354236268,0.11203405068368791,0.29246199387108895,-0.290785067490994,-0.8136114271785484,0.4983576957302843,-0.5314136678410966,0.35544126361141526,0.0,1
combined_c_fes_gmr72,z_reward,side=B_side|tfc=low|phase=q1|fes=Activation,9,O4_B_C_boundary,0.7124206043957738,0.4273367351883606,0.014570803628145916,0.05980530154545713,0.10593453719833873,0.08862196471486498,0.005708283307090499,0.6460193333720514,0.07933977623405132,-0.593151936893352,-0.24728059793759133,0.10117860724801825,0.7124206043957738,-0.2474408869734223,0.5856266938951021,0.0,1
combined_c_fes_gmr72,z_reward,side=B_side|tfc=high|phase=q4|fes=Activation,11,O5_full_TFC,0.9239666491846471,0.3790888337224937,0.4117883984682058,0.15411037036333528,0.05312130499754881,0.010161055051183658,0.17669032257709905,0.1076979987759319,0.08643054976669558,0.546408948010394,0.05405999438268942,-0.17036709435823352,-0.07557606628541906,0.9239666491846471,-0.07135831746918057,0.0,1
combined_c_fes_gmr72,z_reward,side=B_side|tfc=mid|phase=q4|fes=Activation,10,O5_full_TFC,0.2816017723007848,0.13557200963363303,0.11738381395136656,0.3636973894923133,0.16395544182917246,0.035328403506023766,0.03696856978410607,0.1693324173613495,0.11333396407566837,0.012288546426242015,0.25973939915920263,0.1292395301555299,0.2657184873817238,0.2816017723007848,-0.007821049490963267,0.0,1
combined_c_fes_gmr72,z_reward,side=B_side|tfc=high|phase=q1|fes=Activation,8,O1_lag0_AB,0.6557016096997978,0.3953926178276537,0.5880612336446439,0.21169902797786017,0.02709494192233809,0.006977697797555178,0.03016404954850471,0.04567952738093175,0.09032352172816606,0.6557016096997978,0.1497639377027316,-0.4214177958283961,-0.22254105180310257,0.2898350673600908,-0.386966440967902,0.0,1
combined_c_fes_gmr72,z_reward,side=B_side|tfc=low|phase=q1|fes=SelfGrowth,9,O6_phase_only,0.24529526236213586,-0.04555282451600099,0.1413163495071641,0.038931952771840785,0.022470119257667703,0.048195040690443065,0.40502845101830015,0.07818122821190887,0.2658768585426753,-0.2212112955576222,0.0012702752737249745,-0.19109984948057734,-0.597721998391069,-0.0010313312509625527,0.24529526236213586,0.0,1
combined_c_fes_gmr72,z_reward,side=A_side|tfc=low|phase=q1|fes=Surprise,10,O6_phase_only,0.5141579369974564,0.19426905672190714,0.006934685361458465,0.016777843510428977,0.5919473748027144,0.12376223452433346,0.08628030183883248,0.14168801897324798,0.032609540988984234,-0.5418242307948836,-0.23259100781567313,0.34088793299840414,-0.3552362323164839,-0.3331478130004885,0.5141579369974564,0.0,1
combined_c_fes_gmr72,z_reward,side=A_side|tfc=low|phase=q4|fes=SelfGrowth,9,O2_lag5_AB,0.15575323228829932,-0.13240636691768165,0.14252897886647717,0.07642546712354531,0.012900386772831925,0.25384194664004683,0.17089735190144012,0.007727305449393753,0.3356785632462649,-0.29981304694929034,0.15575323228829932,-0.4669173080330594,-0.09780478016967994,-0.3846365813803689,-0.6462912842822995,0.0,1
combined_c_fes_gmr72,z_reward,side=B_side|tfc=mid|phase=q1|fes=Activation,8,O6_phase_only,0.800735752972916,0.6269158596504227,0.11110722677188417,0.03934780014033487,0.022661094474196116,0.009090326237894443,0.0020279347107163372,0.7649538317781035,0.05081178588687063,0.27382859303080587,-0.23784564158928181,-0.2826175726698642,0.07137541747657838,-0.4536920996300309,0.800735752972916,0.0,1
combined_c_fes_gmr72,z_reward,side=A_side|tfc=high|phase=q1|fes=Activation,8,O3_A_C_boundary,0.8257011086189034,0.580322656764419,0.2466608674534277,0.06722685442733255,0.5016796510429902,0.0006781994589885513,0.00866388388680861,0.12768137012135727,0.04740917360909513,0.5772195243141559,-0.02611478445660631,0.8257011086189034,-0.8127988024804835,0.07881813170543717,0.19839799262898655,0.0,1
combined_c_fes_gmr72,z_reward,side=B_side|tfc=high|phase=q4|fes=CoCreation,9,O1_lag0_AB,0.6856923216256992,0.51266826339928,0.5198976672331463,0.08159294826311052,0.014064040598686768,0.005187697589871665,0.22928085515383428,0.0766804215762107,0.07329636958513977,0.6856923216256992,0.18588586498866116,0.244239855787027,-0.10482608283410111,0.5475075638596822,0.16415211663583162,0.0,1
combined_c_fes_gmr72,z_reward,side=A_side|tfc=mid|phase=q1|fes=SelfGrowth,9,O3_A_C_boundary,0.39950985393268895,-0.05945984811469073,0.0951518026584596,0.027892763769438486,0.13238891875065795,0.08710865760436423,0.3482242777103354,0.019449955759856346,0.28978362374688804,-0.3897813431676277,-0.1455719745050358,0.39950985393268895,-0.420692384741465,-0.08405546873943164,-0.2717548483080276,0.0,1
combined_c_fes_gmr72,z_reward,side=B_side|tfc=low|phase=q4|fes=Activation,9,O2_lag5_AB,0.7705287986925483,0.5851746678399534,0.12206530707619692,0.7170556735404683,0.010760430990565718,0.003749275272029969,0.011657680171885131,0.08278811012608636,0.05192352282276781,0.29917449951921576,0.7705287986925483,-0.5508637092892908,-0.24617672111214642,0.15086420446840934,0.014924637523780926,0.0,2
combined_c_fes_gmr72,z_reward,side=A_side|tfc=high|phase=q4|fes=Activation,12,O3_A_C_boundary,0.6009243922795997,0.3357525830285228,0.16498589455789753,0.18543204563850224,0.49738422847987096,0.010224797191448027,0.012010864794953358,0.04062336005857672,0.08933880927875126,0.21469839820024494,0.10723362484833888,0.6009243922795997,-0.08497048716352575,-0.02862196675858934,-0.42418719938526445,0.0,2
combined_c_fes_gmr72,z_reward,side=B_side|tfc=high|phase=q1|fes=Surprise,16,O1_lag0_AB,0.5686181329865898,0.218752515117312,0.11864836945921474,0.036446867418291944,0.060333570281007054,0.5487501149510341,0.19159695651687397,0.02085206811928775,0.023372053254290547,0.5686181329865898,0.15551007837260317,-0.3417748717527718,0.282584455785723,0.06265198707749588,-0.03993075433940739,0.0,2
combined_c_fes_gmr72,z_reward,side=B_side|tfc=high|phase=q4|fes=Surprise,9,O1_lag0_AB,0.4337792093455255,0.19475229630469976,0.10158692688556652,0.08939663356588284,0.3420466639801585,0.03753124439759969,0.3759082633595265,0.02411406363640748,0.02941620417485861,0.4337792093455255,0.3890380692405486,0.1849939654438233,-0.7367814741533322,0.21803325181261554,-0.06956266143649441,0.0,2
combined_c_fes_gmr72,z_reward,side=B_side|tfc=low|phase=q1|fes=Surprise,14,O4_B_C_boundary,0.20784835332707596,0.07422695898850071,0.012134097142064896,0.01987985365851512,0.10663928596414092,0.7136363161996108,0.07176614899611225,0.03831424469581745,0.037630053343738604,-0.3961242554245966,-0.22333366378053537,-0.30911941981908275,0.20784835332707596,-0.44773309699896086,0.0063065551580458136,0.0,2
combined_c_fes_gmr72,z_reward,side=B_side|tfc=mid|phase=q4|fes=Surprise,9,O6_phase_only,0.5069863910325144,-0.042281955526558695,0.005657953395320549,0.018452639642258732,0.20437930743751306,0.37406332010725274,0.10290209996677523,0.23851417808745215,0.05603050136342763,-0.8024918908192583,-0.38874107277871356,-0.2207680623134044,-0.1575661964510624,-0.46093791079984786,0.5069863910325144,0.0,2
combined_c_fes_gmr72,z_reward,side=B_side|tfc=mid|phase=q1|fes=Surprise,22,O7_suppress_event,0.0,-0.18989979828995632,0.03547243579222059,0.05041959185643192,0.13299358116564325,0.39714337422173857,0.28477280273163635,0.03526539355062969,0.06393282068169948,-0.20617692091114243,-0.0831085599267234,-0.4173327516079472,-0.18278872738981855,-0.15084596677564635,-0.20822575368307017,0.0,2
combined_c_fes_gmr72,z_reward,side=B_side|tfc=mid|phase=q4|fes=SelfGrowth,9,O1_lag0_AB,0.19427541051020208,0.018501585699908736,0.47192625528477833,0.05322704141477151,0.015520610171353495,0.02061867442919793,0.13496380527291682,0.03284350939410266,0.27090010403287923,0.19427541051020208,0.10418230605965302,-0.3271569013064279,-0.9014435297977715,-0.3922149737510454,-0.06480204171114481,0.0,2
combined_c_fes_gmr72,z_reward,side=B_side|tfc=mid|phase=q1|fes=SelfGrowth,12,O1_lag0_AB,0.22223505896765613,0.07981344963375772,0.37172376496600207,0.016366614514235593,0.014337738457475834,0.2829318088975759,0.0771978620658971,0.040444186789367655,0.19699802430944577,0.22223505896765613,-0.19708599397859836,-0.24340794992946757,0.1267042737966151,-0.4762424266606963,0.11955178204355658,0.0,2
combined_c_fes_gmr72,z_reward,side=B_side|tfc=low|phase=q4|fes=SelfGrowth,10,O4_B_C_boundary,0.26232293978826665,0.08485814810450466,0.17616853742453895,0.02952838046796473,0.007285658470009426,0.3621592502820409,0.23699513967929361,0.016704552240804072,0.17115848143534837,0.010097925782033806,0.05866323104485767,-0.4311421787458464,0.26232293978826665,-0.03444734897584063,-0.1407214716356974,0.0,2
combined_c_fes_gmr72,z_reward,side=B_side|tfc=high|phase=q4|fes=SelfGrowth,8,O1_lag0_AB,0.5129860646805966,0.3065783795092331,0.4416881810360992,0.02425893421873065,0.011071031756558297,0.08837965817963736,0.32416498452755044,0.008441608778951405,0.10199560150247255,0.5129860646805966,0.1710459034664361,-0.10351265549545394,-0.05015075021452504,0.2563582689018955,-0.19841831993481518,0.0,2
combined_c_fes_gmr72,z_reward,side=A_side|tfc=high|phase=q4|fes=Surprise,8,O5_full_TFC,0.4433276283483203,0.39558492139052914,0.02932466671884693,0.010446039863899607,0.1997396165436946,0.44691651134875887,0.29578211410040434,0.00563137318868777,0.01215967823570787,0.30810626492803805,-0.05316586418984243,0.30591465992109984,0.43943493129024436,0.4433276283483203,-0.2694202340440809,0.0,2
combined_c_fes_gmr72,z_reward,side=A_side|tfc=high|phase=q1|fes=Surprise,10,O1_lag0_AB,0.599359407702999,0.4186759873285435,0.06715869898987471,0.007361362698300297,0.29560489244189414,0.4987656128914897,0.10650911423758523,0.012483396478531562,0.012116922262324402,0.599359407702999,-0.1744252806844749,0.4443507004802222,0.47908533780693235,0.08707308795633609,0.01042876450052943,0.0,2
combined_c_fes_gmr72,z_reward,side=B_side|tfc=low|phase=q4|fes=Surprise,11,O4_B_C_boundary,0.2850628662962764,0.178392102796713,0.016171715556983424,0.009726072074691188,0.021888610223452364,0.841039609357849,0.06038310444484469,0.01522256623490873,0.035568322107270366,-0.27586707759285667,-0.4538258517823625,-0.8436177025864454,0.2850628662962764,-0.4884576814044492,-0.29703676298382425,0.0,2
combined_c_fes_gmr72,z_reward,side=B_side|tfc=mid|phase=q4|fes=Activation,11,O1_lag0_AB,0.29754714866914267,0.2056085840637679,0.21667856549412506,0.31305910659462083,0.1093467724189291,0.0056766019474250055,0.012862040566472983,0.2497777335734479,0.09259917940497919,0.29754714866914267,0.277984357271777,0.05818538275634418,-0.3034780611236643,-0.017203409289798192,0.19894716303225787,0.0,2
combined_c_fes_gmr72,z_reward,side=B_side|tfc=high|phase=q1|fes=Activation,9,O1_lag0_AB,0.5800131487832655,0.30191061972910493,0.5021977133386685,0.2217484384008539,0.07227929485897984,0.003819026035229857,0.022796086234318034,0.0814024664221645,0.09575697470978538,0.5800131487832655,0.14555078988575326,-0.09844651541897817,-0.45393975990352325,0.17136794386065402,-0.20519751236407974,0.0,2
combined_c_fes_gmr72,z_reward,side=A_side|tfc=low|phase=q1|fes=Surprise,11,O6_phase_only,0.48043250878909877,0.2184135254906699,0.006586606755647005,0.01942331917784558,0.5190811641398831,0.15471924826664307,0.17698551102812576,0.0982935369298962,0.024910613701959215,-0.46558948027679037,-0.08708686071487931,0.38917164670480087,-0.1828399313848959,0.012574311625857164,0.48043250878909877,0.0,2
combined_c_fes_gmr72,z_reward,side=B_side|tfc=high|phase=q4|fes=CoCreation,12,O5_full_TFC,0.9244156215323858,0.6479897658382393,0.215860944244065,0.10317100097810204,0.011170171019425383,0.0041202575368943575,0.5345651189160033,0.07289787278252154,0.05821463452298835,0.458674176908347,0.3486426128055292,0.24423985578702695,-0.10482608283410111,0.9244156215323858,0.22707768798329628,0.0,2
combined_c_fes_gmr72,z_reward,side=B_side|tfc=low|phase=q1|fes=SelfGrowth,8,O2_lag5_AB,0.3989316849319211,0.026248884513093367,0.3295147051119027,0.1125371582577418,0.014179933504938649,0.05772780747995282,0.14700397961130543,0.09229868646667913,0.24673772956747955,0.10125326142066395,0.3989316849319211,-0.3260777859166065,-0.5084054357888784,-0.32960795044908725,0.329542941572339,0.0,2
combined_c_fes_gmr72,z_reward,side=A_side|tfc=low|phase=q4|fes=SelfGrowth,8,O6_phase_only,0.2276815977895782,-0.15958962697995224,0.1844976363091168,0.03972579913424908,0.024355567970244785,0.0978144940315362,0.11057546915535782,0.11866161734081156,0.4243694160586837,-0.29153869084377615,-0.15531467387582368,-0.3265487933707166,-0.5136360506897579,-0.6190718746016406,0.2276815977895782,0.0,2
combined_c_fes_gmr72,z_reward,side=B_side|tfc=mid|phase=q1|fes=Activation,10,O6_phase_only,0.5206437294332729,0.34853731030238577,0.21368714318380136,0.04046294354567095,0.041982077018316036,0.016095495079855936,0.0030204814794887176,0.5965414865512659,0.08821037314160111,0.3096759512636343,-0.42112304336411954,-0.2598686215533514,0.07828175563528363,-0.5073113556702475,0.5206437294332729,0.0,2
combined_c_fes_gmr72,z_reward,side=B_side|tfc=low|phase=q4|fes=Activation,10,O2_lag5_AB,0.30342691096287977,0.18745539807226075,0.07913647546274281,0.4231746049500866,0.01207717554541657,0.01713536666536645,0.0047509177511221735,0.3473315595335752,0.11639390009169025,-0.1350321804020323,0.30342691096287977,-0.7929819717787943,0.003154103660114549,-0.4458282565901034,0.23430014527807574,0.0,3
combined_c_fes_gmr72,z_reward,side=A_side|tfc=high|phase=q4|fes=Activation,10,O3_A_C_boundary,0.5397014139438956,0.30492910423070374,0.1929435952324401,0.23006127514215952,0.4356168284124203,0.011468575178350744,0.008809059830724756,0.027899616626158547,0.09320104957774612,0.2546736186110047,0.1679005975186129,0.5397014139438956,-0.05960534339179876,-0.15194583769725356,-0.5705058612601629,0.0,3
combined_c_fes_gmr72,z_reward,side=B_side|tfc=high|phase=q1|fes=Surprise,17,O1_lag0_AB,0.22396380172868746,-0.032819510859426936,0.0806387479248445,0.026431226625741364,0.1611480458934314,0.5031230286585231,0.1397565083633962,0.04637784384793996,0.04252459868612351,0.22396380172868746,-0.1664377971244479,-0.20741228170951467,0.042711906167914857,-0.25725991162322653,0.030358699281700652,0.0,3
combined_c_fes_gmr72,z_reward,side=B_side|tfc=high|phase=q4|fes=Surprise,10,O1_lag0_AB,0.5273142328117146,0.09486447012896951,0.18034414353319408,0.03548927123723016,0.31686434888885584,0.05703143815277309,0.3491620625010896,0.021133712438615632,0.039975023248241474,0.5273142328117146,-0.041658542854191995,0.050880067097549934,-0.6976795662199731,0.08485191272567372,-0.22308486512880318,0.0,3
combined_c_fes_gmr72,z_reward,side=B_side|tfc=low|phase=q1|fes=Surprise,9,O6_phase_only,0.3548807455356646,0.14446108553374243,0.0129528361236142,0.013275541000531417,0.04577623002811325,0.7561905003947758,0.027124215439255816,0.10616544804669102,0.03851522896701853,-0.3814086327850964,-0.37279564036156737,-0.6132476208349836,0.21998255901315839,-0.7964159466762993,0.3548807455356646,0.0,3
combined_c_fes_gmr72,z_reward,side=B_side|tfc=mid|phase=q1|fes=Surprise,19,O2_lag5_AB,0.22136226791313598,-0.10851730314571553,0.031568356088074595,0.10099330948104689,0.26362534310069663,0.1987572795853777,0.3151874429229121,0.036212410984413204,0.05365585783747898,-0.1856523970093887,0.22136226791313598,-0.1165181532354095,-0.3637284982824409,-0.05399465076846318,-0.13761606051518313,0.0,3
combined_c_fes_gmr72,z_reward,side=B_side|tfc=mid|phase=q4|fes=SelfGrowth,11,O1_lag0_AB,0.22134447151258624,0.03262428151384266,0.4887668267449545,0.05445777726451155,0.011589828604457413,0.030129266733866757,0.13276703389486266,0.022603382520259636,0.2596858842370875,0.22134447151258624,0.1269800733176658,-0.41457415783872087,-0.7538915114424782,-0.3831616273091443,-0.18078406455338825,0.0,3
combined_c_fes_gmr72,z_reward,side=B_side|tfc=mid|phase=q1|fes=SelfGrowth,10,O4_B_C_boundary,0.41749273609564763,0.2630166559868292,0.33040455750328757,0.013047656711012014,0.0118643198154491,0.4226976719381599,0.062493423947028,0.03126297473380782,0.1282293953512557,0.3312739585166754,-0.12612773446181097,-0.1594032823620865,0.41749273609564763,-0.3999205657146137,0.1797113397170218,0.0,3
combined_c_fes_gmr72,z_reward,side=B_side|tfc=low|phase=q4|fes=SelfGrowth,8,O4_B_C_boundary,0.5778318802716809,0.3483079067015033,0.1598346527408759,0.026344211682350294,0.004445177467347573,0.4906349263018099,0.21995008314722903,0.0046538617809946895,0.09413708687939275,0.1852857193530767,0.227970326380497,-0.39482974907853097,0.5778318802716809,0.1486722383596644,-0.37877259883027725,0.0,3
combined_c_fes_gmr72,z_reward,side=B_side|tfc=high|phase=q4|fes=SelfGrowth,8,O1_lag0_AB,0.5129860646805966,0.3065783795092331,0.4416881810360992,0.02425893421873065,0.011071031756558297,0.08837965817963736,0.32416498452755044,0.008441608778951405,0.10199560150247255,0.5129860646805966,0.1710459034664361,-0.10351265549545394,-0.05015075021452504,0.2563582689018955,-0.19841831993481518,0.0,3
combined_c_fes_gmr72,z_reward,side=A_side|tfc=high|phase=q1|fes=Surprise,8,O1_lag0_AB,0.778864009102087,0.4702354556974465,0.10435428489191265,0.009823720035030343,0.15006126006835765,0.5962057001249975,0.11152813967009051,0.016753269890027168,0.011273625319583955,0.778864009102087,-0.04818312875063427,0.23230562455110024,0.5667906214734649,0.12843728711210142,0.1386446255086211,0.0,3
combined_c_fes_gmr72,z_reward,side=B_side|tfc=low|phase=q4|fes=Surprise,10,O4_B_C_boundary,0.06886538816593725,-0.035715044208378385,0.017280605840467294,0.03730947313244274,0.06015903182757392,0.5962420081705724,0.2296745273962355,0.012567702069655256,0.04676665156305296,-0.3484549433784637,-0.07907308839492214,-0.585559131325498,0.06886538816593725,-0.11667406354556531,-0.45991406309832233,0.0,3
combined_c_fes_gmr72,z_reward,side=B_side|tfc=low|phase=q1|fes=Activation,8,O6_phase_only,0.7311171873722289,0.576214785119429,0.026897310745730162,0.033591865395526214,0.03540248099795824,0.04882679612117592,0.0020288748565710406,0.7892866163961361,0.06396605548690228,-0.30321418760750296,-0.3737787670071352,-0.20704973004369395,0.5791709012603097,-0.5341083572482079,0.7311171873722289,0.0,3
combined_c_fes_gmr72,z_reward,side=A_side|tfc=low|phase=q1|fes=Surprise,10,O3_A_C_boundary,0.6079838139577113,0.40109432689847496,0.0018461218541624325,0.009330480125882402,0.5889182239162364,0.19614124549005355,0.17363835735085337,0.015000655664649828,0.01512491559816208,-0.736139697955767,-0.16906993237461743,0.6079838139577113,0.07482076178351485,0.18052440225707148,-0.0028873293718366,0.0,3
combined_c_fes_gmr72,z_reward,side=B_side|tfc=high|phase=q4|fes=CoCreation,11,O5_full_TFC,1.0206949219618413,0.7476850097935792,0.1538269335357155,0.12562126676722335,0.010842969275838174,0.0037877139033107654,0.6048181050755914,0.051077792083027866,0.05002521935929282,0.3931553138815746,0.470615252325078,0.2868976679532269,-0.08121631309820683,1.0206949219618413,0.15564263788186594,0.0,3
combined_c_fes_gmr72,z_reward,side=B_side|tfc=low|phase=q1|fes=SelfGrowth,9,O6_phase_only,0.6901564286194491,0.08421530405783198,0.052225263188873584,0.03615441770493277,0.021203888806482322,0.15993295072285044,0.24051748158987904,0.25074249350670685,0.23922350448027505,-0.5326411766121557,0.012336858131312557,-0.17442823326739773,-0.14092526374643222,-0.14646667549484085,0.6901564286194491,0.0,3
combined_c_fes_gmr72,z_reward,side=A_side|tfc=low|phase=q4|fes=SelfGrowth,11,O7_suppress_event,0.0,-0.17262995388441033,0.1677699414232487,0.04101332587205579,0.01855949197200835,0.20458375863679826,0.14742638581923678,0.0480099740587287,0.37263712221792344,-0.27930400357514273,-0.09865126180518907,-0.37617174993832453,-0.209869664936527,-0.4729013878445942,-0.04352215033904383,0.0,3
combined_c_fes_gmr72,z_reward,side=B_side|tfc=mid|phase=q4|fes=Activation,12,O5_full_TFC,0.0028588869432121474,-0.06220867722619534,0.12155550073475924,0.23734886998597335,0.14128310516155804,0.012278209252700626,0.028064096465674822,0.2686808368212671,0.19078938157806685,-0.15777970274749584,-0.0719284063170371,-0.10514153648889187,-0.28647385177690166,0.0028588869432121474,-0.028530817490372905,0.0,3
combined_c_fes_gmr72,z_reward,side=B_side|tfc=high|phase=q1|fes=SelfGrowth,8,O1_lag0_AB,0.18297239988127675,0.08066854610093266,0.3049379199584893,0.023824328107576526,0.019868464242383643,0.30254521609659357,0.1239346202563317,0.04410057355265617,0.18078887778596908,0.18297239988127675,-0.03562138340786958,-0.09917210304672552,0.18021528406168924,-0.2805062644428157,0.1798965556291686,0.0,3
combined_c_fes_gmr72,z_reward,side=A_side|tfc=mid|phase=q1|fes=SelfGrowth,9,O3_A_C_boundary,0.39950985393268895,-0.05945984811469073,0.0951518026584596,0.027892763769438486,0.13238891875065795,0.08710865760436423,0.3482242777103354,0.019449955759856346,0.28978362374688804,-0.3897813431676277,-0.1455719745050358,0.39950985393268895,-0.420692384741465,-0.08405546873943164,-0.2717548483080276,0.0,3
combined_c_fes_gmr72,z_reward,side=B_side|tfc=low|phase=q4|fes=Activation,13,O2_lag5_AB,0.42678559916807424,0.24986640143170796,0.16123403486853066,0.516405163375688,0.012804083768480343,0.011431503302250866,0.009745909447359487,0.18853285377807985,0.09984645145961069,0.16772819759101362,0.42678559916807424,-0.7188542746224335,-0.08484463001521667,-0.1406784985073625,0.07411881777372956,0.0,4
combined_c_fes_gmr72,z_reward,side=A_side|tfc=high|phase=q4|fes=Activation,8,O4_B_C_boundary,0.3245003410075621,0.009033473176742132,0.22347760922497403,0.08644658246368439,0.25412791010459407,0.06532898377902996,0.027268405819310833,0.16617527515762592,0.1771752334507807,0.08126018749546485,-0.39951915287117945,0.12624446135994075,0.3245003410075621,0.01870287087395394,-0.17078840364867054,0.0,4
combined_c_fes_gmr72,z_reward,side=B_side|tfc=high|phase=q1|fes=Surprise,15,O1_lag0_AB,0.30322504326444966,0.06885337733488626,0.07463890365553233,0.023828039552976913,0.11503847858885728,0.4704926759412858,0.24061222992531983,0.044005471709293684,0.0313842006267341,0.30322504326444966,-0.09640455364003458,-0.21905983153105482,0.12556522285686028,0.03921215599856355,0.11830328358986054,0.0,4
combined_c_fes_gmr72,z_reward,side=B_side|tfc=high|phase=q4|fes=Surprise,8,O1_lag0_AB,0.37567344021876464,0.07493690762085435,0.1220534785811521,0.06473090434008313,0.27514400139842676,0.04443508744203019,0.4347852726135562,0.01712599935631632,0.041725256268435096,0.37567344021876464,0.15369624621557218,-0.013530758341890076,-0.8000283226458752,0.14661442999984553,-0.3116781053239252,0.0,4
combined_c_fes_gmr72,z_reward,side=B_side|tfc=low|phase=q1|fes=Surprise,16,O4_B_C_boundary,0.11478173948839823,-0.008799098123556334,0.007847653635181813,0.03914480011500337,0.10540501912445205,0.6741416695927906,0.07974734461882102,0.04733786728472584,0.04637564562902513,-0.6217959494643375,-0.05932739703624905,-0.38633402088355256,0.11478173948839823,-0.4839654043678607,0.007187638255317791,0.0,4
combined_c_fes_gmr72,z_reward,side=B_side|tfc=mid|phase=q4|fes=Surprise,10,O6_phase_only,0.6078447266670182,0.025265265378884322,0.011561178853278573,0.039552988651891406,0.13316700347559157,0.33811945148335093,0.07057198969694028,0.34608208600489426,0.06094530183405302,-0.5818133774908147,-0.1513174295087079,-0.4001270227972893,-0.22235343973298866,-0.622366763069236,0.6078447266670182,0.0,4
combined_c_fes_gmr72,z_reward,side=B_side|tfc=mid|phase=q1|fes=Surprise,22,O2_lag5_AB,0.036720151181237295,-0.12262062509075389,0.013769436899169858,0.058923653879325924,0.14497996926681697,0.42303964130075467,0.28435134379125915,0.021881019858691914,0.05305493500398136,-0.47210676368036675,0.036720151181237295,-0.3218528588114196,-0.09540300286331356,-0.08608760542116965,-0.3099979044158651,0.0,4
combined_c_fes_gmr72,z_reward,side=B_side|tfc=low|phase=q4|fes=CoCreation,8,O3_A_C_boundary,0.06889880983253982,-0.15348573269216556,0.09494421061131747,0.11617529591124283,0.05122263566854171,0.0499316910994529,0.14454833396562913,0.10261820230558433,0.4405596304382316,-0.5371647203067555,-0.31817620555824133,0.06889880983253982,0.059964834466565364,-0.2416964033306463,-0.3616059187022038,0.0,4
combined_c_fes_gmr72,z_reward,side=B_side|tfc=mid|phase=q4|fes=SelfGrowth,11,O1_lag0_AB,0.22134447151258624,0.03262428151384266,0.4887668267449545,0.05445777726451155,0.011589828604457413,0.030129266733866757,0.13276703389486266,0.022603382520259636,0.2596858842370875,0.22134447151258624,0.1269800733176658,-0.41457415783872087,-0.7538915114424782,-0.3831616273091443,-0.18078406455338825,0.0,4
combined_c_fes_gmr72,z_reward,side=B_side|tfc=mid|phase=q1|fes=SelfGrowth,12,O1_lag0_AB,0.22223505896765613,0.07981344963375772,0.37172376496600207,0.016366614514235593,0.014337738457475834,0.2829318088975759,0.0771978620658971,0.040444186789367655,0.19699802430944577,0.22223505896765613,-0.19708599397859836,-0.24340794992946757,0.1267042737966151,-0.4762424266606963,0.11955178204355658,0.0,4
combined_c_fes_gmr72,z_reward,side=B_side|tfc=low|phase=q4|fes=SelfGrowth,9,O4_B_C_boundary,0.16305843849497403,-0.0025464270984510316,0.1304303717693986,0.02249582150038299,0.007795309955285609,0.3498923321597334,0.24505367528033198,0.024746428599964242,0.21958606073490325,-0.18231664401990916,-0.12374857278216307,-0.49468113331362995,0.16305843849497403,-0.10994818575602992,-0.09037551322266967,0.0,4
combined_c_fes_gmr72,z_reward,side=B_side|tfc=mid|phase=q4|fes=Activation,14,O2_lag5_AB,0.2126944321014735,0.11468829656724233,0.1335010603390934,0.32781689874904674,0.1752401085607862,0.011655729362280268,0.02691386446696009,0.208022914874489,0.11684942364734427,0.046628152152986026,0.2126944321014735,0.14184483385983374,-0.13308434245528264,0.15981095662173142,0.05351199060914542,0.0,4
combined_c_fes_gmr72,z_reward,side=B_side|tfc=high|phase=q1|fes=Activation,9,O1_lag0_AB,0.6763781639386401,0.38876562936155173,0.5687825188850936,0.13633411349509755,0.09228584760210148,0.005780617295684613,0.03042897217743833,0.08403705365701925,0.08235087688756523,0.6763781639386401,0.028087070881756313,0.03986559306218006,-0.25607096518016914,0.32523868373103343,-0.1412606997631018,0.0,4
combined_c_fes_gmr72,z_reward,side=B_side|tfc=high|phase=q4|fes=Activation,10,O5_full_TFC,0.8262584961718134,0.3404142811048342,0.43656078869256276,0.14676908991277757,0.056230879062944626,0.010755855070981327,0.1414746349225103,0.11671879757338592,0.09148995476483748,0.5469444565269658,0.017066224548746,-0.17036709435823352,-0.07557606628541906,0.8262584961718134,-0.06311630181765351,0.0,4
combined_c_fes_gmr72,z_reward,side=B_side|tfc=low|phase=q4|fes=Surprise,10,O4_B_C_boundary,0.1447586109132734,0.02153892328156285,0.010488222149793653,0.009093965035025917,0.0713329327019116,0.6578513743021932,0.2010230719769635,0.008670094449961436,0.04154033938415061,-0.48174422131628114,-0.5316688922704788,-0.48445396254498707,0.1447586109132734,-0.12183241044900688,-0.5483748563494413,0.0,4
combined_c_fes_gmr72,z_reward,side=A_side|tfc=low|phase=q1|fes=Surprise,10,O3_A_C_boundary,0.4866910613808924,0.302831171130462,0.008570720941426673,0.013463947243021203,0.592456775959989,0.09306660967724596,0.2095973249292228,0.06132673025229101,0.02151789099680333,-0.3221865064454972,-0.16410421649171036,0.4866910613808924,-0.30950054444871755,0.12300965631534251,0.3665658765059924,0.0,4
combined_c_fes_gmr72,z_reward,side=B_side|tfc=high|phase=q4|fes=CoCreation,8,O5_full_TFC,1.3591737480585666,1.112241427500356,0.1102083966038226,0.10759673811945242,0.005887316992722839,0.0010723840672757232,0.6907624369410577,0.06275099788917285,0.02172172938649609,0.5684209910053913,0.7083817753781148,0.3651218453112309,-0.23089879130709182,1.3591737480585666,0.5196562272161063,0.0,4
combined_c_fes_gmr72,z_reward,side=B_side|tfc=low|phase=q1|fes=SelfGrowth,10,O6_phase_only,0.4294988602599945,0.05683109680498655,0.16116536796073225,0.08159974273258791,0.0069807853503679315,0.1310280980572526,0.3332609447008132,0.09503209677577143,0.19093296442247476,-0.05932199937773892,0.3761628551047471,-0.4843697844190845,-0.13177871197514138,0.046596443250089416,0.4294988602599945,0.0,4
combined_c_fes_gmr72,z_reward,side=A_side|tfc=low|phase=q4|fes=SelfGrowth,9,O6_phase_only,0.07111567182187466,-0.11739494507485658,0.22514280929359096,0.013543393956010761,0.026573477316421432,0.22324690419139648,0.1466742365181075,0.05532756884056331,0.3094916098839095,-0.11136862600814923,-0.4214646748838582,-0.1855595202694948,-0.11432842067023384,-0.40970567561277615,0.07111567182187466,0.0,4
combined_c_fes_gmr72,z_reward,side=B_side|tfc=mid|phase=q1|fes=Activation,9,O6_phase_only,0.5112586897074075,0.3229489637266969,0.1768432884726258,0.047730646819108116,0.05393999202720098,0.017533058662397544,0.0031490093479914338,0.6083957949687949,0.09240820970188131,0.22716684908681495,-0.37957949845792444,-0.18842027903485262,0.09195187444111436,-0.5089982146818046,0.5112586897074075,0.0,4
combined_c_fes_gmr72,z_reward,side=B_side|tfc=low|phase=q1|fes=Activation,8,O4_B_C_boundary,1.269796909850127,0.7036680039784899,0.018742257991637465,0.04288269957847423,0.04252010641583249,0.309145799641854,0.0037795857198546414,0.5266309804735715,0.056298570178775695,-0.38496093241188256,-0.24362498229512422,-0.09824222875564892,1.269796909850127,-0.27167260134428195,0.6341860794878758,0.0,4
combined_c_fes_gmr72,rank_reward,side=B_side|tfc=high|phase=q1|fes=Surprise,15,O1_lag0_AB,0.3307567467954127,-0.02030995975210684,0.10240183481236882,0.04113464477857414,0.23231815540602058,0.28622331385764294,0.2731929664245708,0.024928350734963668,0.039800733985859024,0.3307567467954127,0.011537872886493866,-0.05621870187295386,-0.13154086448678518,0.0005060047996737997,-0.16375786506338824,0.0,0
combined_c_fes_gmr72,rank_reward,side=A_side|tfc=high|phase=q1|fes=Surprise,8,O3_A_C_boundary,0.7181695441573877,0.5407806830263612,0.05373462631946378,0.006290693519219014,0.49199332297455883,0.31410261604603273,0.11929366013583838,0.005362039525168031,0.009223041479719364,0.6168234598635066,-0.13392173886108852,0.7181695441573877,0.4127539018085337,0.22226260825677963,-0.1898261576856584,0.0,0
combined_c_fes_gmr72,rank_reward,side=B_side|tfc=low|phase=q1|fes=Surprise,16,O4_B_C_boundary,0.1557159422843564,0.02637469887251113,0.006715467423624027,0.01586458719616597,0.14358473715864126,0.7001410860476663,0.059807039296374924,0.031038988901373202,0.04284809397615424,-0.6486367042117676,-0.34775011524262656,-0.25045408472715625,0.1557159422843564,-0.5569847832410936,-0.11284596470714253,0.0,0
combined_c_fes_gmr72,rank_reward,side=B_side|tfc=mid|phase=q1|fes=Surprise,23,O7_suppress_event,0.0,-0.12621024244684417,0.020517858976479827,0.05151043973137672,0.18608595865070823,0.3073967916749597,0.3460715801515021,0.03528221290869099,0.053135157906282524,-0.33304009904677184,-0.010869010690175264,-0.235017092314043,-0.2076961018212398,-0.0178641694493585,-0.1433109521457745,0.0,0
combined_c_fes_gmr72,rank_reward,side=B_side|tfc=low|phase=q4|fes=Surprise,12,O4_B_C_boundary,0.2330891190856742,0.12702650821695713,0.019058270506951167,0.015262784688754296,0.03794165150415688,0.8285243910000987,0.03394788949808309,0.02461661773475753,0.040648395067198376,-0.26511036956884243,-0.34283965148438655,-0.6978150062748522,0.2330891190856742,-0.7367429883252621,-0.17553816732222163,0.0,0
combined_c_fes_gmr72,rank_reward,side=A_side|tfc=mid|phase=q4|fes=Activation,8,O4_B_C_boundary,0.3643326430433982,0.16089993791748314,0.35308471312282597,0.07295916545731472,0.009547252217935884,0.05848741233188329,0.0024351074185427314,0.36192850209043353,0.14155784736106386,0.319899845946403,-0.38033773836549145,-0.9437592715574141,0.3643326430433982,-0.7482545975178442,0.1802036335633438,0.0,0
combined_c_fes_gmr72,rank_reward,side=B_side|tfc=low|phase=q1|fes=Activation,9,O4_B_C_boundary,0.658415354133854,0.4824674131667796,0.023538490791295864,0.030148747369190126,0.07796680203488764,0.07198172863793038,0.004522907163286816,0.7166472148594836,0.07519410914392569,-0.406502566672225,-0.46823007957358365,0.012673580191012772,0.658415354133854,-0.31012471944460823,0.6407240304474446,0.0,0
combined_c_fes_gmr72,rank_reward,side=B_side|tfc=high|phase=q4|fes=Activation,10,O1_lag0_AB,0.4616455235425441,0.20764378269979797,0.4090452883534517,0.15029384511861665,0.057692352257098845,0.013564686536821802,0.053862090888801575,0.20616057617034214,0.1093811606748672,0.4616455235425441,-0.03714096224414185,-0.22389991670789144,-0.0568825359942855,0.425752438445656,0.0734810932976742,0.0,0
combined_c_fes_gmr72,rank_reward,side=B_side|tfc=mid|phase=q4|fes=Activation,13,O6_phase_only,0.34398841477812303,0.22850346230507163,0.12623888330041666,0.21290683842938748,0.19278549664355363,0.007126942279892947,0.018706678829731954,0.3552227817195532,0.08701237879746422,0.13024396617792358,0.16482675552133974,0.27843471631770367,-0.20206228127060955,0.1356871332048743,0.34398841477812303,0.0,0
combined_c_fes_gmr72,rank_reward,side=B_side|tfc=high|phase=q1|fes=Activation,8,O1_lag0_AB,0.5037097021808004,0.2142134849227527,0.5221758285766963,0.12075308180401294,0.11174708416779612,0.005437713588646932,0.01091907995919605,0.10514660620329314,0.12382060570035848,0.5037097021808004,-0.15713484026367724,-0.03590847720786932,-0.42021973465778384,-0.176216171486451,-0.2055721062494456,0.0,0
combined_c_fes_gmr72,rank_reward,side=A_side|tfc=low|phase=q4|fes=Activation,8,O6_phase_only,0.3394126690416378,0.1821400454043624,0.03721836532685266,0.1304497082275531,0.2122807847219501,0.031932707091590455,0.018156515389554245,0.4566362294993705,0.11332568974312879,-0.38971224326619824,-0.09910208675720553,0.21967538997755381,0.23037427077685602,0.032763810778887764,0.3394126690416378,0.0,0
combined_c_fes_gmr72,rank_reward,side=B_side|tfc=low|phase=q4|fes=Activation,11,O2_lag5_AB,0.4771185149824381,0.30932713352845653,0.1657510155628217,0.5316463090616345,0.004676136398512948,0.004091073676507094,0.0033875803971011205,0.20142335331663444,0.08902453158678819,0.21755117599770452,0.4771185149824381,-1.0312539140612946,-0.4043400266927125,-0.470382061776898,0.13741918746578027,0.0,0
combined_c_fes_gmr72,rank_reward,side=B_side|tfc=mid|phase=q4|fes=Surprise,10,O6_phase_only,0.6543316403173844,0.16627214801824403,0.006036866647634333,0.026113437885838364,0.042138613958132724,0.5703587614666662,0.06906733340063369,0.24803805927082762,0.038246927370267005,-0.6461623407624584,-0.1335646142241257,-0.6397811037166793,0.12371951578757079,-0.4668400281791804,0.6543316403173844,0.0,0
combined_c_fes_gmr72,rank_reward,side=B_side|tfc=high|phase=q4|fes=CoCreation,8,O5_full_TFC,0.6616518760536486,0.38958430241483477,0.21307702065614992,0.06270110860087597,0.02132023352591369,0.008610413672559582,0.45238019831003873,0.13753920139900314,0.10437182383545898,0.24979288154930923,-0.029998469504883808,0.26614518401126724,-0.051194282394857044,0.6616518760536486,0.24493697765891403,0.0,0
combined_c_fes_gmr72,rank_reward,side=B_side|tfc=low|phase=q1|fes=SelfGrowth,8,O6_phase_only,0.3621568169671085,0.005521045792972322,0.08711591606629189,0.0872413853721803,0.015555612978597054,0.16148378791307394,0.3294541473195933,0.09289997654926094,0.22624917380100268,-0.33403906565674135,0.3401612167071649,-0.2633288328577088,-0.11803126218814237,-0.016824659589158755,0.3621568169671085,0.0,0
combined_c_fes_gmr72,rank_reward,side=A_side|tfc=high|phase=q4|fes=Activation,10,O3_A_C_boundary,0.8322317658765023,0.5753997008540926,0.12576658115479605,0.12359434574532197,0.6447829346191507,0.0052650481224355925,0.01860154346737354,0.02218338607549395,0.059806160815428284,0.2601616426702239,0.10570889254101923,0.8322317658765023,-0.17680988271557074,0.2649441131092768,-0.49547251480717447,0.0,0
combined_c_fes_gmr72,rank_reward,side=A_side|tfc=high|phase=q1|fes=Activation,8,O3_A_C_boundary,0.9917076499467455,0.7515865765458212,0.23907210699197937,0.05485964004013714,0.5140675901241112,0.0004166922458354713,0.009566279567482088,0.15178558943143067,0.030232101599024005,0.7237513089229396,0.06020101023088931,0.9917076499467455,-0.8258125314884656,0.2709655702253967,0.4163928620201536,0.0,0
combined_c_fes_gmr72,rank_reward,side=B_side|tfc=low|phase=q4|fes=Activation,13,O2_lag5_AB,0.4416441343774564,0.2873988833473743,0.10117704587280785,0.5000937313667988,0.006620208346782805,0.004275580339919259,0.0047677155082252185,0.29039204384428335,0.0926736747211828,0.030725612062850398,0.4416441343774564,-0.9236351624056244,-0.40296105612315414,-0.3648294605649134,0.2513968539927754,0.0,1
combined_c_fes_gmr72,rank_reward,side=A_side|tfc=high|phase=q4|fes=Activation,8,O3_A_C_boundary,0.7572464164130104,0.5084439319469235,0.08210431524013458,0.22367868682015626,0.5972206592389557,0.0010760211847176014,0.014634500196790834,0.012656111611194416,0.06862970570805056,0.062742787464626,0.2651650429449553,0.7572464164130104,-0.7807128065215679,0.13282625991441016,-0.7400595824980043,0.0,1
combined_c_fes_gmr72,rank_reward,side=B_side|tfc=high|phase=q1|fes=Surprise,17,O1_lag0_AB,0.519616324354931,0.15025662122523398,0.11042550939073742,0.018721085146176833,0.1490634153422135,0.39878065304370486,0.26333038719161694,0.0346577590090535,0.02502119087649695,0.519616324354931,-0.10152543250802516,-0.049069502790844086,0.14698964414886936,0.1500936737032834,0.11402948371683888,0.0,1
combined_c_fes_gmr72,rank_reward,side=B_side|tfc=high|phase=q4|fes=Surprise,10,O1_lag0_AB,0.542946036876989,0.2210493705304857,0.1275239249617203,0.042178257566317344,0.39498315606814394,0.05040635259781967,0.34350537473664833,0.014370710966183423,0.02703222310316717,0.542946036876989,0.15570634171582562,0.2649381763740279,-0.6039706411107524,0.21606404946077387,-0.22114309982919086,0.0,1
combined_c_fes_gmr72,rank_reward,side=B_side|tfc=low|phase=q1|fes=Surprise,17,O4_B_C_boundary,0.24023983561336495,0.12188529544562612,0.005647556345453961,0.018590162575559274,0.0862756788364416,0.7574705807495872,0.043359817618318613,0.0522453411081777,0.036410862766461605,-0.6522754739901635,-0.23528211376379474,-0.3717583522697066,0.24023983561336495,-0.612563457487633,0.12637924729627995,0.0,1
combined_c_fes_gmr72,rank_reward,side=B_side|tfc=mid|phase=q4|fes=Surprise,11,O6_phase_only,0.7176335345435193,0.15255136020015628,0.0068283167039676785,0.028272803011633218,0.07713953958277955,0.41694512641192766,0.06462580814258344,0.3598773079256304,0.04631109822147801,-0.6700062067285288,-0.17271846078569483,-0.4951145327955637,-0.05290075847468552,-0.557065284004678,0.7176335345435193,0.0,1
combined_c_fes_gmr72,rank_reward,side=B_side|tfc=mid|phase=q1|fes=Surprise,22,O2_lag5_AB,0.13700599708940456,-0.1128130876192578,0.02333694805002872,0.07715114741361678,0.15368391091685543,0.3246527052798293,0.3380005467694892,0.031014489761248116,0.052160251808932384,-0.2814990105967345,0.13700599708940456,-0.29549452761150724,-0.18209896062381128,-0.01964218631461597,-0.18195318340376462,0.0,1
combined_c_fes_gmr72,rank_reward,side=B_side|tfc=low|phase=q4|fes=CoCreation,8,O4_B_C_boundary,0.09492273194046383,-0.13547310770302662,0.07801846450503215,0.1253804261490225,0.038382476501472494,0.05331094635735256,0.19899664903348685,0.08024636248752177,0.4256646749661117,-0.5938472278342068,-0.27945002842347144,-0.020066501969103423,0.09492273194046383,-0.11777261712411044,-0.43563791026478266,0.0,1
combined_c_fes_gmr72,rank_reward,side=B_side|tfc=mid|phase=q4|fes=SelfGrowth,10,O2_lag5_AB,0.19284730395996758,-0.08754627414567562,0.3352576720288122,0.08216473428510851,0.01137867035218001,0.04657338886338729,0.17953932472378661,0.020490255912691206,0.3245959538340343,0.01131137576827057,0.19284730395996758,-0.49909765799845346,-0.679543153217446,-0.3556201732108476,-0.29322455325452845,0.0,1
combined_c_fes_gmr72,rank_reward,side=B_side|tfc=mid|phase=q1|fes=SelfGrowth,10,O1_lag0_AB,0.2050186857999047,0.030587129324141357,0.40708441834444026,0.02842852101801932,0.007715959478350457,0.20362082529561218,0.08742581124120404,0.03910938214412696,0.22661508247824672,0.2050186857999047,-0.0528544462705096,-0.5092901669351408,-0.03744766952957135,-0.48171656928959444,0.058784874638139376,0.0,1
combined_c_fes_gmr72,rank_reward,side=A_side|tfc=low|phase=q4|fes=Surprise,8,O3_A_C_boundary,0.24079802362924183,0.048657982539823744,0.004284604289761503,0.06835907580251131,0.5698049852223153,0.18898076609205436,0.1020078760559645,0.024781240176420773,0.041781452360972395,-0.7970985111703194,0.17231263733460056,0.24079802362924183,-0.29383384999548084,-0.36128742696719585,-0.1828279583239751,0.0,1
combined_c_fes_gmr72,rank_reward,side=A_side|tfc=high|phase=q1|fes=Surprise,8,O3_A_C_boundary,0.8744770331798779,0.7372207740011619,0.03412220046298793,0.00258445474062139,0.4538322426015351,0.431162732335072,0.06625674417891111,0.00659838546895112,0.005443240211921283,0.6424507955884946,-0.26070098498291905,0.8744770331798779,0.7081875731288538,0.20101040667047398,0.0673576688562013,0.0,1
combined_c_fes_gmr72,rank_reward,side=B_side|tfc=low|phase=q4|fes=Surprise,13,O4_B_C_boundary,0.2330891190856742,0.126518939065473,0.015540147676863172,0.010917978392409022,0.03833618094270212,0.8371396528520106,0.03742578239884857,0.019569187645348436,0.041071070091817936,-0.34015699726217624,-0.46371260553336907,-0.6978150062748522,0.2330891190856742,-0.7062270065603105,-0.25947169941010223,0.0,1
combined_c_fes_gmr72,rank_reward,side=A_side|tfc=mid|phase=q4|fes=Activation,8,O4_B_C_boundary,0.3643326430433982,0.16089993791748314,0.35308471312282597,0.07295916545731472,0.009547252217935884,0.05848741233188329,0.0024351074185427314,0.36192850209043353,0.14155784736106386,0.319899845946403,-0.38033773836549145,-0.9437592715574141,0.3643326430433982,-0.7482545975178442,0.1802036335633438,0.0,1
combined_c_fes_gmr72,rank_reward,side=B_side|tfc=low|phase=q1|fes=Activation,9,O4_B_C_boundary,0.535169859479569,0.2580853467049692,0.015359372392637852,0.07742136243038925,0.13305497926388982,0.0759453612976319,0.008160434549606186,0.5772372397883445,0.11282125027750063,-0.6979275951464192,-0.28014443743978823,0.05773519864794685,0.535169859479569,-0.2455809961084208,0.42300227252841016,0.0,1
combined_c_fes_gmr72,rank_reward,side=B_side|tfc=high|phase=q4|fes=Activation,11,O1_lag0_AB,0.5729597441712072,0.3062738337856732,0.4800120893075723,0.18363689243272455,0.049257882295257495,0.011581565088995245,0.0637972950606527,0.11832435276519138,0.09338992304960651,0.5729597441712072,0.08830718295809961,-0.22389991670789144,-0.0568825359942855,0.5403211251791036,-0.06552859402303411,0.0,1
combined_c_fes_gmr72,rank_reward,side=B_side|tfc=mid|phase=q4|fes=Activation,10,O3_A_C_boundary,0.2905535606754398,0.16915907572530423,0.11623593343650408,0.23283853690555936,0.23098735743769852,0.023003611056365735,0.03328365397508974,0.2629444471680824,0.10070646002070019,0.05019422997170081,0.14499260260693853,0.2905535606754398,0.1569009951175706,0.2861963146955824,0.18755174289311122,0.0,1
combined_c_fes_gmr72,rank_reward,side=B_side|tfc=high|phase=q1|fes=Activation,8,O1_lag0_AB,0.7060772842850167,0.4465299454598119,0.5978400105241185,0.22466148821030468,0.026879849883525816,0.005872398055702179,0.019048662921885454,0.04618149112330271,0.07951609928116073,0.7060772842850167,0.21516759377014888,-0.379603901911762,-0.23829719543320302,0.17355964628816256,-0.33853789412142754,0.0,1
combined_c_fes_gmr72,rank_reward,side=B_side|tfc=low|phase=q1|fes=SelfGrowth,9,O6_phase_only,0.10575056813210254,-0.16563650773220417,0.13237557896963575,0.047021927411496384,0.03686348314745406,0.09886553628722469,0.23971332163145928,0.07337684104574442,0.3717833115069854,-0.3614338038455218,-0.04999744917480636,-0.13518485537080238,-0.46359266835342655,-0.30195836420542593,0.10575056813210254,0.0,1
combined_c_fes_gmr72,rank_reward,side=A_side|tfc=low|phase=q1|fes=Surprise,10,O6_phase_only,0.29672365293536995,0.004568307706116742,0.009803178992728818,0.02885384938111041,0.5257874930516897,0.1482875259532046,0.12799634639063082,0.11150631133226963,0.04776529489836596,-0.5542574126452597,-0.17641957065967395,0.16581267416574977,-0.42555247240724814,-0.32870071786819394,0.29672365293536995,0.0,1
combined_c_fes_gmr72,rank_reward,side=A_side|tfc=low|phase=q4|fes=SelfGrowth,9,O7_suppress_event,0.0,-0.14944226297080615,0.12233106698809568,0.04025995841494422,0.012037557552850072,0.2742779916942636,0.1975155016991767,0.006614992773942061,0.3469629308767276,-0.3648704197473401,-0.08015464074056261,-0.5027186809101714,-0.08227652527744866,-0.34554505542178426,-0.7122611794779846,0.0,1
combined_c_fes_gmr72,rank_reward,side=B_side|tfc=mid|phase=q1|fes=Activation,8,O6_phase_only,0.9561289877899748,0.8084755868624015,0.09526546301273178,0.03094624985798287,0.010936000551616204,0.003899184442716583,0.001284773086598989,0.8226166849433704,0.03505164410498326,0.3499456878308719,-0.19195449236756015,-0.40766682947757604,-0.09492273194046394,-0.48348758608845327,0.9561289877899748,0.0,1
combined_c_fes_gmr72,rank_reward,side=A_side|tfc=high|phase=q1|fes=Activation,8,O3_A_C_boundary,0.7445728362219974,0.5590374341679918,0.31087071627385876,0.07549421546785956,0.37337578273583255,0.0005523599339313758,0.007236792938548981,0.18798146877753358,0.044488663872435386,0.6804499485600287,0.03673281980189851,0.7445728362219974,-0.8623798760562205,0.03807686117546412,0.3560333925256356,0.0,1
combined_c_fes_gmr72,rank_reward,side=B_side|tfc=high|phase=q4|fes=CoCreation,9,O1_lag0_AB,0.6795662473281325,0.5497042486847562,0.48741752112738623,0.07760771270943428,0.022598034682752063,0.0028449548230459654,0.2998973828492562,0.039703799577637755,0.06993059423048753,0.6795662473281325,0.18481199962830222,0.426677199764095,-0.2986333139699987,0.657932740776045,-0.04976497323863641,0.0,1
combined_c_fes_gmr72,rank_reward,side=A_side|tfc=mid|phase=q1|fes=SelfGrowth,9,O3_A_C_boundary,0.34312544887519625,-0.02586598533631275,0.08271939870266133,0.03223647781023936,0.10093195802062627,0.07365511667106657,0.42518416716847324,0.02572648429652806,0.2595463973304051,-0.40021846902318586,-0.056346331609702434,0.34312544887519625,-0.44083965395571234,0.024400675895387833,-0.13529852099254294,0.0,1
combined_c_fes_gmr72,rank_reward,side=B_side|tfc=low|phase=q4|fes=Activation,9,O2_lag5_AB,0.8490638243793013,0.6618257146159188,0.0960413892174086,0.6987975004130588,0.00784430318307737,0.0033612259162755865,0.00757776820921513,0.14594694115653878,0.04043087190442573,0.3028149554630777,0.8490638243793013,-0.5739321315072905,-0.1968542049230808,0.08766533154351065,0.30092257255238,0.0,2
combined_c_fes_gmr72,rank_reward,side=A_side|tfc=high|phase=q4|fes=Activation,12,O3_A_C_boundary,0.581832545132857,0.3163123524968959,0.1556715810611052,0.1621520623554989,0.5227058097233027,0.006435121439768917,0.021611450160940685,0.032273356051334315,0.0991506192080493,0.1578879534321105,0.023808309130860187,0.581832545132857,-0.28350773053515455,0.1405006660427983,-0.5411940839701718,0.0,2
combined_c_fes_gmr72,rank_reward,side=B_side|tfc=high|phase=q1|fes=Surprise,16,O1_lag0_AB,0.638789747627782,0.2182660716128537,0.14355745220325608,0.037118857171497224,0.07595905124948098,0.48193335811686866,0.22165162561118038,0.016638289596621354,0.023141366051095284,0.638789747627782,0.16537617803974428,-0.25769613055059204,0.2406131272558274,0.11712324429786199,-0.11547028946777377,0.0,2
combined_c_fes_gmr72,rank_reward,side=B_side|tfc=high|phase=q4|fes=Surprise,9,O1_lag0_AB,0.5337555440652691,0.23417527353797676,0.12558639253397322,0.1097197985379298,0.3551497090655746,0.03363189602579079,0.3121013543165545,0.03648103896176636,0.02732981055841074,0.5337555440652691,0.4864831165739098,0.22389991670789144,-0.7494274117247111,0.17867591704042132,0.10108510189098036,0.0,2
combined_c_fes_gmr72,rank_reward,side=B_side|tfc=low|phase=q1|fes=Surprise,14,O4_B_C_boundary,0.2741027203224631,0.1412765661734383,0.007828191675180627,0.012826946202276288,0.09436085699061388,0.7614795006806241,0.06271825393779636,0.02755819344083264,0.03322805707267623,-0.5059820767771048,-0.33314626848110784,-0.30839045131464293,0.2741027203224631,-0.45135628130915784,-0.0654831511700362,0.0,2
combined_c_fes_gmr72,rank_reward,side=B_side|tfc=mid|phase=q4|fes=Surprise,9,O6_phase_only,0.5816281247265639,0.06804948431857698,0.0037165624896265343,0.013670413477700498,0.13345844495726145,0.4986566907898804,0.08300952798671582,0.22481828680294433,0.04267007349587108,-0.8542445241662698,-0.39839237278972717,-0.27459423747194234,0.03839571179614264,-0.44078640327152424,0.5816281247265639,0.0,2
combined_c_fes_gmr72,rank_reward,side=B_side|tfc=mid|phase=q1|fes=Surprise,22,O7_suppress_event,0.0,-0.17347032838275872,0.038131379928596665,0.05182748085820782,0.13990673416352092,0.3879946500443649,0.28732549939605334,0.03413439088014109,0.060679864729115345,-0.16260102666889,-0.05519198934881225,-0.3813191232909969,-0.17266843491949557,-0.12944522784386167,-0.20135728163388633,0.0,2
combined_c_fes_gmr72,rank_reward,side=B_side|tfc=mid|phase=q4|fes=SelfGrowth,9,O1_lag0_AB,0.09858178186930283,-0.043245756116269234,0.4080011945074708,0.05495772927330991,0.012092323582679386,0.02295019432730426,0.1517564204073198,0.042393610392737154,0.3078485275091786,0.09858178186930283,0.07063131708821858,-0.45926640596955626,-0.9086985125087101,-0.39592064436710134,-0.02021702037819611,0.0,2
combined_c_fes_gmr72,rank_reward,side=B_side|tfc=mid|phase=q1|fes=SelfGrowth,12,O4_B_C_boundary,0.12992488335058375,0.033984504949812505,0.313067002608209,0.016782502807036994,0.012208227641988584,0.313349220403806,0.09243721291856241,0.03597735934672434,0.21617847427367257,0.12960951401143397,-0.2208220671887282,-0.3322014201583638,0.12992488335058375,-0.4457058943794654,0.046071479131081415,0.0,2
combined_c_fes_gmr72,rank_reward,side=B_side|tfc=low|phase=q4|fes=SelfGrowth,10,O4_B_C_boundary,0.1971927914468561,0.04253362696957353,0.21249088107540784,0.038447145200360335,0.00714554664198302,0.34015186445111945,0.19301865891560524,0.015109110870118389,0.19363679284540572,0.03252020533377795,0.10785164036279657,-0.48112665539955707,0.1971927914468561,-0.14947381782368313,-0.21904364002068596,0.0,2
combined_c_fes_gmr72,rank_reward,side=B_side|tfc=high|phase=q4|fes=SelfGrowth,8,O1_lag0_AB,0.6433344968203908,0.40347456814728894,0.5515284045903698,0.01995744756034675,0.0167268206125167,0.17641813251036406,0.1406867723055923,0.006923390996261266,0.08775903142454897,0.6433344968203908,0.15534921707886273,0.09354309188604629,0.24439175286116205,0.016824659589158575,-0.21519463037176015,0.0,2
combined_c_fes_gmr72,rank_reward,side=A_side|tfc=high|phase=q4|fes=Surprise,8,O5_full_TFC,0.6721008751669155,0.5618691164213225,0.025668544786752782,0.008924795138107365,0.26084960764015797,0.3307002305757369,0.36088817421963376,0.00525159407446143,0.007717053565149681,0.42064178638256317,0.0508902607672137,0.5584824337506273,0.49317158707045483,0.6721008751669155,-0.1347153377124028,0.0,2
combined_c_fes_gmr72,rank_reward,side=A_side|tfc=high|phase=q1|fes=Surprise,10,O3_A_C_boundary,0.6691650340854718,0.5534847104558905,0.049918106723674034,0.004555412539232961,0.4017732357182232,0.44034906333085916,0.08829606165657164,0.006444432519969964,0.008663687511469063,0.6129351744431635,-0.22498852128662872,0.6691650340854718,0.5528982498644546,0.13884771703053,-0.10357335055291217,0.0,2
combined_c_fes_gmr72,rank_reward,side=B_side|tfc=low|phase=q4|fes=Surprise,11,O4_B_C_boundary,0.3978222361100338,0.32115768573824194,0.014496103583830815,0.007585637287221538,0.011379865377636671,0.9020582213923326,0.021966376773116938,0.0148720792399097,0.02764171634595162,-0.2259061694629045,-0.4525743126602604,-0.9843147281686548,0.3978222361100338,-0.7541311532595121,-0.2169441802121809,0.0,2
combined_c_fes_gmr72,rank_reward,side=B_side|tfc=mid|phase=q4|fes=Activation,11,O6_phase_only,0.4332521604823906,0.3164684295140531,0.19683806764425446,0.2170907747462574,0.13565844334443497,0.0037877716253756953,0.013009828724345746,0.36444077152323207,0.06917434239209959,0.3660129829562562,0.25193519843928414,0.2357285915528366,-0.3430016920455413,0.08887284299727799,0.4332521604823906,0.0,2
combined_c_fes_gmr72,rank_reward,side=B_side|tfc=high|phase=q1|fes=Activation,9,O1_lag0_AB,0.624089447770208,0.34338528390269357,0.5154497631657999,0.2220223996260802,0.07496986416745037,0.003441446327447638,0.013313849017666399,0.08414833451584187,0.08665434317971363,0.624089447770208,0.1809431493945374,-0.05069432076405085,-0.455415803804248,0.01810372727722324,-0.15862585219815378,0.0,2
combined_c_fes_gmr72,rank_reward,side=A_side|tfc=low|phase=q1|fes=Surprise,11,O6_phase_only,0.3009225725523799,0.0945438858917838,0.008818323682590565,0.030508432615419637,0.5097795777038369,0.18679396842537888,0.15027953242163544,0.07997169077972219,0.033848474371416415,-0.4707717471737625,-0.03636178121804097,0.2755330211897951,-0.22421199604414196,-0.15198544164751915,0.3009225725523799,0.0,2
combined_c_fes_gmr72,rank_reward,side=B_side|tfc=high|phase=q4|fes=CoCreation,12,O5_full_TFC,0.7753117986115201,0.5266351209106994,0.28205283488943267,0.12152030450478077,0.02336056266304304,0.002940952447870041,0.4335449138544181,0.06429016164489695,0.07229026999555843,0.47649170423839937,0.33014188661459465,0.426677199764095,-0.2986333139699988,0.7753117986115201,0.10730572354580997,0.0,2
combined_c_fes_gmr72,rank_reward,side=B_side|tfc=low|phase=q1|fes=SelfGrowth,8,O6_phase_only,0.35778294236605634,-0.053097747812930134,0.25068238960156913,0.06440497433619871,0.016117403361024064,0.13967574049829154,0.13424568370974072,0.11392676844699921,0.28094704004617665,-0.03989279846845444,0.15815519636928552,-0.32669673381277237,-0.24459490477542759,-0.40682785893785073,0.35778294236605634,0.0,2
combined_c_fes_gmr72,rank_reward,side=A_side|tfc=low|phase=q4|fes=SelfGrowth,8,O7_suppress_event,0.0,-0.22917686030561407,0.17811419816170823,0.01789176709360933,0.032990082660613554,0.09928011046033659,0.1145914671459392,0.038891072592513266,0.5182413018852798,-0.3738056210920678,-0.5044385497101002,-0.29028533675605334,-0.578373499913324,-0.6765284171640628,-0.23269012877596829,0.0,2
combined_c_fes_gmr72,rank_reward,side=B_side|tfc=mid|phase=q1|fes=Activation,10,O6_phase_only,0.6270386628068196,0.46540564478407187,0.21680608951480151,0.03147795331252301,0.026193736129665735,0.008036080807990951,0.002050244109163283,0.64505474792249,0.07038114820336545,0.3937772689329205,-0.4299780629033349,-0.34594180002875474,-0.085797825124714,-0.5638917487566428,0.6270386628068196,0.0,2
combined_c_fes_gmr72,rank_reward,side=B_side|tfc=low|phase=q4|fes=Activation,10,O6_phase_only,0.4695791771689464,0.34181898462938715,0.06200941652456922,0.3559269131199489,0.005868106818124224,0.010708776101633864,0.0034782445538871984,0.4798992862287481,0.0821092566530885,-0.09826757698685092,0.3649813789760866,-0.9234815432517938,-0.03924894983605707,-0.4328365056410914,0.4695791771689464,0.0,3
combined_c_fes_gmr72,rank_reward,side=A_side|tfc=high|phase=q4|fes=Activation,10,O3_A_C_boundary,0.4539019275818262,0.22030337438526204,0.1956351164995142,0.20015266676567425,0.43802720097241066,0.008912555842749938,0.0164089425800885,0.021112065409901442,0.11975145192966127,0.17179151948060983,0.03142696805273543,0.4539019275818262,-0.23558850324299907,-0.02196060830584922,-0.7558055310617917,0.0,3
combined_c_fes_gmr72,rank_reward,side=B_side|tfc=high|phase=q1|fes=Surprise,17,O1_lag0_AB,0.2849052771633158,-0.04374362897493403,0.09549564035340188,0.025026174130417658,0.18427382045424318,0.416115433691831,0.20197004343096925,0.03480710862433817,0.042311779314798945,0.2849052771633158,-0.18380014649024057,-0.15872150429696882,-0.021987287951637333,-0.12662770111840455,-0.06833535847290712,0.0,3
combined_c_fes_gmr72,rank_reward,side=B_side|tfc=high|phase=q4|fes=Surprise,10,O1_lag0_AB,0.6320231210521201,0.13829071767067452,0.2344998983416019,0.04509672596107763,0.3231978950649325,0.052894176252389034,0.28182624346476015,0.02394590317748132,0.03853915773775744,0.6320231210521201,0.05499719409228702,0.0706099467784995,-0.7112348518428336,0.022669015025392536,-0.16655714480806152,0.0,3
combined_c_fes_gmr72,rank_reward,side=B_side|tfc=low|phase=q1|fes=Surprise,9,O6_phase_only,0.5015376209206333,0.40124680848643873,0.007700660283422959,0.005641725557742493,0.02410316874803221,0.8409937656854767,0.008942091875358472,0.09092406060438386,0.021694527245583337,-0.36251388312895044,-0.47140452079103173,-0.6368474045983894,0.45808217267898005,-0.9838982215882237,0.5015376209206333,0.0,3
combined_c_fes_gmr72,rank_reward,side=B_side|tfc=mid|phase=q1|fes=Surprise,19,O2_lag5_AB,0.23720594307746493,-0.01854022242364077,0.030355882797641773,0.08668447275823542,0.306654256854485,0.13381053305141608,0.3642877866439161,0.03419149458205023,0.0440155733122553,-0.13004361286219007,0.23720594307746493,0.00571553616457434,-0.4328928290741578,0.0659936786101068,-0.08839830772652535,0.0,3
combined_c_fes_gmr72,rank_reward,side=B_side|tfc=mid|phase=q4|fes=SelfGrowth,11,O1_lag0_AB,0.11150702817016761,-0.0423159895522561,0.4104184279075469,0.05946636129564151,0.00858754685546815,0.03579040000530409,0.160050031965635,0.027242224553935348,0.29844500741646895,0.11150702817016761,0.10908534365412308,-0.5681988452304038,-0.7423170947254254,-0.36643947583660313,-0.16413958502857096,0.0,3
combined_c_fes_gmr72,rank_reward,side=B_side|tfc=mid|phase=q1|fes=SelfGrowth,10,O4_B_C_boundary,0.4251969565572837,0.2235967153846362,0.2548579065527695,0.012867827237811533,0.009740892232196617,0.47232513938149806,0.08561060534929528,0.024432789639721994,0.14016483960670711,0.20926045171300617,-0.1621345851811579,-0.2595736979862976,0.4251969565572837,-0.3209082439532151,0.062283974318980986,0.0,3
combined_c_fes_gmr72,rank_reward,side=B_side|tfc=low|phase=q4|fes=SelfGrowth,8,O4_B_C_boundary,0.4126015378728347,0.22875077964974394,0.2261606980301717,0.040212207173026586,0.004815489477700067,0.3930519896435287,0.21071622317928523,0.0041292949896742795,0.12091409750661336,0.21915790551024295,0.28837814434754394,-0.45443837542059906,0.4126015378728347,0.046046436770328686,-0.5082442286422465,0.0,3
combined_c_fes_gmr72,rank_reward,side=B_side|tfc=high|phase=q4|fes=SelfGrowth,8,O1_lag0_AB,0.6433344968203908,0.40347456814728894,0.5515284045903698,0.01995744756034675,0.0167268206125167,0.17641813251036406,0.1406867723055923,0.006923390996261266,0.08775903142454897,0.6433344968203908,0.15534921707886273,0.09354309188604629,0.24439175286116205,0.016824659589158575,-0.21519463037176015,0.0,3
combined_c_fes_gmr72,rank_reward,side=A_side|tfc=high|phase=q1|fes=Surprise,8,O1_lag0_AB,0.7652852668220582,0.6060924545940833,0.06632978209748722,0.005555326983440317,0.23790982191300014,0.5793675454295505,0.09586423199877524,0.007524069077016963,0.007449222500729637,0.7652852668220582,-0.10267333312683455,0.5386271581180407,0.7017882878294966,0.2204915914579208,0.003499099680841583,0.0,3
combined_c_fes_gmr72,rank_reward,side=B_side|tfc=low|phase=q4|fes=Surprise,10,O4_B_C_boundary,0.029863331396999832,-0.07379532840583364,0.02049653608506219,0.053952005348692336,0.062313020739542924,0.5967665471286611,0.20021943685637567,0.01392693529745406,0.052325518544211747,-0.3280298972798476,0.010713739108887132,-0.6125563758989483,0.029863331396999832,-0.20402113522853424,-0.46328079774343156,0.0,3
combined_c_fes_gmr72,rank_reward,side=B_side|tfc=low|phase=q1|fes=Activation,8,O6_phase_only,0.6683280390407509,0.5068369765996653,0.02409030697286847,0.030501422266429146,0.04370357252321345,0.035365692593472796,0.0023156227986712275,0.7876472017277839,0.07637618111756114,-0.4038514629765366,-0.4696188976062172,-0.19538436127811276,0.40422152140939094,-0.5499007160456584,0.6683280390407509,0.0,3
combined_c_fes_gmr72,rank_reward,side=A_side|tfc=low|phase=q1|fes=Surprise,10,O3_A_C_boundary,0.4411612914109666,0.24602202450221822,0.002355800995331607,0.013483417285277303,0.5138069119066002,0.2349182969872142,0.19183839320275484,0.022343300954820382,0.021253878668001474,-0.7698805132279183,-0.15927758808545464,0.4411612914109666,0.01889312802667328,0.09634331385791879,0.017495498404208054,0.0,3
combined_c_fes_gmr72,rank_reward,side=B_side|tfc=high|phase=q4|fes=CoCreation,11,O5_full_TFC,0.8075836602796138,0.5491898492039065,0.2220490195016109,0.1661563143383978,0.02297174929749501,0.0033611454801181786,0.46750808499568125,0.046866616141879716,0.07108707024481718,0.39864744461092594,0.44551298461122124,0.426677199764095,-0.24601696817528465,0.8075836602796138,0.0025447997678848685,0.0,3
combined_c_fes_gmr72,rank_reward,side=B_side|tfc=low|phase=q1|fes=SelfGrowth,9,O6_phase_only,0.5411940839701717,0.029903932294440078,0.04844126792150386,0.02577096796160052,0.029092296473478087,0.3127347512105767,0.14203091545224192,0.17963111514873017,0.2622986858318688,-0.5911961241385184,-0.1383857968231249,-0.0959571071605249,0.061555030022387346,-0.3630584437660546,0.5411940839701717,0.0,3
combined_c_fes_gmr72,rank_reward,side=A_side|tfc=low|phase=q4|fes=SelfGrowth,11,O7_suppress_event,0.0,-0.20591430543554662,0.1619545797225366,0.023508611534395867,0.022438398644413292,0.1969834050015389,0.1610074360479615,0.017529919713046727,0.41657764933610714,-0.33066493368041067,-0.33245057113637483,-0.3487581511823131,-0.26213368670699894,-0.4810725631809186,-0.43516076030830414,0.0,3
combined_c_fes_gmr72,rank_reward,side=B_side|tfc=mid|phase=q4|fes=Activation,12,O6_phase_only,0.16562405155983703,0.059858187906652406,0.10203428453995654,0.23136863772269048,0.16488463526126318,0.007551579783041414,0.018031626525361045,0.3382181852442961,0.13791105092339123,-0.10545501367293954,0.03273642505493275,0.06252299560899603,-0.3430016920455413,-0.03837203064194084,0.16562405155983703,0.0,3
combined_c_fes_gmr72,rank_reward,side=B_side|tfc=high|phase=q1|fes=SelfGrowth,8,O1_lag0_AB,0.24832004616281567,0.10934539970781891,0.34253479388240504,0.023122790381571383,0.020265478504125106,0.2893911884467483,0.12391318132902236,0.03228071515271021,0.16849185230341762,0.24832004616281567,-0.021427478217774187,-0.06759242768540122,0.1893121901059812,-0.25591192743509705,0.09535046630293434,0.0,3
combined_c_fes_gmr72,rank_reward,side=A_side|tfc=mid|phase=q1|fes=SelfGrowth,9,O3_A_C_boundary,0.34312544887519625,-0.02586598533631275,0.08271939870266133,0.03223647781023936,0.10093195802062627,0.07365511667106657,0.42518416716847324,0.02572648429652806,0.2595463973304051,-0.40021846902318586,-0.056346331609702434,0.34312544887519625,-0.44083965395571234,0.024400675895387833,-0.13529852099254294,0.0,3
combined_c_fes_gmr72,rank_reward,side=B_side|tfc=low|phase=q4|fes=Activation,13,O2_lag5_AB,0.4999744917480639,0.3356781172901976,0.12371252508254879,0.5116329703909435,0.007795284153950559,0.008024732969605528,0.006024521059042711,0.2625526237422191,0.0802573426016897,0.1514527957434309,0.4999744917480639,-0.8161017547243042,-0.13225189618671376,-0.2325935395834561,0.26646989877178556,0.0,4
combined_c_fes_gmr72,rank_reward,side=A_side|tfc=high|phase=q4|fes=Activation,8,O3_A_C_boundary,0.22389991670789147,0.04775687222466341,0.21447196084143508,0.09394769712778586,0.2988255798035712,0.02939493290455844,0.04022280059036415,0.16552350088991072,0.15761352784237456,0.10781155029132916,-0.32944747759827775,0.22389991670789147,0.08593325973422401,0.19569735627389767,-0.13121623803156107,0.0,4
combined_c_fes_gmr72,rank_reward,side=B_side|tfc=high|phase=q1|fes=Surprise,15,O1_lag0_AB,0.3863036813717417,0.09950793005017487,0.08731424125580263,0.022348859769595893,0.11459997670340871,0.4255422252770369,0.2903687553212281,0.030869613331191408,0.028956328341736413,0.3863036813717417,-0.09065471553673679,-0.19221596623035955,0.11860008754808511,0.13318046327418184,0.022394237957386362,0.0,4
combined_c_fes_gmr72,rank_reward,side=B_side|tfc=high|phase=q4|fes=Surprise,8,O1_lag0_AB,0.507244507108385,0.07662114660172455,0.18704790766111382,0.08223769383169752,0.2480972565296343,0.050838097029175605,0.3656782697980288,0.022192853367563138,0.04390792178278677,0.507244507108385,0.2196316517321852,-0.06759242768540123,-0.7707583627225679,0.06818414675606377,-0.23881355321744113,0.0,4
combined_c_fes_gmr72,rank_reward,side=B_side|tfc=low|phase=q1|fes=Surprise,16,O4_B_C_boundary,0.17125706372565225,0.04295916103956516,0.005075013930538831,0.02983673224841843,0.09358975673390098,0.7228748680957847,0.06909870015814974,0.03720694157284954,0.04231798726035783,-0.7423090347927587,-0.12231518815979417,-0.3958985050144927,0.17125706372565225,-0.5020832624764706,-0.045050908390836,0.0,4
combined_c_fes_gmr72,rank_reward,side=B_side|tfc=mid|phase=q4|fes=Surprise,10,O6_phase_only,0.6613298396790677,0.1101934705178497,0.008788511022009437,0.03259182239703009,0.0829936334568544,0.4485869526861711,0.047559528159946365,0.3296539202925502,0.049825631985438365,-0.6072794865590282,-0.14856384897656758,-0.4951145327955637,-0.05290075847468552,-0.6899881448353896,0.6613298396790677,0.0,4
combined_c_fes_gmr72,rank_reward,side=B_side|tfc=mid|phase=q1|fes=Surprise,22,O2_lag5_AB,0.01428498547851617,-0.09912746013315554,0.013244302094206734,0.05132753481533287,0.15370315876611834,0.42057585514404555,0.2915055394787735,0.020368794385883144,0.04927481531563993,-0.4598459864885011,0.01428498547851617,-0.2755330211897951,-0.07157719112614264,-0.05152048869407441,-0.30919317179800565,0.0,4
combined_c_fes_gmr72,rank_reward,side=B_side|tfc=low|phase=q4|fes=CoCreation,8,O4_B_C_boundary,0.09492273194046383,-0.13547310770302662,0.07801846450503215,0.1253804261490225,0.038382476501472494,0.05331094635735256,0.19899664903348685,0.08024636248752177,0.4256646749661117,-0.5938472278342068,-0.27945002842347144,-0.020066501969103423,0.09492273194046383,-0.11777261712411044,-0.43563791026478266,0.0,4
combined_c_fes_gmr72,rank_reward,side=B_side|tfc=mid|phase=q4|fes=SelfGrowth,11,O1_lag0_AB,0.11150702817016761,-0.0423159895522561,0.4104184279075469,0.05946636129564151,0.00858754685546815,0.03579040000530409,0.160050031965635,0.027242224553935348,0.29844500741646895,0.11150702817016761,0.10908534365412308,-0.5681988452304038,-0.7423170947254254,-0.36643947583660313,-0.16413958502857096,0.0,4
combined_c_fes_gmr72,rank_reward,side=B_side|tfc=mid|phase=q1|fes=SelfGrowth,12,O4_B_C_boundary,0.12992488335058375,0.033984504949812505,0.313067002608209,0.016782502807036994,0.012208227641988584,0.313349220403806,0.09243721291856241,0.03597735934672434,0.21617847427367257,0.12960951401143397,-0.2208220671887282,-0.3322014201583638,0.12992488335058375,-0.4457058943794654,0.046071479131081415,0.0,4
combined_c_fes_gmr72,rank_reward,side=B_side|tfc=low|phase=q4|fes=SelfGrowth,9,O4_B_C_boundary,0.062393031668731766,-0.0646104203173565,0.1788614508574312,0.03339390398838117,0.007277485087783633,0.3134168061616966,0.18195717778598408,0.022851069274770222,0.26224210684395305,-0.13392983114514856,-0.04761661826172044,-0.5808724254214164,0.062393031668731766,-0.27627862062197345,-0.18039802799005727,0.0,4
combined_c_fes_gmr72,rank_reward,side=B_side|tfc=mid|phase=q4|fes=Activation,14,O3_A_C_boundary,0.3527479819831874,0.2176312603196956,0.11464312094282497,0.242356293135887,0.24471025374145458,0.008019235719039444,0.020637662830746435,0.28031360612287437,0.08931982750717328,0.08736017892458996,0.2010101528048338,0.3527479819831874,-0.1699365762829279,0.16090952629631397,0.2519351770205972,0.0,4
combined_c_fes_gmr72,rank_reward,side=B_side|tfc=high|phase=q1|fes=Activation,9,O1_lag0_AB,0.730133595597745,0.4402186588662589,0.5695618444915381,0.1272176083606115,0.10987344149157159,0.0045319795505594325,0.020534175820596298,0.09755791169219265,0.07072303859293025,0.730133595597745,0.05713994191406446,0.15419522565732152,-0.28796783847107016,0.24085828464479705,-0.035768574515269984,0.0,4
combined_c_fes_gmr72,rank_reward,side=B_side|tfc=high|phase=q4|fes=Activation,10,O1_lag0_AB,0.5599131005293951,0.28269806421590743,0.49716455036762003,0.16678561653808682,0.052955677760946326,0.012450994647800907,0.05148229514197226,0.11876014913659373,0.10040071640697977,0.5599131005293951,0.029284220230958023,-0.22389991670789144,-0.056882535994285464,0.4399205728365264,-0.08957695182954568,0.0,4
combined_c_fes_gmr72,rank_reward,side=B_side|tfc=low|phase=q4|fes=Surprise,10,O4_B_C_boundary,0.24804848731793752,0.1155392438207193,0.009514667962233337,0.00698314968256441,0.06527871685356436,0.7447813465817704,0.13261794239752453,0.00581316223961736,0.03501101428272556,-0.4559898356584089,-0.5642569264013864,-0.4556453830578384,0.24804848731793752,-0.20756316882625175,-0.6284383026791563,0.0,4
combined_c_fes_gmr72,rank_reward,side=A_side|tfc=low|phase=q1|fes=Surprise,10,O3_A_C_boundary,0.38563894009795857,0.1846631121908788,0.012481683712271298,0.020152110253241824,0.5977834873417559,0.1154515679706083,0.18997161411050195,0.03518099001429492,0.02897854659732588,-0.29480273096055276,-0.1271363707587934,0.38563894009795857,-0.3382479372517332,-0.015584947829957585,0.06788253380832748,0.0,4
combined_c_fes_gmr72,rank_reward,side=B_side|tfc=high|phase=q4|fes=CoCreation,8,O5_full_TFC,0.9835046622995881,0.7341865510085291,0.20325880072253738,0.1936464381587336,0.01912834760471993,0.0009525959170579203,0.47398659558210227,0.06542812532239986,0.04359909669244907,0.53880526539039,0.6702039020337143,0.5336985435993136,-0.5162090141481407,0.9835046622995881,0.29042527350985514,0.0,4
combined_c_fes_gmr72,rank_reward,side=B_side|tfc=low|phase=q1|fes=SelfGrowth,10,O6_phase_only,0.24983571721209225,-0.01537367220359713,0.1401189088978295,0.06033310607825852,0.008555018544934198,0.27539013092203307,0.2199675080703195,0.06785383141210403,0.22778149607452122,-0.1700633926271241,0.20871951004720757,-0.4749575052536673,0.06643067596475467,-0.16057218976319823,0.24983571721209225,0.0,4
combined_c_fes_gmr72,rank_reward,side=A_side|tfc=low|phase=q4|fes=SelfGrowth,9,O7_suppress_event,0.0,-0.1484527743926682,0.22494815737854174,0.011688170799675419,0.03903843830869271,0.20417384261337473,0.16891331619961206,0.014695215117150785,0.33654285958295255,-0.14099944100031767,-0.50235532266115,-0.08026600787641391,-0.1749137981824279,-0.38962369574893674,-0.42222469482155645,0.0,4
combined_c_fes_gmr72,rank_reward,side=B_side|tfc=mid|phase=q1|fes=Activation,9,O6_phase_only,0.5855160132608324,0.4065956755359831,0.18900052557829636,0.040941639406974706,0.03730928381078314,0.009848591123916027,0.0021930489573334213,0.6418537875685936,0.0788531235541028,0.3059570042875973,-0.3777585048763149,-0.2619206572809296,-0.05439392504453558,-0.5801063914484168,0.5855160132608324,0.0,4
combined_c_fes_gmr72,rank_reward,side=B_side|tfc=low|phase=q1|fes=Activation,8,O4_B_C_boundary,1.082545763141245,0.464001633579449,0.024744157590043808,0.06615947492100822,0.0437732296766143,0.3198743376107741,0.006376902829353605,0.439608707045548,0.09946319032665801,-0.48691937877477387,-0.29105657912476574,-0.28726781766295506,1.082545763141245,-0.2877902298145556,0.371779341089423,0.0,4
combined_c_fes_gmr72,gmr72_bridge_composite,side=B_side|tfc=high|phase=q1|fes=Surprise,15,O7_suppress_event,0.0,-0.15672517411138862,0.04809005627004581,0.03677972829210065,0.22833748690453767,0.3456510761077251,0.25572412046671084,0.029365453795642853,0.05605207816323706,-0.05362203013882572,-0.14746703790596422,-0.18210632501991078,-0.18534929747238602,-0.14246026096995798,-0.226261799157108,0.0,0
combined_c_fes_gmr72,gmr72_bridge_composite,side=A_side|tfc=high|phase=q1|fes=Surprise,8,O1_lag0_AB,0.07983711852341555,-0.008103717072934485,0.0462498085183876,0.02361345957978054,0.28537623583022875,0.38378851381408474,0.20056115159971544,0.023594140808232286,0.03681668984957053,0.07983711852341555,-0.15544704008590943,0.04305345249367669,-0.0016021692840741675,-0.08038778137827876,-0.1557335011796217,0.0,0
combined_c_fes_gmr72,gmr72_bridge_composite,side=B_side|tfc=low|phase=q1|fes=Surprise,16,O7_suppress_event,0.0,-0.22915664689582294,0.017735354227352777,0.0301658596395419,0.22397507063673433,0.46766842867451347,0.16231082046113895,0.026426332145243574,0.07171813421547504,-0.4890142502630571,-0.3031114884546721,-0.2751196629764828,-0.1657957299985156,-0.3878272271957959,-0.34943394176667497,0.0,0
combined_c_fes_gmr72,gmr72_bridge_composite,side=B_side|tfc=mid|phase=q1|fes=Surprise,23,O7_suppress_event,0.0,-0.16013678005411902,0.030706011554910297,0.04275995197265959,0.2094971116621778,0.34576922017404893,0.2782080458763067,0.03629718039113667,0.056762478368760076,-0.21504597232866263,-0.09914574332891378,-0.21665450209457351,-0.18963768872229195,-0.11737376535972663,-0.15649740829172745,0.0,0
combined_c_fes_gmr72,gmr72_bridge_composite,side=B_side|tfc=low|phase=q4|fes=Surprise,12,O4_B_C_boundary,0.17954189046630667,0.08079793661439294,0.032858918629429766,0.03164748056349413,0.16520834644658655,0.5159218213324249,0.19125854543753712,0.03360871819797768,0.029496169392549964,0.03778697994281561,0.02463934849535147,-0.07066511233521616,0.17954189046630667,-0.0194185426113109,0.045683784886639295,0.0,0
combined_c_fes_gmr72,gmr72_bridge_composite,side=A_side|tfc=mid|phase=q4|fes=Activation,8,O7_suppress_event,0.0,-0.15577334199150097,0.17792156672283505,0.18074869413881306,0.06009913627197917,0.021405420228516447,0.019085893874488565,0.2736039332475824,0.2671353555157855,-0.1422444319265591,-0.28508149393903515,-0.5221160033315407,-0.20974240263896154,-0.24988553016323617,-0.13998062011248108,0.0,0
combined_c_fes_gmr72,gmr72_bridge_composite,side=B_side|tfc=low|phase=q1|fes=Activation,9,O4_B_C_boundary,0.19870421116369616,0.03188722017254478,0.09126549575641699,0.13224426060865582,0.13419360557784427,0.04146579465684736,0.013944106322257992,0.42579244721701326,0.1610942898609643,-0.19887596760986861,-0.21742345944066555,-0.06394719447090676,0.19870421116369616,-0.18272996402295208,0.191832010498875,0.0,0
combined_c_fes_gmr72,gmr72_bridge_composite,side=B_side|tfc=high|phase=q4|fes=Activation,10,O5_full_TFC,0.25396371579274646,-0.04255646524827307,0.2118527167474931,0.21567588251043537,0.10566064892632127,0.016371958320601142,0.05591748185674675,0.20901039141840422,0.1855109202199981,0.04647214301984197,-0.09562270326647615,-0.19700842562167103,-0.17594375271660115,0.25396371579274646,-0.10661017149714644,0.0,0
combined_c_fes_gmr72,gmr72_bridge_composite,side=B_side|tfc=mid|phase=q4|fes=Activation,13,O2_lag5_AB,0.2477565259420271,0.17473157316955631,0.1502695859262165,0.30317184959561605,0.1670954323442642,0.02003129840513575,0.028870707455729668,0.23279742986954735,0.09776369640349052,0.15045716517723629,0.2477565259420271,0.18760412812896032,0.1188564877946848,0.24679252247223496,0.1553106306523066,0.0,0
combined_c_fes_gmr72,gmr72_bridge_composite,side=B_side|tfc=high|phase=q1|fes=Activation,8,O1_lag0_AB,0.13794379978576565,0.019667720663361844,0.22495500605392027,0.2232556020379532,0.16286835291972424,0.01699364949261509,0.020674945103063898,0.19957210639444553,0.15168033799827788,0.13794379978576565,-0.013065032859260625,0.024908434884724384,-0.09243088806782249,-0.023801883334761104,-0.05231462994804756,0.0,0
combined_c_fes_gmr72,gmr72_bridge_composite,side=A_side|tfc=low|phase=q4|fes=Activation,8,O3_A_C_boundary,0.3942026532365951,0.25310882268996365,0.12638003352533453,0.24316571111372112,0.24760402644235857,0.02721820853972392,0.02261611350017353,0.25273454341793017,0.08028136346075809,0.15881459965675193,0.23951722587270005,0.3942026532365951,0.2951185907524536,0.2302903510584854,0.2530260193270757,0.0,0
combined_c_fes_gmr72,gmr72_bridge_composite,side=B_side|tfc=low|phase=q4|fes=Activation,11,O2_lag5_AB,0.017148203126267015,-0.053447019827077384,0.17639687622987973,0.3091561609586117,0.06854626178958115,0.016107423047951062,0.016749517211265903,0.22037336260187185,0.19267039816083864,-0.03088557936275943,0.017148203126267015,-0.36171522643277354,-0.19489869790325734,-0.18121747439160427,-0.101334956729188,0.0,0
combined_c_fes_gmr72,gmr72_bridge_composite,side=B_side|tfc=mid|phase=q4|fes=Surprise,10,O6_phase_only,0.30911097440754254,-0.0008873334780266535,0.019072701266374784,0.033723435982407804,0.1854980139579455,0.43584400597320333,0.1977843400049037,0.0906122158285823,0.03746528698658266,-0.23630486749980023,-0.03682762947772411,-0.11382628200521563,0.03680304589946307,-0.09137970763277559,0.30911097440754254,0.0,0
combined_c_fes_gmr72,gmr72_bridge_composite,side=B_side|tfc=high|phase=q4|fes=CoCreation,8,O5_full_TFC,0.6439743931716828,0.3553245694116699,0.08215826274467807,0.08238390449972603,0.006980216995703936,0.0072050832249679975,0.5925804707750401,0.08489103969464423,0.1438010220652396,-0.19592409626797222,-0.04660941519981421,-0.2368213879740355,-0.22572401641400833,0.6439743931716828,-0.03611695275353438,0.0,0
combined_c_fes_gmr72,gmr72_bridge_composite,side=B_side|tfc=low|phase=q1|fes=SelfGrowth,8,O6_phase_only,0.5495405351919507,0.35929582528346793,0.1851364239082831,0.05236176149802693,0.030722718959369913,0.20574718650462523,0.3934477161231731,0.05465591379705008,0.0779282792094717,0.3028564257131289,0.5345322417370583,0.34792128210529794,0.3398007405610721,0.4183510004941904,0.5495405351919507,0.0,0
combined_c_fes_gmr72,gmr72_bridge_composite,side=A_side|tfc=high|phase=q4|fes=Activation,10,O3_A_C_boundary,0.17548588291564235,0.04472069160686927,0.19668860409062833,0.23054879077861334,0.23896341319147266,0.016838066768917977,0.019243974235270876,0.15297958385040283,0.14473756708469412,0.1073448487313805,0.014584353793033855,0.17548588291564235,-0.07925145126966907,-0.03250692732017228,-0.12897096024004234,0.0,0
combined_c_fes_gmr72,gmr72_bridge_composite,side=A_side|tfc=high|phase=q1|fes=Activation,8,O3_A_C_boundary,0.30084781359754875,0.1405585246029765,0.2220727281184598,0.1623634128788181,0.268503307638067,0.007317122842621377,0.019615976888514138,0.20645761788519507,0.1136698337483245,0.23439740843513332,-0.023566077473937547,0.30084781359754875,-0.2863817440599067,0.05876277073804962,0.06052423613411334,0.0,0
combined_c_fes_gmr72,gmr72_bridge_composite,side=B_side|tfc=low|phase=q4|fes=Activation,13,O2_lag5_AB,0.06814201179590344,-0.020698124757084022,0.14999444444003493,0.32401787140141536,0.07437057642291692,0.01555830994747893,0.017844330206510946,0.24366005732961296,0.17455441025202997,-0.05307338515460243,0.06814201179590344,-0.29861163997436574,-0.17247800561382268,-0.1244961819938043,-0.031616607551186164,0.0,1
combined_c_fes_gmr72,gmr72_bridge_composite,side=A_side|tfc=high|phase=q4|fes=Activation,8,O3_A_C_boundary,0.31826593153669236,0.17485003574984678,0.1971334689037626,0.2670298828530576,0.2533647400385201,0.009994881655191813,0.016560996714796362,0.1538623571374063,0.10205367269726534,0.23043374502991937,0.18829684444635314,0.31826593153669236,-0.1395024575289702,0.03723956518570165,-0.004658909806368041,0.0,1
combined_c_fes_gmr72,gmr72_bridge_composite,side=B_side|tfc=high|phase=q1|fes=Surprise,17,O1_lag0_AB,0.02247135874112647,-0.044547976654392536,0.04315516817610034,0.026821390102311108,0.2230755712999614,0.3968402958922503,0.23742457559272453,0.032211487690507565,0.040471511246144704,0.02247135874112647,-0.14398950763796728,-0.07627725070167395,-0.023023836292748096,-0.05445846147864282,-0.07989630287449993,0.0,1
combined_c_fes_gmr72,gmr72_bridge_composite,side=B_side|tfc=high|phase=q4|fes=Surprise,10,O1_lag0_AB,0.13242746400133948,-0.0024727575883767036,0.0537125919336504,0.03982419951740351,0.2791519743975133,0.267974154701712,0.29521665634059807,0.027328318340490782,0.03679210476863199,0.13242746400133948,0.027717017217881806,0.03556901829516164,-0.127088762809798,0.05515262794574549,-0.10407593399410212,0.0,1
combined_c_fes_gmr72,gmr72_bridge_composite,side=B_side|tfc=low|phase=q1|fes=Surprise,17,O7_suppress_event,0.0,-0.28523663587276726,0.01861336122205121,0.034727730716985296,0.19267336851527567,0.47068878620573756,0.16348860294831496,0.034469351325044674,0.08533879906659053,-0.5329623380261571,-0.3146817384953077,-0.3886680495178614,-0.2244025322323138,-0.4461566285367501,-0.3172955252273472,0.0,1
combined_c_fes_gmr72,gmr72_bridge_composite,side=B_side|tfc=mid|phase=q4|fes=Surprise,11,O6_phase_only,0.3191868571909276,-0.029619090844915923,0.02041129079067031,0.03497746471493903,0.21462020506043109,0.388405098516435,0.1998326393832428,0.10112702823899107,0.04062627329529081,-0.2409143677286768,-0.05239884789312487,-0.0911373067828187,-0.03187944576138518,-0.11612372446547244,0.3191868571909276,0.0,1
combined_c_fes_gmr72,gmr72_bridge_composite,side=B_side|tfc=mid|phase=q1|fes=Surprise,22,O2_lag5_AB,0.07923424046650271,-0.0237383287270984,0.03309801994616204,0.04806899757324508,0.2033090571209736,0.3553916927007973,0.2834578876179877,0.03834353992504284,0.038330805115791504,-0.05137314832403446,0.07923424046650271,-0.08973086993297409,-0.04261297401063835,0.026586834161710846,0.00011626270238311461,0.0,1
combined_c_fes_gmr72,gmr72_bridge_composite,side=B_side|tfc=low|phase=q4|fes=CoCreation,8,O7_suppress_event,0.0,-0.135245136048246,0.16489593760380838,0.13414400723128178,0.028295689407391793,0.02805595551674742,0.14427941632703237,0.12756713071106815,0.37276186320267,-0.2854688149439037,-0.20935430760177548,-0.0803293024715151,-0.08330729426017322,-0.18386104019257712,-0.22694921440905302,0.0,1
combined_c_fes_gmr72,gmr72_bridge_composite,side=B_side|tfc=mid|phase=q4|fes=SelfGrowth,10,O1_lag0_AB,0.264705966292928,0.09648525793315176,0.34733353423153024,0.03887488419118977,0.028317642735221898,0.1545343765498767,0.2343704221279474,0.03353123004069975,0.16303791012353422,0.264705966292928,0.17192452918157758,0.06102235217368719,-0.018748162188333327,-0.021332709275735606,0.12016962776512734,0.0,1
combined_c_fes_gmr72,gmr72_bridge_composite,side=B_side|tfc=mid|phase=q1|fes=SelfGrowth,10,O1_lag0_AB,0.08692494455850826,-0.0011977393499157467,0.26605365490511484,0.03159910282998153,0.024391736123917873,0.22197007302545446,0.21555546803754885,0.03288645306042826,0.20754351201755422,0.08692494455850826,0.01492225518500227,-0.07568726285129528,0.023520543352529837,-0.13509770975702584,0.028898484290899074,0.0,1
combined_c_fes_gmr72,gmr72_bridge_composite,side=A_side|tfc=low|phase=q4|fes=Surprise,8,O2_lag5_AB,0.044695860182512176,-0.07561014582310116,0.020403889992172113,0.05198224019910581,0.3449628233063972,0.31382271659907907,0.1936255082564849,0.029452461307967543,0.04575036033879336,-0.28261593478495095,0.044695860182512176,0.03338638957713703,-0.1480813073397544,-0.1687423655751128,-0.15414776493222115,0.0,1
combined_c_fes_gmr72,gmr72_bridge_composite,side=A_side|tfc=high|phase=q1|fes=Surprise,8,O1_lag0_AB,0.3384290862040136,0.27449522557095096,0.0437917012177871,0.018777550580343166,0.28837745520300445,0.4203847615983587,0.18401033585235496,0.02800663259268555,0.01665156295546607,0.3384290862040136,0.04205528425770051,0.32442159642335217,0.30798190377479256,0.16717419098924463,0.1819780470249612,0.0,1
combined_c_fes_gmr72,gmr72_bridge_composite,side=B_side|tfc=low|phase=q4|fes=Surprise,13,O4_B_C_boundary,0.15986939545099657,0.05841242432404487,0.03180147065074196,0.02911722060171763,0.17621161617458372,0.5208400293443295,0.17767703176544136,0.03285364918523224,0.0314989822779536,0.0033450546227688175,-0.027518912494379023,-0.07109091482733221,0.15986939545099657,-0.06819227204036096,0.014737655938660802,0.0,1
combined_c_fes_gmr72,gmr72_bridge_composite,side=A_side|tfc=mid|phase=q4|fes=Activation,8,O7_suppress_event,0.0,-0.15577334199150097,0.17792156672283505,0.18074869413881306,0.06009913627197917,0.021405420228516447,0.019085893874488565,0.2736039332475824,0.2671353555157855,-0.1422444319265591,-0.28508149393903515,-0.5221160033315407,-0.20974240263896154,-0.24988553016323617,-0.13998062011248108,0.0,1
combined_c_fes_gmr72,gmr72_bridge_composite,side=B_side|tfc=low|phase=q1|fes=Activation,9,O4_B_C_boundary,0.3005863743742813,0.10688291882021735,0.08199823556547804,0.18145722014882976,0.16550727026790332,0.043219987337627636,0.01732497768063091,0.3849889973531404,0.12550331164638995,-0.14897204570701256,-0.019314026403507087,0.09683904199169617,0.3005863743742813,-0.019367456082117367,0.24395416455580549,0.0,1
combined_c_fes_gmr72,gmr72_bridge_composite,side=B_side|tfc=high|phase=q4|fes=Activation,11,O5_full_TFC,0.5311650165177711,0.1020729475720213,0.3127422865008407,0.23350345469394967,0.08028186908654389,0.012439554630233095,0.09380255125125818,0.1262774924000201,0.14095279143715456,0.2789340623169929,0.02831539880697083,-0.19700842562167103,-0.17594375271660115,0.5311650165177711,-0.18683487437335297,0.0,1
combined_c_fes_gmr72,gmr72_bridge_composite,side=B_side|tfc=mid|phase=q4|fes=Activation,10,O5_full_TFC,0.43284613699603514,0.32651636943685575,0.13509199043633766,0.340542039897999,0.19123769957864142,0.03136372021678098,0.03320305466512031,0.20248679446713855,0.0660747007379821,0.2503095089842605,0.42555867928217433,0.37195592817452383,0.412899615342382,0.43284613699603514,0.24360631034519212,0.0,1
combined_c_fes_gmr72,gmr72_bridge_composite,side=B_side|tfc=high|phase=q1|fes=Activation,8,O1_lag0_AB,0.2201335859673002,0.058094212636756876,0.26684631446205587,0.28034003624799414,0.1099789515150174,0.018938034691428553,0.030590403423496348,0.1510372373381164,0.14226902232189134,0.2201335859673002,0.08904447365992944,-0.09010077686036151,-0.03209505985298425,0.13573485021238252,-0.127422430921933,0.0,1
combined_c_fes_gmr72,gmr72_bridge_composite,side=B_side|tfc=low|phase=q1|fes=SelfGrowth,9,O6_phase_only,0.4540535088589041,0.2188678172510962,0.24258710965941935,0.032927760815922476,0.033896178326178125,0.1737652381965405,0.344068959449622,0.060130042416004524,0.11262471113631309,0.26855489845374,0.24328578572029053,0.25343094820086065,0.15177541097323777,0.2425185835453947,0.4540535088589041,0.0,1
combined_c_fes_gmr72,gmr72_bridge_composite,side=A_side|tfc=low|phase=q1|fes=Surprise,10,O6_phase_only,0.18676974819112324,-0.08385475481551088,0.02975523424470632,0.02878675891074701,0.33340124175676367,0.29971651844552455,0.17928817647168124,0.08134524332055336,0.04770682685002392,-0.16522430773965682,-0.1768056453879669,0.006798710239169859,-0.17883440051146687,-0.21032458044957206,0.18676974819112324,0.0,1
combined_c_fes_gmr72,gmr72_bridge_composite,side=A_side|tfc=low|phase=q4|fes=SelfGrowth,9,O2_lag5_AB,0.20584336415571275,0.05119570267627345,0.20603465349058933,0.04618497994141935,0.02610357264434833,0.23517647162930272,0.28908353118020536,0.021611331888302075,0.17580545922583288,0.0555332179795498,0.20584336415571275,0.006139507408633395,0.10183534796580587,0.025713426266156695,-0.05995952779811986,0.0,1
combined_c_fes_gmr72,gmr72_bridge_composite,side=B_side|tfc=mid|phase=q1|fes=Activation,8,O6_phase_only,0.4358302405856428,0.2641897611717419,0.1751204691681039,0.16347883888621104,0.10253179143452491,0.02095677098820904,0.012710106821279063,0.44193428128047096,0.08326774142120116,0.26019452060493947,0.08776307010365667,0.07283909307679584,0.19083675645894338,0.015814250756740283,0.4358302405856428,0.0,1
combined_c_fes_gmr72,gmr72_bridge_composite,side=A_side|tfc=high|phase=q1|fes=Activation,8,O3_A_C_boundary,0.17534911989255395,0.029399736898312004,0.19881130088927756,0.15814968492108628,0.2524144935637472,0.007840118360192931,0.018081840202642356,0.21175806877442824,0.1529444932886256,0.09179837503233791,-0.13664133704735998,0.17534911989255395,-0.36609084230432415,-0.07361187241193481,-0.034475468862718545,0.0,1
combined_c_fes_gmr72,gmr72_bridge_composite,side=B_side|tfc=high|phase=q4|fes=CoCreation,9,O5_full_TFC,0.42866580797029397,0.27498492249640405,0.3789404065998104,0.10546820852360107,0.014097851147909663,0.011295373504875554,0.2823324101944499,0.08111831624889526,0.12674743378045839,0.38331389538326965,0.08402935853817625,0.0533904000676359,-0.02417980851483704,0.42866580797029397,-0.007845915570770155,0.0,1
combined_c_fes_gmr72,gmr72_bridge_composite,side=A_side|tfc=mid|phase=q1|fes=SelfGrowth,9,O3_A_C_boundary,0.059327998905668124,-0.104294725850551,0.1441619700284449,0.02891801220519978,0.04859838070680247,0.15251951004506048,0.3211055291198936,0.023535180510019644,0.281161417384579,-0.2337970194567064,-0.12236594390690685,0.059327998905668124,-0.21407274731904988,-0.10186044198503874,-0.1944548545035064,0.0,1
combined_c_fes_gmr72,gmr72_bridge_composite,side=B_side|tfc=low|phase=q4|fes=Activation,9,O2_lag5_AB,0.33524414523409596,0.1638449565360465,0.1482982705836898,0.43422193148115357,0.08363438593279002,0.015729112171659617,0.02298130360493789,0.18608083614454587,0.10905416008122318,0.10758333150789433,0.33524414523409596,-0.0928864614279588,-0.004019423209625027,0.12868928049271633,0.03866304082345407,0.0,2
combined_c_fes_gmr72,gmr72_bridge_composite,side=A_side|tfc=high|phase=q4|fes=Activation,12,O3_A_C_boundary,0.04580978825869505,-0.03353085007997322,0.20064091733212455,0.21636732146036544,0.20333048305156995,0.016300376951582294,0.01815367894240262,0.16682161478545987,0.17838560747649523,0.04114925085353425,-0.08079425432056296,0.04580978825869505,-0.16376920268226,-0.1260794515228724,-0.17181261500830225,0.0,2
combined_c_fes_gmr72,gmr72_bridge_composite,side=B_side|tfc=high|phase=q1|fes=Surprise,16,O1_lag0_AB,0.15900425564426468,0.058719644642525395,0.04787287219145239,0.03473136231714764,0.19394638031138334,0.42701431965711845,0.2394285216814704,0.02661236428392912,0.030394179557498607,0.15900425564426468,0.04668718732205213,-0.025030844188701364,0.1028469430685815,0.04870477353608234,-0.04650631918151313,0.0,2
combined_c_fes_gmr72,gmr72_bridge_composite,side=B_side|tfc=high|phase=q4|fes=Surprise,9,O1_lag0_AB,0.25308682194680815,0.11715849292661891,0.05476099816423051,0.05236107818615363,0.28495866485101223,0.24249003039928393,0.3049503882724835,0.03390644173331745,0.026572398393518902,0.25308682194680815,0.23740167848166138,0.15666833392994925,-0.04817065264719638,0.18040007267235034,0.08530619835280154,0.0,2
combined_c_fes_gmr72,gmr72_bridge_composite,side=B_side|tfc=low|phase=q1|fes=Surprise,14,O7_suppress_event,0.0,-0.11352400073466663,0.018814560476689664,0.029849750220657285,0.2123772193253593,0.49484730966489976,0.165225304831486,0.027602283426957287,0.051283572053950705,-0.35095879157962234,-0.18941789861342165,-0.17634880840309947,-0.028643730361339794,-0.2642177096862301,-0.21681518805207484,0.0,2
combined_c_fes_gmr72,gmr72_bridge_composite,side=B_side|tfc=mid|phase=q4|fes=Surprise,9,O6_phase_only,0.4024154392150246,0.10859429281076743,0.0154350284397904,0.026085179327356278,0.24604470182872343,0.39924537323152215,0.20061977371962703,0.08549313299075464,0.02707681046222618,-0.19671335549528512,-0.01305862175826126,0.0986958962060159,0.11976318482679654,0.027260269486985608,0.4024154392150246,0.0,2
combined_c_fes_gmr72,gmr72_bridge_composite,side=B_side|tfc=mid|phase=q1|fes=Surprise,22,O2_lag5_AB,0.0973641475700319,0.04136694844454582,0.037633964062578996,0.04187647487687805,0.20404338890579882,0.3780847478753459,0.26909371306977553,0.037560601661795506,0.0317071095478273,0.059978103678211055,0.0973641475700319,-0.022069449496079894,0.04545079990004806,0.07478501195372422,0.05929515942090178,0.0,2
combined_c_fes_gmr72,gmr72_bridge_composite,side=B_side|tfc=mid|phase=q4|fes=SelfGrowth,9,O1_lag0_AB,0.16640106232180057,0.009107461163366772,0.33872065360121917,0.03496168512164566,0.02718501626336225,0.12176777491452195,0.2281974922672597,0.03861296133855675,0.21055441649343454,0.16640106232180057,0.04527457231927268,-0.042780808450868166,-0.1916699343560314,-0.12019118761762677,0.08004191158135161,0.0,2
combined_c_fes_gmr72,gmr72_bridge_composite,side=B_side|tfc=mid|phase=q1|fes=SelfGrowth,12,O4_B_C_boundary,0.12218534911969825,0.044777225623366446,0.24988148625198134,0.02763432859695987,0.02727016088200029,0.25820510321145546,0.22183048999245625,0.03306071941884134,0.18211771164630552,0.11071672680957519,0.013738495589139638,0.009095502981172987,0.12218534911969825,-0.07931364863822633,0.0764889678348754,0.0,2
combined_c_fes_gmr72,gmr72_bridge_composite,side=B_side|tfc=low|phase=q4|fes=SelfGrowth,10,O7_suppress_event,0.0,-0.10277126991596389,0.1373469444666563,0.026315610961389416,0.014683621909707279,0.19480966152323276,0.3287141251842093,0.01913218741945474,0.27899784853535015,-0.24804286656953187,-0.15266805205569653,-0.35686841867631547,-0.12571337916494446,-0.09096021508945737,-0.2642446269105222,0.0,2
combined_c_fes_gmr72,gmr72_bridge_composite,side=B_side|tfc=high|phase=q4|fes=SelfGrowth,8,O1_lag0_AB,0.36025569538176283,0.24950961279103853,0.2908040742503489,0.030505386586085145,0.025319741515561506,0.18143545001678205,0.3464959604752786,0.021547816102525034,0.10389157105341877,0.36025569538176283,0.2447909829373156,0.17957937182867117,0.1951432608689421,0.27322843808246877,0.12312090050995889,0.0,2
combined_c_fes_gmr72,gmr72_bridge_composite,side=A_side|tfc=high|phase=q4|fes=Surprise,8,O5_full_TFC,0.2860934062558241,0.22909931462438263,0.029735241570424564,0.02648057725267376,0.23232092144953695,0.38431662646828463,0.29122896407406695,0.017155309029681945,0.018762360155331316,0.16116806430116065,0.12059557540976988,0.20699687895818084,0.23481360216008593,0.2860934062558241,-0.03134076868954566,0.0,2
combined_c_fes_gmr72,gmr72_bridge_composite,side=A_side|tfc=high|phase=q1|fes=Surprise,10,O1_lag0_AB,0.19351765665271767,0.11507217548670763,0.04520585367558499,0.021674066995401545,0.26780905226933044,0.4229379817353264,0.19056814405078254,0.02579911677180228,0.026005784501771902,0.19351765665271767,-0.06377088114893663,0.1424877792392958,0.15406599168153248,0.023395241731333706,-0.0027925577481055694,0.0,2
combined_c_fes_gmr72,gmr72_bridge_composite,side=B_side|tfc=low|phase=q4|fes=Surprise,11,O4_B_C_boundary,0.16311877347116643,0.061736859132605716,0.03444636509844268,0.028969228878771094,0.1565798737316664,0.522804221792717,0.19211589291553216,0.03375882532938378,0.031325592253486786,0.03323882526023686,-0.02737042484218141,-0.11050075837919036,0.16311877347116643,-0.038914368049543624,0.026182263463247677,0.0,2
combined_c_fes_gmr72,gmr72_bridge_composite,side=B_side|tfc=mid|phase=q4|fes=Activation,11,O2_lag5_AB,0.2965302495462016,0.20791777946140078,0.16652320911225169,0.31969583908978183,0.15309989238558883,0.016331810602569934,0.023046659236917486,0.23162059266827104,0.08968199690461923,0.2166026268899384,0.2965302495462016,0.1871871939853933,0.07759221099145135,0.19813432735900988,0.1837359650109768,0.0,2
combined_c_fes_gmr72,gmr72_bridge_composite,side=B_side|tfc=high|phase=q1|fes=Activation,9,O1_lag0_AB,0.2682872088522217,0.12469501607028062,0.2475741326874175,0.2745370992294382,0.14163148083446528,0.015293601167794843,0.026868541956773163,0.17906718970434554,0.1150279544197655,0.2682872088522217,0.15611417923565366,0.07281865433232172,-0.03251267736680276,0.16471989722728728,0.006550321803106589,0.0,2
combined_c_fes_gmr72,gmr72_bridge_composite,side=A_side|tfc=low|phase=q1|fes=Surprise,11,O6_phase_only,0.04660535430192278,-0.19349365216668818,0.029847146417374376,0.031925781219634186,0.2829639454201032,0.27684752173681015,0.240609809705591,0.07348362268518685,0.06432217281530017,-0.26873530872004026,-0.24517168674148762,-0.15520127619022078,-0.31120443385104707,-0.21195129596124218,0.04660535430192278,0.0,2
combined_c_fes_gmr72,gmr72_bridge_composite,side=B_side|tfc=high|phase=q4|fes=CoCreation,12,O5_full_TFC,0.818778505186263,0.530036693376588,0.15374787981009355,0.11324289282366676,0.009205426489055991,0.0073755020800443,0.5619785060262452,0.07168794686251956,0.08276184590837464,0.21677143591440337,0.2581034959606537,0.0533904000676359,-0.02417980851483704,0.818778505186263,0.09807916382834501,0.0,2
combined_c_fes_gmr72,gmr72_bridge_composite,side=B_side|tfc=low|phase=q1|fes=SelfGrowth,8,O6_phase_only,0.47649885862442654,0.2209899983133224,0.3323105028464135,0.04660926465952496,0.02802878019173123,0.16554453440157488,0.24387848117257974,0.06661232593503504,0.11701611079314062,0.36531535494151063,0.3515172533742867,0.17351863273806276,0.1214250184888422,0.10867070824728385,0.47649885862442654,0.0,2
combined_c_fes_gmr72,gmr72_bridge_composite,side=A_side|tfc=low|phase=q4|fes=SelfGrowth,8,O6_phase_only,0.11533603962274423,-0.06824393640149064,0.21223123993304446,0.03521303254046556,0.031231750847821996,0.18316300337566752,0.23709496176743922,0.05077096557432634,0.250295045961235,-0.05773738992170725,-0.01273189711193494,-0.05472525550279244,-0.10929237222084615,-0.16731763068720734,0.11533603962274423,0.0,2
combined_c_fes_gmr72,gmr72_bridge_composite,side=B_side|tfc=mid|phase=q1|fes=Activation,10,O6_phase_only,0.2368028098529784,0.1043409743007974,0.20227003478450228,0.1539100087149121,0.10608240509302173,0.02068093122471498,0.013538885526952767,0.37781173463656237,0.12570600001933385,0.16648021712976555,-0.07750696999259388,-0.059405377038583417,0.0420397361180071,-0.10623640742796989,0.2368028098529784,0.0,2
combined_c_fes_gmr72,gmr72_bridge_composite,side=B_side|tfc=low|phase=q4|fes=Activation,10,O6_phase_only,0.02465723921517655,-0.027857382837575058,0.1352369421850403,0.2905126792524836,0.06692533364176476,0.02084168584350454,0.013590253213887871,0.2937250572535551,0.17916804860976393,-0.09845353601152615,0.02080831416023683,-0.34466131342032125,-0.07928262160735157,-0.22894340835742422,0.02465723921517655,0.0,3
combined_c_fes_gmr72,gmr72_bridge_composite,side=A_side|tfc=high|phase=q4|fes=Activation,10,O7_suppress_event,0.0,-0.09641479740311099,0.2083174875851105,0.21852186202905924,0.1799708894034355,0.015709353601486304,0.015387452441114254,0.14504568919147504,0.21704726574831923,-0.01436814601129679,-0.1459849267618058,-0.06556201121958286,-0.24535403842029116,-0.2526004051670946,-0.28942797263501935,0.0,3
combined_c_fes_gmr72,gmr72_bridge_composite,side=B_side|tfc=high|phase=q1|fes=Surprise,17,O7_suppress_event,0.0,-0.04885492801204858,0.039602904177105686,0.030647104513751775,0.23399554619729646,0.4250365200176099,0.19713196373637726,0.03238807957821131,0.0411978817796476,-0.013819535989484127,-0.10354702867971233,-0.06577622111380843,-0.005225415465072797,-0.12577626984904805,-0.08420874037447855,0.0,3
combined_c_fes_gmr72,gmr72_bridge_composite,side=B_side|tfc=high|phase=q4|fes=Surprise,10,O1_lag0_AB,0.21037582219157627,0.014574703836525493,0.06429988557255067,0.03738840123523088,0.28144949357666454,0.26106879840978536,0.28907725690853375,0.031465510590272555,0.035250653706962454,0.21037582219157627,0.0206067592346366,0.05341757342898795,-0.12124634101176741,0.0627769110945918,-0.03975721045526298,0.0,3
combined_c_fes_gmr72,gmr72_bridge_composite,side=B_side|tfc=low|phase=q1|fes=Surprise,9,O7_suppress_event,0.0,-0.1732422666033685,0.025191789191966428,0.025612874887739768,0.175103852693991,0.5416553964383501,0.11727182606676156,0.050792367389717576,0.06437189333147356,-0.32835564411363216,-0.32255368198463413,-0.3234508050404072,-0.07656778878910586,-0.46376045075621153,-0.08292585134004508,0.0,3
combined_c_fes_gmr72,gmr72_bridge_composite,side=B_side|tfc=mid|phase=q1|fes=Surprise,19,O2_lag5_AB,0.18372277850255053,0.05180539218609613,0.03558360512903652,0.05229172622126535,0.25392893063176863,0.31427541092577993,0.27573514237154306,0.037249327597820944,0.030935857122785685,0.048989173058413306,0.18372277850255053,0.06310191690224583,-0.01062748425213196,0.0919371389420175,0.06500128522314848,0.0,3
combined_c_fes_gmr72,gmr72_bridge_composite,side=B_side|tfc=mid|phase=q4|fes=SelfGrowth,11,O1_lag0_AB,0.2672918997591832,0.0904708552983981,0.3595126636019136,0.0358561608644284,0.02654243090334811,0.14382063200332723,0.23099225365474083,0.0357633112945467,0.16751254767769505,0.2672918997591832,0.13415655530229803,0.02888678062437505,-0.05337197176441467,-0.03589067823997198,0.13324905440385842,0.0,3
combined_c_fes_gmr72,gmr72_bridge_composite,side=B_side|tfc=mid|phase=q1|fes=SelfGrowth,10,O4_B_C_boundary,0.2252981981858499,0.10300832467325945,0.2444202070354961,0.02668078719156265,0.026609620662625556,0.2990475022630932,0.21527292880969462,0.030867265473381093,0.1571016885641468,0.15469846367997314,0.05316420628341316,0.052229392648529674,0.2252981981858499,-0.0381000708008544,0.10417759074675534,0.0,3
combined_c_fes_gmr72,gmr72_bridge_composite,side=B_side|tfc=low|phase=q4|fes=SelfGrowth,8,O7_suppress_event,0.0,-0.10539127002488452,0.12471410618902633,0.025174807124737988,0.011584301212415727,0.2005056742613826,0.3404508812667467,0.012009064512552662,0.285561165433138,-0.28995129749420234,-0.17631780894451402,-0.4479853377471646,-0.12376479463042735,-0.08681963373503496,-0.4353815217241702,0.0,3
combined_c_fes_gmr72,gmr72_bridge_composite,side=B_side|tfc=high|phase=q4|fes=SelfGrowth,8,O1_lag0_AB,0.36025569538176283,0.24950961279103853,0.2908040742503489,0.030505386586085145,0.025319741515561506,0.18143545001678205,0.3464959604752786,0.021547816102525034,0.10389157105341877,0.36025569538176283,0.2447909829373156,0.17957937182867117,0.1951432608689421,0.27322843808246877,0.12312090050995889,0.0,3
combined_c_fes_gmr72,gmr72_bridge_composite,side=A_side|tfc=high|phase=q1|fes=Surprise,8,O1_lag0_AB,0.16144746900756918,0.031041250040025767,0.05262395555234143,0.02401753060265158,0.21502696776403063,0.45177817796138925,0.1947742558388173,0.028600914663043438,0.03317819761772631,0.16144746900756918,-0.11308813476033466,-0.019591883659756504,0.09190311531436506,-0.054214662806089456,-0.05195899219025285,0.0,3
combined_c_fes_gmr72,gmr72_bridge_composite,side=B_side|tfc=low|phase=q4|fes=Surprise,10,O7_suppress_event,0.0,-0.09044776251080999,0.030208498912537896,0.03907520906412017,0.17791812125812745,0.4205137489402772,0.2584042125817697,0.02716615136241103,0.046714057880756554,-0.15257264362387488,-0.06249492131298471,-0.20564914767848416,-0.05295009313048267,-0.07502857969653244,-0.1897256835304944,0.0,3
combined_c_fes_gmr72,gmr72_bridge_composite,side=B_side|tfc=low|phase=q1|fes=Activation,8,O6_phase_only,0.036820207948836385,-0.09097793895354539,0.09388944999700687,0.1417307657630316,0.10872786294778443,0.033541461944414916,0.011617544159016313,0.3841627293938956,0.2263301857948503,-0.30795691704440753,-0.312177740353342,-0.2566013946988616,0.005472149069139592,-0.36562093710036625,0.036820207948836385,0.0,3
combined_c_fes_gmr72,gmr72_bridge_composite,side=A_side|tfc=low|phase=q1|fes=Surprise,10,O7_suppress_event,0.0,-0.12997908713977094,0.021788538700275483,0.027039954928781675,0.2880008099859562,0.30839825048628466,0.2585553704231815,0.04380376063639077,0.05241331483912983,-0.3072218013147422,-0.23164577614292794,-0.07736563334067499,-0.2017703455146541,-0.11511433126569832,-0.0628043451200988,0.0,3
combined_c_fes_gmr72,gmr72_bridge_composite,side=B_side|tfc=high|phase=q4|fes=CoCreation,11,O5_full_TFC,0.9266168160254908,0.6475307677873379,0.12408143391551739,0.11303354920244164,0.008003608825488943,0.0064853234738101485,0.624430534881107,0.0563908137960798,0.06757473590555514,0.21269636191776312,0.3284124190403308,0.07538172964056293,0.0017589334302761772,0.9266168160254908,0.0850299787035815,0.0,3
combined_c_fes_gmr72,gmr72_bridge_composite,side=B_side|tfc=low|phase=q1|fes=SelfGrowth,9,O6_phase_only,0.4655374424759267,0.07619544678615842,0.1755495952667835,0.03256654754493069,0.029151780641573227,0.2054663837666099,0.29317279031567123,0.09389768878092082,0.1701952136835105,0.010841426074886931,0.09491538658208665,0.05614602091634828,0.06591772035996321,0.041980875373368934,0.4655374424759267,0.0,3
combined_c_fes_gmr72,gmr72_bridge_composite,side=A_side|tfc=low|phase=q4|fes=SelfGrowth,11,O6_phase_only,0.07150634894566608,-0.015553300880773552,0.20757580730916883,0.03592050818040424,0.027650596101819275,0.21574143427111855,0.2633799616482432,0.03790956500624262,0.21182212748300333,-0.0070876021330335956,0.05264307648027964,-0.038938310032837736,0.006416804058561615,-0.0721069655328554,0.07150634894566608,0.0,3
combined_c_fes_gmr72,gmr72_bridge_composite,side=B_side|tfc=mid|phase=q4|fes=Activation,12,O5_full_TFC,0.21188493156512203,0.12745763673820776,0.1393440330161001,0.2895317571480684,0.1683063618076427,0.021264182078714767,0.029688892022602983,0.24078654131553945,0.11107823261133153,0.07934891353582826,0.18695583381170558,0.1454429023338639,0.0950728147538612,0.21188493156512203,0.1224318752882026,0.0,3
combined_c_fes_gmr72,gmr72_bridge_composite,side=B_side|tfc=high|phase=q1|fes=SelfGrowth,8,O1_lag0_AB,0.02687742537344861,-0.018963292983185984,0.23345518403473145,0.02768340514273764,0.026057578480627026,0.23304677220734993,0.22959742663828192,0.03396102187854058,0.21619861161773146,0.02687742537344861,-0.045680964647713464,-0.06686453786066543,0.02626459117547282,-0.12730925832602885,0.02585214395607923,0.0,3
combined_c_fes_gmr72,gmr72_bridge_composite,side=A_side|tfc=mid|phase=q1|fes=SelfGrowth,9,O3_A_C_boundary,0.059327998905668124,-0.104294725850551,0.1441619700284449,0.02891801220519978,0.04859838070680247,0.15251951004506048,0.3211055291198936,0.023535180510019644,0.281161417384579,-0.2337970194567064,-0.12236594390690685,0.059327998905668124,-0.21407274731904988,-0.10186044198503874,-0.1944548545035064,0.0,3
combined_c_fes_gmr72,gmr72_bridge_composite,side=B_side|tfc=low|phase=q4|fes=Activation,13,O2_lag5_AB,0.11754573868821634,0.018745379908223718,0.16073489719719944,0.3331869472540977,0.07598777829115248,0.01928303509138098,0.01853282949306445,0.2364098541785448,0.1558646584945602,0.010768922377569618,0.11754573868821634,-0.25144543953921566,-0.05772027035367716,-0.07160896053692918,-0.0025521296261653646,0.0,4
combined_c_fes_gmr72,gmr72_bridge_composite,side=A_side|tfc=high|phase=q4|fes=Activation,8,O7_suppress_event,0.0,-0.18076905276139182,0.17812325457551054,0.14262801599352706,0.13850719026063632,0.02383817226020469,0.020283923618415727,0.21406938379653917,0.28255005949516654,-0.16148299458911985,-0.38762027267792165,-0.2495267239926392,-0.19170209242874967,-0.24821293142954381,-0.24549919163716505,0.0,4
combined_c_fes_gmr72,gmr72_bridge_composite,side=B_side|tfc=high|phase=q1|fes=Surprise,15,O1_lag0_AB,0.07072252275873224,0.036806925253908815,0.03921923648975585,0.02926505676881127,0.22091092199678436,0.4009366542024298,0.2428907912814098,0.034733562154355496,0.03204377710645357,0.07072252275873224,-0.03174807996817582,0.0020332373838461387,0.06229385104225718,0.03523156735652783,0.02821119913398383,0.0,4
combined_c_fes_gmr72,gmr72_bridge_composite,side=B_side|tfc=high|phase=q4|fes=Surprise,8,O1_lag0_AB,0.13847711838485388,-0.013367778620752974,0.0574147486582783,0.04650211465492105,0.2730939341539584,0.23791240355899532,0.31658776489021095,0.029834955099802787,0.03865407898383306,0.13847711838485388,0.06469591873265612,0.010610673849416562,-0.18601371722657975,0.06233531332741393,-0.0906400634627094,0.0,4
combined_c_fes_gmr72,gmr72_bridge_composite,side=B_side|tfc=low|phase=q1|fes=Surprise,16,O7_suppress_event,0.0,-0.1737975860841442,0.01657595801310478,0.036811619034532776,0.20697106902419385,0.48012486155150275,0.16838342664607983,0.030174141666273434,0.06095892406431252,-0.4557864248974126,-0.17653535598431327,-0.24586398944378665,-0.09970522600196763,-0.31808135842818386,-0.2461252289908608,0.0,4
combined_c_fes_gmr72,gmr72_bridge_composite,side=B_side|tfc=mid|phase=q4|fes=Surprise,10,O6_phase_only,0.24504010168550594,-0.04652521382404917,0.027301820273516957,0.04111675616424675,0.22236085024274943,0.40241359344715505,0.1799438069073317,0.0847716435603408,0.04209152940465943,-0.15151259970043834,-0.008200775686624912,-0.0911373067828187,-0.03187944576138516,-0.1652172202068009,0.24504010168550594,0.0,4
combined_c_fes_gmr72,gmr72_bridge_composite,side=B_side|tfc=mid|phase=q1|fes=Surprise,22,O2_lag5_AB,0.040227052764154586,-0.04079447909861448,0.0279127561516387,0.045069600985546805,0.2052829661461463,0.3741715919640388,0.27481427764464195,0.03257265666614483,0.04017615044184257,-0.12746641351612864,0.040227052764154586,-0.10280602401427684,-0.04104697239206607,-0.0007088661033144024,-0.07343012709462808,0.0,4
combined_c_fes_gmr72,gmr72_bridge_composite,side=B_side|tfc=low|phase=q4|fes=CoCreation,8,O7_suppress_event,0.0,-0.135245136048246,0.16489593760380838,0.13414400723128178,0.028295689407391793,0.02805595551674742,0.14427941632703237,0.12756713071106815,0.37276186320267,-0.2854688149439037,-0.20935430760177548,-0.0803293024715151,-0.08330729426017322,-0.18386104019257712,-0.22694921440905302,0.0,4
combined_c_fes_gmr72,gmr72_bridge_composite,side=B_side|tfc=mid|phase=q4|fes=SelfGrowth,11,O1_lag0_AB,0.2672918997591832,0.0904708552983981,0.3595126636019136,0.0358561608644284,0.02654243090334811,0.14382063200332723,0.23099225365474083,0.0357633112945467,0.16751254767769505,0.2672918997591832,0.13415655530229803,0.02888678062437505,-0.05337197176441467,-0.03589067823997198,0.13324905440385842,0.0,4
combined_c_fes_gmr72,gmr72_bridge_composite,side=B_side|tfc=mid|phase=q1|fes=SelfGrowth,12,O4_B_C_boundary,0.12218534911969825,0.044777225623366446,0.24988148625198134,0.02763432859695987,0.02727016088200029,0.25820510321145546,0.22183048999245625,0.03306071941884134,0.18211771164630552,0.11071672680957519,0.013738495589139638,0.009095502981172987,0.12218534911969825,-0.07931364863822633,0.0764889678348754,0.0,4
combined_c_fes_gmr72,gmr72_bridge_composite,side=B_side|tfc=low|phase=q4|fes=SelfGrowth,9,O7_suppress_event,0.0,-0.06039251901460191,0.12724015219374601,0.025128214336225866,0.01596866501676543,0.2047714144616643,0.3579094918562536,0.02257752699047484,0.24640453514486976,-0.2313144309401069,-0.12534761571340303,-0.284024639964995,-0.06477811602879369,-0.01769782340120459,-0.16281030719481956,0.0,4
combined_c_fes_gmr72,gmr72_bridge_composite,side=B_side|tfc=mid|phase=q4|fes=Activation,14,O2_lag5_AB,0.22441300395296152,0.16785443305321085,0.16158440906912816,0.2879585956134954,0.15811380131568428,0.018431031789475527,0.026146974308275797,0.24850287391636838,0.09926231398757242,0.1705415882187721,0.22441300395296152,0.16294216854295077,0.08439097531006036,0.20678517879304747,0.17283620103749192,0.0,4
combined_c_fes_gmr72,gmr72_bridge_composite,side=B_side|tfc=high|phase=q1|fes=Activation,9,O1_lag0_AB,0.34143573016118595,0.17511824586364322,0.26672980417612285,0.2410255605647247,0.15633558575855921,0.017754327410802878,0.030544557314745587,0.18705509664440792,0.10055506813063675,0.34143573016118595,0.15761436539386273,0.15445477896776183,0.06676987282188057,0.2566649030102884,0.06888944226060535,0.0,4
combined_c_fes_gmr72,gmr72_bridge_composite,side=B_side|tfc=high|phase=q4|fes=Activation,10,O5_full_TFC,0.3941767002382498,0.05885159302393732,0.31509894396639454,0.22645434824896077,0.08717716166402363,0.013507969823911947,0.0688682630442827,0.13583429225646632,0.15305902099596,0.2527220822642247,-0.01125283058454445,-0.19700842562167106,-0.17594375271660118,0.3941767002382498,-0.19014051441224308,0.0,4
combined_c_fes_gmr72,gmr72_bridge_composite,side=B_side|tfc=low|phase=q4|fes=Surprise,10,O4_B_C_boundary,0.09951117383091908,0.044267087872817495,0.026719330434966056,0.025425156366428222,0.19057034386128882,0.44291024641756926,0.25747093788120234,0.02507645961520714,0.03182752542333815,-0.06123047173451919,-0.07860734095114696,-0.0473050933093417,0.09951117383091908,0.05800481965601032,-0.08344068341223927,0.0,4
combined_c_fes_gmr72,gmr72_bridge_composite,side=A_side|tfc=low|phase=q1|fes=Surprise,10,O6_phase_only,0.014306157287217269,-0.19152813020262138,0.03468996466803169,0.029199088980973172,0.2854863249864476,0.256536367090999,0.26307169336351943,0.06684691088991203,0.06416965002011724,-0.21527797036327928,-0.275587496902601,-0.15126423499590813,-0.3370422763561504,-0.17988287263358343,0.014306157287217269,0.0,4
combined_c_fes_gmr72,gmr72_bridge_composite,side=B_side|tfc=high|phase=q4|fes=CoCreation,8,O5_full_TFC,1.3408144470340673,1.111500684238073,0.0741237308908687,0.10343248986926526,0.004719563055705789,0.003083259128742035,0.7436540962485723,0.0463424953317385,0.024644365475107337,0.38541560495913013,0.6503845410514443,0.24356007913273064,0.09455491997814992,1.3408144470340673,0.36938362428077876,0.0,4
combined_c_fes_gmr72,gmr72_bridge_composite,side=B_side|tfc=low|phase=q1|fes=SelfGrowth,10,O6_phase_only,0.4068272617964756,0.1634347468968066,0.2343311089354507,0.04029476100969059,0.022813507271499958,0.20303505668348723,0.3082979540954559,0.06083089401958146,0.1303967179848342,0.20515377060423054,0.2626705482215349,0.0635665116189657,0.1549790118822102,0.15281507760331564,0.4068272617964756,0.0,4
combined_c_fes_gmr72,gmr72_bridge_composite,side=A_side|tfc=low|phase=q4|fes=SelfGrowth,9,O6_phase_only,0.06735882573736647,-0.02548863977149053,0.22253697825864152,0.02419103930998796,0.029181774591547367,0.2108517825565674,0.2561848735909956,0.038630439405758436,0.21842311228650177,0.006530726460691823,-0.09646156638098692,-0.03081484242827479,-0.012347520309947924,-0.09254189995729292,0.06735882573736647,0.0,4
combined_c_fes_gmr72,gmr72_bridge_composite,side=B_side|tfc=mid|phase=q1|fes=Activation,9,O6_phase_only,0.12234213792799403,0.0015731360567562969,0.1796402610109042,0.15432789091893093,0.1073967899305666,0.01986650365478991,0.013028060996011868,0.35974328142645495,0.16599721206234147,0.027644857721129807,-0.17386677127361233,-0.15240424524391677,-0.06933101458437102,-0.2170063433482391,0.12234213792799403,0.0,4
combined_c_fes_gmr72,gmr72_bridge_composite,side=B_side|tfc=low|phase=q1|fes=Activation,8,O4_B_C_boundary,0.483365154251352,0.12430890341012175,0.09593801972839165,0.17569541821857732,0.13207117368137714,0.07090834228501236,0.016335193458509353,0.3869089012145949,0.12214295141353723,-0.08452140779484554,-0.021108809797065045,0.0273521080494267,0.483365154251352,-0.030458016146784277,0.2551942628384072,0.0,4
gmr72_phase_conditioned,z_reward,side=B_side|tfc=high|phase=q1,38,O1_lag0_AB,0.45656016799726995,0.1189371536027612,0.33756078724574445,0.12320723836205093,0.11691803328019307,0.1456367489455384,0.09266456256590752,0.09242575403129641,0.09158687556926919,0.45656016799726995,0.04374130452165427,-0.11364235598663477,-0.06905283379519811,-0.12916627960108035,-0.05687044420475374,0.0,0
gmr72_phase_conditioned,z_reward,side=A_side|tfc=high|phase=q4,30,O3_A_C_boundary,0.5822685989639587,0.3385057921981868,0.13041283401107637,0.060085174124647735,0.41246969931371136,0.11918586858429538,0.1861544923233297,0.02239191708933891,0.06930001455360048,0.22129098207140036,-0.0757925433307539,0.5822685989639587,0.16206466179723153,0.34460391722589934,-0.42126461951633876,0.0,0
gmr72_phase_conditioned,z_reward,side=A_side|tfc=low|phase=q4,28,O3_A_C_boundary,0.1997889360478329,0.01853235564251,0.04266063071704003,0.20380131067053947,0.2537816759085758,0.09644727948962085,0.11632442174618635,0.12770001206358214,0.15928466940445532,-0.46109576707252803,0.1072426285029583,0.1997889360478329,-0.1512520686513217,-0.10805812915658992,-0.05636896454472604,0.0,0
gmr72_phase_conditioned,z_reward,side=A_side|tfc=high|phase=q1,23,O3_A_C_boundary,0.7372189785366996,0.5628578026245608,0.27477739763932263,0.12951139228371708,0.3409714801852244,0.047815212827030856,0.10313800747384617,0.06903774681091614,0.034748762779942856,0.7237360685878933,0.40284524397883015,0.7372189785366996,0.10330447066162425,0.4159299905894937,0.18265484056493533,0.0,0
gmr72_phase_conditioned,z_reward,side=B_side|tfc=high|phase=q4,35,O5_full_TFC,0.4668907524902863,0.23432138517600665,0.23226228175828684,0.11620381918467025,0.06131570668843545,0.06690234609088824,0.3093620362776293,0.12120939828976224,0.09274441171032773,0.3213069332738192,0.08666553883266763,-0.08518613137435303,-0.028187688152585485,0.4668907524902863,0.10142640490300907,0.0,0
gmr72_phase_conditioned,z_reward,side=B_side|tfc=low|phase=q1,44,O4_B_C_boundary,0.2728232934948543,0.07241468558263563,0.03898222109585817,0.10137175916134696,0.09686644958868453,0.36930070248337915,0.08750862247769352,0.18105286309896737,0.1249173820940703,-0.40759141593902337,-0.061180936750853655,-0.14885703709299802,0.2728232934948543,-0.200042654710768,0.14181714064148,0.0,0
gmr72_phase_conditioned,z_reward,side=A_side|tfc=mid|phase=q4,22,O4_B_C_boundary,0.1830375176122864,-0.012378619444030042,0.12073592841859951,0.06456969297094739,0.14020044607486087,0.20132643345186224,0.08410467579430213,0.21786779840484766,0.17119502488458022,-0.12221917824389296,-0.3842426178735844,-0.04952205827102209,0.1830375176122864,-0.13959497793580733,0.04140753637521811,0.0,0
gmr72_phase_conditioned,z_reward,side=B_side|tfc=mid|phase=q1,41,O6_phase_only,0.12011974768974441,-0.04770586716690868,0.08119800533981207,0.07656129064037212,0.11143414942810809,0.2652417411486423,0.14711319234788833,0.18398092643394667,0.13447069466123038,-0.17655946337992326,-0.18673942263917986,-0.21737403277650375,0.008614014761480857,-0.13074441309649737,0.12011974768974441,0.0,0
gmr72_phase_conditioned,z_reward,side=B_side|tfc=low|phase=q4,37,O4_B_C_boundary,0.14454535858465004,-0.04668629063265855,0.14648868564072395,0.14094563874457094,0.0469381984374645,0.3131728344553148,0.07933106991231778,0.10037366432436114,0.17274990848524677,-0.0577138584896232,-0.09752875736365565,-0.5202732034555616,0.14454535858465004,-0.29770533482044936,-0.21634480082755106,0.0,0
gmr72_phase_conditioned,z_reward,side=A_side|tfc=mid|phase=q1,22,O3_A_C_boundary,0.13422878602822091,-0.002487814670583316,0.09977394243991092,0.16955327214518792,0.18652953228541713,0.07728764362986956,0.21095084926130853,0.08717780030944021,0.16872695992886563,-0.18388115733652588,0.0957028086254643,0.13422878602822091,-0.2669072796952964,0.03402270570465249,-0.137123299745402,0.0,0
gmr72_phase_conditioned,z_reward,side=A_side|tfc=low|phase=q1,19,O6_phase_only,0.36474437662792186,0.28477160701708615,0.029362428694225704,0.1280928585071876,0.16700742540187602,0.22668002471694704,0.2198758566473415,0.16532458563820326,0.06365682039421885,-0.2708266933422441,0.2754400324007512,0.28508337969855563,0.327307039141161,0.3426279475122205,0.36474437662792186,0.0,0
gmr72_phase_conditioned,z_reward,side=B_side|tfc=mid|phase=q4,37,O6_phase_only,0.08115814125701681,-0.009546330916645432,0.1407438665075559,0.18095605989668373,0.08206679787224166,0.1120216720494082,0.1189094851811481,0.2154295193643219,0.14987259912864048,-0.021995366820592513,0.020125294927037077,-0.23242743722707956,-0.05585834004106741,-0.01887445075737843,0.08115814125701681,0.0,0
gmr72_phase_conditioned,z_reward,side=B_side|tfc=low|phase=q4,44,O7_suppress_event,0.0,-0.1308357810843146,0.13025490230767023,0.15792991100908557,0.051165642943997905,0.1911462905440464,0.09425066184235442,0.14587151392881323,0.22938107742403235,-0.1980619887523895,-0.12267141248687975,-0.5065461044051255,-0.04689747608656025,-0.3059118840819983,-0.15047021174503727,0.0,1
gmr72_phase_conditioned,z_reward,side=A_side|tfc=low|phase=q1,25,O3_A_C_boundary,0.5135972557662993,0.2714113919972461,0.019417445858427806,0.06624592186534635,0.45351677001000795,0.1405732639580153,0.0921522083871006,0.15907615890748486,0.06901823101361718,-0.44386956399320454,-0.042107960715479446,0.5135972557662993,0.06339871801866546,-0.011853600544309919,0.26449524814053194,0.0,1
gmr72_phase_conditioned,z_reward,side=A_side|tfc=high|phase=q4,26,O5_full_TFC,0.331470700244433,0.1857565348424481,0.1482876907451914,0.10264962664995961,0.24612702963168026,0.13343874477634976,0.2539872214318087,0.023258023236372032,0.09225166352863817,0.16612187470118747,0.02612867622445781,0.30355824482582,0.08255006034898547,0.331470700244433,-0.493506295715921,0.0,1
gmr72_phase_conditioned,z_reward,side=B_side|tfc=high|phase=q1,40,O1_lag0_AB,0.5798825812732535,0.24032542242745894,0.3906791688498488,0.09303530880291735,0.08743613704438052,0.1634851525189875,0.10548267142407418,0.08536068482563038,0.07452087653416133,0.5798825812732535,0.030838387994931833,-0.09585506015539925,0.10036241216671957,0.026748595561157495,0.0007056784327813092,0.0,1
gmr72_phase_conditioned,z_reward,side=B_side|tfc=high|phase=q4,42,O5_full_TFC,0.4385154240892891,0.2595857348138716,0.2559432849884231,0.09261329128710889,0.17823861060546112,0.06969592692766376,0.2519576915300551,0.07227949427394978,0.07927170038733836,0.41022613790341805,0.025646965603795376,0.2675954615881016,-0.022238522267430273,0.4385154240892891,-0.06111530328803861,0.0,1
gmr72_phase_conditioned,z_reward,side=B_side|tfc=low|phase=q1,42,O4_B_C_boundary,0.2271654431039762,0.051649841055947186,0.032907741410138656,0.09172291529009419,0.08816297389721192,0.36527625836100047,0.08754614308943212,0.19539130150760758,0.13899266644451497,-0.5042496343620859,-0.09426605641285654,-0.1909590892793166,0.2271654431039762,-0.257582359343641,0.17041513663044727,0.0,1
gmr72_phase_conditioned,z_reward,side=B_side|tfc=mid|phase=q4,41,O2_lag5_AB,0.06119297592077492,-0.04718710019889165,0.12290167839747855,0.18658791597545585,0.08522580330983479,0.13169854261119715,0.11519434125216561,0.185078986019132,0.173312732434736,-0.12029954699570214,0.06119297592077492,-0.22643282170464077,-0.11548419779285997,-0.1745961096720299,0.058351031246304266,0.0,1
gmr72_phase_conditioned,z_reward,side=B_side|tfc=mid|phase=q1,51,O6_phase_only,0.25366087980744934,0.012343969220717295,0.13727926482001965,0.10128893821273269,0.08041320518614054,0.18650618372189223,0.12249556036702895,0.23781857120750496,0.13419827648468097,0.007944614588508403,-0.04507492473475182,-0.2395031716613353,-0.03430548189852494,-0.15387444343509937,0.25366087980744934,0.0,1
gmr72_phase_conditioned,z_reward,side=A_side|tfc=mid|phase=q4,27,O6_phase_only,0.030171696575979748,-0.06250110871306058,0.08132204092880636,0.06251514193879673,0.19397444541986453,0.19995722415168757,0.06646905103146242,0.22449315401319564,0.1712689425161868,-0.26068629940914145,-0.417281048297362,-0.035755475753910936,0.025987967468094775,-0.304643365723909,0.030171696575979748,0.0,1
gmr72_phase_conditioned,z_reward,side=A_side|tfc=low|phase=q4,28,O3_A_C_boundary,0.33663989849540166,0.07287050091806309,0.03685057936403194,0.15397373655515592,0.33823182960206555,0.1612150630700471,0.11972251741572497,0.03514884992128362,0.15485742407169095,-0.5024717278580568,0.08299857937758477,0.33663989849540166,-0.013349539553001086,-0.14907534465553174,-0.4340179722353691,0.0,1
gmr72_phase_conditioned,z_reward,side=A_side|tfc=high|phase=q1,23,O3_A_C_boundary,0.6925321965002844,0.4999703916507317,0.24725671055331638,0.10859104599945496,0.34871859502511926,0.02871586783511519,0.07570728060485286,0.1493461506791818,0.041664349302959605,0.6232734481881623,0.2736555069425499,0.6925321965002844,-0.10963820062846631,0.26771215822168154,0.3851927424600742,0.0,1
gmr72_phase_conditioned,z_reward,side=A_side|tfc=mid|phase=q1,23,O2_lag5_AB,0.06567729126352008,-0.07228949439288736,0.13525431835019636,0.19390229098134573,0.14012379976081907,0.05867162574738125,0.1558678312637279,0.09944594020234304,0.2167341936941867,-0.165030195049875,0.06567729126352008,-0.003862953190716764,-0.40366542992071214,-0.13965901844630774,-0.16803177715621195,0.0,1
gmr72_phase_conditioned,z_reward,side=B_side|tfc=low|phase=q4,40,O4_B_C_boundary,0.10488148285812175,-0.05034108791391036,0.15952154323865886,0.14562925040615876,0.04219728241444737,0.2600072981676785,0.11137518914680256,0.09100353989554782,0.19026589673070596,-0.061685249458059456,-0.03458126385919856,-0.4713671154789213,0.10488148285812175,-0.22197119120237524,-0.19913922579158733,0.0,2
gmr72_phase_conditioned,z_reward,side=A_side|tfc=low|phase=q1,27,O3_A_C_boundary,0.6304469775464847,0.3784622070373744,0.01351531327208904,0.060275681724301956,0.4521845862951469,0.10398908303014587,0.20538702506201506,0.10785394741924373,0.05679436319705749,-0.5024648027943299,0.0518302265237791,0.6304469775464847,0.037299896780592964,0.31948285758300926,0.25547746015343786,0.0,2
gmr72_phase_conditioned,z_reward,side=A_side|tfc=high|phase=q4,33,O3_A_C_boundary,0.4961081837644437,0.27787152776149837,0.10652460599997816,0.07909760657794081,0.41375429390568824,0.130478921277798,0.16984477580589588,0.026904417316708142,0.07339537911599078,0.1303802576653243,-0.059534944727556216,0.4961081837644437,0.15449426706728403,0.32396191840239047,-0.43697219039980073,0.0,2
gmr72_phase_conditioned,z_reward,side=B_side|tfc=high|phase=q1,40,O1_lag0_AB,0.4920975255586737,0.18290667219808046,0.35024731987792723,0.13674435364802004,0.08589319619265644,0.13305339757129514,0.11129068420915839,0.09691718382033572,0.0858538646806071,0.4920975255586737,0.1379774149634057,-0.1202101119829132,0.0011563758920697803,0.0014350897970643154,0.01748770573755887,0.0,2
gmr72_phase_conditioned,z_reward,side=B_side|tfc=high|phase=q4,41,O5_full_TFC,0.6223714067410734,0.39260693482606573,0.23344493707970276,0.12147994032244804,0.0929823015918841,0.04143915042962952,0.38907068676204015,0.055095001334037164,0.0664879824802583,0.43957375596653403,0.2666173838638785,0.21775048165002783,-0.10216467272017407,0.6223714067410734,-0.010124171005676481,0.0,2
gmr72_phase_conditioned,z_reward,side=B_side|tfc=low|phase=q1,36,O4_B_C_boundary,0.1296261197888318,-0.014874362944222234,0.060222156899434796,0.09922705801561359,0.0993576205443589,0.3275211941398308,0.08820500669438736,0.17791408211949836,0.1475528815868761,-0.313651201973607,-0.1005056340138895,-0.20954927195769074,0.1296261197888318,-0.29618657509954344,0.10385586937700145,0.0,2
gmr72_phase_conditioned,z_reward,side=B_side|tfc=mid|phase=q4,37,O6_phase_only,0.10060119242981044,-0.06263936712502569,0.1577925396253357,0.1543722119833905,0.08675535815095894,0.05717631777513259,0.105584686118392,0.23802166874957412,0.20029721759721617,-0.08348242752848528,-0.05094708119548908,-0.22354476149464028,-0.3959945328207388,-0.22268094669465438,0.10060119242981044,0.0,2
gmr72_phase_conditioned,z_reward,side=B_side|tfc=mid|phase=q1,51,O6_phase_only,0.12861647892302816,-0.024346805622395558,0.18106449020847823,0.07380061553076583,0.08674268144653609,0.220040239308023,0.11647414723483246,0.17809066180128535,0.14378716447007903,0.0806816799577705,-0.17970751064843737,-0.24803476812381517,-0.014489980845846764,-0.20515009259192468,0.12861647892302816,0.0,2
gmr72_phase_conditioned,z_reward,side=A_side|tfc=mid|phase=q4,26,O6_phase_only,0.06874418827630505,-0.04377226313264686,0.08715674287913242,0.05797999322886105,0.16960794110677704,0.21807695538472113,0.07489708385009143,0.21796588697951672,0.17431539657090017,-0.24260534985126833,-0.3947400084551074,-0.030416448540343134,0.059700932776256904,-0.30154661929792276,0.06874418827630505,0.0,2
gmr72_phase_conditioned,z_reward,side=A_side|tfc=low|phase=q4,26,O3_A_C_boundary,0.0997079889741853,-0.02688471691174814,0.060480237581110464,0.1924253025793925,0.19612428680272304,0.0841250564678331,0.10760684703927015,0.17248162632196512,0.18675664320770569,-0.39462140759635767,0.08474512973552956,0.0997079889741853,-0.2682254958426954,-0.2260758689877813,0.04644906663304153,0.0,2
gmr72_phase_conditioned,z_reward,side=A_side|tfc=high|phase=q1,25,O1_lag0_AB,0.8605103669176803,0.584892805243755,0.4058675427469252,0.10821693610482097,0.21415419508672223,0.06635455190761029,0.1120009215885923,0.058682035973081303,0.03472381659224785,0.8605103669176803,0.3815510776062856,0.5969244712623821,0.1876658413160877,0.39501916920697866,0.16734959668207072,0.0,2
gmr72_phase_conditioned,z_reward,side=A_side|tfc=mid|phase=q1,19,O2_lag5_AB,0.011348093351526001,-0.10930889449907577,0.15892226256561728,0.1807015868042068,0.10705270723673009,0.05237920412220093,0.19126808956524605,0.07885804897676096,0.23081810072923784,-0.13062517636508103,0.011348093351526001,-0.1755887425894793,-0.523627525197872,-0.11703255456927299,-0.2788710635633835,0.0,2
gmr72_phase_conditioned,z_reward,side=B_side|tfc=low|phase=q4,37,O4_B_C_boundary,0.17496869689022965,-0.008436293584632808,0.1104022699342828,0.1946965579298372,0.03805699847471471,0.2914773984460612,0.10566693130981238,0.09360555168044885,0.16609429222484284,-0.1429487352690089,0.0655760664028814,-0.5198154492382406,0.17496869689022965,-0.17776289516833021,-0.19074732218827906,0.0,3
gmr72_phase_conditioned,z_reward,side=A_side|tfc=low|phase=q1,24,O3_A_C_boundary,0.49468998161260924,0.33733899795044164,0.007667923294811075,0.08490536488021308,0.3519309479896828,0.19124282027226758,0.23643453017411717,0.08357070405006677,0.04424770933884146,-0.6134652236691038,0.17919840595405498,0.49468998161260924,0.225295309826649,0.4023649799383801,0.17365291731727672,0.0,3
gmr72_phase_conditioned,z_reward,side=A_side|tfc=high|phase=q4,31,O3_A_C_boundary,0.4788148567486699,0.28946445708557716,0.14701818246551474,0.08208669274796937,0.3339835037470143,0.11851861550970134,0.22070466762148147,0.020743370017910743,0.07694496789040822,0.22661303201647548,-0.017810333774439257,0.4788148567486699,0.16118234228555695,0.4030137764353285,-0.4992525674294562,0.0,3
gmr72_phase_conditioned,z_reward,side=B_side|tfc=high|phase=q1,41,O1_lag0_AB,0.4595538233016689,0.15772537964469965,0.34025548165597974,0.10496818446140208,0.13245973037392672,0.13740456063382053,0.11330912951058304,0.08007117052884956,0.09153174283543837,0.4595538233016689,0.07783645010948544,0.035023258293077154,-0.029461485624504246,-0.053364271569828606,-0.01692304980106154,0.0,3
gmr72_phase_conditioned,z_reward,side=B_side|tfc=high|phase=q4,41,O5_full_TFC,0.5160884772000083,0.34250345986013575,0.27762059829446156,0.09121500502638581,0.1335418829167595,0.04432143933226474,0.32746838037896536,0.05480823425032501,0.07102445980083824,0.4771308868473966,0.13678630951052742,0.28074402727543046,-0.15013658478402234,0.5160884772000083,-0.04149632986225103,0.0,3
gmr72_phase_conditioned,z_reward,side=B_side|tfc=low|phase=q1,36,O6_phase_only,0.3417371698611846,0.13054174782151465,0.04244965913862691,0.08189987596568253,0.06425917610840158,0.30879334352759913,0.055680058297742745,0.31821560971777896,0.12870227724416813,-0.38821402397386967,-0.1332939232533376,-0.2431020466927219,0.2694228130016735,-0.33014475662896225,0.3417371698611846,0.0,3
gmr72_phase_conditioned,z_reward,side=B_side|tfc=mid|phase=q4,37,O1_lag0_AB,0.05970641934547613,-0.024972359867689385,0.2266408993277729,0.18272321468576916,0.05701204598589442,0.04625190008038336,0.13090448927123918,0.16537123385659963,0.19109621679234118,0.05970641934547613,0.029375693808539768,-0.28240691584913363,-0.35065840071316695,-0.08124502449961547,-0.005547191041076769,0.0,3
gmr72_phase_conditioned,z_reward,side=B_side|tfc=mid|phase=q1,45,O6_phase_only,0.13997015258796874,-0.024211011730622175,0.1812026226279985,0.09599010071316064,0.12096437470341442,0.1578220282344213,0.12445810524552291,0.1758543599349798,0.1437084085405026,0.08114034643674065,-0.07192372664461967,-0.11602921696786758,-0.12508268565693453,-0.18358021974282637,0.13997015258796874,0.0,3
gmr72_phase_conditioned,z_reward,side=A_side|tfc=mid|phase=q4,22,O4_B_C_boundary,0.04619138517786151,-0.10107225019169543,0.07625606555214934,0.04671980868725325,0.16433367890780617,0.24681716283019184,0.09908333130214274,0.15722382300392707,0.20956612971652963,-0.35382983439177734,-0.5363764704233707,-0.10284224065850965,0.04619138517786151,-0.2621773413427646,-0.11165071067588035,0.0,3
gmr72_phase_conditioned,z_reward,side=A_side|tfc=low|phase=q4,31,O3_A_C_boundary,0.21368117537597614,-0.027293880223534392,0.0465806367627087,0.14417727104081002,0.27151714121804205,0.12437341532498708,0.12205818868772257,0.09566904466338128,0.19562430230234812,-0.5022538710408938,0.004422085324506676,0.21368117537597614,-0.1729387244663245,-0.22722627402920456,-0.13912999728650535,0.0,3
gmr72_phase_conditioned,z_reward,side=A_side|tfc=high|phase=q1,25,O1_lag0_AB,0.8344128053385369,0.5767498526400312,0.39994295671477176,0.1772684069196753,0.1495314370139883,0.04333716815387249,0.08372421961453466,0.10932997287266498,0.036865838710492316,0.8344128053385369,0.5351060160664933,0.506632907062768,0.11074703533642956,0.3297528447888787,0.3659529676954854,0.0,3
gmr72_phase_conditioned,z_reward,side=A_side|tfc=mid|phase=q1,23,O2_lag5_AB,0.08586090791301025,-0.05212276223197648,0.08342459592992076,0.20489825848625814,0.15871239988313954,0.05504020675366221,0.1987998724783583,0.08201728522168646,0.21710738124697465,-0.3347571130710802,0.08586090791301025,0.05681900512986432,-0.4068838631509383,-0.04613049507094148,-0.23459332949003955,0.0,3
gmr72_phase_conditioned,z_reward,side=B_side|tfc=low|phase=q4,42,O4_B_C_boundary,0.08180136530131649,-0.08668484902663633,0.12580065290657874,0.14688133125858588,0.04642870056024347,0.2249167724735903,0.12495315535025749,0.1127427794857946,0.21827660796494958,-0.19287259882577013,-0.10454991559662802,-0.4606783108366209,0.08180136530131649,-0.17486296086993675,-0.1971305345372156,0.0,4
gmr72_phase_conditioned,z_reward,side=A_side|tfc=low|phase=q1,25,O3_A_C_boundary,0.6158750340728,0.36590757525882145,0.018957036879002628,0.057612108859142475,0.5119177875532751,0.11635999996648942,0.15495703571709038,0.09099838517853219,0.04919764584646773,-0.33378470014540745,0.03192870626248955,0.6158750340728,0.03045673655978265,0.22012688480428375,0.1919168535365179,0.0,4
gmr72_phase_conditioned,z_reward,side=A_side|tfc=high|phase=q4,28,O4_B_C_boundary,0.5306825981296792,0.364529510634956,0.09733617600845977,0.03270005227785074,0.20180247895258663,0.313772644166262,0.2680225691848786,0.018135253116696087,0.06823082629326611,0.12434599015166421,-0.27258626876112035,0.3624039541995682,0.5306825981296792,0.48644161593920915,-0.478917900077076,0.0,4
gmr72_phase_conditioned,z_reward,side=B_side|tfc=high|phase=q1,41,O1_lag0_AB,0.482479791923408,0.18397116733038082,0.3493692541886836,0.09284167405209405,0.12096827541705606,0.13574176057709494,0.11875526143732543,0.09429922839898588,0.08802454592876009,0.482479791923408,0.013373425974350544,0.031135024785931803,0.035907139370574805,0.03157983023734165,0.01882551400478773,0.0,4
gmr72_phase_conditioned,z_reward,side=B_side|tfc=high|phase=q4,37,O5_full_TFC,0.6409391775445371,0.38449263232058617,0.23124318242592393,0.13369759767531741,0.11114281371757412,0.028323783762998572,0.34635930598804776,0.08670955456150409,0.0625237618686342,0.457773127059466,0.24388562762207258,0.2037639471269702,-0.2336988046815615,0.6409391775445371,0.09232987514319344,0.0,4
gmr72_phase_conditioned,z_reward,side=B_side|tfc=low|phase=q1,42,O4_B_C_boundary,0.3630666502948306,0.144316385470167,0.03315921204601447,0.10355674105915172,0.061689836277361194,0.4589839224151414,0.084125315598101,0.1491052809792171,0.10937969162501315,-0.4177266347846311,0.02222117808835124,-0.2612113049466397,0.3630666502948306,-0.20205659598256662,0.1498077123054083,0.0,4
gmr72_phase_conditioned,z_reward,side=B_side|tfc=mid|phase=q4,44,O2_lag5_AB,0.13981193090175903,-0.00782411969647423,0.14563995186497686,0.2273318499106659,0.08428182331240847,0.07010763824826123,0.1307704307598007,0.17750662379012516,0.16436168211376184,-0.04232615992086511,0.13981193090175903,-0.18152994284915008,-0.25851255493317055,-0.07239503100645062,0.053220909431049554,0.0,4
gmr72_phase_conditioned,z_reward,side=B_side|tfc=mid|phase=q1,52,O6_phase_only,0.1695962052389555,-0.0124859649929977,0.11950371879970854,0.08618079455696936,0.08895035184723388,0.25468646418472923,0.11478096922220618,0.1917626344146467,0.14413506697450618,-0.0655911670792543,-0.11033763644203101,-0.21170437756921306,0.0567877217473429,-0.20293165215667372,0.1695962052389555,0.0,4
gmr72_phase_conditioned,z_reward,side=A_side|tfc=mid|phase=q4,23,O3_A_C_boundary,0.11045370342829532,-0.06998392185571486,0.051499985426353666,0.05712063810819759,0.2714990689220417,0.15058249444315588,0.08910686344336022,0.17017137881582226,0.21001957084106868,-0.4919667186595649,-0.4618370869711825,0.11045370342829532,-0.07130269841778032,-0.2687221919389096,-0.07976289426177194,0.0,4
gmr72_phase_conditioned,z_reward,side=A_side|tfc=low|phase=q4,27,O3_A_C_boundary,0.07307058506876424,-0.038842340998763075,0.06442624555731315,0.13388226361321276,0.17585383626505244,0.1630753416314458,0.16182788137046844,0.1190382950245216,0.18189613653798598,-0.36327016460588646,-0.036681471725265535,0.07307058506876424,-0.019175672696404945,-0.06789482708415806,-0.07781190922231715,0.0,4
gmr72_phase_conditioned,z_reward,side=A_side|tfc=high|phase=q1,20,O1_lag0_AB,0.7392166613421809,0.5198027442763163,0.38530263265711306,0.18588868413552004,0.17176447080318422,0.035036434175731976,0.10710402090368847,0.06828600216765024,0.04661775515711208,0.7392166613421809,0.4904947510248105,0.5447050645543071,0.04092445675891693,0.3664571926416752,0.1399896230112337,0.0,4
gmr72_phase_conditioned,z_reward,side=A_side|tfc=mid|phase=q1,17,O3_A_C_boundary,0.1082545285654972,-0.03764314651434517,0.13082926469917294,0.16585495457628488,0.21072937968366753,0.06675296432398979,0.13318202917359181,0.11610761351837152,0.17654379402492157,-0.1048865370533713,0.003915919101258619,0.1082545285654972,-0.3090700545364266,-0.09547002853795498,-0.12089274214372328,0.0,4
gmr72_phase_conditioned,rank_reward,side=B_side|tfc=high|phase=q1,38,O1_lag0_AB,0.5242020172339596,0.16902324466937652,0.376787689023121,0.1152706234491236,0.12401578063596427,0.11465840570060205,0.09757064524809542,0.08743225826060312,0.08426459768249049,0.5242020172339596,0.04960064402262544,-0.06385070400995932,-0.12359403960523059,-0.08194542593638578,-0.047145764120813526,0.0,0
gmr72_phase_conditioned,rank_reward,side=A_side|tfc=high|phase=q4,30,O3_A_C_boundary,0.5952742210930219,0.3669184008749714,0.1390308311628653,0.05914493727431258,0.4100557247537185,0.08916915332454825,0.2204863369346007,0.01573164199359628,0.06638137455635842,0.2587477206991901,-0.06625277747794539,0.5952742210930219,0.07557251210669348,0.4189045068234021,-0.5297636916794226,0.0,0
gmr72_phase_conditioned,rank_reward,side=A_side|tfc=low|phase=q4,28,O3_A_C_boundary,0.06100216598607458,-0.03534727246195646,0.04116758819636573,0.1838223614272508,0.19040512146544122,0.14020756611644472,0.13453361671513525,0.13219758842851234,0.1776661576508498,-0.5117892563009938,0.03290648440586751,0.06100216598607458,-0.05853212953811978,-0.09538190473853846,-0.08247877819126696,0.0,0
gmr72_phase_conditioned,rank_reward,side=A_side|tfc=high|phase=q1,23,O3_A_C_boundary,0.7842257803044842,0.5784992384768345,0.2505473769029419,0.0957231120724162,0.3838536741400712,0.04143355638940291,0.1143823071596911,0.07985738221042754,0.03420259112504906,0.6969713194172173,0.30258196513584135,0.7842257803044842,0.05871090322267315,0.4576923414094227,0.23915585644708862,0.0,0
gmr72_phase_conditioned,rank_reward,side=B_side|tfc=high|phase=q4,35,O1_lag0_AB,0.4352094672962451,0.24589957214932623,0.30155935242745513,0.1133373563136398,0.08661265249008682,0.06022411686573165,0.21726164114408877,0.13403940295231767,0.08696547780668011,0.4352094672962451,0.10044130414581642,0.05822499884856573,-0.04247641546529804,0.36571496896434263,0.15915904833999625,0.0,0
gmr72_phase_conditioned,rank_reward,side=B_side|tfc=low|phase=q1,44,O4_B_C_boundary,0.33221588810508634,0.09937344450641934,0.030025357384641325,0.08411947831456511,0.09792352062023466,0.43112693469099833,0.08273644286957989,0.1509985758102311,0.12306969030974976,-0.4937479792030622,-0.12126004718694929,-0.13984266689399513,0.33221588810508634,-0.21445403418908418,0.08350124238372066,0.0,0
gmr72_phase_conditioned,rank_reward,side=A_side|tfc=mid|phase=q4,22,O4_B_C_boundary,0.18031763910188475,-0.00519934620563295,0.1256432188147208,0.06106339164973491,0.1383848775090871,0.19578375497258813,0.08547942657787222,0.22586465792386173,0.16778067255213516,-0.10122395928992166,-0.39673300578969745,-0.04703306426442502,0.18031763910188475,-0.12686920340915797,0.061075194429235674,0.0,0
gmr72_phase_conditioned,rank_reward,side=B_side|tfc=mid|phase=q1,41,O6_phase_only,0.07988188539677467,-0.062330747425463254,0.09099908535019699,0.07738570075799621,0.13913338523245475,0.2119337503478262,0.17795191004057975,0.1662668400966127,0.1363293281743335,-0.14147841185771398,-0.18779529690049226,-0.14447881417754505,-0.07471927406677936,-0.06894006856045501,0.07988188539677467,0.0,0
gmr72_phase_conditioned,rank_reward,side=B_side|tfc=low|phase=q4,37,O4_B_C_boundary,0.1637464179541378,-0.022183963603704192,0.14953483572843432,0.14857549340498175,0.03774747200819762,0.3198486117458515,0.046734196644369834,0.1305454417935176,0.16701394867464742,-0.03869178366680405,-0.06725847329468,-0.5847241997931948,0.1637464179541378,-0.4710904684964416,-0.11253861135679837,0.0,0
gmr72_phase_conditioned,rank_reward,side=A_side|tfc=mid|phase=q1,22,O3_A_C_boundary,0.20655712276229504,0.07940009426305492,0.08151222264298238,0.17860642345270725,0.1871604082605299,0.06557548343761385,0.2504116066835027,0.09904370608926728,0.13769014943339664,-0.1834885103318897,0.18505549369895868,0.20655712276229504,-0.2532769760587658,0.16518756687537547,-0.021312698056035376,0.0,0
gmr72_phase_conditioned,rank_reward,side=A_side|tfc=low|phase=q1,19,O3_A_C_boundary,0.38161558130716083,0.25506109564331503,0.02918182124927643,0.14669329606285025,0.24132798984793188,0.22700867299721664,0.15252936399630088,0.13344595136345447,0.06981290448296947,-0.30529552032454055,0.2905866782866567,0.38161558130716083,0.29550477449031287,0.1823215188719903,0.25746007125350506,0.0,0
gmr72_phase_conditioned,rank_reward,side=B_side|tfc=mid|phase=q4,37,O6_phase_only,0.20994598085049765,0.031169088495306436,0.1310227836830134,0.1586493621489686,0.07268496883327445,0.10898599796215107,0.10186370392077107,0.2880784658963538,0.13871471755546755,-0.019966871077437193,0.0011582420658256287,-0.2478389015131377,-0.03839571179614276,-0.0459507061325528,0.20994598085049765,0.0,0
gmr72_phase_conditioned,rank_reward,side=B_side|tfc=low|phase=q4,44,O7_suppress_event,0.0,-0.10570188387618565,0.12571383632596236,0.17046610426605255,0.0400874176118724,0.19736843459815095,0.07707024069074112,0.17070738247891673,0.21858658402830394,-0.19361090626088187,-0.07906573357876359,-0.575077241316979,-0.01881499267503297,-0.3594752237311543,-0.07857069283344384,0.0,1
gmr72_phase_conditioned,rank_reward,side=A_side|tfc=low|phase=q1,25,O3_A_C_boundary,0.42014838572630053,0.2002470561099701,0.020767446133911672,0.08250792488300966,0.3913704606141225,0.14221548451313884,0.12745398583870954,0.15789649465861885,0.07778820335848877,-0.46221109233095775,-0.007142492739258061,0.42014838572630053,0.025597141197428338,0.05978952712947306,0.2200233879313215,0.0,1
gmr72_phase_conditioned,rank_reward,side=A_side|tfc=high|phase=q4,26,O5_full_TFC,0.4422092714688978,0.26158903827369956,0.14274572026981858,0.09353665089989081,0.26876638629822697,0.09480488507447667,0.30514016752093853,0.014235699774103544,0.08077049016254483,0.19930861630149893,0.040107843843526024,0.3808744362667508,0.009430525704315684,0.4422092714688978,-0.6188023204811464,0.0,1
gmr72_phase_conditioned,rank_reward,side=B_side|tfc=high|phase=q1,40,O1_lag0_AB,0.6105910406490811,0.26786097528245145,0.39456357056162195,0.09532643521804474,0.09678623641687281,0.13761872878936193,0.11312306641349361,0.09364210889820929,0.06893985370239572,0.6105910406490811,0.06659891878497383,-0.03305070912558219,0.06732581408698621,0.07846966739558991,0.06035946949451807,0.0,1
gmr72_phase_conditioned,rank_reward,side=B_side|tfc=high|phase=q4,42,O1_lag0_AB,0.4785781012932175,0.28597117708458475,0.2952521878557778,0.09649386249392371,0.18244967937060944,0.06514818231286573,0.2243432691373808,0.061089305334516945,0.07522351349492559,0.4785781012932175,0.05835939189393773,0.29411446443281253,-0.027509571286891576,0.41623214326349794,-0.101640514538733,0.0,1
gmr72_phase_conditioned,rank_reward,side=B_side|tfc=low|phase=q1,42,O4_B_C_boundary,0.28618065068476317,0.08042125982339135,0.024515345654142026,0.07939774681450425,0.09090339126904227,0.423202128012948,0.07269371872429924,0.17324041801861909,0.13604725150644514,-0.5997960458830688,-0.13727522630574016,-0.17274889035137167,0.28618065068476317,-0.315154599133508,0.13579839237552027,0.0,1
gmr72_phase_conditioned,rank_reward,side=B_side|tfc=mid|phase=q4,41,O6_phase_only,0.15908101963631205,-0.03314171434918841,0.1074372839900539,0.15815029833509253,0.0766130999599191,0.13191790322444,0.10950493624467164,0.24460553499227583,0.17177094325354703,-0.1642391070011853,0.006445664179330408,-0.2605929488799664,-0.11177418322877097,-0.18919642875613563,0.15908101963631205,0.0,1
gmr72_phase_conditioned,rank_reward,side=B_side|tfc=mid|phase=q1,51,O6_phase_only,0.20473163622806698,-0.001340506808852053,0.13563349737380517,0.11651301126657868,0.08302223967383245,0.16914646462671334,0.1511166087294986,0.2089615375656746,0.13560664076389725,6.930990054082489e-05,0.0002800977544807283,-0.23198162001810246,-0.07215426033188176,-0.08403648339682958,0.20473163622806698,0.0,1
gmr72_phase_conditioned,rank_reward,side=A_side|tfc=mid|phase=q4,27,O4_B_C_boundary,0.05119428239485678,-0.06741268543958354,0.08533183217406151,0.060570697936977745,0.15109229921871897,0.2219526619648304,0.06181903187826539,0.24233469729926857,0.17689877952787744,-0.25516054829119694,-0.4396601086165514,-0.13451782483443328,0.05119428239485678,-0.34134708967634114,0.04561789213541679,0.0,1
gmr72_phase_conditioned,rank_reward,side=A_side|tfc=low|phase=q4,28,O3_A_C_boundary,0.21139531758609223,0.02680503734557958,0.03064006465631901,0.1272091497302853,0.24820765063157568,0.2223522319263972,0.1626787875913763,0.04637918038623749,0.16253293507780903,-0.5840002712502212,-0.0007652670792062309,0.21139531758609223,0.08225214704773673,-0.05869655676217757,-0.35390893914798177,0.0,1
gmr72_phase_conditioned,rank_reward,side=A_side|tfc=high|phase=q1,23,O3_A_C_boundary,0.788834354919398,0.5638814640318691,0.25061992208765677,0.08220920416791601,0.4211605629160799,0.029799742997621035,0.08098881100148327,0.09700608560713994,0.03821567122210295,0.6582421523845516,0.20648297191673287,0.788834354919398,-0.06643067596475485,0.3215550500884503,0.26441022805664127,0.0,1
gmr72_phase_conditioned,rank_reward,side=A_side|tfc=mid|phase=q1,23,O2_lag5_AB,0.13912333683424388,-0.027713856012250303,0.11627921715066054,0.2134594670196448,0.14173046972053102,0.052034383004305414,0.16873998318131472,0.11432594960830299,0.1934305303152405,-0.17812343091610916,0.13912333683424388,0.03994097999591888,-0.4058698221683164,-0.07207268364051486,-0.07941434927823175,0.0,1
gmr72_phase_conditioned,rank_reward,side=B_side|tfc=low|phase=q4,40,O4_B_C_boundary,0.1333811818277766,-0.028137264087982436,0.16577701258734875,0.1564379223855154,0.03220184830248734,0.2746375747164775,0.07783587559014268,0.10785398789257963,0.1852557785254486,-0.03888285420343025,-0.00018314083946816066,-0.5566435221150686,0.1333811818277766,-0.33803715514628035,-0.13034146311135061,0.0,2
gmr72_phase_conditioned,rank_reward,side=A_side|tfc=low|phase=q1,27,O3_A_C_boundary,0.5967603194289904,0.3456195101417011,0.013118550835679995,0.07401397597518874,0.4448102761824052,0.09969852397065544,0.20443325214558075,0.10241281987994987,0.06151260101054005,-0.5408251539204385,0.09576231005968211,0.5967603194289904,-0.005379109382068409,0.28992200929466316,0.20942759571259517,0.0,2
gmr72_phase_conditioned,rank_reward,side=A_side|tfc=high|phase=q4,33,O3_A_C_boundary,0.5108156904766518,0.3064980033294843,0.1205560600337162,0.0815952969569257,0.4137313082361104,0.0910795673292738,0.2033157122813069,0.019350863110592663,0.07037119205207437,0.18841581417034087,-0.033926840511475743,0.5108156904766518,0.04340384811737861,0.4016451431108871,-0.5375889509656684,0.0,2
gmr72_phase_conditioned,rank_reward,side=B_side|tfc=high|phase=q1,40,O1_lag0_AB,0.5495691450570949,0.2280857879562522,0.3792675940105288,0.14242906863058724,0.09238260967292745,0.11417231793359114,0.11118001511100298,0.08167918556253109,0.07888920907883143,0.5495691450570949,0.18184400433462408,-0.06510741196167316,-0.02279745387895979,0.030697624513552447,-0.012771713835071974,0.0,2
gmr72_phase_conditioned,rank_reward,side=B_side|tfc=high|phase=q4,41,O1_lag0_AB,0.5087400015008247,0.33274394124287304,0.31395933608901433,0.14638868448474998,0.10262047760547086,0.053556881487151264,0.2548681191110445,0.055221423571899284,0.07338507765066975,0.5087400015008247,0.2973532503554275,0.21772560840970576,-0.04692809219528557,0.4397714345797804,-0.043866761852502364,0.0,2
gmr72_phase_conditioned,rank_reward,side=B_side|tfc=low|phase=q1,36,O4_B_C_boundary,0.25170522177471305,0.04126692309813998,0.04394629149577065,0.0766679034700008,0.08767482410302645,0.4291095150743789,0.08561063224217091,0.1405967192245057,0.13639411439014665,-0.39640312402198336,-0.16325697689732696,-0.2258077674893342,0.25170522177471305,-0.2791122475001474,0.048987395531782746,0.0,2
gmr72_phase_conditioned,rank_reward,side=B_side|tfc=mid|phase=q4,37,O6_phase_only,0.21713332073546965,-0.014525707590145528,0.14236901167185642,0.13410416985412457,0.08115690099262485,0.05445673422904093,0.10243120199028836,0.30282080662455185,0.18266117463751297,-0.08722369996985702,-0.06795020119510364,-0.21463321291231227,-0.3807918800714223,-0.20103433932991818,0.21713332073546965,0.0,2
gmr72_phase_conditioned,rank_reward,side=B_side|tfc=mid|phase=q1,51,O6_phase_only,0.13749403451777692,-0.023568534311692046,0.17920681049934953,0.07811300778495653,0.08788804049509728,0.20253813358603157,0.12895397969031638,0.18090149973305578,0.14239852821119295,0.0804687945279545,-0.1564345958774754,-0.2400469966549595,-0.04010218787597135,-0.1661283208968729,0.13749403451777692,0.0,2
gmr72_phase_conditioned,rank_reward,side=A_side|tfc=mid|phase=q4,26,O6_phase_only,0.09689814500792202,-0.03739072971028167,0.08773350691733575,0.055061662398014695,0.13354227609499092,0.236892915861667,0.07678624465978741,0.23590387009570588,0.1740795239724984,-0.23982291893304514,-0.4123416000625516,-0.1136175346948685,0.08914092153841298,-0.29235400387315325,0.09689814500792202,0.0,2
gmr72_phase_conditioned,rank_reward,side=A_side|tfc=low|phase=q4,26,O6_phase_only,0.07724935449242666,-0.05018201995790526,0.05317031645414441,0.14467466709078097,0.1897510475304554,0.10097856623170451,0.11323348418731814,0.19994063303398338,0.1982512854716132,-0.46061227287140405,-0.03598717495549248,0.06724038379120643,-0.22521929095237395,-0.22914232736003903,0.07724935449242666,0.0,2
gmr72_phase_conditioned,rank_reward,side=A_side|tfc=high|phase=q1,25,O1_lag0_AB,0.8185194290314817,0.5846920724467025,0.36367395198485963,0.1011799242372246,0.27966078165321684,0.06128861319588326,0.11677554668204411,0.04234119549557332,0.035079986751198285,0.8185194290314817,0.35444620218568107,0.6867611062927039,0.15629769549338882,0.4060587316423462,0.04954725148071744,0.0,2
gmr72_phase_conditioned,rank_reward,side=A_side|tfc=mid|phase=q1,19,O2_lag5_AB,0.12029461455592516,-0.038415929676400576,0.13300548939681192,0.20177927306714386,0.1351196773717379,0.045150061222682225,0.19091278786198593,0.10523396803065654,0.1887987430489817,-0.1226019182778015,0.12029461455592516,-0.023762962858148873,-0.5052769017617388,-0.0473513965168565,-0.10755127440060581,0.0,2
gmr72_phase_conditioned,rank_reward,side=B_side|tfc=low|phase=q4,37,O2_lag5_AB,0.13319783756994755,-0.004397052015351439,0.11813846265544971,0.23380817601960274,0.030938333576794128,0.25034059378917056,0.09476318341505423,0.10759367612729588,0.1644175744166328,-0.11569320992715965,0.13319783756994755,-0.5887454070552274,0.125270857678324,-0.21233055458750413,-0.13845086304735524,0.0,3
gmr72_phase_conditioned,rank_reward,side=A_side|tfc=low|phase=q1,24,O3_A_C_boundary,0.4369050013217544,0.3148516125210848,0.00706315867590241,0.09622971277989277,0.30853049406027616,0.20258587603953015,0.23754174750051663,0.1022945521813478,0.045754458762534096,-0.6539389116031444,0.21129874353638414,0.4369050013217544,0.23374231567125445,0.39228022094722464,0.23269012877596817,0.0,3
gmr72_phase_conditioned,rank_reward,side=A_side|tfc=high|phase=q4,31,O3_A_C_boundary,0.48139487931894354,0.31863823868141744,0.16372625675153832,0.08397137743043737,0.3253282283759297,0.07803071586820758,0.2606690351391055,0.013873937571571642,0.07440044886320994,0.27605686224781384,0.0019046647304688153,0.48139487931894354,0.02666368874732124,0.4730328740177705,-0.6282577039859516,0.0,3
gmr72_phase_conditioned,rank_reward,side=B_side|tfc=high|phase=q1,41,O1_lag0_AB,0.4877124439828856,0.1850678499360813,0.3463728695216893,0.10302507926047051,0.14819183857343643,0.1083498547480959,0.13564264850243304,0.07244312461815704,0.08597458477571776,0.4877124439828856,0.09321868728929111,0.09622533107991145,-0.09068701452803231,0.03152409901968657,-0.030041050918445195,0.0,3
gmr72_phase_conditioned,rank_reward,side=B_side|tfc=high|phase=q4,41,O1_lag0_AB,0.540281337777733,0.3295104785528347,0.3376482203337322,0.10663160152546076,0.1310722010871666,0.05350515877166621,0.24358128266196624,0.05544065417480525,0.07212088144520276,0.540281337777733,0.1860807318911967,0.26884888111868327,-0.0895899941909997,0.407147440916592,-0.04284263511664627,0.0,3
gmr72_phase_conditioned,rank_reward,side=B_side|tfc=low|phase=q1,36,O4_B_C_boundary,0.3828905704115339,0.19651804715497145,0.034911791365034014,0.06328956926872784,0.06266728759532841,0.38308283487196165,0.04297976949055683,0.2976130136610344,0.11545573374735685,-0.41862189785251497,-0.1855007399995878,-0.2138666657233397,0.3828905704115339,-0.3827420304733711,0.3563249841657058,0.0,3
gmr72_phase_conditioned,rank_reward,side=B_side|tfc=mid|phase=q4,37,O6_phase_only,0.10497299042524882,-0.0037528910766356643,0.20778868144965207,0.18685120214335946,0.05292436924439246,0.042617767545621014,0.10894938839457098,0.21754846865188487,0.18332012257051924,0.04385068815571118,0.05173481227354484,-0.29390635966777134,-0.36475926206335557,-0.13095951247777535,0.10497299042524882,0.0,3
gmr72_phase_conditioned,rank_reward,side=B_side|tfc=mid|phase=q1,45,O6_phase_only,0.11461495399023462,-0.02188517709335849,0.1733913046471642,0.0915055713026183,0.13605097114372147,0.14317777868708306,0.15584982060339078,0.1597065241555447,0.14031802946047736,0.07407380103804984,-0.0803133628014351,-0.06653629600281678,-0.1508098235548494,-0.09650073757337307,0.11461495399023462,0.0,3
gmr72_phase_conditioned,rank_reward,side=A_side|tfc=mid|phase=q4,22,O4_B_C_boundary,0.0455949077579193,-0.10105128641787742,0.07492992478590513,0.04772420426643268,0.16724366964484064,0.24635276035701018,0.09844845030282326,0.15577239419430472,0.2095285964486834,-0.3599074108086103,-0.5288691214659713,-0.09663604895647201,0.0455949077579193,-0.2643645076114687,-0.11483408952580249,0.0,3
gmr72_phase_conditioned,rank_reward,side=A_side|tfc=low|phase=q4,31,O3_A_C_boundary,0.06649718001457296,-0.09025292886608918,0.04720837193418354,0.12576814522766755,0.20255247976731916,0.1742490950764076,0.13077279706456246,0.09722298793959033,0.22222612299026942,-0.54219346550531,-0.08801394278698635,0.06649718001457296,-0.09954443798999958,-0.24771383354360557,-0.17811546117316415,0.0,3
gmr72_phase_conditioned,rank_reward,side=A_side|tfc=high|phase=q1,25,O1_lag0_AB,0.7879787144571512,0.5488583159848761,0.37200844761261054,0.14347099118547388,0.2031067532311156,0.043651816257116165,0.1074980076206234,0.09110817440405865,0.03915580968900176,0.7879787144571512,0.43997755273829625,0.5927194677738848,0.09218680561682562,0.3961410375687368,0.2810476863651995,0.0,3
gmr72_phase_conditioned,rank_reward,side=A_side|tfc=mid|phase=q1,23,O2_lag5_AB,0.1416076821348554,3.71343326619495e-05,0.07081202786737867,0.21187625414804717,0.1580028202313823,0.045845666327307334,0.2353594582944226,0.08665803448770273,0.19144573864375916,-0.3481014417816974,0.1416076821348554,0.09927637816293297,-0.4268323294671196,0.05698054048502227,-0.17130374959250752,0.0,3
gmr72_phase_conditioned,rank_reward,side=B_side|tfc=low|phase=q4,42,O4_B_C_boundary,0.08520529870810668,-0.08085739548085044,0.12879784624508958,0.16488741782784225,0.037677154249938574,0.22690938266615826,0.10318267632227875,0.12046641262411326,0.21807911006457928,-0.1843148283669095,-0.06375981323337679,-0.5334638476698503,0.08520529870810668,-0.241549413151669,-0.17362199368747502,0.0,4
gmr72_phase_conditioned,rank_reward,side=A_side|tfc=low|phase=q1,25,O3_A_C_boundary,0.5614597192558176,0.31761012867430355,0.020444522292584557,0.07121857682538417,0.4799603248776288,0.1256167458763464,0.17321455406544836,0.07565998730702518,0.05388528875558244,-0.33919988085101493,0.07428192448828376,0.5614597192558176,0.025393989283163082,0.22725687562956143,0.09545543929335955,0.0,4
gmr72_phase_conditioned,rank_reward,side=A_side|tfc=high|phase=q4,28,O5_full_TFC,0.4953786988807907,0.352346376269025,0.12028352953074443,0.04048326543254104,0.23459508709702775,0.24752293584742135,0.2743446661725373,0.0146910275053956,0.06807948841433249,0.1992115062760158,-0.1970798922498982,0.4158811870087879,0.4484518756843592,0.4953786988807907,-0.5518580068070225,0.0,4
gmr72_phase_conditioned,rank_reward,side=B_side|tfc=high|phase=q1,41,O1_lag0_AB,0.539764712442163,0.22940100092092616,0.3776534490320749,0.08870809340385094,0.1337201917537046,0.10930364186932116,0.129558890740748,0.08027067049682415,0.08078506270347627,0.539764712442163,0.027471125920223355,0.0962507036128264,-0.00987318303329393,0.09209287354065761,-0.007510262729611344,0.0,4
gmr72_phase_conditioned,rank_reward,side=B_side|tfc=high|phase=q4,37,O1_lag0_AB,0.519223568251866,0.3138654411739766,0.3178579165536401,0.16419493272743307,0.10893496240891692,0.03148287650983944,0.21655003832560404,0.08887534203835372,0.07210393143621281,0.519223568251866,0.2659048011215213,0.14684454914653408,-0.24658579353522744,0.4266632470850692,0.05106794128795887,0.0,4
gmr72_phase_conditioned,rank_reward,side=B_side|tfc=low|phase=q1,42,O4_B_C_boundary,0.41647240542843045,0.17727780953190578,0.02495814576173088,0.08904894395769784,0.0549789666849727,0.531544589491583,0.08037611939044081,0.11034784531663192,0.10874538939694285,-0.5151331571297019,-0.028569970957032217,-0.2994846922614989,0.41647240542843045,-0.21597765839741503,0.046488038616895884,0.0,4
gmr72_phase_conditioned,rank_reward,side=B_side|tfc=mid|phase=q4,44,O6_phase_only,0.15189273614562523,0.00886428179645073,0.12866428557552625,0.21353525220787745,0.07989739102999997,0.07159658191941459,0.11880523484865829,0.22814677792292481,0.15935447649559867,-0.07487359528429129,0.12872719868708268,-0.18939961507680125,-0.24032871457585608,-0.09515190255686846,0.15189273614562523,0.0,4
gmr72_phase_conditioned,rank_reward,side=B_side|tfc=mid|phase=q1,52,O6_phase_only,0.11587403173864003,-0.028783792335186197,0.11649125285980226,0.08745880170829941,0.09582616884269173,0.2511600699770569,0.1331972011227737,0.16834296354992279,0.14752354193945313,-0.08266005369120834,-0.11331839442092109,-0.1937772043698322,0.04377482117821089,-0.1589828157129403,0.11587403173864003,0.0,4
gmr72_phase_conditioned,rank_reward,side=A_side|tfc=mid|phase=q4,23,O6_phase_only,0.0575069425807885,-0.05618818403689499,0.0465904575913431,0.04713750210687967,0.1855303464793011,0.18528009758614844,0.09032484160615072,0.24274483906582012,0.20239191556435696,-0.5140835862074075,-0.5161227362020387,-0.009857229037454325,0.014220633998571274,-0.2510223810556392,0.0575069425807885,0.0,4
gmr72_phase_conditioned,rank_reward,side=A_side|tfc=low|phase=q4,27,O4_B_C_boundary,0.10943705294552739,-0.020348994363455143,0.055011676445355276,0.11845100957340857,0.16235220566502687,0.22922494919987388,0.15856045405913066,0.09934434805285808,0.17705535700434663,-0.40912094069265803,-0.07010224355197721,0.05455149734392435,0.10943705294552739,-0.06559321477254836,-0.1316698250272257,0.0,4
gmr72_phase_conditioned,rank_reward,side=A_side|tfc=high|phase=q1,20,O1_lag0_AB,0.7168584393141496,0.49659332522886385,0.4022933223606436,0.1393739788890385,0.21014026832557303,0.025874003637008963,0.10821175628124972,0.062222460209082224,0.05188421029740416,0.7168584393141496,0.35223766824656844,0.577821378338395,-0.10263951715439452,0.3325969548256831,0.06998199361683252,0.0,4
gmr72_phase_conditioned,rank_reward,side=A_side|tfc=mid|phase=q1,17,O3_A_C_boundary,0.09660084456705248,-0.017744001227406166,0.12127022225869898,0.16438068322450963,0.1933146005641503,0.05090764129635457,0.16259924568204248,0.14009023588980576,0.16743737108443826,-0.11290582798108352,0.019326745059168832,0.09660084456705248,-0.385379181361284,-0.007084067195435286,-0.036637631952341744,0.0,4
gmr72_phase_conditioned,gmr72_bridge_composite,side=B_side|tfc=high|phase=q1,38,O1_lag0_AB,0.0719528898520813,-0.06409061276723788,0.1575557184605616,0.12743941643144932,0.15978330204144436,0.17983688116944488,0.13553003877755657,0.11157668229461876,0.1282779608249245,0.0719528898520813,-0.06235706992245571,-0.12224048427607684,-0.11314470435572094,-0.11401278855924449,-0.10888221933597443,0.0,0
gmr72_phase_conditioned,gmr72_bridge_composite,side=A_side|tfc=high|phase=q4,30,O5_full_TFC,0.16057362496795685,0.05563312050982744,0.15992142450374283,0.12091207835232201,0.1945188000413167,0.13448119189772592,0.19131444938993591,0.07835956614499372,0.12049248966996295,0.09908331060483637,-0.024637165083098402,0.1255969154667327,0.010723908674381168,0.16057362496795685,-0.17645162505439538,0.0,0
gmr72_phase_conditioned,gmr72_bridge_composite,side=A_side|tfc=low|phase=q4,28,O3_A_C_boundary,0.2000067355195265,0.10854603850839734,0.1088160850721768,0.1689904328133056,0.17786338884899056,0.13672997554802607,0.1453545977505445,0.15067999185551814,0.11156552811143823,-0.008733532538424784,0.16631472252916238,0.2000067355195265,0.09553024602573047,0.09454780330931296,0.12617540163750923,0.0,0
gmr72_phase_conditioned,gmr72_bridge_composite,side=A_side|tfc=high|phase=q1,23,O1_lag0_AB,0.2635062075827513,0.15610730701065698,0.18813250698432893,0.15182538311004268,0.215243882334307,0.10026186563722439,0.12343895846835565,0.13248501609626676,0.08861238736947476,0.2635062075827513,0.13083732750504493,0.24856479556687325,0.03481432817087704,0.15117287855482112,0.0831457982417653,0.0,0
gmr72_phase_conditioned,gmr72_bridge_composite,side=B_side|tfc=high|phase=q4,35,O5_full_TFC,0.3153783744782069,0.12834734784971746,0.16663611562756717,0.1446312595675183,0.09984133434623726,0.09663882583386633,0.24370082949638688,0.1359147665164714,0.11263686861195259,0.13707518813045652,0.09524757776656281,0.017442474846894193,0.03251102880207408,0.3153783744782069,0.07349175505324759,0.0,0
gmr72_phase_conditioned,gmr72_bridge_composite,side=B_side|tfc=low|phase=q1,44,O4_B_C_boundary,0.049597475511119864,-0.04444577311772409,0.08145469650295768,0.12011516798610587,0.1443277205332617,0.23545681581444333,0.13508339306771244,0.13285228646450015,0.15070991963101882,-0.21535847640949085,-0.067497694395922,-0.07498989488983648,0.049597475511119864,-0.11378493371589343,-0.032222290882656386,0.0,0
gmr72_phase_conditioned,gmr72_bridge_composite,side=A_side|tfc=mid|phase=q4,22,O7_suppress_event,0.0,-0.1881359223887477,0.12053313352391934,0.11557374081538302,0.11190585920242424,0.09848589592318566,0.12605677045923944,0.15367854612340479,0.27376605395244347,-0.28712223464702014,-0.3448000320837918,-0.29273205405793,-0.23153216566758572,-0.16227508984383598,-0.24506603298403445,0.0,0
gmr72_phase_conditioned,gmr72_bridge_composite,side=B_side|tfc=mid|phase=q1,41,O7_suppress_event,0.0,-0.08569254610466276,0.10235717427191122,0.09842087258835502,0.14160615796029405,0.21236520664388958,0.16998436153946664,0.13180275904347713,0.14346346795260648,-0.11816420662737767,-0.12148991518727366,-0.15616543495227256,-0.09185989296991919,-0.1028249120063795,-0.019271136270821793,0.0,0
gmr72_phase_conditioned,gmr72_bridge_composite,side=B_side|tfc=low|phase=q4,37,O4_B_C_boundary,0.0693492495103431,-0.012762038201148077,0.14354392238479352,0.14794399586633142,0.1111926179872757,0.20188349106331516,0.121921585181056,0.13546293113266783,0.13805145638456043,0.013655102892906813,-0.002091469435900569,-0.13994548298379758,0.0693492495103431,-0.0688169952548318,-0.03293898681001485,0.0,0
gmr72_phase_conditioned,gmr72_bridge_composite,side=A_side|tfc=mid|phase=q1,22,O3_A_C_boundary,0.09711114945069377,0.015060207842848365,0.12856246883277825,0.13594978590107126,0.15035998602004141,0.1409127820478624,0.19022917007667905,0.10275987980393511,0.1512259273176325,-0.05682600036008707,0.05672165995757938,0.09711114945069377,-0.01836741492425822,0.0361616256506421,-0.04124004782971246,0.0,0
gmr72_phase_conditioned,gmr72_bridge_composite,side=A_side|tfc=low|phase=q1,19,O6_phase_only,0.09617255480018823,0.04833989831692377,0.08258931801654158,0.12804911122375978,0.152749503166471,0.1896933073739292,0.19339689570534613,0.1385821920724468,0.11493967244150541,-0.11568446852320047,0.06850515195778599,0.04703442912266392,0.058145918449665344,0.09090112366160903,0.09617255480018823,0.0,0
gmr72_phase_conditioned,gmr72_bridge_composite,side=B_side|tfc=mid|phase=q4,37,O5_full_TFC,0.05013724503818775,-0.00595239246650602,0.1307067287795834,0.16883117675608011,0.12394978587461283,0.1185019739106039,0.14003789723442345,0.17305563146290823,0.1449168059817881,-0.03612130339246602,0.007620071737215924,-0.07633836588429545,-0.024406278476644828,0.05013724503818775,0.016269919386110093,0.0,0
gmr72_phase_conditioned,gmr72_bridge_composite,side=B_side|tfc=low|phase=q4,44,O4_B_C_boundary,0.0005265926453377862,-0.041301136454518016,0.13410982741837665,0.15505262008090778,0.10488693531114195,0.15823225718825512,0.13952236512410085,0.14237443715297166,0.16582155772424595,-0.07428861469940597,-0.015541428816363386,-0.14174560183421814,0.0005265926453377862,-0.05505305183493655,-0.045397855140692875,0.0,1
gmr72_phase_conditioned,gmr72_bridge_composite,side=A_side|tfc=low|phase=q1,25,O3_A_C_boundary,0.07208681981812042,-0.025151388247043452,0.07209112030818347,0.10091255101309975,0.23466234996140564,0.1805154761582274,0.13251484809903796,0.15322014006660975,0.12608351439343587,-0.19565476746494054,-0.10570065377129786,0.07208681981812042,-0.0599714179211855,-0.09561586704757474,0.04046683657963834,0.0,1
gmr72_phase_conditioned,gmr72_bridge_composite,side=A_side|tfc=high|phase=q4,26,O5_full_TFC,0.24866176233048193,0.1324072562600115,0.16752438109883258,0.13325063628680553,0.16984147708732525,0.14754664894593741,0.20986429580080965,0.07540002076176291,0.09657254001852658,0.1927920622188619,0.10142635022437771,0.157693508543154,0.10170476847568927,0.24866176233048193,-0.09787215050605484,0.0,1
gmr72_phase_conditioned,gmr72_bridge_composite,side=B_side|tfc=high|phase=q1,40,O1_lag0_AB,0.1283686526078502,-0.006241543002999558,0.1697873872183717,0.12193596634098487,0.15137168839749787,0.1838846073131833,0.1435948557783667,0.11176781252710764,0.1176576824244879,0.1283686526078502,-0.034325714054437774,-0.06360971543796524,-0.018327436443898233,-0.02513924000840848,-0.06480106241179732,0.0,1
gmr72_phase_conditioned,gmr72_bridge_composite,side=B_side|tfc=high|phase=q4,42,O5_full_TFC,0.26881756875752655,0.10270090068944154,0.20253326790038367,0.13254974043510473,0.13489261855430384,0.09724612790661978,0.21909068256535782,0.1017482638218184,0.11193929881641161,0.20753159331127677,0.03035438034335762,0.0492935770373362,-0.026428815141136097,0.26881756875752655,-0.06220529437843628,0.0,1
gmr72_phase_conditioned,gmr72_bridge_composite,side=B_side|tfc=low|phase=q1,42,O4_B_C_boundary,0.026215214317586655,-0.052859139292447774,0.08123646263466558,0.10992079256128603,0.13110302540606456,0.2356087329224706,0.1431985992699745,0.13974480622228172,0.15918758098325714,-0.23545167375353632,-0.0784020587819824,-0.09956208404161519,0.026215214317586655,-0.13284082642557726,0.005618208938252376,0.0,1
gmr72_phase_conditioned,gmr72_bridge_composite,side=B_side|tfc=mid|phase=q4,41,O6_phase_only,0.08669694155651701,0.03287326441706667,0.12947434160936006,0.1466817593573156,0.12603953927170908,0.15596611557685972,0.1557568250934255,0.15351207271017905,0.1325693463811509,-0.008268102574597452,0.07076708500782389,0.0043162999792740915,0.037506059269123045,0.024787388847315486,0.08669694155651701,0.0,1
gmr72_phase_conditioned,gmr72_bridge_composite,side=B_side|tfc=mid|phase=q1,51,O6_phase_only,0.08703969200702734,-0.007411075385739863,0.13311131368414456,0.1115722496568398,0.12355458624680117,0.19017731059953225,0.16600320890843223,0.14440842050820316,0.13117291039604675,0.005134270267380334,-0.003250920464373308,-0.08119584485100985,-0.019502421785066837,-0.03951742669782251,0.08703969200702734,0.0,1
gmr72_phase_conditioned,gmr72_bridge_composite,side=A_side|tfc=mid|phase=q4,27,O7_suppress_event,0.0,-0.1409317392330935,0.09975859118580538,0.11033895685060768,0.16281179738081764,0.14769343485037412,0.12550732220045657,0.15332168211981492,0.20056821541212372,-0.2444404326489519,-0.2737009247903842,-0.15232326990744485,-0.13532145220863173,-0.1374454506892464,-0.158557519522515,0.0,1
gmr72_phase_conditioned,gmr72_bridge_composite,side=A_side|tfc=low|phase=q4,28,O3_A_C_boundary,0.2736864526245542,0.1333362105670235,0.10456240893530332,0.14458638066843302,0.1945650544650702,0.18719185553197867,0.17491801053319905,0.08754181454275671,0.10663447532325912,-0.0068679659640376945,0.19156614834460722,0.2736864526245542,0.1695229293958629,0.11420817366690172,0.015949952576858245,0.0,1
gmr72_phase_conditioned,gmr72_bridge_composite,side=A_side|tfc=high|phase=q1,23,O3_A_C_boundary,0.3158553808622741,0.21187698531162755,0.18465753990151829,0.1470210753488862,0.22203034525520524,0.08500748868507553,0.10792887313562222,0.17553346211971052,0.07782121555398201,0.30243111025249864,0.1610320639597142,0.3158553808622741,0.05154423386786099,0.17315260153613507,0.22307087500980258,0.0,1
gmr72_phase_conditioned,gmr72_bridge_composite,side=A_side|tfc=mid|phase=q1,23,O2_lag5_AB,0.002495444775850793,-0.049199262265845395,0.14961581814032796,0.1430435971140566,0.12301603709236454,0.11214897726095384,0.1700207135977707,0.11063598872811836,0.19151886806640808,-0.08642043737118658,0.002495444775850793,-0.006147133266792026,-0.13362038671693546,-0.06594999179409179,-0.08742096473996556,0.0,1
gmr72_phase_conditioned,gmr72_bridge_composite,side=B_side|tfc=low|phase=q4,40,O4_B_C_boundary,0.007645799544074569,-0.04499456699801752,0.14483037847648056,0.1382042508214018,0.09209652808224245,0.17871734217335888,0.16165287188273436,0.11183686590320738,0.17266176266057456,-0.061519954143401515,-0.01891643397668667,-0.16421781750381545,0.007645799544074569,-0.0575990515595049,-0.09300842897602221,0.0,2
gmr72_phase_conditioned,gmr72_bridge_composite,side=A_side|tfc=low|phase=q1,27,O3_A_C_boundary,0.1042573324676475,0.006247001550650413,0.0693814316981416,0.09581451687079669,0.2172213338449422,0.16810779335013387,0.19608869127456716,0.1306960427205182,0.12269019024090021,-0.19951509285822605,-0.05552871947514522,0.1042573324676475,-0.06416714725600076,0.03368882421126481,0.05313232812436322,0.0,2
gmr72_phase_conditioned,gmr72_bridge_composite,side=A_side|tfc=high|phase=q4,33,O3_A_C_boundary,0.0948214729262888,0.017929393984727565,0.1354944883448744,0.13755626751461308,0.21844834105100258,0.14124583892267556,0.14445952524788916,0.10083815215678175,0.12195738676216351,0.036840743865757426,-0.04359604290782688,0.0948214729262888,0.004512093337718339,0.08956821820358767,-0.15227673882261755,0.0,2
gmr72_phase_conditioned,gmr72_bridge_composite,side=B_side|tfc=high|phase=q1,40,O1_lag0_AB,0.08149617269352816,-0.02851260250133355,0.16515603015581332,0.133376372152786,0.1433301217696962,0.16869812298477133,0.1458622678239851,0.11272802360460525,0.1308490615083429,0.08149617269352816,-0.01824018750090826,-0.08848329794399991,-0.06325675739996128,-0.051373121340632544,-0.07710912025038516,0.0,2
gmr72_phase_conditioned,gmr72_bridge_composite,side=B_side|tfc=high|phase=q4,41,O5_full_TFC,0.5175472996443041,0.29794778858828674,0.18910463381314857,0.13480458382745936,0.0966441697803611,0.08450784165254448,0.33556265382788975,0.08200865460080327,0.07736746249779347,0.3128069591091898,0.25000356963098813,0.17822904757944333,0.09421092622969332,0.5175472996443041,0.07605307369929903,0.0,2
gmr72_phase_conditioned,gmr72_bridge_composite,side=B_side|tfc=low|phase=q1,36,O7_suppress_event,0.0,-0.08789849578328113,0.09054816345338715,0.10600732933294849,0.14012733080698161,0.2333205357736161,0.13679546112566596,0.127856875863779,0.16534430364362146,-0.2107518302897618,-0.1172166852793621,-0.12905540144844965,-0.028917904837571593,-0.18244366564124678,-0.0516255496592245,0.0,2
gmr72_phase_conditioned,gmr72_bridge_composite,side=B_side|tfc=mid|phase=q4,37,O6_phase_only,0.09630502137145397,0.014320670214141294,0.15663631322773036,0.1446007305108565,0.11509362629283278,0.10734407636727183,0.15161377044653415,0.17533951777052226,0.14937196538425218,0.016620462197445517,0.02884327938437779,-0.02193898621605434,-0.07285272822661677,0.006634049902499747,0.09630502137145397,0.0,2
gmr72_phase_conditioned,gmr72_bridge_composite,side=B_side|tfc=mid|phase=q1,51,O6_phase_only,0.08359733258736225,0.016120567448519328,0.14600570965116735,0.10021935336747954,0.13016316785165952,0.20615709757781733,0.16602288534200657,0.1310764628038053,0.12035532340606434,0.0676190662656097,-0.010349499786436527,-0.04372978088739999,0.02495986242964951,-0.0188303604342656,0.08359733258736225,0.0,2
gmr72_phase_conditioned,gmr72_bridge_composite,side=A_side|tfc=mid|phase=q4,26,O7_suppress_event,0.0,-0.11839967295306916,0.11004632713494034,0.10024979629501998,0.14954134121884205,0.15954929232837517,0.13131381088488128,0.14962110057031908,0.19967833156762207,-0.2085322038492052,-0.2506360553659451,-0.1220317861934897,-0.09721685510631002,-0.15257487386112784,-0.11048168157555441,0.0,2
gmr72_phase_conditioned,gmr72_bridge_composite,side=A_side|tfc=low|phase=q4,26,O3_A_C_boundary,0.10341758340704077,0.038462977969028714,0.12335166596408953,0.15085379111493727,0.14890712950543533,0.13224539156267476,0.15249431773031746,0.15184787067658126,0.14029983344596447,-0.045059857886366746,0.09966480836797545,0.10341758340704077,-0.009792719613537877,-0.003942191206461516,0.101963633523433,0.0,2
gmr72_phase_conditioned,gmr72_bridge_composite,side=A_side|tfc=high|phase=q1,25,O1_lag0_AB,0.37598074043841256,0.22330639294342053,0.21955465412377925,0.13608943165478793,0.1836758157010445,0.12376923849435863,0.14305161067026678,0.1188680692309887,0.07499118012477424,0.37598074043841256,0.19228146406288707,0.27371044009052686,0.13637746760397584,0.21118295705000803,0.14492715035987605,0.0,2
gmr72_phase_conditioned,gmr72_bridge_composite,side=A_side|tfc=mid|phase=q1,19,O2_lag5_AB,0.03136336027647608,-0.020658196032704676,0.14799692220752297,0.13720349383816563,0.13318422868346172,0.13324497640776337,0.18545807077418053,0.09739733179271888,0.16551497629618678,-0.03915457150006574,0.03136336027647608,0.01725436916522878,-0.08044072770730253,-0.011430189030456924,-0.08856986723283326,0.0,2
gmr72_phase_conditioned,gmr72_bridge_composite,side=B_side|tfc=low|phase=q4,37,O4_B_C_boundary,0.0258531142957391,-0.038004905019463325,0.12967500416928895,0.15978941966882862,0.0951177208750275,0.18354370082216714,0.1480909908968333,0.12363642714988295,0.16014673641797145,-0.07387070081131737,0.009183976419216238,-0.1864420414657379,0.0258531142957391,-0.04686287645412313,-0.08059508416325782,0.0,3
gmr72_phase_conditioned,gmr72_bridge_composite,side=A_side|tfc=low|phase=q1,24,O5_full_TFC,0.03976055118306639,-0.006508338018185055,0.049637296872669566,0.10613756914341269,0.21879690165331653,0.2095237057326993,0.19321256307377982,0.1207976777678814,0.10189428575624075,-0.2517176751065943,-0.03462830681170865,0.03639181472042835,-0.03469844588975556,0.03976055118306639,0.01065503855553257,0.0,3
gmr72_phase_conditioned,gmr72_bridge_composite,side=A_side|tfc=high|phase=q4,31,O5_full_TFC,0.17287266372410276,0.05262573006034443,0.17102588778401437,0.13475975210166122,0.17964929911440225,0.12483426569176728,0.18445326199105128,0.08116270814595777,0.12411482517114579,0.11221272615929077,-0.011649991264655272,0.09444427134618531,0.012012432929737719,0.17287266372410276,-0.18911318507213465,0.0,3
gmr72_phase_conditioned,gmr72_bridge_composite,side=B_side|tfc=high|phase=q1,41,O1_lag0_AB,0.14221429023807816,0.026823195292887052,0.17105311799309497,0.11430563150778589,0.1573810296275654,0.18343030624266354,0.16081498243469114,0.09907771204383979,0.11393722015035937,0.14221429023807816,0.031026320342799934,0.018723534274807073,-0.0049812769617363665,-0.007453716024585819,-0.0190136440284634,0.0,3
gmr72_phase_conditioned,gmr72_bridge_composite,side=B_side|tfc=high|phase=q4,41,O5_full_TFC,0.39640365550741435,0.1919609956883373,0.19388053906096353,0.11968265534815141,0.10283550796566483,0.08566041797343196,0.319300534376245,0.08115303420083655,0.09748731107470676,0.24063198762642443,0.12101054389000308,0.07845020074911822,-0.030358034619430447,0.39640365550741435,-0.01496691232473954,0.0,3
gmr72_phase_conditioned,gmr72_bridge_composite,side=B_side|tfc=low|phase=q1,36,O6_phase_only,0.04760502301823194,-0.07144002866067942,0.0977125433206068,0.11014651926217926,0.11321482094644535,0.19655813143630943,0.10895010528443562,0.1927608377873561,0.18065704196266752,-0.21509967541618555,-0.14826854482474922,-0.16355967382841738,-0.007361621350125483,-0.2138854892832908,0.04760502301823194,0.0,3
gmr72_phase_conditioned,gmr72_bridge_composite,side=B_side|tfc=mid|phase=q4,37,O7_suppress_event,0.0,-0.038580517548357694,0.17470227361608268,0.1527548792259177,0.08944776639255261,0.08359372626777647,0.15832602732393067,0.15196490705655027,0.18921042011718955,-0.027921774390567655,-0.02985153557838318,-0.12129856112667181,-0.14003426285405354,-0.011208019818657957,-0.03166625776671228,0.0,3
gmr72_phase_conditioned,gmr72_bridge_composite,side=B_side|tfc=mid|phase=q1,45,O6_phase_only,0.07963038319171062,0.015783371118993497,0.14529384539267293,0.1063615389830041,0.1414124439213078,0.18788976082311226,0.17058729450825086,0.1260579501518288,0.12239716621982318,0.06002044780796792,0.020166192663325783,-0.005184299464958555,-0.007866808706163544,-0.017052638369409772,0.07963038319171062,0.0,3
gmr72_phase_conditioned,gmr72_bridge_composite,side=A_side|tfc=mid|phase=q4,22,O7_suppress_event,0.0,-0.17369739154844582,0.10039299476535457,0.09190192568652485,0.14326941551390002,0.1574668239933408,0.138069218716179,0.12758358291016902,0.24131603841453178,-0.3069552519430295,-0.3489564939507088,-0.2002263101585618,-0.16048400993552955,-0.19542330248561382,-0.23413909238437042,0.0,3
gmr72_phase_conditioned,gmr72_bridge_composite,side=A_side|tfc=low|phase=q4,31,O3_A_C_boundary,0.22835507562213106,0.10961392391683311,0.11845866718621037,0.13272814388598175,0.16788485798584724,0.16842175969479747,0.17468638346856982,0.12182790418093598,0.11599228359765744,0.007364151000497942,0.1583981945535602,0.22835507562213106,0.11611058857114062,0.08118207476898977,0.12840544225196074,0.0,3
gmr72_phase_conditioned,gmr72_bridge_composite,side=A_side|tfc=high|phase=q1,25,O1_lag0_AB,0.3692503010214132,0.23389754042580027,0.22670105499210005,0.17271423576926337,0.15277299016809043,0.09699778637331084,0.12062066252045012,0.151257747455618,0.07893552272116702,0.3692503010214132,0.25952560468471003,0.24766805908417563,0.12626305842143182,0.19107454759217185,0.21309702180706266,0.0,3
gmr72_phase_conditioned,gmr72_bridge_composite,side=A_side|tfc=mid|phase=q1,23,O3_A_C_boundary,0.032926364049150954,-0.041613586319499705,0.12619909142127875,0.14730865910325866,0.13127960355089052,0.11664626951100217,0.18377779653024442,0.10252015677295935,0.19226842311036615,-0.14736108875259518,0.012891575898895636,0.032926364049150954,-0.1014802644380382,-0.031105558429088288,-0.11397316089224833,0.0,3
gmr72_phase_conditioned,gmr72_bridge_composite,side=B_side|tfc=low|phase=q4,42,O4_B_C_boundary,0.002895665132134448,-0.051252089892963634,0.1396555809160221,0.14821420574470817,0.09231004830315832,0.1511097309731414,0.15378146618285846,0.13119593524691833,0.18373303263319307,-0.09600658873073942,-0.041090407236300544,-0.15984823770924678,0.002895665132134448,-0.04190743119574363,-0.0837787413216448,0.0,4
gmr72_phase_conditioned,gmr72_bridge_composite,side=A_side|tfc=low|phase=q1,25,O3_A_C_boundary,0.09916870173698249,0.004065607212918366,0.07048699387819032,0.09404147960215777,0.24531325234412482,0.18592620290336212,0.1767397580246863,0.12430751748928244,0.1031847957581962,-0.13338265691363388,-0.05580668697965091,0.09916870173698249,-0.06474842156666237,0.00692603920094713,0.04185119431367454,0.0,4
gmr72_phase_conditioned,gmr72_bridge_composite,side=A_side|tfc=high|phase=q4,28,O5_full_TFC,0.15731746630563098,0.015352024282810003,0.15809447749996589,0.09838564098527951,0.15217042974276396,0.1564895628635413,0.2166155546445242,0.0770264284386553,0.14121790582526988,0.03951103952895566,-0.14164758529049082,0.009010382663796628,0.032602144159388766,0.15731746630563098,-0.2273087829484659,0.0,4
gmr72_phase_conditioned,gmr72_bridge_composite,side=B_side|tfc=high|phase=q1,41,O1_lag0_AB,0.18879117257897904,0.07859563336261192,0.17520551303969498,0.1197453442420718,0.16039516860335373,0.1731963847020902,0.1521273515531241,0.11716859478890414,0.1021616430707611,0.18879117257897904,0.05030933037080003,0.07774510619117925,0.06906308479750344,0.0661292654849797,0.042695613115569964,0.0,4
gmr72_phase_conditioned,gmr72_bridge_composite,side=B_side|tfc=high|phase=q4,37,O5_full_TFC,0.43256633772569913,0.20291711536298365,0.18027686888779218,0.16092780186610417,0.10912174934727963,0.07008792785466379,0.27568310560657605,0.11364447833957365,0.09025806809801046,0.24213729371845918,0.18027277651289994,0.06884662085225432,-0.04507597076455079,0.43256633772569913,0.05851447395323402,0.0,4
gmr72_phase_conditioned,gmr72_bridge_composite,side=B_side|tfc=low|phase=q1,42,O4_B_C_boundary,0.1312191917605397,0.013831836682619485,0.08124097813039835,0.11561670963587507,0.1284108781613192,0.2745203282722217,0.14397851789549768,0.12935069450580047,0.12688189339888745,-0.15604291635749595,0.008826456056244493,-0.05657173786494325,0.1312191917605397,-0.06593280196739477,0.04811283080639266,0.0,4
gmr72_phase_conditioned,gmr72_bridge_composite,side=B_side|tfc=mid|phase=q4,44,O2_lag5_AB,0.05991474451235117,0.010514277263622793,0.15916444988972792,0.16326655036503993,0.11192641595077171,0.10894188273571286,0.15483782684919495,0.15355054934210435,0.14831232486744836,0.024716156640265465,0.05991474451235117,-0.046281382837785476,-0.06827641486179134,0.02269435736809472,0.03844073285634302,0.0,4
gmr72_phase_conditioned,gmr72_bridge_composite,side=B_side|tfc=mid|phase=q1,52,O6_phase_only,0.031122604610843648,-0.038935440906565574,0.1278433532657878,0.10319183320014735,0.12283995182611433,0.2047764756043627,0.1639460832231386,0.13107118887716435,0.14633111400328483,-0.04727318616189297,-0.052580206148232445,-0.10401539729841473,-0.024844650064045688,-0.08344487805311335,0.031122604610843648,0.0,4
gmr72_phase_conditioned,gmr72_bridge_composite,side=A_side|tfc=mid|phase=q4,23,O7_suppress_event,0.0,-0.09723300396967251,0.0945200183421893,0.10648436197470613,0.16562766795394007,0.13468513505652666,0.16011730866651158,0.13724362874149343,0.20132187926463294,-0.26463267957132425,-0.22904216328236712,-0.04771854181449976,-0.0955491738792565,-0.04879406823234957,-0.14022633126998574,0.0,4
gmr72_phase_conditioned,gmr72_bridge_composite,side=A_side|tfc=low|phase=q4,27,O3_A_C_boundary,0.16846710341106055,0.10603276601857513,0.12667022203057254,0.13542180531884798,0.14731058767509803,0.16498009664549898,0.17371585153498728,0.1358812279866942,0.11602020880830093,0.03073792488314253,0.12470530041786063,0.16846710341106055,0.14227372157650636,0.1143008486315631,0.12589067667766565,0.0,4
gmr72_phase_conditioned,gmr72_bridge_composite,side=A_side|tfc=high|phase=q1,20,O1_lag0_AB,0.38349738640922854,0.2607332289808898,0.2403979859647652,0.17530814379848353,0.1527565706272005,0.08238633351409677,0.13538457670766532,0.13340056576749648,0.08036582362029211,0.38349738640922854,0.2793711457060479,0.3130449310076341,0.1495726976161941,0.25785618220225726,0.18375504029891282,0.0,4
gmr72_phase_conditioned,gmr72_bridge_composite,side=A_side|tfc=mid|phase=q1,17,O7_suppress_event,0.0,-0.1340345832051935,0.12743058614777902,0.13635136152135166,0.15024441628468316,0.11042652754687413,0.132309629758962,0.11659240297938094,0.2266450757609693,-0.20153470994752118,-0.15207726952377615,-0.09759013851953593,-0.2203326629612782,-0.18520591873684739,-0.20687011164430522,0.0,4
fes_string_conditioned,z_reward,fes=Surprise,122,O7_suppress_event,0.0,-0.07731344928308073,0.11958539385655842,0.14618807142362814,0.12138109219928749,0.17199164740239828,0.1127572498694272,0.1472932599078021,0.1808032853408983,-0.14468261843446623,-0.07438048301213607,-0.13946607513209142,-0.017487296717076804,-0.1652603197758209,-0.07174441893118597,0.0,0
fes_string_conditioned,z_reward,fes=CoCreation,55,O5_full_TFC,0.4000145978563489,0.20305184176296498,0.05753121989989952,0.10161576858827995,0.19934201601008927,0.17470423750162023,0.2855898036400086,0.09014429182692467,0.09107266253317774,-0.16076547271114283,0.038339366965501054,0.27417752097523534,0.2280028784085251,0.4000145978563489,-0.003586116883659645,0.0,0
fes_string_conditioned,z_reward,fes=Activation,100,O1_lag0_AB,0.18222358583795262,0.0629181075289247,0.20649401392136615,0.1148926749078419,0.14578138111244948,0.10991642829997543,0.11981077070690609,0.18041819598606623,0.12268653506539483,0.18222358583795262,-0.022971961633005532,0.060366425991381076,-0.03846929544942566,-0.008301656878533983,0.1349757010640496,0.0,0
fes_string_conditioned,z_reward,fes=SelfGrowth,61,O2_lag5_AB,0.09402498606223353,0.014076645762040086,0.1625812902448663,0.18241218556352787,0.10810084970508488,0.14778920192414,0.15169508223707692,0.1079825527349802,0.1394388375903238,0.05374322080493982,0.09402498606223353,-0.08909651797544481,0.020356308783828415,0.029486241133171037,-0.08947973985371512,0.0,0
fes_string_conditioned,z_reward,fes=Challenge,44,O4_B_C_boundary,0.3071990668272712,0.11797532686666613,0.12492734985148508,0.13181251484923354,0.10499680626213355,0.25776671529918943,0.1390581638790984,0.13427627369227085,0.10716217616658914,0.053686155264751324,0.0724630265744164,-0.0071446966378662415,0.3071990668272712,0.09119212853489937,0.07894462426783111,0.0,0
fes_string_conditioned,z_reward,fes=Activation,101,O1_lag0_AB,0.11449536922247681,0.03542425592449161,0.18228421171968148,0.15395814835983196,0.13013671396318024,0.0935586077205089,0.14367153270604038,0.16496564111525017,0.1314251444155069,0.11449536922247681,0.05538517461173449,-0.0034481656350187615,-0.1189472847792263,0.031182278980059278,0.07955491985103823,0.0,1
fes_string_conditioned,z_reward,fes=Surprise,137,O6_phase_only,0.035261269530272345,-0.05685337474729573,0.11456562102764589,0.12447820731652293,0.12876130535409816,0.17048932148067097,0.09875805671263467,0.19060744074635533,0.17234004736207212,-0.14291262173567867,-0.11386860998813643,-0.10202822012768181,-0.003778908167625771,-0.19487879502442332,0.035261269530272345,0.0,1
fes_string_conditioned,z_reward,fes=CoCreation,61,O3_A_C_boundary,0.19809286645942928,0.1037782136602169,0.1071299120096317,0.14561931672354966,0.19175161177841876,0.14238679547710179,0.18557744859216788,0.11865765164395571,0.10887726377517457,-0.005662649456968997,0.10177109928534885,0.19809286645942928,0.09391411361730283,0.18663787805564078,0.030107434918745152,0.0,1
fes_string_conditioned,z_reward,fes=SelfGrowth,75,O7_suppress_event,0.0,-0.10707619273227817,0.17201435585473027,0.17875384534422997,0.10769147663057016,0.13111414565417367,0.11041278980382951,0.09931635419766972,0.20069703251479667,-0.0539764863451244,-0.04052537169059132,-0.2178841101173256,-0.1490048648694237,-0.20914967262403358,-0.24622017619004097,0.0,1
fes_string_conditioned,z_reward,fes=Challenge,44,O3_A_C_boundary,0.39567941037892174,0.1992930573590905,0.0866777154202484,0.07823895862243954,0.2783346954338358,0.20662813885542605,0.1366775944097688,0.12357761106849866,0.08986528618978284,-0.012640218157815582,-0.04849040464268353,0.39567941037892174,0.2914131563826872,0.14675958432350483,0.11149518083578629,0.0,1
fes_string_conditioned,z_reward,fes=Activation,91,O1_lag0_AB,0.29399232192612,0.10422163960418757,0.26447652938980404,0.16725014546515757,0.12349418148127686,0.0673135815422672,0.12658819792297263,0.13669755848560616,0.11417980571291556,0.29399232192612,0.13360064193212856,0.02744685737413124,-0.18494434933831144,0.036107691570493504,0.06299875198344693,0.0,2
fes_string_conditioned,z_reward,fes=Surprise,130,O4_B_C_boundary,0.03543116650464047,-0.037441762471756714,0.13713278785169447,0.12598692013367938,0.12732575414368327,0.17777480345126437,0.1153260343611847,0.15579444469652173,0.16065925536197206,-0.0554175947744176,-0.08508766096807904,-0.08138791504583467,0.03543116650464047,-0.1160328740776758,-0.01076187689448016,0.0,2
fes_string_conditioned,z_reward,fes=CoCreation,62,O5_full_TFC,0.39068728480631226,0.19281871884112917,0.07625809460148969,0.09873998842905146,0.24688575387439143,0.09382977826864583,0.2895989516064418,0.09984208466188461,0.09484534855809523,-0.07634343032381392,0.014084826155423282,0.33483731382625925,-0.003767884406777784,0.39068728480631226,0.017969745230292773,0.0,2
fes_string_conditioned,z_reward,fes=SelfGrowth,82,O1_lag0_AB,0.04139208744424579,-0.04891355733803672,0.19202162476764145,0.18522751386732536,0.08768342071625546,0.13011146457977413,0.09569428507614983,0.1386577240459041,0.1706039669469495,0.04139208744424579,0.028783995266607482,-0.23296421806632375,-0.09483368467111004,-0.20236520783396283,-0.07256774288406326,0.0,2
fes_string_conditioned,z_reward,fes=Challenge,41,O3_A_C_boundary,0.29058521534330994,0.10707671136439721,0.10173994737797085,0.08496366876574617,0.25744625084019224,0.1667498374520063,0.15380237592960794,0.12306599439346978,0.11223192524100672,-0.03435161419592238,-0.09742031336545025,0.29058521534330994,0.13857452654137972,0.11028535483843037,0.032253640987987844,0.0,2
fes_string_conditioned,z_reward,fes=Activation,82,O1_lag0_AB,0.1256856421880756,0.009273609961929571,0.20634142375183062,0.12904288630534083,0.13816949784870583,0.09280020964295334,0.10360271183475547,0.18595438665992375,0.14408888395649028,0.1256856421880756,-0.03859994521686276,-0.014682213732232245,-0.15399351099315992,-0.11545339867588061,0.08927486812086424,0.0,3
fes_string_conditioned,z_reward,fes=Surprise,109,O7_suppress_event,0.0,-0.054958919317226865,0.1315873158922439,0.16059784145134864,0.13853807994914694,0.1291534468051133,0.11610805648059477,0.15558485353379042,0.1684304058877621,-0.08639820440632315,-0.016666748749949875,-0.06838209340197886,-0.09293250241301595,-0.13020047745038243,-0.027765982425846637,0.0,3
fes_string_conditioned,z_reward,fes=CoCreation,65,O5_full_TFC,0.47820099643785463,0.23477309722704637,0.10494490988026968,0.15581554560216496,0.15904181563614314,0.08459868502004779,0.3288795888865682,0.0828381191530867,0.08388133582171957,0.07841134467854273,0.21674442173301717,0.22391740971927113,0.0029804570936474797,0.47820099643785463,-0.004380179860488059,0.0,3
fes_string_conditioned,z_reward,fes=SelfGrowth,90,O4_B_C_boundary,0.023160769122363405,-0.030674443448761288,0.16252343069143665,0.16098632240888053,0.11052758545319764,0.168863259711679,0.11870773066216818,0.12034100590896876,0.1580506651636694,0.009767286559928631,0.006441316061590397,-0.12517768035668045,0.023160769122363405,-0.10018792699561983,-0.0954051764991861,0.0,3
fes_string_conditioned,z_reward,fes=Challenge,51,O3_A_C_boundary,0.33026884978631027,0.1539590992357312,0.09173788557761679,0.11516379713995357,0.25448646954817106,0.19225393550352018,0.15303527552392737,0.09427287328856478,0.09904976341824634,-0.026840430301136503,0.052756568655080514,0.33026884978631027,0.23211814300584754,0.15226612420753105,-0.01730011511802685,0.0,3
fes_string_conditioned,z_reward,fes=Activation,98,O1_lag0_AB,0.16967488315761312,0.05977786702387842,0.20002693704458774,0.12637281078782817,0.09885591981348035,0.14121387802625374,0.1404630712123026,0.16988492417276693,0.12318245894278056,0.16967488315761312,0.008949392128730346,-0.07700112965809014,0.04781313049900119,0.04594728376970752,0.11250912013479629,0.0,4
fes_string_conditioned,z_reward,fes=Surprise,118,O7_suppress_event,0.0,-0.08831220857656782,0.0957054299444195,0.13953714157105268,0.13100179156474864,0.16431298476538783,0.1247346282884497,0.15729971402354317,0.18740830984239848,-0.2352051364424062,-0.10323561429483391,-0.12532754935951138,-0.046030830607859875,-0.14248542165320022,-0.06129785185990665,0.0,4
fes_string_conditioned,z_reward,fes=CoCreation,61,O5_full_TFC,0.45836616829781285,0.25005973915352886,0.0905174575109462,0.1136195629528472,0.2380385809948805,0.08334222115935805,0.2997792719700545,0.09378551036729858,0.08091739504461481,0.03923986945631627,0.11879940817804081,0.3776513809286182,0.01033426008134282,0.45836616829781285,0.05165354261888359,0.0,4
fes_string_conditioned,z_reward,fes=SelfGrowth,84,O1_lag0_AB,0.061073214455403625,-0.03304765137487467,0.19029532834962168,0.1446631474663498,0.1003702989744284,0.14929236974838056,0.11732332507246566,0.13823007328352072,0.15982545710523313,0.061073214455403625,-0.034886042736172775,-0.16282559654910167,-0.023861505600854382,-0.10820205937467071,-0.05080699121821242,0.0,4
fes_string_conditioned,z_reward,fes=Challenge,44,O3_A_C_boundary,0.30506640414533626,0.161818451875066,0.07244573444512205,0.13019853326583355,0.23459654927552873,0.2290056762965656,0.14395939930398352,0.09166844472549845,0.09812566268746814,-0.1061938984375195,0.09898403721115495,0.30506640414533626,0.29662425134498044,0.13414883333610858,-0.02382475331839679,0.0,4
fes_string_conditioned,rank_reward,fes=Surprise,122,O4_B_C_boundary,0.005840124447956899,-0.061725523670574024,0.11746770530250956,0.13697171583262574,0.13543289114916676,0.1759636986888238,0.10504515156863885,0.15606692067977782,0.17305191677845744,-0.13559986970103816,-0.08183601850404142,-0.0857903889853169,0.005840124447956899,-0.17472048082859126,-0.036157363368696835,0.0,0
fes_string_conditioned,rank_reward,fes=CoCreation,55,O5_full_TFC,0.4481019759308625,0.2531749057284555,0.05488816799148928,0.0804452128193199,0.19927551778466404,0.19898211217469228,0.2914318384086461,0.09397183433557296,0.0810053164856154,-0.13622594374768213,-0.0024284475313477174,0.3150607566783339,0.3145450503900216,0.4481019759308625,0.05196811007472194,0.0,0
fes_string_conditioned,rank_reward,fes=Activation,100,O1_lag0_AB,0.18582974476444566,0.06456983665366722,0.21183177834754338,0.11784479595340779,0.1419691093471745,0.08830218373425787,0.1081121365139698,0.20737217275497624,0.1245678233486706,0.18582974476444566,-0.01941865213485785,0.04576570624532372,-0.1204299233445279,-0.049588470368046575,0.1783826735253548,0.0,0
fes_string_conditioned,rank_reward,fes=SelfGrowth,61,O2_lag5_AB,0.058076662273311416,-0.01181039713203344,0.17226731722208763,0.1790493664017416,0.11804218202916542,0.16162070742345563,0.13490901234860542,0.08243820991667548,0.1516732046582688,0.044561721136270944,0.058076662273311416,-0.08774017055316505,0.02223341430930478,-0.04099468393423992,-0.2133877182414895,0.0,0
fes_string_conditioned,rank_reward,fes=Challenge,44,O4_B_C_boundary,0.27386570975582003,0.1301100652620594,0.13104716439254915,0.1350830170867743,0.10024164709355395,0.22337073341639466,0.17069792095682998,0.13741798544388986,0.10214153161000805,0.08721925646900511,0.09783554007960454,-0.006571486024969566,0.27386570975582003,0.17973761186557696,0.10383374866869573,0.0,0
fes_string_conditioned,rank_reward,fes=Activation,101,O6_phase_only,0.12405898868438497,0.027840098874796503,0.18736380780370998,0.16139545990037613,0.12111523432200946,0.07776391957009487,0.12008522757263332,0.19527791603099,0.13699843480018634,0.10957895275512144,0.05736084375136107,-0.04312947057251616,-0.19820217762479414,-0.04611872317028239,0.12405898868438497,0.0,1
fes_string_conditioned,rank_reward,fes=Surprise,137,O6_phase_only,0.06872858477593402,-0.033511826760325186,0.11225532703502393,0.12290218148369053,0.12619625414973334,0.18161765486842688,0.098218075579333,0.1969635390682031,0.16184696781558922,-0.1280563421493136,-0.09634186771197693,-0.08708454224818685,0.04033835197630459,-0.17481134237156673,0.06872858477593402,0.0,1
fes_string_conditioned,rank_reward,fes=CoCreation,61,O5_full_TFC,0.3310620736000055,0.16082883589017188,0.08754051699746165,0.1236593306266619,0.20848139586068487,0.1432323010894135,0.2520835403184063,0.08711051641628059,0.09789239869109123,-0.039118507865269235,0.08178154186450476,0.2645933170491024,0.13320961235396434,0.3310620736000055,-0.04084195037310227,0.0,1
fes_string_conditioned,rank_reward,fes=SelfGrowth,75,O7_suppress_event,0.0,-0.11351563902925398,0.152133468421797,0.18044166809997805,0.11039016278231126,0.15419723656882048,0.11088662523006658,0.08670816708772341,0.20524267180930308,-0.10480218933946675,-0.04507492039504746,-0.2170602067635354,-0.10008617642804044,-0.21548966563411712,-0.3015757378261371,0.0,1
fes_string_conditioned,rank_reward,fes=Challenge,44,O3_A_C_boundary,0.2860118772836655,0.1776900150873989,0.09521570492323697,0.08192910006418574,0.2075780670917169,0.19144855457817758,0.19589391333545014,0.13625223497886296,0.09168242502836962,0.0132349672870026,-0.039366762307073457,0.2860118772836655,0.25770094854167824,0.2657348927031858,0.1386619966547473,0.0,1
fes_string_conditioned,rank_reward,fes=Activation,91,O1_lag0_AB,0.2820297729300898,0.1000726058431378,0.26169137820292976,0.16690680597272692,0.12410126877936772,0.05646723314034216,0.10858527533816105,0.1653424688571528,0.11690556970931963,0.2820297729300898,0.12462418365739919,0.020905991255260277,-0.25469709542116586,-0.0258407451106217,0.12132833275367708,0.0,2
fes_string_conditioned,rank_reward,fes=Surprise,130,O4_B_C_boundary,0.07617610769811631,-0.015121198326983732,0.1389975129561677,0.12316840408443741,0.12911283533497792,0.18811728556829535,0.10885301960447258,0.16042749141489168,0.15132345103675723,-0.029737247803489235,-0.07205346675363523,-0.055556511906514915,0.07617610769811631,-0.11529737710995745,0.020447863759918222,0.0,2
fes_string_conditioned,rank_reward,fes=CoCreation,62,O5_full_TFC,0.38302818491180723,0.18949121213027542,0.07106054167340389,0.10541201381252473,0.24258501544315214,0.1052666228951199,0.2836386607849916,0.09708862403276282,0.09494852135804495,-0.10143092783729953,0.03658961192742725,0.3283060773290915,0.0361065365671043,0.38302818491180723,0.007801271419581313,0.0,2
fes_string_conditioned,rank_reward,fes=SelfGrowth,82,O1_lag0_AB,0.01723762896785059,-0.07211877986791472,0.1915247170954617,0.17787417253432905,0.09412225680440105,0.14188873327299897,0.09327865065991611,0.11899090118207019,0.1823205684508229,0.01723762896785059,-0.00864153442527518,-0.23141018645071376,-0.08775316229951756,-0.23456133602663265,-0.14935181564567926,0.0,2
fes_string_conditioned,rank_reward,fes=Challenge,41,O3_A_C_boundary,0.25162337337573176,0.1310223071162832,0.1107593471338091,0.09828141219521337,0.21283435489920866,0.17443151375278956,0.2013558275563046,0.0986284031675152,0.10370914129515969,0.02301933940646526,-0.01881437111804557,0.25162337337573176,0.18197967570046786,0.2322191783089005,-0.017580842298862805,0.0,2
fes_string_conditioned,rank_reward,fes=Activation,82,O6_phase_only,0.1525948836425568,0.009917413405618157,0.19912953030647126,0.1310333776461124,0.12476413963425413,0.07764670674861154,0.09122637069495276,0.2284669413402526,0.14773293362934534,0.10449228224957295,-0.04198392073563881,-0.059143374224726056,-0.2251329513888113,-0.16872174674006063,0.1525948836425568,0.0,3
fes_string_conditioned,rank_reward,fes=Surprise,109,O6_phase_only,0.02223726899974114,-0.027981893661540937,0.1348419728798584,0.15669513707452618,0.14642445481230343,0.1236334677214933,0.11643000685242465,0.1660999348079516,0.1558750258514425,-0.050732866913047125,0.0018366409900949425,-0.021890729420840135,-0.08110665046081747,-0.10211749693042466,0.02223726899974114,0.0,3
fes_string_conditioned,rank_reward,fes=CoCreation,65,O5_full_TFC,0.499717067900946,0.2569531682897982,0.0961038428004597,0.1448994613996497,0.1833316884934861,0.09277364831762042,0.3347410061917276,0.06786444863641804,0.08028590416063844,0.06294233290408642,0.2066561232558664,0.2889960331435477,0.050599000041428276,0.499717067900946,-0.05882861338414989,0.0,3
fes_string_conditioned,rank_reward,fes=SelfGrowth,90,O4_B_C_boundary,0.02065734201897726,-0.04834980147378215,0.16084982828303987,0.16198529857953012,0.1158032005647452,0.17768341703610777,0.11704656451378828,0.09913184473002597,0.16749984629276274,-0.014178936619637017,-0.011716898201479505,-0.12918158054348056,0.02065734201897726,-0.12544370674163932,-0.18358609658815744,0.0,3
fes_string_conditioned,rank_reward,fes=Challenge,51,O5_full_TFC,0.2686278280509031,0.1622892990681245,0.09535941550834984,0.12187356615853892,0.1936692448548188,0.19272728398704025,0.20469587781451448,0.09666127435304404,0.09501333732369353,0.0012725297739303954,0.08713841141894829,0.24924707708991686,0.24754060753227428,0.2686278280509031,0.006018451451047586,0.0,3
fes_string_conditioned,rank_reward,fes=Activation,98,O6_phase_only,0.191284115886009,0.06502065394683694,0.198480885927965,0.12594539515460326,0.10363720387964488,0.11437888306747226,0.12159650276541303,0.2127740039585878,0.12318712524631378,0.16694589105904598,0.007750364461748109,-0.060482858309955055,-0.025965824301095182,-0.00454871683075323,0.191284115886009,0.0,4
fes_string_conditioned,rank_reward,fes=Surprise,118,O4_B_C_boundary,0.00966700545222024,-0.07863602026970998,0.0993123449384998,0.13434243997745543,0.12865379638847607,0.18797068835115183,0.11943138017891206,0.14743937256914494,0.18284997759635988,-0.21363864869348825,-0.1078958858930398,-0.12303934102108184,0.00966700545222024,-0.1490734140256802,-0.07533713747620761,0.0,4
fes_string_conditioned,rank_reward,fes=CoCreation,61,O5_full_TFC,0.4654720703759239,0.24857775386685077,0.08348348196670584,0.1110375678202447,0.23923885164778755,0.09634546700124298,0.3127789190059996,0.07438619920408297,0.08272951335393637,0.0031753332400335744,0.10300226371351091,0.37166010746202427,0.05332737749464258,0.4654720703759239,-0.03720709327294932,0.0,4
fes_string_conditioned,rank_reward,fes=SelfGrowth,84,O1_lag0_AB,0.0285765554989065,-0.062165496561391996,0.18993963854064366,0.15460836052327212,0.1005203607159326,0.1556735022349921,0.11137988972499138,0.11283045720773761,0.17504779105243057,0.0285765554989065,-0.0434573353412689,-0.1941445545202964,-0.04105435206544089,-0.1582392841004444,-0.15371045026554297,0.0,4
fes_string_conditioned,rank_reward,fes=Challenge,44,O4_B_C_boundary,0.2831827873012805,0.15239567160609394,0.07669213633396572,0.1405277490847882,0.17749513992668345,0.2210879250462935,0.18813371102129728,0.09762141212116729,0.0984419264658046,-0.08738366600052087,0.12457836173124517,0.20631675139783778,0.2831827873012805,0.2266901502539266,-0.002929478802565098,0.0,4
fes_string_conditioned,gmr72_bridge_composite,fes=Surprise,122,O7_suppress_event,0.0,-0.09331261929514323,0.12456991153835185,0.1411993258057332,0.1317958782395267,0.14529677368017077,0.1318810107068749,0.1371111234313206,0.18814597659802193,-0.14432286261276442,-0.10046595387407434,-0.12458732442099585,-0.09045391845336133,-0.1243613177753146,-0.11074924553468833,0.0,0
fes_string_conditioned,gmr72_bridge_composite,fes=CoCreation,55,O5_full_TFC,0.19533263328525108,0.05165071257414991,0.10023590149431182,0.1246942316483186,0.15786020086041339,0.14968003367042854,0.22219895506890447,0.11816637910910407,0.12716429814851923,-0.08328372981346265,-0.00686536997741013,0.0756804650346183,0.057056989618582986,0.19533263328525108,-0.02568520946833317,0.0,0
fes_string_conditioned,gmr72_bridge_composite,fes=Activation,100,O1_lag0_AB,0.04057212761875089,0.006366159661882987,0.15786600396949138,0.1380461292468806,0.13849821083593195,0.12659612099959444,0.1490675083916303,0.14933906617112355,0.1405869603853477,0.04057212761875089,-0.006383416631579182,-0.005239088766675698,-0.0366885270543557,0.020500566573104374,0.021137585038257745,0.0,0
fes_string_conditioned,gmr72_bridge_composite,fes=SelfGrowth,61,O1_lag0_AB,0.14840390687573288,0.10823113713653697,0.16168578546514784,0.15877354197659616,0.13678684454743978,0.14971984544067085,0.15780627398377298,0.12941785032214398,0.10580985826422845,0.14840390687573288,0.14204233025829285,0.08987304955690109,0.12149275506513554,0.13990356566312323,0.07049091910591519,0.0,0
fes_string_conditioned,gmr72_bridge_composite,fes=Challenge,44,O4_B_C_boundary,0.02790933769091607,-0.012729778647019655,0.13696750040088027,0.140396534114982,0.1244938100222976,0.1609128879340642,0.15094260631453266,0.137706861607919,0.14857979960532436,-0.02848247872934423,-0.019827982822886028,-0.061903166156266086,0.02790933769091607,0.0055221211288921015,-0.026598232630986415,0.0,0
fes_string_conditioned,gmr72_bridge_composite,fes=Activation,101,O5_full_TFC,0.0811880151253981,0.03410409715375975,0.1569121229522068,0.15169094755231136,0.13509231381333248,0.12157866513842838,0.16423808092005007,0.14025146051505027,0.13023640910862047,0.06521710709158554,0.05337285824045628,0.012812457084214085,-0.02407643964572657,0.0811880151253981,0.025929969614304795,0.0,1
fes_string_conditioned,gmr72_bridge_composite,fes=Surprise,137,O7_suppress_event,0.0,-0.04251064075851285,0.1278424556864366,0.1362870693050901,0.13974418280517267,0.15023767089424228,0.12861523580234147,0.15537297012576265,0.16190041538095423,-0.08266395740712194,-0.060276286528597886,-0.05150877931445543,-0.026167019750140092,-0.08055465152027155,-0.01440352933389287,0.0,1
fes_string_conditioned,gmr72_bridge_composite,fes=CoCreation,61,O5_full_TFC,0.10540607024634273,0.03313290016470163,0.12711674932965772,0.13839266378417678,0.15917736084429845,0.14571096448680027,0.17700916554644475,0.1216135317144809,0.13097956429414107,-0.010477377065172362,0.019268802406447787,0.06824221049401138,0.03730427783180411,0.10540607024634273,-0.025967574286508456,0.0,1
fes_string_conditioned,gmr72_bridge_composite,fes=SelfGrowth,75,O1_lag0_AB,0.0355167753089955,0.002510507756664974,0.15736022237125274,0.1543076348453626,0.13461060696298568,0.14256322545812883,0.14256423470673782,0.12641873541027654,0.1421753402452557,0.0355167753089955,0.02866050331838511,-0.019136204023986327,0.0009535758399850611,0.0009560535880977404,-0.04111148734794446,0.0,1
fes_string_conditioned,gmr72_bridge_composite,fes=Challenge,44,O3_A_C_boundary,0.1325979587084762,0.061278094719505356,0.12578001843306696,0.12110391989746302,0.17691396470616622,0.1620952160163325,0.15403702845830736,0.13894616565968085,0.12112368682898307,0.013202793438251497,-5.712334891028956e-05,0.1325979587084762,0.10198009047148672,0.08413327627143635,0.04804601620011664,0.0,1
fes_string_conditioned,gmr72_bridge_composite,fes=Activation,91,O1_lag0_AB,0.12367740901935924,0.0455791846854222,0.18072317318641998,0.1587566700919208,0.13258019541258476,0.10973080540354972,0.15752210032030553,0.13376128845052737,0.12692576713469172,0.12367740901935924,0.07831958694072529,0.015254857071676831,-0.05095029169050409,0.07558717708524641,0.018359031960377838,0.0,2
fes_string_conditioned,gmr72_bridge_composite,fes=Surprise,130,O4_B_C_boundary,0.02332028433265878,-0.0027399220350183663,0.13734034422239563,0.13852886970478318,0.14158338777809285,0.1540205860714184,0.1372989843225328,0.14713512170438753,0.14409270619638956,-0.016798171571711394,-0.013782347611587741,-0.006148810162125161,0.02332028433265878,-0.016903589576759158,0.007313066034666046,0.0,2
fes_string_conditioned,gmr72_bridge_composite,fes=CoCreation,62,O5_full_TFC,0.17323934299162624,0.019713110220197665,0.11571115285662228,0.12373303521503556,0.1542874308800766,0.1176439301470772,0.22833313778411168,0.12110183709269137,0.1391894760243853,-0.06465869116107273,-0.041198443611277065,0.036043404357266155,-0.05886076713536291,0.17323934299162624,-0.04872151244736087,0.0,2
fes_string_conditioned,gmr72_bridge_composite,fes=SelfGrowth,82,O1_lag0_AB,0.038544343983715715,0.004109920009463899,0.15809956922622176,0.1551392855907718,0.1270280934543708,0.14299445744041503,0.1286242561124409,0.1465012903858564,0.14161304778992323,0.038544343983715715,0.03192875269362363,-0.038041518244022944,0.0033976417745411698,-0.03367101908395676,0.011877569931275889,0.0,2
fes_string_conditioned,gmr72_bridge_composite,fes=Challenge,41,O3_A_C_boundary,0.05760209956456229,0.0028373468970218896,0.12811687745753594,0.12131358903741037,0.1680053923745294,0.14963191954101304,0.15656142028160763,0.13385987836125388,0.14251092294664977,-0.03726649380949059,-0.056363933855205654,0.05760209956456229,0.017065915884047524,0.032910411037783915,-0.02191877802009186,0.0,2
fes_string_conditioned,gmr72_bridge_composite,fes=Activation,82,O1_lag0_AB,0.03881091787158274,-0.01787475069015154,0.16898958811366077,0.14077128464246377,0.12990424042122906,0.11549592993807918,0.14659935821190517,0.14698737973670153,0.1512522189359605,0.03881091787158274,-0.025134301090683653,-0.053252920201303594,-0.09439971686064934,-0.010935874540214543,-0.010010712772328532,0.0,3
fes_string_conditioned,gmr72_bridge_composite,fes=Surprise,109,O7_suppress_event,0.0,-0.04881215325593094,0.1333430294637793,0.14434948106946793,0.14155335786246243,0.1382290000798977,0.1322301465545823,0.14565907521003876,0.16463590975977163,-0.07378400801245488,-0.04602469097883388,-0.05287089320358538,-0.061188644135442644,-0.07671737126879342,-0.042863673451126696,0.0,3
fes_string_conditioned,gmr72_bridge_composite,fes=CoCreation,65,O5_full_TFC,0.2710938597392714,0.09980410366068913,0.12786705451093333,0.1459586161245014,0.1417699115406225,0.11858730522596302,0.24230147737454763,0.11183661787854618,0.11167901734488597,0.04737678659002283,0.09369300156894624,0.08350179671257184,0.02100721074838728,0.2710938597392714,0.0004935690146879584,0.0,3
fes_string_conditioned,gmr72_bridge_composite,fes=SelfGrowth,90,O1_lag0_AB,0.06330099240995612,0.034287072684945324,0.15551205048941,0.14897890371276354,0.1338039625221766,0.15137923164138506,0.1440220448750331,0.1365208819758692,0.1297829247833626,0.06330099240995612,0.04827951264135232,0.01067938098752896,0.05387371876686742,0.03643609615018838,0.01771501865750833,0.0,3
fes_string_conditioned,gmr72_bridge_composite,fes=Challenge,51,O3_A_C_boundary,0.09021583133841088,0.030207399685574534,0.12664996862620292,0.13598570765460938,0.1705634684908684,0.15768303511700005,0.14950364812796327,0.12780595577773718,0.13180821620561886,-0.013972290441338011,0.010920640807691031,0.09021583133841088,0.06273363343988134,0.04409049265850786,-0.01079218538030144,0.0,3
fes_string_conditioned,gmr72_bridge_composite,fes=Activation,98,O1_lag0_AB,0.04065964539519561,-0.0027368311205903566,0.16246339346527602,0.14105194175250463,0.11914046337675725,0.1312970586245507,0.15759737489396008,0.14380479314713673,0.14464497473981475,0.04065964539519561,-0.008803930180083552,-0.06789269495928703,-0.03388696880884966,0.030016430684145137,-0.002038929628666832,0.0,4
fes_string_conditioned,gmr72_bridge_composite,fes=Surprise,118,O7_suppress_event,0.0,-0.05886893367312525,0.12221852220607775,0.14066594124542373,0.13921239795335116,0.14695042034552544,0.1365933848193514,0.14461954436942054,0.1697397890608499,-0.11495960129113358,-0.06575756022151709,-0.06939303074569815,-0.05045997547305613,-0.07604033263452879,-0.056056052365667595,0.0,4
fes_string_conditioned,gmr72_bridge_composite,fes=CoCreation,61,O5_full_TFC,0.2715730859919078,0.10161207202083226,0.120366413730064,0.13349656126192383,0.15764389737623605,0.11675901437027525,0.24153119437298504,0.11903125467030094,0.11117166421821477,0.02781275247298702,0.06405006580266435,0.12224210044466009,0.01716280064989382,0.2715730859919078,0.02390870011302799,0.0,4
fes_string_conditioned,gmr72_bridge_composite,fes=SelfGrowth,84,O1_lag0_AB,0.10681150824555227,0.05603293670079006,0.16579620394065256,0.14358946041972884,0.1322352569215578,0.14801630143678635,0.14398969684139964,0.1441822985614033,0.12219078187847138,0.10681150824555227,0.056481127266316856,0.027649641770711376,0.06710858117576925,0.0574553483424438,0.05792319818985534,0.0,4
fes_string_conditioned,gmr72_bridge_composite,fes=Challenge,44,O3_A_C_boundary,0.1425948647686477,0.07267449066235476,0.11374099467436904,0.14087284688953491,0.17710305008353605,0.17585306381868532,0.1538440764480506,0.12074713522310355,0.11783883286272064,-0.012387893238849887,0.06248893725373201,0.1425948647686477,0.14011581989870195,0.09331760592700038,0.008533244898188894,0.0,4
linear_c_state,z_reward,side=B_side|tfc=high|phase=q1,38,O1_lag0_AB,0.45656016799726995,0.163504581343592,0.4139396692812983,0.1272607039985005,0.0811719844305913,0.09220079961508565,0.07765035340478717,0.09546652195101789,0.11230996731871926,0.45656016799726995,0.04374130452165427,-0.11364235598663477,-0.06905283379519811,-0.12916627960108035,-0.05687044420475374,0.0,0
linear_c_state,z_reward,side=A_side|tfc=high|phase=q4,30,O3_A_C_boundary,0.5822685989639587,0.33125763588270324,0.13907489061199355,0.059513459487490636,0.39008988585307064,0.11742437525159108,0.19781559162639825,0.022178856431023672,0.07390294073843201,0.22129098207140036,-0.0757925433307539,0.5822685989639587,0.16206466179723153,0.34460391722589934,-0.42126461951633876,0.0,0
linear_c_state,z_reward,side=A_side|tfc=low|phase=q4,28,O3_A_C_boundary,0.1997889360478329,0.022659752368586375,0.04039112365671732,0.20488196579756066,0.2668941287622,0.09789326565127826,0.11075150686461471,0.1283771405486892,0.15081086871893976,-0.46109576707252803,0.1072426285029583,0.1997889360478329,-0.1512520686513217,-0.10805812915658992,-0.05636896454472604,0.0,0
linear_c_state,z_reward,side=A_side|tfc=high|phase=q1,23,O3_A_C_boundary,0.7372189785366996,0.5589529707793846,0.29730733497233,0.11885870969399542,0.3089838473270136,0.050506633964855156,0.12338634692116403,0.06335919459618003,0.037597932524461954,0.7237360685878933,0.40284524397883015,0.7372189785366996,0.10330447066162425,0.4159299905894937,0.18265484056493533,0.0,0
linear_c_state,z_reward,side=B_side|tfc=high|phase=q4,35,O5_full_TFC,0.4668907524902863,0.23492234110611973,0.21544212356586803,0.11019905498358917,0.06744305075124621,0.07937125254880678,0.3265705727018444,0.11494597372427291,0.08602797172437261,0.3213069332738192,0.08666553883266763,-0.08518613137435303,-0.028187688152585485,0.4668907524902863,0.10142640490300907,0.0,0
linear_c_state,z_reward,side=B_side|tfc=low|phase=q1,44,O4_B_C_boundary,0.2728232934948543,0.05939369864002083,0.04426523457540985,0.11909765926524177,0.0927066937598507,0.30927833233138696,0.08009360851288194,0.21271182799577226,0.14184664355945664,-0.40759141593902337,-0.061180936750853655,-0.14885703709299802,0.2728232934948543,-0.200042654710768,0.14181714064148,0.0,0
linear_c_state,z_reward,side=A_side|tfc=mid|phase=q4,22,O4_B_C_boundary,0.1830375176122864,0.0006807333471284607,0.11035771288141336,0.05220032004654913,0.13583393616629905,0.2639841367128987,0.10501276172338464,0.17613168471603505,0.15647944775342015,-0.12221917824389296,-0.3842426178735844,-0.04952205827102209,0.1830375176122864,-0.13959497793580733,0.04140753637521811,0.0,0
linear_c_state,z_reward,side=B_side|tfc=mid|phase=q1,41,O6_phase_only,0.12011974768974441,-0.04184479571701514,0.1032128605111668,0.10025409014001403,0.09185216727772705,0.17518815066836704,0.11764758715656244,0.24091600635877855,0.17092913788738393,-0.17655946337992326,-0.18673942263917986,-0.21737403277650375,0.008614014761480857,-0.13074441309649737,0.12011974768974441,0.0,0
linear_c_state,z_reward,side=B_side|tfc=low|phase=q4,37,O4_B_C_boundary,0.14454535858465004,-0.05005867546586028,0.15974361972649673,0.14256717603763794,0.04260501736545072,0.28470502113216006,0.08046966016093735,0.1015284332224517,0.18838107235486556,-0.0577138584896232,-0.09752875736365565,-0.5202732034555616,0.14454535858465004,-0.29770533482044936,-0.21634480082755106,0.0,0
linear_c_state,z_reward,side=A_side|tfc=mid|phase=q1,22,O3_A_C_boundary,0.13422878602822091,0.005191475987766118,0.08935729531638122,0.19863206988313206,0.221745081264738,0.07048679551209894,0.16653830663871377,0.10212900467349614,0.15111144671143986,-0.18388115733652588,0.0957028086254643,0.13422878602822091,-0.2669072796952964,0.03402270570465249,-0.137123299745402,0.0,0
linear_c_state,z_reward,side=A_side|tfc=low|phase=q1,19,O6_phase_only,0.36474437662792186,0.27963255853278013,0.03304024529090304,0.1573524897254801,0.1617482100367369,0.18248717454096686,0.19065278954999498,0.2030888799436458,0.07163021091227254,-0.2708266933422441,0.2754400324007512,0.28508337969855563,0.327307039141161,0.3426279475122205,0.36474437662792186,0.0,0
linear_c_state,z_reward,side=B_side|tfc=mid|phase=q4,37,O6_phase_only,0.08115814125701681,-0.012495463961836845,0.1428494825358474,0.1611178772773418,0.07830073730505417,0.12967614554675683,0.1441289535022125,0.1918120171420335,0.1521147866907537,-0.021995366820592513,0.020125294927037077,-0.23242743722707956,-0.05585834004106741,-0.01887445075737843,0.08115814125701681,0.0,0
linear_c_state,z_reward,side=B_side|tfc=low|phase=q4,44,O7_suppress_event,0.0,-0.13136923859330307,0.12761237045522938,0.15828527766686848,0.052858267097750614,0.19654588607499354,0.09377091705977966,0.1461997473333621,0.22472753431201611,-0.1980619887523895,-0.12267141248687975,-0.5065461044051255,-0.04689747608656025,-0.3059118840819983,-0.15047021174503727,0.0,1
linear_c_state,z_reward,side=A_side|tfc=low|phase=q1,25,O3_A_C_boundary,0.5135972557662993,0.24938483534555175,0.026048840367478836,0.08209388625588124,0.40165468887824324,0.1109756935348767,0.08950590275755546,0.19713183434775158,0.0925891538582129,-0.44386956399320454,-0.042107960715479446,0.5135972557662993,0.06339871801866546,-0.011853600544309919,0.26449524814053194,0.0,1
linear_c_state,z_reward,side=A_side|tfc=high|phase=q4,26,O5_full_TFC,0.331470700244433,0.18282981442088841,0.15830962572862498,0.10612017781157028,0.23444666370479803,0.1246832048883837,0.25390952118540444,0.02404436958943781,0.09848643709178087,0.16612187470118747,0.02612867622445781,0.30355824482582,0.08255006034898547,0.331470700244433,-0.493506295715921,0.0,1
linear_c_state,z_reward,side=B_side|tfc=high|phase=q1,40,O1_lag0_AB,0.5798825812732535,0.27493503567442046,0.45553240311446996,0.09489482343503729,0.06607482923812062,0.11574728368587998,0.09379241932473548,0.08706680527047443,0.08689143593128221,0.5798825812732535,0.030838387994931833,-0.09585506015539925,0.10036241216671957,0.026748595561157495,0.0007056784327813092,0.0,1
linear_c_state,z_reward,side=B_side|tfc=high|phase=q4,42,O5_full_TFC,0.4385154240892891,0.26624738846353213,0.2535988865046335,0.08451729573366853,0.168719506930786,0.07371015050298461,0.2749475531771231,0.06596102252854204,0.07854558462226209,0.41022613790341805,0.025646965603795376,0.2675954615881016,-0.022238522267430273,0.4385154240892891,-0.06111530328803861,0.0,1
linear_c_state,z_reward,side=B_side|tfc=low|phase=q1,42,O4_B_C_boundary,0.2271654431039762,0.04342163266202488,0.03587162764352664,0.11573791922544166,0.08780008860305351,0.28994870582835297,0.0725815175053123,0.24654888693538585,0.15151125425892703,-0.5042496343620859,-0.09426605641285654,-0.1909590892793166,0.2271654431039762,-0.257582359343641,0.17041513663044727,0.0,1
linear_c_state,z_reward,side=B_side|tfc=mid|phase=q4,41,O2_lag5_AB,0.06119297592077492,-0.04233458755519577,0.1195550150408291,0.20080347788599948,0.08828221878792375,0.12121123688629677,0.10237510892194127,0.1991795871772568,0.16859335529975275,-0.12029954699570214,0.06119297592077492,-0.22643282170464077,-0.11548419779285997,-0.1745961096720299,0.058351031246304266,0.0,1
linear_c_state,z_reward,side=B_side|tfc=mid|phase=q1,51,O6_phase_only,0.25366087980744934,0.03432966971943498,0.1456858305202827,0.12520696139836576,0.07184124703947042,0.1291194436872802,0.09175411092273712,0.29397623462548517,0.1424161718063786,0.007944614588508403,-0.04507492473475182,-0.2395031716613353,-0.03430548189852494,-0.15387444343509937,0.25366087980744934,0.0,1
linear_c_state,z_reward,side=A_side|tfc=mid|phase=q4,27,O6_phase_only,0.030171696575979748,-0.06634051984419966,0.09014777501534617,0.05762962164457434,0.1714188136259926,0.20449010793621775,0.07950807989423866,0.2069491506592688,0.18985645122436162,-0.26068629940914145,-0.417281048297362,-0.035755475753910936,0.025987967468094775,-0.304643365723909,0.030171696575979748,0.0,1
linear_c_state,z_reward,side=A_side|tfc=low|phase=q4,28,O3_A_C_boundary,0.33663989849540166,0.08974289812320163,0.03386351932845591,0.18038809538222506,0.37233727566535224,0.13697936246354359,0.09294819184102904,0.04117867263619193,0.1423048826832023,-0.5024717278580568,0.08299857937758477,0.33663989849540166,-0.013349539553001086,-0.14907534465553174,-0.4340179722353691,0.0,1
linear_c_state,z_reward,side=A_side|tfc=high|phase=q1,23,O3_A_C_boundary,0.6925321965002844,0.492785890391775,0.26685338374719914,0.09827709408242327,0.3252459030713721,0.03287347497078603,0.09662234055155083,0.13516128853956685,0.044966515037101806,0.6232734481881623,0.2736555069425499,0.6925321965002844,-0.10963820062846631,0.26771215822168154,0.3851927424600742,0.0,1
linear_c_state,z_reward,side=A_side|tfc=mid|phase=q1,23,O2_lag5_AB,0.06567729126352008,-0.06500520914690677,0.11503816936098628,0.22238902816982012,0.1823160673502159,0.05817461109088403,0.1236868609613248,0.11405582618495591,0.18433943688181292,-0.165030195049875,0.06567729126352008,-0.003862953190716764,-0.40366542992071214,-0.13965901844630774,-0.16803177715621195,0.0,1
linear_c_state,z_reward,side=B_side|tfc=low|phase=q4,40,O4_B_C_boundary,0.10488148285812175,-0.05404681934945743,0.15382938684095993,0.16621532219228607,0.04771875434174133,0.24758378750250476,0.09730829886269662,0.10386775089613001,0.1834766993636813,-0.061685249458059456,-0.03458126385919856,-0.4713671154789213,0.10488148285812175,-0.22197119120237524,-0.19913922579158733,0.0,2
linear_c_state,z_reward,side=A_side|tfc=low|phase=q1,27,O3_A_C_boundary,0.6304469775464847,0.3627446787107318,0.016837043445398225,0.08204611849133198,0.42857777507721023,0.07870969065448837,0.17626760316479803,0.1468087543197279,0.0707530148470452,-0.5024648027943299,0.0518302265237791,0.6304469775464847,0.037299896780592964,0.31948285758300926,0.25547746015343786,0.0,2
linear_c_state,z_reward,side=A_side|tfc=high|phase=q4,33,O3_A_C_boundary,0.4961081837644437,0.2645817545066628,0.12313620509762833,0.07157001756974779,0.3501032226754183,0.13191902283116178,0.2140868043261125,0.024343968210507605,0.08484075928942354,0.1303802576653243,-0.059534944727556216,0.4961081837644437,0.15449426706728403,0.32396191840239047,-0.43697219039980073,0.0,2
linear_c_state,z_reward,side=B_side|tfc=high|phase=q1,40,O1_lag0_AB,0.4920975255586737,0.20791472842587802,0.39489558757395493,0.14357386624931606,0.06866028931305113,0.0971185498483922,0.09719591862188122,0.10175758205635231,0.0967982063370523,0.4920975255586737,0.1379774149634057,-0.1202101119829132,0.0011563758920697803,0.0014350897970643154,0.01748770573755887,0.0,2
linear_c_state,z_reward,side=B_side|tfc=high|phase=q4,41,O5_full_TFC,0.6223714067410734,0.3787362249754328,0.21735614012717713,0.1326051802641996,0.11532525299829666,0.04623389213004899,0.36643318869646224,0.06014065008728257,0.061905695696532786,0.43957375596653403,0.2666173838638785,0.21775048165002783,-0.10216467272017407,0.6223714067410734,-0.010124171005676481,0.0,2
linear_c_state,z_reward,side=B_side|tfc=low|phase=q1,36,O4_B_C_boundary,0.1296261197888318,-0.019928030804654807,0.06881713968340186,0.12652503253541733,0.09265537109905499,0.24419314031050018,0.07233815858128,0.226859341381827,0.1686118164085187,-0.313651201973607,-0.1005056340138895,-0.20954927195769074,0.1296261197888318,-0.29618657509954344,0.10385586937700145,0.0,2
linear_c_state,z_reward,side=B_side|tfc=mid|phase=q4,37,O6_phase_only,0.10060119242981044,-0.06324835351698453,0.14683458051984163,0.16113858690430902,0.09840863492570476,0.06012435021651742,0.09865181155964747,0.248454529880278,0.18638750599370174,-0.08348242752848528,-0.05094708119548908,-0.22354476149464028,-0.3959945328207388,-0.22268094669465438,0.10060119242981044,0.0,2
linear_c_state,z_reward,side=B_side|tfc=mid|phase=q1,51,O6_phase_only,0.12861647892302816,-0.011153648033746598,0.1995654212101332,0.09483826740514559,0.07801898985812536,0.1520520775415317,0.08818879385605184,0.22885730267694934,0.1584791474520629,0.0806816799577705,-0.17970751064843737,-0.24803476812381517,-0.014489980845846764,-0.20515009259192468,0.12861647892302816,0.0,2
linear_c_state,z_reward,side=A_side|tfc=mid|phase=q4,26,O6_phase_only,0.06874418827630505,-0.04489990275378633,0.08982996553374518,0.05816292698605069,0.16470773747807999,0.213076412953634,0.07590746134931133,0.21865359521168135,0.17966190048749742,-0.24260534985126833,-0.3947400084551074,-0.030416448540343134,0.059700932776256904,-0.30154661929792276,0.06874418827630505,0.0,2
linear_c_state,z_reward,side=A_side|tfc=low|phase=q4,26,O3_A_C_boundary,0.0997079889741853,-0.012771024360062768,0.053455647820506214,0.21028651868009007,0.21947141623407163,0.0767062716661001,0.08652306096164769,0.18849163934956745,0.16506544528801684,-0.39462140759635767,0.08474512973552956,0.0997079889741853,-0.2682254958426954,-0.2260758689877813,0.04644906663304153,0.0,2
linear_c_state,z_reward,side=A_side|tfc=high|phase=q1,25,O1_lag0_AB,0.8605103669176803,0.5906371037293641,0.42378249709165583,0.10785257332119406,0.1995605673594762,0.06197973115651697,0.11208365301855455,0.05848445553192618,0.03625652252067635,0.8605103669176803,0.3815510776062856,0.5969244712623821,0.1876658413160877,0.39501916920697866,0.16734959668207072,0.0,2
linear_c_state,z_reward,side=A_side|tfc=mid|phase=q1,19,O2_lag5_AB,0.011348093351526001,-0.10838506132588663,0.14594797391262418,0.2189597950277946,0.12835282061875952,0.047483693688331795,0.15172751951933455,0.09555390489709518,0.21197429233606013,-0.13062517636508103,0.011348093351526001,-0.1755887425894793,-0.523627525197872,-0.11703255456927299,-0.2788710635633835,0.0,2
linear_c_state,z_reward,side=B_side|tfc=low|phase=q4,37,O4_B_C_boundary,0.17496869689022965,-0.010590193006487138,0.11213962278188579,0.2034722993546036,0.03820562235932847,0.2781276684581442,0.1015220177489192,0.09782472291903979,0.168708046378079,-0.1429487352690089,0.0655760664028814,-0.5198154492382406,0.17496869689022965,-0.17776289516833021,-0.19074732218827906,0.0,3
linear_c_state,z_reward,side=A_side|tfc=low|phase=q1,24,O3_A_C_boundary,0.49468998161260924,0.30832957839034,0.012691268137619697,0.12220102520525705,0.30098846391549394,0.13940353767957558,0.23120071262535008,0.12028009921930456,0.0732348932173991,-0.6134652236691038,0.17919840595405498,0.49468998161260924,0.225295309826649,0.4023649799383801,0.17365291731727672,0.0,3
linear_c_state,z_reward,side=A_side|tfc=high|phase=q4,31,O3_A_C_boundary,0.4788148567486699,0.2901313973177755,0.1495459140526977,0.07438475310109721,0.3074093063920422,0.12404676545687372,0.24754826918417072,0.0187970839805233,0.07826790783259523,0.22661303201647548,-0.017810333774439257,0.4788148567486699,0.16118234228555695,0.4030137764353285,-0.4992525674294562,0.0,3
linear_c_state,z_reward,side=B_side|tfc=high|phase=q1,41,O1_lag0_AB,0.4595538233016689,0.17906282957694222,0.3792321513315425,0.12742494030953994,0.11275350705505913,0.09378097001469468,0.08759012672678713,0.0972014918377999,0.10201681272457687,0.4595538233016689,0.07783645010948544,0.035023258293077154,-0.029461485624504246,-0.053364271569828606,-0.01692304980106154,0.0,3
linear_c_state,z_reward,side=B_side|tfc=high|phase=q4,41,O5_full_TFC,0.5160884772000083,0.33138024075010714,0.2690961906746871,0.10176394064450502,0.15354037914782792,0.04482993578453569,0.30077915852052006,0.06114675864422519,0.06884363658369906,0.4771308868473966,0.13678630951052742,0.28074402727543046,-0.15013658478402234,0.5160884772000083,-0.04149632986225103,0.0,3
linear_c_state,z_reward,side=B_side|tfc=low|phase=q1,36,O6_phase_only,0.3417371698611846,0.1321924719304991,0.04274656212745417,0.08855571650893312,0.06470862003406086,0.2798492780156761,0.050461010384770126,0.3440763614183343,0.1296024515107713,-0.38821402397386967,-0.1332939232533376,-0.2431020466927219,0.2694228130016735,-0.33014475662896225,0.3417371698611846,0.0,3
linear_c_state,z_reward,side=B_side|tfc=mid|phase=q4,37,O1_lag0_AB,0.05970641934547613,-0.03783971719712193,0.20224775667286268,0.18545907693687566,0.07609836593537121,0.06261610726561631,0.1352026890776643,0.16784728987884742,0.17052871423276228,0.05970641934547613,0.029375693808539768,-0.28240691584913363,-0.35065840071316695,-0.08124502449961547,-0.005547191041076769,0.0,3
linear_c_state,z_reward,side=B_side|tfc=mid|phase=q1,45,O6_phase_only,0.13997015258796874,-0.004090147830348528,0.19174248346882766,0.12381980419830135,0.10915966534546925,0.10637223320304892,0.08999991852384295,0.22683852035568777,0.15206737490482214,0.08114034643674065,-0.07192372664461967,-0.11602921696786758,-0.12508268565693453,-0.18358021974282637,0.13997015258796874,0.0,3
linear_c_state,z_reward,side=A_side|tfc=mid|phase=q4,22,O4_B_C_boundary,0.04619138517786151,-0.10151439667219196,0.07798411440992059,0.04629080416891035,0.15975039329625393,0.24455076489248753,0.10132867186936287,0.15578011566960678,0.2143151356934579,-0.35382983439177734,-0.5363764704233707,-0.10284224065850965,0.04619138517786151,-0.2621773413427646,-0.11165071067588035,0.0,3
linear_c_state,z_reward,side=A_side|tfc=low|phase=q4,31,O3_A_C_boundary,0.21368117537597614,-0.006676002388114846,0.04038021289059884,0.17174064736160896,0.3122701220672335,0.10346571521160501,0.08860010293183088,0.11395876440403094,0.16958443513309174,-0.5022538710408938,0.004422085324506676,0.21368117537597614,-0.1729387244663245,-0.22722627402920456,-0.13912999728650535,0.0,3
linear_c_state,z_reward,side=A_side|tfc=high|phase=q1,25,O1_lag0_AB,0.8344128053385369,0.5714913011144146,0.39453921377015905,0.16776367312546392,0.15465619267078806,0.049904044462087835,0.09330119677741106,0.10346794530700916,0.0363677338870809,0.8344128053385369,0.5351060160664933,0.506632907062768,0.11074703533642956,0.3297528447888787,0.3659529676954854,0.0,3
linear_c_state,z_reward,side=A_side|tfc=mid|phase=q1,23,O2_lag5_AB,0.08586090791301025,-0.04327999549899693,0.06936857134494447,0.2307188054776282,0.21234722988281918,0.05645012323497463,0.15823501782886404,0.09235281068108507,0.18052744154968453,-0.3347571130710802,0.08586090791301025,0.05681900512986432,-0.4068838631509383,-0.04613049507094148,-0.23459332949003955,0.0,3
linear_c_state,z_reward,side=B_side|tfc=low|phase=q4,42,O4_B_C_boundary,0.08180136530131649,-0.08501198417720483,0.11467826809330979,0.1475963322099609,0.05335519568395022,0.2513668167145382,0.12073362194475667,0.11329159800413369,0.1989781673493504,-0.19287259882577013,-0.10454991559662802,-0.4606783108366209,0.08180136530131649,-0.17486296086993675,-0.1971305345372156,0.0,4
linear_c_state,z_reward,side=A_side|tfc=low|phase=q1,25,O3_A_C_boundary,0.6158750340728,0.32822398275104675,0.029667476319754797,0.08434763909817442,0.4473605632718193,0.08399364922546758,0.1444099169148803,0.13322718267997355,0.07699357248992995,-0.33378470014540745,0.03192870626248955,0.6158750340728,0.03045673655978265,0.22012688480428375,0.1919168535365179,0.0,4
linear_c_state,z_reward,side=A_side|tfc=high|phase=q4,28,O4_B_C_boundary,0.5306825981296792,0.3663175098245865,0.09821071815465499,0.03159576799008872,0.19388805707773127,0.3135870812588145,0.2763516879853454,0.017522823665477152,0.0688438638678879,0.12434599015166421,-0.27258626876112035,0.3624039541995682,0.5306825981296792,0.48644161593920915,-0.478917900077076,0.0,4
linear_c_state,z_reward,side=B_side|tfc=high|phase=q1,41,O1_lag0_AB,0.482479791923408,0.19858674872652737,0.3831558522188607,0.10029721506705103,0.10551840089006165,0.10696695626628398,0.10565258659544854,0.10187181659480997,0.09653717236748412,0.482479791923408,0.013373425974350544,0.031135024785931803,0.035907139370574805,0.03157983023734165,0.01882551400478773,0.0,4
linear_c_state,z_reward,side=B_side|tfc=high|phase=q4,37,O5_full_TFC,0.6409391775445371,0.3956115377729127,0.22344316461032307,0.12127369621442716,0.10813890634487758,0.030985612813954615,0.3770917993781633,0.07865203535157816,0.060414785286676126,0.457773127059466,0.24388562762207258,0.2037639471269702,-0.2336988046815615,0.6409391775445371,0.09232987514319344,0.0,4
linear_c_state,z_reward,side=B_side|tfc=low|phase=q1,42,O4_B_C_boundary,0.3630666502948306,0.11778914942615135,0.039065982973227664,0.13731064472254428,0.061095532417621085,0.3636129744622666,0.0723454236760137,0.19770554821822559,0.12886389353010116,-0.4177266347846311,0.02222117808835124,-0.2612113049466397,0.3630666502948306,-0.20205659598256662,0.1498077123054083,0.0,4
linear_c_state,z_reward,side=B_side|tfc=mid|phase=q4,44,O2_lag5_AB,0.13981193090175903,-0.008950276726864532,0.1378578722352961,0.23197225831850316,0.09261935610450071,0.07433246705643422,0.12650883945629304,0.18112997542257872,0.1555792314063941,-0.04232615992086511,0.13981193090175903,-0.18152994284915008,-0.25851255493317055,-0.07239503100645062,0.053220909431049554,0.0,4
linear_c_state,z_reward,side=B_side|tfc=mid|phase=q1,52,O6_phase_only,0.1695962052389555,-0.0034072167889269353,0.12825603774833558,0.11286376880133693,0.08448400658088023,0.18194101278721267,0.08662835396463434,0.2511354617530586,0.15469135836454176,-0.0655911670792543,-0.11033763644203101,-0.21170437756921306,0.0567877217473429,-0.20293165215667372,0.1695962052389555,0.0,4
linear_c_state,z_reward,side=A_side|tfc=mid|phase=q4,23,O3_A_C_boundary,0.11045370342829532,-0.0683534834526757,0.04944379801235215,0.053888726101720144,0.2764521740164474,0.16447092905660018,0.09356703541863273,0.1605430038436815,0.201634333550566,-0.4919667186595649,-0.4618370869711825,0.11045370342829532,-0.07130269841778032,-0.2687221919389096,-0.07976289426177194,0.0,4
linear_c_state,z_reward,side=A_side|tfc=low|phase=q4,27,O3_A_C_boundary,0.07307058506876424,-0.034342298398440815,0.05846811517522473,0.1486496384172366,0.2033989704952828,0.15627365757748196,0.13596684941018733,0.1321683622284764,0.16507440669611012,-0.36327016460588646,-0.036681471725265535,0.07307058506876424,-0.019175672696404945,-0.06789482708415806,-0.07781190922231715,0.0,4
linear_c_state,z_reward,side=A_side|tfc=high|phase=q1,20,O1_lag0_AB,0.7392166613421809,0.5092196955847321,0.3512256874031091,0.1725686229239773,0.2014782794937189,0.04776572902599501,0.12107400224626279,0.06339289243913375,0.04249478646780343,0.7392166613421809,0.4904947510248105,0.5447050645543071,0.04092445675891693,0.3664571926416752,0.1399896230112337,0.0,4
linear_c_state,z_reward,side=A_side|tfc=mid|phase=q1,17,O3_A_C_boundary,0.1082545285654972,-0.03540498757080847,0.12356134758864896,0.1686122895695826,0.22717309218250417,0.06894825500644876,0.1269308035944972,0.11803790005434138,0.16673631200397693,-0.1048865370533713,0.003915919101258619,0.1082545285654972,-0.3090700545364266,-0.09547002853795498,-0.12089274214372328,0.0,4
linear_c_state,rank_reward,side=B_side|tfc=high|phase=q1,38,O1_lag0_AB,0.5242020172339596,0.21934938973307394,0.455126696413372,0.1172808998045087,0.08481099578945088,0.07150232432133502,0.08053774819693339,0.08895704398848452,0.10178429148591536,0.5242020172339596,0.04960064402262544,-0.06385070400995932,-0.12359403960523059,-0.08194542593638578,-0.047145764120813526,0.0,0
linear_c_state,rank_reward,side=A_side|tfc=high|phase=q4,30,O3_A_C_boundary,0.5952742210930219,0.3607207360242903,0.14779588367586896,0.058396695571569165,0.3865790768288482,0.08757314777069183,0.23355625643031044,0.015532621229779345,0.07056631849293221,0.2587477206991901,-0.06625277747794539,0.5952742210930219,0.07557251210669348,0.4189045068234021,-0.5297636916794226,0.0,0
linear_c_state,rank_reward,side=A_side|tfc=low|phase=q4,28,O3_A_C_boundary,0.06100216598607458,-0.03330923491911193,0.039152576162410864,0.1856270897691302,0.20114240573652883,0.1429488086659086,0.12866363428821262,0.13349547587110983,0.16897000950669916,-0.5117892563009938,0.03290648440586751,0.06100216598607458,-0.05853212953811978,-0.09538190473853846,-0.08247877819126696,0.0,0
linear_c_state,rank_reward,side=A_side|tfc=high|phase=q1,23,O3_A_C_boundary,0.7842257803044842,0.5723644965631143,0.27172015044589903,0.08805362038598696,0.34865090091754786,0.04386740181904795,0.1371559301842179,0.07345907864817462,0.037092917599125655,0.6969713194172173,0.30258196513584135,0.7842257803044842,0.05871090322267315,0.4576923414094227,0.23915585644708862,0.0,0
linear_c_state,rank_reward,side=B_side|tfc=high|phase=q4,35,O1_lag0_AB,0.4352094672962451,0.2413124251763412,0.282248212870865,0.10845186187133538,0.09612874531258268,0.07209394523168558,0.2314192873010162,0.1282615307707822,0.08139641664173299,0.4352094672962451,0.10044130414581642,0.05822499884856573,-0.04247641546529804,0.36571496896434263,0.15915904833999625,0.0,0
linear_c_state,rank_reward,side=B_side|tfc=low|phase=q1,44,O4_B_C_boundary,0.33221588810508634,0.0781157175559275,0.03476994288938658,0.10078651206696816,0.09557500564649055,0.3682087626867322,0.07722598576242377,0.18091671617461508,0.14251707477338357,-0.4937479792030622,-0.12126004718694929,-0.13984266689399513,0.33221588810508634,-0.21445403418908418,0.08350124238372066,0.0,0
linear_c_state,rank_reward,side=A_side|tfc=mid|phase=q4,22,O4_B_C_boundary,0.18031763910188475,0.006400947752246887,0.11510969408484675,0.04948026849808493,0.13438605482699045,0.2573121919038008,0.10697695198805289,0.18302035993032334,0.15371447876790087,-0.10122395928992166,-0.39673300578969745,-0.04703306426442502,0.18031763910188475,-0.12686920340915797,0.061075194429235674,0.0,0
linear_c_state,rank_reward,side=B_side|tfc=mid|phase=q1,41,O6_phase_only,0.07988188539677467,-0.054570170754142076,0.11509702709078795,0.10083056452853811,0.11411456597095548,0.13928412061771825,0.14160307482511494,0.2166392393569602,0.17243140760992515,-0.14147841185771398,-0.18779529690049226,-0.14447881417754505,-0.07471927406677936,-0.06894006856045501,0.07988188539677467,0.0,0
linear_c_state,rank_reward,side=B_side|tfc=low|phase=q4,37,O4_B_C_boundary,0.1637464179541378,-0.02603162545289474,0.16307105911674194,0.15029002662284016,0.034263938101953884,0.29078405512474154,0.047406589475657714,0.1320519116107498,0.18213241994731483,-0.03869178366680405,-0.06725847329468,-0.5847241997931948,0.1637464179541378,-0.4710904684964416,-0.11253861135679837,0.0,0
linear_c_state,rank_reward,side=A_side|tfc=mid|phase=q1,22,O3_A_C_boundary,0.20655712276229504,0.08618356828733043,0.07288724555487111,0.20890853702118245,0.22214487523311327,0.059711106955512794,0.1973800442759078,0.11584732139123509,0.12312086956817747,-0.1834885103318897,0.18505549369895868,0.20655712276229504,-0.2532769760587658,0.16518756687537547,-0.021312698056035376,0.0,0
linear_c_state,rank_reward,side=A_side|tfc=low|phase=q1,19,O3_A_C_boundary,0.38161558130716083,0.2507871683525102,0.032697667284565274,0.1794370241457394,0.2327364938761333,0.18197621821577517,0.13169587394412507,0.16323271096653336,0.07822401156712834,-0.30529552032454055,0.2905866782866567,0.38161558130716083,0.29550477449031287,0.1823215188719903,0.25746007125350506,0.0,0
linear_c_state,rank_reward,side=B_side|tfc=mid|phase=q4,37,O6_phase_only,0.20994598085049765,0.023880481709685007,0.13425767474199918,0.1426106750700018,0.07001419135826349,0.1273713796877953,0.12465144103645558,0.25895511925243875,0.14213951885304593,-0.019966871077437193,0.0011582420658256287,-0.2478389015131377,-0.03839571179614276,-0.0459507061325528,0.20994598085049765,0.0,0
linear_c_state,rank_reward,side=B_side|tfc=low|phase=q4,44,O7_suppress_event,0.0,-0.1059641842779756,0.12312748428683298,0.17079981499501232,0.04140147307796459,0.20288456504375094,0.07665556660213478,0.17104156554299935,0.21408953045130502,-0.19361090626088187,-0.07906573357876359,-0.575077241316979,-0.01881499267503297,-0.3594752237311543,-0.07857069283344384,0.0,1
linear_c_state,rank_reward,side=A_side|tfc=low|phase=q1,25,O3_A_C_boundary,0.42014838572630053,0.18300516828896043,0.027507476292978172,0.10095287580337571,0.3422306459394789,0.11085196283188388,0.12222800258859431,0.19319483840687854,0.10303419813681053,-0.46221109233095775,-0.007142492739258061,0.42014838572630053,0.025597141197428338,0.05978952712947306,0.2200233879313215,0.0,1
linear_c_state,rank_reward,side=A_side|tfc=high|phase=q4,26,O5_full_TFC,0.4422092714688978,0.2584653308688844,0.15244169322446074,0.09672992661590699,0.25609325847004377,0.08861253739151828,0.3051440790311131,0.014721696588740348,0.08625680867821671,0.19930861630149893,0.040107843843526024,0.3808744362667508,0.009430525704315684,0.4422092714688978,-0.6188023204811464,0.0,1
linear_c_state,rank_reward,side=B_side|tfc=high|phase=q1,40,O1_lag0_AB,0.6105910406490811,0.3038633070274815,0.4580682694284687,0.09681045818687439,0.0728237257280552,0.09701172730890545,0.10015023936452086,0.09509991061015545,0.08003566937302,0.6105910406490811,0.06659891878497383,-0.03305070912558219,0.06732581408698621,0.07846966739558991,0.06035946949451807,0.0,1
linear_c_state,rank_reward,side=B_side|tfc=high|phase=q4,42,O1_lag0_AB,0.4785781012932175,0.2910617689325354,0.2933369503699902,0.08829619946675024,0.17317159596156353,0.06908634994969949,0.2454739031767524,0.05589944634500851,0.07473555473023556,0.4785781012932175,0.05835939189393773,0.29411446443281253,-0.027509571286891576,0.41623214326349794,-0.101640514538733,0.0,1
linear_c_state,rank_reward,side=B_side|tfc=low|phase=q1,42,O4_B_C_boundary,0.28618065068476317,0.06262667585366898,0.0272538744329572,0.10217466471464909,0.09232642748297874,0.3425979774093914,0.06146432765872236,0.22293808497402484,0.15124464332727625,-0.5997960458830688,-0.13727522630574016,-0.17274889035137167,0.28618065068476317,-0.315154599133508,0.13579839237552027,0.0,1
linear_c_state,rank_reward,side=B_side|tfc=mid|phase=q4,41,O6_phase_only,0.15908101963631205,-0.026771207144282154,0.10418474371449292,0.1696667942611845,0.07911235157935818,0.1210332725220785,0.09701436608689144,0.262417696441819,0.1665707753941754,-0.1642391070011853,0.006445664179330408,-0.2605929488799664,-0.11177418322877097,-0.18919642875613563,0.15908101963631205,0.0,1
linear_c_state,rank_reward,side=B_side|tfc=mid|phase=q1,51,O6_phase_only,0.20473163622806698,0.0178609131395542,0.1447139576271329,0.14480113800405683,0.07457135342701462,0.117731431977122,0.11380162732857584,0.25969518862883006,0.14468530300726776,6.930990054082489e-05,0.0002800977544807283,-0.23198162001810246,-0.07215426033188176,-0.08403648339682958,0.20473163622806698,0.0,1
linear_c_state,rank_reward,side=A_side|tfc=mid|phase=q4,27,O4_B_C_boundary,0.05119428239485678,-0.06977160958207221,0.09418054524977786,0.055593819405857066,0.13294122720396478,0.22599506222867138,0.07362365496966781,0.22242291828048885,0.19524277266157233,-0.25516054829119694,-0.4396601086165514,-0.13451782483443328,0.05119428239485678,-0.34134708967634114,0.04561789213541679,0.0,1
linear_c_state,rank_reward,side=A_side|tfc=low|phase=q4,28,O3_A_C_boundary,0.21139531758609223,0.031051760919320794,0.029046961377833642,0.1537456485695647,0.28187753493760337,0.1949010933096819,0.13029246231690117,0.05605412176502664,0.15408217772338853,-0.5840002712502212,-0.0007652670792062309,0.21139531758609223,0.08225214704773673,-0.05869655676217757,-0.35390893914798177,0.0,1
linear_c_state,rank_reward,side=A_side|tfc=high|phase=q1,23,O3_A_C_boundary,0.788834354919398,0.5551161185190578,0.2693491727389996,0.07408907326935804,0.39116487897895846,0.03397125692487237,0.10292961739367601,0.0874244077274006,0.04107159296673478,0.6582421523845516,0.20648297191673287,0.788834354919398,-0.06643067596475485,0.3215550500884503,0.26441022805664127,0.0,1
linear_c_state,rank_reward,side=A_side|tfc=mid|phase=q1,23,O2_lag5_AB,0.13912333683424388,-0.017036898420769712,0.0979917356623306,0.24257294798345375,0.18271440752066195,0.05112017176669868,0.13267271157467336,0.12991872890295192,0.16300929658922972,-0.17812343091610916,0.13912333683424388,0.03994097999591888,-0.4058698221683164,-0.07207268364051486,-0.07941434927823175,0.0,1
linear_c_state,rank_reward,side=B_side|tfc=low|phase=q4,40,O4_B_C_boundary,0.1333811818277766,-0.03048530713862679,0.1588932581937743,0.17747029703642717,0.036194835779420516,0.25993084237036285,0.06759311106536081,0.12235447119202844,0.17756318436262597,-0.03888285420343025,-0.00018314083946816066,-0.5566435221150686,0.1333811818277766,-0.33803715514628035,-0.13034146311135061,0.0,2
linear_c_state,rank_reward,side=A_side|tfc=low|phase=q1,27,O3_A_C_boundary,0.5967603194289904,0.33019532238166627,0.016251399276546334,0.1001831829817965,0.4192314793112518,0.07504026648512589,0.17446817344376891,0.13862303894002662,0.07620245956148376,-0.5408251539204385,0.09576231005968211,0.5967603194289904,-0.005379109382068409,0.28992200929466316,0.20942759571259517,0.0,2
linear_c_state,rank_reward,side=A_side|tfc=high|phase=q4,33,O3_A_C_boundary,0.5108156904766518,0.29698264824108705,0.13790975888430002,0.07306393081409145,0.3464512284404982,0.09112932460278453,0.2536172407405871,0.01732759333239109,0.08050092318534764,0.18841581417034087,-0.033926840511475743,0.5108156904766518,0.04340384811737861,0.4016451431108871,-0.5375889509656684,0.0,2
linear_c_state,rank_reward,side=B_side|tfc=high|phase=q1,40,O1_lag0_AB,0.5495691450570949,0.2558029651047019,0.42500325556610075,0.1486290448595356,0.07339663535438465,0.08282779464939373,0.09650615323011798,0.08523470280178937,0.08840241353867788,0.5495691450570949,0.18184400433462408,-0.06510741196167316,-0.02279745387895979,0.030697624513552447,-0.012771713835071974,0.0,2
linear_c_state,rank_reward,side=B_side|tfc=high|phase=q4,41,O1_lag0_AB,0.5087400015008247,0.32155073937378276,0.29006057943478186,0.15855914045751132,0.1262949571772604,0.05929154234283504,0.23818239540785663,0.05981241984118414,0.06779896533857062,0.5087400015008247,0.2973532503554275,0.21772560840970576,-0.04692809219528557,0.4397714345797804,-0.043866761852502364,0.0,2
linear_c_state,rank_reward,side=B_side|tfc=low|phase=q1,36,O4_B_C_boundary,0.25170522177471305,0.016110833296108004,0.05258353119807112,0.10236397300254506,0.08561138528802552,0.3350035425258423,0.07351722743960348,0.18771921651118495,0.16320112403472753,-0.39640312402198336,-0.16325697689732696,-0.2258077674893342,0.25170522177471305,-0.2791122475001474,0.048987395531782746,0.0,2
linear_c_state,rank_reward,side=B_side|tfc=mid|phase=q4,37,O6_phase_only,0.21713332073546965,-0.013190570733925974,0.13201184777779423,0.13948524343070373,0.09173137734489303,0.057061261028748325,0.0953656469877349,0.31497181611768166,0.16937280731244414,-0.08722369996985702,-0.06795020119510364,-0.21463321291231227,-0.3807918800714223,-0.20103433932991818,0.21713332073546965,0.0,2
linear_c_state,rank_reward,side=B_side|tfc=mid|phase=q1,51,O6_phase_only,0.13749403451777692,-0.008620123862565297,0.1967386864862134,0.09998393808509128,0.07873729885274394,0.1394056268813226,0.09725274387369705,0.23155227102000484,0.15632943480092681,0.0804687945279545,-0.1564345958774754,-0.2400469966549595,-0.04010218787597135,-0.1661283208968729,0.13749403451777692,0.0,2
linear_c_state,rank_reward,side=A_side|tfc=mid|phase=q4,26,O6_phase_only,0.09689814500792202,-0.038357660615930836,0.09036172115653238,0.0551970892920297,0.1295941379849856,0.2313004295274365,0.07776814694708496,0.23648408738341223,0.1792943877085186,-0.23982291893304514,-0.4123416000625516,-0.1136175346948685,0.08914092153841298,-0.29235400387315325,0.09689814500792202,0.0,2
linear_c_state,rank_reward,side=A_side|tfc=low|phase=q4,26,O6_phase_only,0.07724935449242666,-0.03799606324312936,0.04726496233193129,0.15901266170210882,0.21356040382049488,0.09260291714796501,0.09157075648703539,0.21975576568072305,0.17623253282974158,-0.46061227287140405,-0.03598717495549248,0.06724038379120643,-0.22521929095237395,-0.22914232736003903,0.07724935449242666,0.0,2
linear_c_state,rank_reward,side=A_side|tfc=high|phase=q1,25,O1_lag0_AB,0.8185194290314817,0.5874818780723323,0.38197802880846404,0.10143716933414224,0.2621483959204563,0.05758723882164747,0.11755472329628411,0.04244884595114521,0.036845597867860534,0.8185194290314817,0.35444620218568107,0.6867611062927039,0.15629769549338882,0.4060587316423462,0.04954725148071744,0.0,2
linear_c_state,rank_reward,side=A_side|tfc=mid|phase=q1,19,O2_lag5_AB,0.12029461455592516,-0.03031497370487255,0.11952621072519828,0.2392540068516169,0.15852823233106655,0.04005199913565368,0.14819621528959442,0.12477817035177567,0.16966516531509457,-0.1226019182778015,0.12029461455592516,-0.023762962858148873,-0.5052769017617388,-0.0473513965168565,-0.10755127440060581,0.0,2
linear_c_state,rank_reward,side=B_side|tfc=low|phase=q4,37,O2_lag5_AB,0.13319783756994755,-0.004576181847285523,0.119427557895599,0.2431861637592878,0.030911623288971627,0.23774026211037058,0.09061350633140573,0.11190923169411589,0.16621165492024934,-0.11569320992715965,0.13319783756994755,-0.5887454070552274,0.125270857678324,-0.21233055458750413,-0.13845086304735524,0.0,3
linear_c_state,rank_reward,side=A_side|tfc=low|phase=q1,24,O3_A_C_boundary,0.4369050013217544,0.29184877580389246,0.011495207398324847,0.13618820462804654,0.2594663689032375,0.1452072857481534,0.22840667950138632,0.14477141209672953,0.07446484172412185,-0.6539389116031444,0.21129874353638414,0.4369050013217544,0.23374231567125445,0.39228022094722464,0.23269012877596817,0.0,3
linear_c_state,rank_reward,side=A_side|tfc=high|phase=q4,31,O3_A_C_boundary,0.48139487931894354,0.3214458467202693,0.16581628516028113,0.07576136504141927,0.2981392050181237,0.08131484012875452,0.2911006444663636,0.012517461081217212,0.07535019910384057,0.27605686224781384,0.0019046647304688153,0.48139487931894354,0.02666368874732124,0.4730328740177705,-0.6282577039859516,0.0,3
linear_c_state,rank_reward,side=B_side|tfc=high|phase=q1,41,O1_lag0_AB,0.4877124439828856,0.20607040844355615,0.3861154939751122,0.12508725237197235,0.126166431920818,0.07396312442646516,0.10487207358679561,0.08795636438012935,0.09583925933870735,0.4877124439828856,0.09321868728929111,0.09622533107991145,-0.09068701452803231,0.03152409901968657,-0.030041050918445195,0.0,3
linear_c_state,rank_reward,side=B_side|tfc=high|phase=q4,41,O1_lag0_AB,0.540281337777733,0.3209655751628199,0.3251503677897008,0.11818911538951743,0.14971993377537088,0.05376675656119427,0.2222727392492423,0.06144971828048397,0.06945136895449035,0.540281337777733,0.1860807318911967,0.26884888111868327,-0.0895899941909997,0.407147440916592,-0.04284263511664627,0.0,3
linear_c_state,rank_reward,side=B_side|tfc=low|phase=q1,36,O4_B_C_boundary,0.3828905704115339,0.19354389250979187,0.03547940970747115,0.06906257453695637,0.06368617263442493,0.3503694410286469,0.03930950813021842,0.3247600066902233,0.11733288727205894,-0.41862189785251497,-0.1855007399995878,-0.2138666657233397,0.3828905704115339,-0.3827420304733711,0.3563249841657058,0.0,3
linear_c_state,rank_reward,side=B_side|tfc=mid|phase=q4,37,O6_phase_only,0.10497299042524882,-0.015417631076478658,0.18536269313552217,0.18958556977501004,0.0706186499065286,0.05767693817493433,0.11248914106725613,0.22073205796880277,0.16353494997194598,0.04385068815571118,0.05173481227354484,-0.29390635966777134,-0.36475926206335557,-0.13095951247777535,0.10497299042524882,0.0,3
linear_c_state,rank_reward,side=B_side|tfc=mid|phase=q1,45,O6_phase_only,0.11461495399023462,-0.005946791161871592,0.1857095802686098,0.11947150304127317,0.12426804957749579,0.0976763454260344,0.11407181799533361,0.20851603038747835,0.1502866733037749,0.07407380103804984,-0.0803133628014351,-0.06653629600281678,-0.1508098235548494,-0.09650073757337307,0.11461495399023462,0.0,3
linear_c_state,rank_reward,side=A_side|tfc=mid|phase=q4,22,O4_B_C_boundary,0.0455949077579193,-0.10152054751555821,0.07663697110381086,0.04729156108769835,0.16259842371217806,0.24411945247961092,0.10069129340019912,0.15436024149696403,0.21430205671953853,-0.3599074108086103,-0.5288691214659713,-0.09663604895647201,0.0455949077579193,-0.2643645076114687,-0.11483408952580249,0.0,3
linear_c_state,rank_reward,side=A_side|tfc=low|phase=q4,31,O3_A_C_boundary,0.06649718001457296,-0.08071296652355726,0.04210203244024481,0.15412312488413984,0.23965781762184965,0.14912837664308795,0.09765749353097447,0.11914233675544678,0.19818881812425648,-0.54219346550531,-0.08801394278698635,0.06649718001457296,-0.09954443798999958,-0.24771383354360557,-0.17811546117316415,0.0,3
linear_c_state,rank_reward,side=A_side|tfc=high|phase=q1,25,O1_lag0_AB,0.7879787144571512,0.5455251845989363,0.3641639158237926,0.1347356958609165,0.20845444382452427,0.049880353214419436,0.1188744465103045,0.08556101254698414,0.03833013221905856,0.7879787144571512,0.43997755273829625,0.5927194677738848,0.09218680561682562,0.3961410375687368,0.2810476863651995,0.0,3
linear_c_state,rank_reward,side=A_side|tfc=mid|phase=q1,23,O2_lag5_AB,0.1416076821348554,0.008163837118734894,0.05888238391414298,0.2385814798913619,0.21140258555114055,0.04702110614790498,0.18733885829411823,0.09758055330781085,0.15919303289352052,-0.3481014417816974,0.1416076821348554,0.09927637816293297,-0.4268323294671196,0.05698054048502227,-0.17130374959250752,0.0,3
linear_c_state,rank_reward,side=B_side|tfc=low|phase=q4,42,O4_B_C_boundary,0.08520529870810668,-0.0788309050562804,0.11746431566162725,0.1657660557001377,0.043317900861116476,0.2537100544027066,0.09974403015042786,0.12110834366934091,0.19888929955464318,-0.1843148283669095,-0.06375981323337679,-0.5334638476698503,0.08520529870810668,-0.241549413151669,-0.17362199368747502,0.0,4
linear_c_state,rank_reward,side=A_side|tfc=low|phase=q1,25,O3_A_C_boundary,0.5614597192558176,0.2811338084268783,0.031902922774039603,0.10396707009371174,0.4182213223752705,0.09041357304369355,0.16095832881760988,0.11045077779250324,0.08408600510317162,-0.33919988085101493,0.07428192448828376,0.5614597192558176,0.025393989283163082,0.22725687562956143,0.09545543929335955,0.0,4
linear_c_state,rank_reward,side=A_side|tfc=high|phase=q4,28,O5_full_TFC,0.4953786988807907,0.35378732716583255,0.12148477890328481,0.039154988706458456,0.22561842989444023,0.24762223022206226,0.2831511792450875,0.014209007349433311,0.06875938567923345,0.1992115062760158,-0.1970798922498982,0.4158811870087879,0.4484518756843592,0.4953786988807907,-0.5518580068070225,0.0,4
linear_c_state,rank_reward,side=B_side|tfc=high|phase=q1,41,O1_lag0_AB,0.539764712442163,0.2457043427936016,0.4127881889416336,0.09551073410797448,0.1162510084569683,0.08584476565172085,0.11487817336929437,0.08642628166505247,0.08830084780735589,0.539764712442163,0.027471125920223355,0.0962507036128264,-0.00987318303329393,0.09209287354065761,-0.007510262729611344,0.0,4
linear_c_state,rank_reward,side=B_side|tfc=high|phase=q4,37,O1_lag0_AB,0.519223568251866,0.31637383222100746,0.31258828966182295,0.1515808354688948,0.1078721685558233,0.03505296517131189,0.2399495986624272,0.08204759047662516,0.07090855200309466,0.519223568251866,0.2659048011215213,0.14684454914653408,-0.24658579353522744,0.4266632470850692,0.05106794128795887,0.0,4
linear_c_state,rank_reward,side=B_side|tfc=low|phase=q1,42,O4_B_C_boundary,0.41647240542843045,0.13700018678114873,0.030420784660690016,0.12215694014373975,0.056332101085143964,0.43565744566878234,0.0715113427596776,0.15137467707351962,0.1325467086084467,-0.5151331571297019,-0.028569970957032217,-0.2994846922614989,0.41647240542843045,-0.21597765839741503,0.046488038616895884,0.0,4
linear_c_state,rank_reward,side=B_side|tfc=mid|phase=q4,44,O6_phase_only,0.15189273614562523,0.008465311797552812,0.12154950744462367,0.2174650618975436,0.08762833890084037,0.07576168850681402,0.11470729555961841,0.23234549176186886,0.15054261592869111,-0.07487359528429129,0.12872719868708268,-0.18939961507680125,-0.24032871457585608,-0.09515190255686846,0.15189273614562523,0.0,4
linear_c_state,rank_reward,side=B_side|tfc=mid|phase=q1,52,O6_phase_only,0.11587403173864003,-0.023786128426867035,0.12637297029537317,0.11577427115822964,0.09199737489369643,0.1813592944516515,0.10161311199612551,0.22284531149435177,0.160037665710572,-0.08266005369120834,-0.11331839442092109,-0.1937772043698322,0.04377482117821089,-0.1589828157129403,0.11587403173864003,0.0,4
linear_c_state,rank_reward,side=A_side|tfc=mid|phase=q4,23,O6_phase_only,0.0575069425807885,-0.05564547699514531,0.0447906670828624,0.04453046897015588,0.18917008451530015,0.20264190829858783,0.09497400636651888,0.22931935381676377,0.19457351094981115,-0.5140835862074075,-0.5161227362020387,-0.009857229037454325,0.014220633998571274,-0.2510223810556392,0.0575069425807885,0.0,4
linear_c_state,rank_reward,side=A_side|tfc=low|phase=q4,27,O4_B_C_boundary,0.10943705294552739,-0.01875283744980155,0.050271466229214405,0.13243109776921966,0.1890886662694098,0.2211921790041156,0.13414823672154721,0.11106938739643235,0.1617989666100609,-0.40912094069265803,-0.07010224355197721,0.05455149734392435,0.10943705294552739,-0.06559321477254836,-0.1316698250272257,0.0,4
linear_c_state,rank_reward,side=A_side|tfc=high|phase=q1,20,O1_lag0_AB,0.7168584393141496,0.48942163596272575,0.36479725824457776,0.12871081076126686,0.24520460801038074,0.035090098955083984,0.12168695284327423,0.057461969335378636,0.04704830185003781,0.7168584393141496,0.35223766824656844,0.577821378338395,-0.10263951715439452,0.3325969548256831,0.06998199361683252,0.0,4
linear_c_state,rank_reward,side=A_side|tfc=mid|phase=q1,17,O3_A_C_boundary,0.09660084456705248,-0.01617973489388622,0.11474557708188443,0.16742318612680024,0.20878558102781222,0.052679269438931954,0.15525442024692188,0.1426831497341604,0.15842881634348888,-0.11290582798108352,0.019326745059168832,0.09660084456705248,-0.385379181361284,-0.007084067195435286,-0.036637631952341744,0.0,4
linear_c_state,gmr72_bridge_composite,side=B_side|tfc=high|phase=q1,38,O1_lag0_AB,0.0719528898520813,-0.04942122754438202,0.2064727539164672,0.14067126567279803,0.11854945906904175,0.12167069722442483,0.1213692985487101,0.12316152692364611,0.16810499864491205,0.0719528898520813,-0.06235706992245571,-0.12224048427607684,-0.11314470435572094,-0.11401278855924449,-0.10888221933597443,0.0,0
linear_c_state,gmr72_bridge_composite,side=A_side|tfc=high|phase=q4,30,O5_full_TFC,0.16057362496795685,0.056509122579276094,0.1678293718771599,0.11785567071583229,0.18103691784241052,0.13038510084127153,0.20006342317762485,0.07637879813884207,0.12645071740685862,0.09908331060483637,-0.024637165083098402,0.1255969154667327,0.010723908674381168,0.16057362496795685,-0.17645162505439538,0.0,0
linear_c_state,gmr72_bridge_composite,side=A_side|tfc=low|phase=q4,28,O3_A_C_boundary,0.2000067355195265,0.11085967345113495,0.1036233065272944,0.1708695060438042,0.18813561080895755,0.13958291272974604,0.13919165578042134,0.15235546385919213,0.10624154425058456,-0.008733532538424784,0.16631472252916238,0.2000067355195265,0.09553024602573047,0.09454780330931296,0.12617540163750923,0.0,0
linear_c_state,gmr72_bridge_composite,side=A_side|tfc=high|phase=q1,23,O1_lag0_AB,0.2635062075827513,0.15507861727294545,0.20174432953979135,0.13809574615607434,0.19331315751930897,0.10496173242536068,0.14635699841879782,0.1205043371374394,0.09502369880322747,0.2635062075827513,0.13083732750504493,0.24856479556687325,0.03481432817087704,0.15117287855482112,0.0831457982417653,0.0,0
linear_c_state,gmr72_bridge_composite,side=B_side|tfc=high|phase=q4,35,O5_full_TFC,0.3153783744782069,0.1296157195045225,0.1535210993021412,0.1362280819438416,0.10907440456882112,0.11387294068033804,0.2555136128798307,0.12801802325271464,0.10377183737231276,0.13707518813045652,0.09524757776656281,0.017442474846894193,0.03251102880207408,0.3153783744782069,0.07349175505324759,0.0,0
linear_c_state,gmr72_bridge_composite,side=B_side|tfc=low|phase=q1,44,O4_B_C_boundary,0.049597475511119864,-0.048167207335336276,0.09069926120852571,0.1383807008630071,0.1354499638581843,0.19336241329083353,0.1212384580115055,0.1530547125766588,0.16781449019128508,-0.21535847640949085,-0.067497694395922,-0.07498989488983648,0.049597475511119864,-0.11378493371589343,-0.032222290882656386,0.0,0
linear_c_state,gmr72_bridge_composite,side=A_side|tfc=mid|phase=q4,22,O7_suppress_event,0.0,-0.18650427260268987,0.11322601720710589,0.09602343405167978,0.11142569073172962,0.1327164293460754,0.16175649730035332,0.12768247903657579,0.25716945232648014,-0.28712223464702014,-0.3448000320837918,-0.29273205405793,-0.23153216566758572,-0.16227508984383598,-0.24506603298403445,0.0,0
linear_c_state,gmr72_bridge_composite,side=B_side|tfc=mid|phase=q1,41,O7_suppress_event,0.0,-0.07890659102864053,0.12922210511579618,0.12800004871232382,0.11592665780807035,0.13930807545981702,0.13501140076737406,0.17141444832079114,0.18111726381582743,-0.11816420662737767,-0.12148991518727366,-0.15616543495227256,-0.09185989296991919,-0.1028249120063795,-0.019271136270821793,0.0,0
linear_c_state,gmr72_bridge_composite,side=B_side|tfc=low|phase=q4,37,O4_B_C_boundary,0.0693492495103431,-0.012572562028996023,0.15623961695249905,0.14936614315635455,0.10073889970321992,0.18318873645129843,0.12344013093450737,0.13676510118208962,0.15026137162003106,0.013655102892906813,-0.002091469435900569,-0.13994548298379758,0.0693492495103431,-0.0688169952548318,-0.03293898681001485,0.0,0
linear_c_state,gmr72_bridge_composite,side=A_side|tfc=mid|phase=q1,22,O3_A_C_boundary,0.09711114945069377,0.0181790332948128,0.11657806943535136,0.1612543704869288,0.18097910823942648,0.13011814496397905,0.15205466645834723,0.1218867659060098,0.13712887450995742,-0.05682600036008707,0.05672165995757938,0.09711114945069377,-0.01836741492425822,0.0361616256506421,-0.04124004782971246,0.0,0
linear_c_state,gmr72_bridge_composite,side=A_side|tfc=low|phase=q1,19,O6_phase_only,0.09617255480018823,0.046631807133171346,0.09127735025031694,0.1544945367452787,0.14530192405765702,0.14998884502297138,0.16470355562140293,0.16720296892935554,0.12703081937301747,-0.11568446852320047,0.06850515195778599,0.04703442912266392,0.058145918449665344,0.09090112366160903,0.09617255480018823,0.0,0
linear_c_state,gmr72_bridge_composite,side=B_side|tfc=mid|phase=q4,37,O5_full_TFC,0.05013724503818775,-0.00495895013281837,0.1314357853755984,0.14893258676148555,0.11716843505218924,0.1359095930862124,0.16816933256659988,0.15265914354580284,0.14572512361211162,-0.03612130339246602,0.007620071737215924,-0.07633836588429545,-0.024406278476644828,0.05013724503818775,0.016269919386110093,0.0,0
linear_c_state,gmr72_bridge_composite,side=B_side|tfc=low|phase=q4,44,O4_B_C_boundary,0.0005265926453377862,-0.0414940943468414,0.1311511984962068,0.15512014522681575,0.108160539003951,0.16240749528642082,0.1385608522658626,0.1424364409723028,0.16216332874844025,-0.07428861469940597,-0.015541428816363386,-0.14174560183421814,0.0005265926453377862,-0.05505305183493655,-0.045397855140692875,0.0,1
linear_c_state,gmr72_bridge_composite,side=A_side|tfc=low|phase=q1,25,O3_A_C_boundary,0.07208681981812042,-0.02861609980244172,0.09125202530828219,0.11799437345994257,0.1960953755927817,0.13446338081288126,0.12144368011184428,0.1791562520925406,0.15959491262172731,-0.19565476746494054,-0.10570065377129786,0.07208681981812042,-0.0599714179211855,-0.09561586704757474,0.04046683657963834,0.0,1
linear_c_state,gmr72_bridge_composite,side=A_side|tfc=high|phase=q4,26,O5_full_TFC,0.24866176233048193,0.13159187720876653,0.17758596287796763,0.13678493818941426,0.1606411841060888,0.1368937912597805,0.20832148848703988,0.07739990942466925,0.1023727256550397,0.1927920622188619,0.10142635022437771,0.157693508543154,0.10170476847568927,0.24866176233048193,-0.09787215050605484,0.0,1
linear_c_state,gmr72_bridge_composite,side=B_side|tfc=high|phase=q1,40,O1_lag0_AB,0.1283686526078502,0.0009353133461087147,0.20931786705327163,0.1315008011455098,0.12094602462304054,0.13765111179988912,0.13499800663510036,0.12053504253613881,0.1450511462070498,0.1283686526078502,-0.034325714054437774,-0.06360971543796524,-0.018327436443898233,-0.02513924000840848,-0.06480106241179732,0.0,1
linear_c_state,gmr72_bridge_composite,side=B_side|tfc=high|phase=q4,42,O5_full_TFC,0.26881756875752655,0.10792508874615712,0.20168134304964377,0.12156733826858183,0.12832682425493624,0.10336130154513685,0.24027683293220056,0.0933179164716946,0.11146844347780617,0.20753159331127677,0.03035438034335762,0.0492935770373362,-0.026428815141136097,0.26881756875752655,-0.06220529437843628,0.0,1
linear_c_state,gmr72_bridge_composite,side=B_side|tfc=low|phase=q1,42,O4_B_C_boundary,0.026215214317586655,-0.05387817105842228,0.0873807330183433,0.13686403639677255,0.12883477673744936,0.18454521340210828,0.11714923816430825,0.17399836554492296,0.17122763673609528,-0.23545167375353632,-0.0784020587819824,-0.09956208404161519,0.026215214317586655,-0.13284082642557726,0.005618208938252376,0.0,1
linear_c_state,gmr72_bridge_composite,side=B_side|tfc=mid|phase=q4,41,O6_phase_only,0.08669694155651701,0.0341556721510433,0.12715637431916207,0.15937062181230205,0.13181152465950235,0.14492276458061515,0.13975094639857807,0.16679179872610642,0.13019596950373397,-0.008268102574597452,0.07076708500782389,0.0043162999792740915,0.037506059269123045,0.024787388847315486,0.08669694155651701,0.0,1
linear_c_state,gmr72_bridge_composite,side=B_side|tfc=mid|phase=q1,51,O6_phase_only,0.08703969200702734,-0.0006538965819964972,0.1466470658788839,0.14317549273668415,0.11459123475667621,0.13667942753206644,0.1290826001299688,0.18531262769353657,0.14451155127218385,0.005134270267380334,-0.003250920464373308,-0.08119584485100985,-0.019502421785066837,-0.03951742669782251,0.08703969200702734,0.0,1
linear_c_state,gmr72_bridge_composite,side=A_side|tfc=mid|phase=q4,27,O7_suppress_event,0.0,-0.13738296655962334,0.10830798129603149,0.09962144387341297,0.1409169544055017,0.14793120920084482,0.14703619720041655,0.1384291440289458,0.21775706999484662,-0.2444404326489519,-0.2737009247903842,-0.15232326990744485,-0.13532145220863173,-0.1374454506892464,-0.158557519522515,0.0,1
linear_c_state,gmr72_bridge_composite,side=A_side|tfc=low|phase=q4,28,O3_A_C_boundary,0.2736864526245542,0.137957164309109,0.09854416244623458,0.17372253668683799,0.21966174721715734,0.16311880235838305,0.13927308205960448,0.10518270129059756,0.10049696794118487,-0.0068679659640376945,0.19156614834460722,0.2736864526245542,0.1695229293958629,0.11420817366690172,0.015949952576858245,0.0,1
linear_c_state,gmr72_bridge_composite,side=A_side|tfc=high|phase=q1,23,O3_A_C_boundary,0.3158553808622741,0.20780747505547134,0.19589479151050307,0.1307883623210039,0.2035542992335164,0.09565596821116917,0.13539691411572713,0.15615267395299215,0.08255699065508822,0.30243111025249864,0.1610320639597142,0.3158553808622741,0.05154423386786099,0.17315260153613507,0.22307087500980258,0.0,1
linear_c_state,gmr72_bridge_composite,side=A_side|tfc=mid|phase=q1,23,O2_lag5_AB,0.002495444775850793,-0.04701950603721801,0.12889415250034436,0.1661742475497356,0.16212114132494082,0.11263297753783531,0.13665760058654253,0.12852621543176682,0.16499366506883456,-0.08642043737118658,0.002495444775850793,-0.006147133266792026,-0.13362038671693546,-0.06594999179409179,-0.08742096473996556,0.0,1
linear_c_state,gmr72_bridge_composite,side=B_side|tfc=low|phase=q4,40,O4_B_C_boundary,0.007645799544074569,-0.04705024272291547,0.1386763112972999,0.156626950293561,0.10341190129908705,0.16897638322147615,0.14023857797324435,0.12674477906939127,0.1653250968459404,-0.061519954143401515,-0.01891643397668667,-0.16421781750381545,0.007645799544074569,-0.0575990515595049,-0.09300842897602221,0.0,2
linear_c_state,gmr72_bridge_composite,side=A_side|tfc=low|phase=q1,27,O3_A_C_boundary,0.1042573324676475,0.003750840355590504,0.08239547552258156,0.12432761835408412,0.19626224348831747,0.12129661902282945,0.16042514261429575,0.16958941348790788,0.1457034875099838,-0.19951509285822605,-0.05552871947514522,0.1042573324676475,-0.06416714725600076,0.03368882421126481,0.05313232812436322,0.0,2
linear_c_state,gmr72_bridge_composite,side=A_side|tfc=high|phase=q4,33,O3_A_C_boundary,0.0948214729262888,0.020459337913830977,0.15309595252410577,0.12166184995511173,0.18067938218443494,0.13958828836355458,0.1779877614771308,0.08918645699764875,0.13780030849801353,0.036840743865757426,-0.04359604290782688,0.0948214729262888,0.004512093337718339,0.08956821820358767,-0.15227673882261755,0.0,2
linear_c_state,gmr72_bridge_composite,side=B_side|tfc=high|phase=q1,40,O1_lag0_AB,0.08149617269352816,-0.02191405219997087,0.19452883959168854,0.14629416134925757,0.11969236154580376,0.1286377902287973,0.133080455409702,0.12364597572727247,0.15412041614747832,0.08149617269352816,-0.01824018750090826,-0.08848329794399991,-0.06325675739996128,-0.051373121340632544,-0.07710912025038516,0.0,2
linear_c_state,gmr72_bridge_composite,side=B_side|tfc=high|phase=q4,41,O5_full_TFC,0.5175472996443041,0.288170866524658,0.17347521282528877,0.144980096570576,0.11809937191760023,0.09289544651211323,0.31137784958218756,0.08819894936855689,0.07097307322367727,0.3128069591091898,0.25000356963098813,0.17822904757944333,0.09421092622969332,0.5175472996443041,0.07605307369929903,0.0,2
linear_c_state,gmr72_bridge_composite,side=B_side|tfc=low|phase=q1,36,O7_suppress_event,0.0,-0.08777756235593093,0.10270744684919639,0.13417271614680948,0.12971023396775924,0.1726748120132602,0.11135965465613082,0.16182753042299974,0.18754760594384412,-0.2107518302897618,-0.1172166852793621,-0.12905540144844965,-0.028917904837571593,-0.18244366564124678,-0.0516255496592245,0.0,2
linear_c_state,gmr72_bridge_composite,side=B_side|tfc=mid|phase=q4,37,O6_phase_only,0.09630502137145397,0.014200269525435414,0.14520514512507776,0.15036563148327053,0.1300576331191136,0.11245013169897548,0.14112061213658433,0.18232990400803853,0.13847094242893976,0.016620462197445517,0.02884327938437779,-0.02193898621605434,-0.07285272822661677,0.006634049902499747,0.09630502137145397,0.0,2
linear_c_state,gmr72_bridge_composite,side=B_side|tfc=mid|phase=q1,51,O6_phase_only,0.08359733258736225,0.020182537852500224,0.16487433463883577,0.13194910022989387,0.11994628435442686,0.1459552599355662,0.1287902630636284,0.17257566275508918,0.13590909502255963,0.0676190662656097,-0.010349499786436527,-0.04372978088739999,0.02495986242964951,-0.0188303604342656,0.08359733258736225,0.0,2
linear_c_state,gmr72_bridge_composite,side=A_side|tfc=mid|phase=q4,26,O7_suppress_event,0.0,-0.11814025747023843,0.11296066137290743,0.10015739614296432,0.144630711873097,0.1552572598763852,0.1325444040696184,0.14948319492906723,0.20496637173596044,-0.2085322038492052,-0.2506360553659451,-0.1220317861934897,-0.09721685510631002,-0.15257487386112784,-0.11048168157555441,0.0,2
linear_c_state,gmr72_bridge_composite,side=A_side|tfc=low|phase=q4,26,O3_A_C_boundary,0.10341758340704077,0.04519694102445328,0.11197414727038078,0.16931604600009778,0.1711412566095778,0.12384506009108162,0.12593262785233925,0.1704317860789058,0.1273590760976171,-0.045059857886366746,0.09966480836797545,0.10341758340704077,-0.009792719613537877,-0.003942191206461516,0.101963633523433,0.0,2
linear_c_state,gmr72_bridge_composite,side=A_side|tfc=high|phase=q1,25,O1_lag0_AB,0.37598074043841256,0.2241769218341984,0.23119438207438975,0.1367840988776701,0.17261401581514968,0.11659169651863663,0.1443741260371846,0.11947483017148199,0.07896685050548725,0.37598074043841256,0.19228146406288707,0.27371044009052686,0.13637746760397584,0.21118295705000803,0.14492715035987605,0.0,2
linear_c_state,gmr72_bridge_composite,side=A_side|tfc=mid|phase=q1,19,O2_lag5_AB,0.03136336027647608,-0.019207422558180302,0.13594428146254367,0.16628861308660903,0.15971859868125124,0.12081792501197322,0.14715075831328264,0.11804413115930643,0.15203569228503386,-0.03915457150006574,0.03136336027647608,0.01725436916522878,-0.08044072770730253,-0.011430189030456924,-0.08856986723283326,0.0,2
linear_c_state,gmr72_bridge_composite,side=B_side|tfc=low|phase=q4,37,O4_B_C_boundary,0.0258531142957391,-0.038418840594459436,0.1312572943523628,0.16641065416094566,0.09515689675367037,0.1745279083278803,0.14178682374746582,0.12875958097085283,0.16210084168682234,-0.07387070081131737,0.009183976419216238,-0.1864420414657379,0.0258531142957391,-0.04686287645412313,-0.08059508416325782,0.0,3
linear_c_state,gmr72_bridge_composite,side=A_side|tfc=low|phase=q1,24,O5_full_TFC,0.03976055118306639,-0.013645404087886632,0.07426724633566116,0.13809272262039501,0.16915915131328702,0.13806505197519386,0.17079516224290103,0.1571665937312755,0.15245407178128625,-0.2517176751065943,-0.03462830681170865,0.03639181472042835,-0.03469844588975556,0.03976055118306639,0.01065503855553257,0.0,3
linear_c_state,gmr72_bridge_composite,side=A_side|tfc=high|phase=q4,31,O5_full_TFC,0.17287266372410276,0.05721128829500068,0.17417922404243807,0.12226506037059927,0.1655573695547312,0.130816848285829,0.20714082990896102,0.07363744186632804,0.12640322597111328,0.11221272615929077,-0.011649991264655272,0.09444427134618531,0.012012432929737719,0.17287266372410276,-0.18911318507213465,0.0,3
linear_c_state,gmr72_bridge_composite,side=B_side|tfc=high|phase=q1,41,O1_lag0_AB,0.14221429023807816,0.03133825025035153,0.1985610598312024,0.1445198321780885,0.13952808786620743,0.13039103480069514,0.12947318369633803,0.12526674432649798,0.13226005730097037,0.14221429023807816,0.031026320342799934,0.018723534274807073,-0.0049812769617363665,-0.007453716024585819,-0.0190136440284634,0.0,3
linear_c_state,gmr72_bridge_composite,side=B_side|tfc=high|phase=q4,41,O5_full_TFC,0.39640365550741435,0.18208069891076786,0.18705956903860743,0.13290725625696964,0.1176895921238685,0.08624308775421852,0.291922695379803,0.09012021901741504,0.09405758042911787,0.24063198762642443,0.12101054389000308,0.07845020074911822,-0.030358034619430447,0.39640365550741435,-0.01496691232473954,0.0,3
linear_c_state,gmr72_bridge_composite,side=B_side|tfc=low|phase=q1,36,O6_phase_only,0.04760502301823194,-0.07006787065155001,0.09852213830582456,0.11925062426752175,0.11415285968922811,0.1783626031601416,0.09886451530192829,0.20869338762995887,0.18215387164539673,-0.21509967541618555,-0.14826854482474922,-0.16355967382841738,-0.007361621350125483,-0.2138854892832908,0.04760502301823194,0.0,3
linear_c_state,gmr72_bridge_composite,side=B_side|tfc=mid|phase=q4,37,O7_suppress_event,0.0,-0.044682446883527745,0.1513416555156026,0.15050951380788555,0.11590247225024881,0.10986128281311627,0.15874410206659592,0.14973115355035554,0.16390981999619517,-0.027921774390567655,-0.02985153557838318,-0.12129856112667181,-0.14003426285405354,-0.011208019818657957,-0.03166625776671228,0.0,3
linear_c_state,gmr72_bridge_composite,side=B_side|tfc=mid|phase=q1,45,O6_phase_only,0.07963038319171062,0.022048641309876885,0.1600389780449924,0.1428147160165432,0.13283637669429174,0.1318221688102909,0.1284074717415775,0.16926165721838363,0.1348186314739206,0.06002044780796792,0.020166192663325783,-0.005184299464958555,-0.007866808706163544,-0.017052638369409772,0.07963038319171062,0.0,3
linear_c_state,gmr72_bridge_composite,side=A_side|tfc=mid|phase=q4,22,O7_suppress_event,0.0,-0.1728160709824197,0.10231858005725862,0.09074811767992318,0.1387995926644307,0.1554898634352195,0.14071745186676837,0.12598179972256968,0.24594459457383,-0.3069552519430295,-0.3489564939507088,-0.2002263101585618,-0.16048400993552955,-0.19542330248561382,-0.23413909238437042,0.0,3
linear_c_state,gmr72_bridge_composite,side=A_side|tfc=low|phase=q4,31,O3_A_C_boundary,0.22835507562213106,0.11908134201465806,0.10625433722205477,0.16358970046727658,0.19978429702571335,0.14497187168593373,0.13120276900510253,0.15015496917244467,0.10404205542147452,0.007364151000497942,0.1583981945535602,0.22835507562213106,0.11611058857114062,0.08118207476898977,0.12840544225196074,0.0,3
linear_c_state,gmr72_bridge_composite,side=A_side|tfc=high|phase=q1,25,O1_lag0_AB,0.3692503010214132,0.23159121526075924,0.22093572822295776,0.16147861262225013,0.15609955902941672,0.11034618630656218,0.13279389378807657,0.1414179387050074,0.07692808132572913,0.3692503010214132,0.25952560468471003,0.24766805908417563,0.12626305842143182,0.19107454759217185,0.21309702180706266,0.0,3
linear_c_state,gmr72_bridge_composite,side=A_side|tfc=mid|phase=q1,23,O3_A_C_boundary,0.032926364049150954,-0.03785589217770824,0.10624531382482011,0.16794145857285836,0.17783527663281534,0.12112690178800888,0.1481032046886891,0.1168796509748966,0.16186819351791149,-0.14736108875259518,0.012891575898895636,0.032926364049150954,-0.1014802644380382,-0.031105558429088288,-0.11397316089224833,0.0,3
linear_c_state,gmr72_bridge_composite,side=B_side|tfc=low|phase=q4,42,O4_B_C_boundary,0.002895665132134448,-0.05212807665166393,0.12742073803575865,0.14906730040217409,0.1061751190493284,0.16902935143975437,0.14871973036151254,0.13195107576046108,0.16763668495101078,-0.09600658873073942,-0.041090407236300544,-0.15984823770924678,0.002895665132134448,-0.04190743119574363,-0.0837787413216448,0.0,4
linear_c_state,gmr72_bridge_composite,side=A_side|tfc=low|phase=q1,25,O3_A_C_boundary,0.09916870173698249,-0.0009686147791428774,0.09985011884538886,0.12462582878407652,0.1940474474002148,0.12148223831390166,0.14909031138356535,0.1647350451814611,0.1461690100913917,-0.13338265691363388,-0.05580668697965091,0.09916870173698249,-0.06474842156666237,0.00692603920094713,0.04185119431367454,0.0,4
linear_c_state,gmr72_bridge_composite,side=A_side|tfc=high|phase=q4,28,O5_full_TFC,0.15731746630563098,0.017517151518813338,0.15992485635291823,0.09530745042090645,0.1465782364659294,0.15679894131322522,0.2239211202082372,0.07461650334335913,0.14285289189542433,0.03951103952895566,-0.14164758529049082,0.009010382663796628,0.032602144159388766,0.15731746630563098,-0.2273087829484659,0.0,4
linear_c_state,gmr72_bridge_composite,side=B_side|tfc=high|phase=q1,41,O1_lag0_AB,0.18879117257897904,0.07968371995477909,0.1977120310097651,0.13310644905018756,0.14396023387766202,0.14043311595447772,0.13926087761836506,0.1302421876296366,0.11528510485990605,0.18879117257897904,0.05030933037080003,0.07774510619117925,0.06906308479750344,0.0661292654849797,0.042695613115569964,0.0,4
linear_c_state,gmr72_bridge_composite,side=B_side|tfc=high|phase=q4,37,O5_full_TFC,0.43256633772569913,0.2095830682756243,0.17534294383198806,0.1469346561334154,0.10687153729020694,0.07717954094195083,0.3021207337687952,0.10376275666885719,0.08778783136478636,0.24213729371845918,0.18027277651289994,0.06884662085225432,-0.04507597076455079,0.43256633772569913,0.05851447395323402,0.0,4
linear_c_state,gmr72_bridge_composite,side=B_side|tfc=low|phase=q1,42,O4_B_C_boundary,0.1312191917605397,0.007558186610011586,0.09216617897860781,0.14762106084845503,0.12246148936521423,0.20942006625774784,0.11922956001551153,0.16515680825521153,0.14394483627925217,-0.15604291635749595,0.008826456056244493,-0.05657173786494325,0.1312191917605397,-0.06593280196739477,0.04811283080639266,0.0,4
linear_c_state,gmr72_bridge_composite,side=B_side|tfc=mid|phase=q4,44,O2_lag5_AB,0.05991474451235117,0.009524007123646107,0.1502646880261842,0.16616241602311121,0.1226761815024534,0.11520409153739622,0.14939917588728635,0.15627408188213524,0.1400193651414335,0.024716156640265465,0.05991474451235117,-0.046281382837785476,-0.06827641486179134,0.02269435736809472,0.03844073285634302,0.0,4
linear_c_state,gmr72_bridge_composite,side=B_side|tfc=mid|phase=q1,52,O6_phase_only,0.031122604610843648,-0.03477102068201882,0.13890911985426513,0.13681874095031996,0.11811979272085432,0.1481020313146395,0.12527010100889283,0.17378308419284483,0.15899712995818352,-0.04727318616189297,-0.052580206148232445,-0.10401539729841473,-0.024844650064045688,-0.08344487805311335,0.031122604610843648,0.0,4
linear_c_state,gmr72_bridge_composite,side=A_side|tfc=mid|phase=q4,23,O7_suppress_event,0.0,-0.09569277957872983,0.09094115930896014,0.10067523951006954,0.16901160406714003,0.1474233569637264,0.1684930399597774,0.12975647258010484,0.19369912761022173,-0.26463267957132425,-0.22904216328236712,-0.04771854181449976,-0.0955491738792565,-0.04879406823234957,-0.14022633126998574,0.0,4
linear_c_state,gmr72_bridge_composite,side=A_side|tfc=low|phase=q4,27,O3_A_C_boundary,0.16846710341106055,0.1096053442712661,0.1154274872758679,0.1509759772083489,0.17108396436337892,0.1587477114884048,0.14655396577909358,0.15148816788596126,0.10572272599894456,0.03073792488314253,0.12470530041786063,0.16846710341106055,0.14227372157650636,0.1143008486315631,0.12589067667766565,0.0,4
linear_c_state,gmr72_bridge_composite,side=A_side|tfc=high|phase=q1,20,O1_lag0_AB,0.38349738640922854,0.25853404340898534,0.2140996384376404,0.15900536789135974,0.17506350207820195,0.10973685286811784,0.1495254537711166,0.12099498390193893,0.07157420105162456,0.38349738640922854,0.2793711457060479,0.3130449310076341,0.1495726976161941,0.25785618220225726,0.18375504029891282,0.0,4
linear_c_state,gmr72_bridge_composite,side=A_side|tfc=mid|phase=q1,17,O7_suppress_event,0.0,-0.13500086156032326,0.12111686619317304,0.13949976105930745,0.1629984033855998,0.11478346938373624,0.12690129822373972,0.11928456141163798,0.21541564034280572,-0.20153470994752118,-0.15207726952377615,-0.09759013851953593,-0.2203326629612782,-0.18520591873684739,-0.20687011164430522,0.0,4
