mode,endpoint,direction,control_level,snapshot,snapshot_order,mean_true_c,mean_control,effect_true_minus_control,p_true_greater,n_pairs,c_beats_control
linear_c_state,z_reward,A_to_C_to_B,unperturbed_baseline,t0,0,-0.6377646249280083,-0.6499278386624757,0.012163213734467406,0.3677264547090582,148,False
linear_c_state,z_reward,A_to_C_to_B,unperturbed_baseline,t1,1,-0.6408905766732265,-0.6507261686186776,0.009835591945451203,0.39992001599680066,140,False
linear_c_state,z_reward,A_to_C_to_B,unperturbed_baseline,t2,2,-0.6458276323671538,-0.6699971976430311,0.024169565275877193,0.2735452909418116,132,False
linear_c_state,z_reward,A_to_C_to_B,unperturbed_baseline,tc,3,-0.5105080947631692,-0.5823419063173404,0.07183381155417123,0.02419516096780644,105,True
linear_c_state,z_reward,A_to_C_to_B,unperturbed_baseline,tc_plus_k,4,-0.7760101537949768,-0.7410747138131211,-0.03493543998185564,0.8118376324735053,105,False
linear_c_state,z_reward,A_to_C_to_B,sham_perturbation,t0,0,-0.6377646249280083,-0.6499278386624757,0.012163213734467406,0.3837232553489302,148,False
linear_c_state,z_reward,A_to_C_to_B,sham_perturbation,t1,1,-0.6408905766732265,-0.6507261686186776,0.009835591945451203,0.40491901619676063,140,False
linear_c_state,z_reward,A_to_C_to_B,sham_perturbation,t2,2,-0.6458276323671538,-0.6699971976430311,0.024169565275877193,0.2793441311737652,132,False
linear_c_state,z_reward,A_to_C_to_B,sham_perturbation,tc,3,-0.5105080947631692,-0.5823419063173404,0.07183381155417123,0.02299540091981604,105,True
linear_c_state,z_reward,A_to_C_to_B,sham_perturbation,tc_plus_k,4,-0.7760101537949768,-0.7410747138131211,-0.03493543998185564,0.8086382723455309,105,False
linear_c_state,z_reward,A_to_C_to_B,receiver_standpoint_reconstruction,t0,0,-0.6377646249280083,-0.6499278386624757,0.012163213734467406,0.365126974605079,148,False
linear_c_state,z_reward,A_to_C_to_B,receiver_standpoint_reconstruction,t1,1,-0.6408905766732265,-0.6507261686186776,0.009835591945451203,0.3993201359728054,140,False
linear_c_state,z_reward,A_to_C_to_B,receiver_standpoint_reconstruction,t2,2,-0.6458276323671538,-0.6699971976430311,0.024169565275877193,0.264747050589882,132,False
linear_c_state,z_reward,A_to_C_to_B,receiver_standpoint_reconstruction,tc,3,-0.5105080947631692,-0.5823419063173404,0.07183381155417123,0.02399520095980804,105,True
linear_c_state,z_reward,A_to_C_to_B,receiver_standpoint_reconstruction,tc_plus_k,4,-0.7760101537949768,-0.7410747138131211,-0.03493543998185564,0.8106378724255149,105,False
linear_c_state,z_reward,A_to_C_to_B,receiver_standpoint_reconstruction_shuffled,t0,0,-0.6377646249280083,-0.7643132482589077,0.1265486233308993,0.0001999600079984003,148,True
linear_c_state,z_reward,A_to_C_to_B,receiver_standpoint_reconstruction_shuffled,t1,1,-0.6408905766732265,-0.754199148448792,0.1133085717755656,0.0007998400319936012,140,True
linear_c_state,z_reward,A_to_C_to_B,receiver_standpoint_reconstruction_shuffled,t2,2,-0.6458276323671538,-0.7714808503051208,0.12565321793796708,0.0001999600079984003,132,True
linear_c_state,z_reward,A_to_C_to_B,receiver_standpoint_reconstruction_shuffled,tc,3,-0.5105080947631692,-0.6179376874410794,0.10742959267791026,0.0005998800239952009,105,True
linear_c_state,z_reward,A_to_C_to_B,receiver_standpoint_reconstruction_shuffled,tc_plus_k,4,-0.7760101537949768,-0.7975588702305249,0.021548716435548048,0.3079384123175365,105,False
linear_c_state,z_reward,A_to_C_to_B,mapping_inversion,t0,0,-0.6377646249280083,-0.677888243536201,0.04012361860819264,0.15676864627074585,148,False
linear_c_state,z_reward,A_to_C_to_B,mapping_inversion,t1,1,-0.6408905766732265,-0.6801170732698644,0.03922649659663798,0.17956408718256348,140,False
linear_c_state,z_reward,A_to_C_to_B,mapping_inversion,t2,2,-0.6458276323671538,-0.7002288480934189,0.05440121572626506,0.10917816436712657,132,False
linear_c_state,z_reward,A_to_C_to_B,mapping_inversion,tc,3,-0.5105080947631692,-0.5527182691894676,0.04221017442629847,0.17336532693461307,105,False
linear_c_state,z_reward,A_to_C_to_B,mapping_inversion,tc_plus_k,4,-0.7760101537949768,-0.8249282576288338,0.04891810383385705,0.10637872425514897,105,False
linear_c_state,z_reward,A_to_C_to_B,side_shuffle,t0,0,-0.6377646249280083,-0.7374090971953364,0.0996444722673281,0.0007998400319936012,148,True
linear_c_state,z_reward,A_to_C_to_B,side_shuffle,t1,1,-0.6408905766732265,-0.7381041634620022,0.0972135867887758,0.001799640071985603,140,True
linear_c_state,z_reward,A_to_C_to_B,side_shuffle,t2,2,-0.6458276323671538,-0.7439891784918702,0.09816154612471625,0.0001999600079984003,132,True
linear_c_state,z_reward,A_to_C_to_B,side_shuffle,tc,3,-0.5105080947631692,-0.6057347751727908,0.09522668040962169,0.0003999200159968006,105,True
linear_c_state,z_reward,A_to_C_to_B,side_shuffle,tc_plus_k,4,-0.7760101537949768,-0.8277710297385578,0.05176087594358096,0.09738052389522095,105,False
linear_c_state,z_reward,A_to_C_to_B,unsigned_side_gap,t0,0,-0.6377646249280083,-0.6938888199391788,0.05612419501117053,0.04479104179164167,148,True
linear_c_state,z_reward,A_to_C_to_B,unsigned_side_gap,t1,1,-0.6408905766732265,-0.6953776175182154,0.05448704084498887,0.05018996200759848,140,False
linear_c_state,z_reward,A_to_C_to_B,unsigned_side_gap,t2,2,-0.6458276323671538,-0.7059456142653652,0.06011798189821119,0.041191761647670466,132,True
linear_c_state,z_reward,A_to_C_to_B,unsigned_side_gap,tc,3,-0.5105080947631692,-0.6031531944945845,0.09264509973141538,0.0023995200959808036,105,True
linear_c_state,z_reward,A_to_C_to_B,unsigned_side_gap,tc_plus_k,4,-0.7760101537949768,-0.7943213364602238,0.018311182665247186,0.3119376124775045,105,False
linear_c_state,z_reward,A_to_C_to_B,polarity_magnitude_only,t0,0,-0.6377646249280083,-0.6938888199391788,0.05612419501117053,0.035992801439712056,148,True
linear_c_state,z_reward,A_to_C_to_B,polarity_magnitude_only,t1,1,-0.6408905766732265,-0.6953776175182154,0.05448704084498887,0.05018996200759848,140,False
linear_c_state,z_reward,A_to_C_to_B,polarity_magnitude_only,t2,2,-0.6458276323671538,-0.7059456142653652,0.06011798189821119,0.04279144171165767,132,True
linear_c_state,z_reward,A_to_C_to_B,polarity_magnitude_only,tc,3,-0.5105080947631692,-0.6031531944945845,0.09264509973141538,0.001999600079984003,105,True
linear_c_state,z_reward,A_to_C_to_B,polarity_magnitude_only,tc_plus_k,4,-0.7760101537949768,-0.7943213364602238,0.018311182665247186,0.32693461307738453,105,False
linear_c_state,z_reward,A_to_C_to_B,receiver_side_only,t0,0,-0.6377646249280083,-0.6863873681984799,0.04862274327047161,0.057588482303539294,148,False
linear_c_state,z_reward,A_to_C_to_B,receiver_side_only,t1,1,-0.6408905766732265,-0.6907812466084563,0.049890669935229885,0.0609878024395121,140,False
linear_c_state,z_reward,A_to_C_to_B,receiver_side_only,t2,2,-0.6458276323671538,-0.7094616164146986,0.06363398404754483,0.02559488102379524,132,True
linear_c_state,z_reward,A_to_C_to_B,receiver_side_only,tc,3,-0.5105080947631692,-0.6259218194036634,0.11541372464049422,0.0001999600079984003,105,True
linear_c_state,z_reward,A_to_C_to_B,receiver_side_only,tc_plus_k,4,-0.7760101537949768,-0.7848748932120152,0.00886473941703837,0.40831833633273346,105,False
linear_c_state,z_reward,A_to_C_to_B,giver_side_only,t0,0,-0.6377646249280083,-0.6801367090378777,0.042372084109869396,0.09958008398320337,148,False
linear_c_state,z_reward,A_to_C_to_B,giver_side_only,t1,1,-0.6408905766732265,-0.68042166216117,0.03953108548794348,0.1231753649270146,140,False
linear_c_state,z_reward,A_to_C_to_B,giver_side_only,t2,2,-0.6458276323671538,-0.7010609779509204,0.05523334558376637,0.0649870025994801,132,False
linear_c_state,z_reward,A_to_C_to_B,giver_side_only,tc,3,-0.5105080947631692,-0.5975543757564007,0.08704628099323154,0.0013997200559888023,105,True
linear_c_state,z_reward,A_to_C_to_B,giver_side_only,tc_plus_k,4,-0.7760101537949768,-0.8119070501909716,0.03589689639599483,0.1819636072785443,105,False
linear_c_state,z_reward,A_to_C_to_B,standpoint_polarity_preserved,t0,0,-0.6377646249280083,-0.6616344136890436,0.023869788761035442,0.23195360927814437,148,False
linear_c_state,z_reward,A_to_C_to_B,standpoint_polarity_preserved,t1,1,-0.6408905766732265,-0.6657904342417311,0.024899857568504765,0.21495700859828035,140,False
linear_c_state,z_reward,A_to_C_to_B,standpoint_polarity_preserved,t2,2,-0.6458276323671538,-0.6858843303263854,0.04005669795923159,0.11697660467906419,132,False
linear_c_state,z_reward,A_to_C_to_B,standpoint_polarity_preserved,tc,3,-0.5105080947631692,-0.624862655180132,0.11435456041696287,0.0001999600079984003,105,True
linear_c_state,z_reward,A_to_C_to_B,standpoint_polarity_preserved,tc_plus_k,4,-0.7760101537949768,-0.7550430675227803,-0.02096708627219658,0.7350529894021196,105,False
linear_c_state,z_reward,A_to_C_to_B,standpoint_polarity_inverted,t0,0,-0.6377646249280083,-0.6812867903013408,0.04352216537333243,0.10317936412717456,148,False
linear_c_state,z_reward,A_to_C_to_B,standpoint_polarity_inverted,t1,1,-0.6408905766732265,-0.68237508330507,0.04148450663184369,0.13277344531093782,140,False
linear_c_state,z_reward,A_to_C_to_B,standpoint_polarity_inverted,t2,2,-0.6458276323671538,-0.7045860512413048,0.058758418874151,0.05338932213557288,132,False
linear_c_state,z_reward,A_to_C_to_B,standpoint_polarity_inverted,tc,3,-0.5105080947631692,-0.5756636369258913,0.06515554216272224,0.014197160567886422,105,True
linear_c_state,z_reward,A_to_C_to_B,standpoint_polarity_inverted,tc_plus_k,4,-0.7760101537949768,-0.8037434573173348,0.02773330352235787,0.23595280943811237,105,False
linear_c_state,z_reward,A_to_C_to_B,ab_exchange_receiver_standpoint,t0,0,-0.6377646249280083,-0.6701317627027523,0.032367137774743954,0.19556088782243553,148,False
linear_c_state,z_reward,A_to_C_to_B,ab_exchange_receiver_standpoint,t1,1,-0.6408905766732265,-0.669791936573589,0.02890135990036252,0.22235552889422117,140,False
linear_c_state,z_reward,A_to_C_to_B,ab_exchange_receiver_standpoint,t2,2,-0.6458276323671538,-0.687375393541516,0.04154776117436212,0.14537092581483704,132,False
linear_c_state,z_reward,A_to_C_to_B,ab_exchange_receiver_standpoint,tc,3,-0.5105080947631692,-0.5683448343218999,0.05783673955873071,0.04479104179164167,105,True
linear_c_state,z_reward,A_to_C_to_B,ab_exchange_receiver_standpoint,tc_plus_k,4,-0.7760101537949768,-0.838586527564733,0.06257637376975625,0.06818636272745451,105,False
linear_c_state,z_reward,A_to_C_to_B,mirrored_receiver_standpoint,t0,0,-0.6377646249280083,-0.6678280351304412,0.030063410202432916,0.20175964807038593,148,False
linear_c_state,z_reward,A_to_C_to_B,mirrored_receiver_standpoint,t1,1,-0.6408905766732265,-0.6724371672537365,0.03154659058051012,0.1889622075584883,140,False
linear_c_state,z_reward,A_to_C_to_B,mirrored_receiver_standpoint,t2,2,-0.6458276323671538,-0.6971549320381689,0.05132729967101509,0.07718456308738253,132,False
linear_c_state,z_reward,A_to_C_to_B,mirrored_receiver_standpoint,tc,3,-0.5105080947631692,-0.608070049780068,0.09756195501689893,0.0011997600479904018,105,True
linear_c_state,z_reward,A_to_C_to_B,mirrored_receiver_standpoint,tc_plus_k,4,-0.7760101537949768,-0.7606812021525812,-0.01532895164239576,0.6736652669466107,105,False
linear_c_state,z_reward,A_to_C_to_B,normalization_matched_receiver_standpoint,t0,0,-0.6377646249280083,-0.7041033308260514,0.06633870589804307,0.021595680863827234,148,True
linear_c_state,z_reward,A_to_C_to_B,normalization_matched_receiver_standpoint,t1,1,-0.6408905766732265,-0.7013735490768298,0.060482972403603306,0.03939212157568486,140,True
linear_c_state,z_reward,A_to_C_to_B,normalization_matched_receiver_standpoint,t2,2,-0.6458276323671538,-0.7146344896696619,0.068806857302508,0.01979604079184163,132,True
linear_c_state,z_reward,A_to_C_to_B,normalization_matched_receiver_standpoint,tc,3,-0.5105080947631692,-0.6246181733618892,0.1141100785987199,0.0003999200159968006,105,True
linear_c_state,z_reward,A_to_C_to_B,normalization_matched_receiver_standpoint,tc_plus_k,4,-0.7760101537949768,-0.7784691881938508,0.0024590343988738802,0.4819036192761448,105,False
linear_c_state,z_reward,A_to_C_to_B,reward_symmetry_control,t0,0,-0.6377646249280083,-0.6549425556012104,0.01717793067320204,0.34013197360527897,148,False
linear_c_state,z_reward,A_to_C_to_B,reward_symmetry_control,t1,1,-0.6408905766732265,-0.6582393968374278,0.017348820164201445,0.34653069386122776,140,False
linear_c_state,z_reward,A_to_C_to_B,reward_symmetry_control,t2,2,-0.6458276323671538,-0.6810984436383144,0.0352708112711605,0.21735652869426114,132,False
linear_c_state,z_reward,A_to_C_to_B,reward_symmetry_control,tc,3,-0.5105080947631692,-0.627982916798787,0.117474822035618,0.0001999600079984003,105,True
linear_c_state,z_reward,A_to_C_to_B,reward_symmetry_control,tc_plus_k,4,-0.7760101537949768,-0.7576491192388688,-0.018361034556108092,0.6602679464107178,105,False
linear_c_state,z_reward,A_to_C_to_B,endpoint_o1o2_reference,t0,0,-0.6188811597251214,-0.3407003750843552,-0.27818078464076607,1.0,143,False
linear_c_state,z_reward,A_to_C_to_B,endpoint_o1o2_reference,t1,1,-0.6558721170106868,-0.47532803271143986,-0.1805440842992468,1.0,136,False
linear_c_state,z_reward,A_to_C_to_B,endpoint_o1o2_reference,t2,2,-0.7127795621842473,-0.4010479972341625,-0.31173156495008486,1.0,129,False
linear_c_state,z_reward,A_to_C_to_B,endpoint_o1o2_reference,tc,3,-0.5780783485060105,-0.3021439431423991,-0.2759344053636113,1.0,111,False
linear_c_state,z_reward,A_to_C_to_B,endpoint_o1o2_reference,tc_plus_k,4,-0.6363390525638357,-0.45357810483260697,-0.1827609477312285,0.9998000399920016,111,False
linear_c_state,z_reward,B_to_C_to_A,unperturbed_baseline,t0,0,-0.6457712166766825,-0.6701317627027523,0.02436054602606969,0.22915416916616677,148,False
linear_c_state,z_reward,B_to_C_to_A,unperturbed_baseline,t1,1,-0.6428415584597094,-0.669791936573589,0.02695037811387958,0.20415916816636673,140,False
linear_c_state,z_reward,B_to_C_to_A,unperturbed_baseline,t2,2,-0.6533940163215514,-0.687375393541516,0.03398137721996465,0.15476904619076184,132,False
linear_c_state,z_reward,B_to_C_to_A,unperturbed_baseline,tc,3,-0.5867382179075618,-0.5683448343218999,-0.018393383585661952,0.7820435912817436,105,False
linear_c_state,z_reward,B_to_C_to_A,unperturbed_baseline,tc_plus_k,4,-0.8220877700030945,-0.838586527564733,0.01649875756163869,0.30033993201359727,105,False
linear_c_state,z_reward,B_to_C_to_A,sham_perturbation,t0,0,-0.6457712166766825,-0.6701317627027523,0.02436054602606969,0.21275744851029793,148,False
linear_c_state,z_reward,B_to_C_to_A,sham_perturbation,t1,1,-0.6428415584597094,-0.669791936573589,0.02695037811387958,0.20315936812637472,140,False
linear_c_state,z_reward,B_to_C_to_A,sham_perturbation,t2,2,-0.6533940163215514,-0.687375393541516,0.03398137721996465,0.17036592681463708,132,False
linear_c_state,z_reward,B_to_C_to_A,sham_perturbation,tc,3,-0.5867382179075618,-0.5683448343218999,-0.018393383585661952,0.7818436312737452,105,False
linear_c_state,z_reward,B_to_C_to_A,sham_perturbation,tc_plus_k,4,-0.8220877700030945,-0.838586527564733,0.01649875756163869,0.28654269146170763,105,False
linear_c_state,z_reward,B_to_C_to_A,receiver_standpoint_reconstruction,t0,0,-0.6457712166766825,-0.6701317627027523,0.02436054602606969,0.21115776844631073,148,False
linear_c_state,z_reward,B_to_C_to_A,receiver_standpoint_reconstruction,t1,1,-0.6428415584597094,-0.669791936573589,0.02695037811387958,0.20355928814237154,140,False
linear_c_state,z_reward,B_to_C_to_A,receiver_standpoint_reconstruction,t2,2,-0.6533940163215514,-0.687375393541516,0.03398137721996465,0.16456708658268346,132,False
linear_c_state,z_reward,B_to_C_to_A,receiver_standpoint_reconstruction,tc,3,-0.5867382179075618,-0.5683448343218999,-0.018393383585661952,0.7858428314337133,105,False
linear_c_state,z_reward,B_to_C_to_A,receiver_standpoint_reconstruction,tc_plus_k,4,-0.8220877700030945,-0.838586527564733,0.01649875756163869,0.2997400519896021,105,False
linear_c_state,z_reward,B_to_C_to_A,receiver_standpoint_reconstruction_shuffled,t0,0,-0.6457712166766825,-0.669700225214508,0.02392900853782549,0.17256548690261947,148,False
linear_c_state,z_reward,B_to_C_to_A,receiver_standpoint_reconstruction_shuffled,t1,1,-0.6428415584597094,-0.687692868130466,0.04485130967075666,0.07378524295140972,140,False
linear_c_state,z_reward,B_to_C_to_A,receiver_standpoint_reconstruction_shuffled,t2,2,-0.6533940163215514,-0.7352023436601788,0.08180832733862749,0.00639872025594881,132,True
linear_c_state,z_reward,B_to_C_to_A,receiver_standpoint_reconstruction_shuffled,tc,3,-0.5867382179075618,-0.5808248269394735,-0.005913390968088387,0.5976804639072185,105,False
linear_c_state,z_reward,B_to_C_to_A,receiver_standpoint_reconstruction_shuffled,tc_plus_k,4,-0.8220877700030945,-0.785291147263317,-0.036796622739777414,0.943011397720456,105,False
linear_c_state,z_reward,B_to_C_to_A,mapping_inversion,t0,0,-0.6457712166766825,-0.6768272315500973,0.03105601487341473,0.16516696660667868,148,False
linear_c_state,z_reward,B_to_C_to_A,mapping_inversion,t1,1,-0.6428415584597094,-0.678995432027412,0.036153873567702645,0.13357328534293142,140,False
linear_c_state,z_reward,B_to_C_to_A,mapping_inversion,t2,2,-0.6533940163215514,-0.7002288480934189,0.04683483177186758,0.08738252349530094,132,False
linear_c_state,z_reward,B_to_C_to_A,mapping_inversion,tc,3,-0.5867382179075618,-0.5557093125026741,-0.03102890540488779,0.8338332333533294,105,False
linear_c_state,z_reward,B_to_C_to_A,mapping_inversion,tc_plus_k,4,-0.8220877700030945,-0.8249282576288338,0.002840487625739476,0.46930613877224553,105,False
linear_c_state,z_reward,B_to_C_to_A,side_shuffle,t0,0,-0.6457712166766825,-0.7558268839683259,0.11005566729164333,0.0001999600079984003,148,True
linear_c_state,z_reward,B_to_C_to_A,side_shuffle,t1,1,-0.6428415584597094,-0.7399852448543316,0.09714368639462218,0.0007998400319936012,140,True
linear_c_state,z_reward,B_to_C_to_A,side_shuffle,t2,2,-0.6533940163215514,-0.7496109886221243,0.09621697230057295,0.0009998000399920016,132,True
linear_c_state,z_reward,B_to_C_to_A,side_shuffle,tc,3,-0.5867382179075618,-0.6053196490970029,0.01858143118944106,0.22215556888622276,105,False
linear_c_state,z_reward,B_to_C_to_A,side_shuffle,tc_plus_k,4,-0.8220877700030945,-0.801519597012633,-0.020568172990461434,0.8032393521295741,105,False
linear_c_state,z_reward,B_to_C_to_A,unsigned_side_gap,t0,0,-0.6457712166766825,-0.6938888199391788,0.048117603262496256,0.033393321335732855,148,True
linear_c_state,z_reward,B_to_C_to_A,unsigned_side_gap,t1,1,-0.6428415584597094,-0.6953776175182154,0.052536059058505925,0.029394121175764846,140,True
linear_c_state,z_reward,B_to_C_to_A,unsigned_side_gap,t2,2,-0.6533940163215514,-0.7059456142653652,0.0525515979438137,0.03519296140771846,132,True
linear_c_state,z_reward,B_to_C_to_A,unsigned_side_gap,tc,3,-0.5867382179075618,-0.6031531944945845,0.016414976587022723,0.1899620075984803,105,False
linear_c_state,z_reward,B_to_C_to_A,unsigned_side_gap,tc_plus_k,4,-0.8220877700030945,-0.7943213364602238,-0.027766433542870384,0.8938212357528494,105,False
linear_c_state,z_reward,B_to_C_to_A,polarity_magnitude_only,t0,0,-0.6457712166766825,-0.6938888199391788,0.048117603262496256,0.03839232153569286,148,True
linear_c_state,z_reward,B_to_C_to_A,polarity_magnitude_only,t1,1,-0.6428415584597094,-0.6953776175182154,0.052536059058505925,0.03219356128774245,140,True
linear_c_state,z_reward,B_to_C_to_A,polarity_magnitude_only,t2,2,-0.6533940163215514,-0.7059456142653652,0.0525515979438137,0.03459308138372325,132,True
linear_c_state,z_reward,B_to_C_to_A,polarity_magnitude_only,tc,3,-0.5867382179075618,-0.6031531944945845,0.016414976587022723,0.20055988802239552,105,False
linear_c_state,z_reward,B_to_C_to_A,polarity_magnitude_only,tc_plus_k,4,-0.8220877700030945,-0.7943213364602238,-0.027766433542870384,0.8922215556888622,105,False
linear_c_state,z_reward,B_to_C_to_A,receiver_side_only,t0,0,-0.6457712166766825,-0.6801367090378777,0.034365492361195134,0.10277944411117776,148,False
linear_c_state,z_reward,B_to_C_to_A,receiver_side_only,t1,1,-0.6428415584597094,-0.68042166216117,0.037580103701460525,0.08418316336732654,140,False
linear_c_state,z_reward,B_to_C_to_A,receiver_side_only,t2,2,-0.6533940163215514,-0.7010609779509204,0.0476669616293689,0.047390521895620874,132,True
linear_c_state,z_reward,B_to_C_to_A,receiver_side_only,tc,3,-0.5867382179075618,-0.5975543757564007,0.010816157848838878,0.29734053189362125,105,False
linear_c_state,z_reward,B_to_C_to_A,receiver_side_only,tc_plus_k,4,-0.8220877700030945,-0.8119070501909716,-0.010180719812122731,0.6754649070185963,105,False
linear_c_state,z_reward,B_to_C_to_A,giver_side_only,t0,0,-0.6457712166766825,-0.6863873681984799,0.04061615152179734,0.04919016196760648,148,True
linear_c_state,z_reward,B_to_C_to_A,giver_side_only,t1,1,-0.6428415584597094,-0.6907812466084563,0.04793968814874693,0.028594281143771244,140,True
linear_c_state,z_reward,B_to_C_to_A,giver_side_only,t2,2,-0.6533940163215514,-0.7094616164146986,0.056067600093147346,0.013997200559888023,132,True
linear_c_state,z_reward,B_to_C_to_A,giver_side_only,tc,3,-0.5867382179075618,-0.6259218194036634,0.03918360149610154,0.015996800639872025,105,True
linear_c_state,z_reward,B_to_C_to_A,giver_side_only,tc_plus_k,4,-0.8220877700030945,-0.7848748932120152,-0.0372128767910792,0.9466106778644271,105,False
linear_c_state,z_reward,B_to_C_to_A,standpoint_polarity_preserved,t0,0,-0.6457712166766825,-0.6812867903013408,0.03551557362465816,0.1209758048390322,148,False
linear_c_state,z_reward,B_to_C_to_A,standpoint_polarity_preserved,t1,1,-0.6428415584597094,-0.68237508330507,0.03953352484536074,0.09458108378324336,140,False
linear_c_state,z_reward,B_to_C_to_A,standpoint_polarity_preserved,t2,2,-0.6533940163215514,-0.7045860512413048,0.05119203491975353,0.05138972205558888,132,False
linear_c_state,z_reward,B_to_C_to_A,standpoint_polarity_preserved,tc,3,-0.5867382179075618,-0.5756636369258913,-0.011074580981670431,0.6766646670665867,105,False
linear_c_state,z_reward,B_to_C_to_A,standpoint_polarity_preserved,tc_plus_k,4,-0.8220877700030945,-0.8037434573173348,-0.01834431268575968,0.7516496700659868,105,False
linear_c_state,z_reward,B_to_C_to_A,standpoint_polarity_inverted,t0,0,-0.6457712166766825,-0.6616344136890436,0.015863197012361167,0.28654269146170763,148,False
linear_c_state,z_reward,B_to_C_to_A,standpoint_polarity_inverted,t1,1,-0.6428415584597094,-0.6657904342417311,0.02294887578202182,0.21955608878224356,140,False
linear_c_state,z_reward,B_to_C_to_A,standpoint_polarity_inverted,t2,2,-0.6533940163215514,-0.6858843303263854,0.032490314004834125,0.13937212557488501,132,False
linear_c_state,z_reward,B_to_C_to_A,standpoint_polarity_inverted,tc,3,-0.5867382179075618,-0.624862655180132,0.038124437272570186,0.03219356128774245,105,True
linear_c_state,z_reward,B_to_C_to_A,standpoint_polarity_inverted,tc_plus_k,4,-0.8220877700030945,-0.7550430675227803,-0.06704470248031413,0.99500099980004,105,False
linear_c_state,z_reward,B_to_C_to_A,ab_exchange_receiver_standpoint,t0,0,-0.6457712166766825,-0.6499278386624757,0.004156621985793129,0.44211157768446313,148,False
linear_c_state,z_reward,B_to_C_to_A,ab_exchange_receiver_standpoint,t1,1,-0.6428415584597094,-0.6507261686186776,0.007884610158968257,0.39792041591681665,140,False
linear_c_state,z_reward,B_to_C_to_A,ab_exchange_receiver_standpoint,t2,2,-0.6533940163215514,-0.6699971976430311,0.01660318132147972,0.3021395720855829,132,False
linear_c_state,z_reward,B_to_C_to_A,ab_exchange_receiver_standpoint,tc,3,-0.5867382179075618,-0.5823419063173404,-0.0043963115902214385,0.5738852229554089,105,False
linear_c_state,z_reward,B_to_C_to_A,ab_exchange_receiver_standpoint,tc_plus_k,4,-0.8220877700030945,-0.7410747138131211,-0.08101305618997318,0.9986002799440112,105,False
linear_c_state,z_reward,B_to_C_to_A,mirrored_receiver_standpoint,t0,0,-0.6457712166766825,-0.6685215408684876,0.022750324191805008,0.23535292941411717,148,False
linear_c_state,z_reward,B_to_C_to_A,mirrored_receiver_standpoint,t1,1,-0.6428415584597094,-0.6731703018910997,0.030328743431390467,0.16296740651869626,140,False
linear_c_state,z_reward,B_to_C_to_A,mirrored_receiver_standpoint,t2,2,-0.6533940163215514,-0.6971549320381689,0.04376091571661763,0.07198560287942411,132,False
linear_c_state,z_reward,B_to_C_to_A,mirrored_receiver_standpoint,tc,3,-0.5867382179075618,-0.6061150240804326,0.019376806172870804,0.23035392921415718,105,False
linear_c_state,z_reward,B_to_C_to_A,mirrored_receiver_standpoint,tc_plus_k,4,-0.8220877700030945,-0.7606812021525812,-0.061406567850513315,0.9726054789042191,105,False
linear_c_state,z_reward,B_to_C_to_A,normalization_matched_receiver_standpoint,t0,0,-0.6457712166766825,-0.7336793768357563,0.0879081601590738,0.0023995200959808036,148,True
linear_c_state,z_reward,B_to_C_to_A,normalization_matched_receiver_standpoint,t1,1,-0.6428415584597094,-0.7377118942486766,0.0948703357889673,0.0011997600479904018,140,True
linear_c_state,z_reward,B_to_C_to_A,normalization_matched_receiver_standpoint,t2,2,-0.6533940163215514,-0.7608152328614541,0.10742121653990283,0.0001999600079984003,132,True
linear_c_state,z_reward,B_to_C_to_A,normalization_matched_receiver_standpoint,tc,3,-0.5867382179075618,-0.68807126086638,0.10133304295881816,0.0007998400319936012,105,True
linear_c_state,z_reward,B_to_C_to_A,normalization_matched_receiver_standpoint,tc_plus_k,4,-0.8220877700030945,-0.824280282517544,0.0021925125144496324,0.483503299340132,105,False
linear_c_state,z_reward,B_to_C_to_A,reward_symmetry_control,t0,0,-0.6457712166766825,-0.6549425556012104,0.009171338924527775,0.40471905618876225,148,False
linear_c_state,z_reward,B_to_C_to_A,reward_symmetry_control,t1,1,-0.6428415584597094,-0.6582393968374278,0.015397838377718496,0.33873225354929015,140,False
linear_c_state,z_reward,B_to_C_to_A,reward_symmetry_control,t2,2,-0.6533940163215514,-0.6810984436383144,0.027704427316763036,0.21375724855028994,132,False
linear_c_state,z_reward,B_to_C_to_A,reward_symmetry_control,tc,3,-0.5867382179075618,-0.627982916798787,0.04124469889122533,0.017996400719856028,105,True
linear_c_state,z_reward,B_to_C_to_A,reward_symmetry_control,tc_plus_k,4,-0.8220877700030945,-0.7576491192388688,-0.06443865076422564,0.9852029594081184,105,False
linear_c_state,z_reward,B_to_C_to_A,endpoint_o1o2_reference,t0,0,-0.643584792156713,-0.3407003750843552,-0.30288441707235775,1.0,143,False
linear_c_state,z_reward,B_to_C_to_A,endpoint_o1o2_reference,t1,1,-0.6880354115969426,-0.47532803271143986,-0.21270737888550267,1.0,136,False
linear_c_state,z_reward,B_to_C_to_A,endpoint_o1o2_reference,t2,2,-0.7250233933564165,-0.4010479972341625,-0.323975396122254,1.0,129,False
linear_c_state,z_reward,B_to_C_to_A,endpoint_o1o2_reference,tc,3,-0.5672444677815613,-0.3021439431423991,-0.26510052463916234,1.0,111,False
linear_c_state,z_reward,B_to_C_to_A,endpoint_o1o2_reference,tc_plus_k,4,-0.69954146139862,-0.45357810483260697,-0.24596335656601276,1.0,111,False
linear_c_state,rank_reward,A_to_C_to_B,unperturbed_baseline,t0,0,-0.6059868619139782,-0.6311028482100351,0.025115986296057095,0.19276144771045792,148,False
linear_c_state,rank_reward,A_to_C_to_B,unperturbed_baseline,t1,1,-0.6000912093976398,-0.6226466326507563,0.02255542325311646,0.23175364927014597,140,False
linear_c_state,rank_reward,A_to_C_to_B,unperturbed_baseline,t2,2,-0.601727231247688,-0.6375401786775355,0.035812947429847745,0.13377324535092983,132,False
linear_c_state,rank_reward,A_to_C_to_B,unperturbed_baseline,tc,3,-0.5152661242529667,-0.5946050420798092,0.07933891782684252,0.022595480903819236,105,True
linear_c_state,rank_reward,A_to_C_to_B,unperturbed_baseline,tc_plus_k,4,-0.7024937229764734,-0.6741890314302034,-0.02830469154627005,0.7658468306338733,105,False
linear_c_state,rank_reward,A_to_C_to_B,sham_perturbation,t0,0,-0.6059868619139782,-0.6311028482100351,0.025115986296057095,0.20655868826234752,148,False
linear_c_state,rank_reward,A_to_C_to_B,sham_perturbation,t1,1,-0.6000912093976398,-0.6226466326507563,0.02255542325311646,0.2513497300539892,140,False
linear_c_state,rank_reward,A_to_C_to_B,sham_perturbation,t2,2,-0.601727231247688,-0.6375401786775355,0.035812947429847745,0.14517096580683864,132,False
linear_c_state,rank_reward,A_to_C_to_B,sham_perturbation,tc,3,-0.5152661242529667,-0.5946050420798092,0.07933891782684252,0.027394521095780843,105,True
linear_c_state,rank_reward,A_to_C_to_B,sham_perturbation,tc_plus_k,4,-0.7024937229764734,-0.6741890314302034,-0.02830469154627005,0.7684463107378524,105,False
linear_c_state,rank_reward,A_to_C_to_B,receiver_standpoint_reconstruction,t0,0,-0.6059868619139782,-0.6311028482100351,0.025115986296057095,0.19976004799040192,148,False
linear_c_state,rank_reward,A_to_C_to_B,receiver_standpoint_reconstruction,t1,1,-0.6000912093976398,-0.6226466326507563,0.02255542325311646,0.23415316936612676,140,False
linear_c_state,rank_reward,A_to_C_to_B,receiver_standpoint_reconstruction,t2,2,-0.601727231247688,-0.6375401786775355,0.035812947429847745,0.1307738452309538,132,False
linear_c_state,rank_reward,A_to_C_to_B,receiver_standpoint_reconstruction,tc,3,-0.5152661242529667,-0.5946050420798092,0.07933891782684252,0.028394321135772844,105,True
linear_c_state,rank_reward,A_to_C_to_B,receiver_standpoint_reconstruction,tc_plus_k,4,-0.7024937229764734,-0.6741890314302034,-0.02830469154627005,0.758248350329934,105,False
linear_c_state,rank_reward,A_to_C_to_B,receiver_standpoint_reconstruction_shuffled,t0,0,-0.6059868619139782,-0.7456732352041339,0.1396863732901557,0.0001999600079984003,148,True
linear_c_state,rank_reward,A_to_C_to_B,receiver_standpoint_reconstruction_shuffled,t1,1,-0.6000912093976398,-0.7272976982958363,0.1272064888981966,0.0001999600079984003,140,True
linear_c_state,rank_reward,A_to_C_to_B,receiver_standpoint_reconstruction_shuffled,t2,2,-0.601727231247688,-0.721189086548903,0.11946185530121503,0.0005998800239952009,132,True
linear_c_state,rank_reward,A_to_C_to_B,receiver_standpoint_reconstruction_shuffled,tc,3,-0.5152661242529667,-0.645238986113175,0.12997286186020823,0.0001999600079984003,105,True
linear_c_state,rank_reward,A_to_C_to_B,receiver_standpoint_reconstruction_shuffled,tc_plus_k,4,-0.7024937229764734,-0.7511348620022454,0.048641139025771864,0.10757848430313938,105,False
linear_c_state,rank_reward,A_to_C_to_B,mapping_inversion,t0,0,-0.6059868619139782,-0.6553289950177017,0.04934213310372353,0.06978604279144171,148,False
linear_c_state,rank_reward,A_to_C_to_B,mapping_inversion,t1,1,-0.6000912093976398,-0.6480158613524102,0.047924651954770435,0.07798440311937613,140,False
linear_c_state,rank_reward,A_to_C_to_B,mapping_inversion,t2,2,-0.601727231247688,-0.6622848584600574,0.06055762721236955,0.04599080183963208,132,True
linear_c_state,rank_reward,A_to_C_to_B,mapping_inversion,tc,3,-0.5152661242529667,-0.5536568520753805,0.03839072782241378,0.1827634473105379,105,False
linear_c_state,rank_reward,A_to_C_to_B,mapping_inversion,tc_plus_k,4,-0.7024937229764734,-0.7787234953680792,0.07622977239160561,0.033393321335732855,105,True
linear_c_state,rank_reward,A_to_C_to_B,side_shuffle,t0,0,-0.6059868619139782,-0.722706630633051,0.11671976871907279,0.0001999600079984003,148,True
linear_c_state,rank_reward,A_to_C_to_B,side_shuffle,t1,1,-0.6000912093976398,-0.7127339062017692,0.11264269680412953,0.0001999600079984003,140,True
linear_c_state,rank_reward,A_to_C_to_B,side_shuffle,t2,2,-0.601727231247688,-0.7096741678610666,0.10794693661337876,0.0001999600079984003,132,True
linear_c_state,rank_reward,A_to_C_to_B,side_shuffle,tc,3,-0.5152661242529667,-0.6397926193032752,0.12452649505030848,0.0005998800239952009,105,True
linear_c_state,rank_reward,A_to_C_to_B,side_shuffle,tc_plus_k,4,-0.7024937229764734,-0.7746542333770167,0.07216051040054332,0.03259348130373925,105,True
linear_c_state,rank_reward,A_to_C_to_B,unsigned_side_gap,t0,0,-0.6059868619139782,-0.6768880068551805,0.07090114494120223,0.0057988402319536095,148,True
linear_c_state,rank_reward,A_to_C_to_B,unsigned_side_gap,t1,1,-0.6000912093976398,-0.670590771894813,0.07049956249717325,0.004799040191961607,140,True
linear_c_state,rank_reward,A_to_C_to_B,unsigned_side_gap,t2,2,-0.601727231247688,-0.6760994771008372,0.07437224585314936,0.006998600279944011,132,True
linear_c_state,rank_reward,A_to_C_to_B,unsigned_side_gap,tc,3,-0.5152661242529667,-0.610236746824323,0.09497062257135631,0.00639872025594881,105,True
linear_c_state,rank_reward,A_to_C_to_B,unsigned_side_gap,tc_plus_k,4,-0.7024937229764734,-0.7617045007601979,0.05921077778372436,0.04239152169566087,105,True
linear_c_state,rank_reward,A_to_C_to_B,polarity_magnitude_only,t0,0,-0.6059868619139782,-0.6768880068551805,0.07090114494120223,0.004399120175964807,148,True
linear_c_state,rank_reward,A_to_C_to_B,polarity_magnitude_only,t1,1,-0.6000912093976398,-0.670590771894813,0.07049956249717325,0.00599880023995201,140,True
linear_c_state,rank_reward,A_to_C_to_B,polarity_magnitude_only,t2,2,-0.601727231247688,-0.6760994771008372,0.07437224585314936,0.006798640271945611,132,True
linear_c_state,rank_reward,A_to_C_to_B,polarity_magnitude_only,tc,3,-0.5152661242529667,-0.610236746824323,0.09497062257135631,0.003799240151969606,105,True
linear_c_state,rank_reward,A_to_C_to_B,polarity_magnitude_only,tc_plus_k,4,-0.7024937229764734,-0.7617045007601979,0.05921077778372436,0.05298940211957608,105,False
linear_c_state,rank_reward,A_to_C_to_B,receiver_side_only,t0,0,-0.6059868619139782,-0.658046436562555,0.0520595746485767,0.027594481103779243,148,True
linear_c_state,rank_reward,A_to_C_to_B,receiver_side_only,t1,1,-0.6000912093976398,-0.655736407411187,0.05564519801354714,0.021595680863827234,140,True
linear_c_state,rank_reward,A_to_C_to_B,receiver_side_only,t2,2,-0.601727231247688,-0.6646881762946232,0.06296094504693521,0.014797040591881624,132,True
linear_c_state,rank_reward,A_to_C_to_B,receiver_side_only,tc,3,-0.5152661242529667,-0.6398054375741655,0.12453931332119865,0.0009998000399920016,105,True
linear_c_state,rank_reward,A_to_C_to_B,receiver_side_only,tc_plus_k,4,-0.7024937229764734,-0.734565255937359,0.03207153296088541,0.1837632473505299,105,False
linear_c_state,rank_reward,A_to_C_to_B,giver_side_only,t0,0,-0.6059868619139782,-0.6532178671013358,0.047231005187357615,0.046390721855628876,148,True
linear_c_state,rank_reward,A_to_C_to_B,giver_side_only,t1,1,-0.6000912093976398,-0.6450690859627258,0.044977876565085985,0.05638872225554889,140,False
linear_c_state,rank_reward,A_to_C_to_B,giver_side_only,t2,2,-0.601727231247688,-0.6545635193111041,0.05283628806341631,0.03819236152769446,132,True
linear_c_state,rank_reward,A_to_C_to_B,giver_side_only,tc,3,-0.5152661242529667,-0.5918739353984568,0.07660781114549008,0.007598480303939212,105,True
linear_c_state,rank_reward,A_to_C_to_B,giver_side_only,tc_plus_k,4,-0.7024937229764734,-0.7734106790102125,0.0709169560337391,0.028594281143771244,105,True
linear_c_state,rank_reward,A_to_C_to_B,standpoint_polarity_preserved,t0,0,-0.6059868619139782,-0.6305273724187125,0.02454051050473437,0.16636672665466906,148,False
linear_c_state,rank_reward,A_to_C_to_B,standpoint_polarity_preserved,t1,1,-0.6000912093976398,-0.6280209873465739,0.027929777948934167,0.14937012597480503,140,False
linear_c_state,rank_reward,A_to_C_to_B,standpoint_polarity_preserved,t2,2,-0.601727231247688,-0.6399373715809344,0.038210140333246476,0.08478304339132174,132,False
linear_c_state,rank_reward,A_to_C_to_B,standpoint_polarity_preserved,tc,3,-0.5152661242529667,-0.6422332239255267,0.12696709967256,0.0007998400319936012,105,True
linear_c_state,rank_reward,A_to_C_to_B,standpoint_polarity_preserved,tc_plus_k,4,-0.7024937229764734,-0.6988312805850957,-0.0036624423913778365,0.5436912617476505,105,False
linear_c_state,rank_reward,A_to_C_to_B,standpoint_polarity_inverted,t0,0,-0.6059868619139782,-0.659760956981904,0.05377409506792575,0.03779244151169766,148,True
linear_c_state,rank_reward,A_to_C_to_B,standpoint_polarity_inverted,t1,1,-0.6000912093976398,-0.6526326788057712,0.05254146940813151,0.04499100179964007,140,True
linear_c_state,rank_reward,A_to_C_to_B,standpoint_polarity_inverted,t2,2,-0.601727231247688,-0.6632466673550172,0.061519436107329406,0.02539492101579684,132,True
linear_c_state,rank_reward,A_to_C_to_B,standpoint_polarity_inverted,tc,3,-0.5152661242529667,-0.5782502700304734,0.06298414577750648,0.02979404119176165,105,True
linear_c_state,rank_reward,A_to_C_to_B,standpoint_polarity_inverted,tc_plus_k,4,-0.7024937229764734,-0.7635694639619375,0.06107574098546401,0.04479104179164167,105,True
linear_c_state,rank_reward,A_to_C_to_B,ab_exchange_receiver_standpoint,t0,0,-0.6059868619139782,-0.6496849870595508,0.043698125145572496,0.08078384323135374,148,False
linear_c_state,rank_reward,A_to_C_to_B,ab_exchange_receiver_standpoint,t1,1,-0.6000912093976398,-0.6406654024060308,0.04057419300839104,0.10617876424715057,140,False
linear_c_state,rank_reward,A_to_C_to_B,ab_exchange_receiver_standpoint,t2,2,-0.601727231247688,-0.6520543807621285,0.05032714951444053,0.07938412317536493,132,False
linear_c_state,rank_reward,A_to_C_to_B,ab_exchange_receiver_standpoint,tc,3,-0.5152661242529667,-0.5722616574011403,0.056995533148173565,0.06758648270345931,105,False
linear_c_state,rank_reward,A_to_C_to_B,ab_exchange_receiver_standpoint,tc_plus_k,4,-0.7024937229764734,-0.8103849045371645,0.10789118156069095,0.0033993201359728054,105,True
linear_c_state,rank_reward,A_to_C_to_B,mirrored_receiver_standpoint,t0,0,-0.6059868619139782,-0.6358733755451832,0.029886513631204988,0.15176964607078583,148,False
linear_c_state,rank_reward,A_to_C_to_B,mirrored_receiver_standpoint,t1,1,-0.6000912093976398,-0.6334267620921868,0.03333555269454711,0.12297540491901619,140,False
linear_c_state,rank_reward,A_to_C_to_B,mirrored_receiver_standpoint,t2,2,-0.601727231247688,-0.6446339211923401,0.04290668994465229,0.08918216356728655,132,False
linear_c_state,rank_reward,A_to_C_to_B,mirrored_receiver_standpoint,tc,3,-0.5152661242529667,-0.5909808594079301,0.07571473515496331,0.011797640471905619,105,True
linear_c_state,rank_reward,A_to_C_to_B,mirrored_receiver_standpoint,tc_plus_k,4,-0.7024937229764734,-0.7126242901176875,0.010130567141213956,0.39172165566886624,105,False
linear_c_state,rank_reward,A_to_C_to_B,normalization_matched_receiver_standpoint,t0,0,-0.6059868619139782,-0.7046932458210522,0.09870638390707402,0.0009998000399920016,148,True
linear_c_state,rank_reward,A_to_C_to_B,normalization_matched_receiver_standpoint,t1,1,-0.6000912093976398,-0.6927934811250781,0.09270227172743828,0.0015996800639872025,140,True
linear_c_state,rank_reward,A_to_C_to_B,normalization_matched_receiver_standpoint,t2,2,-0.601727231247688,-0.6951265688270287,0.09339933757934088,0.0003999200159968006,132,True
linear_c_state,rank_reward,A_to_C_to_B,normalization_matched_receiver_standpoint,tc,3,-0.5152661242529667,-0.6477688143121213,0.13250269005915447,0.0001999600079984003,105,True
linear_c_state,rank_reward,A_to_C_to_B,normalization_matched_receiver_standpoint,tc_plus_k,4,-0.7024937229764734,-0.7496386389323071,0.047144915955833595,0.10977804439112178,105,False
linear_c_state,rank_reward,A_to_C_to_B,reward_symmetry_control,t0,0,-0.6059868619139782,-0.639609272857274,0.03362241094329561,0.15016996600679863,148,False
linear_c_state,rank_reward,A_to_C_to_B,reward_symmetry_control,t1,1,-0.6000912093976398,-0.6358221250882483,0.035730915690608545,0.13777244551089782,140,False
linear_c_state,rank_reward,A_to_C_to_B,reward_symmetry_control,t2,2,-0.601727231247688,-0.6489599424880219,0.04723271124033393,0.08198360327934413,132,False
linear_c_state,rank_reward,A_to_C_to_B,reward_symmetry_control,tc,3,-0.5152661242529667,-0.6109355703521597,0.0956694460991929,0.0061987602479504095,105,True
linear_c_state,rank_reward,A_to_C_to_B,reward_symmetry_control,tc_plus_k,4,-0.7024937229764734,-0.6970314951888426,-0.005462227787630803,0.5496900619876025,105,False
linear_c_state,rank_reward,A_to_C_to_B,endpoint_o1o2_reference,t0,0,-0.6057910285570585,-0.30634534229506155,-0.2994456862619968,1.0,143,False
linear_c_state,rank_reward,A_to_C_to_B,endpoint_o1o2_reference,t1,1,-0.6026555139686857,-0.4072243561722722,-0.1954311577964134,1.0,136,False
linear_c_state,rank_reward,A_to_C_to_B,endpoint_o1o2_reference,t2,2,-0.6961619515251397,-0.3397590856044498,-0.35640286592069,1.0,129,False
linear_c_state,rank_reward,A_to_C_to_B,endpoint_o1o2_reference,tc,3,-0.4942899459659128,-0.22066120494735816,-0.2736287410185547,1.0,111,False
linear_c_state,rank_reward,A_to_C_to_B,endpoint_o1o2_reference,tc_plus_k,4,-0.6101915372104902,-0.384883225284399,-0.22530831192609124,1.0,111,False
linear_c_state,rank_reward,B_to_C_to_A,unperturbed_baseline,t0,0,-0.6181679029366773,-0.6496849870595508,0.03151708412287316,0.1365726854629074,148,False
linear_c_state,rank_reward,B_to_C_to_A,unperturbed_baseline,t1,1,-0.6037033808963126,-0.6406654024060308,0.03696202150971816,0.11397720455908818,140,False
linear_c_state,rank_reward,B_to_C_to_A,unperturbed_baseline,t2,2,-0.6111988241500196,-0.6520543807621285,0.04085555661210872,0.10437912417516497,132,False
linear_c_state,rank_reward,B_to_C_to_A,unperturbed_baseline,tc,3,-0.6085554965210608,-0.5722616574011403,-0.03629383911992051,0.8954209158168366,105,False
linear_c_state,rank_reward,B_to_C_to_A,unperturbed_baseline,tc_plus_k,4,-0.7559489501288089,-0.8103849045371645,0.054435954408355414,0.0661867626474705,105,False
linear_c_state,rank_reward,B_to_C_to_A,sham_perturbation,t0,0,-0.6181679029366773,-0.6496849870595508,0.03151708412287316,0.15336932613477305,148,False
linear_c_state,rank_reward,B_to_C_to_A,sham_perturbation,t1,1,-0.6037033808963126,-0.6406654024060308,0.03696202150971816,0.1205758848230354,140,False
linear_c_state,rank_reward,B_to_C_to_A,sham_perturbation,t2,2,-0.6111988241500196,-0.6520543807621285,0.04085555661210872,0.10937812437512498,132,False
linear_c_state,rank_reward,B_to_C_to_A,sham_perturbation,tc,3,-0.6085554965210608,-0.5722616574011403,-0.03629383911992051,0.8922215556888622,105,False
linear_c_state,rank_reward,B_to_C_to_A,sham_perturbation,tc_plus_k,4,-0.7559489501288089,-0.8103849045371645,0.054435954408355414,0.07018596280743851,105,False
linear_c_state,rank_reward,B_to_C_to_A,receiver_standpoint_reconstruction,t0,0,-0.6181679029366773,-0.6496849870595508,0.03151708412287316,0.15396920615876825,148,False
linear_c_state,rank_reward,B_to_C_to_A,receiver_standpoint_reconstruction,t1,1,-0.6037033808963126,-0.6406654024060308,0.03696202150971816,0.11557688462307539,140,False
linear_c_state,rank_reward,B_to_C_to_A,receiver_standpoint_reconstruction,t2,2,-0.6111988241500196,-0.6520543807621285,0.04085555661210872,0.10157968406318736,132,False
linear_c_state,rank_reward,B_to_C_to_A,receiver_standpoint_reconstruction,tc,3,-0.6085554965210608,-0.5722616574011403,-0.03629383911992051,0.8888222355528894,105,False
linear_c_state,rank_reward,B_to_C_to_A,receiver_standpoint_reconstruction,tc_plus_k,4,-0.7559489501288089,-0.8103849045371645,0.054435954408355414,0.06958608278344332,105,False
linear_c_state,rank_reward,B_to_C_to_A,receiver_standpoint_reconstruction_shuffled,t0,0,-0.6181679029366773,-0.6435970887058958,0.02542918576921821,0.17076584683063387,148,False
linear_c_state,rank_reward,B_to_C_to_A,receiver_standpoint_reconstruction_shuffled,t1,1,-0.6037033808963126,-0.6434604908243141,0.039757109928001376,0.08818236352729454,140,False
linear_c_state,rank_reward,B_to_C_to_A,receiver_standpoint_reconstruction_shuffled,t2,2,-0.6111988241500196,-0.6667285572835746,0.05552973313355483,0.028194361127774445,132,True
linear_c_state,rank_reward,B_to_C_to_A,receiver_standpoint_reconstruction_shuffled,tc,3,-0.6085554965210608,-0.567939002565418,-0.040616493955642916,0.9276144771045791,105,False
linear_c_state,rank_reward,B_to_C_to_A,receiver_standpoint_reconstruction_shuffled,tc_plus_k,4,-0.7559489501288089,-0.7318947001879323,-0.024054249940876654,0.8364327134573085,105,False
linear_c_state,rank_reward,B_to_C_to_A,mapping_inversion,t0,0,-0.6181679029366773,-0.6562524088960134,0.03808450595933585,0.10697860427914417,148,False
linear_c_state,rank_reward,B_to_C_to_A,mapping_inversion,t1,1,-0.6037033808963126,-0.648992041738054,0.04528866084174128,0.07418516296740651,140,False
linear_c_state,rank_reward,B_to_C_to_A,mapping_inversion,t2,2,-0.6111988241500196,-0.6622848584600574,0.05108603431003771,0.0643871225754849,132,False
linear_c_state,rank_reward,B_to_C_to_A,mapping_inversion,tc,3,-0.6085554965210608,-0.5510537043803306,-0.05750179214073023,0.9694061187762447,105,False
linear_c_state,rank_reward,B_to_C_to_A,mapping_inversion,tc_plus_k,4,-0.7559489501288089,-0.7787234953680792,0.02277454523927007,0.2907418516296741,105,False
linear_c_state,rank_reward,B_to_C_to_A,side_shuffle,t0,0,-0.6181679029366773,-0.734389679990851,0.1162217770541735,0.0001999600079984003,148,True
linear_c_state,rank_reward,B_to_C_to_A,side_shuffle,t1,1,-0.6037033808963126,-0.7106362843294362,0.10693290343312348,0.0001999600079984003,140,True
linear_c_state,rank_reward,B_to_C_to_A,side_shuffle,t2,2,-0.6111988241500196,-0.7077302787154298,0.09653145456541021,0.0007998400319936012,132,True
linear_c_state,rank_reward,B_to_C_to_A,side_shuffle,tc,3,-0.6085554965210608,-0.638527734424591,0.029972237903530062,0.16676664667066587,105,False
linear_c_state,rank_reward,B_to_C_to_A,side_shuffle,tc_plus_k,4,-0.7559489501288089,-0.7463782763000256,-0.009570673828783391,0.6244751049790042,105,False
linear_c_state,rank_reward,B_to_C_to_A,unsigned_side_gap,t0,0,-0.6181679029366773,-0.6768880068551805,0.05872010391850291,0.011197760447910418,148,True
linear_c_state,rank_reward,B_to_C_to_A,unsigned_side_gap,t1,1,-0.6037033808963126,-0.670590771894813,0.06688739099850037,0.005598880223955209,140,True
linear_c_state,rank_reward,B_to_C_to_A,unsigned_side_gap,t2,2,-0.6111988241500196,-0.6760994771008372,0.06490065295081753,0.008198360327934412,132,True
linear_c_state,rank_reward,B_to_C_to_A,unsigned_side_gap,tc,3,-0.6085554965210608,-0.610236746824323,0.0016812503032622441,0.4657068586282743,105,False
linear_c_state,rank_reward,B_to_C_to_A,unsigned_side_gap,tc_plus_k,4,-0.7559489501288089,-0.7617045007601979,0.0057555506313888265,0.39952009598080385,105,False
linear_c_state,rank_reward,B_to_C_to_A,polarity_magnitude_only,t0,0,-0.6181679029366773,-0.6768880068551805,0.05872010391850291,0.007598480303939212,148,True
linear_c_state,rank_reward,B_to_C_to_A,polarity_magnitude_only,t1,1,-0.6037033808963126,-0.670590771894813,0.06688739099850037,0.003799240151969606,140,True
linear_c_state,rank_reward,B_to_C_to_A,polarity_magnitude_only,t2,2,-0.6111988241500196,-0.6760994771008372,0.06490065295081753,0.006998600279944011,132,True
linear_c_state,rank_reward,B_to_C_to_A,polarity_magnitude_only,tc,3,-0.6085554965210608,-0.610236746824323,0.0016812503032622441,0.483503299340132,105,False
linear_c_state,rank_reward,B_to_C_to_A,polarity_magnitude_only,tc_plus_k,4,-0.7559489501288089,-0.7617045007601979,0.0057555506313888265,0.39752049590081984,105,False
linear_c_state,rank_reward,B_to_C_to_A,receiver_side_only,t0,0,-0.6181679029366773,-0.6532178671013358,0.035049964164658304,0.08378324335132974,148,False
linear_c_state,rank_reward,B_to_C_to_A,receiver_side_only,t1,1,-0.6037033808963126,-0.6450690859627258,0.0413657050664131,0.060187962407518496,140,False
linear_c_state,rank_reward,B_to_C_to_A,receiver_side_only,t2,2,-0.6111988241500196,-0.6545635193111041,0.04336469516108449,0.05798840231953609,132,False
linear_c_state,rank_reward,B_to_C_to_A,receiver_side_only,tc,3,-0.6085554965210608,-0.5918739353984568,-0.016681561122604,0.7316536692661467,105,False
linear_c_state,rank_reward,B_to_C_to_A,receiver_side_only,tc_plus_k,4,-0.7559489501288089,-0.7734106790102125,0.01746172888140357,0.2521495700859828,105,False
linear_c_state,rank_reward,B_to_C_to_A,giver_side_only,t0,0,-0.6181679029366773,-0.658046436562555,0.03987853362587738,0.04319136172765447,148,True
linear_c_state,rank_reward,B_to_C_to_A,giver_side_only,t1,1,-0.6037033808963126,-0.655736407411187,0.052033026514874264,0.01279744051189762,140,True
linear_c_state,rank_reward,B_to_C_to_A,giver_side_only,t2,2,-0.6111988241500196,-0.6646881762946232,0.05348935214460338,0.016796640671865627,132,True
linear_c_state,rank_reward,B_to_C_to_A,giver_side_only,tc,3,-0.6085554965210608,-0.6398054375741655,0.031249941053104593,0.09598080383923216,105,False
linear_c_state,rank_reward,B_to_C_to_A,giver_side_only,tc_plus_k,4,-0.7559489501288089,-0.734565255937359,-0.0213836941914501,0.8098380323935213,105,False
linear_c_state,rank_reward,B_to_C_to_A,standpoint_polarity_preserved,t0,0,-0.6181679029366773,-0.659760956981904,0.04159305404522643,0.07438512297540492,148,False
linear_c_state,rank_reward,B_to_C_to_A,standpoint_polarity_preserved,t1,1,-0.6037033808963126,-0.6526326788057712,0.048929297909458644,0.05398920215956809,140,False
linear_c_state,rank_reward,B_to_C_to_A,standpoint_polarity_preserved,t2,2,-0.6111988241500196,-0.6632466673550172,0.05204784320499759,0.04479104179164167,132,True
linear_c_state,rank_reward,B_to_C_to_A,standpoint_polarity_preserved,tc,3,-0.6085554965210608,-0.5782502700304734,-0.030305226490587592,0.8574285142971406,105,False
linear_c_state,rank_reward,B_to_C_to_A,standpoint_polarity_preserved,tc_plus_k,4,-0.7559489501288089,-0.7635694639619375,0.007620513833128484,0.39472105578884226,105,False
linear_c_state,rank_reward,B_to_C_to_A,standpoint_polarity_inverted,t0,0,-0.6181679029366773,-0.6305273724187125,0.01235946948203505,0.3261347730453909,148,False
linear_c_state,rank_reward,B_to_C_to_A,standpoint_polarity_inverted,t1,1,-0.6037033808963126,-0.6280209873465739,0.024317606450261278,0.18316336732653468,140,False
linear_c_state,rank_reward,B_to_C_to_A,standpoint_polarity_inverted,t2,2,-0.6111988241500196,-0.6399373715809344,0.028738547430914644,0.15096980603879223,132,False
linear_c_state,rank_reward,B_to_C_to_A,standpoint_polarity_inverted,tc,3,-0.6085554965210608,-0.6422332239255267,0.0336777274044659,0.1271745650869826,105,False
linear_c_state,rank_reward,B_to_C_to_A,standpoint_polarity_inverted,tc_plus_k,4,-0.7559489501288089,-0.6988312805850957,-0.05711766954371335,0.9866026794641072,105,False
linear_c_state,rank_reward,B_to_C_to_A,ab_exchange_receiver_standpoint,t0,0,-0.6181679029366773,-0.6311028482100351,0.012934945273357767,0.32833433313337335,148,False
linear_c_state,rank_reward,B_to_C_to_A,ab_exchange_receiver_standpoint,t1,1,-0.6037033808963126,-0.6226466326507563,0.018943251754443585,0.27994401119776047,140,False
linear_c_state,rank_reward,B_to_C_to_A,ab_exchange_receiver_standpoint,t2,2,-0.6111988241500196,-0.6375401786775355,0.026341354527515907,0.20415916816636673,132,False
linear_c_state,rank_reward,B_to_C_to_A,ab_exchange_receiver_standpoint,tc,3,-0.6085554965210608,-0.5946050420798092,-0.013950454441251542,0.6818636272745451,105,False
linear_c_state,rank_reward,B_to_C_to_A,ab_exchange_receiver_standpoint,tc_plus_k,4,-0.7559489501288089,-0.6741890314302034,-0.08175991869860556,0.9942011597680463,105,False
linear_c_state,rank_reward,B_to_C_to_A,mirrored_receiver_standpoint,t0,0,-0.6181679029366773,-0.6350837896586107,0.01691588672193308,0.27754449110177964,148,False
linear_c_state,rank_reward,B_to_C_to_A,mirrored_receiver_standpoint,t1,1,-0.6037033808963126,-0.6325920570120959,0.0288886761157832,0.16716656668666266,140,False
linear_c_state,rank_reward,B_to_C_to_A,mirrored_receiver_standpoint,t2,2,-0.6111988241500196,-0.6446339211923401,0.033435097042320464,0.1297740451909618,132,False
linear_c_state,rank_reward,B_to_C_to_A,mirrored_receiver_standpoint,tc,3,-0.6085554965210608,-0.5932067396215062,-0.015348756899554675,0.6574685062987402,105,False
linear_c_state,rank_reward,B_to_C_to_A,mirrored_receiver_standpoint,tc_plus_k,4,-0.7559489501288089,-0.7126242901176875,-0.04332466001112156,0.9044191161767646,105,False
linear_c_state,rank_reward,B_to_C_to_A,normalization_matched_receiver_standpoint,t0,0,-0.6181679029366773,-0.6902531902900972,0.07208528735341975,0.0057988402319536095,148,True
linear_c_state,rank_reward,B_to_C_to_A,normalization_matched_receiver_standpoint,t1,1,-0.6037033808963126,-0.6851703298922793,0.08146694899596658,0.003199360127974405,140,True
linear_c_state,rank_reward,B_to_C_to_A,normalization_matched_receiver_standpoint,t2,2,-0.6111988241500196,-0.6963011151991993,0.08510229104917959,0.0027994401119776045,132,True
linear_c_state,rank_reward,B_to_C_to_A,normalization_matched_receiver_standpoint,tc,3,-0.6085554965210608,-0.6473778179350671,0.03882232141400635,0.07038592281543692,105,False
linear_c_state,rank_reward,B_to_C_to_A,normalization_matched_receiver_standpoint,tc_plus_k,4,-0.7559489501288089,-0.7598894589546966,0.003940508825887542,0.43331333733253347,105,False
linear_c_state,rank_reward,B_to_C_to_A,reward_symmetry_control,t0,0,-0.6181679029366773,-0.639609272857274,0.02144136992059629,0.20455908818236354,148,False
linear_c_state,rank_reward,B_to_C_to_A,reward_symmetry_control,t1,1,-0.6037033808963126,-0.6358221250882483,0.03211874419193569,0.1259748050389922,140,False
linear_c_state,rank_reward,B_to_C_to_A,reward_symmetry_control,t2,2,-0.6111988241500196,-0.6489599424880219,0.0377611183380021,0.09298140371925614,132,False
linear_c_state,rank_reward,B_to_C_to_A,reward_symmetry_control,tc,3,-0.6085554965210608,-0.6109355703521597,0.002380073831098836,0.46770645870825833,105,False
linear_c_state,rank_reward,B_to_C_to_A,reward_symmetry_control,tc_plus_k,4,-0.7559489501288089,-0.6970314951888426,-0.05891745493996632,0.972005598880224,105,False
linear_c_state,rank_reward,B_to_C_to_A,endpoint_o1o2_reference,t0,0,-0.6407525199868604,-0.30634534229506155,-0.3344071776917988,1.0,143,False
linear_c_state,rank_reward,B_to_C_to_A,endpoint_o1o2_reference,t1,1,-0.6499093349028161,-0.4072243561722722,-0.24268497873054387,1.0,136,False
linear_c_state,rank_reward,B_to_C_to_A,endpoint_o1o2_reference,t2,2,-0.7144813651197363,-0.3397590856044498,-0.3747222795152864,1.0,129,False
linear_c_state,rank_reward,B_to_C_to_A,endpoint_o1o2_reference,tc,3,-0.4801323904724418,-0.22066120494735816,-0.2594711855250836,1.0,111,False
linear_c_state,rank_reward,B_to_C_to_A,endpoint_o1o2_reference,tc_plus_k,4,-0.6709951648500897,-0.384883225284399,-0.2861119395656906,1.0,111,False
linear_c_state,gmr72_bridge_composite,A_to_C_to_B,unperturbed_baseline,t0,0,-0.2778786121089612,-0.2908773255919374,0.012998713482976288,0.11757648470305938,148,False
linear_c_state,gmr72_bridge_composite,A_to_C_to_B,unperturbed_baseline,t1,1,-0.2796630362950364,-0.2932993764967208,0.013636340201684421,0.11237752449510098,140,False
linear_c_state,gmr72_bridge_composite,A_to_C_to_B,unperturbed_baseline,t2,2,-0.2830037422469268,-0.29935124233493104,0.016347500088004275,0.07578484303139373,132,False
linear_c_state,gmr72_bridge_composite,A_to_C_to_B,unperturbed_baseline,tc,3,-0.21138423575478618,-0.21747213743618646,0.006087901681400273,0.2533493301339732,105,False
linear_c_state,gmr72_bridge_composite,A_to_C_to_B,unperturbed_baseline,tc_plus_k,4,-0.2964110112823483,-0.2810095148367321,-0.015401496445616227,0.848630273945211,105,False
linear_c_state,gmr72_bridge_composite,A_to_C_to_B,sham_perturbation,t0,0,-0.2778786121089612,-0.2908773255919374,0.012998713482976288,0.11637672465506899,148,False
linear_c_state,gmr72_bridge_composite,A_to_C_to_B,sham_perturbation,t1,1,-0.2796630362950364,-0.2932993764967208,0.013636340201684421,0.11337732453509299,140,False
linear_c_state,gmr72_bridge_composite,A_to_C_to_B,sham_perturbation,t2,2,-0.2830037422469268,-0.29935124233493104,0.016347500088004275,0.08118376324735053,132,False
linear_c_state,gmr72_bridge_composite,A_to_C_to_B,sham_perturbation,tc,3,-0.21138423575478618,-0.21747213743618646,0.006087901681400273,0.25414917016596683,105,False
linear_c_state,gmr72_bridge_composite,A_to_C_to_B,sham_perturbation,tc_plus_k,4,-0.2964110112823483,-0.2810095148367321,-0.015401496445616227,0.8628274345130974,105,False
linear_c_state,gmr72_bridge_composite,A_to_C_to_B,receiver_standpoint_reconstruction,t0,0,-0.2778786121089612,-0.2908773255919374,0.012998713482976288,0.11477704459108179,148,False
linear_c_state,gmr72_bridge_composite,A_to_C_to_B,receiver_standpoint_reconstruction,t1,1,-0.2796630362950364,-0.2932993764967208,0.013636340201684421,0.11277744451109778,140,False
linear_c_state,gmr72_bridge_composite,A_to_C_to_B,receiver_standpoint_reconstruction,t2,2,-0.2830037422469268,-0.29935124233493104,0.016347500088004275,0.07058588282343531,132,False
linear_c_state,gmr72_bridge_composite,A_to_C_to_B,receiver_standpoint_reconstruction,tc,3,-0.21138423575478618,-0.21747213743618646,0.006087901681400273,0.2455508898220356,105,False
linear_c_state,gmr72_bridge_composite,A_to_C_to_B,receiver_standpoint_reconstruction,tc_plus_k,4,-0.2964110112823483,-0.2810095148367321,-0.015401496445616227,0.8618276344731054,105,False
linear_c_state,gmr72_bridge_composite,A_to_C_to_B,receiver_standpoint_reconstruction_shuffled,t0,0,-0.2778786121089612,-0.29649629238186004,0.01861768027289886,0.03079384123175365,148,True
linear_c_state,gmr72_bridge_composite,A_to_C_to_B,receiver_standpoint_reconstruction_shuffled,t1,1,-0.2796630362950364,-0.29771563157897185,0.018052595283935536,0.05058988202359528,140,False
linear_c_state,gmr72_bridge_composite,A_to_C_to_B,receiver_standpoint_reconstruction_shuffled,t2,2,-0.2830037422469268,-0.3040548810515971,0.0210511388046703,0.04619076184763048,132,True
linear_c_state,gmr72_bridge_composite,A_to_C_to_B,receiver_standpoint_reconstruction_shuffled,tc,3,-0.21138423575478618,-0.22169341085152336,0.010309175096737176,0.16416716656668667,105,False
linear_c_state,gmr72_bridge_composite,A_to_C_to_B,receiver_standpoint_reconstruction_shuffled,tc_plus_k,4,-0.2964110112823483,-0.2837240462250348,-0.01268696505731351,0.8400319936012798,105,False
linear_c_state,gmr72_bridge_composite,A_to_C_to_B,mapping_inversion,t0,0,-0.2778786121089612,-0.29117465870099846,0.01329604659203729,0.15576884623075385,148,False
linear_c_state,gmr72_bridge_composite,A_to_C_to_B,mapping_inversion,t1,1,-0.2796630362950364,-0.2927167066689252,0.013053670373888845,0.15756848630273945,140,False
linear_c_state,gmr72_bridge_composite,A_to_C_to_B,mapping_inversion,t2,2,-0.2830037422469268,-0.29854284224754657,0.015539100000619761,0.1297740451909618,132,False
linear_c_state,gmr72_bridge_composite,A_to_C_to_B,mapping_inversion,tc,3,-0.21138423575478618,-0.2110990677268643,-0.0002851680279218513,0.500499900019996,105,False
linear_c_state,gmr72_bridge_composite,A_to_C_to_B,mapping_inversion,tc_plus_k,4,-0.2964110112823483,-0.2883344401052017,-0.00807657117714654,0.7046590681863627,105,False
linear_c_state,gmr72_bridge_composite,A_to_C_to_B,side_shuffle,t0,0,-0.2778786121089612,-0.29567902726437484,0.017800415155413633,0.05318936212757448,148,False
linear_c_state,gmr72_bridge_composite,A_to_C_to_B,side_shuffle,t1,1,-0.2796630362950364,-0.29705459503525994,0.017391558740223533,0.05618876224755049,140,False
linear_c_state,gmr72_bridge_composite,A_to_C_to_B,side_shuffle,t2,2,-0.2830037422469268,-0.30654465396041003,0.023540911713483253,0.01839632073585283,132,True
linear_c_state,gmr72_bridge_composite,A_to_C_to_B,side_shuffle,tc,3,-0.21138423575478618,-0.21553857540748222,0.004154339652696008,0.32993401319736054,105,False
linear_c_state,gmr72_bridge_composite,A_to_C_to_B,side_shuffle,tc_plus_k,4,-0.2964110112823483,-0.2855670200418345,-0.010843991240513794,0.8196360727854429,105,False
linear_c_state,gmr72_bridge_composite,A_to_C_to_B,unsigned_side_gap,t0,0,-0.2778786121089612,-0.2942653930239688,0.016386780915007566,0.05598880223955209,148,False
linear_c_state,gmr72_bridge_composite,A_to_C_to_B,unsigned_side_gap,t1,1,-0.2796630362950364,-0.2964257983598785,0.01676276206484207,0.05678864227154569,140,False
linear_c_state,gmr72_bridge_composite,A_to_C_to_B,unsigned_side_gap,t2,2,-0.2830037422469268,-0.303388606198962,0.020384863952035245,0.03059388122375525,132,True
linear_c_state,gmr72_bridge_composite,A_to_C_to_B,unsigned_side_gap,tc,3,-0.21138423575478618,-0.21840904872527866,0.007024812970492455,0.19376124775044992,105,False
linear_c_state,gmr72_bridge_composite,A_to_C_to_B,unsigned_side_gap,tc_plus_k,4,-0.2964110112823483,-0.2824845820082993,-0.013926429274048984,0.8744251149770046,105,False
linear_c_state,gmr72_bridge_composite,A_to_C_to_B,polarity_magnitude_only,t0,0,-0.2778786121089612,-0.2942653930239688,0.016386780915007566,0.059988002399520096,148,False
linear_c_state,gmr72_bridge_composite,A_to_C_to_B,polarity_magnitude_only,t1,1,-0.2796630362950364,-0.2964257983598785,0.01676276206484207,0.0617876424715057,140,False
linear_c_state,gmr72_bridge_composite,A_to_C_to_B,polarity_magnitude_only,t2,2,-0.2830037422469268,-0.303388606198962,0.020384863952035245,0.03559288142371526,132,True
linear_c_state,gmr72_bridge_composite,A_to_C_to_B,polarity_magnitude_only,tc,3,-0.21138423575478618,-0.21840904872527866,0.007024812970492455,0.1757648470305939,105,False
linear_c_state,gmr72_bridge_composite,A_to_C_to_B,polarity_magnitude_only,tc_plus_k,4,-0.2964110112823483,-0.2824845820082993,-0.013926429274048984,0.8850229954009198,105,False
linear_c_state,gmr72_bridge_composite,A_to_C_to_B,receiver_side_only,t0,0,-0.2778786121089612,-0.293851766281868,0.01597315417290677,0.07238552289542091,148,False
linear_c_state,gmr72_bridge_composite,A_to_C_to_B,receiver_side_only,t1,1,-0.2796630362950364,-0.29748455994041917,0.01782152364538275,0.05798840231953609,140,False
linear_c_state,gmr72_bridge_composite,A_to_C_to_B,receiver_side_only,t2,2,-0.2830037422469268,-0.30506520466147674,0.022061462414549874,0.026994601079784044,132,True
linear_c_state,gmr72_bridge_composite,A_to_C_to_B,receiver_side_only,tc,3,-0.21138423575478618,-0.2197802637911249,0.008396028036338692,0.15916816636672665,105,False
linear_c_state,gmr72_bridge_composite,A_to_C_to_B,receiver_side_only,tc_plus_k,4,-0.2964110112823483,-0.28698025935809834,-0.009430751924249971,0.7686462707458508,105,False
linear_c_state,gmr72_bridge_composite,A_to_C_to_B,giver_side_only,t0,0,-0.2778786121089612,-0.29179493739077544,0.013916325281814326,0.09278144371125775,148,False
linear_c_state,gmr72_bridge_composite,A_to_C_to_B,giver_side_only,t1,1,-0.2796630362950364,-0.2937379038690517,0.014074867574015318,0.09978004399120176,140,False
linear_c_state,gmr72_bridge_composite,A_to_C_to_B,giver_side_only,t2,2,-0.2830037422469268,-0.3019007620539375,0.018897019807010695,0.041991601679664065,132,True
linear_c_state,gmr72_bridge_composite,A_to_C_to_B,giver_side_only,tc,3,-0.21138423575478618,-0.20886522912159852,-0.002519006633187666,0.6080783843231353,105,False
linear_c_state,gmr72_bridge_composite,A_to_C_to_B,giver_side_only,tc_plus_k,4,-0.2964110112823483,-0.286592900963731,-0.009818110318617243,0.8044391121775645,105,False
linear_c_state,gmr72_bridge_composite,A_to_C_to_B,standpoint_polarity_preserved,t0,0,-0.2778786121089612,-0.28955743883108187,0.011678826722120695,0.15856828634273146,148,False
linear_c_state,gmr72_bridge_composite,A_to_C_to_B,standpoint_polarity_preserved,t1,1,-0.2796630362950364,-0.2931533364798934,0.013490300184857024,0.1217756448710258,140,False
linear_c_state,gmr72_bridge_composite,A_to_C_to_B,standpoint_polarity_preserved,t2,2,-0.2830037422469268,-0.30081652355092,0.017812781303993143,0.0661867626474705,132,False
linear_c_state,gmr72_bridge_composite,A_to_C_to_B,standpoint_polarity_preserved,tc,3,-0.21138423575478618,-0.21965826766702828,0.008274031912242078,0.16316736652669467,105,False
linear_c_state,gmr72_bridge_composite,A_to_C_to_B,standpoint_polarity_preserved,tc_plus_k,4,-0.2964110112823483,-0.2829729619141091,-0.013438049368239184,0.8558288342331534,105,False
linear_c_state,gmr72_bridge_composite,A_to_C_to_B,standpoint_polarity_inverted,t0,0,-0.2778786121089612,-0.2950520064444471,0.017173394335485908,0.0661867626474705,148,False
linear_c_state,gmr72_bridge_composite,A_to_C_to_B,standpoint_polarity_inverted,t1,1,-0.2796630362950364,-0.29705802676412696,0.017394990469090515,0.07078584283143372,140,False
linear_c_state,gmr72_bridge_composite,A_to_C_to_B,standpoint_polarity_inverted,t2,2,-0.2830037422469268,-0.3050420355151386,0.022038293268211776,0.03659268146370726,132,True
linear_c_state,gmr72_bridge_composite,A_to_C_to_B,standpoint_polarity_inverted,tc,3,-0.21138423575478618,-0.20957375355171617,-0.0018104822030699786,0.5810837832433513,105,False
linear_c_state,gmr72_bridge_composite,A_to_C_to_B,standpoint_polarity_inverted,tc_plus_k,4,-0.2964110112823483,-0.2938752553354606,-0.002535755946887624,0.5830833833233353,105,False
linear_c_state,gmr72_bridge_composite,A_to_C_to_B,ab_exchange_receiver_standpoint,t0,0,-0.2778786121089612,-0.29295635774440526,0.015077745635444091,0.09158168366326734,148,False
linear_c_state,gmr72_bridge_composite,A_to_C_to_B,ab_exchange_receiver_standpoint,t1,1,-0.2796630362950364,-0.294399952570856,0.014736916275819656,0.08858228354329134,140,False
linear_c_state,gmr72_bridge_composite,A_to_C_to_B,ab_exchange_receiver_standpoint,t2,2,-0.2830037422469268,-0.3011664847397654,0.01816274249283858,0.05878824235152969,132,False
linear_c_state,gmr72_bridge_composite,A_to_C_to_B,ab_exchange_receiver_standpoint,tc,3,-0.21138423575478618,-0.21353914164954682,0.0021549058947606366,0.40211957608478305,105,False
linear_c_state,gmr72_bridge_composite,A_to_C_to_B,ab_exchange_receiver_standpoint,tc_plus_k,4,-0.2964110112823483,-0.29299299331935974,-0.003418017962988573,0.596880623875225,105,False
linear_c_state,gmr72_bridge_composite,A_to_C_to_B,mirrored_receiver_standpoint,t0,0,-0.2778786121089612,-0.28668910096679356,0.008810488857832364,0.25374925014997,148,False
linear_c_state,gmr72_bridge_composite,A_to_C_to_B,mirrored_receiver_standpoint,t1,1,-0.2796630362950364,-0.2896990721069202,0.010036035811883786,0.23455308938212358,140,False
linear_c_state,gmr72_bridge_composite,A_to_C_to_B,mirrored_receiver_standpoint,t2,2,-0.2830037422469268,-0.2972526331996509,0.014248890952724063,0.14657068586282743,132,False
linear_c_state,gmr72_bridge_composite,A_to_C_to_B,mirrored_receiver_standpoint,tc,3,-0.21138423575478618,-0.20909060184679334,-0.0022936339079928873,0.6104779044191162,105,False
linear_c_state,gmr72_bridge_composite,A_to_C_to_B,mirrored_receiver_standpoint,tc_plus_k,4,-0.2964110112823483,-0.2863673906051788,-0.010043620677169471,0.7704459108178364,105,False
linear_c_state,gmr72_bridge_composite,A_to_C_to_B,normalization_matched_receiver_standpoint,t0,0,-0.2778786121089612,-0.2898198617644573,0.011941249655496075,0.14737052589482103,148,False
linear_c_state,gmr72_bridge_composite,A_to_C_to_B,normalization_matched_receiver_standpoint,t1,1,-0.2796630362950364,-0.2928472629788568,0.01318422668382045,0.1285742851429714,140,False
linear_c_state,gmr72_bridge_composite,A_to_C_to_B,normalization_matched_receiver_standpoint,t2,2,-0.2830037422469268,-0.3006952661041363,0.017691523857209564,0.0637872425514897,132,False
linear_c_state,gmr72_bridge_composite,A_to_C_to_B,normalization_matched_receiver_standpoint,tc,3,-0.21138423575478618,-0.21347038499606863,0.002086149241282475,0.40631873625274945,105,False
linear_c_state,gmr72_bridge_composite,A_to_C_to_B,normalization_matched_receiver_standpoint,tc_plus_k,4,-0.2964110112823483,-0.2896234479015851,-0.006787563380763179,0.6826634673065387,105,False
linear_c_state,gmr72_bridge_composite,A_to_C_to_B,reward_symmetry_control,t0,0,-0.2778786121089612,-0.2896881589170974,0.011809546808136256,0.15076984603079385,148,False
linear_c_state,gmr72_bridge_composite,A_to_C_to_B,reward_symmetry_control,t1,1,-0.2796630362950364,-0.29233029991366855,0.012667263618632183,0.14177164567086584,140,False
linear_c_state,gmr72_bridge_composite,A_to_C_to_B,reward_symmetry_control,t2,2,-0.2830037422469268,-0.2994529781772467,0.01644923593031991,0.08358328334333133,132,False
linear_c_state,gmr72_bridge_composite,A_to_C_to_B,reward_symmetry_control,tc,3,-0.21138423575478618,-0.2111265905500422,-0.0002576452047439604,0.5260947810437913,105,False
linear_c_state,gmr72_bridge_composite,A_to_C_to_B,reward_symmetry_control,tc_plus_k,4,-0.2964110112823483,-0.27724580587424613,-0.019165205408102175,0.9178164367126574,105,False
linear_c_state,gmr72_bridge_composite,A_to_C_to_B,endpoint_o1o2_reference,t0,0,-0.2668267211189009,-0.22511000810223386,-0.04171671301666703,1.0,143,False
linear_c_state,gmr72_bridge_composite,A_to_C_to_B,endpoint_o1o2_reference,t1,1,-0.2646508950870465,-0.23881911113659204,-0.025831783950454462,0.9976004799040192,136,False
linear_c_state,gmr72_bridge_composite,A_to_C_to_B,endpoint_o1o2_reference,t2,2,-0.3002578710619635,-0.2625434548985422,-0.037714416163421256,0.9998000399920016,129,False
linear_c_state,gmr72_bridge_composite,A_to_C_to_B,endpoint_o1o2_reference,tc,3,-0.2470353306215283,-0.20454100379324558,-0.04249432682828277,0.999000199960008,111,False
linear_c_state,gmr72_bridge_composite,A_to_C_to_B,endpoint_o1o2_reference,tc_plus_k,4,-0.2761344564964029,-0.2357162782045565,-0.040418178291846456,0.9998000399920016,111,False
linear_c_state,gmr72_bridge_composite,B_to_C_to_A,unperturbed_baseline,t0,0,-0.2803244198037211,-0.29295635774440526,0.012631937940684235,0.1299740051989602,148,False
linear_c_state,gmr72_bridge_composite,B_to_C_to_A,unperturbed_baseline,t1,1,-0.27999344536699716,-0.294399952570856,0.014406507203858877,0.10657868426314737,140,False
linear_c_state,gmr72_bridge_composite,B_to_C_to_A,unperturbed_baseline,t2,2,-0.28487259347039495,-0.3011664847397654,0.016293891269370395,0.08698260347930414,132,False
linear_c_state,gmr72_bridge_composite,B_to_C_to_A,unperturbed_baseline,tc,3,-0.24251034019015835,-0.21353914164954682,-0.028971198540611552,0.9942011597680463,105,False
linear_c_state,gmr72_bridge_composite,B_to_C_to_A,unperturbed_baseline,tc_plus_k,4,-0.2956045714478437,-0.29299299331935974,-0.0026115781284839685,0.5886822635472906,105,False
linear_c_state,gmr72_bridge_composite,B_to_C_to_A,sham_perturbation,t0,0,-0.2803244198037211,-0.29295635774440526,0.012631937940684235,0.1315736852629474,148,False
linear_c_state,gmr72_bridge_composite,B_to_C_to_A,sham_perturbation,t1,1,-0.27999344536699716,-0.294399952570856,0.014406507203858877,0.11037792441511697,140,False
linear_c_state,gmr72_bridge_composite,B_to_C_to_A,sham_perturbation,t2,2,-0.28487259347039495,-0.3011664847397654,0.016293891269370395,0.09498100379924015,132,False
linear_c_state,gmr72_bridge_composite,B_to_C_to_A,sham_perturbation,tc,3,-0.24251034019015835,-0.21353914164954682,-0.028971198540611552,0.993001399720056,105,False
linear_c_state,gmr72_bridge_composite,B_to_C_to_A,sham_perturbation,tc_plus_k,4,-0.2956045714478437,-0.29299299331935974,-0.0026115781284839685,0.5902819436112777,105,False
linear_c_state,gmr72_bridge_composite,B_to_C_to_A,receiver_standpoint_reconstruction,t0,0,-0.2803244198037211,-0.29295635774440526,0.012631937940684235,0.1329734053189362,148,False
linear_c_state,gmr72_bridge_composite,B_to_C_to_A,receiver_standpoint_reconstruction,t1,1,-0.27999344536699716,-0.294399952570856,0.014406507203858877,0.10877824435112977,140,False
linear_c_state,gmr72_bridge_composite,B_to_C_to_A,receiver_standpoint_reconstruction,t2,2,-0.28487259347039495,-0.3011664847397654,0.016293891269370395,0.09358128374325135,132,False
linear_c_state,gmr72_bridge_composite,B_to_C_to_A,receiver_standpoint_reconstruction,tc,3,-0.24251034019015835,-0.21353914164954682,-0.028971198540611552,0.9924015196960608,105,False
linear_c_state,gmr72_bridge_composite,B_to_C_to_A,receiver_standpoint_reconstruction,tc_plus_k,4,-0.2956045714478437,-0.29299299331935974,-0.0026115781284839685,0.5884823035392921,105,False
linear_c_state,gmr72_bridge_composite,B_to_C_to_A,receiver_standpoint_reconstruction_shuffled,t0,0,-0.2803244198037211,-0.28764437298216594,0.007319953178444901,0.26454709058188364,148,False
linear_c_state,gmr72_bridge_composite,B_to_C_to_A,receiver_standpoint_reconstruction_shuffled,t1,1,-0.27999344536699716,-0.2878380070976819,0.007844561730684747,0.22595480903819237,140,False
linear_c_state,gmr72_bridge_composite,B_to_C_to_A,receiver_standpoint_reconstruction_shuffled,t2,2,-0.28487259347039495,-0.30307922789110925,0.01820663442071435,0.06818636272745451,132,False
linear_c_state,gmr72_bridge_composite,B_to_C_to_A,receiver_standpoint_reconstruction_shuffled,tc,3,-0.24251034019015835,-0.20798660037663316,-0.03452373981352523,0.9982003599280144,105,False
linear_c_state,gmr72_bridge_composite,B_to_C_to_A,receiver_standpoint_reconstruction_shuffled,tc_plus_k,4,-0.2956045714478437,-0.28341683667394835,-0.012187734773895306,0.8956208758248351,105,False
linear_c_state,gmr72_bridge_composite,B_to_C_to_A,mapping_inversion,t0,0,-0.2803244198037211,-0.29118937884003676,0.010864959036315711,0.20515896820635873,148,False
linear_c_state,gmr72_bridge_composite,B_to_C_to_A,mapping_inversion,t1,1,-0.27999344536699716,-0.29273226795876567,0.01273882259176854,0.1773645270945811,140,False
linear_c_state,gmr72_bridge_composite,B_to_C_to_A,mapping_inversion,t2,2,-0.28487259347039495,-0.29854284224754657,0.01367024877715158,0.16136772645470907,132,False
linear_c_state,gmr72_bridge_composite,B_to_C_to_A,mapping_inversion,tc,3,-0.24251034019015835,-0.2110575709539564,-0.031452769236201945,1.0,105,False
linear_c_state,gmr72_bridge_composite,B_to_C_to_A,mapping_inversion,tc_plus_k,4,-0.2956045714478437,-0.2883344401052017,-0.007270131342641935,0.7210557888422315,105,False
linear_c_state,gmr72_bridge_composite,B_to_C_to_A,side_shuffle,t0,0,-0.2803244198037211,-0.2971841779527111,0.01685975814899003,0.09178164367126575,148,False
linear_c_state,gmr72_bridge_composite,B_to_C_to_A,side_shuffle,t1,1,-0.27999344536699716,-0.29915650200729493,0.01916305664029777,0.05818836232753449,140,False
linear_c_state,gmr72_bridge_composite,B_to_C_to_A,side_shuffle,t2,2,-0.28487259347039495,-0.30824086574169773,0.023368272271302722,0.03659268146370726,132,True
linear_c_state,gmr72_bridge_composite,B_to_C_to_A,side_shuffle,tc,3,-0.24251034019015835,-0.2181917922812628,-0.02431854790889555,0.9804039192161568,105,False
linear_c_state,gmr72_bridge_composite,B_to_C_to_A,side_shuffle,tc_plus_k,4,-0.2956045714478437,-0.28175997580093676,-0.013844595646906942,0.9244151169766047,105,False
linear_c_state,gmr72_bridge_composite,B_to_C_to_A,unsigned_side_gap,t0,0,-0.2803244198037211,-0.2942653930239688,0.013940973220247713,0.11537692461507698,148,False
linear_c_state,gmr72_bridge_composite,B_to_C_to_A,unsigned_side_gap,t1,1,-0.27999344536699716,-0.2964257983598785,0.016432352992881292,0.08298340331933614,140,False
linear_c_state,gmr72_bridge_composite,B_to_C_to_A,unsigned_side_gap,t2,2,-0.28487259347039495,-0.303388606198962,0.018516012728567066,0.0627874425114977,132,False
linear_c_state,gmr72_bridge_composite,B_to_C_to_A,unsigned_side_gap,tc,3,-0.24251034019015835,-0.21840904872527866,-0.024101291464879732,0.9836032793441312,105,False
linear_c_state,gmr72_bridge_composite,B_to_C_to_A,unsigned_side_gap,tc_plus_k,4,-0.2956045714478437,-0.2824845820082993,-0.01311998943954438,0.914617076584683,105,False
linear_c_state,gmr72_bridge_composite,B_to_C_to_A,polarity_magnitude_only,t0,0,-0.2803244198037211,-0.2942653930239688,0.013940973220247713,0.10957808438312337,148,False
linear_c_state,gmr72_bridge_composite,B_to_C_to_A,polarity_magnitude_only,t1,1,-0.27999344536699716,-0.2964257983598785,0.016432352992881292,0.08418316336732654,140,False
linear_c_state,gmr72_bridge_composite,B_to_C_to_A,polarity_magnitude_only,t2,2,-0.28487259347039495,-0.303388606198962,0.018516012728567066,0.0629874025194961,132,False
linear_c_state,gmr72_bridge_composite,B_to_C_to_A,polarity_magnitude_only,tc,3,-0.24251034019015835,-0.21840904872527866,-0.024101291464879732,0.9878024395120976,105,False
linear_c_state,gmr72_bridge_composite,B_to_C_to_A,polarity_magnitude_only,tc_plus_k,4,-0.2956045714478437,-0.2824845820082993,-0.01311998943954438,0.9176164767046591,105,False
linear_c_state,gmr72_bridge_composite,B_to_C_to_A,receiver_side_only,t0,0,-0.2803244198037211,-0.29179493739077544,0.011470517587054469,0.14357128574285144,148,False
linear_c_state,gmr72_bridge_composite,B_to_C_to_A,receiver_side_only,t1,1,-0.27999344536699716,-0.2937379038690517,0.01374445850205454,0.11977604479104179,140,False
linear_c_state,gmr72_bridge_composite,B_to_C_to_A,receiver_side_only,t2,2,-0.28487259347039495,-0.3019007620539375,0.01702816858354252,0.08378324335132974,132,False
linear_c_state,gmr72_bridge_composite,B_to_C_to_A,receiver_side_only,tc,3,-0.24251034019015835,-0.20886522912159852,-0.03364511106855985,0.9984003199360127,105,False
linear_c_state,gmr72_bridge_composite,B_to_C_to_A,receiver_side_only,tc_plus_k,4,-0.2956045714478437,-0.286592900963731,-0.009011670484112637,0.8392321535692862,105,False
linear_c_state,gmr72_bridge_composite,B_to_C_to_A,giver_side_only,t0,0,-0.2803244198037211,-0.293851766281868,0.013527346478146912,0.1227754449110178,148,False
linear_c_state,gmr72_bridge_composite,B_to_C_to_A,giver_side_only,t1,1,-0.27999344536699716,-0.29748455994041917,0.01749111457342197,0.07238552289542091,140,False
linear_c_state,gmr72_bridge_composite,B_to_C_to_A,giver_side_only,t2,2,-0.28487259347039495,-0.30506520466147674,0.020192611191081695,0.04499100179964007,132,True
linear_c_state,gmr72_bridge_composite,B_to_C_to_A,giver_side_only,tc,3,-0.24251034019015835,-0.2197802637911249,-0.022730076399033496,0.9806038792241552,105,False
linear_c_state,gmr72_bridge_composite,B_to_C_to_A,giver_side_only,tc_plus_k,4,-0.2956045714478437,-0.28698025935809834,-0.00862431208974536,0.7732453509298141,105,False
linear_c_state,gmr72_bridge_composite,B_to_C_to_A,standpoint_polarity_preserved,t0,0,-0.2803244198037211,-0.2950520064444471,0.014727586640726051,0.10817836432713457,148,False
linear_c_state,gmr72_bridge_composite,B_to_C_to_A,standpoint_polarity_preserved,t1,1,-0.27999344536699716,-0.29705802676412696,0.01706458139712974,0.08298340331933614,140,False
linear_c_state,gmr72_bridge_composite,B_to_C_to_A,standpoint_polarity_preserved,t2,2,-0.28487259347039495,-0.3050420355151386,0.0201694420447436,0.05338932213557288,132,False
linear_c_state,gmr72_bridge_composite,B_to_C_to_A,standpoint_polarity_preserved,tc,3,-0.24251034019015835,-0.20957375355171617,-0.03293658663844217,0.9966006798640272,105,False
linear_c_state,gmr72_bridge_composite,B_to_C_to_A,standpoint_polarity_preserved,tc_plus_k,4,-0.2956045714478437,-0.2938752553354606,-0.0017293161123830185,0.5550889822035593,105,False
linear_c_state,gmr72_bridge_composite,B_to_C_to_A,standpoint_polarity_inverted,t0,0,-0.2803244198037211,-0.28955743883108187,0.009233019027360836,0.22115576884623075,148,False
linear_c_state,gmr72_bridge_composite,B_to_C_to_A,standpoint_polarity_inverted,t1,1,-0.27999344536699716,-0.2931533364798934,0.013159891112896248,0.14617076584683064,140,False
linear_c_state,gmr72_bridge_composite,B_to_C_to_A,standpoint_polarity_inverted,t2,2,-0.28487259347039495,-0.30081652355092,0.015943930080524964,0.10817836432713457,132,False
linear_c_state,gmr72_bridge_composite,B_to_C_to_A,standpoint_polarity_inverted,tc,3,-0.24251034019015835,-0.21965826766702828,-0.02285207252313011,0.9754049190161967,105,False
linear_c_state,gmr72_bridge_composite,B_to_C_to_A,standpoint_polarity_inverted,tc_plus_k,4,-0.2956045714478437,-0.2829729619141091,-0.012631609533734581,0.853629274145171,105,False
linear_c_state,gmr72_bridge_composite,B_to_C_to_A,ab_exchange_receiver_standpoint,t0,0,-0.2803244198037211,-0.2908773255919374,0.01055290578821643,0.17776444711057787,148,False
linear_c_state,gmr72_bridge_composite,B_to_C_to_A,ab_exchange_receiver_standpoint,t1,1,-0.27999344536699716,-0.2932993764967208,0.013305931129723645,0.1341731653669266,140,False
linear_c_state,gmr72_bridge_composite,B_to_C_to_A,ab_exchange_receiver_standpoint,t2,2,-0.28487259347039495,-0.29935124233493104,0.014478648864536094,0.11137772445510898,132,False
linear_c_state,gmr72_bridge_composite,B_to_C_to_A,ab_exchange_receiver_standpoint,tc,3,-0.24251034019015835,-0.21747213743618646,-0.025038202753971915,0.9948010397920416,105,False
linear_c_state,gmr72_bridge_composite,B_to_C_to_A,ab_exchange_receiver_standpoint,tc_plus_k,4,-0.2956045714478437,-0.2810095148367321,-0.014595056611111613,0.8820235952809438,105,False
linear_c_state,gmr72_bridge_composite,B_to_C_to_A,mirrored_receiver_standpoint,t0,0,-0.2803244198037211,-0.28680707929310423,0.006482659489383173,0.3139372125574885,148,False
linear_c_state,gmr72_bridge_composite,B_to_C_to_A,mirrored_receiver_standpoint,t1,1,-0.27999344536699716,-0.2898237920518772,0.009830346684880004,0.2435512897420516,140,False
linear_c_state,gmr72_bridge_composite,B_to_C_to_A,mirrored_receiver_standpoint,t2,2,-0.28487259347039495,-0.2972526331996509,0.012380039729255886,0.1873625274945011,132,False
linear_c_state,gmr72_bridge_composite,B_to_C_to_A,mirrored_receiver_standpoint,tc,3,-0.24251034019015835,-0.20875801532690805,-0.03375232486325038,0.998000399920016,105,False
linear_c_state,gmr72_bridge_composite,B_to_C_to_A,mirrored_receiver_standpoint,tc_plus_k,4,-0.2956045714478437,-0.2863673906051788,-0.009237180842664866,0.7802439512097581,105,False
linear_c_state,gmr72_bridge_composite,B_to_C_to_A,normalization_matched_receiver_standpoint,t0,0,-0.2803244198037211,-0.29688729155285415,0.016562871749133103,0.07178564287142572,148,False
linear_c_state,gmr72_bridge_composite,B_to_C_to_A,normalization_matched_receiver_standpoint,t1,1,-0.27999344536699716,-0.2996801189902139,0.0196866736232168,0.04519096180763847,140,True
linear_c_state,gmr72_bridge_composite,B_to_C_to_A,normalization_matched_receiver_standpoint,t2,2,-0.28487259347039495,-0.3082049295829127,0.023332336112517692,0.027594481103779243,132,True
linear_c_state,gmr72_bridge_composite,B_to_C_to_A,normalization_matched_receiver_standpoint,tc,3,-0.24251034019015835,-0.22510767356270348,-0.01740266662745492,0.9340131973605279,105,False
linear_c_state,gmr72_bridge_composite,B_to_C_to_A,normalization_matched_receiver_standpoint,tc_plus_k,4,-0.2956045714478437,-0.28601039043407567,-0.00959418101376797,0.8120375924815036,105,False
linear_c_state,gmr72_bridge_composite,B_to_C_to_A,reward_symmetry_control,t0,0,-0.2803244198037211,-0.2896881589170974,0.009363739113376396,0.22095580883823235,148,False
linear_c_state,gmr72_bridge_composite,B_to_C_to_A,reward_symmetry_control,t1,1,-0.27999344536699716,-0.29233029991366855,0.012336854546671407,0.15356928614277143,140,False
linear_c_state,gmr72_bridge_composite,B_to_C_to_A,reward_symmetry_control,t2,2,-0.28487259347039495,-0.2994529781772467,0.014580384706851725,0.1221755648870226,132,False
linear_c_state,gmr72_bridge_composite,B_to_C_to_A,reward_symmetry_control,tc,3,-0.24251034019015835,-0.2111265905500422,-0.03138374964011614,0.996000799840032,105,False
linear_c_state,gmr72_bridge_composite,B_to_C_to_A,reward_symmetry_control,tc_plus_k,4,-0.2956045714478437,-0.27724580587424613,-0.01835876557359757,0.9284143171365726,105,False
linear_c_state,gmr72_bridge_composite,B_to_C_to_A,endpoint_o1o2_reference,t0,0,-0.2769574720406327,-0.22511000810223386,-0.05184746393839888,1.0,143,False
linear_c_state,gmr72_bridge_composite,B_to_C_to_A,endpoint_o1o2_reference,t1,1,-0.2782077603193159,-0.23881911113659204,-0.0393886491827238,0.9996000799840032,136,False
linear_c_state,gmr72_bridge_composite,B_to_C_to_A,endpoint_o1o2_reference,t2,2,-0.29850392383930724,-0.2625434548985422,-0.03596046894076506,0.9958008398320336,129,False
linear_c_state,gmr72_bridge_composite,B_to_C_to_A,endpoint_o1o2_reference,tc,3,-0.24386578300958053,-0.20454100379324558,-0.039324779216335,0.9992001599680064,111,False
linear_c_state,gmr72_bridge_composite,B_to_C_to_A,endpoint_o1o2_reference,tc_plus_k,4,-0.2862618247553257,-0.2357162782045565,-0.050545546550769246,1.0,111,False
gmr72_phase_conditioned,z_reward,A_to_C_to_B,unperturbed_baseline,t0,0,-0.6481140815129571,-0.6499278386624757,0.001813757149518534,0.47470505898820237,148,False
gmr72_phase_conditioned,z_reward,A_to_C_to_B,unperturbed_baseline,t1,1,-0.6527363217666394,-0.6507261686186776,-0.0020101531479618305,0.5170965806838632,140,False
gmr72_phase_conditioned,z_reward,A_to_C_to_B,unperturbed_baseline,t2,2,-0.6568370597957446,-0.6699971976430311,0.01316013784728646,0.3785242951409718,132,False
gmr72_phase_conditioned,z_reward,A_to_C_to_B,unperturbed_baseline,tc,3,-0.5229103305566288,-0.5823419063173404,0.05943157576071151,0.0621875624875025,105,False
gmr72_phase_conditioned,z_reward,A_to_C_to_B,unperturbed_baseline,tc_plus_k,4,-0.7700161595521605,-0.7410747138131211,-0.028941445739039347,0.7496500699860028,105,False
gmr72_phase_conditioned,z_reward,A_to_C_to_B,sham_perturbation,t0,0,-0.6481140815129571,-0.6499278386624757,0.001813757149518534,0.47390521895620874,148,False
gmr72_phase_conditioned,z_reward,A_to_C_to_B,sham_perturbation,t1,1,-0.6527363217666394,-0.6507261686186776,-0.0020101531479618305,0.5114977004599081,140,False
gmr72_phase_conditioned,z_reward,A_to_C_to_B,sham_perturbation,t2,2,-0.6568370597957446,-0.6699971976430311,0.01316013784728646,0.3677264547090582,132,False
gmr72_phase_conditioned,z_reward,A_to_C_to_B,sham_perturbation,tc,3,-0.5229103305566288,-0.5823419063173404,0.05943157576071151,0.0657868426314737,105,False
gmr72_phase_conditioned,z_reward,A_to_C_to_B,sham_perturbation,tc_plus_k,4,-0.7700161595521605,-0.7410747138131211,-0.028941445739039347,0.7560487902419516,105,False
gmr72_phase_conditioned,z_reward,A_to_C_to_B,receiver_standpoint_reconstruction,t0,0,-0.6481140815129571,-0.6499278386624757,0.001813757149518534,0.48310337932413516,148,False
gmr72_phase_conditioned,z_reward,A_to_C_to_B,receiver_standpoint_reconstruction,t1,1,-0.6527363217666394,-0.6507261686186776,-0.0020101531479618305,0.5168966206758648,140,False
gmr72_phase_conditioned,z_reward,A_to_C_to_B,receiver_standpoint_reconstruction,t2,2,-0.6568370597957446,-0.6699971976430311,0.01316013784728646,0.3735252949410118,132,False
gmr72_phase_conditioned,z_reward,A_to_C_to_B,receiver_standpoint_reconstruction,tc,3,-0.5229103305566288,-0.5823419063173404,0.05943157576071151,0.06598680263947211,105,False
gmr72_phase_conditioned,z_reward,A_to_C_to_B,receiver_standpoint_reconstruction,tc_plus_k,4,-0.7700161595521605,-0.7410747138131211,-0.028941445739039347,0.7456508698260348,105,False
gmr72_phase_conditioned,z_reward,A_to_C_to_B,receiver_standpoint_reconstruction_shuffled,t0,0,-0.6481140815129571,-0.7643132482589077,0.11619916674595042,0.0005998800239952009,148,True
gmr72_phase_conditioned,z_reward,A_to_C_to_B,receiver_standpoint_reconstruction_shuffled,t1,1,-0.6527363217666394,-0.754199148448792,0.10146282668215255,0.0021995600879824036,140,True
gmr72_phase_conditioned,z_reward,A_to_C_to_B,receiver_standpoint_reconstruction_shuffled,t2,2,-0.6568370597957446,-0.7714808503051208,0.11464379050937633,0.0009998000399920016,132,True
gmr72_phase_conditioned,z_reward,A_to_C_to_B,receiver_standpoint_reconstruction_shuffled,tc,3,-0.5229103305566288,-0.6179376874410794,0.09502735688445053,0.0003999200159968006,105,True
gmr72_phase_conditioned,z_reward,A_to_C_to_B,receiver_standpoint_reconstruction_shuffled,tc_plus_k,4,-0.7700161595521605,-0.7975588702305249,0.02754271067836434,0.28134373125374923,105,False
gmr72_phase_conditioned,z_reward,A_to_C_to_B,mapping_inversion,t0,0,-0.6481140815129571,-0.677888243536201,0.029774162023243768,0.23255348930213957,148,False
gmr72_phase_conditioned,z_reward,A_to_C_to_B,mapping_inversion,t1,1,-0.6527363217666394,-0.6801170732698644,0.02738075150322496,0.26554689062187564,140,False
gmr72_phase_conditioned,z_reward,A_to_C_to_B,mapping_inversion,t2,2,-0.6568370597957446,-0.7002288480934189,0.043391788297674316,0.16436712657468505,132,False
gmr72_phase_conditioned,z_reward,A_to_C_to_B,mapping_inversion,tc,3,-0.5229103305566288,-0.5527182691894676,0.029807938632838753,0.27234553089382124,105,False
gmr72_phase_conditioned,z_reward,A_to_C_to_B,mapping_inversion,tc_plus_k,4,-0.7700161595521605,-0.8249282576288338,0.054912098076673334,0.09158168366326734,105,False
gmr72_phase_conditioned,z_reward,A_to_C_to_B,side_shuffle,t0,0,-0.6481140815129571,-0.7374090971953364,0.08929501568237923,0.001999600079984003,148,True
gmr72_phase_conditioned,z_reward,A_to_C_to_B,side_shuffle,t1,1,-0.6527363217666394,-0.7381041634620022,0.08536784169536277,0.004999000199960008,140,True
gmr72_phase_conditioned,z_reward,A_to_C_to_B,side_shuffle,t2,2,-0.6568370597957446,-0.7439891784918702,0.08715211869612549,0.003999200159968006,132,True
gmr72_phase_conditioned,z_reward,A_to_C_to_B,side_shuffle,tc,3,-0.5229103305566288,-0.6057347751727908,0.08282444461616198,0.004599080183963208,105,True
gmr72_phase_conditioned,z_reward,A_to_C_to_B,side_shuffle,tc_plus_k,4,-0.7700161595521605,-0.8277710297385578,0.05775487018639724,0.09338132373525294,105,False
gmr72_phase_conditioned,z_reward,A_to_C_to_B,unsigned_side_gap,t0,0,-0.6481140815129571,-0.6938888199391788,0.045774738426221664,0.08318336332733453,148,False
gmr72_phase_conditioned,z_reward,A_to_C_to_B,unsigned_side_gap,t1,1,-0.6527363217666394,-0.6953776175182154,0.04264129575157584,0.10877824435112977,140,False
gmr72_phase_conditioned,z_reward,A_to_C_to_B,unsigned_side_gap,t2,2,-0.6568370597957446,-0.7059456142653652,0.04910855446962044,0.08798240351929613,132,False
gmr72_phase_conditioned,z_reward,A_to_C_to_B,unsigned_side_gap,tc,3,-0.5229103305566288,-0.6031531944945845,0.08024286393795567,0.009198160367926415,105,True
gmr72_phase_conditioned,z_reward,A_to_C_to_B,unsigned_side_gap,tc_plus_k,4,-0.7700161595521605,-0.7943213364602238,0.024305176908063483,0.28054389122175566,105,False
gmr72_phase_conditioned,z_reward,A_to_C_to_B,polarity_magnitude_only,t0,0,-0.6481140815129571,-0.6938888199391788,0.045774738426221664,0.08018396320735853,148,False
gmr72_phase_conditioned,z_reward,A_to_C_to_B,polarity_magnitude_only,t1,1,-0.6527363217666394,-0.6953776175182154,0.04264129575157584,0.10817836432713457,140,False
gmr72_phase_conditioned,z_reward,A_to_C_to_B,polarity_magnitude_only,t2,2,-0.6568370597957446,-0.7059456142653652,0.04910855446962044,0.09498100379924015,132,False
gmr72_phase_conditioned,z_reward,A_to_C_to_B,polarity_magnitude_only,tc,3,-0.5229103305566288,-0.6031531944945845,0.08024286393795567,0.007398520295940812,105,True
gmr72_phase_conditioned,z_reward,A_to_C_to_B,polarity_magnitude_only,tc_plus_k,4,-0.7700161595521605,-0.7943213364602238,0.024305176908063483,0.28334333133373324,105,False
gmr72_phase_conditioned,z_reward,A_to_C_to_B,receiver_side_only,t0,0,-0.6481140815129571,-0.6863873681984799,0.03827328668552275,0.10777844431113777,148,False
gmr72_phase_conditioned,z_reward,A_to_C_to_B,receiver_side_only,t1,1,-0.6527363217666394,-0.6907812466084563,0.038044924841816846,0.1261747650469906,140,False
gmr72_phase_conditioned,z_reward,A_to_C_to_B,receiver_side_only,t2,2,-0.6568370597957446,-0.7094616164146986,0.05262455661895409,0.05398920215956809,132,False
gmr72_phase_conditioned,z_reward,A_to_C_to_B,receiver_side_only,tc,3,-0.5229103305566288,-0.6259218194036634,0.1030114888470345,0.0007998400319936012,105,True
gmr72_phase_conditioned,z_reward,A_to_C_to_B,receiver_side_only,tc_plus_k,4,-0.7700161595521605,-0.7848748932120152,0.014858733659854665,0.35132973405318935,105,False
gmr72_phase_conditioned,z_reward,A_to_C_to_B,giver_side_only,t0,0,-0.6481140815129571,-0.6801367090378777,0.032022627524920536,0.1749650069986003,148,False
gmr72_phase_conditioned,z_reward,A_to_C_to_B,giver_side_only,t1,1,-0.6527363217666394,-0.68042166216117,0.027685340394530453,0.22495500899820037,140,False
gmr72_phase_conditioned,z_reward,A_to_C_to_B,giver_side_only,t2,2,-0.6568370597957446,-0.7010609779509204,0.04422391815517564,0.11337732453509299,132,False
gmr72_phase_conditioned,z_reward,A_to_C_to_B,giver_side_only,tc,3,-0.5229103305566288,-0.5975543757564007,0.07464404519977183,0.007398520295940812,105,True
gmr72_phase_conditioned,z_reward,A_to_C_to_B,giver_side_only,tc_plus_k,4,-0.7700161595521605,-0.8119070501909716,0.041890890638811136,0.16196760647870426,105,False
gmr72_phase_conditioned,z_reward,A_to_C_to_B,standpoint_polarity_preserved,t0,0,-0.6481140815129571,-0.6616344136890436,0.013520332176086568,0.33453309338132375,148,False
gmr72_phase_conditioned,z_reward,A_to_C_to_B,standpoint_polarity_preserved,t1,1,-0.6527363217666394,-0.6657904342417311,0.013054112475091735,0.34773045390921814,140,False
gmr72_phase_conditioned,z_reward,A_to_C_to_B,standpoint_polarity_preserved,t2,2,-0.6568370597957446,-0.6858843303263854,0.02904727053064086,0.20295940811837632,132,False
gmr72_phase_conditioned,z_reward,A_to_C_to_B,standpoint_polarity_preserved,tc,3,-0.5229103305566288,-0.624862655180132,0.10195232462350313,0.0005998800239952009,105,True
gmr72_phase_conditioned,z_reward,A_to_C_to_B,standpoint_polarity_preserved,tc_plus_k,4,-0.7700161595521605,-0.7550430675227803,-0.014973092029380278,0.6590681863627275,105,False
gmr72_phase_conditioned,z_reward,A_to_C_to_B,standpoint_polarity_inverted,t0,0,-0.6481140815129571,-0.6812867903013408,0.03317270878838357,0.17176564687062587,148,False
gmr72_phase_conditioned,z_reward,A_to_C_to_B,standpoint_polarity_inverted,t1,1,-0.6527363217666394,-0.68237508330507,0.029638761538430668,0.20555888822235552,140,False
gmr72_phase_conditioned,z_reward,A_to_C_to_B,standpoint_polarity_inverted,t2,2,-0.6568370597957446,-0.7045860512413048,0.047748991445560246,0.10917816436712657,132,False
gmr72_phase_conditioned,z_reward,A_to_C_to_B,standpoint_polarity_inverted,tc,3,-0.5229103305566288,-0.5756636369258913,0.052753306369262516,0.04599080183963208,105,True
gmr72_phase_conditioned,z_reward,A_to_C_to_B,standpoint_polarity_inverted,tc_plus_k,4,-0.7700161595521605,-0.8037434573173348,0.03372729776517418,0.21655668866226754,105,False
gmr72_phase_conditioned,z_reward,A_to_C_to_B,ab_exchange_receiver_standpoint,t0,0,-0.6481140815129571,-0.6701317627027523,0.022017681189795087,0.2845430913817237,148,False
gmr72_phase_conditioned,z_reward,A_to_C_to_B,ab_exchange_receiver_standpoint,t1,1,-0.6527363217666394,-0.669791936573589,0.017055614806949487,0.33193361327734455,140,False
gmr72_phase_conditioned,z_reward,A_to_C_to_B,ab_exchange_receiver_standpoint,t2,2,-0.6568370597957446,-0.687375393541516,0.03053833374577139,0.24335132973405318,132,False
gmr72_phase_conditioned,z_reward,A_to_C_to_B,ab_exchange_receiver_standpoint,tc,3,-0.5229103305566288,-0.5683448343218999,0.04543450376527101,0.11637672465506899,105,False
gmr72_phase_conditioned,z_reward,A_to_C_to_B,ab_exchange_receiver_standpoint,tc_plus_k,4,-0.7700161595521605,-0.838586527564733,0.06857036801257256,0.054789042191561686,105,False
gmr72_phase_conditioned,z_reward,A_to_C_to_B,mirrored_receiver_standpoint,t0,0,-0.6481140815129571,-0.6678280351304412,0.019713953617484042,0.29014197160567884,148,False
gmr72_phase_conditioned,z_reward,A_to_C_to_B,mirrored_receiver_standpoint,t1,1,-0.6527363217666394,-0.6724371672537365,0.01970084548709709,0.29614077184563087,140,False
gmr72_phase_conditioned,z_reward,A_to_C_to_B,mirrored_receiver_standpoint,t2,2,-0.6568370597957446,-0.6971549320381689,0.040317872242424356,0.14337132573485303,132,False
gmr72_phase_conditioned,z_reward,A_to_C_to_B,mirrored_receiver_standpoint,tc,3,-0.5229103305566288,-0.608070049780068,0.08515971922343919,0.003599280143971206,105,True
gmr72_phase_conditioned,z_reward,A_to_C_to_B,mirrored_receiver_standpoint,tc_plus_k,4,-0.7700161595521605,-0.7606812021525812,-0.009334957399579466,0.5998800239952009,105,False
gmr72_phase_conditioned,z_reward,A_to_C_to_B,normalization_matched_receiver_standpoint,t0,0,-0.6481140815129571,-0.7041033308260514,0.05598924931309421,0.05078984203159368,148,False
gmr72_phase_conditioned,z_reward,A_to_C_to_B,normalization_matched_receiver_standpoint,t1,1,-0.6527363217666394,-0.7013735490768298,0.048637227310190274,0.08938212357528494,140,False
gmr72_phase_conditioned,z_reward,A_to_C_to_B,normalization_matched_receiver_standpoint,t2,2,-0.6568370597957446,-0.7146344896696619,0.05779742987391727,0.05658868226354729,132,False
gmr72_phase_conditioned,z_reward,A_to_C_to_B,normalization_matched_receiver_standpoint,tc,3,-0.5229103305566288,-0.6246181733618892,0.10170784280526018,0.0015996800639872025,105,True
gmr72_phase_conditioned,z_reward,A_to_C_to_B,normalization_matched_receiver_standpoint,tc_plus_k,4,-0.7700161595521605,-0.7784691881938508,0.008453028641690171,0.4241151769646071,105,False
gmr72_phase_conditioned,z_reward,A_to_C_to_B,reward_symmetry_control,t0,0,-0.6481140815129571,-0.6549425556012104,0.00682847408825318,0.4215156968606279,148,False
gmr72_phase_conditioned,z_reward,A_to_C_to_B,reward_symmetry_control,t1,1,-0.6527363217666394,-0.6582393968374278,0.005503075070788408,0.45510897820435914,140,False
gmr72_phase_conditioned,z_reward,A_to_C_to_B,reward_symmetry_control,t2,2,-0.6568370597957446,-0.6810984436383144,0.024261383842569772,0.3007398520295941,132,False
gmr72_phase_conditioned,z_reward,A_to_C_to_B,reward_symmetry_control,tc,3,-0.5229103305566288,-0.627982916798787,0.10507258624215829,0.0013997200559888023,105,True
gmr72_phase_conditioned,z_reward,A_to_C_to_B,reward_symmetry_control,tc_plus_k,4,-0.7700161595521605,-0.7576491192388688,-0.012367040313291802,0.6014797040591882,105,False
gmr72_phase_conditioned,z_reward,A_to_C_to_B,endpoint_o1o2_reference,t0,0,-0.6301689648554942,-0.3407003750843552,-0.28946858977113893,1.0,143,False
gmr72_phase_conditioned,z_reward,A_to_C_to_B,endpoint_o1o2_reference,t1,1,-0.6630327877663234,-0.47532803271143986,-0.18770475505488343,1.0,136,False
gmr72_phase_conditioned,z_reward,A_to_C_to_B,endpoint_o1o2_reference,t2,2,-0.7128179123894425,-0.4010479972341625,-0.31176991515527985,1.0,129,False
gmr72_phase_conditioned,z_reward,A_to_C_to_B,endpoint_o1o2_reference,tc,3,-0.5946103091453696,-0.3021439431423991,-0.2924663660029705,1.0,111,False
gmr72_phase_conditioned,z_reward,A_to_C_to_B,endpoint_o1o2_reference,tc_plus_k,4,-0.6443411382142219,-0.45357810483260697,-0.19076303338161474,0.9998000399920016,111,False
gmr72_phase_conditioned,z_reward,B_to_C_to_A,unperturbed_baseline,t0,0,-0.6602200986211922,-0.6701317627027523,0.00991166408156007,0.3825234953009398,148,False
gmr72_phase_conditioned,z_reward,B_to_C_to_A,unperturbed_baseline,t1,1,-0.657879597999186,-0.669791936573589,0.011912338574402836,0.3607278544291142,140,False
gmr72_phase_conditioned,z_reward,B_to_C_to_A,unperturbed_baseline,t2,2,-0.6689325909658241,-0.687375393541516,0.018442802575691895,0.2939412117576485,132,False
gmr72_phase_conditioned,z_reward,B_to_C_to_A,unperturbed_baseline,tc,3,-0.6052973294528,-0.5683448343218999,-0.03695249513090017,0.9398120375924816,105,False
gmr72_phase_conditioned,z_reward,B_to_C_to_A,unperturbed_baseline,tc_plus_k,4,-0.807655017172244,-0.838586527564733,0.030931510392489238,0.1367726454709058,105,False
gmr72_phase_conditioned,z_reward,B_to_C_to_A,sham_perturbation,t0,0,-0.6602200986211922,-0.6701317627027523,0.00991166408156007,0.3753249350129974,148,False
gmr72_phase_conditioned,z_reward,B_to_C_to_A,sham_perturbation,t1,1,-0.657879597999186,-0.669791936573589,0.011912338574402836,0.3687262547490502,140,False
gmr72_phase_conditioned,z_reward,B_to_C_to_A,sham_perturbation,t2,2,-0.6689325909658241,-0.687375393541516,0.018442802575691895,0.29874025194961007,132,False
gmr72_phase_conditioned,z_reward,B_to_C_to_A,sham_perturbation,tc,3,-0.6052973294528,-0.5683448343218999,-0.03695249513090017,0.9396120775844831,105,False
gmr72_phase_conditioned,z_reward,B_to_C_to_A,sham_perturbation,tc_plus_k,4,-0.807655017172244,-0.838586527564733,0.030931510392489238,0.13917216556688664,105,False
gmr72_phase_conditioned,z_reward,B_to_C_to_A,receiver_standpoint_reconstruction,t0,0,-0.6602200986211922,-0.6701317627027523,0.00991166408156007,0.3739252149570086,148,False
gmr72_phase_conditioned,z_reward,B_to_C_to_A,receiver_standpoint_reconstruction,t1,1,-0.657879597999186,-0.669791936573589,0.011912338574402836,0.34853029394121177,140,False
gmr72_phase_conditioned,z_reward,B_to_C_to_A,receiver_standpoint_reconstruction,t2,2,-0.6689325909658241,-0.687375393541516,0.018442802575691895,0.29214157168566285,132,False
gmr72_phase_conditioned,z_reward,B_to_C_to_A,receiver_standpoint_reconstruction,tc,3,-0.6052973294528,-0.5683448343218999,-0.03695249513090017,0.9388122375524895,105,False
gmr72_phase_conditioned,z_reward,B_to_C_to_A,receiver_standpoint_reconstruction,tc_plus_k,4,-0.807655017172244,-0.838586527564733,0.030931510392489238,0.14997000599880023,105,False
gmr72_phase_conditioned,z_reward,B_to_C_to_A,receiver_standpoint_reconstruction_shuffled,t0,0,-0.6602200986211922,-0.669700225214508,0.00948012659331587,0.35392921415716855,148,False
gmr72_phase_conditioned,z_reward,B_to_C_to_A,receiver_standpoint_reconstruction_shuffled,t1,1,-0.657879597999186,-0.687692868130466,0.029813270131279917,0.16716656668666266,140,False
gmr72_phase_conditioned,z_reward,B_to_C_to_A,receiver_standpoint_reconstruction_shuffled,t2,2,-0.6689325909658241,-0.7352023436601788,0.06626975269435474,0.014597080583883223,132,True
gmr72_phase_conditioned,z_reward,B_to_C_to_A,receiver_standpoint_reconstruction_shuffled,tc,3,-0.6052973294528,-0.5808248269394735,-0.024472502513326607,0.8472305538892222,105,False
gmr72_phase_conditioned,z_reward,B_to_C_to_A,receiver_standpoint_reconstruction_shuffled,tc_plus_k,4,-0.807655017172244,-0.785291147263317,-0.022363869908926866,0.8282343531293741,105,False
gmr72_phase_conditioned,z_reward,B_to_C_to_A,mapping_inversion,t0,0,-0.6602200986211922,-0.6768272315500973,0.016607132928905106,0.3141371725654869,148,False
gmr72_phase_conditioned,z_reward,B_to_C_to_A,mapping_inversion,t1,1,-0.657879597999186,-0.678995432027412,0.0211158340282259,0.27274545090981805,140,False
gmr72_phase_conditioned,z_reward,B_to_C_to_A,mapping_inversion,t2,2,-0.6689325909658241,-0.7002288480934189,0.03129625712759482,0.1869626074785043,132,False
gmr72_phase_conditioned,z_reward,B_to_C_to_A,mapping_inversion,tc,3,-0.6052973294528,-0.5557093125026741,-0.04958801695012602,0.9324135172965407,105,False
gmr72_phase_conditioned,z_reward,B_to_C_to_A,mapping_inversion,tc_plus_k,4,-0.807655017172244,-0.8249282576288338,0.01727324045659003,0.29874025194961007,105,False
gmr72_phase_conditioned,z_reward,B_to_C_to_A,side_shuffle,t0,0,-0.6602200986211922,-0.7558268839683259,0.09560678534713368,0.0001999600079984003,148,True
gmr72_phase_conditioned,z_reward,B_to_C_to_A,side_shuffle,t1,1,-0.657879597999186,-0.7399852448543316,0.08210564685514543,0.002599480103979204,140,True
gmr72_phase_conditioned,z_reward,B_to_C_to_A,side_shuffle,t2,2,-0.6689325909658241,-0.7496109886221243,0.08067839765630022,0.0015996800639872025,132,True
gmr72_phase_conditioned,z_reward,B_to_C_to_A,side_shuffle,tc,3,-0.6052973294528,-0.6053196490970029,2.2319644202834737e-05,0.49250149970005996,105,False
gmr72_phase_conditioned,z_reward,B_to_C_to_A,side_shuffle,tc_plus_k,4,-0.807655017172244,-0.801519597012633,-0.006135420159610887,0.589882023595281,105,False
gmr72_phase_conditioned,z_reward,B_to_C_to_A,unsigned_side_gap,t0,0,-0.6602200986211922,-0.6938888199391788,0.033668721317986636,0.10817836432713457,148,False
gmr72_phase_conditioned,z_reward,B_to_C_to_A,unsigned_side_gap,t1,1,-0.657879597999186,-0.6953776175182154,0.03749801951902919,0.09238152369526095,140,False
gmr72_phase_conditioned,z_reward,B_to_C_to_A,unsigned_side_gap,t2,2,-0.6689325909658241,-0.7059456142653652,0.03701302329954095,0.10297940411917617,132,False
gmr72_phase_conditioned,z_reward,B_to_C_to_A,unsigned_side_gap,tc,3,-0.6052973294528,-0.6031531944945845,-0.0021441349582155054,0.5450909818036392,105,False
gmr72_phase_conditioned,z_reward,B_to_C_to_A,unsigned_side_gap,tc_plus_k,4,-0.807655017172244,-0.7943213364602238,-0.013333680712019826,0.730253949210158,105,False
gmr72_phase_conditioned,z_reward,B_to_C_to_A,polarity_magnitude_only,t0,0,-0.6602200986211922,-0.6938888199391788,0.033668721317986636,0.10577884423115377,148,False
gmr72_phase_conditioned,z_reward,B_to_C_to_A,polarity_magnitude_only,t1,1,-0.657879597999186,-0.6953776175182154,0.03749801951902919,0.09678064387122576,140,False
gmr72_phase_conditioned,z_reward,B_to_C_to_A,polarity_magnitude_only,t2,2,-0.6689325909658241,-0.7059456142653652,0.03701302329954095,0.10837832433513298,132,False
gmr72_phase_conditioned,z_reward,B_to_C_to_A,polarity_magnitude_only,tc,3,-0.6052973294528,-0.6031531944945845,-0.0021441349582155054,0.5384923015396921,105,False
gmr72_phase_conditioned,z_reward,B_to_C_to_A,polarity_magnitude_only,tc_plus_k,4,-0.807655017172244,-0.7943213364602238,-0.013333680712019826,0.735252949410118,105,False
gmr72_phase_conditioned,z_reward,B_to_C_to_A,receiver_side_only,t0,0,-0.6602200986211922,-0.6801367090378777,0.0199166104166855,0.23475304939012198,148,False
gmr72_phase_conditioned,z_reward,B_to_C_to_A,receiver_side_only,t1,1,-0.657879597999186,-0.68042166216117,0.022542064161983788,0.20335932813437313,140,False
gmr72_phase_conditioned,z_reward,B_to_C_to_A,receiver_side_only,t2,2,-0.6689325909658241,-0.7010609779509204,0.03212838698509614,0.12297540491901619,132,False
gmr72_phase_conditioned,z_reward,B_to_C_to_A,receiver_side_only,tc,3,-0.6052973294528,-0.5975543757564007,-0.007742953696399344,0.6520695860827834,105,False
gmr72_phase_conditioned,z_reward,B_to_C_to_A,receiver_side_only,tc_plus_k,4,-0.807655017172244,-0.8119070501909716,0.004252033018727823,0.42391521695660866,105,False
gmr72_phase_conditioned,z_reward,B_to_C_to_A,giver_side_only,t0,0,-0.6602200986211922,-0.6863873681984799,0.02616726957728771,0.13537292541491702,148,False
gmr72_phase_conditioned,z_reward,B_to_C_to_A,giver_side_only,t1,1,-0.657879597999186,-0.6907812466084563,0.032901648609270195,0.08738252349530094,140,False
gmr72_phase_conditioned,z_reward,B_to_C_to_A,giver_side_only,t2,2,-0.6689325909658241,-0.7094616164146986,0.04052902544887458,0.04479104179164167,132,True
gmr72_phase_conditioned,z_reward,B_to_C_to_A,giver_side_only,tc,3,-0.6052973294528,-0.6259218194036634,0.020624489950863318,0.122375524895021,105,False
gmr72_phase_conditioned,z_reward,B_to_C_to_A,giver_side_only,tc_plus_k,4,-0.807655017172244,-0.7848748932120152,-0.022780123960228642,0.8446310737852429,105,False
gmr72_phase_conditioned,z_reward,B_to_C_to_A,standpoint_polarity_preserved,t0,0,-0.6602200986211922,-0.6812867903013408,0.02106669168014854,0.2421515696860628,148,False
gmr72_phase_conditioned,z_reward,B_to_C_to_A,standpoint_polarity_preserved,t1,1,-0.657879597999186,-0.68237508330507,0.024495485305884024,0.21235752849430115,140,False
gmr72_phase_conditioned,z_reward,B_to_C_to_A,standpoint_polarity_preserved,t2,2,-0.6689325909658241,-0.7045860512413048,0.035653460275480754,0.1297740451909618,132,False
gmr72_phase_conditioned,z_reward,B_to_C_to_A,standpoint_polarity_preserved,tc,3,-0.6052973294528,-0.5756636369258913,-0.029633692526908666,0.9034193161367726,105,False
gmr72_phase_conditioned,z_reward,B_to_C_to_A,standpoint_polarity_preserved,tc_plus_k,4,-0.807655017172244,-0.8037434573173348,-0.003911559854909139,0.5598880223955209,105,False
gmr72_phase_conditioned,z_reward,B_to_C_to_A,standpoint_polarity_inverted,t0,0,-0.6602200986211922,-0.6616344136890436,0.0014143150678515345,0.48150369926014797,148,False
gmr72_phase_conditioned,z_reward,B_to_C_to_A,standpoint_polarity_inverted,t1,1,-0.657879597999186,-0.6657904342417311,0.00791083624254508,0.3957208558288342,140,False
gmr72_phase_conditioned,z_reward,B_to_C_to_A,standpoint_polarity_inverted,t2,2,-0.6689325909658241,-0.6858843303263854,0.016951739360561366,0.27954409118176365,132,False
gmr72_phase_conditioned,z_reward,B_to_C_to_A,standpoint_polarity_inverted,tc,3,-0.6052973294528,-0.624862655180132,0.019565325727331967,0.16296740651869626,105,False
gmr72_phase_conditioned,z_reward,B_to_C_to_A,standpoint_polarity_inverted,tc_plus_k,4,-0.807655017172244,-0.7550430675227803,-0.052611949649463585,0.9846030793841232,105,False
gmr72_phase_conditioned,z_reward,B_to_C_to_A,ab_exchange_receiver_standpoint,t0,0,-0.6602200986211922,-0.6499278386624757,-0.010292259958716504,0.6302739452109578,148,False
gmr72_phase_conditioned,z_reward,B_to_C_to_A,ab_exchange_receiver_standpoint,t1,1,-0.657879597999186,-0.6507261686186776,-0.007153429380508479,0.590881823635273,140,False
gmr72_phase_conditioned,z_reward,B_to_C_to_A,ab_exchange_receiver_standpoint,t2,2,-0.6689325909658241,-0.6699971976430311,0.001064606677206957,0.496500699860028,132,False
gmr72_phase_conditioned,z_reward,B_to_C_to_A,ab_exchange_receiver_standpoint,tc,3,-0.6052973294528,-0.5823419063173404,-0.022955423135459663,0.8762247550489902,105,False
gmr72_phase_conditioned,z_reward,B_to_C_to_A,ab_exchange_receiver_standpoint,tc_plus_k,4,-0.807655017172244,-0.7410747138131211,-0.06658030335912263,0.9948010397920416,105,False
gmr72_phase_conditioned,z_reward,B_to_C_to_A,mirrored_receiver_standpoint,t0,0,-0.6602200986211922,-0.6685215408684876,0.00830144224729537,0.3867226554689062,148,False
gmr72_phase_conditioned,z_reward,B_to_C_to_A,mirrored_receiver_standpoint,t1,1,-0.657879597999186,-0.6731703018910997,0.01529070389191374,0.29834033193361326,140,False
gmr72_phase_conditioned,z_reward,B_to_C_to_A,mirrored_receiver_standpoint,t2,2,-0.6689325909658241,-0.6971549320381689,0.028222341072344868,0.1801639672065587,132,False
gmr72_phase_conditioned,z_reward,B_to_C_to_A,mirrored_receiver_standpoint,tc,3,-0.6052973294528,-0.6061150240804326,0.0008176946276325861,0.48830233953209357,105,False
gmr72_phase_conditioned,z_reward,B_to_C_to_A,mirrored_receiver_standpoint,tc_plus_k,4,-0.807655017172244,-0.7606812021525812,-0.04697381501966275,0.9456108778244351,105,False
gmr72_phase_conditioned,z_reward,B_to_C_to_A,normalization_matched_receiver_standpoint,t0,0,-0.6602200986211922,-0.7336793768357563,0.07345927821456416,0.009798040391921616,148,True
gmr72_phase_conditioned,z_reward,B_to_C_to_A,normalization_matched_receiver_standpoint,t1,1,-0.657879597999186,-0.7377118942486766,0.07983229624949058,0.007798440311937612,140,True
gmr72_phase_conditioned,z_reward,B_to_C_to_A,normalization_matched_receiver_standpoint,t2,2,-0.6689325909658241,-0.7608152328614541,0.09188264189563007,0.003199360127974405,132,True
gmr72_phase_conditioned,z_reward,B_to_C_to_A,normalization_matched_receiver_standpoint,tc,3,-0.6052973294528,-0.68807126086638,0.08277393141357996,0.0021995600879824036,105,True
gmr72_phase_conditioned,z_reward,B_to_C_to_A,normalization_matched_receiver_standpoint,tc_plus_k,4,-0.807655017172244,-0.824280282517544,0.016625265345300195,0.2591481703659268,105,False
gmr72_phase_conditioned,z_reward,B_to_C_to_A,reward_symmetry_control,t0,0,-0.6602200986211922,-0.6549425556012104,-0.005277543019981857,0.5650869826034793,148,False
gmr72_phase_conditioned,z_reward,B_to_C_to_A,reward_symmetry_control,t1,1,-0.657879597999186,-0.6582393968374278,0.0003597988382417665,0.4977004599080184,140,False
gmr72_phase_conditioned,z_reward,B_to_C_to_A,reward_symmetry_control,t2,2,-0.6689325909658241,-0.6810984436383144,0.012165852672490277,0.3687262547490502,132,False
gmr72_phase_conditioned,z_reward,B_to_C_to_A,reward_symmetry_control,tc,3,-0.6052973294528,-0.627982916798787,0.022685587345987104,0.11057788442311538,105,False
gmr72_phase_conditioned,z_reward,B_to_C_to_A,reward_symmetry_control,tc_plus_k,4,-0.807655017172244,-0.7576491192388688,-0.0500058979333751,0.9648070385922816,105,False
gmr72_phase_conditioned,z_reward,B_to_C_to_A,endpoint_o1o2_reference,t0,0,-0.6514202441995156,-0.3407003750843552,-0.3107198691151603,1.0,143,False
gmr72_phase_conditioned,z_reward,B_to_C_to_A,endpoint_o1o2_reference,t1,1,-0.6962833805196693,-0.47532803271143986,-0.22095534780822945,1.0,136,False
gmr72_phase_conditioned,z_reward,B_to_C_to_A,endpoint_o1o2_reference,t2,2,-0.7386953687167976,-0.4010479972341625,-0.33764737148263513,1.0,129,False
gmr72_phase_conditioned,z_reward,B_to_C_to_A,endpoint_o1o2_reference,tc,3,-0.5823123848154897,-0.3021439431423991,-0.2801684416730906,1.0,111,False
gmr72_phase_conditioned,z_reward,B_to_C_to_A,endpoint_o1o2_reference,tc_plus_k,4,-0.7089982411598997,-0.45357810483260697,-0.25542013632729266,1.0,111,False
gmr72_phase_conditioned,rank_reward,A_to_C_to_B,unperturbed_baseline,t0,0,-0.6141832287480037,-0.6311028482100351,0.016919619462031608,0.29474105178964205,148,False
gmr72_phase_conditioned,rank_reward,A_to_C_to_B,unperturbed_baseline,t1,1,-0.6096381560563535,-0.6226466326507563,0.013008476594402725,0.3525294941011798,140,False
gmr72_phase_conditioned,rank_reward,A_to_C_to_B,unperturbed_baseline,t2,2,-0.6098888626549145,-0.6375401786775355,0.0276513160226212,0.21295740851829634,132,False
gmr72_phase_conditioned,rank_reward,A_to_C_to_B,unperturbed_baseline,tc,3,-0.5329345845188949,-0.5946050420798092,0.061670457560914445,0.07598480303939212,105,False
gmr72_phase_conditioned,rank_reward,A_to_C_to_B,unperturbed_baseline,tc_plus_k,4,-0.6971529368368311,-0.6741890314302034,-0.022963905406627436,0.7066586682663467,105,False
gmr72_phase_conditioned,rank_reward,A_to_C_to_B,sham_perturbation,t0,0,-0.6141832287480037,-0.6311028482100351,0.016919619462031608,0.3061387722455509,148,False
gmr72_phase_conditioned,rank_reward,A_to_C_to_B,sham_perturbation,t1,1,-0.6096381560563535,-0.6226466326507563,0.013008476594402725,0.35012997400519896,140,False
gmr72_phase_conditioned,rank_reward,A_to_C_to_B,sham_perturbation,t2,2,-0.6098888626549145,-0.6375401786775355,0.0276513160226212,0.21335732853429315,132,False
gmr72_phase_conditioned,rank_reward,A_to_C_to_B,sham_perturbation,tc,3,-0.5329345845188949,-0.5946050420798092,0.061670457560914445,0.07218556288742252,105,False
gmr72_phase_conditioned,rank_reward,A_to_C_to_B,sham_perturbation,tc_plus_k,4,-0.6971529368368311,-0.6741890314302034,-0.022963905406627436,0.7038592281543691,105,False
gmr72_phase_conditioned,rank_reward,A_to_C_to_B,receiver_standpoint_reconstruction,t0,0,-0.6141832287480037,-0.6311028482100351,0.016919619462031608,0.2979404119176165,148,False
gmr72_phase_conditioned,rank_reward,A_to_C_to_B,receiver_standpoint_reconstruction,t1,1,-0.6096381560563535,-0.6226466326507563,0.013008476594402725,0.34333133373325336,140,False
gmr72_phase_conditioned,rank_reward,A_to_C_to_B,receiver_standpoint_reconstruction,t2,2,-0.6098888626549145,-0.6375401786775355,0.0276513160226212,0.20655868826234752,132,False
gmr72_phase_conditioned,rank_reward,A_to_C_to_B,receiver_standpoint_reconstruction,tc,3,-0.5329345845188949,-0.5946050420798092,0.061670457560914445,0.07398520295940812,105,False
gmr72_phase_conditioned,rank_reward,A_to_C_to_B,receiver_standpoint_reconstruction,tc_plus_k,4,-0.6971529368368311,-0.6741890314302034,-0.022963905406627436,0.704259148170366,105,False
gmr72_phase_conditioned,rank_reward,A_to_C_to_B,receiver_standpoint_reconstruction_shuffled,t0,0,-0.6141832287480037,-0.7456732352041339,0.13149000645613027,0.0001999600079984003,148,True
gmr72_phase_conditioned,rank_reward,A_to_C_to_B,receiver_standpoint_reconstruction_shuffled,t1,1,-0.6096381560563535,-0.7272976982958363,0.11765954223948284,0.0001999600079984003,140,True
gmr72_phase_conditioned,rank_reward,A_to_C_to_B,receiver_standpoint_reconstruction_shuffled,t2,2,-0.6098888626549145,-0.721189086548903,0.11130022389398848,0.0001999600079984003,132,True
gmr72_phase_conditioned,rank_reward,A_to_C_to_B,receiver_standpoint_reconstruction_shuffled,tc,3,-0.5329345845188949,-0.645238986113175,0.11230440159428016,0.0015996800639872025,105,True
gmr72_phase_conditioned,rank_reward,A_to_C_to_B,receiver_standpoint_reconstruction_shuffled,tc_plus_k,4,-0.6971529368368311,-0.7511348620022454,0.05398192516541447,0.10157968406318736,105,False
gmr72_phase_conditioned,rank_reward,A_to_C_to_B,mapping_inversion,t0,0,-0.6141832287480037,-0.6553289950177017,0.041145766269698056,0.11717656468706258,148,False
gmr72_phase_conditioned,rank_reward,A_to_C_to_B,mapping_inversion,t1,1,-0.6096381560563535,-0.6480158613524102,0.038377705296056684,0.14077184563087383,140,False
gmr72_phase_conditioned,rank_reward,A_to_C_to_B,mapping_inversion,t2,2,-0.6098888626549145,-0.6622848584600574,0.05239599580514299,0.07918416316736653,132,False
gmr72_phase_conditioned,rank_reward,A_to_C_to_B,mapping_inversion,tc,3,-0.5329345845188949,-0.5536568520753805,0.0207222675564857,0.3217356528694261,105,False
gmr72_phase_conditioned,rank_reward,A_to_C_to_B,mapping_inversion,tc_plus_k,4,-0.6971529368368311,-0.7787234953680792,0.0815705585312482,0.02299540091981604,105,True
gmr72_phase_conditioned,rank_reward,A_to_C_to_B,side_shuffle,t0,0,-0.6141832287480037,-0.722706630633051,0.1085234018850473,0.0005998800239952009,148,True
gmr72_phase_conditioned,rank_reward,A_to_C_to_B,side_shuffle,t1,1,-0.6096381560563535,-0.7127339062017692,0.10309575014541576,0.0011997600479904018,140,True
gmr72_phase_conditioned,rank_reward,A_to_C_to_B,side_shuffle,t2,2,-0.6098888626549145,-0.7096741678610666,0.0997853052061522,0.0009998000399920016,132,True
gmr72_phase_conditioned,rank_reward,A_to_C_to_B,side_shuffle,tc,3,-0.5329345845188949,-0.6397926193032752,0.10685803478438038,0.002999400119976005,105,True
gmr72_phase_conditioned,rank_reward,A_to_C_to_B,side_shuffle,tc_plus_k,4,-0.6971529368368311,-0.7746542333770167,0.07750129654018592,0.03519296140771846,105,True
gmr72_phase_conditioned,rank_reward,A_to_C_to_B,unsigned_side_gap,t0,0,-0.6141832287480037,-0.6768880068551805,0.06270477810717674,0.013797240551889621,148,True
gmr72_phase_conditioned,rank_reward,A_to_C_to_B,unsigned_side_gap,t1,1,-0.6096381560563535,-0.670590771894813,0.06095261583845951,0.021595680863827234,140,True
gmr72_phase_conditioned,rank_reward,A_to_C_to_B,unsigned_side_gap,t2,2,-0.6098888626549145,-0.6760994771008372,0.06621061444592281,0.015396920615876825,132,True
gmr72_phase_conditioned,rank_reward,A_to_C_to_B,unsigned_side_gap,tc,3,-0.5329345845188949,-0.610236746824323,0.07730216230542822,0.020795840831833633,105,True
gmr72_phase_conditioned,rank_reward,A_to_C_to_B,unsigned_side_gap,tc_plus_k,4,-0.6971529368368311,-0.7617045007601979,0.06455156392336696,0.05098980203959208,105,False
gmr72_phase_conditioned,rank_reward,A_to_C_to_B,polarity_magnitude_only,t0,0,-0.6141832287480037,-0.6768880068551805,0.06270477810717674,0.017196560687862426,148,True
gmr72_phase_conditioned,rank_reward,A_to_C_to_B,polarity_magnitude_only,t1,1,-0.6096381560563535,-0.670590771894813,0.06095261583845951,0.023795240951809637,140,True
gmr72_phase_conditioned,rank_reward,A_to_C_to_B,polarity_magnitude_only,t2,2,-0.6098888626549145,-0.6760994771008372,0.06621061444592281,0.016396720655868825,132,True
gmr72_phase_conditioned,rank_reward,A_to_C_to_B,polarity_magnitude_only,tc,3,-0.5329345845188949,-0.610236746824323,0.07730216230542822,0.020595880823835233,105,True
gmr72_phase_conditioned,rank_reward,A_to_C_to_B,polarity_magnitude_only,tc_plus_k,4,-0.6971529368368311,-0.7617045007601979,0.06455156392336696,0.052389522095580884,105,False
gmr72_phase_conditioned,rank_reward,A_to_C_to_B,receiver_side_only,t0,0,-0.6141832287480037,-0.658046436562555,0.04386320781455122,0.060187962407518496,148,False
gmr72_phase_conditioned,rank_reward,A_to_C_to_B,receiver_side_only,t1,1,-0.6096381560563535,-0.655736407411187,0.046098251354833406,0.05638872225554889,140,False
gmr72_phase_conditioned,rank_reward,A_to_C_to_B,receiver_side_only,t2,2,-0.6098888626549145,-0.6646881762946232,0.05479931363970867,0.03559288142371526,132,True
gmr72_phase_conditioned,rank_reward,A_to_C_to_B,receiver_side_only,tc,3,-0.5329345845188949,-0.6398054375741655,0.10687085305527057,0.0023995200959808036,105,True
gmr72_phase_conditioned,rank_reward,A_to_C_to_B,receiver_side_only,tc_plus_k,4,-0.6971529368368311,-0.734565255937359,0.03741231910052801,0.17156568686262746,105,False
gmr72_phase_conditioned,rank_reward,A_to_C_to_B,giver_side_only,t0,0,-0.6141832287480037,-0.6532178671013358,0.03903463835333214,0.09138172365526895,148,False
gmr72_phase_conditioned,rank_reward,A_to_C_to_B,giver_side_only,t1,1,-0.6096381560563535,-0.6450690859627258,0.03543092990637225,0.1245750849830034,140,False
gmr72_phase_conditioned,rank_reward,A_to_C_to_B,giver_side_only,t2,2,-0.6098888626549145,-0.6545635193111041,0.04467465665618977,0.07718456308738253,132,False
gmr72_phase_conditioned,rank_reward,A_to_C_to_B,giver_side_only,tc,3,-0.5329345845188949,-0.5918739353984568,0.05893935087956198,0.04519096180763847,105,True
gmr72_phase_conditioned,rank_reward,A_to_C_to_B,giver_side_only,tc_plus_k,4,-0.6971529368368311,-0.7734106790102125,0.07625774217338172,0.028194361127774445,105,True
gmr72_phase_conditioned,rank_reward,A_to_C_to_B,standpoint_polarity_preserved,t0,0,-0.6141832287480037,-0.6305273724187125,0.0163441436707089,0.28394321135772843,148,False
gmr72_phase_conditioned,rank_reward,A_to_C_to_B,standpoint_polarity_preserved,t1,1,-0.6096381560563535,-0.6280209873465739,0.01838283129022043,0.261747650469906,140,False
gmr72_phase_conditioned,rank_reward,A_to_C_to_B,standpoint_polarity_preserved,t2,2,-0.6098888626549145,-0.6399373715809344,0.03004850892601993,0.1765646870625875,132,False
gmr72_phase_conditioned,rank_reward,A_to_C_to_B,standpoint_polarity_preserved,tc,3,-0.5329345845188949,-0.6422332239255267,0.1092986394066319,0.004799040191961607,105,True
gmr72_phase_conditioned,rank_reward,A_to_C_to_B,standpoint_polarity_preserved,tc_plus_k,4,-0.6971529368368311,-0.6988312805850957,0.0016783437482647751,0.48410317936412717,105,False
gmr72_phase_conditioned,rank_reward,A_to_C_to_B,standpoint_polarity_inverted,t0,0,-0.6141832287480037,-0.659760956981904,0.045577728233900265,0.06898620275944811,148,False
gmr72_phase_conditioned,rank_reward,A_to_C_to_B,standpoint_polarity_inverted,t1,1,-0.6096381560563535,-0.6526326788057712,0.04299452274941778,0.08718256348730254,140,False
gmr72_phase_conditioned,rank_reward,A_to_C_to_B,standpoint_polarity_inverted,t2,2,-0.6098888626549145,-0.6632466673550172,0.05335780470010288,0.057788442311537694,132,False
gmr72_phase_conditioned,rank_reward,A_to_C_to_B,standpoint_polarity_inverted,tc,3,-0.5329345845188949,-0.5782502700304734,0.045315685511578406,0.09278144371125775,105,False
gmr72_phase_conditioned,rank_reward,A_to_C_to_B,standpoint_polarity_inverted,tc_plus_k,4,-0.6971529368368311,-0.7635694639619375,0.06641652712510661,0.041191761647670466,105,True
gmr72_phase_conditioned,rank_reward,A_to_C_to_B,ab_exchange_receiver_standpoint,t0,0,-0.6141832287480037,-0.6496849870595508,0.03550175831154701,0.14677064587082583,148,False
gmr72_phase_conditioned,rank_reward,A_to_C_to_B,ab_exchange_receiver_standpoint,t1,1,-0.6096381560563535,-0.6406654024060308,0.031027246349677292,0.1939612077584483,140,False
gmr72_phase_conditioned,rank_reward,A_to_C_to_B,ab_exchange_receiver_standpoint,t2,2,-0.6098888626549145,-0.6520543807621285,0.042165518107213994,0.1201759648070386,132,False
gmr72_phase_conditioned,rank_reward,A_to_C_to_B,ab_exchange_receiver_standpoint,tc,3,-0.5329345845188949,-0.5722616574011403,0.039327072882245476,0.16796640671865626,105,False
gmr72_phase_conditioned,rank_reward,A_to_C_to_B,ab_exchange_receiver_standpoint,tc_plus_k,4,-0.6971529368368311,-0.8103849045371645,0.11323196770033354,0.002599480103979204,105,True
gmr72_phase_conditioned,rank_reward,A_to_C_to_B,mirrored_receiver_standpoint,t0,0,-0.6141832287480037,-0.6358733755451832,0.02169014679717952,0.23995200959808038,148,False
gmr72_phase_conditioned,rank_reward,A_to_C_to_B,mirrored_receiver_standpoint,t1,1,-0.6096381560563535,-0.6334267620921868,0.02378860603583339,0.23515296940611877,140,False
gmr72_phase_conditioned,rank_reward,A_to_C_to_B,mirrored_receiver_standpoint,t2,2,-0.6098888626549145,-0.6446339211923401,0.03474505853742575,0.15076984603079385,132,False
gmr72_phase_conditioned,rank_reward,A_to_C_to_B,mirrored_receiver_standpoint,tc,3,-0.5329345845188949,-0.5909808594079301,0.058046274889035236,0.0593881223755249,105,False
gmr72_phase_conditioned,rank_reward,A_to_C_to_B,mirrored_receiver_standpoint,tc_plus_k,4,-0.6971529368368311,-0.7126242901176875,0.015471353280856559,0.33253349330133974,105,False
gmr72_phase_conditioned,rank_reward,A_to_C_to_B,normalization_matched_receiver_standpoint,t0,0,-0.6141832287480037,-0.7046932458210522,0.09051001707304854,0.0023995200959808036,148,True
gmr72_phase_conditioned,rank_reward,A_to_C_to_B,normalization_matched_receiver_standpoint,t1,1,-0.6096381560563535,-0.6927934811250781,0.08315532506872454,0.004799040191961607,140,True
gmr72_phase_conditioned,rank_reward,A_to_C_to_B,normalization_matched_receiver_standpoint,t2,2,-0.6098888626549145,-0.6951265688270287,0.08523770617211433,0.003199360127974405,132,True
gmr72_phase_conditioned,rank_reward,A_to_C_to_B,normalization_matched_receiver_standpoint,tc,3,-0.5329345845188949,-0.6477688143121213,0.1148342297932264,0.0009998000399920016,105,True
gmr72_phase_conditioned,rank_reward,A_to_C_to_B,normalization_matched_receiver_standpoint,tc_plus_k,4,-0.6971529368368311,-0.7496386389323071,0.05248570209547619,0.09458108378324336,105,False
gmr72_phase_conditioned,rank_reward,A_to_C_to_B,reward_symmetry_control,t0,0,-0.6141832287480037,-0.639609272857274,0.02542604410927013,0.22275544891021795,148,False
gmr72_phase_conditioned,rank_reward,A_to_C_to_B,reward_symmetry_control,t1,1,-0.6096381560563535,-0.6358221250882483,0.026183969031894825,0.21735652869426114,140,False
gmr72_phase_conditioned,rank_reward,A_to_C_to_B,reward_symmetry_control,t2,2,-0.6098888626549145,-0.6489599424880219,0.039071079833107376,0.13377324535092983,132,False
gmr72_phase_conditioned,rank_reward,A_to_C_to_B,reward_symmetry_control,tc,3,-0.5329345845188949,-0.6109355703521597,0.07800098583326481,0.02459508098380324,105,True
gmr72_phase_conditioned,rank_reward,A_to_C_to_B,reward_symmetry_control,tc_plus_k,4,-0.6971529368368311,-0.6970314951888426,-0.00012144164798819846,0.49870025994801037,105,False
gmr72_phase_conditioned,rank_reward,A_to_C_to_B,endpoint_o1o2_reference,t0,0,-0.6160045802403645,-0.30634534229506155,-0.3096592379453028,1.0,143,False
gmr72_phase_conditioned,rank_reward,A_to_C_to_B,endpoint_o1o2_reference,t1,1,-0.6119649139001855,-0.4072243561722722,-0.20474055772791339,1.0,136,False
gmr72_phase_conditioned,rank_reward,A_to_C_to_B,endpoint_o1o2_reference,t2,2,-0.6927194816632827,-0.3397590856044498,-0.3529603960588329,1.0,129,False
gmr72_phase_conditioned,rank_reward,A_to_C_to_B,endpoint_o1o2_reference,tc,3,-0.5152822484115546,-0.22066120494735816,-0.2946210434641964,1.0,111,False
gmr72_phase_conditioned,rank_reward,A_to_C_to_B,endpoint_o1o2_reference,tc_plus_k,4,-0.612972552633789,-0.384883225284399,-0.22808932734939005,1.0,111,False
gmr72_phase_conditioned,rank_reward,B_to_C_to_A,unperturbed_baseline,t0,0,-0.6300170694715175,-0.6496849870595508,0.019667917588033136,0.2659468106378724,148,False
gmr72_phase_conditioned,rank_reward,B_to_C_to_A,unperturbed_baseline,t1,1,-0.6160537863527873,-0.6406654024060308,0.024611616053243544,0.21735652869426114,140,False
gmr72_phase_conditioned,rank_reward,B_to_C_to_A,unperturbed_baseline,t2,2,-0.6235140662036125,-0.6520543807621285,0.028540314558515904,0.1881623675264947,132,False
gmr72_phase_conditioned,rank_reward,B_to_C_to_A,unperturbed_baseline,tc,3,-0.6306853742393399,-0.5722616574011403,-0.0584237168381995,0.9772045590881824,105,False
gmr72_phase_conditioned,rank_reward,B_to_C_to_A,unperturbed_baseline,tc_plus_k,4,-0.7412936727138665,-0.8103849045371645,0.06909123182329789,0.026194761047790442,105,True
gmr72_phase_conditioned,rank_reward,B_to_C_to_A,sham_perturbation,t0,0,-0.6300170694715175,-0.6496849870595508,0.019667917588033136,0.2563487302539492,148,False
gmr72_phase_conditioned,rank_reward,B_to_C_to_A,sham_perturbation,t1,1,-0.6160537863527873,-0.6406654024060308,0.024611616053243544,0.23155368926214756,140,False
gmr72_phase_conditioned,rank_reward,B_to_C_to_A,sham_perturbation,t2,2,-0.6235140662036125,-0.6520543807621285,0.028540314558515904,0.19896020795840832,132,False
gmr72_phase_conditioned,rank_reward,B_to_C_to_A,sham_perturbation,tc,3,-0.6306853742393399,-0.5722616574011403,-0.0584237168381995,0.9726054789042191,105,False
gmr72_phase_conditioned,rank_reward,B_to_C_to_A,sham_perturbation,tc_plus_k,4,-0.7412936727138665,-0.8103849045371645,0.06909123182329789,0.02979404119176165,105,True
gmr72_phase_conditioned,rank_reward,B_to_C_to_A,receiver_standpoint_reconstruction,t0,0,-0.6300170694715175,-0.6496849870595508,0.019667917588033136,0.2543491301739652,148,False
gmr72_phase_conditioned,rank_reward,B_to_C_to_A,receiver_standpoint_reconstruction,t1,1,-0.6160537863527873,-0.6406654024060308,0.024611616053243544,0.21195760847830433,140,False
gmr72_phase_conditioned,rank_reward,B_to_C_to_A,receiver_standpoint_reconstruction,t2,2,-0.6235140662036125,-0.6520543807621285,0.028540314558515904,0.20215956808638272,132,False
gmr72_phase_conditioned,rank_reward,B_to_C_to_A,receiver_standpoint_reconstruction,tc,3,-0.6306853742393399,-0.5722616574011403,-0.0584237168381995,0.9774045190961808,105,False
gmr72_phase_conditioned,rank_reward,B_to_C_to_A,receiver_standpoint_reconstruction,tc_plus_k,4,-0.7412936727138665,-0.8103849045371645,0.06909123182329789,0.024795040991801638,105,True
gmr72_phase_conditioned,rank_reward,B_to_C_to_A,receiver_standpoint_reconstruction_shuffled,t0,0,-0.6300170694715175,-0.6435970887058958,0.013580019234378177,0.3131373725254949,148,False
gmr72_phase_conditioned,rank_reward,B_to_C_to_A,receiver_standpoint_reconstruction_shuffled,t1,1,-0.6160537863527873,-0.6434604908243141,0.027406704471526766,0.1911617676464707,140,False
gmr72_phase_conditioned,rank_reward,B_to_C_to_A,receiver_standpoint_reconstruction_shuffled,t2,2,-0.6235140662036125,-0.6667285572835746,0.04321449107996204,0.07418516296740651,132,False
gmr72_phase_conditioned,rank_reward,B_to_C_to_A,receiver_standpoint_reconstruction_shuffled,tc,3,-0.6306853742393399,-0.567939002565418,-0.06274637167392191,0.9866026794641072,105,False
gmr72_phase_conditioned,rank_reward,B_to_C_to_A,receiver_standpoint_reconstruction_shuffled,tc_plus_k,4,-0.7412936727138665,-0.7318947001879323,-0.009398972525934175,0.6624675064987002,105,False
gmr72_phase_conditioned,rank_reward,B_to_C_to_A,mapping_inversion,t0,0,-0.6300170694715175,-0.6562524088960134,0.026235339424495813,0.1889622075584883,148,False
gmr72_phase_conditioned,rank_reward,B_to_C_to_A,mapping_inversion,t1,1,-0.6160537863527873,-0.648992041738054,0.03293825538526666,0.14977004599080185,140,False
gmr72_phase_conditioned,rank_reward,B_to_C_to_A,mapping_inversion,t2,2,-0.6235140662036125,-0.6622848584600574,0.038770792256444905,0.11577684463107378,132,False
gmr72_phase_conditioned,rank_reward,B_to_C_to_A,mapping_inversion,tc,3,-0.6306853742393399,-0.5510537043803306,-0.07963166985900921,0.9922015596880623,105,False
gmr72_phase_conditioned,rank_reward,B_to_C_to_A,mapping_inversion,tc_plus_k,4,-0.7412936727138665,-0.7787234953680792,0.03742982265421254,0.16336732653469307,105,False
gmr72_phase_conditioned,rank_reward,B_to_C_to_A,side_shuffle,t0,0,-0.6300170694715175,-0.734389679990851,0.10437261051933348,0.0001999600079984003,148,True
gmr72_phase_conditioned,rank_reward,B_to_C_to_A,side_shuffle,t1,1,-0.6160537863527873,-0.7106362843294362,0.09458249797664885,0.0005998800239952009,140,True
gmr72_phase_conditioned,rank_reward,B_to_C_to_A,side_shuffle,t2,2,-0.6235140662036125,-0.7077302787154298,0.08421621251181742,0.0015996800639872025,132,True
gmr72_phase_conditioned,rank_reward,B_to_C_to_A,side_shuffle,tc,3,-0.6306853742393399,-0.638527734424591,0.007842360185251073,0.39812037592481503,105,False
gmr72_phase_conditioned,rank_reward,B_to_C_to_A,side_shuffle,tc_plus_k,4,-0.7412936727138665,-0.7463782763000256,0.0050846035861590805,0.42391521695660866,105,False
gmr72_phase_conditioned,rank_reward,B_to_C_to_A,unsigned_side_gap,t0,0,-0.6300170694715175,-0.6768880068551805,0.04687093738366288,0.03159368126374725,148,True
gmr72_phase_conditioned,rank_reward,B_to_C_to_A,unsigned_side_gap,t1,1,-0.6160537863527873,-0.670590771894813,0.05453698554202576,0.01779644071185763,140,True
gmr72_phase_conditioned,rank_reward,B_to_C_to_A,unsigned_side_gap,t2,2,-0.6235140662036125,-0.6760994771008372,0.052585410897224724,0.02519496100779844,132,True
gmr72_phase_conditioned,rank_reward,B_to_C_to_A,unsigned_side_gap,tc,3,-0.6306853742393399,-0.610236746824323,-0.02044862741501674,0.758248350329934,105,False
gmr72_phase_conditioned,rank_reward,B_to_C_to_A,unsigned_side_gap,tc_plus_k,4,-0.7412936727138665,-0.7617045007601979,0.02041082804633131,0.21655668866226754,105,False
gmr72_phase_conditioned,rank_reward,B_to_C_to_A,polarity_magnitude_only,t0,0,-0.6300170694715175,-0.6768880068551805,0.04687093738366288,0.03119376124775045,148,True
gmr72_phase_conditioned,rank_reward,B_to_C_to_A,polarity_magnitude_only,t1,1,-0.6160537863527873,-0.670590771894813,0.05453698554202576,0.015396920615876825,140,True
gmr72_phase_conditioned,rank_reward,B_to_C_to_A,polarity_magnitude_only,t2,2,-0.6235140662036125,-0.6760994771008372,0.052585410897224724,0.02559488102379524,132,True
gmr72_phase_conditioned,rank_reward,B_to_C_to_A,polarity_magnitude_only,tc,3,-0.6306853742393399,-0.610236746824323,-0.02044862741501674,0.7674465106978604,105,False
gmr72_phase_conditioned,rank_reward,B_to_C_to_A,polarity_magnitude_only,tc_plus_k,4,-0.7412936727138665,-0.7617045007601979,0.02041082804633131,0.20675864827034593,105,False
gmr72_phase_conditioned,rank_reward,B_to_C_to_A,receiver_side_only,t0,0,-0.6300170694715175,-0.6532178671013358,0.023200797629818266,0.1841631673665267,148,False
gmr72_phase_conditioned,rank_reward,B_to_C_to_A,receiver_side_only,t1,1,-0.6160537863527873,-0.6450690859627258,0.02901529960993849,0.13877224555088982,140,False
gmr72_phase_conditioned,rank_reward,B_to_C_to_A,receiver_side_only,t2,2,-0.6235140662036125,-0.6545635193111041,0.03104945310749168,0.13597280543891221,132,False
gmr72_phase_conditioned,rank_reward,B_to_C_to_A,receiver_side_only,tc,3,-0.6306853742393399,-0.5918739353984568,-0.03881143884088299,0.9358128374325135,105,False
gmr72_phase_conditioned,rank_reward,B_to_C_to_A,receiver_side_only,tc_plus_k,4,-0.7412936727138665,-0.7734106790102125,0.03211700629634605,0.10717856428714258,105,False
gmr72_phase_conditioned,rank_reward,B_to_C_to_A,giver_side_only,t0,0,-0.6300170694715175,-0.658046436562555,0.02802936709103735,0.11417716456708658,148,False
gmr72_phase_conditioned,rank_reward,B_to_C_to_A,giver_side_only,t1,1,-0.6160537863527873,-0.655736407411187,0.03968262105839965,0.041791641671665665,140,True
gmr72_phase_conditioned,rank_reward,B_to_C_to_A,giver_side_only,t2,2,-0.6235140662036125,-0.6646881762946232,0.04117411009101058,0.04479104179164167,132,True
gmr72_phase_conditioned,rank_reward,B_to_C_to_A,giver_side_only,tc,3,-0.6306853742393399,-0.6398054375741655,0.009120063334825597,0.34933013397320534,105,False
gmr72_phase_conditioned,rank_reward,B_to_C_to_A,giver_side_only,tc_plus_k,4,-0.7412936727138665,-0.734565255937359,-0.006728416776507637,0.6122775444911018,105,False
gmr72_phase_conditioned,rank_reward,B_to_C_to_A,standpoint_polarity_preserved,t0,0,-0.6300170694715175,-0.659760956981904,0.029743887510386393,0.15776844631073786,148,False
gmr72_phase_conditioned,rank_reward,B_to_C_to_A,standpoint_polarity_preserved,t1,1,-0.6160537863527873,-0.6526326788057712,0.03657889245298401,0.11297740451909619,140,False
gmr72_phase_conditioned,rank_reward,B_to_C_to_A,standpoint_polarity_preserved,t2,2,-0.6235140662036125,-0.6632466673550172,0.03973260115140479,0.10157968406318736,132,False
gmr72_phase_conditioned,rank_reward,B_to_C_to_A,standpoint_polarity_preserved,tc,3,-0.6306853742393399,-0.5782502700304734,-0.05243510420886659,0.9650069986002799,105,False
gmr72_phase_conditioned,rank_reward,B_to_C_to_A,standpoint_polarity_preserved,tc_plus_k,4,-0.7412936727138665,-0.7635694639619375,0.022275791248070966,0.22835432913417317,105,False
gmr72_phase_conditioned,rank_reward,B_to_C_to_A,standpoint_polarity_inverted,t0,0,-0.6300170694715175,-0.6305273724187125,0.0005103029471950221,0.503499300139972,148,False
gmr72_phase_conditioned,rank_reward,B_to_C_to_A,standpoint_polarity_inverted,t1,1,-0.6160537863527873,-0.6280209873465739,0.011967200993786679,0.3271345730853829,140,False
gmr72_phase_conditioned,rank_reward,B_to_C_to_A,standpoint_polarity_inverted,t2,2,-0.6235140662036125,-0.6399373715809344,0.01642330537732185,0.28174365126974604,132,False
gmr72_phase_conditioned,rank_reward,B_to_C_to_A,standpoint_polarity_inverted,tc,3,-0.6306853742393399,-0.6422332239255267,0.011547849686186908,0.3359328134373125,105,False
gmr72_phase_conditioned,rank_reward,B_to_C_to_A,standpoint_polarity_inverted,tc_plus_k,4,-0.7412936727138665,-0.6988312805850957,-0.04246239212877089,0.9464107178564287,105,False
gmr72_phase_conditioned,rank_reward,B_to_C_to_A,ab_exchange_receiver_standpoint,t0,0,-0.6300170694715175,-0.6311028482100351,0.0010857787385177332,0.4851029794041192,148,False
gmr72_phase_conditioned,rank_reward,B_to_C_to_A,ab_exchange_receiver_standpoint,t1,1,-0.6160537863527873,-0.6226466326507563,0.006592846297968968,0.41931613677264545,140,False
gmr72_phase_conditioned,rank_reward,B_to_C_to_A,ab_exchange_receiver_standpoint,t2,2,-0.6235140662036125,-0.6375401786775355,0.014026112473923097,0.32673465306938615,132,False
gmr72_phase_conditioned,rank_reward,B_to_C_to_A,ab_exchange_receiver_standpoint,tc,3,-0.6306853742393399,-0.5946050420798092,-0.036080332159530534,0.8956208758248351,105,False
gmr72_phase_conditioned,rank_reward,B_to_C_to_A,ab_exchange_receiver_standpoint,tc_plus_k,4,-0.7412936727138665,-0.6741890314302034,-0.06710464128366309,0.9896020795840832,105,False
gmr72_phase_conditioned,rank_reward,B_to_C_to_A,mirrored_receiver_standpoint,t0,0,-0.6300170694715175,-0.6350837896586107,0.005066720187093051,0.4261147770445911,148,False
gmr72_phase_conditioned,rank_reward,B_to_C_to_A,mirrored_receiver_standpoint,t1,1,-0.6160537863527873,-0.6325920570120959,0.016538270659308588,0.2803439312137572,140,False
gmr72_phase_conditioned,rank_reward,B_to_C_to_A,mirrored_receiver_standpoint,t2,2,-0.6235140662036125,-0.6446339211923401,0.021119854988727656,0.24415116976604678,132,False
gmr72_phase_conditioned,rank_reward,B_to_C_to_A,mirrored_receiver_standpoint,tc,3,-0.6306853742393399,-0.5932067396215062,-0.037478634617833656,0.8594281143771246,105,False
gmr72_phase_conditioned,rank_reward,B_to_C_to_A,mirrored_receiver_standpoint,tc_plus_k,4,-0.7412936727138665,-0.7126242901176875,-0.02866938259617909,0.8140371925614877,105,False
gmr72_phase_conditioned,rank_reward,B_to_C_to_A,normalization_matched_receiver_standpoint,t0,0,-0.6300170694715175,-0.6902531902900972,0.060236120818579715,0.014797040591881624,148,True
gmr72_phase_conditioned,rank_reward,B_to_C_to_A,normalization_matched_receiver_standpoint,t1,1,-0.6160537863527873,-0.6851703298922793,0.06911654353949195,0.009198160367926415,140,True
gmr72_phase_conditioned,rank_reward,B_to_C_to_A,normalization_matched_receiver_standpoint,t2,2,-0.6235140662036125,-0.6963011151991993,0.07278704899558679,0.007398520295940812,132,True
gmr72_phase_conditioned,rank_reward,B_to_C_to_A,normalization_matched_receiver_standpoint,tc,3,-0.6306853742393399,-0.6473778179350671,0.01669244369572736,0.24575084983003398,105,False
gmr72_phase_conditioned,rank_reward,B_to_C_to_A,normalization_matched_receiver_standpoint,tc_plus_k,4,-0.7412936727138665,-0.7598894589546966,0.018595786240830026,0.2543491301739652,105,False
gmr72_phase_conditioned,rank_reward,B_to_C_to_A,reward_symmetry_control,t0,0,-0.6300170694715175,-0.639609272857274,0.009592203385756254,0.35452909418116374,148,False
gmr72_phase_conditioned,rank_reward,B_to_C_to_A,reward_symmetry_control,t1,1,-0.6160537863527873,-0.6358221250882483,0.019768338735461067,0.24415116976604678,140,False
gmr72_phase_conditioned,rank_reward,B_to_C_to_A,reward_symmetry_control,t2,2,-0.6235140662036125,-0.6489599424880219,0.025445876284409287,0.19196160767846432,132,False
gmr72_phase_conditioned,rank_reward,B_to_C_to_A,reward_symmetry_control,tc,3,-0.6306853742393399,-0.6109355703521597,-0.01974980388718015,0.7644471105778844,105,False
gmr72_phase_conditioned,rank_reward,B_to_C_to_A,reward_symmetry_control,tc_plus_k,4,-0.7412936727138665,-0.6970314951888426,-0.04426217752502386,0.9262147570485902,105,False
gmr72_phase_conditioned,rank_reward,B_to_C_to_A,endpoint_o1o2_reference,t0,0,-0.6471616393448344,-0.30634534229506155,-0.34081629704977284,1.0,143,False
gmr72_phase_conditioned,rank_reward,B_to_C_to_A,endpoint_o1o2_reference,t1,1,-0.6596511845205377,-0.4072243561722722,-0.25242682834826546,1.0,136,False
gmr72_phase_conditioned,rank_reward,B_to_C_to_A,endpoint_o1o2_reference,t2,2,-0.7242784875318634,-0.3397590856044498,-0.3845194019274137,1.0,129,False
gmr72_phase_conditioned,rank_reward,B_to_C_to_A,endpoint_o1o2_reference,tc,3,-0.49822331228181094,-0.22066120494735816,-0.2775621073344529,1.0,111,False
gmr72_phase_conditioned,rank_reward,B_to_C_to_A,endpoint_o1o2_reference,tc_plus_k,4,-0.6744173420193015,-0.384883225284399,-0.28953411673490254,1.0,111,False
gmr72_phase_conditioned,gmr72_bridge_composite,A_to_C_to_B,unperturbed_baseline,t0,0,-0.28152724223480596,-0.2908773255919374,0.009350083357131537,0.20815836832633472,148,False
gmr72_phase_conditioned,gmr72_bridge_composite,A_to_C_to_B,unperturbed_baseline,t1,1,-0.2839434845322485,-0.2932993764967208,0.00935589196447232,0.22035592881423716,140,False
gmr72_phase_conditioned,gmr72_bridge_composite,A_to_C_to_B,unperturbed_baseline,t2,2,-0.2870989457153592,-0.29935124233493104,0.012252296619571878,0.15856828634273146,132,False
gmr72_phase_conditioned,gmr72_bridge_composite,A_to_C_to_B,unperturbed_baseline,tc,3,-0.2148533800650127,-0.21747213743618646,0.00261875737117379,0.39492101579684064,105,False
gmr72_phase_conditioned,gmr72_bridge_composite,A_to_C_to_B,unperturbed_baseline,tc_plus_k,4,-0.2955845504719929,-0.2810095148367321,-0.014575035635260825,0.831633673265347,105,False
gmr72_phase_conditioned,gmr72_bridge_composite,A_to_C_to_B,sham_perturbation,t0,0,-0.28152724223480596,-0.2908773255919374,0.009350083357131537,0.2001599680063987,148,False
gmr72_phase_conditioned,gmr72_bridge_composite,A_to_C_to_B,sham_perturbation,t1,1,-0.2839434845322485,-0.2932993764967208,0.00935589196447232,0.19816036792641473,140,False
gmr72_phase_conditioned,gmr72_bridge_composite,A_to_C_to_B,sham_perturbation,t2,2,-0.2870989457153592,-0.29935124233493104,0.012252296619571878,0.14217156568686262,132,False
gmr72_phase_conditioned,gmr72_bridge_composite,A_to_C_to_B,sham_perturbation,tc,3,-0.2148533800650127,-0.21747213743618646,0.00261875737117379,0.38712257548490303,105,False
gmr72_phase_conditioned,gmr72_bridge_composite,A_to_C_to_B,sham_perturbation,tc_plus_k,4,-0.2955845504719929,-0.2810095148367321,-0.014575035635260825,0.8298340331933614,105,False
gmr72_phase_conditioned,gmr72_bridge_composite,A_to_C_to_B,receiver_standpoint_reconstruction,t0,0,-0.28152724223480596,-0.2908773255919374,0.009350083357131537,0.20415916816636673,148,False
gmr72_phase_conditioned,gmr72_bridge_composite,A_to_C_to_B,receiver_standpoint_reconstruction,t1,1,-0.2839434845322485,-0.2932993764967208,0.00935589196447232,0.21035792841431714,140,False
gmr72_phase_conditioned,gmr72_bridge_composite,A_to_C_to_B,receiver_standpoint_reconstruction,t2,2,-0.2870989457153592,-0.29935124233493104,0.012252296619571878,0.14437112577484504,132,False
gmr72_phase_conditioned,gmr72_bridge_composite,A_to_C_to_B,receiver_standpoint_reconstruction,tc,3,-0.2148533800650127,-0.21747213743618646,0.00261875737117379,0.3857228554289142,105,False
gmr72_phase_conditioned,gmr72_bridge_composite,A_to_C_to_B,receiver_standpoint_reconstruction,tc_plus_k,4,-0.2955845504719929,-0.2810095148367321,-0.014575035635260825,0.8340331933613278,105,False
gmr72_phase_conditioned,gmr72_bridge_composite,A_to_C_to_B,receiver_standpoint_reconstruction_shuffled,t0,0,-0.28152724223480596,-0.29649629238186004,0.014969050147054111,0.0661867626474705,148,False
gmr72_phase_conditioned,gmr72_bridge_composite,A_to_C_to_B,receiver_standpoint_reconstruction_shuffled,t1,1,-0.2839434845322485,-0.29771563157897185,0.013772147046723438,0.10097980403919216,140,False
gmr72_phase_conditioned,gmr72_bridge_composite,A_to_C_to_B,receiver_standpoint_reconstruction_shuffled,t2,2,-0.2870989457153592,-0.3040548810515971,0.016955935336237904,0.09978004399120176,132,False
gmr72_phase_conditioned,gmr72_bridge_composite,A_to_C_to_B,receiver_standpoint_reconstruction_shuffled,tc,3,-0.2148533800650127,-0.22169341085152336,0.006840030786510693,0.25934813037392523,105,False
gmr72_phase_conditioned,gmr72_bridge_composite,A_to_C_to_B,receiver_standpoint_reconstruction_shuffled,tc_plus_k,4,-0.2955845504719929,-0.2837240462250348,-0.011860504246958118,0.7992401519696061,105,False
gmr72_phase_conditioned,gmr72_bridge_composite,A_to_C_to_B,mapping_inversion,t0,0,-0.28152724223480596,-0.29117465870099846,0.009647416466192535,0.22995400919816036,148,False
gmr72_phase_conditioned,gmr72_bridge_composite,A_to_C_to_B,mapping_inversion,t1,1,-0.2839434845322485,-0.2927167066689252,0.008773222136676745,0.25374925014997,140,False
gmr72_phase_conditioned,gmr72_bridge_composite,A_to_C_to_B,mapping_inversion,t2,2,-0.2870989457153592,-0.29854284224754657,0.011443896532187362,0.20495900819836033,132,False
gmr72_phase_conditioned,gmr72_bridge_composite,A_to_C_to_B,mapping_inversion,tc,3,-0.2148533800650127,-0.2110990677268643,-0.003754312338148331,0.6396720655868826,105,False
gmr72_phase_conditioned,gmr72_bridge_composite,A_to_C_to_B,mapping_inversion,tc_plus_k,4,-0.2955845504719929,-0.2883344401052017,-0.007250110366791145,0.6828634273145371,105,False
gmr72_phase_conditioned,gmr72_bridge_composite,A_to_C_to_B,side_shuffle,t0,0,-0.28152724223480596,-0.29567902726437484,0.01415178502956888,0.09898020395920816,148,False
gmr72_phase_conditioned,gmr72_bridge_composite,A_to_C_to_B,side_shuffle,t1,1,-0.2839434845322485,-0.29705459503525994,0.013111110503011439,0.13517296540691862,140,False
gmr72_phase_conditioned,gmr72_bridge_composite,A_to_C_to_B,side_shuffle,t2,2,-0.2870989457153592,-0.30654465396041003,0.019445708245050857,0.05158968206358728,132,False
gmr72_phase_conditioned,gmr72_bridge_composite,A_to_C_to_B,side_shuffle,tc,3,-0.2148533800650127,-0.21553857540748222,0.0006851953424695293,0.46530693861227757,105,False
gmr72_phase_conditioned,gmr72_bridge_composite,A_to_C_to_B,side_shuffle,tc_plus_k,4,-0.2955845504719929,-0.2855670200418345,-0.010017530430158397,0.7720455908818237,105,False
gmr72_phase_conditioned,gmr72_bridge_composite,A_to_C_to_B,unsigned_side_gap,t0,0,-0.28152724223480596,-0.2942653930239688,0.012738150789162813,0.1261747650469906,148,False
gmr72_phase_conditioned,gmr72_bridge_composite,A_to_C_to_B,unsigned_side_gap,t1,1,-0.2839434845322485,-0.2964257983598785,0.012482313827629972,0.1315736852629474,140,False
gmr72_phase_conditioned,gmr72_bridge_composite,A_to_C_to_B,unsigned_side_gap,t2,2,-0.2870989457153592,-0.303388606198962,0.016289660483602853,0.07258548290341932,132,False
gmr72_phase_conditioned,gmr72_bridge_composite,A_to_C_to_B,unsigned_side_gap,tc,3,-0.2148533800650127,-0.21840904872527866,0.003555668660265976,0.3349330133973205,105,False
gmr72_phase_conditioned,gmr72_bridge_composite,A_to_C_to_B,unsigned_side_gap,tc_plus_k,4,-0.2955845504719929,-0.2824845820082993,-0.013099968463693589,0.8520295940811837,105,False
gmr72_phase_conditioned,gmr72_bridge_composite,A_to_C_to_B,polarity_magnitude_only,t0,0,-0.28152724223480596,-0.2942653930239688,0.012738150789162813,0.11397720455908818,148,False
gmr72_phase_conditioned,gmr72_bridge_composite,A_to_C_to_B,polarity_magnitude_only,t1,1,-0.2839434845322485,-0.2964257983598785,0.012482313827629972,0.13637272545490903,140,False
gmr72_phase_conditioned,gmr72_bridge_composite,A_to_C_to_B,polarity_magnitude_only,t2,2,-0.2870989457153592,-0.303388606198962,0.016289660483602853,0.07438512297540492,132,False
gmr72_phase_conditioned,gmr72_bridge_composite,A_to_C_to_B,polarity_magnitude_only,tc,3,-0.2148533800650127,-0.21840904872527866,0.003555668660265976,0.3375324935012997,105,False
gmr72_phase_conditioned,gmr72_bridge_composite,A_to_C_to_B,polarity_magnitude_only,tc_plus_k,4,-0.2955845504719929,-0.2824845820082993,-0.013099968463693589,0.8474305138972206,105,False
gmr72_phase_conditioned,gmr72_bridge_composite,A_to_C_to_B,receiver_side_only,t0,0,-0.28152724223480596,-0.293851766281868,0.012324524047062019,0.1341731653669266,148,False
gmr72_phase_conditioned,gmr72_bridge_composite,A_to_C_to_B,receiver_side_only,t1,1,-0.2839434845322485,-0.29748455994041917,0.01354107540817065,0.11897620475904819,140,False
gmr72_phase_conditioned,gmr72_bridge_composite,A_to_C_to_B,receiver_side_only,t2,2,-0.2870989457153592,-0.30506520466147674,0.01796625894611748,0.0625874825034993,132,False
gmr72_phase_conditioned,gmr72_bridge_composite,A_to_C_to_B,receiver_side_only,tc,3,-0.2148533800650127,-0.2197802637911249,0.004926883726112213,0.29094181163767247,105,False
gmr72_phase_conditioned,gmr72_bridge_composite,A_to_C_to_B,receiver_side_only,tc_plus_k,4,-0.2955845504719929,-0.28698025935809834,-0.008604291113894573,0.7242551489702059,105,False
gmr72_phase_conditioned,gmr72_bridge_composite,A_to_C_to_B,giver_side_only,t0,0,-0.28152724223480596,-0.29179493739077544,0.010267695155969574,0.18316336732653468,148,False
gmr72_phase_conditioned,gmr72_bridge_composite,A_to_C_to_B,giver_side_only,t1,1,-0.2839434845322485,-0.2937379038690517,0.00979441933680322,0.1899620075984803,140,False
gmr72_phase_conditioned,gmr72_bridge_composite,A_to_C_to_B,giver_side_only,t2,2,-0.2870989457153592,-0.3019007620539375,0.014801816338578305,0.09818036392721456,132,False
gmr72_phase_conditioned,gmr72_bridge_composite,A_to_C_to_B,giver_side_only,tc,3,-0.2148533800650127,-0.20886522912159852,-0.005988150943414146,0.7528494301139772,105,False
gmr72_phase_conditioned,gmr72_bridge_composite,A_to_C_to_B,giver_side_only,tc_plus_k,4,-0.2955845504719929,-0.286592900963731,-0.008991649508261852,0.7648470305938813,105,False
gmr72_phase_conditioned,gmr72_bridge_composite,A_to_C_to_B,standpoint_polarity_preserved,t0,0,-0.28152724223480596,-0.28955743883108187,0.00803019659627594,0.2543491301739652,148,False
gmr72_phase_conditioned,gmr72_bridge_composite,A_to_C_to_B,standpoint_polarity_preserved,t1,1,-0.2839434845322485,-0.2931533364798934,0.009209851947644926,0.21755648870225955,140,False
gmr72_phase_conditioned,gmr72_bridge_composite,A_to_C_to_B,standpoint_polarity_preserved,t2,2,-0.2870989457153592,-0.30081652355092,0.013717577835560745,0.1401719656068786,132,False
gmr72_phase_conditioned,gmr72_bridge_composite,A_to_C_to_B,standpoint_polarity_preserved,tc,3,-0.2148533800650127,-0.21965826766702828,0.0048048876020156,0.28414317136572687,105,False
gmr72_phase_conditioned,gmr72_bridge_composite,A_to_C_to_B,standpoint_polarity_preserved,tc_plus_k,4,-0.2955845504719929,-0.2829729619141091,-0.01261158855788379,0.8176364727054589,105,False
gmr72_phase_conditioned,gmr72_bridge_composite,A_to_C_to_B,standpoint_polarity_inverted,t0,0,-0.28152724223480596,-0.2950520064444471,0.013524764209641155,0.12577484503099381,148,False
gmr72_phase_conditioned,gmr72_bridge_composite,A_to_C_to_B,standpoint_polarity_inverted,t1,1,-0.2839434845322485,-0.29705802676412696,0.013114542231878416,0.1247750449910018,140,False
gmr72_phase_conditioned,gmr72_bridge_composite,A_to_C_to_B,standpoint_polarity_inverted,t2,2,-0.2870989457153592,-0.3050420355151386,0.01794308979977938,0.0639872025594881,132,False
gmr72_phase_conditioned,gmr72_bridge_composite,A_to_C_to_B,standpoint_polarity_inverted,tc,3,-0.2148533800650127,-0.20957375355171617,-0.005279626513296459,0.7100579884023195,105,False
gmr72_phase_conditioned,gmr72_bridge_composite,A_to_C_to_B,standpoint_polarity_inverted,tc_plus_k,4,-0.2955845504719929,-0.2938752553354606,-0.0017092951365322258,0.5440911817636472,105,False
gmr72_phase_conditioned,gmr72_bridge_composite,A_to_C_to_B,ab_exchange_receiver_standpoint,t0,0,-0.28152724223480596,-0.29295635774440526,0.011429115509599344,0.16616676664667065,148,False
gmr72_phase_conditioned,gmr72_bridge_composite,A_to_C_to_B,ab_exchange_receiver_standpoint,t1,1,-0.2839434845322485,-0.294399952570856,0.010456468038607555,0.17556488702259548,140,False
gmr72_phase_conditioned,gmr72_bridge_composite,A_to_C_to_B,ab_exchange_receiver_standpoint,t2,2,-0.2870989457153592,-0.3011664847397654,0.014067539024406182,0.12117576484703059,132,False
gmr72_phase_conditioned,gmr72_bridge_composite,A_to_C_to_B,ab_exchange_receiver_standpoint,tc,3,-0.2148533800650127,-0.21353914164954682,-0.0013142384154658418,0.5630873825234953,105,False
gmr72_phase_conditioned,gmr72_bridge_composite,A_to_C_to_B,ab_exchange_receiver_standpoint,tc_plus_k,4,-0.2955845504719929,-0.29299299331935974,-0.002591557152633182,0.5722855428914218,105,False
gmr72_phase_conditioned,gmr72_bridge_composite,A_to_C_to_B,mirrored_receiver_standpoint,t0,0,-0.28152724223480596,-0.28668910096679356,0.005161858731987615,0.35032993401319734,148,False
gmr72_phase_conditioned,gmr72_bridge_composite,A_to_C_to_B,mirrored_receiver_standpoint,t1,1,-0.2839434845322485,-0.2896990721069202,0.005755587574671691,0.3343331333733253,140,False
gmr72_phase_conditioned,gmr72_bridge_composite,A_to_C_to_B,mirrored_receiver_standpoint,t2,2,-0.2870989457153592,-0.2972526331996509,0.010153687484291673,0.241751649670066,132,False
gmr72_phase_conditioned,gmr72_bridge_composite,A_to_C_to_B,mirrored_receiver_standpoint,tc,3,-0.2148533800650127,-0.20909060184679334,-0.005762778218219367,0.748250349930014,105,False
gmr72_phase_conditioned,gmr72_bridge_composite,A_to_C_to_B,mirrored_receiver_standpoint,tc_plus_k,4,-0.2955845504719929,-0.2863673906051788,-0.009217159866814076,0.7484503099380124,105,False
gmr72_phase_conditioned,gmr72_bridge_composite,A_to_C_to_B,normalization_matched_receiver_standpoint,t0,0,-0.28152724223480596,-0.2898198617644573,0.008292619529651324,0.23895220955808838,148,False
gmr72_phase_conditioned,gmr72_bridge_composite,A_to_C_to_B,normalization_matched_receiver_standpoint,t1,1,-0.2839434845322485,-0.2928472629788568,0.008903778446608352,0.22655468906218756,140,False
gmr72_phase_conditioned,gmr72_bridge_composite,A_to_C_to_B,normalization_matched_receiver_standpoint,t2,2,-0.2870989457153592,-0.3006952661041363,0.013596320388777165,0.13277344531093782,132,False
gmr72_phase_conditioned,gmr72_bridge_composite,A_to_C_to_B,normalization_matched_receiver_standpoint,tc,3,-0.2148533800650127,-0.21347038499606863,-0.0013829950689440062,0.5516896620675865,105,False
gmr72_phase_conditioned,gmr72_bridge_composite,A_to_C_to_B,normalization_matched_receiver_standpoint,tc_plus_k,4,-0.2955845504719929,-0.2896234479015851,-0.005961102570407783,0.6502699460107978,105,False
gmr72_phase_conditioned,gmr72_bridge_composite,A_to_C_to_B,reward_symmetry_control,t0,0,-0.28152724223480596,-0.2896881589170974,0.008160916682291504,0.2403519296140772,148,False
gmr72_phase_conditioned,gmr72_bridge_composite,A_to_C_to_B,reward_symmetry_control,t1,1,-0.2839434845322485,-0.29233029991366855,0.008386815381420082,0.2473505298940212,140,False
gmr72_phase_conditioned,gmr72_bridge_composite,A_to_C_to_B,reward_symmetry_control,t2,2,-0.2870989457153592,-0.2994529781772467,0.01235403246188751,0.16596680663867228,132,False
gmr72_phase_conditioned,gmr72_bridge_composite,A_to_C_to_B,reward_symmetry_control,tc,3,-0.2148533800650127,-0.2111265905500422,-0.0037267895149704394,0.639872025594881,105,False
gmr72_phase_conditioned,gmr72_bridge_composite,A_to_C_to_B,reward_symmetry_control,tc_plus_k,4,-0.2955845504719929,-0.27724580587424613,-0.018338744597746776,0.8930213957208558,105,False
gmr72_phase_conditioned,gmr72_bridge_composite,A_to_C_to_B,endpoint_o1o2_reference,t0,0,-0.2703947045358968,-0.22511000810223386,-0.04528469643366296,0.9998000399920016,143,False
gmr72_phase_conditioned,gmr72_bridge_composite,A_to_C_to_B,endpoint_o1o2_reference,t1,1,-0.26721800643574717,-0.23881911113659204,-0.028398895299155076,0.9988002399520096,136,False
gmr72_phase_conditioned,gmr72_bridge_composite,A_to_C_to_B,endpoint_o1o2_reference,t2,2,-0.3018907272961321,-0.2625434548985422,-0.039347272397589894,1.0,129,False
gmr72_phase_conditioned,gmr72_bridge_composite,A_to_C_to_B,endpoint_o1o2_reference,tc,3,-0.2509712865885179,-0.20454100379324558,-0.04643028279527233,1.0,111,False
gmr72_phase_conditioned,gmr72_bridge_composite,A_to_C_to_B,endpoint_o1o2_reference,tc_plus_k,4,-0.2801923871140332,-0.2357162782045565,-0.04447610890947673,0.9992001599680064,111,False
gmr72_phase_conditioned,gmr72_bridge_composite,B_to_C_to_A,unperturbed_baseline,t0,0,-0.2851638256794869,-0.29295635774440526,0.007792532064918406,0.235752849430114,148,False
gmr72_phase_conditioned,gmr72_bridge_composite,B_to_C_to_A,unperturbed_baseline,t1,1,-0.284919746680775,-0.294399952570856,0.009480205890081006,0.1923615276944611,140,False
gmr72_phase_conditioned,gmr72_bridge_composite,B_to_C_to_A,unperturbed_baseline,t2,2,-0.29012247261616214,-0.3011664847397654,0.011044012123603257,0.16156768646270747,132,False
gmr72_phase_conditioned,gmr72_bridge_composite,B_to_C_to_A,unperturbed_baseline,tc,3,-0.248706049007804,-0.21353914164954682,-0.03516690735825718,0.999000199960008,105,False
gmr72_phase_conditioned,gmr72_bridge_composite,B_to_C_to_A,unperturbed_baseline,tc_plus_k,4,-0.2906596542503883,-0.29299299331935974,0.0023333390689713593,0.41971605678864227,105,False
gmr72_phase_conditioned,gmr72_bridge_composite,B_to_C_to_A,sham_perturbation,t0,0,-0.2851638256794869,-0.29295635774440526,0.007792532064918406,0.2561487702459508,148,False
gmr72_phase_conditioned,gmr72_bridge_composite,B_to_C_to_A,sham_perturbation,t1,1,-0.284919746680775,-0.294399952570856,0.009480205890081006,0.19996000799840033,140,False
gmr72_phase_conditioned,gmr72_bridge_composite,B_to_C_to_A,sham_perturbation,t2,2,-0.29012247261616214,-0.3011664847397654,0.011044012123603257,0.17696460707858427,132,False
gmr72_phase_conditioned,gmr72_bridge_composite,B_to_C_to_A,sham_perturbation,tc,3,-0.248706049007804,-0.21353914164954682,-0.03516690735825718,0.9992001599680064,105,False
gmr72_phase_conditioned,gmr72_bridge_composite,B_to_C_to_A,sham_perturbation,tc_plus_k,4,-0.2906596542503883,-0.29299299331935974,0.0023333390689713593,0.4201159768046391,105,False
gmr72_phase_conditioned,gmr72_bridge_composite,B_to_C_to_A,receiver_standpoint_reconstruction,t0,0,-0.2851638256794869,-0.29295635774440526,0.007792532064918406,0.23535292941411717,148,False
gmr72_phase_conditioned,gmr72_bridge_composite,B_to_C_to_A,receiver_standpoint_reconstruction,t1,1,-0.284919746680775,-0.294399952570856,0.009480205890081006,0.2019596080783843,140,False
gmr72_phase_conditioned,gmr72_bridge_composite,B_to_C_to_A,receiver_standpoint_reconstruction,t2,2,-0.29012247261616214,-0.3011664847397654,0.011044012123603257,0.17336532693461307,132,False
gmr72_phase_conditioned,gmr72_bridge_composite,B_to_C_to_A,receiver_standpoint_reconstruction,tc,3,-0.248706049007804,-0.21353914164954682,-0.03516690735825718,0.999000199960008,105,False
gmr72_phase_conditioned,gmr72_bridge_composite,B_to_C_to_A,receiver_standpoint_reconstruction,tc_plus_k,4,-0.2906596542503883,-0.29299299331935974,0.0023333390689713593,0.4263147370525895,105,False
gmr72_phase_conditioned,gmr72_bridge_composite,B_to_C_to_A,receiver_standpoint_reconstruction_shuffled,t0,0,-0.2851638256794869,-0.28764437298216594,0.002480547302679073,0.41731653669266144,148,False
gmr72_phase_conditioned,gmr72_bridge_composite,B_to_C_to_A,receiver_standpoint_reconstruction_shuffled,t1,1,-0.284919746680775,-0.2878380070976819,0.0029182604169068703,0.3797240551889622,140,False
gmr72_phase_conditioned,gmr72_bridge_composite,B_to_C_to_A,receiver_standpoint_reconstruction_shuffled,t2,2,-0.29012247261616214,-0.30307922789110925,0.012956755274947213,0.13177364527094582,132,False
gmr72_phase_conditioned,gmr72_bridge_composite,B_to_C_to_A,receiver_standpoint_reconstruction_shuffled,tc,3,-0.248706049007804,-0.20798660037663316,-0.040719448631170864,0.9998000399920016,105,False
gmr72_phase_conditioned,gmr72_bridge_composite,B_to_C_to_A,receiver_standpoint_reconstruction_shuffled,tc_plus_k,4,-0.2906596542503883,-0.28341683667394835,-0.007242817576439978,0.7510497900419916,105,False
gmr72_phase_conditioned,gmr72_bridge_composite,B_to_C_to_A,mapping_inversion,t0,0,-0.2851638256794869,-0.29118937884003676,0.006025553160549878,0.3251349730053989,148,False
gmr72_phase_conditioned,gmr72_bridge_composite,B_to_C_to_A,mapping_inversion,t1,1,-0.284919746680775,-0.29273226795876567,0.007812521277990656,0.27334533093381325,140,False
gmr72_phase_conditioned,gmr72_bridge_composite,B_to_C_to_A,mapping_inversion,t2,2,-0.29012247261616214,-0.29854284224754657,0.008420369631384437,0.26354729054189163,132,False
gmr72_phase_conditioned,gmr72_bridge_composite,B_to_C_to_A,mapping_inversion,tc,3,-0.248706049007804,-0.2110575709539564,-0.03764847805384757,0.9998000399920016,105,False
gmr72_phase_conditioned,gmr72_bridge_composite,B_to_C_to_A,mapping_inversion,tc_plus_k,4,-0.2906596542503883,-0.2883344401052017,-0.002325214145186605,0.5738852229554089,105,False
gmr72_phase_conditioned,gmr72_bridge_composite,B_to_C_to_A,side_shuffle,t0,0,-0.2851638256794869,-0.2971841779527111,0.012020352273224205,0.16216756648670266,148,False
gmr72_phase_conditioned,gmr72_bridge_composite,B_to_C_to_A,side_shuffle,t1,1,-0.284919746680775,-0.29915650200729493,0.014236755326519896,0.11857628474305139,140,False
gmr72_phase_conditioned,gmr72_bridge_composite,B_to_C_to_A,side_shuffle,t2,2,-0.29012247261616214,-0.30824086574169773,0.018118393125535582,0.07478504299140172,132,False
gmr72_phase_conditioned,gmr72_bridge_composite,B_to_C_to_A,side_shuffle,tc,3,-0.248706049007804,-0.2181917922812628,-0.03051425672654117,0.9938012397520496,105,False
gmr72_phase_conditioned,gmr72_bridge_composite,B_to_C_to_A,side_shuffle,tc_plus_k,4,-0.2906596542503883,-0.28175997580093676,-0.008899678449451612,0.8188362327534493,105,False
gmr72_phase_conditioned,gmr72_bridge_composite,B_to_C_to_A,unsigned_side_gap,t0,0,-0.2851638256794869,-0.2942653930239688,0.00910156734448188,0.21435712857428516,148,False
gmr72_phase_conditioned,gmr72_bridge_composite,B_to_C_to_A,unsigned_side_gap,t1,1,-0.284919746680775,-0.2964257983598785,0.01150605167910342,0.15456908618276344,140,False
gmr72_phase_conditioned,gmr72_bridge_composite,B_to_C_to_A,unsigned_side_gap,t2,2,-0.29012247261616214,-0.303388606198962,0.013266133582799922,0.1221755648870226,132,False
gmr72_phase_conditioned,gmr72_bridge_composite,B_to_C_to_A,unsigned_side_gap,tc,3,-0.248706049007804,-0.21840904872527866,-0.03029700028252536,0.9978004399120176,105,False
gmr72_phase_conditioned,gmr72_bridge_composite,B_to_C_to_A,unsigned_side_gap,tc_plus_k,4,-0.2906596542503883,-0.2824845820082993,-0.008175072242089052,0.8064387122575485,105,False
gmr72_phase_conditioned,gmr72_bridge_composite,B_to_C_to_A,polarity_magnitude_only,t0,0,-0.2851638256794869,-0.2942653930239688,0.00910156734448188,0.21415716856628675,148,False
gmr72_phase_conditioned,gmr72_bridge_composite,B_to_C_to_A,polarity_magnitude_only,t1,1,-0.284919746680775,-0.2964257983598785,0.01150605167910342,0.15596880623875226,140,False
gmr72_phase_conditioned,gmr72_bridge_composite,B_to_C_to_A,polarity_magnitude_only,t2,2,-0.29012247261616214,-0.303388606198962,0.013266133582799922,0.1267746450709858,132,False
gmr72_phase_conditioned,gmr72_bridge_composite,B_to_C_to_A,polarity_magnitude_only,tc,3,-0.248706049007804,-0.21840904872527866,-0.03029700028252536,0.997000599880024,105,False
gmr72_phase_conditioned,gmr72_bridge_composite,B_to_C_to_A,polarity_magnitude_only,tc_plus_k,4,-0.2906596542503883,-0.2824845820082993,-0.008175072242089052,0.8072385522895421,105,False
gmr72_phase_conditioned,gmr72_bridge_composite,B_to_C_to_A,receiver_side_only,t0,0,-0.2851638256794869,-0.29179493739077544,0.006631111711288638,0.2669466106778644,148,False
gmr72_phase_conditioned,gmr72_bridge_composite,B_to_C_to_A,receiver_side_only,t1,1,-0.284919746680775,-0.2937379038690517,0.008818157188276667,0.22435512897420515,140,False
gmr72_phase_conditioned,gmr72_bridge_composite,B_to_C_to_A,receiver_side_only,t2,2,-0.29012247261616214,-0.3019007620539375,0.011778289437775372,0.14677064587082583,132,False
gmr72_phase_conditioned,gmr72_bridge_composite,B_to_C_to_A,receiver_side_only,tc,3,-0.248706049007804,-0.20886522912159852,-0.03984081988620548,0.9998000399920016,105,False
gmr72_phase_conditioned,gmr72_bridge_composite,B_to_C_to_A,receiver_side_only,tc_plus_k,4,-0.2906596542503883,-0.286592900963731,-0.004066753286657313,0.6692661467706459,105,False
gmr72_phase_conditioned,gmr72_bridge_composite,B_to_C_to_A,giver_side_only,t0,0,-0.2851638256794869,-0.293851766281868,0.008687940602381086,0.22915416916616677,148,False
gmr72_phase_conditioned,gmr72_bridge_composite,B_to_C_to_A,giver_side_only,t1,1,-0.284919746680775,-0.29748455994041917,0.0125648132596441,0.14177164567086584,140,False
gmr72_phase_conditioned,gmr72_bridge_composite,B_to_C_to_A,giver_side_only,t2,2,-0.29012247261616214,-0.30506520466147674,0.014942732045314551,0.10297940411917617,132,False
gmr72_phase_conditioned,gmr72_bridge_composite,B_to_C_to_A,giver_side_only,tc,3,-0.248706049007804,-0.2197802637911249,-0.028925785216679115,0.9948010397920416,105,False
gmr72_phase_conditioned,gmr72_bridge_composite,B_to_C_to_A,giver_side_only,tc_plus_k,4,-0.2906596542503883,-0.28698025935809834,-0.0036793948922900365,0.6344731053789242,105,False
gmr72_phase_conditioned,gmr72_bridge_composite,B_to_C_to_A,standpoint_polarity_preserved,t0,0,-0.2851638256794869,-0.2950520064444471,0.009888180764960222,0.20455908818236354,148,False
gmr72_phase_conditioned,gmr72_bridge_composite,B_to_C_to_A,standpoint_polarity_preserved,t1,1,-0.284919746680775,-0.29705802676412696,0.012138280083351868,0.14537092581483704,140,False
gmr72_phase_conditioned,gmr72_bridge_composite,B_to_C_to_A,standpoint_polarity_preserved,t2,2,-0.29012247261616214,-0.3050420355151386,0.014919562898976458,0.10817836432713457,132,False
gmr72_phase_conditioned,gmr72_bridge_composite,B_to_C_to_A,standpoint_polarity_preserved,tc,3,-0.248706049007804,-0.20957375355171617,-0.0391322954560878,0.9994001199760048,105,False
gmr72_phase_conditioned,gmr72_bridge_composite,B_to_C_to_A,standpoint_polarity_preserved,tc_plus_k,4,-0.2906596542503883,-0.2938752553354606,0.0032156010850723092,0.38292341531693663,105,False
gmr72_phase_conditioned,gmr72_bridge_composite,B_to_C_to_A,standpoint_polarity_inverted,t0,0,-0.2851638256794869,-0.28955743883108187,0.004393613151595009,0.35132973405318935,148,False
gmr72_phase_conditioned,gmr72_bridge_composite,B_to_C_to_A,standpoint_polarity_inverted,t1,1,-0.284919746680775,-0.2931533364798934,0.008233589799118373,0.2403519296140772,140,False
gmr72_phase_conditioned,gmr72_bridge_composite,B_to_C_to_A,standpoint_polarity_inverted,t2,2,-0.29012247261616214,-0.30081652355092,0.010694050934757818,0.1911617676464707,132,False
gmr72_phase_conditioned,gmr72_bridge_composite,B_to_C_to_A,standpoint_polarity_inverted,tc,3,-0.248706049007804,-0.21965826766702828,-0.029047781340775732,0.9944011197760448,105,False
gmr72_phase_conditioned,gmr72_bridge_composite,B_to_C_to_A,standpoint_polarity_inverted,tc_plus_k,4,-0.2906596542503883,-0.2829729619141091,-0.007686692336279253,0.729254149170166,105,False
gmr72_phase_conditioned,gmr72_bridge_composite,B_to_C_to_A,ab_exchange_receiver_standpoint,t0,0,-0.2851638256794869,-0.2908773255919374,0.005713499912450599,0.2997400519896021,148,False
gmr72_phase_conditioned,gmr72_bridge_composite,B_to_C_to_A,ab_exchange_receiver_standpoint,t1,1,-0.284919746680775,-0.2932993764967208,0.00837962981594577,0.23255348930213957,140,False
gmr72_phase_conditioned,gmr72_bridge_composite,B_to_C_to_A,ab_exchange_receiver_standpoint,t2,2,-0.29012247261616214,-0.29935124233493104,0.009228769718768954,0.20815836832633472,132,False
gmr72_phase_conditioned,gmr72_bridge_composite,B_to_C_to_A,ab_exchange_receiver_standpoint,tc,3,-0.248706049007804,-0.21747213743618646,-0.031233911571617538,0.9996000799840032,105,False
gmr72_phase_conditioned,gmr72_bridge_composite,B_to_C_to_A,ab_exchange_receiver_standpoint,tc_plus_k,4,-0.2906596542503883,-0.2810095148367321,-0.009650139413656287,0.7894421115776845,105,False
gmr72_phase_conditioned,gmr72_bridge_composite,B_to_C_to_A,mirrored_receiver_standpoint,t0,0,-0.2851638256794869,-0.28680707929310423,0.0016432536136173498,0.4615076984603079,148,False
gmr72_phase_conditioned,gmr72_bridge_composite,B_to_C_to_A,mirrored_receiver_standpoint,t1,1,-0.284919746680775,-0.2898237920518772,0.004904045371102131,0.3515296940611878,140,False
gmr72_phase_conditioned,gmr72_bridge_composite,B_to_C_to_A,mirrored_receiver_standpoint,t2,2,-0.29012247261616214,-0.2972526331996509,0.007130160583488745,0.29374125174965005,132,False
gmr72_phase_conditioned,gmr72_bridge_composite,B_to_C_to_A,mirrored_receiver_standpoint,tc,3,-0.248706049007804,-0.20875801532690805,-0.03994803368089601,0.9996000799840032,105,False
gmr72_phase_conditioned,gmr72_bridge_composite,B_to_C_to_A,mirrored_receiver_standpoint,tc_plus_k,4,-0.2906596542503883,-0.2863673906051788,-0.004292263645209534,0.6396720655868826,105,False
gmr72_phase_conditioned,gmr72_bridge_composite,B_to_C_to_A,normalization_matched_receiver_standpoint,t0,0,-0.2851638256794869,-0.29688729155285415,0.01172346587336728,0.14077184563087383,148,False
gmr72_phase_conditioned,gmr72_bridge_composite,B_to_C_to_A,normalization_matched_receiver_standpoint,t1,1,-0.284919746680775,-0.2996801189902139,0.014760372309438925,0.09998000399920016,140,False
gmr72_phase_conditioned,gmr72_bridge_composite,B_to_C_to_A,normalization_matched_receiver_standpoint,t2,2,-0.29012247261616214,-0.3082049295829127,0.018082456966750548,0.05798840231953609,132,False
gmr72_phase_conditioned,gmr72_bridge_composite,B_to_C_to_A,normalization_matched_receiver_standpoint,tc,3,-0.248706049007804,-0.22510767356270348,-0.02359837544510054,0.9762047590481904,105,False
gmr72_phase_conditioned,gmr72_bridge_composite,B_to_C_to_A,normalization_matched_receiver_standpoint,tc_plus_k,4,-0.2906596542503883,-0.28601039043407567,-0.004649263816312641,0.6580683863227355,105,False
gmr72_phase_conditioned,gmr72_bridge_composite,B_to_C_to_A,reward_symmetry_control,t0,0,-0.2851638256794869,-0.2896881589170974,0.004524333237610571,0.34913017396520696,148,False
gmr72_phase_conditioned,gmr72_bridge_composite,B_to_C_to_A,reward_symmetry_control,t1,1,-0.284919746680775,-0.29233029991366855,0.007410553232893534,0.26454709058188364,140,False
gmr72_phase_conditioned,gmr72_bridge_composite,B_to_C_to_A,reward_symmetry_control,t2,2,-0.29012247261616214,-0.2994529781772467,0.009330505561084584,0.22895420915816836,132,False
gmr72_phase_conditioned,gmr72_bridge_composite,B_to_C_to_A,reward_symmetry_control,tc,3,-0.248706049007804,-0.2111265905500422,-0.03757945845776177,0.998000399920016,105,False
gmr72_phase_conditioned,gmr72_bridge_composite,B_to_C_to_A,reward_symmetry_control,tc_plus_k,4,-0.2906596542503883,-0.27724580587424613,-0.013413848376142236,0.8560287942411517,105,False
gmr72_phase_conditioned,gmr72_bridge_composite,B_to_C_to_A,endpoint_o1o2_reference,t0,0,-0.27924220181602927,-0.22511000810223386,-0.054132193713795476,1.0,143,False
gmr72_phase_conditioned,gmr72_bridge_composite,B_to_C_to_A,endpoint_o1o2_reference,t1,1,-0.27998351715891945,-0.23881911113659204,-0.041164406022327425,1.0,136,False
gmr72_phase_conditioned,gmr72_bridge_composite,B_to_C_to_A,endpoint_o1o2_reference,t2,2,-0.30343578057356807,-0.2625434548985422,-0.04089232567502585,0.9986002799440112,129,False
gmr72_phase_conditioned,gmr72_bridge_composite,B_to_C_to_A,endpoint_o1o2_reference,tc,3,-0.24755297083695374,-0.20454100379324558,-0.0430119670437082,0.9996000799840032,111,False
gmr72_phase_conditioned,gmr72_bridge_composite,B_to_C_to_A,endpoint_o1o2_reference,tc_plus_k,4,-0.2918161019199889,-0.2357162782045565,-0.05609982371543245,1.0,111,False
fes_string_conditioned,z_reward,A_to_C_to_B,unperturbed_baseline,t0,0,-0.7171138919674626,-0.6499278386624757,-0.06718605330498681,0.9604079184163168,148,False
fes_string_conditioned,z_reward,A_to_C_to_B,unperturbed_baseline,t1,1,-0.7232735567515745,-0.6507261686186776,-0.07254738813289678,0.9622075584883023,140,False
fes_string_conditioned,z_reward,A_to_C_to_B,unperturbed_baseline,t2,2,-0.7302727463476851,-0.6699971976430311,-0.06027554870465403,0.9258148370325935,132,False
fes_string_conditioned,z_reward,A_to_C_to_B,unperturbed_baseline,tc,3,-0.6088303055976173,-0.5823419063173404,-0.026488399280276922,0.7328534293141372,105,False
fes_string_conditioned,z_reward,A_to_C_to_B,unperturbed_baseline,tc_plus_k,4,-0.8068620100202294,-0.7410747138131211,-0.0657872962071082,0.9606078784243152,105,False
fes_string_conditioned,z_reward,A_to_C_to_B,sham_perturbation,t0,0,-0.7171138919674626,-0.6499278386624757,-0.06718605330498681,0.9564087182563488,148,False
fes_string_conditioned,z_reward,A_to_C_to_B,sham_perturbation,t1,1,-0.7232735567515745,-0.6507261686186776,-0.07254738813289678,0.9640071985602879,140,False
fes_string_conditioned,z_reward,A_to_C_to_B,sham_perturbation,t2,2,-0.7302727463476851,-0.6699971976430311,-0.06027554870465403,0.9280143971205759,132,False
fes_string_conditioned,z_reward,A_to_C_to_B,sham_perturbation,tc,3,-0.6088303055976173,-0.5823419063173404,-0.026488399280276922,0.733253349330134,105,False
fes_string_conditioned,z_reward,A_to_C_to_B,sham_perturbation,tc_plus_k,4,-0.8068620100202294,-0.7410747138131211,-0.0657872962071082,0.9620075984803039,105,False
fes_string_conditioned,z_reward,A_to_C_to_B,receiver_standpoint_reconstruction,t0,0,-0.7171138919674626,-0.6499278386624757,-0.06718605330498681,0.9556088782243551,148,False
fes_string_conditioned,z_reward,A_to_C_to_B,receiver_standpoint_reconstruction,t1,1,-0.7232735567515745,-0.6507261686186776,-0.07254738813289678,0.9640071985602879,140,False
fes_string_conditioned,z_reward,A_to_C_to_B,receiver_standpoint_reconstruction,t2,2,-0.7302727463476851,-0.6699971976430311,-0.06027554870465403,0.9232153569286142,132,False
fes_string_conditioned,z_reward,A_to_C_to_B,receiver_standpoint_reconstruction,tc,3,-0.6088303055976173,-0.5823419063173404,-0.026488399280276922,0.7344531093781244,105,False
fes_string_conditioned,z_reward,A_to_C_to_B,receiver_standpoint_reconstruction,tc_plus_k,4,-0.8068620100202294,-0.7410747138131211,-0.0657872962071082,0.9552089582083584,105,False
fes_string_conditioned,z_reward,A_to_C_to_B,receiver_standpoint_reconstruction_shuffled,t0,0,-0.7171138919674626,-0.7643132482589077,0.04719935629144509,0.0639872025594881,148,False
fes_string_conditioned,z_reward,A_to_C_to_B,receiver_standpoint_reconstruction_shuffled,t1,1,-0.7232735567515745,-0.754199148448792,0.030925591697217605,0.1757648470305939,140,False
fes_string_conditioned,z_reward,A_to_C_to_B,receiver_standpoint_reconstruction_shuffled,t2,2,-0.7302727463476851,-0.7714808503051208,0.04120810395743584,0.08738252349530094,132,False
fes_string_conditioned,z_reward,A_to_C_to_B,receiver_standpoint_reconstruction_shuffled,tc,3,-0.6088303055976173,-0.6179376874410794,0.0091073818434621,0.34233153369326136,105,False
fes_string_conditioned,z_reward,A_to_C_to_B,receiver_standpoint_reconstruction_shuffled,tc_plus_k,4,-0.8068620100202294,-0.7975588702305249,-0.009303139789704522,0.6114777044591082,105,False
fes_string_conditioned,z_reward,A_to_C_to_B,mapping_inversion,t0,0,-0.7171138919674626,-0.677888243536201,-0.03922564843126157,0.8158368326334733,148,False
fes_string_conditioned,z_reward,A_to_C_to_B,mapping_inversion,t1,1,-0.7232735567515745,-0.6801170732698644,-0.04315648348171,0.8322335532893421,140,False
fes_string_conditioned,z_reward,A_to_C_to_B,mapping_inversion,t2,2,-0.7302727463476851,-0.7002288480934189,-0.030043898254266167,0.7426514697060588,132,False
fes_string_conditioned,z_reward,A_to_C_to_B,mapping_inversion,tc,3,-0.6088303055976173,-0.5527182691894676,-0.05611203640814967,0.8374325134973005,105,False
fes_string_conditioned,z_reward,A_to_C_to_B,mapping_inversion,tc_plus_k,4,-0.8068620100202294,-0.8249282576288338,0.018066247608604466,0.3209358128374325,105,False
fes_string_conditioned,z_reward,A_to_C_to_B,side_shuffle,t0,0,-0.7171138919674626,-0.7374090971953364,0.020295205227873883,0.22215556888622276,148,False
fes_string_conditioned,z_reward,A_to_C_to_B,side_shuffle,t1,1,-0.7232735567515745,-0.7381041634620022,0.014830606710427803,0.3069386122775445,140,False
fes_string_conditioned,z_reward,A_to_C_to_B,side_shuffle,t2,2,-0.7302727463476851,-0.7439891784918702,0.013716432144185026,0.3079384123175365,132,False
fes_string_conditioned,z_reward,A_to_C_to_B,side_shuffle,tc,3,-0.6088303055976173,-0.6057347751727908,-0.0030955304248264544,0.5568886222755449,105,False
fes_string_conditioned,z_reward,A_to_C_to_B,side_shuffle,tc_plus_k,4,-0.8068620100202294,-0.8277710297385578,0.020909019718328387,0.27454509098180363,105,False
fes_string_conditioned,z_reward,A_to_C_to_B,unsigned_side_gap,t0,0,-0.7171138919674626,-0.6938888199391788,-0.02322507202828368,0.7688462307538493,148,False
fes_string_conditioned,z_reward,A_to_C_to_B,unsigned_side_gap,t1,1,-0.7232735567515745,-0.6953776175182154,-0.027895939233359108,0.8110377924415118,140,False
fes_string_conditioned,z_reward,A_to_C_to_B,unsigned_side_gap,t2,2,-0.7302727463476851,-0.7059456142653652,-0.024327132082320044,0.7630473905218956,132,False
fes_string_conditioned,z_reward,A_to_C_to_B,unsigned_side_gap,tc,3,-0.6088303055976173,-0.6031531944945845,-0.005677111103032764,0.5870825834833033,105,False
fes_string_conditioned,z_reward,A_to_C_to_B,unsigned_side_gap,tc_plus_k,4,-0.8068620100202294,-0.7943213364602238,-0.012540673560005383,0.6480703859228154,105,False
fes_string_conditioned,z_reward,A_to_C_to_B,polarity_magnitude_only,t0,0,-0.7171138919674626,-0.6938888199391788,-0.02322507202828368,0.7752449510097981,148,False
fes_string_conditioned,z_reward,A_to_C_to_B,polarity_magnitude_only,t1,1,-0.7232735567515745,-0.6953776175182154,-0.027895939233359108,0.8062387522495501,140,False
fes_string_conditioned,z_reward,A_to_C_to_B,polarity_magnitude_only,t2,2,-0.7302727463476851,-0.7059456142653652,-0.024327132082320044,0.7624475104979004,132,False
fes_string_conditioned,z_reward,A_to_C_to_B,polarity_magnitude_only,tc,3,-0.6088303055976173,-0.6031531944945845,-0.005677111103032764,0.5850829834033193,105,False
fes_string_conditioned,z_reward,A_to_C_to_B,polarity_magnitude_only,tc_plus_k,4,-0.8068620100202294,-0.7943213364602238,-0.012540673560005383,0.6442711457708459,105,False
fes_string_conditioned,z_reward,A_to_C_to_B,receiver_side_only,t0,0,-0.7171138919674626,-0.6863873681984799,-0.030726523768982605,0.8284343131373725,148,False
fes_string_conditioned,z_reward,A_to_C_to_B,receiver_side_only,t1,1,-0.7232735567515745,-0.6907812466084563,-0.03249231014311811,0.8436312737452509,140,False
fes_string_conditioned,z_reward,A_to_C_to_B,receiver_side_only,t2,2,-0.7302727463476851,-0.7094616164146986,-0.020811129932986394,0.728254349130174,132,False
fes_string_conditioned,z_reward,A_to_C_to_B,receiver_side_only,tc,3,-0.6088303055976173,-0.6259218194036634,0.017091513806046055,0.28014397120575885,105,False
fes_string_conditioned,z_reward,A_to_C_to_B,receiver_side_only,tc_plus_k,4,-0.8068620100202294,-0.7848748932120152,-0.021987116808214205,0.737252549490102,105,False
fes_string_conditioned,z_reward,A_to_C_to_B,giver_side_only,t0,0,-0.7171138919674626,-0.6801367090378777,-0.03697718292958481,0.850629874025195,148,False
fes_string_conditioned,z_reward,A_to_C_to_B,giver_side_only,t1,1,-0.7232735567515745,-0.68042166216117,-0.0428518945904045,0.891621675664867,140,False
fes_string_conditioned,z_reward,A_to_C_to_B,giver_side_only,t2,2,-0.7302727463476851,-0.7010609779509204,-0.02921176839676485,0.7878424315136973,132,False
fes_string_conditioned,z_reward,A_to_C_to_B,giver_side_only,tc,3,-0.6088303055976173,-0.5975543757564007,-0.011275929841216606,0.6452709458108379,105,False
fes_string_conditioned,z_reward,A_to_C_to_B,giver_side_only,tc_plus_k,4,-0.8068620100202294,-0.8119070501909716,0.005045040170742267,0.4513097380523895,105,False
fes_string_conditioned,z_reward,A_to_C_to_B,standpoint_polarity_preserved,t0,0,-0.7171138919674626,-0.6616344136890436,-0.055479478278418766,0.9600079984003199,148,False
fes_string_conditioned,z_reward,A_to_C_to_B,standpoint_polarity_preserved,t1,1,-0.7232735567515745,-0.6657904342417311,-0.057483122509843214,0.9616076784643072,140,False
fes_string_conditioned,z_reward,A_to_C_to_B,standpoint_polarity_preserved,t2,2,-0.7302727463476851,-0.6858843303263854,-0.044388416021299615,0.9060187962407519,132,False
fes_string_conditioned,z_reward,A_to_C_to_B,standpoint_polarity_preserved,tc,3,-0.6088303055976173,-0.624862655180132,0.016032349582514697,0.31333733253349333,105,False
fes_string_conditioned,z_reward,A_to_C_to_B,standpoint_polarity_preserved,tc_plus_k,4,-0.8068620100202294,-0.7550430675227803,-0.05181894249744914,0.9506098780243951,105,False
fes_string_conditioned,z_reward,A_to_C_to_B,standpoint_polarity_inverted,t0,0,-0.7171138919674626,-0.6812867903013408,-0.035827101666121776,0.8490301939612077,148,False
fes_string_conditioned,z_reward,A_to_C_to_B,standpoint_polarity_inverted,t1,1,-0.7232735567515745,-0.68237508330507,-0.04089847344650428,0.8574285142971406,140,False
fes_string_conditioned,z_reward,A_to_C_to_B,standpoint_polarity_inverted,t2,2,-0.7302727463476851,-0.7045860512413048,-0.025686695106380223,0.7536492701459708,132,False
fes_string_conditioned,z_reward,A_to_C_to_B,standpoint_polarity_inverted,tc,3,-0.6088303055976173,-0.5756636369258913,-0.033166668671725935,0.8304339132173565,105,False
fes_string_conditioned,z_reward,A_to_C_to_B,standpoint_polarity_inverted,tc_plus_k,4,-0.8068620100202294,-0.8037434573173348,-0.0031185527028946966,0.5394921015796841,105,False
fes_string_conditioned,z_reward,A_to_C_to_B,ab_exchange_receiver_standpoint,t0,0,-0.7171138919674626,-0.6701317627027523,-0.04698212926471025,0.8792241551689662,148,False
fes_string_conditioned,z_reward,A_to_C_to_B,ab_exchange_receiver_standpoint,t1,1,-0.7232735567515745,-0.669791936573589,-0.05348162017798547,0.9042191561687662,140,False
fes_string_conditioned,z_reward,A_to_C_to_B,ab_exchange_receiver_standpoint,t2,2,-0.7302727463476851,-0.687375393541516,-0.04289735280616909,0.830633873225355,132,False
fes_string_conditioned,z_reward,A_to_C_to_B,ab_exchange_receiver_standpoint,tc,3,-0.6088303055976173,-0.5683448343218999,-0.040485471275717444,0.8182363527294542,105,False
fes_string_conditioned,z_reward,A_to_C_to_B,ab_exchange_receiver_standpoint,tc_plus_k,4,-0.8068620100202294,-0.838586527564733,0.03172451754450369,0.21975604879024196,105,False
fes_string_conditioned,z_reward,A_to_C_to_B,mirrored_receiver_standpoint,t0,0,-0.7171138919674626,-0.6678280351304412,-0.04928585683702129,0.9072185562887423,148,False
fes_string_conditioned,z_reward,A_to_C_to_B,mirrored_receiver_standpoint,t1,1,-0.7232735567515745,-0.6724371672537365,-0.050836389497837864,0.9006198760247951,140,False
fes_string_conditioned,z_reward,A_to_C_to_B,mirrored_receiver_standpoint,t2,2,-0.7302727463476851,-0.6971549320381689,-0.03311781430951612,0.8010397920415917,132,False
fes_string_conditioned,z_reward,A_to_C_to_B,mirrored_receiver_standpoint,tc,3,-0.6088303055976173,-0.608070049780068,-0.0007602558175492284,0.5202959408118376,105,False
fes_string_conditioned,z_reward,A_to_C_to_B,mirrored_receiver_standpoint,tc_plus_k,4,-0.8068620100202294,-0.7606812021525812,-0.04618080786764832,0.8970205958808238,105,False
fes_string_conditioned,z_reward,A_to_C_to_B,normalization_matched_receiver_standpoint,t0,0,-0.7171138919674626,-0.7041033308260514,-0.013010561141411144,0.6402719456108779,148,False
fes_string_conditioned,z_reward,A_to_C_to_B,normalization_matched_receiver_standpoint,t1,1,-0.7232735567515745,-0.7013735490768298,-0.021900007674744672,0.7304539092181563,140,False
fes_string_conditioned,z_reward,A_to_C_to_B,normalization_matched_receiver_standpoint,t2,2,-0.7302727463476851,-0.7146344896696619,-0.01563825667802321,0.6802639472105579,132,False
fes_string_conditioned,z_reward,A_to_C_to_B,normalization_matched_receiver_standpoint,tc,3,-0.6088303055976173,-0.6246181733618892,0.015787867764271744,0.3113377324535093,105,False
fes_string_conditioned,z_reward,A_to_C_to_B,normalization_matched_receiver_standpoint,tc_plus_k,4,-0.8068620100202294,-0.7784691881938508,-0.028392821826378693,0.7752449510097981,105,False
fes_string_conditioned,z_reward,A_to_C_to_B,reward_symmetry_control,t0,0,-0.7171138919674626,-0.6549425556012104,-0.06217133636625217,0.9260147970405919,148,False
fes_string_conditioned,z_reward,A_to_C_to_B,reward_symmetry_control,t1,1,-0.7232735567515745,-0.6582393968374278,-0.06503415991414653,0.9294141171765646,140,False
fes_string_conditioned,z_reward,A_to_C_to_B,reward_symmetry_control,t2,2,-0.7302727463476851,-0.6810984436383144,-0.049174302709370704,0.8640271945610878,132,False
fes_string_conditioned,z_reward,A_to_C_to_B,reward_symmetry_control,tc,3,-0.6088303055976173,-0.627982916798787,0.019152611201169845,0.26914617076584685,105,False
fes_string_conditioned,z_reward,A_to_C_to_B,reward_symmetry_control,tc_plus_k,4,-0.8068620100202294,-0.7576491192388688,-0.049212890781360666,0.8936212757448511,105,False
fes_string_conditioned,z_reward,A_to_C_to_B,endpoint_o1o2_reference,t0,0,-0.6953254403082062,-0.3407003750843552,-0.35462506522385084,1.0,143,False
fes_string_conditioned,z_reward,A_to_C_to_B,endpoint_o1o2_reference,t1,1,-0.7137413612918827,-0.47532803271143986,-0.2384133285804428,1.0,136,False
fes_string_conditioned,z_reward,A_to_C_to_B,endpoint_o1o2_reference,t2,2,-0.7478403249027538,-0.4010479972341625,-0.34679232766859125,1.0,129,False
fes_string_conditioned,z_reward,A_to_C_to_B,endpoint_o1o2_reference,tc,3,-0.7025588567609962,-0.3021439431423991,-0.4004149136185968,1.0,111,False
fes_string_conditioned,z_reward,A_to_C_to_B,endpoint_o1o2_reference,tc_plus_k,4,-0.7340455090223236,-0.45357810483260697,-0.28046740418971644,1.0,111,False
fes_string_conditioned,z_reward,B_to_C_to_A,unperturbed_baseline,t0,0,-0.7548789208961597,-0.6701317627027523,-0.08474715819340757,0.99000199960008,148,False
fes_string_conditioned,z_reward,B_to_C_to_A,unperturbed_baseline,t1,1,-0.7540290684898926,-0.669791936573589,-0.08423713191630354,0.991001799640072,140,False
fes_string_conditioned,z_reward,B_to_C_to_A,unperturbed_baseline,t2,2,-0.7564892064932384,-0.687375393541516,-0.06911381295172248,0.9624075184963007,132,False
fes_string_conditioned,z_reward,B_to_C_to_A,unperturbed_baseline,tc,3,-0.694351047362395,-0.5683448343218999,-0.12600621304049492,1.0,105,False
fes_string_conditioned,z_reward,B_to_C_to_A,unperturbed_baseline,tc_plus_k,4,-0.8289734312388165,-0.838586527564733,0.009613096325916429,0.39212157568486306,105,False
fes_string_conditioned,z_reward,B_to_C_to_A,sham_perturbation,t0,0,-0.7548789208961597,-0.6701317627027523,-0.08474715819340757,0.9892021595680864,148,False
fes_string_conditioned,z_reward,B_to_C_to_A,sham_perturbation,t1,1,-0.7540290684898926,-0.669791936573589,-0.08423713191630354,0.9852029594081184,140,False
fes_string_conditioned,z_reward,B_to_C_to_A,sham_perturbation,t2,2,-0.7564892064932384,-0.687375393541516,-0.06911381295172248,0.9640071985602879,132,False
fes_string_conditioned,z_reward,B_to_C_to_A,sham_perturbation,tc,3,-0.694351047362395,-0.5683448343218999,-0.12600621304049492,0.9996000799840032,105,False
fes_string_conditioned,z_reward,B_to_C_to_A,sham_perturbation,tc_plus_k,4,-0.8289734312388165,-0.838586527564733,0.009613096325916429,0.3877224555088982,105,False
fes_string_conditioned,z_reward,B_to_C_to_A,receiver_standpoint_reconstruction,t0,0,-0.7548789208961597,-0.6701317627027523,-0.08474715819340757,0.9878024395120976,148,False
fes_string_conditioned,z_reward,B_to_C_to_A,receiver_standpoint_reconstruction,t1,1,-0.7540290684898926,-0.669791936573589,-0.08423713191630354,0.9902019596080783,140,False
fes_string_conditioned,z_reward,B_to_C_to_A,receiver_standpoint_reconstruction,t2,2,-0.7564892064932384,-0.687375393541516,-0.06911381295172248,0.9612077584483103,132,False
fes_string_conditioned,z_reward,B_to_C_to_A,receiver_standpoint_reconstruction,tc,3,-0.694351047362395,-0.5683448343218999,-0.12600621304049492,0.9998000399920016,105,False
fes_string_conditioned,z_reward,B_to_C_to_A,receiver_standpoint_reconstruction,tc_plus_k,4,-0.8289734312388165,-0.838586527564733,0.009613096325916429,0.39692061587682465,105,False
fes_string_conditioned,z_reward,B_to_C_to_A,receiver_standpoint_reconstruction_shuffled,t0,0,-0.7548789208961597,-0.669700225214508,-0.08517869568165176,0.9992001599680064,148,False
fes_string_conditioned,z_reward,B_to_C_to_A,receiver_standpoint_reconstruction_shuffled,t1,1,-0.7540290684898926,-0.687692868130466,-0.06633620035942649,0.98000399920016,140,False
fes_string_conditioned,z_reward,B_to_C_to_A,receiver_standpoint_reconstruction_shuffled,t2,2,-0.7564892064932384,-0.7352023436601788,-0.021286862833059625,0.7468506298740252,132,False
fes_string_conditioned,z_reward,B_to_C_to_A,receiver_standpoint_reconstruction_shuffled,tc,3,-0.694351047362395,-0.5808248269394735,-0.11352622042292136,1.0,105,False
fes_string_conditioned,z_reward,B_to_C_to_A,receiver_standpoint_reconstruction_shuffled,tc_plus_k,4,-0.8289734312388165,-0.785291147263317,-0.043682283975499676,0.9518096380723855,105,False
fes_string_conditioned,z_reward,B_to_C_to_A,mapping_inversion,t0,0,-0.7548789208961597,-0.6768272315500973,-0.07805168934606252,0.9778044391121775,148,False
fes_string_conditioned,z_reward,B_to_C_to_A,mapping_inversion,t1,1,-0.7540290684898926,-0.678995432027412,-0.07503363646248047,0.9706058788242351,140,False
fes_string_conditioned,z_reward,B_to_C_to_A,mapping_inversion,t2,2,-0.7564892064932384,-0.7002288480934189,-0.05626035839981953,0.9142171565686863,132,False
fes_string_conditioned,z_reward,B_to_C_to_A,mapping_inversion,tc,3,-0.694351047362395,-0.5557093125026741,-0.13864173485972073,0.9998000399920016,105,False
fes_string_conditioned,z_reward,B_to_C_to_A,mapping_inversion,tc_plus_k,4,-0.8289734312388165,-0.8249282576288338,-0.004045173609982786,0.5596880623875224,105,False
fes_string_conditioned,z_reward,B_to_C_to_A,side_shuffle,t0,0,-0.7548789208961597,-0.7558268839683259,0.000947963072166047,0.48250349930013997,148,False
fes_string_conditioned,z_reward,B_to_C_to_A,side_shuffle,t1,1,-0.7540290684898926,-0.7399852448543316,-0.01404382363556095,0.7234553089382123,140,False
fes_string_conditioned,z_reward,B_to_C_to_A,side_shuffle,t2,2,-0.7564892064932384,-0.7496109886221243,-0.006878217871114147,0.6012797440511898,132,False
fes_string_conditioned,z_reward,B_to_C_to_A,side_shuffle,tc,3,-0.694351047362395,-0.6053196490970029,-0.08903139826539193,1.0,105,False
fes_string_conditioned,z_reward,B_to_C_to_A,side_shuffle,tc_plus_k,4,-0.8289734312388165,-0.801519597012633,-0.02745383422618369,0.848630273945211,105,False
fes_string_conditioned,z_reward,B_to_C_to_A,unsigned_side_gap,t0,0,-0.7548789208961597,-0.6938888199391788,-0.06099010095698099,0.9836032793441312,148,False
fes_string_conditioned,z_reward,B_to_C_to_A,unsigned_side_gap,t1,1,-0.7540290684898926,-0.6953776175182154,-0.0586514509716772,0.9802039592081584,140,False
fes_string_conditioned,z_reward,B_to_C_to_A,unsigned_side_gap,t2,2,-0.7564892064932384,-0.7059456142653652,-0.05054359222787341,0.9566086782643471,132,False
fes_string_conditioned,z_reward,B_to_C_to_A,unsigned_side_gap,tc,3,-0.694351047362395,-0.6031531944945845,-0.09119785286781025,0.9994001199760048,105,False
fes_string_conditioned,z_reward,B_to_C_to_A,unsigned_side_gap,tc_plus_k,4,-0.8289734312388165,-0.7943213364602238,-0.03465209477859264,0.9062187562487503,105,False
fes_string_conditioned,z_reward,B_to_C_to_A,polarity_magnitude_only,t0,0,-0.7548789208961597,-0.6938888199391788,-0.06099010095698099,0.9802039592081584,148,False
fes_string_conditioned,z_reward,B_to_C_to_A,polarity_magnitude_only,t1,1,-0.7540290684898926,-0.6953776175182154,-0.0586514509716772,0.9772045590881824,140,False
fes_string_conditioned,z_reward,B_to_C_to_A,polarity_magnitude_only,t2,2,-0.7564892064932384,-0.7059456142653652,-0.05054359222787341,0.9580083983203359,132,False
fes_string_conditioned,z_reward,B_to_C_to_A,polarity_magnitude_only,tc,3,-0.694351047362395,-0.6031531944945845,-0.09119785286781025,0.9998000399920016,105,False
fes_string_conditioned,z_reward,B_to_C_to_A,polarity_magnitude_only,tc_plus_k,4,-0.8289734312388165,-0.7943213364602238,-0.03465209477859264,0.9028194361127775,105,False
fes_string_conditioned,z_reward,B_to_C_to_A,receiver_side_only,t0,0,-0.7548789208961597,-0.6801367090378777,-0.07474221185828213,0.9934013197360528,148,False
fes_string_conditioned,z_reward,B_to_C_to_A,receiver_side_only,t1,1,-0.7540290684898926,-0.68042166216117,-0.07360740632872259,0.9914017196560688,140,False
fes_string_conditioned,z_reward,B_to_C_to_A,receiver_side_only,t2,2,-0.7564892064932384,-0.7010609779509204,-0.05542822854231822,0.9640071985602879,132,False
fes_string_conditioned,z_reward,B_to_C_to_A,receiver_side_only,tc,3,-0.694351047362395,-0.5975543757564007,-0.09679667160599409,0.9998000399920016,105,False
fes_string_conditioned,z_reward,B_to_C_to_A,receiver_side_only,tc_plus_k,4,-0.8289734312388165,-0.8119070501909716,-0.017066381047844987,0.7430513897220556,105,False
fes_string_conditioned,z_reward,B_to_C_to_A,giver_side_only,t0,0,-0.7548789208961597,-0.6863873681984799,-0.06849155269767992,0.9878024395120976,148,False
fes_string_conditioned,z_reward,B_to_C_to_A,giver_side_only,t1,1,-0.7540290684898926,-0.6907812466084563,-0.0632478218814362,0.9776044791041791,140,False
fes_string_conditioned,z_reward,B_to_C_to_A,giver_side_only,t2,2,-0.7564892064932384,-0.7094616164146986,-0.04702759007853978,0.9360127974405119,132,False
fes_string_conditioned,z_reward,B_to_C_to_A,giver_side_only,tc,3,-0.694351047362395,-0.6259218194036634,-0.06842922795873142,0.9938012397520496,105,False
fes_string_conditioned,z_reward,B_to_C_to_A,giver_side_only,tc_plus_k,4,-0.8289734312388165,-0.7848748932120152,-0.04409853802680146,0.9402119576084783,105,False
fes_string_conditioned,z_reward,B_to_C_to_A,standpoint_polarity_preserved,t0,0,-0.7548789208961597,-0.6812867903013408,-0.07359213059481907,0.9828034393121375,148,False
fes_string_conditioned,z_reward,B_to_C_to_A,standpoint_polarity_preserved,t1,1,-0.7540290684898926,-0.68237508330507,-0.07165398518482237,0.9792041591681664,140,False
fes_string_conditioned,z_reward,B_to_C_to_A,standpoint_polarity_preserved,t2,2,-0.7564892064932384,-0.7045860512413048,-0.0519031552519336,0.9300139972005599,132,False
fes_string_conditioned,z_reward,B_to_C_to_A,standpoint_polarity_preserved,tc,3,-0.694351047362395,-0.5756636369258913,-0.11868741043650341,0.9998000399920016,105,False
fes_string_conditioned,z_reward,B_to_C_to_A,standpoint_polarity_preserved,tc_plus_k,4,-0.8289734312388165,-0.8037434573173348,-0.025229973921481953,0.7998400319936013,105,False
fes_string_conditioned,z_reward,B_to_C_to_A,standpoint_polarity_inverted,t0,0,-0.7548789208961597,-0.6616344136890436,-0.09324450720711608,0.9994001199760048,148,False
fes_string_conditioned,z_reward,B_to_C_to_A,standpoint_polarity_inverted,t1,1,-0.7540290684898926,-0.6657904342417311,-0.08823863424816132,0.9972005598880224,140,False
fes_string_conditioned,z_reward,B_to_C_to_A,standpoint_polarity_inverted,t2,2,-0.7564892064932384,-0.6858843303263854,-0.07060487616685297,0.9902019596080783,132,False
fes_string_conditioned,z_reward,B_to_C_to_A,standpoint_polarity_inverted,tc,3,-0.694351047362395,-0.624862655180132,-0.06948839218226277,0.9936012797440512,105,False
fes_string_conditioned,z_reward,B_to_C_to_A,standpoint_polarity_inverted,tc_plus_k,4,-0.8289734312388165,-0.7550430675227803,-0.0739303637160364,0.989002199560088,105,False
fes_string_conditioned,z_reward,B_to_C_to_A,ab_exchange_receiver_standpoint,t0,0,-0.7548789208961597,-0.6499278386624757,-0.10495108223368413,0.9992001599680064,148,False
fes_string_conditioned,z_reward,B_to_C_to_A,ab_exchange_receiver_standpoint,t1,1,-0.7540290684898926,-0.6507261686186776,-0.10330289987121488,0.9976004799040192,140,False
fes_string_conditioned,z_reward,B_to_C_to_A,ab_exchange_receiver_standpoint,t2,2,-0.7564892064932384,-0.6699971976430311,-0.0864920088502074,0.9896020795840832,132,False
fes_string_conditioned,z_reward,B_to_C_to_A,ab_exchange_receiver_standpoint,tc,3,-0.694351047362395,-0.5823419063173404,-0.11200914104505438,1.0,105,False
fes_string_conditioned,z_reward,B_to_C_to_A,ab_exchange_receiver_standpoint,tc_plus_k,4,-0.8289734312388165,-0.7410747138131211,-0.08789871742569545,0.9986002799440112,105,False
fes_string_conditioned,z_reward,B_to_C_to_A,mirrored_receiver_standpoint,t0,0,-0.7548789208961597,-0.6685215408684876,-0.08635738002767224,0.9934013197360528,148,False
fes_string_conditioned,z_reward,B_to_C_to_A,mirrored_receiver_standpoint,t1,1,-0.7540290684898926,-0.6731703018910997,-0.08085876659879264,0.991001799640072,140,False
fes_string_conditioned,z_reward,B_to_C_to_A,mirrored_receiver_standpoint,t2,2,-0.7564892064932384,-0.6971549320381689,-0.05933427445506949,0.9568086382723455,132,False
fes_string_conditioned,z_reward,B_to_C_to_A,mirrored_receiver_standpoint,tc,3,-0.694351047362395,-0.6061150240804326,-0.08823602328196217,0.9978004399120176,105,False
fes_string_conditioned,z_reward,B_to_C_to_A,mirrored_receiver_standpoint,tc_plus_k,4,-0.8289734312388165,-0.7606812021525812,-0.06829222908623556,0.97000599880024,105,False
fes_string_conditioned,z_reward,B_to_C_to_A,normalization_matched_receiver_standpoint,t0,0,-0.7548789208961597,-0.7336793768357563,-0.021199544060403454,0.749250149970006,148,False
fes_string_conditioned,z_reward,B_to_C_to_A,normalization_matched_receiver_standpoint,t1,1,-0.7540290684898926,-0.7377118942486766,-0.016317174241215836,0.6952609478104379,140,False
fes_string_conditioned,z_reward,B_to_C_to_A,normalization_matched_receiver_standpoint,t2,2,-0.7564892064932384,-0.7608152328614541,0.004326026368215704,0.4481103779244151,132,False
fes_string_conditioned,z_reward,B_to_C_to_A,normalization_matched_receiver_standpoint,tc,3,-0.694351047362395,-0.68807126086638,-0.006279786496014791,0.5916816636672666,105,False
fes_string_conditioned,z_reward,B_to_C_to_A,normalization_matched_receiver_standpoint,tc_plus_k,4,-0.8289734312388165,-0.824280282517544,-0.00469314872127262,0.5612877424515097,105,False
fes_string_conditioned,z_reward,B_to_C_to_A,reward_symmetry_control,t0,0,-0.7548789208961597,-0.6549425556012104,-0.09993636529494948,0.9974005198960207,148,False
fes_string_conditioned,z_reward,B_to_C_to_A,reward_symmetry_control,t1,1,-0.7540290684898926,-0.6582393968374278,-0.09578967165246463,0.9924015196960608,140,False
fes_string_conditioned,z_reward,B_to_C_to_A,reward_symmetry_control,t2,2,-0.7564892064932384,-0.6810984436383144,-0.07539076285492408,0.9698060387922416,132,False
fes_string_conditioned,z_reward,B_to_C_to_A,reward_symmetry_control,tc,3,-0.694351047362395,-0.627982916798787,-0.06636813056360764,0.9932013597280543,105,False
fes_string_conditioned,z_reward,B_to_C_to_A,reward_symmetry_control,tc_plus_k,4,-0.8289734312388165,-0.7576491192388688,-0.07132431199994793,0.9862027594481104,105,False
fes_string_conditioned,z_reward,B_to_C_to_A,endpoint_o1o2_reference,t0,0,-0.7177710160871563,-0.3407003750843552,-0.377070641002801,1.0,143,False
fes_string_conditioned,z_reward,B_to_C_to_A,endpoint_o1o2_reference,t1,1,-0.7896368910283168,-0.47532803271143986,-0.314308858316877,1.0,136,False
fes_string_conditioned,z_reward,B_to_C_to_A,endpoint_o1o2_reference,t2,2,-0.7763993749174389,-0.4010479972341625,-0.3753513776832764,1.0,129,False
fes_string_conditioned,z_reward,B_to_C_to_A,endpoint_o1o2_reference,tc,3,-0.7197035492358369,-0.3021439431423991,-0.41755960609343784,1.0,111,False
fes_string_conditioned,z_reward,B_to_C_to_A,endpoint_o1o2_reference,tc_plus_k,4,-0.7839397259604444,-0.45357810483260697,-0.3303616211278374,1.0,111,False
fes_string_conditioned,rank_reward,A_to_C_to_B,unperturbed_baseline,t0,0,-0.69341686120554,-0.6311028482100351,-0.06231401299550476,0.9676064787042592,148,False
fes_string_conditioned,rank_reward,A_to_C_to_B,unperturbed_baseline,t1,1,-0.6907855790361537,-0.6226466326507563,-0.06813894638539741,0.9764047190561888,140,False
fes_string_conditioned,rank_reward,A_to_C_to_B,unperturbed_baseline,t2,2,-0.6914957970654246,-0.6375401786775355,-0.05395561838788901,0.9386122775444911,132,False
fes_string_conditioned,rank_reward,A_to_C_to_B,unperturbed_baseline,tc,3,-0.6399208226254548,-0.5946050420798092,-0.045315780545645536,0.8298340331933614,105,False
fes_string_conditioned,rank_reward,A_to_C_to_B,unperturbed_baseline,tc_plus_k,4,-0.751886135689293,-0.6741890314302034,-0.07769710425908946,0.981003799240152,105,False
fes_string_conditioned,rank_reward,A_to_C_to_B,sham_perturbation,t0,0,-0.69341686120554,-0.6311028482100351,-0.06231401299550476,0.9712057588482303,148,False
fes_string_conditioned,rank_reward,A_to_C_to_B,sham_perturbation,t1,1,-0.6907855790361537,-0.6226466326507563,-0.06813894638539741,0.9806038792241552,140,False
fes_string_conditioned,rank_reward,A_to_C_to_B,sham_perturbation,t2,2,-0.6914957970654246,-0.6375401786775355,-0.05395561838788901,0.9388122375524895,132,False
fes_string_conditioned,rank_reward,A_to_C_to_B,sham_perturbation,tc,3,-0.6399208226254548,-0.5946050420798092,-0.045315780545645536,0.830633873225355,105,False
fes_string_conditioned,rank_reward,A_to_C_to_B,sham_perturbation,tc_plus_k,4,-0.751886135689293,-0.6741890314302034,-0.07769710425908946,0.9798040391921615,105,False
fes_string_conditioned,rank_reward,A_to_C_to_B,receiver_standpoint_reconstruction,t0,0,-0.69341686120554,-0.6311028482100351,-0.06231401299550476,0.9748050389922016,148,False
fes_string_conditioned,rank_reward,A_to_C_to_B,receiver_standpoint_reconstruction,t1,1,-0.6907855790361537,-0.6226466326507563,-0.06813894638539741,0.98000399920016,140,False
fes_string_conditioned,rank_reward,A_to_C_to_B,receiver_standpoint_reconstruction,t2,2,-0.6914957970654246,-0.6375401786775355,-0.05395561838788901,0.9438112377524495,132,False
fes_string_conditioned,rank_reward,A_to_C_to_B,receiver_standpoint_reconstruction,tc,3,-0.6399208226254548,-0.5946050420798092,-0.045315780545645536,0.8356328734253149,105,False
fes_string_conditioned,rank_reward,A_to_C_to_B,receiver_standpoint_reconstruction,tc_plus_k,4,-0.751886135689293,-0.6741890314302034,-0.07769710425908946,0.9768046390721855,105,False
fes_string_conditioned,rank_reward,A_to_C_to_B,receiver_standpoint_reconstruction_shuffled,t0,0,-0.69341686120554,-0.7456732352041339,0.05225637399859388,0.036392721455708855,148,True
fes_string_conditioned,rank_reward,A_to_C_to_B,receiver_standpoint_reconstruction_shuffled,t1,1,-0.6907855790361537,-0.7272976982958363,0.03651211925968272,0.11057788442311538,140,False
fes_string_conditioned,rank_reward,A_to_C_to_B,receiver_standpoint_reconstruction_shuffled,t2,2,-0.6914957970654246,-0.721189086548903,0.02969328948347827,0.16216756648670266,132,False
fes_string_conditioned,rank_reward,A_to_C_to_B,receiver_standpoint_reconstruction_shuffled,tc,3,-0.6399208226254548,-0.645238986113175,0.00531816348772017,0.42091581683663265,105,False
fes_string_conditioned,rank_reward,A_to_C_to_B,receiver_standpoint_reconstruction_shuffled,tc_plus_k,4,-0.751886135689293,-0.7511348620022454,-0.0007512736870475637,0.5040991801639672,105,False
fes_string_conditioned,rank_reward,A_to_C_to_B,mapping_inversion,t0,0,-0.69341686120554,-0.6553289950177017,-0.038087866187838305,0.8560287942411517,148,False
fes_string_conditioned,rank_reward,A_to_C_to_B,mapping_inversion,t1,1,-0.6907855790361537,-0.6480158613524102,-0.04276971768374343,0.875624875024995,140,False
fes_string_conditioned,rank_reward,A_to_C_to_B,mapping_inversion,t2,2,-0.6914957970654246,-0.6622848584600574,-0.02921093860536722,0.7704459108178364,132,False
fes_string_conditioned,rank_reward,A_to_C_to_B,mapping_inversion,tc,3,-0.6399208226254548,-0.5536568520753805,-0.08626397055007427,0.9520095980803839,105,False
fes_string_conditioned,rank_reward,A_to_C_to_B,mapping_inversion,tc_plus_k,4,-0.751886135689293,-0.7787234953680792,0.026837359678786154,0.23695260947810437,105,False
fes_string_conditioned,rank_reward,A_to_C_to_B,side_shuffle,t0,0,-0.69341686120554,-0.722706630633051,0.029289769427510937,0.121375724855029,148,False
fes_string_conditioned,rank_reward,A_to_C_to_B,side_shuffle,t1,1,-0.6907855790361537,-0.7127339062017692,0.021948327165615646,0.21475704859028194,140,False
fes_string_conditioned,rank_reward,A_to_C_to_B,side_shuffle,t2,2,-0.6914957970654246,-0.7096741678610666,0.01817837079564199,0.2561487702459508,132,False
fes_string_conditioned,rank_reward,A_to_C_to_B,side_shuffle,tc,3,-0.6399208226254548,-0.6397926193032752,-0.00012820332217960073,0.5016996600679864,105,False
fes_string_conditioned,rank_reward,A_to_C_to_B,side_shuffle,tc_plus_k,4,-0.751886135689293,-0.7746542333770167,0.02276809768772387,0.27214557088582286,105,False
fes_string_conditioned,rank_reward,A_to_C_to_B,unsigned_side_gap,t0,0,-0.69341686120554,-0.6768880068551805,-0.016528854350359615,0.7396520695860828,148,False
fes_string_conditioned,rank_reward,A_to_C_to_B,unsigned_side_gap,t1,1,-0.6907855790361537,-0.670590771894813,-0.02019480714134062,0.7580483903219356,140,False
fes_string_conditioned,rank_reward,A_to_C_to_B,unsigned_side_gap,t2,2,-0.6914957970654246,-0.6760994771008372,-0.015396319964587403,0.7180563887222555,132,False
fes_string_conditioned,rank_reward,A_to_C_to_B,unsigned_side_gap,tc,3,-0.6399208226254548,-0.610236746824323,-0.02968407580113176,0.8326334733053389,105,False
fes_string_conditioned,rank_reward,A_to_C_to_B,unsigned_side_gap,tc_plus_k,4,-0.751886135689293,-0.7617045007601979,0.009818365070904918,0.3887222555488902,105,False
fes_string_conditioned,rank_reward,A_to_C_to_B,polarity_magnitude_only,t0,0,-0.69341686120554,-0.6768880068551805,-0.016528854350359615,0.7298540291941612,148,False
fes_string_conditioned,rank_reward,A_to_C_to_B,polarity_magnitude_only,t1,1,-0.6907855790361537,-0.670590771894813,-0.02019480714134062,0.7790441911617676,140,False
fes_string_conditioned,rank_reward,A_to_C_to_B,polarity_magnitude_only,t2,2,-0.6914957970654246,-0.6760994771008372,-0.015396319964587403,0.6986602679464107,132,False
fes_string_conditioned,rank_reward,A_to_C_to_B,polarity_magnitude_only,tc,3,-0.6399208226254548,-0.610236746824323,-0.02968407580113176,0.8448310337932413,105,False
fes_string_conditioned,rank_reward,A_to_C_to_B,polarity_magnitude_only,tc_plus_k,4,-0.751886135689293,-0.7617045007601979,0.009818365070904918,0.39112177564487105,105,False
fes_string_conditioned,rank_reward,A_to_C_to_B,receiver_side_only,t0,0,-0.69341686120554,-0.658046436562555,-0.03537042464298514,0.8964207158568286,148,False
fes_string_conditioned,rank_reward,A_to_C_to_B,receiver_side_only,t1,1,-0.6907855790361537,-0.655736407411187,-0.03504917162496671,0.8894221155768847,140,False
fes_string_conditioned,rank_reward,A_to_C_to_B,receiver_side_only,t2,2,-0.6914957970654246,-0.6646881762946232,-0.02680762077080154,0.8216356728654269,132,False
fes_string_conditioned,rank_reward,A_to_C_to_B,receiver_side_only,tc,3,-0.6399208226254548,-0.6398054375741655,-0.0001153850512894157,0.5026994601079784,105,False
fes_string_conditioned,rank_reward,A_to_C_to_B,receiver_side_only,tc_plus_k,4,-0.751886135689293,-0.734565255937359,-0.017320879751934026,0.7046590681863627,105,False
fes_string_conditioned,rank_reward,A_to_C_to_B,giver_side_only,t0,0,-0.69341686120554,-0.6532178671013358,-0.04019899410420422,0.9120175964807039,148,False
fes_string_conditioned,rank_reward,A_to_C_to_B,giver_side_only,t1,1,-0.6907855790361537,-0.6450690859627258,-0.04571649307342787,0.9322135572885423,140,False
fes_string_conditioned,rank_reward,A_to_C_to_B,giver_side_only,t2,2,-0.6914957970654246,-0.6545635193111041,-0.036932277754320446,0.8860227954409118,132,False
fes_string_conditioned,rank_reward,A_to_C_to_B,giver_side_only,tc,3,-0.6399208226254548,-0.5918739353984568,-0.04804688722699799,0.9032193561287742,105,False
fes_string_conditioned,rank_reward,A_to_C_to_B,giver_side_only,tc_plus_k,4,-0.751886135689293,-0.7734106790102125,0.021524543320919656,0.2575484903019396,105,False
fes_string_conditioned,rank_reward,A_to_C_to_B,standpoint_polarity_preserved,t0,0,-0.69341686120554,-0.6305273724187125,-0.06288948878682747,0.9860027994401119,148,False
fes_string_conditioned,rank_reward,A_to_C_to_B,standpoint_polarity_preserved,t1,1,-0.6907855790361537,-0.6280209873465739,-0.0627645916895797,0.9866026794641072,140,False
fes_string_conditioned,rank_reward,A_to_C_to_B,standpoint_polarity_preserved,t2,2,-0.6914957970654246,-0.6399373715809344,-0.051558425484490286,0.9538092381523695,132,False
fes_string_conditioned,rank_reward,A_to_C_to_B,standpoint_polarity_preserved,tc,3,-0.6399208226254548,-0.6422332239255267,0.002312401300071904,0.47070585882823435,105,False
fes_string_conditioned,rank_reward,A_to_C_to_B,standpoint_polarity_preserved,tc_plus_k,4,-0.751886135689293,-0.6988312805850957,-0.053054855104197274,0.969006198760248,105,False
fes_string_conditioned,rank_reward,A_to_C_to_B,standpoint_polarity_inverted,t0,0,-0.69341686120554,-0.659760956981904,-0.0336559042236361,0.8504299140171966,148,False
fes_string_conditioned,rank_reward,A_to_C_to_B,standpoint_polarity_inverted,t1,1,-0.6907855790361537,-0.6526326788057712,-0.03815290023038234,0.8734253149370126,140,False
fes_string_conditioned,rank_reward,A_to_C_to_B,standpoint_polarity_inverted,t2,2,-0.6914957970654246,-0.6632466673550172,-0.02824912971040734,0.7962407518496301,132,False
fes_string_conditioned,rank_reward,A_to_C_to_B,standpoint_polarity_inverted,tc,3,-0.6399208226254548,-0.5782502700304734,-0.06167055259498158,0.9332133573285343,105,False
fes_string_conditioned,rank_reward,A_to_C_to_B,standpoint_polarity_inverted,tc_plus_k,4,-0.751886135689293,-0.7635694639619375,0.01168332827264457,0.3749250149970006,105,False
fes_string_conditioned,rank_reward,A_to_C_to_B,ab_exchange_receiver_standpoint,t0,0,-0.69341686120554,-0.6496849870595508,-0.04373187414598936,0.8964207158568286,148,False
fes_string_conditioned,rank_reward,A_to_C_to_B,ab_exchange_receiver_standpoint,t1,1,-0.6907855790361537,-0.6406654024060308,-0.05012017663012283,0.9128174365126974,140,False
fes_string_conditioned,rank_reward,A_to_C_to_B,ab_exchange_receiver_standpoint,t2,2,-0.6914957970654246,-0.6520543807621285,-0.03944141630329622,0.8528294341131774,132,False
fes_string_conditioned,rank_reward,A_to_C_to_B,ab_exchange_receiver_standpoint,tc,3,-0.6399208226254548,-0.5722616574011403,-0.06765916522431452,0.9370125974805039,105,False
fes_string_conditioned,rank_reward,A_to_C_to_B,ab_exchange_receiver_standpoint,tc_plus_k,4,-0.751886135689293,-0.8103849045371645,0.05849876884787151,0.0595880823835233,105,False
fes_string_conditioned,rank_reward,A_to_C_to_B,mirrored_receiver_standpoint,t0,0,-0.69341686120554,-0.6358733755451832,-0.05754348566035685,0.9622075584883023,148,False
fes_string_conditioned,rank_reward,A_to_C_to_B,mirrored_receiver_standpoint,t1,1,-0.6907855790361537,-0.6334267620921868,-0.05735881694396675,0.9574085182963408,140,False
fes_string_conditioned,rank_reward,A_to_C_to_B,mirrored_receiver_standpoint,t2,2,-0.6914957970654246,-0.6446339211923401,-0.04686187587308446,0.9230153969206158,132,False
fes_string_conditioned,rank_reward,A_to_C_to_B,mirrored_receiver_standpoint,tc,3,-0.6399208226254548,-0.5909808594079301,-0.048939963217524765,0.8970205958808238,105,False
fes_string_conditioned,rank_reward,A_to_C_to_B,mirrored_receiver_standpoint,tc_plus_k,4,-0.751886135689293,-0.7126242901176875,-0.039261845571605475,0.9020195960807839,105,False
fes_string_conditioned,rank_reward,A_to_C_to_B,normalization_matched_receiver_standpoint,t0,0,-0.69341686120554,-0.7046932458210522,0.011276384615512175,0.3597280543891222,148,False
fes_string_conditioned,rank_reward,A_to_C_to_B,normalization_matched_receiver_standpoint,t1,1,-0.6907855790361537,-0.6927934811250781,0.002007902088924412,0.48010397920415915,140,False
fes_string_conditioned,rank_reward,A_to_C_to_B,normalization_matched_receiver_standpoint,t2,2,-0.6914957970654246,-0.6951265688270287,0.0036307717616041223,0.45610877824435114,132,False
fes_string_conditioned,rank_reward,A_to_C_to_B,normalization_matched_receiver_standpoint,tc,3,-0.6399208226254548,-0.6477688143121213,0.007847991686666406,0.4065186962607478,105,False
fes_string_conditioned,rank_reward,A_to_C_to_B,normalization_matched_receiver_standpoint,tc_plus_k,4,-0.751886135689293,-0.7496386389323071,-0.002247496756985849,0.524495100979804,105,False
fes_string_conditioned,rank_reward,A_to_C_to_B,reward_symmetry_control,t0,0,-0.69341686120554,-0.639609272857274,-0.05380758834826624,0.9490101979604079,148,False
fes_string_conditioned,rank_reward,A_to_C_to_B,reward_symmetry_control,t1,1,-0.6907855790361537,-0.6358221250882483,-0.0549634539479053,0.9486102779444111,140,False
fes_string_conditioned,rank_reward,A_to_C_to_B,reward_symmetry_control,t2,2,-0.6914957970654246,-0.6489599424880219,-0.042535854577402825,0.890621875624875,132,False
fes_string_conditioned,rank_reward,A_to_C_to_B,reward_symmetry_control,tc,3,-0.6399208226254548,-0.6109355703521597,-0.028985252273295164,0.7814437112577485,105,False
fes_string_conditioned,rank_reward,A_to_C_to_B,reward_symmetry_control,tc_plus_k,4,-0.751886135689293,-0.6970314951888426,-0.05485464050045025,0.9502099580083984,105,False
fes_string_conditioned,rank_reward,A_to_C_to_B,endpoint_o1o2_reference,t0,0,-0.6899873503615288,-0.30634534229506155,-0.3836420080664672,1.0,143,False
fes_string_conditioned,rank_reward,A_to_C_to_B,endpoint_o1o2_reference,t1,1,-0.6740867455728438,-0.4072243561722722,-0.2668623894005715,1.0,136,False
fes_string_conditioned,rank_reward,A_to_C_to_B,endpoint_o1o2_reference,t2,2,-0.7224134770353543,-0.3397590856044498,-0.38265439143090463,1.0,129,False
fes_string_conditioned,rank_reward,A_to_C_to_B,endpoint_o1o2_reference,tc,3,-0.6607854206724181,-0.22066120494735816,-0.4401242157250599,1.0,111,False
fes_string_conditioned,rank_reward,A_to_C_to_B,endpoint_o1o2_reference,tc_plus_k,4,-0.7195526452915453,-0.384883225284399,-0.33466942000714617,1.0,111,False
fes_string_conditioned,rank_reward,B_to_C_to_A,unperturbed_baseline,t0,0,-0.7375508168128535,-0.6496849870595508,-0.08786582975330269,0.994001199760048,148,False
fes_string_conditioned,rank_reward,B_to_C_to_A,unperturbed_baseline,t1,1,-0.7251780352894687,-0.6406654024060308,-0.08451263288343783,0.9924015196960608,140,False
fes_string_conditioned,rank_reward,B_to_C_to_A,unperturbed_baseline,t2,2,-0.7181776566858521,-0.6520543807621285,-0.06612327592372363,0.9686062787442512,132,False
fes_string_conditioned,rank_reward,B_to_C_to_A,unperturbed_baseline,tc,3,-0.7249015569646899,-0.5722616574011403,-0.15263989956354948,1.0,105,False
fes_string_conditioned,rank_reward,B_to_C_to_A,unperturbed_baseline,tc_plus_k,4,-0.7718071926671772,-0.8103849045371645,0.038577711869987104,0.14317136572685463,105,False
fes_string_conditioned,rank_reward,B_to_C_to_A,sham_perturbation,t0,0,-0.7375508168128535,-0.6496849870595508,-0.08786582975330269,0.9952009598080384,148,False
fes_string_conditioned,rank_reward,B_to_C_to_A,sham_perturbation,t1,1,-0.7251780352894687,-0.6406654024060308,-0.08451263288343783,0.9924015196960608,140,False
fes_string_conditioned,rank_reward,B_to_C_to_A,sham_perturbation,t2,2,-0.7181776566858521,-0.6520543807621285,-0.06612327592372363,0.9716056788642271,132,False
fes_string_conditioned,rank_reward,B_to_C_to_A,sham_perturbation,tc,3,-0.7249015569646899,-0.5722616574011403,-0.15263989956354948,0.9998000399920016,105,False
fes_string_conditioned,rank_reward,B_to_C_to_A,sham_perturbation,tc_plus_k,4,-0.7718071926671772,-0.8103849045371645,0.038577711869987104,0.16296740651869626,105,False
fes_string_conditioned,rank_reward,B_to_C_to_A,receiver_standpoint_reconstruction,t0,0,-0.7375508168128535,-0.6496849870595508,-0.08786582975330269,0.9944011197760448,148,False
fes_string_conditioned,rank_reward,B_to_C_to_A,receiver_standpoint_reconstruction,t1,1,-0.7251780352894687,-0.6406654024060308,-0.08451263288343783,0.9924015196960608,140,False
fes_string_conditioned,rank_reward,B_to_C_to_A,receiver_standpoint_reconstruction,t2,2,-0.7181776566858521,-0.6520543807621285,-0.06612327592372363,0.9708058388322336,132,False
fes_string_conditioned,rank_reward,B_to_C_to_A,receiver_standpoint_reconstruction,tc,3,-0.7249015569646899,-0.5722616574011403,-0.15263989956354948,1.0,105,False
fes_string_conditioned,rank_reward,B_to_C_to_A,receiver_standpoint_reconstruction,tc_plus_k,4,-0.7718071926671772,-0.8103849045371645,0.038577711869987104,0.15336932613477305,105,False
fes_string_conditioned,rank_reward,B_to_C_to_A,receiver_standpoint_reconstruction_shuffled,t0,0,-0.7375508168128535,-0.6435970887058958,-0.09395372810695764,0.9988002399520096,148,False
fes_string_conditioned,rank_reward,B_to_C_to_A,receiver_standpoint_reconstruction_shuffled,t1,1,-0.7251780352894687,-0.6434604908243141,-0.08171754446515458,0.9962007598480304,140,False
fes_string_conditioned,rank_reward,B_to_C_to_A,receiver_standpoint_reconstruction_shuffled,t2,2,-0.7181776566858521,-0.6667285572835746,-0.051449099402277494,0.9548090381923615,132,False
fes_string_conditioned,rank_reward,B_to_C_to_A,receiver_standpoint_reconstruction_shuffled,tc,3,-0.7249015569646899,-0.567939002565418,-0.15696255439927187,1.0,105,False
fes_string_conditioned,rank_reward,B_to_C_to_A,receiver_standpoint_reconstruction_shuffled,tc_plus_k,4,-0.7718071926671772,-0.7318947001879323,-0.03991249247924495,0.9394121175764847,105,False
fes_string_conditioned,rank_reward,B_to_C_to_A,mapping_inversion,t0,0,-0.7375508168128535,-0.6562524088960134,-0.08129840791684001,0.9892021595680864,148,False
fes_string_conditioned,rank_reward,B_to_C_to_A,mapping_inversion,t1,1,-0.7251780352894687,-0.648992041738054,-0.07618599355141471,0.9852029594081184,140,False
fes_string_conditioned,rank_reward,B_to_C_to_A,mapping_inversion,t2,2,-0.7181776566858521,-0.6622848584600574,-0.055892798225794633,0.9336132773445311,132,False
fes_string_conditioned,rank_reward,B_to_C_to_A,mapping_inversion,tc,3,-0.7249015569646899,-0.5510537043803306,-0.17384785258435922,1.0,105,False
fes_string_conditioned,rank_reward,B_to_C_to_A,mapping_inversion,tc_plus_k,4,-0.7718071926671772,-0.7787234953680792,0.006916302700901767,0.4301139772045591,105,False
fes_string_conditioned,rank_reward,B_to_C_to_A,side_shuffle,t0,0,-0.7375508168128535,-0.734389679990851,-0.003161136822002334,0.5568886222755449,148,False
fes_string_conditioned,rank_reward,B_to_C_to_A,side_shuffle,t1,1,-0.7251780352894687,-0.7106362843294362,-0.014541750960032499,0.6944611077784443,140,False
fes_string_conditioned,rank_reward,B_to_C_to_A,side_shuffle,t2,2,-0.7181776566858521,-0.7077302787154298,-0.01044737797042213,0.6582683463307338,132,False
fes_string_conditioned,rank_reward,B_to_C_to_A,side_shuffle,tc,3,-0.7249015569646899,-0.638527734424591,-0.0863738225400989,0.998000399920016,105,False
fes_string_conditioned,rank_reward,B_to_C_to_A,side_shuffle,tc_plus_k,4,-0.7718071926671772,-0.7463782763000256,-0.02542891636715169,0.8242351529694061,105,False
fes_string_conditioned,rank_reward,B_to_C_to_A,unsigned_side_gap,t0,0,-0.7375508168128535,-0.6768880068551805,-0.060662809957672946,0.9852029594081184,148,False
fes_string_conditioned,rank_reward,B_to_C_to_A,unsigned_side_gap,t1,1,-0.7251780352894687,-0.670590771894813,-0.05458726339465561,0.9762047590481904,140,False
fes_string_conditioned,rank_reward,B_to_C_to_A,unsigned_side_gap,t2,2,-0.7181776566858521,-0.6760994771008372,-0.04207817958501482,0.9348130373925215,132,False
fes_string_conditioned,rank_reward,B_to_C_to_A,unsigned_side_gap,tc,3,-0.7249015569646899,-0.610236746824323,-0.1146648101403667,1.0,105,False
fes_string_conditioned,rank_reward,B_to_C_to_A,unsigned_side_gap,tc_plus_k,4,-0.7718071926671772,-0.7617045007601979,-0.01010269190697947,0.6302739452109578,105,False
fes_string_conditioned,rank_reward,B_to_C_to_A,polarity_magnitude_only,t0,0,-0.7375508168128535,-0.6768880068551805,-0.060662809957672946,0.9856028794241152,148,False
fes_string_conditioned,rank_reward,B_to_C_to_A,polarity_magnitude_only,t1,1,-0.7251780352894687,-0.670590771894813,-0.05458726339465561,0.9776044791041791,140,False
fes_string_conditioned,rank_reward,B_to_C_to_A,polarity_magnitude_only,t2,2,-0.7181776566858521,-0.6760994771008372,-0.04207817958501482,0.9350129974005199,132,False
fes_string_conditioned,rank_reward,B_to_C_to_A,polarity_magnitude_only,tc,3,-0.7249015569646899,-0.610236746824323,-0.1146648101403667,1.0,105,False
fes_string_conditioned,rank_reward,B_to_C_to_A,polarity_magnitude_only,tc_plus_k,4,-0.7718071926671772,-0.7617045007601979,-0.01010269190697947,0.6434713057388523,105,False
fes_string_conditioned,rank_reward,B_to_C_to_A,receiver_side_only,t0,0,-0.7375508168128535,-0.6532178671013358,-0.08433294971151754,0.9964007198560288,148,False
fes_string_conditioned,rank_reward,B_to_C_to_A,receiver_side_only,t1,1,-0.7251780352894687,-0.6450690859627258,-0.08010894932674287,0.9962007598480304,140,False
fes_string_conditioned,rank_reward,B_to_C_to_A,receiver_side_only,t2,2,-0.7181776566858521,-0.6545635193111041,-0.06361413737474787,0.9794041191761648,132,False
fes_string_conditioned,rank_reward,B_to_C_to_A,receiver_side_only,tc,3,-0.7249015569646899,-0.5918739353984568,-0.13302762156623296,0.9998000399920016,105,False
fes_string_conditioned,rank_reward,B_to_C_to_A,receiver_side_only,tc_plus_k,4,-0.7718071926671772,-0.7734106790102125,0.0016034863430352737,0.47270545890821836,105,False
fes_string_conditioned,rank_reward,B_to_C_to_A,giver_side_only,t0,0,-0.7375508168128535,-0.658046436562555,-0.07950438025029848,0.99500099980004,148,False
fes_string_conditioned,rank_reward,B_to_C_to_A,giver_side_only,t1,1,-0.7251780352894687,-0.655736407411187,-0.06944162787828172,0.9902019596080783,140,False
fes_string_conditioned,rank_reward,B_to_C_to_A,giver_side_only,t2,2,-0.7181776566858521,-0.6646881762946232,-0.053489480391228965,0.9622075584883023,132,False
fes_string_conditioned,rank_reward,B_to_C_to_A,giver_side_only,tc,3,-0.7249015569646899,-0.6398054375741655,-0.08509611939052437,0.9906018796240752,105,False
fes_string_conditioned,rank_reward,B_to_C_to_A,giver_side_only,tc_plus_k,4,-0.7718071926671772,-0.734565255937359,-0.037241936729818396,0.8960207958408318,105,False
fes_string_conditioned,rank_reward,B_to_C_to_A,standpoint_polarity_preserved,t0,0,-0.7375508168128535,-0.659760956981904,-0.07778985983094944,0.9904019196160768,148,False
fes_string_conditioned,rank_reward,B_to_C_to_A,standpoint_polarity_preserved,t1,1,-0.7251780352894687,-0.6526326788057712,-0.07254535648369734,0.9844031193761248,140,False
fes_string_conditioned,rank_reward,B_to_C_to_A,standpoint_polarity_preserved,t2,2,-0.7181776566858521,-0.6632466673550172,-0.054930989330834755,0.9478104379124175,132,False
fes_string_conditioned,rank_reward,B_to_C_to_A,standpoint_polarity_preserved,tc,3,-0.7249015569646899,-0.5782502700304734,-0.14665128693421656,1.0,105,False
fes_string_conditioned,rank_reward,B_to_C_to_A,standpoint_polarity_preserved,tc_plus_k,4,-0.7718071926671772,-0.7635694639619375,-0.008237728705239816,0.5990801839632074,105,False
fes_string_conditioned,rank_reward,B_to_C_to_A,standpoint_polarity_inverted,t0,0,-0.7375508168128535,-0.6305273724187125,-0.1070234443941408,0.9998000399920016,148,False
fes_string_conditioned,rank_reward,B_to_C_to_A,standpoint_polarity_inverted,t1,1,-0.7251780352894687,-0.6280209873465739,-0.09715704794289469,0.9984003199360127,140,False
fes_string_conditioned,rank_reward,B_to_C_to_A,standpoint_polarity_inverted,t2,2,-0.7181776566858521,-0.6399373715809344,-0.0782402851049177,0.9936012797440512,132,False
fes_string_conditioned,rank_reward,B_to_C_to_A,standpoint_polarity_inverted,tc,3,-0.7249015569646899,-0.6422332239255267,-0.08266833303916307,0.9876024795040992,105,False
fes_string_conditioned,rank_reward,B_to_C_to_A,standpoint_polarity_inverted,tc_plus_k,4,-0.7718071926671772,-0.6988312805850957,-0.07297591208208165,0.9872025594881024,105,False
fes_string_conditioned,rank_reward,B_to_C_to_A,ab_exchange_receiver_standpoint,t0,0,-0.7375508168128535,-0.6311028482100351,-0.10644796860281808,0.999000199960008,148,False
fes_string_conditioned,rank_reward,B_to_C_to_A,ab_exchange_receiver_standpoint,t1,1,-0.7251780352894687,-0.6226466326507563,-0.10253140263871237,0.9996000799840032,140,False
fes_string_conditioned,rank_reward,B_to_C_to_A,ab_exchange_receiver_standpoint,t2,2,-0.7181776566858521,-0.6375401786775355,-0.08063747800831644,0.9936012797440512,132,False
fes_string_conditioned,rank_reward,B_to_C_to_A,ab_exchange_receiver_standpoint,tc,3,-0.7249015569646899,-0.5946050420798092,-0.1302965148848805,0.9994001199760048,105,False
fes_string_conditioned,rank_reward,B_to_C_to_A,ab_exchange_receiver_standpoint,tc_plus_k,4,-0.7718071926671772,-0.6741890314302034,-0.09761816123697387,0.9992001599680064,105,False
fes_string_conditioned,rank_reward,B_to_C_to_A,mirrored_receiver_standpoint,t0,0,-0.7375508168128535,-0.6350837896586107,-0.10246702715424276,0.9992001599680064,148,False
fes_string_conditioned,rank_reward,B_to_C_to_A,mirrored_receiver_standpoint,t1,1,-0.7251780352894687,-0.6325920570120959,-0.09258597827737276,0.9974005198960207,140,False
fes_string_conditioned,rank_reward,B_to_C_to_A,mirrored_receiver_standpoint,t2,2,-0.7181776566858521,-0.6446339211923401,-0.07354373549351187,0.9818036392721455,132,False
fes_string_conditioned,rank_reward,B_to_C_to_A,mirrored_receiver_standpoint,tc,3,-0.7249015569646899,-0.5932067396215062,-0.13169481734318364,0.9996000799840032,105,False
fes_string_conditioned,rank_reward,B_to_C_to_A,mirrored_receiver_standpoint,tc_plus_k,4,-0.7718071926671772,-0.7126242901176875,-0.05918290254948987,0.9518096380723855,105,False
fes_string_conditioned,rank_reward,B_to_C_to_A,normalization_matched_receiver_standpoint,t0,0,-0.7375508168128535,-0.6902531902900972,-0.0472976265227561,0.9380123975204959,148,False
fes_string_conditioned,rank_reward,B_to_C_to_A,normalization_matched_receiver_standpoint,t1,1,-0.7251780352894687,-0.6851703298922793,-0.04000770539718939,0.9090181963607279,140,False
fes_string_conditioned,rank_reward,B_to_C_to_A,normalization_matched_receiver_standpoint,t2,2,-0.7181776566858521,-0.6963011151991993,-0.021876541486652766,0.76624675064987,132,False
fes_string_conditioned,rank_reward,B_to_C_to_A,normalization_matched_receiver_standpoint,tc,3,-0.7249015569646899,-0.6473778179350671,-0.07752373902962262,0.9968006398720256,105,False
fes_string_conditioned,rank_reward,B_to_C_to_A,normalization_matched_receiver_standpoint,tc_plus_k,4,-0.7718071926671772,-0.7598894589546966,-0.011917733712480753,0.6536692661467707,105,False
fes_string_conditioned,rank_reward,B_to_C_to_A,reward_symmetry_control,t0,0,-0.7375508168128535,-0.639609272857274,-0.09794154395557957,0.9986002799440112,148,False
fes_string_conditioned,rank_reward,B_to_C_to_A,reward_symmetry_control,t1,1,-0.7251780352894687,-0.6358221250882483,-0.08935591020122029,0.9968006398720256,140,False
fes_string_conditioned,rank_reward,B_to_C_to_A,reward_symmetry_control,t2,2,-0.7181776566858521,-0.6489599424880219,-0.06921771419783025,0.9806038792241552,132,False
fes_string_conditioned,rank_reward,B_to_C_to_A,reward_symmetry_control,tc,3,-0.7249015569646899,-0.6109355703521597,-0.11396598661253013,1.0,105,False
fes_string_conditioned,rank_reward,B_to_C_to_A,reward_symmetry_control,tc_plus_k,4,-0.7718071926671772,-0.6970314951888426,-0.07477569747833464,0.9888022395520896,105,False
fes_string_conditioned,rank_reward,B_to_C_to_A,endpoint_o1o2_reference,t0,0,-0.7110272216883875,-0.30634534229506155,-0.4046818793933258,1.0,143,False
fes_string_conditioned,rank_reward,B_to_C_to_A,endpoint_o1o2_reference,t1,1,-0.7660294448406135,-0.4072243561722722,-0.3588050886683414,1.0,136,False
fes_string_conditioned,rank_reward,B_to_C_to_A,endpoint_o1o2_reference,t2,2,-0.757598156745516,-0.3397590856044498,-0.4178390711410662,1.0,129,False
fes_string_conditioned,rank_reward,B_to_C_to_A,endpoint_o1o2_reference,tc,3,-0.6693756461325229,-0.22066120494735816,-0.44871444118516485,1.0,111,False
fes_string_conditioned,rank_reward,B_to_C_to_A,endpoint_o1o2_reference,tc_plus_k,4,-0.7635005322708283,-0.384883225284399,-0.37861730698642937,1.0,111,False
fes_string_conditioned,gmr72_bridge_composite,A_to_C_to_B,unperturbed_baseline,t0,0,-0.2852468988072211,-0.2908773255919374,0.00563042678471642,0.3127374525094981,148,False
fes_string_conditioned,gmr72_bridge_composite,A_to_C_to_B,unperturbed_baseline,t1,1,-0.28719221538520273,-0.2932993764967208,0.006107161111518102,0.3017396520695861,140,False
fes_string_conditioned,gmr72_bridge_composite,A_to_C_to_B,unperturbed_baseline,t2,2,-0.29093410995601887,-0.29935124233493104,0.00841713237891222,0.2533493301339732,132,False
fes_string_conditioned,gmr72_bridge_composite,A_to_C_to_B,unperturbed_baseline,tc,3,-0.2201051444386513,-0.21747213743618646,-0.002633007002464841,0.611877624475105,105,False
fes_string_conditioned,gmr72_bridge_composite,A_to_C_to_B,unperturbed_baseline,tc_plus_k,4,-0.2944654335665354,-0.2810095148367321,-0.013455918729803304,0.8148370325934813,105,False
fes_string_conditioned,gmr72_bridge_composite,A_to_C_to_B,sham_perturbation,t0,0,-0.2852468988072211,-0.2908773255919374,0.00563042678471642,0.3083383323335333,148,False
fes_string_conditioned,gmr72_bridge_composite,A_to_C_to_B,sham_perturbation,t1,1,-0.28719221538520273,-0.2932993764967208,0.006107161111518102,0.2953409318136373,140,False
fes_string_conditioned,gmr72_bridge_composite,A_to_C_to_B,sham_perturbation,t2,2,-0.29093410995601887,-0.29935124233493104,0.00841713237891222,0.23555288942211558,132,False
fes_string_conditioned,gmr72_bridge_composite,A_to_C_to_B,sham_perturbation,tc,3,-0.2201051444386513,-0.21747213743618646,-0.002633007002464841,0.610877824435113,105,False
fes_string_conditioned,gmr72_bridge_composite,A_to_C_to_B,sham_perturbation,tc_plus_k,4,-0.2944654335665354,-0.2810095148367321,-0.013455918729803304,0.8214357128574286,105,False
fes_string_conditioned,gmr72_bridge_composite,A_to_C_to_B,receiver_standpoint_reconstruction,t0,0,-0.2852468988072211,-0.2908773255919374,0.00563042678471642,0.3067386522695461,148,False
fes_string_conditioned,gmr72_bridge_composite,A_to_C_to_B,receiver_standpoint_reconstruction,t1,1,-0.28719221538520273,-0.2932993764967208,0.006107161111518102,0.30813837232553487,140,False
fes_string_conditioned,gmr72_bridge_composite,A_to_C_to_B,receiver_standpoint_reconstruction,t2,2,-0.29093410995601887,-0.29935124233493104,0.00841713237891222,0.2451509698060388,132,False
fes_string_conditioned,gmr72_bridge_composite,A_to_C_to_B,receiver_standpoint_reconstruction,tc,3,-0.2201051444386513,-0.21747213743618646,-0.002633007002464841,0.6046790641871626,105,False
fes_string_conditioned,gmr72_bridge_composite,A_to_C_to_B,receiver_standpoint_reconstruction,tc_plus_k,4,-0.2944654335665354,-0.2810095148367321,-0.013455918729803304,0.8140371925614877,105,False
fes_string_conditioned,gmr72_bridge_composite,A_to_C_to_B,receiver_standpoint_reconstruction_shuffled,t0,0,-0.2852468988072211,-0.29649629238186004,0.011249393574638993,0.1277744451109778,148,False
fes_string_conditioned,gmr72_bridge_composite,A_to_C_to_B,receiver_standpoint_reconstruction_shuffled,t1,1,-0.28719221538520273,-0.29771563157897185,0.01052341619376922,0.16916616676664667,140,False
fes_string_conditioned,gmr72_bridge_composite,A_to_C_to_B,receiver_standpoint_reconstruction_shuffled,t2,2,-0.29093410995601887,-0.3040548810515971,0.013120771095578243,0.1375724855028994,132,False
fes_string_conditioned,gmr72_bridge_composite,A_to_C_to_B,receiver_standpoint_reconstruction_shuffled,tc,3,-0.2201051444386513,-0.22169341085152336,0.0015882664128720626,0.43951209758048393,105,False
fes_string_conditioned,gmr72_bridge_composite,A_to_C_to_B,receiver_standpoint_reconstruction_shuffled,tc_plus_k,4,-0.2944654335665354,-0.2837240462250348,-0.010741387341500597,0.7958408318336333,105,False
fes_string_conditioned,gmr72_bridge_composite,A_to_C_to_B,mapping_inversion,t0,0,-0.2852468988072211,-0.29117465870099846,0.0059277598937774205,0.3277344531093781,148,False
fes_string_conditioned,gmr72_bridge_composite,A_to_C_to_B,mapping_inversion,t1,1,-0.28719221538520273,-0.2927167066689252,0.005524491283722526,0.3349330133973205,140,False
fes_string_conditioned,gmr72_bridge_composite,A_to_C_to_B,mapping_inversion,t2,2,-0.29093410995601887,-0.29854284224754657,0.0076087322915277065,0.3033393321335733,132,False
fes_string_conditioned,gmr72_bridge_composite,A_to_C_to_B,mapping_inversion,tc,3,-0.2201051444386513,-0.2110990677268643,-0.009006076711786961,0.8140371925614877,105,False
fes_string_conditioned,gmr72_bridge_composite,A_to_C_to_B,mapping_inversion,tc_plus_k,4,-0.2944654335665354,-0.2883344401052017,-0.006130993461333627,0.6416716656668666,105,False
fes_string_conditioned,gmr72_bridge_composite,A_to_C_to_B,side_shuffle,t0,0,-0.2852468988072211,-0.29567902726437484,0.01043212845715376,0.15056988602279545,148,False
fes_string_conditioned,gmr72_bridge_composite,A_to_C_to_B,side_shuffle,t1,1,-0.28719221538520273,-0.29705459503525994,0.009862379650057216,0.16976604679064186,140,False
fes_string_conditioned,gmr72_bridge_composite,A_to_C_to_B,side_shuffle,t2,2,-0.29093410995601887,-0.30654465396041003,0.0156105440043912,0.07738452309538092,132,False
fes_string_conditioned,gmr72_bridge_composite,A_to_C_to_B,side_shuffle,tc,3,-0.2201051444386513,-0.21553857540748222,-0.0045665690311691015,0.6692661467706459,105,False
fes_string_conditioned,gmr72_bridge_composite,A_to_C_to_B,side_shuffle,tc_plus_k,4,-0.2944654335665354,-0.2855670200418345,-0.00889841352470088,0.7654469106178764,105,False
fes_string_conditioned,gmr72_bridge_composite,A_to_C_to_B,unsigned_side_gap,t0,0,-0.2852468988072211,-0.2942653930239688,0.009018494216747695,0.1949610077984403,148,False
fes_string_conditioned,gmr72_bridge_composite,A_to_C_to_B,unsigned_side_gap,t1,1,-0.28719221538520273,-0.2964257983598785,0.009233582974675754,0.1899620075984803,140,False
fes_string_conditioned,gmr72_bridge_composite,A_to_C_to_B,unsigned_side_gap,t2,2,-0.29093410995601887,-0.303388606198962,0.012454496242943194,0.118376324735053,132,False
fes_string_conditioned,gmr72_bridge_composite,A_to_C_to_B,unsigned_side_gap,tc,3,-0.2201051444386513,-0.21840904872527866,-0.0016960957133726555,0.5800839832033593,105,False
fes_string_conditioned,gmr72_bridge_composite,A_to_C_to_B,unsigned_side_gap,tc_plus_k,4,-0.2944654335665354,-0.2824845820082993,-0.011980851558236073,0.8440311937612478,105,False
fes_string_conditioned,gmr72_bridge_composite,A_to_C_to_B,polarity_magnitude_only,t0,0,-0.2852468988072211,-0.2942653930239688,0.009018494216747695,0.1827634473105379,148,False
fes_string_conditioned,gmr72_bridge_composite,A_to_C_to_B,polarity_magnitude_only,t1,1,-0.28719221538520273,-0.2964257983598785,0.009233582974675754,0.1775644871025795,140,False
fes_string_conditioned,gmr72_bridge_composite,A_to_C_to_B,polarity_magnitude_only,t2,2,-0.29093410995601887,-0.303388606198962,0.012454496242943194,0.1261747650469906,132,False
fes_string_conditioned,gmr72_bridge_composite,A_to_C_to_B,polarity_magnitude_only,tc,3,-0.2201051444386513,-0.21840904872527866,-0.0016960957133726555,0.5780843831233753,105,False
fes_string_conditioned,gmr72_bridge_composite,A_to_C_to_B,polarity_magnitude_only,tc_plus_k,4,-0.2944654335665354,-0.2824845820082993,-0.011980851558236073,0.8456308738252349,105,False
fes_string_conditioned,gmr72_bridge_composite,A_to_C_to_B,receiver_side_only,t0,0,-0.2852468988072211,-0.293851766281868,0.008604867474646899,0.21275744851029793,148,False
fes_string_conditioned,gmr72_bridge_composite,A_to_C_to_B,receiver_side_only,t1,1,-0.28719221538520273,-0.29748455994041917,0.01029234455521643,0.1803639272145571,140,False
fes_string_conditioned,gmr72_bridge_composite,A_to_C_to_B,receiver_side_only,t2,2,-0.29093410995601887,-0.30506520466147674,0.014131094705457821,0.10217956408718257,132,False
fes_string_conditioned,gmr72_bridge_composite,A_to_C_to_B,receiver_side_only,tc,3,-0.2201051444386513,-0.2197802637911249,-0.0003248806475264178,0.5152969406118776,105,False
fes_string_conditioned,gmr72_bridge_composite,A_to_C_to_B,receiver_side_only,tc_plus_k,4,-0.2944654335665354,-0.28698025935809834,-0.007485174208437056,0.7110577884423115,105,False
fes_string_conditioned,gmr72_bridge_composite,A_to_C_to_B,giver_side_only,t0,0,-0.2852468988072211,-0.29179493739077544,0.006548038583554453,0.2539492101579684,148,False
fes_string_conditioned,gmr72_bridge_composite,A_to_C_to_B,giver_side_only,t1,1,-0.28719221538520273,-0.2937379038690517,0.006545688483849001,0.2623475304939012,140,False
fes_string_conditioned,gmr72_bridge_composite,A_to_C_to_B,giver_side_only,t2,2,-0.29093410995601887,-0.3019007620539375,0.010966652097918647,0.14817036592681462,132,False
fes_string_conditioned,gmr72_bridge_composite,A_to_C_to_B,giver_side_only,tc,3,-0.2201051444386513,-0.20886522912159852,-0.011239915317052776,0.8940211957608478,105,False
fes_string_conditioned,gmr72_bridge_composite,A_to_C_to_B,giver_side_only,tc_plus_k,4,-0.2944654335665354,-0.286592900963731,-0.007872532602804329,0.7468506298740252,105,False
fes_string_conditioned,gmr72_bridge_composite,A_to_C_to_B,standpoint_polarity_preserved,t0,0,-0.2852468988072211,-0.28955743883108187,0.004310540023860822,0.35232953409318135,148,False
fes_string_conditioned,gmr72_bridge_composite,A_to_C_to_B,standpoint_polarity_preserved,t1,1,-0.28719221538520273,-0.2931533364798934,0.0059611210946907064,0.2981403719256149,140,False
fes_string_conditioned,gmr72_bridge_composite,A_to_C_to_B,standpoint_polarity_preserved,t2,2,-0.29093410995601887,-0.30081652355092,0.009882413594901088,0.1923615276944611,132,False
fes_string_conditioned,gmr72_bridge_composite,A_to_C_to_B,standpoint_polarity_preserved,tc,3,-0.2201051444386513,-0.21965826766702828,-0.0004468767716230311,0.5182963407318536,105,False
fes_string_conditioned,gmr72_bridge_composite,A_to_C_to_B,standpoint_polarity_preserved,tc_plus_k,4,-0.2944654335665354,-0.2829729619141091,-0.011492471652426273,0.8070385922815437,105,False
fes_string_conditioned,gmr72_bridge_composite,A_to_C_to_B,standpoint_polarity_inverted,t0,0,-0.2852468988072211,-0.2950520064444471,0.00980510763722604,0.19696060787842432,148,False
fes_string_conditioned,gmr72_bridge_composite,A_to_C_to_B,standpoint_polarity_inverted,t1,1,-0.28719221538520273,-0.29705802676412696,0.0098658113789242,0.19696060787842432,140,False
fes_string_conditioned,gmr72_bridge_composite,A_to_C_to_B,standpoint_polarity_inverted,t2,2,-0.29093410995601887,-0.3050420355151386,0.014107925559119725,0.1201759648070386,132,False
fes_string_conditioned,gmr72_bridge_composite,A_to_C_to_B,standpoint_polarity_inverted,tc,3,-0.2201051444386513,-0.20957375355171617,-0.01053139088693509,0.8622275544891022,105,False
fes_string_conditioned,gmr72_bridge_composite,A_to_C_to_B,standpoint_polarity_inverted,tc_plus_k,4,-0.2944654335665354,-0.2938752553354606,-0.0005901782310747095,0.519496100779844,105,False
fes_string_conditioned,gmr72_bridge_composite,A_to_C_to_B,ab_exchange_receiver_standpoint,t0,0,-0.2852468988072211,-0.29295635774440526,0.007709458937184223,0.2479504099180164,148,False
fes_string_conditioned,gmr72_bridge_composite,A_to_C_to_B,ab_exchange_receiver_standpoint,t1,1,-0.28719221538520273,-0.294399952570856,0.007207737185653339,0.2705458908218356,140,False
fes_string_conditioned,gmr72_bridge_composite,A_to_C_to_B,ab_exchange_receiver_standpoint,t2,2,-0.29093410995601887,-0.3011664847397654,0.010232374783746527,0.20355928814237154,132,False
fes_string_conditioned,gmr72_bridge_composite,A_to_C_to_B,ab_exchange_receiver_standpoint,tc,3,-0.2201051444386513,-0.21353914164954682,-0.006566002789104473,0.754249150169966,105,False
fes_string_conditioned,gmr72_bridge_composite,A_to_C_to_B,ab_exchange_receiver_standpoint,tc_plus_k,4,-0.2944654335665354,-0.29299299331935974,-0.0014724402471756612,0.5432913417316537,105,False
fes_string_conditioned,gmr72_bridge_composite,A_to_C_to_B,mirrored_receiver_standpoint,t0,0,-0.2852468988072211,-0.28668910096679356,0.0014422021595724948,0.46170765846830636,148,False
fes_string_conditioned,gmr72_bridge_composite,A_to_C_to_B,mirrored_receiver_standpoint,t1,1,-0.28719221538520273,-0.2896990721069202,0.002506856721717471,0.4337132573485303,140,False
fes_string_conditioned,gmr72_bridge_composite,A_to_C_to_B,mirrored_receiver_standpoint,t2,2,-0.29093410995601887,-0.2972526331996509,0.00631852324363201,0.3235352929414117,132,False
fes_string_conditioned,gmr72_bridge_composite,A_to_C_to_B,mirrored_receiver_standpoint,tc,3,-0.2201051444386513,-0.20909060184679334,-0.011014542591857997,0.903619276144771,105,False
fes_string_conditioned,gmr72_bridge_composite,A_to_C_to_B,mirrored_receiver_standpoint,tc_plus_k,4,-0.2944654335665354,-0.2863673906051788,-0.008098042961356558,0.7176564687062588,105,False
fes_string_conditioned,gmr72_bridge_composite,A_to_C_to_B,normalization_matched_receiver_standpoint,t0,0,-0.2852468988072211,-0.2898198617644573,0.004572962957236207,0.34933013397320534,148,False
fes_string_conditioned,gmr72_bridge_composite,A_to_C_to_B,normalization_matched_receiver_standpoint,t1,1,-0.28719221538520273,-0.2928472629788568,0.0056550475936541335,0.3039392121575685,140,False
fes_string_conditioned,gmr72_bridge_composite,A_to_C_to_B,normalization_matched_receiver_standpoint,t2,2,-0.29093410995601887,-0.3006952661041363,0.009761156148117506,0.20955808838232354,132,False
fes_string_conditioned,gmr72_bridge_composite,A_to_C_to_B,normalization_matched_receiver_standpoint,tc,3,-0.2201051444386513,-0.21347038499606863,-0.006634759442582636,0.7354529094181164,105,False
fes_string_conditioned,gmr72_bridge_composite,A_to_C_to_B,normalization_matched_receiver_standpoint,tc_plus_k,4,-0.2944654335665354,-0.2896234479015851,-0.004841985664950265,0.6182763447310538,105,False
fes_string_conditioned,gmr72_bridge_composite,A_to_C_to_B,reward_symmetry_control,t0,0,-0.2852468988072211,-0.2896881589170974,0.004441260109876386,0.3473305338932214,148,False
fes_string_conditioned,gmr72_bridge_composite,A_to_C_to_B,reward_symmetry_control,t1,1,-0.28719221538520273,-0.29233029991366855,0.005138084528465863,0.3149370125974805,140,False
fes_string_conditioned,gmr72_bridge_composite,A_to_C_to_B,reward_symmetry_control,t2,2,-0.29093410995601887,-0.2994529781772467,0.008518868221227854,0.24055188962207558,132,False
fes_string_conditioned,gmr72_bridge_composite,A_to_C_to_B,reward_symmetry_control,tc,3,-0.2201051444386513,-0.2111265905500422,-0.00897855388860907,0.8076384723055389,105,False
fes_string_conditioned,gmr72_bridge_composite,A_to_C_to_B,reward_symmetry_control,tc_plus_k,4,-0.2944654335665354,-0.27724580587424613,-0.017219627692289262,0.882623475304939,105,False
fes_string_conditioned,gmr72_bridge_composite,A_to_C_to_B,endpoint_o1o2_reference,t0,0,-0.27505887364650267,-0.22511000810223386,-0.0499488655442688,1.0,143,False
fes_string_conditioned,gmr72_bridge_composite,A_to_C_to_B,endpoint_o1o2_reference,t1,1,-0.2653589244585521,-0.23881911113659204,-0.026539813321960065,0.9942011597680463,136,False
fes_string_conditioned,gmr72_bridge_composite,A_to_C_to_B,endpoint_o1o2_reference,t2,2,-0.302852663412933,-0.2625434548985422,-0.040309208514390814,0.9998000399920016,129,False
fes_string_conditioned,gmr72_bridge_composite,A_to_C_to_B,endpoint_o1o2_reference,tc,3,-0.2588682969129901,-0.20454100379324558,-0.05432729311974453,1.0,111,False
fes_string_conditioned,gmr72_bridge_composite,A_to_C_to_B,endpoint_o1o2_reference,tc_plus_k,4,-0.28497348816858525,-0.2357162782045565,-0.049257209964028756,1.0,111,False
fes_string_conditioned,gmr72_bridge_composite,B_to_C_to_A,unperturbed_baseline,t0,0,-0.29206506677757327,-0.29295635774440526,0.0008912909668320104,0.47490501899620075,148,False
fes_string_conditioned,gmr72_bridge_composite,B_to_C_to_A,unperturbed_baseline,t1,1,-0.2919630853728311,-0.294399952570856,0.002436867198024923,0.41471705658868224,140,False
fes_string_conditioned,gmr72_bridge_composite,B_to_C_to_A,unperturbed_baseline,t2,2,-0.2959556987653086,-0.3011664847397654,0.005210785974456817,0.3297340531893621,132,False
fes_string_conditioned,gmr72_bridge_composite,B_to_C_to_A,unperturbed_baseline,tc,3,-0.25492153169728193,-0.21353914164954682,-0.041382390047735106,0.9996000799840032,105,False
fes_string_conditioned,gmr72_bridge_composite,B_to_C_to_A,unperturbed_baseline,tc_plus_k,4,-0.2939426107366729,-0.29299299331935974,-0.00094961741731312,0.53249350129974,105,False
fes_string_conditioned,gmr72_bridge_composite,B_to_C_to_A,sham_perturbation,t0,0,-0.29206506677757327,-0.29295635774440526,0.0008912909668320104,0.46170765846830636,148,False
fes_string_conditioned,gmr72_bridge_composite,B_to_C_to_A,sham_perturbation,t1,1,-0.2919630853728311,-0.294399952570856,0.002436867198024923,0.41131773645270947,140,False
fes_string_conditioned,gmr72_bridge_composite,B_to_C_to_A,sham_perturbation,t2,2,-0.2959556987653086,-0.3011664847397654,0.005210785974456817,0.3255348930213957,132,False
fes_string_conditioned,gmr72_bridge_composite,B_to_C_to_A,sham_perturbation,tc,3,-0.25492153169728193,-0.21353914164954682,-0.041382390047735106,0.9998000399920016,105,False
fes_string_conditioned,gmr72_bridge_composite,B_to_C_to_A,sham_perturbation,tc_plus_k,4,-0.2939426107366729,-0.29299299331935974,-0.00094961741731312,0.5256948610277944,105,False
fes_string_conditioned,gmr72_bridge_composite,B_to_C_to_A,receiver_standpoint_reconstruction,t0,0,-0.29206506677757327,-0.29295635774440526,0.0008912909668320104,0.4699060187962408,148,False
fes_string_conditioned,gmr72_bridge_composite,B_to_C_to_A,receiver_standpoint_reconstruction,t1,1,-0.2919630853728311,-0.294399952570856,0.002436867198024923,0.41371725654869024,140,False
fes_string_conditioned,gmr72_bridge_composite,B_to_C_to_A,receiver_standpoint_reconstruction,t2,2,-0.2959556987653086,-0.3011664847397654,0.005210785974456817,0.33213357328534293,132,False
fes_string_conditioned,gmr72_bridge_composite,B_to_C_to_A,receiver_standpoint_reconstruction,tc,3,-0.25492153169728193,-0.21353914164954682,-0.041382390047735106,1.0,105,False
fes_string_conditioned,gmr72_bridge_composite,B_to_C_to_A,receiver_standpoint_reconstruction,tc_plus_k,4,-0.2939426107366729,-0.29299299331935974,-0.00094961741731312,0.5258948210357929,105,False
fes_string_conditioned,gmr72_bridge_composite,B_to_C_to_A,receiver_standpoint_reconstruction_shuffled,t0,0,-0.29206506677757327,-0.28764437298216594,-0.004420693795407323,0.6700659868026395,148,False
fes_string_conditioned,gmr72_bridge_composite,B_to_C_to_A,receiver_standpoint_reconstruction_shuffled,t1,1,-0.2919630853728311,-0.2878380070976819,-0.004125078275149212,0.6632673465306939,140,False
fes_string_conditioned,gmr72_bridge_composite,B_to_C_to_A,receiver_standpoint_reconstruction_shuffled,t2,2,-0.2959556987653086,-0.30307922789110925,0.007123529125800774,0.2673465306938612,132,False
fes_string_conditioned,gmr72_bridge_composite,B_to_C_to_A,receiver_standpoint_reconstruction_shuffled,tc,3,-0.25492153169728193,-0.20798660037663316,-0.046934931320648805,1.0,105,False
fes_string_conditioned,gmr72_bridge_composite,B_to_C_to_A,receiver_standpoint_reconstruction_shuffled,tc_plus_k,4,-0.2939426107366729,-0.28341683667394835,-0.010525774062724452,0.847630473905219,105,False
fes_string_conditioned,gmr72_bridge_composite,B_to_C_to_A,mapping_inversion,t0,0,-0.29206506677757327,-0.29118937884003676,-0.0008756879375365113,0.5258948210357929,148,False
fes_string_conditioned,gmr72_bridge_composite,B_to_C_to_A,mapping_inversion,t1,1,-0.2919630853728311,-0.29273226795876567,0.0007691825859345786,0.47030593881223753,140,False
fes_string_conditioned,gmr72_bridge_composite,B_to_C_to_A,mapping_inversion,t2,2,-0.2959556987653086,-0.29854284224754657,0.002587143482237999,0.41271745650869823,132,False
fes_string_conditioned,gmr72_bridge_composite,B_to_C_to_A,mapping_inversion,tc,3,-0.25492153169728193,-0.2110575709539564,-0.043863960743325506,1.0,105,False
fes_string_conditioned,gmr72_bridge_composite,B_to_C_to_A,mapping_inversion,tc_plus_k,4,-0.2939426107366729,-0.2883344401052017,-0.005608170631471084,0.6742651469706059,105,False
fes_string_conditioned,gmr72_bridge_composite,B_to_C_to_A,side_shuffle,t0,0,-0.29206506677757327,-0.2971841779527111,0.005119111175137807,0.3243351329734053,148,False
fes_string_conditioned,gmr72_bridge_composite,B_to_C_to_A,side_shuffle,t1,1,-0.2919630853728311,-0.29915650200729493,0.007193416634463813,0.2569486102779444,140,False
fes_string_conditioned,gmr72_bridge_composite,B_to_C_to_A,side_shuffle,t2,2,-0.2959556987653086,-0.30824086574169773,0.01228516697638914,0.13937212557488501,132,False
fes_string_conditioned,gmr72_bridge_composite,B_to_C_to_A,side_shuffle,tc,3,-0.25492153169728193,-0.2181917922812628,-0.03672973941601911,0.9974005198960207,105,False
fes_string_conditioned,gmr72_bridge_composite,B_to_C_to_A,side_shuffle,tc_plus_k,4,-0.2939426107366729,-0.28175997580093676,-0.012182634935736087,0.8828234353129374,105,False
fes_string_conditioned,gmr72_bridge_composite,B_to_C_to_A,unsigned_side_gap,t0,0,-0.29206506677757327,-0.2942653930239688,0.0022003262463954855,0.41351729654069186,148,False
fes_string_conditioned,gmr72_bridge_composite,B_to_C_to_A,unsigned_side_gap,t1,1,-0.2919630853728311,-0.2964257983598785,0.004462712987047338,0.34493101379724056,140,False
fes_string_conditioned,gmr72_bridge_composite,B_to_C_to_A,unsigned_side_gap,t2,2,-0.2959556987653086,-0.303388606198962,0.007432907433653484,0.2523495300939812,132,False
fes_string_conditioned,gmr72_bridge_composite,B_to_C_to_A,unsigned_side_gap,tc,3,-0.25492153169728193,-0.21840904872527866,-0.036512482972003296,0.999000199960008,105,False
fes_string_conditioned,gmr72_bridge_composite,B_to_C_to_A,unsigned_side_gap,tc_plus_k,4,-0.2939426107366729,-0.2824845820082993,-0.01145802872837353,0.8730253949210158,105,False
fes_string_conditioned,gmr72_bridge_composite,B_to_C_to_A,polarity_magnitude_only,t0,0,-0.29206506677757327,-0.2942653930239688,0.0022003262463954855,0.40891821635672865,148,False
fes_string_conditioned,gmr72_bridge_composite,B_to_C_to_A,polarity_magnitude_only,t1,1,-0.2919630853728311,-0.2964257983598785,0.004462712987047338,0.3313337332533493,140,False
fes_string_conditioned,gmr72_bridge_composite,B_to_C_to_A,polarity_magnitude_only,t2,2,-0.2959556987653086,-0.303388606198962,0.007432907433653484,0.2385522895420916,132,False
fes_string_conditioned,gmr72_bridge_composite,B_to_C_to_A,polarity_magnitude_only,tc,3,-0.25492153169728193,-0.21840904872527866,-0.036512482972003296,0.9992001599680064,105,False
fes_string_conditioned,gmr72_bridge_composite,B_to_C_to_A,polarity_magnitude_only,tc_plus_k,4,-0.2939426107366729,-0.2824845820082993,-0.01145802872837353,0.8832233553289343,105,False
fes_string_conditioned,gmr72_bridge_composite,B_to_C_to_A,receiver_side_only,t0,0,-0.29206506677757327,-0.29179493739077544,-0.0002701293867977556,0.506498700259948,148,False
fes_string_conditioned,gmr72_bridge_composite,B_to_C_to_A,receiver_side_only,t1,1,-0.2919630853728311,-0.2937379038690517,0.001774818496220584,0.4347130573885223,140,False
fes_string_conditioned,gmr72_bridge_composite,B_to_C_to_A,receiver_side_only,t2,2,-0.2959556987653086,-0.3019007620539375,0.005945063288628938,0.27454509098180363,132,False
fes_string_conditioned,gmr72_bridge_composite,B_to_C_to_A,receiver_side_only,tc,3,-0.25492153169728193,-0.20886522912159852,-0.046056302575683404,0.9998000399920016,105,False
fes_string_conditioned,gmr72_bridge_composite,B_to_C_to_A,receiver_side_only,tc_plus_k,4,-0.2939426107366729,-0.286592900963731,-0.0073497097729417855,0.772245550889822,105,False
fes_string_conditioned,gmr72_bridge_composite,B_to_C_to_A,giver_side_only,t0,0,-0.29206506677757327,-0.293851766281868,0.0017866995042946927,0.4299140171965607,148,False
fes_string_conditioned,gmr72_bridge_composite,B_to_C_to_A,giver_side_only,t1,1,-0.2919630853728311,-0.29748455994041917,0.005521474567588016,0.3065386922615477,140,False
fes_string_conditioned,gmr72_bridge_composite,B_to_C_to_A,giver_side_only,t2,2,-0.2959556987653086,-0.30506520466147674,0.009109505896168116,0.20355928814237154,132,False
fes_string_conditioned,gmr72_bridge_composite,B_to_C_to_A,giver_side_only,tc,3,-0.25492153169728193,-0.2197802637911249,-0.035141267906157056,0.9982003599280144,105,False
fes_string_conditioned,gmr72_bridge_composite,B_to_C_to_A,giver_side_only,tc_plus_k,4,-0.2939426107366729,-0.28698025935809834,-0.0069623513785745115,0.7174565086982604,105,False
fes_string_conditioned,gmr72_bridge_composite,B_to_C_to_A,standpoint_polarity_preserved,t0,0,-0.29206506677757327,-0.2950520064444471,0.002986939666873824,0.386122775444911,148,False
fes_string_conditioned,gmr72_bridge_composite,B_to_C_to_A,standpoint_polarity_preserved,t1,1,-0.2919630853728311,-0.29705802676412696,0.005094941391295782,0.3245350929814037,140,False
fes_string_conditioned,gmr72_bridge_composite,B_to_C_to_A,standpoint_polarity_preserved,t2,2,-0.2959556987653086,-0.3050420355151386,0.009086336749830018,0.20395920815836832,132,False
fes_string_conditioned,gmr72_bridge_composite,B_to_C_to_A,standpoint_polarity_preserved,tc,3,-0.25492153169728193,-0.20957375355171617,-0.045347778145565724,0.9996000799840032,105,False
fes_string_conditioned,gmr72_bridge_composite,B_to_C_to_A,standpoint_polarity_preserved,tc_plus_k,4,-0.2939426107366729,-0.2938752553354606,-6.735540121216682e-05,0.4973005398920216,105,False
fes_string_conditioned,gmr72_bridge_composite,B_to_C_to_A,standpoint_polarity_inverted,t0,0,-0.29206506677757327,-0.28955743883108187,-0.002507627946491387,0.6008798240351929,148,False
fes_string_conditioned,gmr72_bridge_composite,B_to_C_to_A,standpoint_polarity_inverted,t1,1,-0.2919630853728311,-0.2931533364798934,0.00119025110706229,0.4533093381323735,140,False
fes_string_conditioned,gmr72_bridge_composite,B_to_C_to_A,standpoint_polarity_inverted,t2,2,-0.2959556987653086,-0.30081652355092,0.0048608247856113795,0.3327334533093381,132,False
fes_string_conditioned,gmr72_bridge_composite,B_to_C_to_A,standpoint_polarity_inverted,tc,3,-0.25492153169728193,-0.21965826766702828,-0.03526326403025367,0.999000199960008,105,False
fes_string_conditioned,gmr72_bridge_composite,B_to_C_to_A,standpoint_polarity_inverted,tc_plus_k,4,-0.2939426107366729,-0.2829729619141091,-0.010969648822563731,0.8152369526094781,105,False
fes_string_conditioned,gmr72_bridge_composite,B_to_C_to_A,ab_exchange_receiver_standpoint,t0,0,-0.29206506677757327,-0.2908773255919374,-0.0011877411856357925,0.5382923415316937,148,False
fes_string_conditioned,gmr72_bridge_composite,B_to_C_to_A,ab_exchange_receiver_standpoint,t1,1,-0.2919630853728311,-0.2932993764967208,0.0013362911238896879,0.43691261747650467,140,False
fes_string_conditioned,gmr72_bridge_composite,B_to_C_to_A,ab_exchange_receiver_standpoint,t2,2,-0.2959556987653086,-0.29935124233493104,0.003395543569622515,0.3919216156768646,132,False
fes_string_conditioned,gmr72_bridge_composite,B_to_C_to_A,ab_exchange_receiver_standpoint,tc,3,-0.25492153169728193,-0.21747213743618646,-0.037449394261095476,0.9996000799840032,105,False
fes_string_conditioned,gmr72_bridge_composite,B_to_C_to_A,ab_exchange_receiver_standpoint,tc_plus_k,4,-0.2939426107366729,-0.2810095148367321,-0.012933095899940765,0.8414317136572685,105,False
fes_string_conditioned,gmr72_bridge_composite,B_to_C_to_A,mirrored_receiver_standpoint,t0,0,-0.29206506677757327,-0.28680707929310423,-0.005257987484469047,0.6598680263947211,148,False
fes_string_conditioned,gmr72_bridge_composite,B_to_C_to_A,mirrored_receiver_standpoint,t1,1,-0.2919630853728311,-0.2898237920518772,-0.0021392933209539514,0.5676864627074585,140,False
fes_string_conditioned,gmr72_bridge_composite,B_to_C_to_A,mirrored_receiver_standpoint,t2,2,-0.2959556987653086,-0.2972526331996509,0.001296934434342305,0.46070785842831435,132,False
fes_string_conditioned,gmr72_bridge_composite,B_to_C_to_A,mirrored_receiver_standpoint,tc,3,-0.25492153169728193,-0.20875801532690805,-0.04616351637037394,1.0,105,False
fes_string_conditioned,gmr72_bridge_composite,B_to_C_to_A,mirrored_receiver_standpoint,tc_plus_k,4,-0.2939426107366729,-0.2863673906051788,-0.007575220131494013,0.7304539092181563,105,False
fes_string_conditioned,gmr72_bridge_composite,B_to_C_to_A,normalization_matched_receiver_standpoint,t0,0,-0.29206506677757327,-0.29688729155285415,0.004822224775280886,0.3209358128374325,148,False
fes_string_conditioned,gmr72_bridge_composite,B_to_C_to_A,normalization_matched_receiver_standpoint,t1,1,-0.2919630853728311,-0.2996801189902139,0.0077170336173828435,0.22655468906218756,140,False
fes_string_conditioned,gmr72_bridge_composite,B_to_C_to_A,normalization_matched_receiver_standpoint,t2,2,-0.2959556987653086,-0.3082049295829127,0.012249230817604113,0.13717256548690263,132,False
fes_string_conditioned,gmr72_bridge_composite,B_to_C_to_A,normalization_matched_receiver_standpoint,tc,3,-0.25492153169728193,-0.22510767356270348,-0.02981385813457848,0.9958008398320336,105,False
fes_string_conditioned,gmr72_bridge_composite,B_to_C_to_A,normalization_matched_receiver_standpoint,tc_plus_k,4,-0.2939426107366729,-0.28601039043407567,-0.007932220302597118,0.7730453909218157,105,False
fes_string_conditioned,gmr72_bridge_composite,B_to_C_to_A,reward_symmetry_control,t0,0,-0.29206506677757327,-0.2896881589170974,-0.0023769078604758244,0.597880423915217,148,False
fes_string_conditioned,gmr72_bridge_composite,B_to_C_to_A,reward_symmetry_control,t1,1,-0.2919630853728311,-0.29233029991366855,0.00036721454083744925,0.4849030193961208,140,False
fes_string_conditioned,gmr72_bridge_composite,B_to_C_to_A,reward_symmetry_control,t2,2,-0.2959556987653086,-0.2994529781772467,0.0034972794119381414,0.385122975404919,132,False
fes_string_conditioned,gmr72_bridge_composite,B_to_C_to_A,reward_symmetry_control,tc,3,-0.25492153169728193,-0.2111265905500422,-0.04379494114723971,0.9998000399920016,105,False
fes_string_conditioned,gmr72_bridge_composite,B_to_C_to_A,reward_symmetry_control,tc_plus_k,4,-0.2939426107366729,-0.27724580587424613,-0.01669680486242672,0.9114177164567087,105,False
fes_string_conditioned,gmr72_bridge_composite,B_to_C_to_A,endpoint_o1o2_reference,t0,0,-0.28447411517163457,-0.22511000810223386,-0.059364107069400734,1.0,143,False
fes_string_conditioned,gmr72_bridge_composite,B_to_C_to_A,endpoint_o1o2_reference,t1,1,-0.2870547441454481,-0.23881911113659204,-0.04823563300885607,1.0,136,False
fes_string_conditioned,gmr72_bridge_composite,B_to_C_to_A,endpoint_o1o2_reference,t2,2,-0.30716949806087873,-0.2625434548985422,-0.04462604316233654,0.9998000399920016,129,False
fes_string_conditioned,gmr72_bridge_composite,B_to_C_to_A,endpoint_o1o2_reference,tc,3,-0.26018231353898613,-0.20454100379324558,-0.05564130974574054,1.0,111,False
fes_string_conditioned,gmr72_bridge_composite,B_to_C_to_A,endpoint_o1o2_reference,tc_plus_k,4,-0.293450480196916,-0.2357162782045565,-0.05773420199235952,1.0,111,False
combined_c_fes_gmr72,z_reward,A_to_C_to_B,unperturbed_baseline,t0,0,-0.6268130521111237,-0.6499278386624757,0.02311478655135198,0.3123375324935013,148,False
combined_c_fes_gmr72,z_reward,A_to_C_to_B,unperturbed_baseline,t1,1,-0.6332221713025145,-0.6507261686186776,0.017503997316163162,0.367126574685063,140,False
combined_c_fes_gmr72,z_reward,A_to_C_to_B,unperturbed_baseline,t2,2,-0.6339126539517632,-0.6699971976430311,0.0360845436912678,0.2509498100379924,132,False
combined_c_fes_gmr72,z_reward,A_to_C_to_B,unperturbed_baseline,tc,3,-0.6016716907413132,-0.5823419063173404,-0.019329784423972842,0.6496700659868027,105,False
combined_c_fes_gmr72,z_reward,A_to_C_to_B,unperturbed_baseline,tc_plus_k,4,-0.8324764577105667,-0.7410747138131211,-0.09140174389744553,0.9372125574885023,105,False
combined_c_fes_gmr72,z_reward,A_to_C_to_B,sham_perturbation,t0,0,-0.6268130521111237,-0.6499278386624757,0.02311478655135198,0.3291341731653669,148,False
combined_c_fes_gmr72,z_reward,A_to_C_to_B,sham_perturbation,t1,1,-0.6332221713025145,-0.6507261686186776,0.017503997316163162,0.3759248150369926,140,False
combined_c_fes_gmr72,z_reward,A_to_C_to_B,sham_perturbation,t2,2,-0.6339126539517632,-0.6699971976430311,0.0360845436912678,0.24935012997400519,132,False
combined_c_fes_gmr72,z_reward,A_to_C_to_B,sham_perturbation,tc,3,-0.6016716907413132,-0.5823419063173404,-0.019329784423972842,0.6546690661867627,105,False
combined_c_fes_gmr72,z_reward,A_to_C_to_B,sham_perturbation,tc_plus_k,4,-0.8324764577105667,-0.7410747138131211,-0.09140174389744553,0.9340131973605279,105,False
combined_c_fes_gmr72,z_reward,A_to_C_to_B,receiver_standpoint_reconstruction,t0,0,-0.6268130521111237,-0.6499278386624757,0.02311478655135198,0.32673465306938615,148,False
combined_c_fes_gmr72,z_reward,A_to_C_to_B,receiver_standpoint_reconstruction,t1,1,-0.6332221713025145,-0.6507261686186776,0.017503997316163162,0.36172765446910615,140,False
combined_c_fes_gmr72,z_reward,A_to_C_to_B,receiver_standpoint_reconstruction,t2,2,-0.6339126539517632,-0.6699971976430311,0.0360845436912678,0.2579484103179364,132,False
combined_c_fes_gmr72,z_reward,A_to_C_to_B,receiver_standpoint_reconstruction,tc,3,-0.6016716907413132,-0.5823419063173404,-0.019329784423972842,0.6638672265546891,105,False
combined_c_fes_gmr72,z_reward,A_to_C_to_B,receiver_standpoint_reconstruction,tc_plus_k,4,-0.8324764577105667,-0.7410747138131211,-0.09140174389744553,0.9364127174565087,105,False
combined_c_fes_gmr72,z_reward,A_to_C_to_B,receiver_standpoint_reconstruction_shuffled,t0,0,-0.6268130521111237,-0.7643132482589077,0.13750019614778386,0.0011997600479904018,148,True
combined_c_fes_gmr72,z_reward,A_to_C_to_B,receiver_standpoint_reconstruction_shuffled,t1,1,-0.6332221713025145,-0.754199148448792,0.12097697714627752,0.008598280343931213,140,True
combined_c_fes_gmr72,z_reward,A_to_C_to_B,receiver_standpoint_reconstruction_shuffled,t2,2,-0.6339126539517632,-0.7714808503051208,0.13756819635335768,0.005598880223955209,132,True
combined_c_fes_gmr72,z_reward,A_to_C_to_B,receiver_standpoint_reconstruction_shuffled,tc,3,-0.6016716907413132,-0.6179376874410794,0.016265996699766194,0.3225354929014197,105,False
combined_c_fes_gmr72,z_reward,A_to_C_to_B,receiver_standpoint_reconstruction_shuffled,tc_plus_k,4,-0.8324764577105667,-0.7975588702305249,-0.03491758748004185,0.7186562687462508,105,False
combined_c_fes_gmr72,z_reward,A_to_C_to_B,mapping_inversion,t0,0,-0.6268130521111237,-0.677888243536201,0.0510751914250772,0.16536692661467706,148,False
combined_c_fes_gmr72,z_reward,A_to_C_to_B,mapping_inversion,t1,1,-0.6332221713025145,-0.6801170732698644,0.046894901967349946,0.20375924815036991,140,False
combined_c_fes_gmr72,z_reward,A_to_C_to_B,mapping_inversion,t2,2,-0.6339126539517632,-0.7002288480934189,0.06631619414165567,0.125374925014997,132,False
combined_c_fes_gmr72,z_reward,A_to_C_to_B,mapping_inversion,tc,3,-0.6016716907413132,-0.5527182691894676,-0.048953421551845594,0.7958408318336333,105,False
combined_c_fes_gmr72,z_reward,A_to_C_to_B,mapping_inversion,tc_plus_k,4,-0.8324764577105667,-0.8249282576288338,-0.007548200081732854,0.5604879024195161,105,False
combined_c_fes_gmr72,z_reward,A_to_C_to_B,side_shuffle,t0,0,-0.6268130521111237,-0.7374090971953364,0.11059604508421265,0.007798440311937612,148,True
combined_c_fes_gmr72,z_reward,A_to_C_to_B,side_shuffle,t1,1,-0.6332221713025145,-0.7381041634620022,0.10488199215948775,0.013797240551889621,140,True
combined_c_fes_gmr72,z_reward,A_to_C_to_B,side_shuffle,t2,2,-0.6339126539517632,-0.7439891784918702,0.11007652454010686,0.012397520495900819,132,True
combined_c_fes_gmr72,z_reward,A_to_C_to_B,side_shuffle,tc,3,-0.6016716907413132,-0.6057347751727908,0.004063084431477632,0.45350929814037194,105,False
combined_c_fes_gmr72,z_reward,A_to_C_to_B,side_shuffle,tc_plus_k,4,-0.8324764577105667,-0.8277710297385578,-0.004705427972008936,0.5296940611877624,105,False
combined_c_fes_gmr72,z_reward,A_to_C_to_B,unsigned_side_gap,t0,0,-0.6268130521111237,-0.6938888199391788,0.06707576782805512,0.07638472305538892,148,False
combined_c_fes_gmr72,z_reward,A_to_C_to_B,unsigned_side_gap,t1,1,-0.6332221713025145,-0.6953776175182154,0.062155446215700814,0.09018196360727855,140,False
combined_c_fes_gmr72,z_reward,A_to_C_to_B,unsigned_side_gap,t2,2,-0.6339126539517632,-0.7059456142653652,0.07203296031360179,0.07878424315136973,132,False
combined_c_fes_gmr72,z_reward,A_to_C_to_B,unsigned_side_gap,tc,3,-0.6016716907413132,-0.6031531944945845,0.0014815037532713246,0.48370325934813035,105,False
combined_c_fes_gmr72,z_reward,A_to_C_to_B,unsigned_side_gap,tc_plus_k,4,-0.8324764577105667,-0.7943213364602238,-0.0381551212503427,0.7370525894821036,105,False
combined_c_fes_gmr72,z_reward,A_to_C_to_B,polarity_magnitude_only,t0,0,-0.6268130521111237,-0.6938888199391788,0.06707576782805512,0.06898620275944811,148,False
combined_c_fes_gmr72,z_reward,A_to_C_to_B,polarity_magnitude_only,t1,1,-0.6332221713025145,-0.6953776175182154,0.062155446215700814,0.09538092381523695,140,False
combined_c_fes_gmr72,z_reward,A_to_C_to_B,polarity_magnitude_only,t2,2,-0.6339126539517632,-0.7059456142653652,0.07203296031360179,0.0687862427514497,132,False
combined_c_fes_gmr72,z_reward,A_to_C_to_B,polarity_magnitude_only,tc,3,-0.6016716907413132,-0.6031531944945845,0.0014815037532713246,0.4897020595880824,105,False
combined_c_fes_gmr72,z_reward,A_to_C_to_B,polarity_magnitude_only,tc_plus_k,4,-0.8324764577105667,-0.7943213364602238,-0.0381551212503427,0.7276544691061788,105,False
combined_c_fes_gmr72,z_reward,A_to_C_to_B,receiver_side_only,t0,0,-0.6268130521111237,-0.6863873681984799,0.05957431608735619,0.09878024395120975,148,False
combined_c_fes_gmr72,z_reward,A_to_C_to_B,receiver_side_only,t1,1,-0.6332221713025145,-0.6907812466084563,0.05755907530594183,0.11077784443111378,140,False
combined_c_fes_gmr72,z_reward,A_to_C_to_B,receiver_side_only,t2,2,-0.6339126539517632,-0.7094616164146986,0.07554896246293544,0.0597880423915217,132,False
combined_c_fes_gmr72,z_reward,A_to_C_to_B,receiver_side_only,tc,3,-0.6016716907413132,-0.6259218194036634,0.024250128662350146,0.241751649670066,105,False
combined_c_fes_gmr72,z_reward,A_to_C_to_B,receiver_side_only,tc_plus_k,4,-0.8324764577105667,-0.7848748932120152,-0.04760156449855152,0.7970405918816237,105,False
combined_c_fes_gmr72,z_reward,A_to_C_to_B,giver_side_only,t0,0,-0.6268130521111237,-0.6801367090378777,0.05332365692675398,0.1307738452309538,148,False
combined_c_fes_gmr72,z_reward,A_to_C_to_B,giver_side_only,t1,1,-0.6332221713025145,-0.68042166216117,0.04719949085865543,0.17076584683063387,140,False
combined_c_fes_gmr72,z_reward,A_to_C_to_B,giver_side_only,t2,2,-0.6339126539517632,-0.7010609779509204,0.06714832399915699,0.08998200359928014,132,False
combined_c_fes_gmr72,z_reward,A_to_C_to_B,giver_side_only,tc,3,-0.6016716907413132,-0.5975543757564007,-0.004117314984912517,0.5478904219156169,105,False
combined_c_fes_gmr72,z_reward,A_to_C_to_B,giver_side_only,tc_plus_k,4,-0.8324764577105667,-0.8119070501909716,-0.020569407519595063,0.6194761047790442,105,False
combined_c_fes_gmr72,z_reward,A_to_C_to_B,standpoint_polarity_preserved,t0,0,-0.6268130521111237,-0.6616344136890436,0.03482136157792002,0.21075784843031395,148,False
combined_c_fes_gmr72,z_reward,A_to_C_to_B,standpoint_polarity_preserved,t1,1,-0.6332221713025145,-0.6657904342417311,0.03256826293921671,0.23995200959808038,140,False
combined_c_fes_gmr72,z_reward,A_to_C_to_B,standpoint_polarity_preserved,t2,2,-0.6339126539517632,-0.6858843303263854,0.05197167637462221,0.14517096580683864,132,False
combined_c_fes_gmr72,z_reward,A_to_C_to_B,standpoint_polarity_preserved,tc,3,-0.6016716907413132,-0.624862655180132,0.0231909644388188,0.2725454909018196,105,False
combined_c_fes_gmr72,z_reward,A_to_C_to_B,standpoint_polarity_preserved,tc_plus_k,4,-0.8324764577105667,-0.7550430675227803,-0.07743339018778646,0.9264147170565887,105,False
combined_c_fes_gmr72,z_reward,A_to_C_to_B,standpoint_polarity_inverted,t0,0,-0.6268130521111237,-0.6812867903013408,0.054473738190217,0.1307738452309538,148,False
combined_c_fes_gmr72,z_reward,A_to_C_to_B,standpoint_polarity_inverted,t1,1,-0.6332221713025145,-0.68237508330507,0.04915291200255564,0.16336732653469307,140,False
combined_c_fes_gmr72,z_reward,A_to_C_to_B,standpoint_polarity_inverted,t2,2,-0.6339126539517632,-0.7045860512413048,0.07067339728954161,0.09238152369526095,132,False
combined_c_fes_gmr72,z_reward,A_to_C_to_B,standpoint_polarity_inverted,tc,3,-0.6016716907413132,-0.5756636369258913,-0.026008053815421837,0.7488502299540092,105,False
combined_c_fes_gmr72,z_reward,A_to_C_to_B,standpoint_polarity_inverted,tc_plus_k,4,-0.8324764577105667,-0.8037434573173348,-0.02873300039323201,0.6820635872825435,105,False
combined_c_fes_gmr72,z_reward,A_to_C_to_B,ab_exchange_receiver_standpoint,t0,0,-0.6268130521111237,-0.6701317627027523,0.043318710591628534,0.1925614877024595,148,False
combined_c_fes_gmr72,z_reward,A_to_C_to_B,ab_exchange_receiver_standpoint,t1,1,-0.6332221713025145,-0.669791936573589,0.03656976527107447,0.23255348930213957,140,False
combined_c_fes_gmr72,z_reward,A_to_C_to_B,ab_exchange_receiver_standpoint,t2,2,-0.6339126539517632,-0.687375393541516,0.05346273958975274,0.16676664667066587,132,False
combined_c_fes_gmr72,z_reward,A_to_C_to_B,ab_exchange_receiver_standpoint,tc,3,-0.6016716907413132,-0.5683448343218999,-0.03332685641941336,0.7510497900419916,105,False
combined_c_fes_gmr72,z_reward,A_to_C_to_B,ab_exchange_receiver_standpoint,tc_plus_k,4,-0.8324764577105667,-0.838586527564733,0.006110069854166358,0.45090981803639274,105,False
combined_c_fes_gmr72,z_reward,A_to_C_to_B,mirrored_receiver_standpoint,t0,0,-0.6268130521111237,-0.6678280351304412,0.04101498301931749,0.20175964807038593,148,False
combined_c_fes_gmr72,z_reward,A_to_C_to_B,mirrored_receiver_standpoint,t1,1,-0.6332221713025145,-0.6724371672537365,0.03921499595122207,0.21735652869426114,140,False
combined_c_fes_gmr72,z_reward,A_to_C_to_B,mirrored_receiver_standpoint,t2,2,-0.6339126539517632,-0.6971549320381689,0.06324227808640571,0.11397720455908818,132,False
combined_c_fes_gmr72,z_reward,A_to_C_to_B,mirrored_receiver_standpoint,tc,3,-0.6016716907413132,-0.608070049780068,0.006398359038754863,0.4363127374525095,105,False
combined_c_fes_gmr72,z_reward,A_to_C_to_B,mirrored_receiver_standpoint,tc_plus_k,4,-0.8324764577105667,-0.7606812021525812,-0.07179525555798563,0.904619076184763,105,False
combined_c_fes_gmr72,z_reward,A_to_C_to_B,normalization_matched_receiver_standpoint,t0,0,-0.6268130521111237,-0.7041033308260514,0.07729027871492763,0.04999000199960008,148,True
combined_c_fes_gmr72,z_reward,A_to_C_to_B,normalization_matched_receiver_standpoint,t1,1,-0.6332221713025145,-0.7013735490768298,0.06815137777431525,0.07178564287142572,140,False
combined_c_fes_gmr72,z_reward,A_to_C_to_B,normalization_matched_receiver_standpoint,t2,2,-0.6339126539517632,-0.7146344896696619,0.08072183571789864,0.04459108178364327,132,True
combined_c_fes_gmr72,z_reward,A_to_C_to_B,normalization_matched_receiver_standpoint,tc,3,-0.6016716907413132,-0.6246181733618892,0.02294648262057583,0.2643471305738852,105,False
combined_c_fes_gmr72,z_reward,A_to_C_to_B,normalization_matched_receiver_standpoint,tc_plus_k,4,-0.8324764577105667,-0.7784691881938508,-0.054007269516716014,0.8368326334733054,105,False
combined_c_fes_gmr72,z_reward,A_to_C_to_B,reward_symmetry_control,t0,0,-0.6268130521111237,-0.6549425556012104,0.028129503490086614,0.3063387322535493,148,False
combined_c_fes_gmr72,z_reward,A_to_C_to_B,reward_symmetry_control,t1,1,-0.6332221713025145,-0.6582393968374278,0.02501722553491339,0.3311337732453509,140,False
combined_c_fes_gmr72,z_reward,A_to_C_to_B,reward_symmetry_control,t2,2,-0.6339126539517632,-0.6810984436383144,0.047185789686551134,0.20935812837432513,132,False
combined_c_fes_gmr72,z_reward,A_to_C_to_B,reward_symmetry_control,tc,3,-0.6016716907413132,-0.627982916798787,0.026311226057473935,0.22035592881423716,105,False
combined_c_fes_gmr72,z_reward,A_to_C_to_B,reward_symmetry_control,tc_plus_k,4,-0.8324764577105667,-0.7576491192388688,-0.07482733847169798,0.8780243951209759,105,False
combined_c_fes_gmr72,z_reward,A_to_C_to_B,endpoint_o1o2_reference,t0,0,-0.6614748757171751,-0.3407003750843552,-0.32077450063282004,1.0,143,False
combined_c_fes_gmr72,z_reward,A_to_C_to_B,endpoint_o1o2_reference,t1,1,-0.6288793060832564,-0.47532803271143986,-0.15355127337181645,0.9982003599280144,136,False
combined_c_fes_gmr72,z_reward,A_to_C_to_B,endpoint_o1o2_reference,t2,2,-0.6501329791499505,-0.4010479972341625,-0.2490849819157879,1.0,129,False
combined_c_fes_gmr72,z_reward,A_to_C_to_B,endpoint_o1o2_reference,tc,3,-0.6755928116795492,-0.3021439431423991,-0.3734488685371503,1.0,111,False
combined_c_fes_gmr72,z_reward,A_to_C_to_B,endpoint_o1o2_reference,tc_plus_k,4,-0.6910361472272607,-0.45357810483260697,-0.23745804239465387,1.0,111,False
combined_c_fes_gmr72,z_reward,B_to_C_to_A,unperturbed_baseline,t0,0,-0.6747142270309344,-0.6701317627027523,-0.004582464328182158,0.5440911817636472,148,False
combined_c_fes_gmr72,z_reward,B_to_C_to_A,unperturbed_baseline,t1,1,-0.6729474183222361,-0.669791936573589,-0.003155481748647158,0.529494101179764,140,False
combined_c_fes_gmr72,z_reward,B_to_C_to_A,unperturbed_baseline,t2,2,-0.678347008601161,-0.687375393541516,0.009028384940354833,0.4315136972605479,132,False
combined_c_fes_gmr72,z_reward,B_to_C_to_A,unperturbed_baseline,tc,3,-0.5965287036496569,-0.5683448343218999,-0.02818386932775703,0.8224355128974206,105,False
combined_c_fes_gmr72,z_reward,B_to_C_to_A,unperturbed_baseline,tc_plus_k,4,-0.8784115522072116,-0.838586527564733,-0.03982502464247874,0.8604279144171165,105,False
combined_c_fes_gmr72,z_reward,B_to_C_to_A,sham_perturbation,t0,0,-0.6747142270309344,-0.6701317627027523,-0.004582464328182158,0.5494901019796041,148,False
combined_c_fes_gmr72,z_reward,B_to_C_to_A,sham_perturbation,t1,1,-0.6729474183222361,-0.669791936573589,-0.003155481748647158,0.5394921015796841,140,False
combined_c_fes_gmr72,z_reward,B_to_C_to_A,sham_perturbation,t2,2,-0.678347008601161,-0.687375393541516,0.009028384940354833,0.41931613677264545,132,False
combined_c_fes_gmr72,z_reward,B_to_C_to_A,sham_perturbation,tc,3,-0.5965287036496569,-0.5683448343218999,-0.02818386932775703,0.8292341531693661,105,False
combined_c_fes_gmr72,z_reward,B_to_C_to_A,sham_perturbation,tc_plus_k,4,-0.8784115522072116,-0.838586527564733,-0.03982502464247874,0.8630273945210958,105,False
combined_c_fes_gmr72,z_reward,B_to_C_to_A,receiver_standpoint_reconstruction,t0,0,-0.6747142270309344,-0.6701317627027523,-0.004582464328182158,0.5326934613077384,148,False
combined_c_fes_gmr72,z_reward,B_to_C_to_A,receiver_standpoint_reconstruction,t1,1,-0.6729474183222361,-0.669791936573589,-0.003155481748647158,0.5416916616676665,140,False
combined_c_fes_gmr72,z_reward,B_to_C_to_A,receiver_standpoint_reconstruction,t2,2,-0.678347008601161,-0.687375393541516,0.009028384940354833,0.41451709658068386,132,False
combined_c_fes_gmr72,z_reward,B_to_C_to_A,receiver_standpoint_reconstruction,tc,3,-0.5965287036496569,-0.5683448343218999,-0.02818386932775703,0.8318336332733454,105,False
combined_c_fes_gmr72,z_reward,B_to_C_to_A,receiver_standpoint_reconstruction,tc_plus_k,4,-0.8784115522072116,-0.838586527564733,-0.03982502464247874,0.858628274345131,105,False
combined_c_fes_gmr72,z_reward,B_to_C_to_A,receiver_standpoint_reconstruction_shuffled,t0,0,-0.6747142270309344,-0.669700225214508,-0.005014001816426336,0.5644871025794841,148,False
combined_c_fes_gmr72,z_reward,B_to_C_to_A,receiver_standpoint_reconstruction_shuffled,t1,1,-0.6729474183222361,-0.687692868130466,0.01474544980822992,0.36892621475704857,140,False
combined_c_fes_gmr72,z_reward,B_to_C_to_A,receiver_standpoint_reconstruction_shuffled,t2,2,-0.678347008601161,-0.7352023436601788,0.05685533505901767,0.10197960407918416,132,False
combined_c_fes_gmr72,z_reward,B_to_C_to_A,receiver_standpoint_reconstruction_shuffled,tc,3,-0.5965287036496569,-0.5808248269394735,-0.015703876710183456,0.709258148370326,105,False
combined_c_fes_gmr72,z_reward,B_to_C_to_A,receiver_standpoint_reconstruction_shuffled,tc_plus_k,4,-0.8784115522072116,-0.785291147263317,-0.09312040494389484,0.9984003199360127,105,False
combined_c_fes_gmr72,z_reward,B_to_C_to_A,mapping_inversion,t0,0,-0.6747142270309344,-0.6768272315500973,0.0021130045191629014,0.48050389922015596,148,False
combined_c_fes_gmr72,z_reward,B_to_C_to_A,mapping_inversion,t1,1,-0.6729474183222361,-0.678995432027412,0.0060480137051759095,0.46250749850029993,140,False
combined_c_fes_gmr72,z_reward,B_to_C_to_A,mapping_inversion,t2,2,-0.678347008601161,-0.7002288480934189,0.02188183949225777,0.3021395720855829,132,False
combined_c_fes_gmr72,z_reward,B_to_C_to_A,mapping_inversion,tc,3,-0.5965287036496569,-0.5557093125026741,-0.04081939114698285,0.8568286342731454,105,False
combined_c_fes_gmr72,z_reward,B_to_C_to_A,mapping_inversion,tc_plus_k,4,-0.8784115522072116,-0.8249282576288338,-0.05348329457837794,0.9398120375924816,105,False
combined_c_fes_gmr72,z_reward,B_to_C_to_A,side_shuffle,t0,0,-0.6747142270309344,-0.7558268839683259,0.08111265693739148,0.021395720855828835,148,True
combined_c_fes_gmr72,z_reward,B_to_C_to_A,side_shuffle,t1,1,-0.6729474183222361,-0.7399852448543316,0.06703782653209545,0.0635872825434913,140,False
combined_c_fes_gmr72,z_reward,B_to_C_to_A,side_shuffle,t2,2,-0.678347008601161,-0.7496109886221243,0.07126398002096315,0.04439112177564487,132,True
combined_c_fes_gmr72,z_reward,B_to_C_to_A,side_shuffle,tc,3,-0.5965287036496569,-0.6053196490970029,0.00879094544734599,0.3765246950609878,105,False
combined_c_fes_gmr72,z_reward,B_to_C_to_A,side_shuffle,tc_plus_k,4,-0.8784115522072116,-0.801519597012633,-0.07689195519457885,0.9850029994001199,105,False
combined_c_fes_gmr72,z_reward,B_to_C_to_A,unsigned_side_gap,t0,0,-0.6747142270309344,-0.6938888199391788,0.019174592908244425,0.3135372925414917,148,False
combined_c_fes_gmr72,z_reward,B_to_C_to_A,unsigned_side_gap,t1,1,-0.6729474183222361,-0.6953776175182154,0.022430199195979193,0.29454109178164367,140,False
combined_c_fes_gmr72,z_reward,B_to_C_to_A,unsigned_side_gap,t2,2,-0.678347008601161,-0.7059456142653652,0.027598605664203888,0.241751649670066,132,False
combined_c_fes_gmr72,z_reward,B_to_C_to_A,unsigned_side_gap,tc,3,-0.5965287036496569,-0.6031531944945845,0.006624490844927652,0.38712257548490303,105,False
combined_c_fes_gmr72,z_reward,B_to_C_to_A,unsigned_side_gap,tc_plus_k,4,-0.8784115522072116,-0.7943213364602238,-0.08409021574698777,0.9878024395120976,105,False
combined_c_fes_gmr72,z_reward,B_to_C_to_A,polarity_magnitude_only,t0,0,-0.6747142270309344,-0.6938888199391788,0.019174592908244425,0.3113377324535093,148,False
combined_c_fes_gmr72,z_reward,B_to_C_to_A,polarity_magnitude_only,t1,1,-0.6729474183222361,-0.6953776175182154,0.022430199195979193,0.29414117176564686,140,False
combined_c_fes_gmr72,z_reward,B_to_C_to_A,polarity_magnitude_only,t2,2,-0.678347008601161,-0.7059456142653652,0.027598605664203888,0.2599480103979204,132,False
combined_c_fes_gmr72,z_reward,B_to_C_to_A,polarity_magnitude_only,tc,3,-0.5965287036496569,-0.6031531944945845,0.006624490844927652,0.38912217556488704,105,False
combined_c_fes_gmr72,z_reward,B_to_C_to_A,polarity_magnitude_only,tc_plus_k,4,-0.8784115522072116,-0.7943213364602238,-0.08409021574698777,0.9878024395120976,105,False
combined_c_fes_gmr72,z_reward,B_to_C_to_A,receiver_side_only,t0,0,-0.6747142270309344,-0.6801367090378777,0.005422482006943288,0.4527094581083783,148,False
combined_c_fes_gmr72,z_reward,B_to_C_to_A,receiver_side_only,t1,1,-0.6729474183222361,-0.68042166216117,0.007474243838933793,0.42551489702059586,140,False
combined_c_fes_gmr72,z_reward,B_to_C_to_A,receiver_side_only,t2,2,-0.678347008601161,-0.7010609779509204,0.022713969349759073,0.28574285142971406,132,False
combined_c_fes_gmr72,z_reward,B_to_C_to_A,receiver_side_only,tc,3,-0.5965287036496569,-0.5975543757564007,0.0010256721067438098,0.4911017796440712,105,False
combined_c_fes_gmr72,z_reward,B_to_C_to_A,receiver_side_only,tc_plus_k,4,-0.8784115522072116,-0.8119070501909716,-0.06650450201624016,0.971005798840232,105,False
combined_c_fes_gmr72,z_reward,B_to_C_to_A,giver_side_only,t0,0,-0.6747142270309344,-0.6863873681984799,0.011673141167545505,0.37252549490101977,148,False
combined_c_fes_gmr72,z_reward,B_to_C_to_A,giver_side_only,t1,1,-0.6729474183222361,-0.6907812466084563,0.017833828286220203,0.3203359328134373,140,False
combined_c_fes_gmr72,z_reward,B_to_C_to_A,giver_side_only,t2,2,-0.678347008601161,-0.7094616164146986,0.031114607813537528,0.22135572885422916,132,False
combined_c_fes_gmr72,z_reward,B_to_C_to_A,giver_side_only,tc,3,-0.5965287036496569,-0.6259218194036634,0.02939311575400647,0.1267746450709858,105,False
combined_c_fes_gmr72,z_reward,B_to_C_to_A,giver_side_only,tc_plus_k,4,-0.8784115522072116,-0.7848748932120152,-0.09353665899519661,0.9954009198160368,105,False
combined_c_fes_gmr72,z_reward,B_to_C_to_A,standpoint_polarity_preserved,t0,0,-0.6747142270309344,-0.6812867903013408,0.006572563270406334,0.4359128174365127,148,False
combined_c_fes_gmr72,z_reward,B_to_C_to_A,standpoint_polarity_preserved,t1,1,-0.6729474183222361,-0.68237508330507,0.00942766498283402,0.4153169366126775,140,False
combined_c_fes_gmr72,z_reward,B_to_C_to_A,standpoint_polarity_preserved,t2,2,-0.678347008601161,-0.7045860512413048,0.026239042640143703,0.27854429114177165,132,False
combined_c_fes_gmr72,z_reward,B_to_C_to_A,standpoint_polarity_preserved,tc,3,-0.5965287036496569,-0.5756636369258913,-0.020865066723765518,0.7638472305538893,105,False
combined_c_fes_gmr72,z_reward,B_to_C_to_A,standpoint_polarity_preserved,tc_plus_k,4,-0.8784115522072116,-0.8037434573173348,-0.0746680948898771,0.982003599280144,105,False
combined_c_fes_gmr72,z_reward,B_to_C_to_A,standpoint_polarity_inverted,t0,0,-0.6747142270309344,-0.6616344136890436,-0.013079813341890668,0.646870625874825,148,False
combined_c_fes_gmr72,z_reward,B_to_C_to_A,standpoint_polarity_inverted,t1,1,-0.6729474183222361,-0.6657904342417311,-0.00715698408050491,0.5816836632673466,140,False
combined_c_fes_gmr72,z_reward,B_to_C_to_A,standpoint_polarity_inverted,t2,2,-0.678347008601161,-0.6858843303263854,0.0075373217252243125,0.4327134573085383,132,False
combined_c_fes_gmr72,z_reward,B_to_C_to_A,standpoint_polarity_inverted,tc,3,-0.5965287036496569,-0.624862655180132,0.028333951530475125,0.1349730053989202,105,False
combined_c_fes_gmr72,z_reward,B_to_C_to_A,standpoint_polarity_inverted,tc_plus_k,4,-0.8784115522072116,-0.7550430675227803,-0.12336848468443153,0.9998000399920016,105,False
combined_c_fes_gmr72,z_reward,B_to_C_to_A,ab_exchange_receiver_standpoint,t0,0,-0.6747142270309344,-0.6499278386624757,-0.02478638836845871,0.7260547890421916,148,False
combined_c_fes_gmr72,z_reward,B_to_C_to_A,ab_exchange_receiver_standpoint,t1,1,-0.6729474183222361,-0.6507261686186776,-0.022221249703558474,0.6982603479304139,140,False
combined_c_fes_gmr72,z_reward,B_to_C_to_A,ab_exchange_receiver_standpoint,t2,2,-0.678347008601161,-0.6699971976430311,-0.008349810958130094,0.5754849030193961,132,False
combined_c_fes_gmr72,z_reward,B_to_C_to_A,ab_exchange_receiver_standpoint,tc,3,-0.5965287036496569,-0.5823419063173404,-0.014186797332316516,0.7224555088982204,105,False
combined_c_fes_gmr72,z_reward,B_to_C_to_A,ab_exchange_receiver_standpoint,tc_plus_k,4,-0.8784115522072116,-0.7410747138131211,-0.1373368383940906,1.0,105,False
combined_c_fes_gmr72,z_reward,B_to_C_to_A,mirrored_receiver_standpoint,t0,0,-0.6747142270309344,-0.6685215408684876,-0.006192686162446833,0.5548890221955609,148,False
combined_c_fes_gmr72,z_reward,B_to_C_to_A,mirrored_receiver_standpoint,t1,1,-0.6729474183222361,-0.6731703018910997,0.00022288356886373617,0.5052989402119576,140,False
combined_c_fes_gmr72,z_reward,B_to_C_to_A,mirrored_receiver_standpoint,t2,2,-0.678347008601161,-0.6971549320381689,0.018807923437007813,0.3239352129574085,132,False
combined_c_fes_gmr72,z_reward,B_to_C_to_A,mirrored_receiver_standpoint,tc,3,-0.5965287036496569,-0.6061150240804326,0.009586320430775735,0.3759248150369926,105,False
combined_c_fes_gmr72,z_reward,B_to_C_to_A,mirrored_receiver_standpoint,tc_plus_k,4,-0.8784115522072116,-0.7606812021525812,-0.11773035005463073,0.9996000799840032,105,False
combined_c_fes_gmr72,z_reward,B_to_C_to_A,normalization_matched_receiver_standpoint,t0,0,-0.6747142270309344,-0.7336793768357563,0.05896514980482197,0.08158368326334733,148,False
combined_c_fes_gmr72,z_reward,B_to_C_to_A,normalization_matched_receiver_standpoint,t1,1,-0.6729474183222361,-0.7377118942486766,0.06476447592644057,0.06418716256748651,140,False
combined_c_fes_gmr72,z_reward,B_to_C_to_A,normalization_matched_receiver_standpoint,t2,2,-0.678347008601161,-0.7608152328614541,0.082468224260293,0.029994001199760048,132,True
combined_c_fes_gmr72,z_reward,B_to_C_to_A,normalization_matched_receiver_standpoint,tc,3,-0.5965287036496569,-0.68807126086638,0.09154255721672312,0.002599480103979204,105,True
combined_c_fes_gmr72,z_reward,B_to_C_to_A,normalization_matched_receiver_standpoint,tc_plus_k,4,-0.8784115522072116,-0.824280282517544,-0.054131269689667784,0.9232153569286142,105,False
combined_c_fes_gmr72,z_reward,B_to_C_to_A,reward_symmetry_control,t0,0,-0.6747142270309344,-0.6549425556012104,-0.019771671429724056,0.6762647470505899,148,False
combined_c_fes_gmr72,z_reward,B_to_C_to_A,reward_symmetry_control,t1,1,-0.6729474183222361,-0.6582393968374278,-0.014708021484808232,0.628874225154969,140,False
combined_c_fes_gmr72,z_reward,B_to_C_to_A,reward_symmetry_control,t2,2,-0.678347008601161,-0.6810984436383144,0.0027514350371532223,0.48010397920415915,132,False
combined_c_fes_gmr72,z_reward,B_to_C_to_A,reward_symmetry_control,tc,3,-0.5965287036496569,-0.627982916798787,0.03145421314913026,0.09658068386322735,105,False
combined_c_fes_gmr72,z_reward,B_to_C_to_A,reward_symmetry_control,tc_plus_k,4,-0.8784115522072116,-0.7576491192388688,-0.12076243296834306,0.994001199760048,105,False
combined_c_fes_gmr72,z_reward,B_to_C_to_A,endpoint_o1o2_reference,t0,0,-0.6839231693691651,-0.3407003750843552,-0.3432227942848096,1.0,143,False
combined_c_fes_gmr72,z_reward,B_to_C_to_A,endpoint_o1o2_reference,t1,1,-0.7100118785978226,-0.47532803271143986,-0.2346838458863827,1.0,136,False
combined_c_fes_gmr72,z_reward,B_to_C_to_A,endpoint_o1o2_reference,t2,2,-0.6851612484903352,-0.4010479972341625,-0.2841132512561727,1.0,129,False
combined_c_fes_gmr72,z_reward,B_to_C_to_A,endpoint_o1o2_reference,tc,3,-0.6511326297426544,-0.3021439431423991,-0.3489886866002552,1.0,111,False
combined_c_fes_gmr72,z_reward,B_to_C_to_A,endpoint_o1o2_reference,tc_plus_k,4,-0.7518623828849865,-0.45357810483260697,-0.29828427805237956,1.0,111,False
combined_c_fes_gmr72,rank_reward,A_to_C_to_B,unperturbed_baseline,t0,0,-0.6169385212485772,-0.6311028482100351,0.014164326961458204,0.3859228154369126,148,False
combined_c_fes_gmr72,rank_reward,A_to_C_to_B,unperturbed_baseline,t1,1,-0.6199855723858961,-0.6226466326507563,0.002661060264860271,0.46770645870825833,140,False
combined_c_fes_gmr72,rank_reward,A_to_C_to_B,unperturbed_baseline,t2,2,-0.6142818934301191,-0.6375401786775355,0.023258285247416695,0.3065386922615477,132,False
combined_c_fes_gmr72,rank_reward,A_to_C_to_B,unperturbed_baseline,tc,3,-0.648132969364777,-0.5946050420798092,-0.053527927284967684,0.8558288342331534,105,False
combined_c_fes_gmr72,rank_reward,A_to_C_to_B,unperturbed_baseline,tc_plus_k,4,-0.8223153615174668,-0.6741890314302034,-0.14812633008726322,0.9924015196960608,105,False
combined_c_fes_gmr72,rank_reward,A_to_C_to_B,sham_perturbation,t0,0,-0.6169385212485772,-0.6311028482100351,0.014164326961458204,0.3635272945410918,148,False
combined_c_fes_gmr72,rank_reward,A_to_C_to_B,sham_perturbation,t1,1,-0.6199855723858961,-0.6226466326507563,0.002661060264860271,0.47210557888422316,140,False
combined_c_fes_gmr72,rank_reward,A_to_C_to_B,sham_perturbation,t2,2,-0.6142818934301191,-0.6375401786775355,0.023258285247416695,0.31953609278144374,132,False
combined_c_fes_gmr72,rank_reward,A_to_C_to_B,sham_perturbation,tc,3,-0.648132969364777,-0.5946050420798092,-0.053527927284967684,0.8564287142571486,105,False
combined_c_fes_gmr72,rank_reward,A_to_C_to_B,sham_perturbation,tc_plus_k,4,-0.8223153615174668,-0.6741890314302034,-0.14812633008726322,0.9934013197360528,105,False
combined_c_fes_gmr72,rank_reward,A_to_C_to_B,receiver_standpoint_reconstruction,t0,0,-0.6169385212485772,-0.6311028482100351,0.014164326961458204,0.3763247350529894,148,False
combined_c_fes_gmr72,rank_reward,A_to_C_to_B,receiver_standpoint_reconstruction,t1,1,-0.6199855723858961,-0.6226466326507563,0.002661060264860271,0.48370325934813035,140,False
combined_c_fes_gmr72,rank_reward,A_to_C_to_B,receiver_standpoint_reconstruction,t2,2,-0.6142818934301191,-0.6375401786775355,0.023258285247416695,0.3123375324935013,132,False
combined_c_fes_gmr72,rank_reward,A_to_C_to_B,receiver_standpoint_reconstruction,tc,3,-0.648132969364777,-0.5946050420798092,-0.053527927284967684,0.8532293541291741,105,False
combined_c_fes_gmr72,rank_reward,A_to_C_to_B,receiver_standpoint_reconstruction,tc_plus_k,4,-0.8223153615174668,-0.6741890314302034,-0.14812633008726322,0.9952009598080384,105,False
combined_c_fes_gmr72,rank_reward,A_to_C_to_B,receiver_standpoint_reconstruction_shuffled,t0,0,-0.6169385212485772,-0.7456732352041339,0.12873471395555686,0.0015996800639872025,148,True
combined_c_fes_gmr72,rank_reward,A_to_C_to_B,receiver_standpoint_reconstruction_shuffled,t1,1,-0.6199855723858961,-0.7272976982958363,0.10731212590994041,0.010997800439912017,140,True
combined_c_fes_gmr72,rank_reward,A_to_C_to_B,receiver_standpoint_reconstruction_shuffled,t2,2,-0.6142818934301191,-0.721189086548903,0.10690719311878398,0.010997800439912017,132,True
combined_c_fes_gmr72,rank_reward,A_to_C_to_B,receiver_standpoint_reconstruction_shuffled,tc,3,-0.648132969364777,-0.645238986113175,-0.002893983251601968,0.5346930613877224,105,False
combined_c_fes_gmr72,rank_reward,A_to_C_to_B,receiver_standpoint_reconstruction_shuffled,tc_plus_k,4,-0.8223153615174668,-0.7511348620022454,-0.07118049951522129,0.8834233153369326,105,False
combined_c_fes_gmr72,rank_reward,A_to_C_to_B,mapping_inversion,t0,0,-0.6169385212485772,-0.6553289950177017,0.038390473769124654,0.20155968806238753,148,False
combined_c_fes_gmr72,rank_reward,A_to_C_to_B,mapping_inversion,t1,1,-0.6199855723858961,-0.6480158613524102,0.02803028896651425,0.28274345130973805,140,False
combined_c_fes_gmr72,rank_reward,A_to_C_to_B,mapping_inversion,t2,2,-0.6142818934301191,-0.6622848584600574,0.0480029650299385,0.17076584683063387,132,False
combined_c_fes_gmr72,rank_reward,A_to_C_to_B,mapping_inversion,tc,3,-0.648132969364777,-0.5536568520753805,-0.09447611728939644,0.9544091181763648,105,False
combined_c_fes_gmr72,rank_reward,A_to_C_to_B,mapping_inversion,tc_plus_k,4,-0.8223153615174668,-0.7787234953680792,-0.04359186614938758,0.7866426714657069,105,False
combined_c_fes_gmr72,rank_reward,A_to_C_to_B,side_shuffle,t0,0,-0.6169385212485772,-0.722706630633051,0.10576810938447391,0.005398920215956809,148,True
combined_c_fes_gmr72,rank_reward,A_to_C_to_B,side_shuffle,t1,1,-0.6199855723858961,-0.7127339062017692,0.09274833381587333,0.015796840631873626,140,True
combined_c_fes_gmr72,rank_reward,A_to_C_to_B,side_shuffle,t2,2,-0.6142818934301191,-0.7096741678610666,0.0953922744309477,0.022195560887822437,132,True
combined_c_fes_gmr72,rank_reward,A_to_C_to_B,side_shuffle,tc,3,-0.648132969364777,-0.6397926193032752,-0.008340350061501724,0.5654869026194761,105,False
combined_c_fes_gmr72,rank_reward,A_to_C_to_B,side_shuffle,tc_plus_k,4,-0.8223153615174668,-0.7746542333770167,-0.04766112814044989,0.8036392721455708,105,False
combined_c_fes_gmr72,rank_reward,A_to_C_to_B,unsigned_side_gap,t0,0,-0.6169385212485772,-0.6768880068551805,0.05994948560660334,0.07978404319136173,148,False
combined_c_fes_gmr72,rank_reward,A_to_C_to_B,unsigned_side_gap,t1,1,-0.6199855723858961,-0.670590771894813,0.05060519950891706,0.11297740451909619,140,False
combined_c_fes_gmr72,rank_reward,A_to_C_to_B,unsigned_side_gap,t2,2,-0.6142818934301191,-0.6760994771008372,0.0618175836707183,0.08018396320735853,132,False
combined_c_fes_gmr72,rank_reward,A_to_C_to_B,unsigned_side_gap,tc,3,-0.648132969364777,-0.610236746824323,-0.03789622254045388,0.8250349930013997,105,False
combined_c_fes_gmr72,rank_reward,A_to_C_to_B,unsigned_side_gap,tc_plus_k,4,-0.8223153615174668,-0.7617045007601979,-0.06061086075726883,0.8520295940811837,105,False
combined_c_fes_gmr72,rank_reward,A_to_C_to_B,polarity_magnitude_only,t0,0,-0.6169385212485772,-0.6768880068551805,0.05994948560660334,0.07758448310337933,148,False
combined_c_fes_gmr72,rank_reward,A_to_C_to_B,polarity_magnitude_only,t1,1,-0.6199855723858961,-0.670590771894813,0.05060519950891706,0.11797640471905618,140,False
combined_c_fes_gmr72,rank_reward,A_to_C_to_B,polarity_magnitude_only,t2,2,-0.6142818934301191,-0.6760994771008372,0.0618175836707183,0.08078384323135374,132,False
combined_c_fes_gmr72,rank_reward,A_to_C_to_B,polarity_magnitude_only,tc,3,-0.648132969364777,-0.610236746824323,-0.03789622254045388,0.8300339932013597,105,False
combined_c_fes_gmr72,rank_reward,A_to_C_to_B,polarity_magnitude_only,tc_plus_k,4,-0.8223153615174668,-0.7617045007601979,-0.06061086075726883,0.8514297140571886,105,False
combined_c_fes_gmr72,rank_reward,A_to_C_to_B,receiver_side_only,t0,0,-0.6169385212485772,-0.658046436562555,0.04110791531397781,0.16816636672665466,148,False
combined_c_fes_gmr72,rank_reward,A_to_C_to_B,receiver_side_only,t1,1,-0.6199855723858961,-0.655736407411187,0.03575083502529097,0.20055988802239552,140,False
combined_c_fes_gmr72,rank_reward,A_to_C_to_B,receiver_side_only,t2,2,-0.6142818934301191,-0.6646881762946232,0.050406282864504146,0.14057188562287543,132,False
combined_c_fes_gmr72,rank_reward,A_to_C_to_B,receiver_side_only,tc,3,-0.648132969364777,-0.6398054375741655,-0.008327531790611548,0.5790841831633673,105,False
combined_c_fes_gmr72,rank_reward,A_to_C_to_B,receiver_side_only,tc_plus_k,4,-0.8223153615174668,-0.734565255937359,-0.08775010558010776,0.9340131973605279,105,False
combined_c_fes_gmr72,rank_reward,A_to_C_to_B,giver_side_only,t0,0,-0.6169385212485772,-0.6532178671013358,0.03627934585275875,0.20695860827834434,148,False
combined_c_fes_gmr72,rank_reward,A_to_C_to_B,giver_side_only,t1,1,-0.6199855723858961,-0.6450690859627258,0.025083513576829794,0.28734253149370126,140,False
combined_c_fes_gmr72,rank_reward,A_to_C_to_B,giver_side_only,t2,2,-0.6142818934301191,-0.6545635193111041,0.04028162588098526,0.19976004799040192,132,False
combined_c_fes_gmr72,rank_reward,A_to_C_to_B,giver_side_only,tc,3,-0.648132969364777,-0.5918739353984568,-0.05625903396632014,0.9238152369526095,105,False
combined_c_fes_gmr72,rank_reward,A_to_C_to_B,giver_side_only,tc_plus_k,4,-0.8223153615174668,-0.7734106790102125,-0.04890468250725409,0.8016396720655868,105,False
combined_c_fes_gmr72,rank_reward,A_to_C_to_B,standpoint_polarity_preserved,t0,0,-0.6169385212485772,-0.6305273724187125,0.013588851170135492,0.3883223355328934,148,False
combined_c_fes_gmr72,rank_reward,A_to_C_to_B,standpoint_polarity_preserved,t1,1,-0.6199855723858961,-0.6280209873465739,0.008035414960677983,0.4179164167166567,140,False
combined_c_fes_gmr72,rank_reward,A_to_C_to_B,standpoint_polarity_preserved,t2,2,-0.6142818934301191,-0.6399373715809344,0.025655478150815435,0.28254349130173967,132,False
combined_c_fes_gmr72,rank_reward,A_to_C_to_B,standpoint_polarity_preserved,tc,3,-0.648132969364777,-0.6422332239255267,-0.0058997454392502435,0.5482903419316136,105,False
combined_c_fes_gmr72,rank_reward,A_to_C_to_B,standpoint_polarity_preserved,tc_plus_k,4,-0.8223153615174668,-0.6988312805850957,-0.12348408093237101,0.9926014797040592,105,False
combined_c_fes_gmr72,rank_reward,A_to_C_to_B,standpoint_polarity_inverted,t0,0,-0.6169385212485772,-0.659760956981904,0.04282243573332687,0.17056588682263546,148,False
combined_c_fes_gmr72,rank_reward,A_to_C_to_B,standpoint_polarity_inverted,t1,1,-0.6199855723858961,-0.6526326788057712,0.03264710641987534,0.2409518096380724,140,False
combined_c_fes_gmr72,rank_reward,A_to_C_to_B,standpoint_polarity_inverted,t2,2,-0.6142818934301191,-0.6632466673550172,0.048964773924898376,0.14957008598280344,132,False
combined_c_fes_gmr72,rank_reward,A_to_C_to_B,standpoint_polarity_inverted,tc,3,-0.648132969364777,-0.5782502700304734,-0.06988269933430373,0.9466106778644271,105,False
combined_c_fes_gmr72,rank_reward,A_to_C_to_B,standpoint_polarity_inverted,tc_plus_k,4,-0.8223153615174668,-0.7635694639619375,-0.058745897555529156,0.8666266746650669,105,False
combined_c_fes_gmr72,rank_reward,A_to_C_to_B,ab_exchange_receiver_standpoint,t0,0,-0.6169385212485772,-0.6496849870595508,0.03274646581097361,0.23595280943811237,148,False
combined_c_fes_gmr72,rank_reward,A_to_C_to_B,ab_exchange_receiver_standpoint,t1,1,-0.6199855723858961,-0.6406654024060308,0.02067983002013485,0.3255348930213957,140,False
combined_c_fes_gmr72,rank_reward,A_to_C_to_B,ab_exchange_receiver_standpoint,t2,2,-0.6142818934301191,-0.6520543807621285,0.0377724873320095,0.23555288942211558,132,False
combined_c_fes_gmr72,rank_reward,A_to_C_to_B,ab_exchange_receiver_standpoint,tc,3,-0.648132969364777,-0.5722616574011403,-0.07587131196363665,0.9456108778244351,105,False
combined_c_fes_gmr72,rank_reward,A_to_C_to_B,ab_exchange_receiver_standpoint,tc_plus_k,4,-0.8223153615174668,-0.8103849045371645,-0.011930456980302234,0.5924815036992601,105,False
combined_c_fes_gmr72,rank_reward,A_to_C_to_B,mirrored_receiver_standpoint,t0,0,-0.6169385212485772,-0.6358733755451832,0.018934854296606116,0.32953409318136373,148,False
combined_c_fes_gmr72,rank_reward,A_to_C_to_B,mirrored_receiver_standpoint,t1,1,-0.6199855723858961,-0.6334267620921868,0.013441189706290942,0.3825234953009398,140,False
combined_c_fes_gmr72,rank_reward,A_to_C_to_B,mirrored_receiver_standpoint,t2,2,-0.6142818934301191,-0.6446339211923401,0.03035202776222125,0.2599480103979204,132,False
combined_c_fes_gmr72,rank_reward,A_to_C_to_B,mirrored_receiver_standpoint,tc,3,-0.648132969364777,-0.5909808594079301,-0.057152109956846914,0.9188162367526495,105,False
combined_c_fes_gmr72,rank_reward,A_to_C_to_B,mirrored_receiver_standpoint,tc_plus_k,4,-0.8223153615174668,-0.7126242901176875,-0.10969107139977922,0.9818036392721455,105,False
combined_c_fes_gmr72,rank_reward,A_to_C_to_B,normalization_matched_receiver_standpoint,t0,0,-0.6169385212485772,-0.7046932458210522,0.08775472457247514,0.022795440911817635,148,True
combined_c_fes_gmr72,rank_reward,A_to_C_to_B,normalization_matched_receiver_standpoint,t1,1,-0.6199855723858961,-0.6927934811250781,0.07280790873918211,0.04519096180763847,140,True
combined_c_fes_gmr72,rank_reward,A_to_C_to_B,normalization_matched_receiver_standpoint,t2,2,-0.6142818934301191,-0.6951265688270287,0.08084467539690984,0.03679264147170566,132,True
combined_c_fes_gmr72,rank_reward,A_to_C_to_B,normalization_matched_receiver_standpoint,tc,3,-0.648132969364777,-0.6477688143121213,-0.00036415505265572674,0.49870025994801037,105,False
combined_c_fes_gmr72,rank_reward,A_to_C_to_B,normalization_matched_receiver_standpoint,tc_plus_k,4,-0.8223153615174668,-0.7496386389323071,-0.07267672258515959,0.9270145970805839,105,False
combined_c_fes_gmr72,rank_reward,A_to_C_to_B,reward_symmetry_control,t0,0,-0.6169385212485772,-0.639609272857274,0.02267075160869672,0.3111377724455109,148,False
combined_c_fes_gmr72,rank_reward,A_to_C_to_B,reward_symmetry_control,t1,1,-0.6199855723858961,-0.6358221250882483,0.015836552702352374,0.373125374925015,140,False
combined_c_fes_gmr72,rank_reward,A_to_C_to_B,reward_symmetry_control,t2,2,-0.6142818934301191,-0.6489599424880219,0.03467804905790288,0.24755048990201958,132,False
combined_c_fes_gmr72,rank_reward,A_to_C_to_B,reward_symmetry_control,tc,3,-0.648132969364777,-0.6109355703521597,-0.037197399012617295,0.8390321935612878,105,False
combined_c_fes_gmr72,rank_reward,A_to_C_to_B,reward_symmetry_control,tc_plus_k,4,-0.8223153615174668,-0.6970314951888426,-0.12528386632862398,0.9838032393521295,105,False
combined_c_fes_gmr72,rank_reward,A_to_C_to_B,endpoint_o1o2_reference,t0,0,-0.6542191687064044,-0.30634534229506155,-0.3478738264113427,1.0,143,False
combined_c_fes_gmr72,rank_reward,A_to_C_to_B,endpoint_o1o2_reference,t1,1,-0.615480631402668,-0.4072243561722722,-0.2082562752303958,1.0,136,False
combined_c_fes_gmr72,rank_reward,A_to_C_to_B,endpoint_o1o2_reference,t2,2,-0.7089842963285508,-0.3397590856044498,-0.3692252107241009,1.0,129,False
combined_c_fes_gmr72,rank_reward,A_to_C_to_B,endpoint_o1o2_reference,tc,3,-0.6272677082074107,-0.22066120494735816,-0.40660650326005265,1.0,111,False
combined_c_fes_gmr72,rank_reward,A_to_C_to_B,endpoint_o1o2_reference,tc_plus_k,4,-0.6778627848742504,-0.384883225284399,-0.2929795595898516,1.0,111,False
combined_c_fes_gmr72,rank_reward,B_to_C_to_A,unperturbed_baseline,t0,0,-0.6611620915511462,-0.6496849870595508,-0.011477104491595575,0.6154769046190762,148,False
combined_c_fes_gmr72,rank_reward,B_to_C_to_A,unperturbed_baseline,t1,1,-0.6533530941648077,-0.6406654024060308,-0.01268769175877684,0.6124775044991002,140,False
combined_c_fes_gmr72,rank_reward,B_to_C_to_A,unperturbed_baseline,t2,2,-0.6481778775729419,-0.6520543807621285,0.003876503189186531,0.46950609878024396,132,False
combined_c_fes_gmr72,rank_reward,B_to_C_to_A,unperturbed_baseline,tc,3,-0.6533724926105554,-0.5722616574011403,-0.08111083520941514,0.9954009198160368,105,False
combined_c_fes_gmr72,rank_reward,B_to_C_to_A,unperturbed_baseline,tc_plus_k,4,-0.8591324499903216,-0.8103849045371645,-0.048747545453157085,0.907618476304739,105,False
combined_c_fes_gmr72,rank_reward,B_to_C_to_A,sham_perturbation,t0,0,-0.6611620915511462,-0.6496849870595508,-0.011477104491595575,0.609878024395121,148,False
combined_c_fes_gmr72,rank_reward,B_to_C_to_A,sham_perturbation,t1,1,-0.6533530941648077,-0.6406654024060308,-0.01268769175877684,0.6240751849630074,140,False
combined_c_fes_gmr72,rank_reward,B_to_C_to_A,sham_perturbation,t2,2,-0.6481778775729419,-0.6520543807621285,0.003876503189186531,0.45830833833233353,132,False
combined_c_fes_gmr72,rank_reward,B_to_C_to_A,sham_perturbation,tc,3,-0.6533724926105554,-0.5722616574011403,-0.08111083520941514,0.996000799840032,105,False
combined_c_fes_gmr72,rank_reward,B_to_C_to_A,sham_perturbation,tc_plus_k,4,-0.8591324499903216,-0.8103849045371645,-0.048747545453157085,0.9090181963607279,105,False
combined_c_fes_gmr72,rank_reward,B_to_C_to_A,receiver_standpoint_reconstruction,t0,0,-0.6611620915511462,-0.6496849870595508,-0.011477104491595575,0.6146770645870826,148,False
combined_c_fes_gmr72,rank_reward,B_to_C_to_A,receiver_standpoint_reconstruction,t1,1,-0.6533530941648077,-0.6406654024060308,-0.01268769175877684,0.6124775044991002,140,False
combined_c_fes_gmr72,rank_reward,B_to_C_to_A,receiver_standpoint_reconstruction,t2,2,-0.6481778775729419,-0.6520543807621285,0.003876503189186531,0.4589082183563287,132,False
combined_c_fes_gmr72,rank_reward,B_to_C_to_A,receiver_standpoint_reconstruction,tc,3,-0.6533724926105554,-0.5722616574011403,-0.08111083520941514,0.9942011597680463,105,False
combined_c_fes_gmr72,rank_reward,B_to_C_to_A,receiver_standpoint_reconstruction,tc_plus_k,4,-0.8591324499903216,-0.8103849045371645,-0.048747545453157085,0.9142171565686863,105,False
combined_c_fes_gmr72,rank_reward,B_to_C_to_A,receiver_standpoint_reconstruction_shuffled,t0,0,-0.6611620915511462,-0.6435970887058958,-0.017565002845250532,0.6952609478104379,148,False
combined_c_fes_gmr72,rank_reward,B_to_C_to_A,receiver_standpoint_reconstruction_shuffled,t1,1,-0.6533530941648077,-0.6434604908243141,-0.009892603340493609,0.596880623875225,140,False
combined_c_fes_gmr72,rank_reward,B_to_C_to_A,receiver_standpoint_reconstruction_shuffled,t2,2,-0.6481778775729419,-0.6667285572835746,0.018550679710632668,0.3233353329334133,132,False
combined_c_fes_gmr72,rank_reward,B_to_C_to_A,receiver_standpoint_reconstruction_shuffled,tc,3,-0.6533724926105554,-0.567939002565418,-0.08543349004513756,0.9972005598880224,105,False
combined_c_fes_gmr72,rank_reward,B_to_C_to_A,receiver_standpoint_reconstruction_shuffled,tc_plus_k,4,-0.8591324499903216,-0.7318947001879323,-0.12723774980238917,1.0,105,False
combined_c_fes_gmr72,rank_reward,B_to_C_to_A,mapping_inversion,t0,0,-0.6611620915511462,-0.6562524088960134,-0.0049096826551328935,0.5536892621475705,148,False
combined_c_fes_gmr72,rank_reward,B_to_C_to_A,mapping_inversion,t1,1,-0.6533530941648077,-0.648992041738054,-0.0043610524267537155,0.5508898220355929,140,False
combined_c_fes_gmr72,rank_reward,B_to_C_to_A,mapping_inversion,t2,2,-0.6481778775729419,-0.6622848584600574,0.014106980887115532,0.36172765446910615,132,False
combined_c_fes_gmr72,rank_reward,B_to_C_to_A,mapping_inversion,tc,3,-0.6533724926105554,-0.5510537043803306,-0.10231878823022487,0.9986002799440112,105,False
combined_c_fes_gmr72,rank_reward,B_to_C_to_A,mapping_inversion,tc_plus_k,4,-0.8591324499903216,-0.7787234953680792,-0.08040895462224244,0.9788042391521695,105,False
combined_c_fes_gmr72,rank_reward,B_to_C_to_A,side_shuffle,t0,0,-0.6611620915511462,-0.734389679990851,0.07322758843970478,0.022195560887822437,148,True
combined_c_fes_gmr72,rank_reward,B_to_C_to_A,side_shuffle,t1,1,-0.6533530941648077,-0.7106362843294362,0.05728319016462849,0.07398520295940812,140,False
combined_c_fes_gmr72,rank_reward,B_to_C_to_A,side_shuffle,t2,2,-0.6481778775729419,-0.7077302787154298,0.05955240114248805,0.055188962207558485,132,False
combined_c_fes_gmr72,rank_reward,B_to_C_to_A,side_shuffle,tc,3,-0.6533724926105554,-0.638527734424591,-0.014844758185964563,0.6936612677464508,105,False
combined_c_fes_gmr72,rank_reward,B_to_C_to_A,side_shuffle,tc_plus_k,4,-0.8591324499903216,-0.7463782763000256,-0.11275417369029592,0.998000399920016,105,False
combined_c_fes_gmr72,rank_reward,B_to_C_to_A,unsigned_side_gap,t0,0,-0.6611620915511462,-0.6768880068551805,0.01572591530403416,0.3139372125574885,148,False
combined_c_fes_gmr72,rank_reward,B_to_C_to_A,unsigned_side_gap,t1,1,-0.6533530941648077,-0.670590771894813,0.01723767773000538,0.3183363327334533,140,False
combined_c_fes_gmr72,rank_reward,B_to_C_to_A,unsigned_side_gap,t2,2,-0.6481778775729419,-0.6760994771008372,0.027921599527895347,0.21975604879024196,132,False
combined_c_fes_gmr72,rank_reward,B_to_C_to_A,unsigned_side_gap,tc,3,-0.6533724926105554,-0.610236746824323,-0.043135745786232374,0.9304139172165566,105,False
combined_c_fes_gmr72,rank_reward,B_to_C_to_A,unsigned_side_gap,tc_plus_k,4,-0.8591324499903216,-0.7617045007601979,-0.09742794923012368,0.998000399920016,105,False
combined_c_fes_gmr72,rank_reward,B_to_C_to_A,polarity_magnitude_only,t0,0,-0.6611620915511462,-0.6768880068551805,0.01572591530403416,0.3271345730853829,148,False
combined_c_fes_gmr72,rank_reward,B_to_C_to_A,polarity_magnitude_only,t1,1,-0.6533530941648077,-0.670590771894813,0.01723767773000538,0.32113577284543093,140,False
combined_c_fes_gmr72,rank_reward,B_to_C_to_A,polarity_magnitude_only,t2,2,-0.6481778775729419,-0.6760994771008372,0.027921599527895347,0.22335532893421317,132,False
combined_c_fes_gmr72,rank_reward,B_to_C_to_A,polarity_magnitude_only,tc,3,-0.6533724926105554,-0.610236746824323,-0.043135745786232374,0.9286142771445711,105,False
combined_c_fes_gmr72,rank_reward,B_to_C_to_A,polarity_magnitude_only,tc_plus_k,4,-0.8591324499903216,-0.7617045007601979,-0.09742794923012368,0.9976004799040192,105,False
combined_c_fes_gmr72,rank_reward,B_to_C_to_A,receiver_side_only,t0,0,-0.6611620915511462,-0.6532178671013358,-0.007944224449810439,0.5744851029794041,148,False
combined_c_fes_gmr72,rank_reward,B_to_C_to_A,receiver_side_only,t1,1,-0.6533530941648077,-0.6450690859627258,-0.008284008202081895,0.5850829834033193,140,False
combined_c_fes_gmr72,rank_reward,B_to_C_to_A,receiver_side_only,t2,2,-0.6481778775729419,-0.6545635193111041,0.006385641738162301,0.42491501699660067,132,False
combined_c_fes_gmr72,rank_reward,B_to_C_to_A,receiver_side_only,tc,3,-0.6533724926105554,-0.5918739353984568,-0.061498557212098626,0.9872025594881024,105,False
combined_c_fes_gmr72,rank_reward,B_to_C_to_A,receiver_side_only,tc_plus_k,4,-0.8591324499903216,-0.7734106790102125,-0.08572177098010893,0.9916016796640672,105,False
combined_c_fes_gmr72,rank_reward,B_to_C_to_A,giver_side_only,t0,0,-0.6611620915511462,-0.658046436562555,-0.0031156549885913657,0.5418916216756648,148,False
combined_c_fes_gmr72,rank_reward,B_to_C_to_A,giver_side_only,t1,1,-0.6533530941648077,-0.655736407411187,0.002383313246379269,0.48050389922015596,140,False
combined_c_fes_gmr72,rank_reward,B_to_C_to_A,giver_side_only,t2,2,-0.6481778775729419,-0.6646881762946232,0.0165102987216812,0.31593681263747253,132,False
combined_c_fes_gmr72,rank_reward,B_to_C_to_A,giver_side_only,tc,3,-0.6533724926105554,-0.6398054375741655,-0.013567055036390038,0.6664667066586683,105,False
combined_c_fes_gmr72,rank_reward,B_to_C_to_A,giver_side_only,tc_plus_k,4,-0.8591324499903216,-0.734565255937359,-0.12456719405296263,0.9998000399920016,105,False
combined_c_fes_gmr72,rank_reward,B_to_C_to_A,standpoint_polarity_preserved,t0,0,-0.6611620915511462,-0.659760956981904,-0.0014011345692423198,0.4937012597480504,148,False
combined_c_fes_gmr72,rank_reward,B_to_C_to_A,standpoint_polarity_preserved,t1,1,-0.6533530941648077,-0.6526326788057712,-0.0007204153590363669,0.4963007398520296,140,False
combined_c_fes_gmr72,rank_reward,B_to_C_to_A,standpoint_polarity_preserved,t2,2,-0.6481778775729419,-0.6632466673550172,0.015068789782075405,0.35432913417316536,132,False
combined_c_fes_gmr72,rank_reward,B_to_C_to_A,standpoint_polarity_preserved,tc,3,-0.6533724926105554,-0.5782502700304734,-0.0751222225800822,0.9938012397520496,105,False
combined_c_fes_gmr72,rank_reward,B_to_C_to_A,standpoint_polarity_preserved,tc_plus_k,4,-0.8591324499903216,-0.7635694639619375,-0.09556298602838402,0.9984003199360127,105,False
combined_c_fes_gmr72,rank_reward,B_to_C_to_A,standpoint_polarity_inverted,t0,0,-0.6611620915511462,-0.6305273724187125,-0.030634719132433694,0.8080383923215357,148,False
combined_c_fes_gmr72,rank_reward,B_to_C_to_A,standpoint_polarity_inverted,t1,1,-0.6533530941648077,-0.6280209873465739,-0.02533210681823371,0.7476504699060188,140,False
combined_c_fes_gmr72,rank_reward,B_to_C_to_A,standpoint_polarity_inverted,t2,2,-0.6481778775729419,-0.6399373715809344,-0.008240505992007529,0.5882823435312937,132,False
combined_c_fes_gmr72,rank_reward,B_to_C_to_A,standpoint_polarity_inverted,tc,3,-0.6533724926105554,-0.6422332239255267,-0.011139268685028717,0.6318736252749451,105,False
combined_c_fes_gmr72,rank_reward,B_to_C_to_A,standpoint_polarity_inverted,tc_plus_k,4,-0.8591324499903216,-0.6988312805850957,-0.16030116940522585,1.0,105,False
combined_c_fes_gmr72,rank_reward,B_to_C_to_A,ab_exchange_receiver_standpoint,t0,0,-0.6611620915511462,-0.6311028482100351,-0.030059243341110972,0.7946410717856429,148,False
combined_c_fes_gmr72,rank_reward,B_to_C_to_A,ab_exchange_receiver_standpoint,t1,1,-0.6533530941648077,-0.6226466326507563,-0.030706461514051403,0.7846430713857229,140,False
combined_c_fes_gmr72,rank_reward,B_to_C_to_A,ab_exchange_receiver_standpoint,t2,2,-0.6481778775729419,-0.6375401786775355,-0.010637698895406273,0.6008798240351929,132,False
combined_c_fes_gmr72,rank_reward,B_to_C_to_A,ab_exchange_receiver_standpoint,tc,3,-0.6533724926105554,-0.5946050420798092,-0.05876745053074618,0.9724055188962207,105,False
combined_c_fes_gmr72,rank_reward,B_to_C_to_A,ab_exchange_receiver_standpoint,tc_plus_k,4,-0.8591324499903216,-0.6741890314302034,-0.1849434185601181,1.0,105,False
combined_c_fes_gmr72,rank_reward,B_to_C_to_A,mirrored_receiver_standpoint,t0,0,-0.6611620915511462,-0.6350837896586107,-0.026078301892535658,0.7438512297540492,148,False
combined_c_fes_gmr72,rank_reward,B_to_C_to_A,mirrored_receiver_standpoint,t1,1,-0.6533530941648077,-0.6325920570120959,-0.020761037152711777,0.7024595080983803,140,False
combined_c_fes_gmr72,rank_reward,B_to_C_to_A,mirrored_receiver_standpoint,t2,2,-0.6481778775729419,-0.6446339211923401,-0.00354395638060172,0.533493301339732,132,False
combined_c_fes_gmr72,rank_reward,B_to_C_to_A,mirrored_receiver_standpoint,tc,3,-0.6533724926105554,-0.5932067396215062,-0.0601657529890493,0.9536092781443711,105,False
combined_c_fes_gmr72,rank_reward,B_to_C_to_A,mirrored_receiver_standpoint,tc_plus_k,4,-0.8591324499903216,-0.7126242901176875,-0.1465081598726341,1.0,105,False
combined_c_fes_gmr72,rank_reward,B_to_C_to_A,normalization_matched_receiver_standpoint,t0,0,-0.6611620915511462,-0.6902531902900972,0.029091098738951018,0.21915616876624675,148,False
combined_c_fes_gmr72,rank_reward,B_to_C_to_A,normalization_matched_receiver_standpoint,t1,1,-0.6533530941648077,-0.6851703298922793,0.03181723572747159,0.21275744851029793,140,False
combined_c_fes_gmr72,rank_reward,B_to_C_to_A,normalization_matched_receiver_standpoint,t2,2,-0.6481778775729419,-0.6963011151991993,0.0481232376262574,0.10577884423115377,132,False
combined_c_fes_gmr72,rank_reward,B_to_C_to_A,normalization_matched_receiver_standpoint,tc,3,-0.6533724926105554,-0.6473778179350671,-0.005994674675488282,0.5982803439312138,105,False
combined_c_fes_gmr72,rank_reward,B_to_C_to_A,normalization_matched_receiver_standpoint,tc_plus_k,4,-0.8591324499903216,-0.7598894589546966,-0.09924299103562498,0.9978004399120176,105,False
combined_c_fes_gmr72,rank_reward,B_to_C_to_A,reward_symmetry_control,t0,0,-0.6611620915511462,-0.639609272857274,-0.021552818693872454,0.7128574285142971,148,False
combined_c_fes_gmr72,rank_reward,B_to_C_to_A,reward_symmetry_control,t1,1,-0.6533530941648077,-0.6358221250882483,-0.017530969076559325,0.6730653869226155,140,False
combined_c_fes_gmr72,rank_reward,B_to_C_to_A,reward_symmetry_control,t2,2,-0.6481778775729419,-0.6489599424880219,0.0007820649150799132,0.4917016596680664,132,False
combined_c_fes_gmr72,rank_reward,B_to_C_to_A,reward_symmetry_control,tc,3,-0.6533724926105554,-0.6109355703521597,-0.04243692225839581,0.9490101979604079,105,False
combined_c_fes_gmr72,rank_reward,B_to_C_to_A,reward_symmetry_control,tc_plus_k,4,-0.8591324499903216,-0.6970314951888426,-0.16210095480147885,1.0,105,False
combined_c_fes_gmr72,rank_reward,B_to_C_to_A,endpoint_o1o2_reference,t0,0,-0.667893786290452,-0.30634534229506155,-0.3615484439953904,1.0,143,False
combined_c_fes_gmr72,rank_reward,B_to_C_to_A,endpoint_o1o2_reference,t1,1,-0.7058562540883919,-0.4072243561722722,-0.2986318979161197,1.0,136,False
combined_c_fes_gmr72,rank_reward,B_to_C_to_A,endpoint_o1o2_reference,t2,2,-0.7523450953559737,-0.3397590856044498,-0.41258600975152393,1.0,129,False
combined_c_fes_gmr72,rank_reward,B_to_C_to_A,endpoint_o1o2_reference,tc,3,-0.5856068403813608,-0.22066120494735816,-0.3649456354340024,1.0,111,False
combined_c_fes_gmr72,rank_reward,B_to_C_to_A,endpoint_o1o2_reference,tc_plus_k,4,-0.721925972671672,-0.384883225284399,-0.3370427473872728,1.0,111,False
combined_c_fes_gmr72,gmr72_bridge_composite,A_to_C_to_B,unperturbed_baseline,t0,0,-0.26294589259964346,-0.2908773255919374,0.02793143299229394,0.059988002399520096,148,False
combined_c_fes_gmr72,gmr72_bridge_composite,A_to_C_to_B,unperturbed_baseline,t1,1,-0.2677806226258165,-0.2932993764967208,0.025518753870904312,0.08278344331133773,140,False
combined_c_fes_gmr72,gmr72_bridge_composite,A_to_C_to_B,unperturbed_baseline,t2,2,-0.2696421082811127,-0.29935124233493104,0.02970913405381834,0.0615876824635073,132,False
combined_c_fes_gmr72,gmr72_bridge_composite,A_to_C_to_B,unperturbed_baseline,tc,3,-0.25436069676281253,-0.21747213743618646,-0.03688855932662608,0.9972005598880224,105,False
combined_c_fes_gmr72,gmr72_bridge_composite,A_to_C_to_B,unperturbed_baseline,tc_plus_k,4,-0.3223120374168211,-0.2810095148367321,-0.04130252258008902,0.9896020795840832,105,False
combined_c_fes_gmr72,gmr72_bridge_composite,A_to_C_to_B,sham_perturbation,t0,0,-0.26294589259964346,-0.2908773255919374,0.02793143299229394,0.05658868226354729,148,False
combined_c_fes_gmr72,gmr72_bridge_composite,A_to_C_to_B,sham_perturbation,t1,1,-0.2677806226258165,-0.2932993764967208,0.025518753870904312,0.08578284343131373,140,False
combined_c_fes_gmr72,gmr72_bridge_composite,A_to_C_to_B,sham_perturbation,t2,2,-0.2696421082811127,-0.29935124233493104,0.02970913405381834,0.057788442311537694,132,False
combined_c_fes_gmr72,gmr72_bridge_composite,A_to_C_to_B,sham_perturbation,tc,3,-0.25436069676281253,-0.21747213743618646,-0.03688855932662608,0.9958008398320336,105,False
combined_c_fes_gmr72,gmr72_bridge_composite,A_to_C_to_B,sham_perturbation,tc_plus_k,4,-0.3223120374168211,-0.2810095148367321,-0.04130252258008902,0.9862027594481104,105,False
combined_c_fes_gmr72,gmr72_bridge_composite,A_to_C_to_B,receiver_standpoint_reconstruction,t0,0,-0.26294589259964346,-0.2908773255919374,0.02793143299229394,0.0625874825034993,148,False
combined_c_fes_gmr72,gmr72_bridge_composite,A_to_C_to_B,receiver_standpoint_reconstruction,t1,1,-0.2677806226258165,-0.2932993764967208,0.025518753870904312,0.08478304339132174,140,False
combined_c_fes_gmr72,gmr72_bridge_composite,A_to_C_to_B,receiver_standpoint_reconstruction,t2,2,-0.2696421082811127,-0.29935124233493104,0.02970913405381834,0.0625874825034993,132,False
combined_c_fes_gmr72,gmr72_bridge_composite,A_to_C_to_B,receiver_standpoint_reconstruction,tc,3,-0.25436069676281253,-0.21747213743618646,-0.03688855932662608,0.9964007198560288,105,False
combined_c_fes_gmr72,gmr72_bridge_composite,A_to_C_to_B,receiver_standpoint_reconstruction,tc_plus_k,4,-0.3223120374168211,-0.2810095148367321,-0.04130252258008902,0.9908018396320736,105,False
combined_c_fes_gmr72,gmr72_bridge_composite,A_to_C_to_B,receiver_standpoint_reconstruction_shuffled,t0,0,-0.26294589259964346,-0.29649629238186004,0.03355039978221652,0.01999600079984003,148,True
combined_c_fes_gmr72,gmr72_bridge_composite,A_to_C_to_B,receiver_standpoint_reconstruction_shuffled,t1,1,-0.2677806226258165,-0.29771563157897185,0.02993500895315543,0.05078984203159368,140,False
combined_c_fes_gmr72,gmr72_bridge_composite,A_to_C_to_B,receiver_standpoint_reconstruction_shuffled,t2,2,-0.2696421082811127,-0.3040548810515971,0.03441277277048436,0.026994601079784044,132,True
combined_c_fes_gmr72,gmr72_bridge_composite,A_to_C_to_B,receiver_standpoint_reconstruction_shuffled,tc,3,-0.25436069676281253,-0.22169341085152336,-0.03266728591128917,0.993001399720056,105,False
combined_c_fes_gmr72,gmr72_bridge_composite,A_to_C_to_B,receiver_standpoint_reconstruction_shuffled,tc_plus_k,4,-0.3223120374168211,-0.2837240462250348,-0.0385879911917863,0.9860027994401119,105,False
combined_c_fes_gmr72,gmr72_bridge_composite,A_to_C_to_B,mapping_inversion,t0,0,-0.26294589259964346,-0.29117465870099846,0.028228766101354934,0.06978604279144171,148,False
combined_c_fes_gmr72,gmr72_bridge_composite,A_to_C_to_B,mapping_inversion,t1,1,-0.2677806226258165,-0.2927167066689252,0.024936084043108733,0.09998000399920016,140,False
combined_c_fes_gmr72,gmr72_bridge_composite,A_to_C_to_B,mapping_inversion,t2,2,-0.2696421082811127,-0.29854284224754657,0.028900733966433827,0.07638472305538892,132,False
combined_c_fes_gmr72,gmr72_bridge_composite,A_to_C_to_B,mapping_inversion,tc,3,-0.25436069676281253,-0.2110990677268643,-0.0432616290359482,0.999000199960008,105,False
combined_c_fes_gmr72,gmr72_bridge_composite,A_to_C_to_B,mapping_inversion,tc_plus_k,4,-0.3223120374168211,-0.2883344401052017,-0.03397759731161934,0.9726054789042191,105,False
combined_c_fes_gmr72,gmr72_bridge_composite,A_to_C_to_B,side_shuffle,t0,0,-0.26294589259964346,-0.29567902726437484,0.03273313466473129,0.03559288142371526,148,True
combined_c_fes_gmr72,gmr72_bridge_composite,A_to_C_to_B,side_shuffle,t1,1,-0.2677806226258165,-0.29705459503525994,0.029273972409443433,0.0629874025194961,140,False
combined_c_fes_gmr72,gmr72_bridge_composite,A_to_C_to_B,side_shuffle,t2,2,-0.2696421082811127,-0.30654465396041003,0.03690254567929732,0.02959408118376325,132,True
combined_c_fes_gmr72,gmr72_bridge_composite,A_to_C_to_B,side_shuffle,tc,3,-0.25436069676281253,-0.21553857540748222,-0.03882212135533034,0.9982003599280144,105,False
combined_c_fes_gmr72,gmr72_bridge_composite,A_to_C_to_B,side_shuffle,tc_plus_k,4,-0.3223120374168211,-0.2855670200418345,-0.036745017374986595,0.9866026794641072,105,False
combined_c_fes_gmr72,gmr72_bridge_composite,A_to_C_to_B,unsigned_side_gap,t0,0,-0.26294589259964346,-0.2942653930239688,0.03131950042432523,0.04899020195960808,148,True
combined_c_fes_gmr72,gmr72_bridge_composite,A_to_C_to_B,unsigned_side_gap,t1,1,-0.2677806226258165,-0.2964257983598785,0.028645175734061962,0.0611877624475105,140,False
combined_c_fes_gmr72,gmr72_bridge_composite,A_to_C_to_B,unsigned_side_gap,t2,2,-0.2696421082811127,-0.303388606198962,0.03374649791784932,0.038592281543691265,132,True
combined_c_fes_gmr72,gmr72_bridge_composite,A_to_C_to_B,unsigned_side_gap,tc,3,-0.25436069676281253,-0.21840904872527866,-0.035951648037533895,0.9998000399920016,105,False
combined_c_fes_gmr72,gmr72_bridge_composite,A_to_C_to_B,unsigned_side_gap,tc_plus_k,4,-0.3223120374168211,-0.2824845820082993,-0.039827455408521784,0.9932013597280543,105,False
combined_c_fes_gmr72,gmr72_bridge_composite,A_to_C_to_B,polarity_magnitude_only,t0,0,-0.26294589259964346,-0.2942653930239688,0.03131950042432523,0.041991601679664065,148,True
combined_c_fes_gmr72,gmr72_bridge_composite,A_to_C_to_B,polarity_magnitude_only,t1,1,-0.2677806226258165,-0.2964257983598785,0.028645175734061962,0.060587882423515295,140,False
combined_c_fes_gmr72,gmr72_bridge_composite,A_to_C_to_B,polarity_magnitude_only,t2,2,-0.2696421082811127,-0.303388606198962,0.03374649791784932,0.033993201359728054,132,True
combined_c_fes_gmr72,gmr72_bridge_composite,A_to_C_to_B,polarity_magnitude_only,tc,3,-0.25436069676281253,-0.21840904872527866,-0.035951648037533895,0.9982003599280144,105,False
combined_c_fes_gmr72,gmr72_bridge_composite,A_to_C_to_B,polarity_magnitude_only,tc_plus_k,4,-0.3223120374168211,-0.2824845820082993,-0.039827455408521784,0.993001399720056,105,False
combined_c_fes_gmr72,gmr72_bridge_composite,A_to_C_to_B,receiver_side_only,t0,0,-0.26294589259964346,-0.293851766281868,0.030905873682224427,0.04239152169566087,148,True
combined_c_fes_gmr72,gmr72_bridge_composite,A_to_C_to_B,receiver_side_only,t1,1,-0.2677806226258165,-0.29748455994041917,0.029703937314602642,0.05058988202359528,140,False
combined_c_fes_gmr72,gmr72_bridge_composite,A_to_C_to_B,receiver_side_only,t2,2,-0.2696421082811127,-0.30506520466147674,0.03542309638036394,0.027594481103779243,132,True
combined_c_fes_gmr72,gmr72_bridge_composite,A_to_C_to_B,receiver_side_only,tc,3,-0.25436069676281253,-0.2197802637911249,-0.034580432971687655,0.998000399920016,105,False
combined_c_fes_gmr72,gmr72_bridge_composite,A_to_C_to_B,receiver_side_only,tc_plus_k,4,-0.3223120374168211,-0.28698025935809834,-0.03533177805872277,0.981003799240152,105,False
combined_c_fes_gmr72,gmr72_bridge_composite,A_to_C_to_B,giver_side_only,t0,0,-0.26294589259964346,-0.29179493739077544,0.028849044791131973,0.0615876824635073,148,False
combined_c_fes_gmr72,gmr72_bridge_composite,A_to_C_to_B,giver_side_only,t1,1,-0.2677806226258165,-0.2937379038690517,0.02595728124323521,0.08338332333533294,140,False
combined_c_fes_gmr72,gmr72_bridge_composite,A_to_C_to_B,giver_side_only,t2,2,-0.2696421082811127,-0.3019007620539375,0.03225865377282477,0.042191561687662464,132,True
combined_c_fes_gmr72,gmr72_bridge_composite,A_to_C_to_B,giver_side_only,tc,3,-0.25436069676281253,-0.20886522912159852,-0.04549546764121402,0.9998000399920016,105,False
combined_c_fes_gmr72,gmr72_bridge_composite,A_to_C_to_B,giver_side_only,tc_plus_k,4,-0.3223120374168211,-0.286592900963731,-0.03571913645309004,0.9896020795840832,105,False
combined_c_fes_gmr72,gmr72_bridge_composite,A_to_C_to_B,standpoint_polarity_preserved,t0,0,-0.26294589259964346,-0.28955743883108187,0.026611546231438347,0.07078584283143372,148,False
combined_c_fes_gmr72,gmr72_bridge_composite,A_to_C_to_B,standpoint_polarity_preserved,t1,1,-0.2677806226258165,-0.2931533364798934,0.02537271385407691,0.08798240351929613,140,False
combined_c_fes_gmr72,gmr72_bridge_composite,A_to_C_to_B,standpoint_polarity_preserved,t2,2,-0.2696421082811127,-0.30081652355092,0.03117441526980721,0.05098980203959208,132,False
combined_c_fes_gmr72,gmr72_bridge_composite,A_to_C_to_B,standpoint_polarity_preserved,tc,3,-0.25436069676281253,-0.21965826766702828,-0.03470242909578427,0.9968006398720256,105,False
combined_c_fes_gmr72,gmr72_bridge_composite,A_to_C_to_B,standpoint_polarity_preserved,tc_plus_k,4,-0.3223120374168211,-0.2829729619141091,-0.03933907550271199,0.9882023595280944,105,False
combined_c_fes_gmr72,gmr72_bridge_composite,A_to_C_to_B,standpoint_polarity_inverted,t0,0,-0.26294589259964346,-0.2950520064444471,0.03210611384480356,0.033393321335732855,148,True
combined_c_fes_gmr72,gmr72_bridge_composite,A_to_C_to_B,standpoint_polarity_inverted,t1,1,-0.2677806226258165,-0.29705802676412696,0.0292774041383104,0.0653869226154769,140,False
combined_c_fes_gmr72,gmr72_bridge_composite,A_to_C_to_B,standpoint_polarity_inverted,t2,2,-0.2696421082811127,-0.3050420355151386,0.035399927234025845,0.03699260147970406,132,True
combined_c_fes_gmr72,gmr72_bridge_composite,A_to_C_to_B,standpoint_polarity_inverted,tc,3,-0.25436069676281253,-0.20957375355171617,-0.04478694321109632,0.9994001199760048,105,False
combined_c_fes_gmr72,gmr72_bridge_composite,A_to_C_to_B,standpoint_polarity_inverted,tc_plus_k,4,-0.3223120374168211,-0.2938752553354606,-0.028436782081360433,0.9596080783843232,105,False
combined_c_fes_gmr72,gmr72_bridge_composite,A_to_C_to_B,ab_exchange_receiver_standpoint,t0,0,-0.26294589259964346,-0.29295635774440526,0.030010465144761748,0.05558888222355529,148,False
combined_c_fes_gmr72,gmr72_bridge_composite,A_to_C_to_B,ab_exchange_receiver_standpoint,t1,1,-0.2677806226258165,-0.294399952570856,0.026619329945039547,0.08538292341531693,140,False
combined_c_fes_gmr72,gmr72_bridge_composite,A_to_C_to_B,ab_exchange_receiver_standpoint,t2,2,-0.2696421082811127,-0.3011664847397654,0.03152437645865265,0.052389522095580884,132,False
combined_c_fes_gmr72,gmr72_bridge_composite,A_to_C_to_B,ab_exchange_receiver_standpoint,tc,3,-0.25436069676281253,-0.21353914164954682,-0.04082155511326572,0.9982003599280144,105,False
combined_c_fes_gmr72,gmr72_bridge_composite,A_to_C_to_B,ab_exchange_receiver_standpoint,tc_plus_k,4,-0.3223120374168211,-0.29299299331935974,-0.029319044097461375,0.9490101979604079,105,False
combined_c_fes_gmr72,gmr72_bridge_composite,A_to_C_to_B,mirrored_receiver_standpoint,t0,0,-0.26294589259964346,-0.28668910096679356,0.02374320836715002,0.10057988402319536,148,False
combined_c_fes_gmr72,gmr72_bridge_composite,A_to_C_to_B,mirrored_receiver_standpoint,t1,1,-0.2677806226258165,-0.2896990721069202,0.02191844948110368,0.1305738852229554,140,False
combined_c_fes_gmr72,gmr72_bridge_composite,A_to_C_to_B,mirrored_receiver_standpoint,t2,2,-0.2696421082811127,-0.2972526331996509,0.027610524918538135,0.08498300339932013,132,False
combined_c_fes_gmr72,gmr72_bridge_composite,A_to_C_to_B,mirrored_receiver_standpoint,tc,3,-0.25436069676281253,-0.20909060184679334,-0.04527009491601924,0.9998000399920016,105,False
combined_c_fes_gmr72,gmr72_bridge_composite,A_to_C_to_B,mirrored_receiver_standpoint,tc_plus_k,4,-0.3223120374168211,-0.2863673906051788,-0.03594464681164228,0.9834033193361328,105,False
combined_c_fes_gmr72,gmr72_bridge_composite,A_to_C_to_B,normalization_matched_receiver_standpoint,t0,0,-0.26294589259964346,-0.2898198617644573,0.026873969164813726,0.0613877224555089,148,False
combined_c_fes_gmr72,gmr72_bridge_composite,A_to_C_to_B,normalization_matched_receiver_standpoint,t1,1,-0.2677806226258165,-0.2928472629788568,0.02506664035304034,0.08158368326334733,140,False
combined_c_fes_gmr72,gmr72_bridge_composite,A_to_C_to_B,normalization_matched_receiver_standpoint,t2,2,-0.2696421082811127,-0.3006952661041363,0.03105315782302363,0.04599080183963208,132,True
combined_c_fes_gmr72,gmr72_bridge_composite,A_to_C_to_B,normalization_matched_receiver_standpoint,tc,3,-0.25436069676281253,-0.21347038499606863,-0.04089031176674388,0.999000199960008,105,False
combined_c_fes_gmr72,gmr72_bridge_composite,A_to_C_to_B,normalization_matched_receiver_standpoint,tc_plus_k,4,-0.3223120374168211,-0.2896234479015851,-0.03268858951523598,0.9744051189762047,105,False
combined_c_fes_gmr72,gmr72_bridge_composite,A_to_C_to_B,reward_symmetry_control,t0,0,-0.26294589259964346,-0.2896881589170974,0.026742266317453908,0.06678664267146571,148,False
combined_c_fes_gmr72,gmr72_bridge_composite,A_to_C_to_B,reward_symmetry_control,t1,1,-0.2677806226258165,-0.29233029991366855,0.024549677287852064,0.08918216356728655,140,False
combined_c_fes_gmr72,gmr72_bridge_composite,A_to_C_to_B,reward_symmetry_control,t2,2,-0.2696421082811127,-0.2994529781772467,0.029810869896133966,0.05138972205558888,132,False
combined_c_fes_gmr72,gmr72_bridge_composite,A_to_C_to_B,reward_symmetry_control,tc,3,-0.25436069676281253,-0.2111265905500422,-0.04323410621277031,0.9998000399920016,105,False
combined_c_fes_gmr72,gmr72_bridge_composite,A_to_C_to_B,reward_symmetry_control,tc_plus_k,4,-0.3223120374168211,-0.27724580587424613,-0.04506623154257498,0.9974005198960207,105,False
combined_c_fes_gmr72,gmr72_bridge_composite,A_to_C_to_B,endpoint_o1o2_reference,t0,0,-0.27849591095594867,-0.22511000810223386,-0.05338590285371482,0.9992001599680064,143,False
combined_c_fes_gmr72,gmr72_bridge_composite,A_to_C_to_B,endpoint_o1o2_reference,t1,1,-0.2602487946384139,-0.23881911113659204,-0.02142968350182181,0.9394121175764847,136,False
combined_c_fes_gmr72,gmr72_bridge_composite,A_to_C_to_B,endpoint_o1o2_reference,t2,2,-0.30020620841802964,-0.2625434548985422,-0.03766275351948746,0.976004799040192,129,False
combined_c_fes_gmr72,gmr72_bridge_composite,A_to_C_to_B,endpoint_o1o2_reference,tc,3,-0.26096159716889594,-0.20454100379324558,-0.05642059337565036,0.9976004799040192,111,False
combined_c_fes_gmr72,gmr72_bridge_composite,A_to_C_to_B,endpoint_o1o2_reference,tc_plus_k,4,-0.2669962625687545,-0.2357162782045565,-0.031279984364198,0.9494101179764047,111,False
combined_c_fes_gmr72,gmr72_bridge_composite,B_to_C_to_A,unperturbed_baseline,t0,0,-0.27731096003183653,-0.29295635774440526,0.015645397712568756,0.17296540691861628,148,False
combined_c_fes_gmr72,gmr72_bridge_composite,B_to_C_to_A,unperturbed_baseline,t1,1,-0.27755872046022895,-0.294399952570856,0.01684123211062714,0.16896620675864826,140,False
combined_c_fes_gmr72,gmr72_bridge_composite,B_to_C_to_A,unperturbed_baseline,t2,2,-0.28105856463428214,-0.3011664847397654,0.020107920105483214,0.1269746050789842,132,False
combined_c_fes_gmr72,gmr72_bridge_composite,B_to_C_to_A,unperturbed_baseline,tc,3,-0.25273689763537277,-0.21353914164954682,-0.03919775598582595,0.9998000399920016,105,False
combined_c_fes_gmr72,gmr72_bridge_composite,B_to_C_to_A,unperturbed_baseline,tc_plus_k,4,-0.3143827975954249,-0.29299299331935974,-0.021389804276065245,0.9882023595280944,105,False
combined_c_fes_gmr72,gmr72_bridge_composite,B_to_C_to_A,sham_perturbation,t0,0,-0.27731096003183653,-0.29295635774440526,0.015645397712568756,0.17416516696660667,148,False
combined_c_fes_gmr72,gmr72_bridge_composite,B_to_C_to_A,sham_perturbation,t1,1,-0.27755872046022895,-0.294399952570856,0.01684123211062714,0.15636872625474904,140,False
combined_c_fes_gmr72,gmr72_bridge_composite,B_to_C_to_A,sham_perturbation,t2,2,-0.28105856463428214,-0.3011664847397654,0.020107920105483214,0.11657668466306739,132,False
combined_c_fes_gmr72,gmr72_bridge_composite,B_to_C_to_A,sham_perturbation,tc,3,-0.25273689763537277,-0.21353914164954682,-0.03919775598582595,1.0,105,False
combined_c_fes_gmr72,gmr72_bridge_composite,B_to_C_to_A,sham_perturbation,tc_plus_k,4,-0.3143827975954249,-0.29299299331935974,-0.021389804276065245,0.9886022795440912,105,False
combined_c_fes_gmr72,gmr72_bridge_composite,B_to_C_to_A,receiver_standpoint_reconstruction,t0,0,-0.27731096003183653,-0.29295635774440526,0.015645397712568756,0.1799640071985603,148,False
combined_c_fes_gmr72,gmr72_bridge_composite,B_to_C_to_A,receiver_standpoint_reconstruction,t1,1,-0.27755872046022895,-0.294399952570856,0.01684123211062714,0.16676664667066587,140,False
combined_c_fes_gmr72,gmr72_bridge_composite,B_to_C_to_A,receiver_standpoint_reconstruction,t2,2,-0.28105856463428214,-0.3011664847397654,0.020107920105483214,0.131373725254949,132,False
combined_c_fes_gmr72,gmr72_bridge_composite,B_to_C_to_A,receiver_standpoint_reconstruction,tc,3,-0.25273689763537277,-0.21353914164954682,-0.03919775598582595,0.9994001199760048,105,False
combined_c_fes_gmr72,gmr72_bridge_composite,B_to_C_to_A,receiver_standpoint_reconstruction,tc_plus_k,4,-0.3143827975954249,-0.29299299331935974,-0.021389804276065245,0.9888022395520896,105,False
combined_c_fes_gmr72,gmr72_bridge_composite,B_to_C_to_A,receiver_standpoint_reconstruction_shuffled,t0,0,-0.27731096003183653,-0.28764437298216594,0.010333412950329416,0.2715456908618276,148,False
combined_c_fes_gmr72,gmr72_bridge_composite,B_to_C_to_A,receiver_standpoint_reconstruction_shuffled,t1,1,-0.27755872046022895,-0.2878380070976819,0.010279286637453004,0.2595480903819236,140,False
combined_c_fes_gmr72,gmr72_bridge_composite,B_to_C_to_A,receiver_standpoint_reconstruction_shuffled,t2,2,-0.28105856463428214,-0.30307922789110925,0.022020663256827167,0.10657868426314737,132,False
combined_c_fes_gmr72,gmr72_bridge_composite,B_to_C_to_A,receiver_standpoint_reconstruction_shuffled,tc,3,-0.25273689763537277,-0.20798660037663316,-0.044750297258739635,1.0,105,False
combined_c_fes_gmr72,gmr72_bridge_composite,B_to_C_to_A,receiver_standpoint_reconstruction_shuffled,tc_plus_k,4,-0.3143827975954249,-0.28341683667394835,-0.030965960921476576,0.9996000799840032,105,False
combined_c_fes_gmr72,gmr72_bridge_composite,B_to_C_to_A,mapping_inversion,t0,0,-0.27731096003183653,-0.29118937884003676,0.01387841880820023,0.21375724855028994,148,False
combined_c_fes_gmr72,gmr72_bridge_composite,B_to_C_to_A,mapping_inversion,t1,1,-0.27755872046022895,-0.29273226795876567,0.015173547498536794,0.1829634073185363,140,False
combined_c_fes_gmr72,gmr72_bridge_composite,B_to_C_to_A,mapping_inversion,t2,2,-0.28105856463428214,-0.29854284224754657,0.017484277613264394,0.16656668666266747,132,False
combined_c_fes_gmr72,gmr72_bridge_composite,B_to_C_to_A,mapping_inversion,tc,3,-0.25273689763537277,-0.2110575709539564,-0.04167932668141636,0.9996000799840032,105,False
combined_c_fes_gmr72,gmr72_bridge_composite,B_to_C_to_A,mapping_inversion,tc_plus_k,4,-0.3143827975954249,-0.2883344401052017,-0.026048357490223207,0.9936012797440512,105,False
combined_c_fes_gmr72,gmr72_bridge_composite,B_to_C_to_A,side_shuffle,t0,0,-0.27731096003183653,-0.2971841779527111,0.019873217920874542,0.13937212557488501,148,False
combined_c_fes_gmr72,gmr72_bridge_composite,B_to_C_to_A,side_shuffle,t1,1,-0.27755872046022895,-0.29915650200729493,0.021597781547066028,0.11817636472705459,140,False
combined_c_fes_gmr72,gmr72_bridge_composite,B_to_C_to_A,side_shuffle,t2,2,-0.28105856463428214,-0.30824086574169773,0.02718230110741554,0.07438512297540492,132,False
combined_c_fes_gmr72,gmr72_bridge_composite,B_to_C_to_A,side_shuffle,tc,3,-0.25273689763537277,-0.2181917922812628,-0.03454510535410994,0.9982003599280144,105,False
combined_c_fes_gmr72,gmr72_bridge_composite,B_to_C_to_A,side_shuffle,tc_plus_k,4,-0.3143827975954249,-0.28175997580093676,-0.03262282179448822,0.9998000399920016,105,False
combined_c_fes_gmr72,gmr72_bridge_composite,B_to_C_to_A,unsigned_side_gap,t0,0,-0.27731096003183653,-0.2942653930239688,0.016954432992132226,0.16756648670265947,148,False
combined_c_fes_gmr72,gmr72_bridge_composite,B_to_C_to_A,unsigned_side_gap,t1,1,-0.27755872046022895,-0.2964257983598785,0.018867077899649556,0.14217156568686262,140,False
combined_c_fes_gmr72,gmr72_bridge_composite,B_to_C_to_A,unsigned_side_gap,t2,2,-0.28105856463428214,-0.303388606198962,0.022330041564679888,0.11137772445510898,132,False
combined_c_fes_gmr72,gmr72_bridge_composite,B_to_C_to_A,unsigned_side_gap,tc,3,-0.25273689763537277,-0.21840904872527866,-0.03432784891009413,0.9996000799840032,105,False
combined_c_fes_gmr72,gmr72_bridge_composite,B_to_C_to_A,unsigned_side_gap,tc_plus_k,4,-0.3143827975954249,-0.2824845820082993,-0.031898215587125654,0.9998000399920016,105,False
combined_c_fes_gmr72,gmr72_bridge_composite,B_to_C_to_A,polarity_magnitude_only,t0,0,-0.27731096003183653,-0.2942653930239688,0.016954432992132226,0.15656868626274745,148,False
combined_c_fes_gmr72,gmr72_bridge_composite,B_to_C_to_A,polarity_magnitude_only,t1,1,-0.27755872046022895,-0.2964257983598785,0.018867077899649556,0.14697060587882424,140,False
combined_c_fes_gmr72,gmr72_bridge_composite,B_to_C_to_A,polarity_magnitude_only,t2,2,-0.28105856463428214,-0.303388606198962,0.022330041564679888,0.11097780443911218,132,False
combined_c_fes_gmr72,gmr72_bridge_composite,B_to_C_to_A,polarity_magnitude_only,tc,3,-0.25273689763537277,-0.21840904872527866,-0.03432784891009413,0.9994001199760048,105,False
combined_c_fes_gmr72,gmr72_bridge_composite,B_to_C_to_A,polarity_magnitude_only,tc_plus_k,4,-0.3143827975954249,-0.2824845820082993,-0.031898215587125654,0.9998000399920016,105,False
combined_c_fes_gmr72,gmr72_bridge_composite,B_to_C_to_A,receiver_side_only,t0,0,-0.27731096003183653,-0.29179493739077544,0.014483977358938981,0.1933613277344531,148,False
combined_c_fes_gmr72,gmr72_bridge_composite,B_to_C_to_A,receiver_side_only,t1,1,-0.27755872046022895,-0.2937379038690517,0.016179183408822795,0.17816436712657469,140,False
combined_c_fes_gmr72,gmr72_bridge_composite,B_to_C_to_A,receiver_side_only,t2,2,-0.28105856463428214,-0.3019007620539375,0.020842197419655338,0.12037592481503699,132,False
combined_c_fes_gmr72,gmr72_bridge_composite,B_to_C_to_A,receiver_side_only,tc,3,-0.25273689763537277,-0.20886522912159852,-0.043871668513774255,0.9996000799840032,105,False
combined_c_fes_gmr72,gmr72_bridge_composite,B_to_C_to_A,receiver_side_only,tc_plus_k,4,-0.3143827975954249,-0.286592900963731,-0.027789896631693917,0.9986002799440112,105,False
combined_c_fes_gmr72,gmr72_bridge_composite,B_to_C_to_A,giver_side_only,t0,0,-0.27731096003183653,-0.293851766281868,0.016540806250031435,0.15676864627074585,148,False
combined_c_fes_gmr72,gmr72_bridge_composite,B_to_C_to_A,giver_side_only,t1,1,-0.27755872046022895,-0.29748455994041917,0.019925839480190236,0.1217756448710258,140,False
combined_c_fes_gmr72,gmr72_bridge_composite,B_to_C_to_A,giver_side_only,t2,2,-0.28105856463428214,-0.30506520466147674,0.024006640027194513,0.08158368326334733,132,False
combined_c_fes_gmr72,gmr72_bridge_composite,B_to_C_to_A,giver_side_only,tc,3,-0.25273689763537277,-0.2197802637911249,-0.0329566338442479,0.9996000799840032,105,False
combined_c_fes_gmr72,gmr72_bridge_composite,B_to_C_to_A,giver_side_only,tc_plus_k,4,-0.3143827975954249,-0.28698025935809834,-0.027402538237326635,0.9962007598480304,105,False
combined_c_fes_gmr72,gmr72_bridge_composite,B_to_C_to_A,standpoint_polarity_preserved,t0,0,-0.27731096003183653,-0.2950520064444471,0.01774104641261056,0.14917016596680663,148,False
combined_c_fes_gmr72,gmr72_bridge_composite,B_to_C_to_A,standpoint_polarity_preserved,t1,1,-0.27755872046022895,-0.29705802676412696,0.019499306303897995,0.127374525094981,140,False
combined_c_fes_gmr72,gmr72_bridge_composite,B_to_C_to_A,standpoint_polarity_preserved,t2,2,-0.28105856463428214,-0.3050420355151386,0.023983470880856412,0.09898020395920816,132,False
combined_c_fes_gmr72,gmr72_bridge_composite,B_to_C_to_A,standpoint_polarity_preserved,tc,3,-0.25273689763537277,-0.20957375355171617,-0.04316314408365657,0.9998000399920016,105,False
combined_c_fes_gmr72,gmr72_bridge_composite,B_to_C_to_A,standpoint_polarity_preserved,tc_plus_k,4,-0.3143827975954249,-0.2938752553354606,-0.020507542259964297,0.9902019596080783,105,False
combined_c_fes_gmr72,gmr72_bridge_composite,B_to_C_to_A,standpoint_polarity_inverted,t0,0,-0.27731096003183653,-0.28955743883108187,0.012246478799245354,0.23875224955008997,148,False
combined_c_fes_gmr72,gmr72_bridge_composite,B_to_C_to_A,standpoint_polarity_inverted,t1,1,-0.27755872046022895,-0.2931533364798934,0.01559461601966451,0.20275944811037794,140,False
combined_c_fes_gmr72,gmr72_bridge_composite,B_to_C_to_A,standpoint_polarity_inverted,t2,2,-0.28105856463428214,-0.30081652355092,0.019757958916637775,0.13357328534293142,132,False
combined_c_fes_gmr72,gmr72_bridge_composite,B_to_C_to_A,standpoint_polarity_inverted,tc,3,-0.25273689763537277,-0.21965826766702828,-0.033078629968344514,0.9978004399120176,105,False
combined_c_fes_gmr72,gmr72_bridge_composite,B_to_C_to_A,standpoint_polarity_inverted,tc_plus_k,4,-0.3143827975954249,-0.2829729619141091,-0.031409835681315855,0.9996000799840032,105,False
combined_c_fes_gmr72,gmr72_bridge_composite,B_to_C_to_A,ab_exchange_receiver_standpoint,t0,0,-0.27731096003183653,-0.2908773255919374,0.013566365560100947,0.21455708858228353,148,False
combined_c_fes_gmr72,gmr72_bridge_composite,B_to_C_to_A,ab_exchange_receiver_standpoint,t1,1,-0.27755872046022895,-0.2932993764967208,0.015740656036491902,0.1765646870625875,140,False
combined_c_fes_gmr72,gmr72_bridge_composite,B_to_C_to_A,ab_exchange_receiver_standpoint,t2,2,-0.28105856463428214,-0.29935124233493104,0.018292677700648914,0.14597080583883223,132,False
combined_c_fes_gmr72,gmr72_bridge_composite,B_to_C_to_A,ab_exchange_receiver_standpoint,tc,3,-0.25273689763537277,-0.21747213743618646,-0.035264760199186326,0.9994001199760048,105,False
combined_c_fes_gmr72,gmr72_bridge_composite,B_to_C_to_A,ab_exchange_receiver_standpoint,tc_plus_k,4,-0.3143827975954249,-0.2810095148367321,-0.03337328275869289,0.9998000399920016,105,False
combined_c_fes_gmr72,gmr72_bridge_composite,B_to_C_to_A,mirrored_receiver_standpoint,t0,0,-0.27731096003183653,-0.28680707929310423,0.00949611926126769,0.30033993201359727,148,False
combined_c_fes_gmr72,gmr72_bridge_composite,B_to_C_to_A,mirrored_receiver_standpoint,t1,1,-0.27755872046022895,-0.2898237920518772,0.012265071591648259,0.2451509698060388,140,False
combined_c_fes_gmr72,gmr72_bridge_composite,B_to_C_to_A,mirrored_receiver_standpoint,t2,2,-0.28105856463428214,-0.2972526331996509,0.016194068565368702,0.19956008798240352,132,False
combined_c_fes_gmr72,gmr72_bridge_composite,B_to_C_to_A,mirrored_receiver_standpoint,tc,3,-0.25273689763537277,-0.20875801532690805,-0.04397888230846478,1.0,105,False
combined_c_fes_gmr72,gmr72_bridge_composite,B_to_C_to_A,mirrored_receiver_standpoint,tc_plus_k,4,-0.3143827975954249,-0.2863673906051788,-0.028015406990246138,0.9978004399120176,105,False
combined_c_fes_gmr72,gmr72_bridge_composite,B_to_C_to_A,normalization_matched_receiver_standpoint,t0,0,-0.27731096003183653,-0.29688729155285415,0.019576331521017624,0.1239752049590082,148,False
combined_c_fes_gmr72,gmr72_bridge_composite,B_to_C_to_A,normalization_matched_receiver_standpoint,t1,1,-0.27755872046022895,-0.2996801189902139,0.022121398529985063,0.09718056388722256,140,False
combined_c_fes_gmr72,gmr72_bridge_composite,B_to_C_to_A,normalization_matched_receiver_standpoint,t2,2,-0.28105856463428214,-0.3082049295829127,0.027146364948630507,0.05558888222355529,132,False
combined_c_fes_gmr72,gmr72_bridge_composite,B_to_C_to_A,normalization_matched_receiver_standpoint,tc,3,-0.25273689763537277,-0.22510767356270348,-0.027629224072669323,0.9932013597280543,105,False
combined_c_fes_gmr72,gmr72_bridge_composite,B_to_C_to_A,normalization_matched_receiver_standpoint,tc_plus_k,4,-0.3143827975954249,-0.28601039043407567,-0.02837240716134924,0.9996000799840032,105,False
combined_c_fes_gmr72,gmr72_bridge_composite,B_to_C_to_A,reward_symmetry_control,t0,0,-0.27731096003183653,-0.2896881589170974,0.012377198885260916,0.22675464907018597,148,False
combined_c_fes_gmr72,gmr72_bridge_composite,B_to_C_to_A,reward_symmetry_control,t1,1,-0.27755872046022895,-0.29233029991366855,0.014771579453439663,0.1877624475104979,140,False
combined_c_fes_gmr72,gmr72_bridge_composite,B_to_C_to_A,reward_symmetry_control,t2,2,-0.28105856463428214,-0.2994529781772467,0.01839441354296454,0.14297140571885622,132,False
combined_c_fes_gmr72,gmr72_bridge_composite,B_to_C_to_A,reward_symmetry_control,tc,3,-0.25273689763537277,-0.2111265905500422,-0.041610307085330554,1.0,105,False
combined_c_fes_gmr72,gmr72_bridge_composite,B_to_C_to_A,reward_symmetry_control,tc_plus_k,4,-0.3143827975954249,-0.27724580587424613,-0.03713699172117884,0.9996000799840032,105,False
combined_c_fes_gmr72,gmr72_bridge_composite,B_to_C_to_A,endpoint_o1o2_reference,t0,0,-0.27752057641729744,-0.22511000810223386,-0.05241056831506361,0.9996000799840032,143,False
combined_c_fes_gmr72,gmr72_bridge_composite,B_to_C_to_A,endpoint_o1o2_reference,t1,1,-0.28424944656172146,-0.23881911113659204,-0.04543033542512945,0.9998000399920016,136,False
combined_c_fes_gmr72,gmr72_bridge_composite,B_to_C_to_A,endpoint_o1o2_reference,t2,2,-0.30459881127094085,-0.2625434548985422,-0.042055356372398676,0.993001399720056,129,False
combined_c_fes_gmr72,gmr72_bridge_composite,B_to_C_to_A,endpoint_o1o2_reference,tc,3,-0.25090291520656044,-0.20454100379324558,-0.046361911413314895,0.9972005598880224,111,False
combined_c_fes_gmr72,gmr72_bridge_composite,B_to_C_to_A,endpoint_o1o2_reference,tc_plus_k,4,-0.27982616286626677,-0.2357162782045565,-0.044109884661710334,0.9974005198960207,111,False
