label,idx_in_session,phase,strength,selected_operator,selection_reason,A_B,A_C,B_C,TFC_min,TFC_mean,abs_dphi,C_memory_scalar,O1_lag0_AB_raw,O2_lag5_AB_raw,O3_A_C_boundary_raw,O4_B_C_boundary_raw,O5_full_TFC_raw,O6_phase_only_raw,O1_lag0_AB_z,O2_lag5_AB_z,O3_A_C_boundary_z,O4_B_C_boundary_z,O5_full_TFC_z,O6_phase_only_z,oracle_operator,oracle_reward_z,selected_reward_z,selected_matches_oracle,O7_suppress_event_raw,O7_suppress_event_z,phase_quadrant,strength_bin,ab_bin,ac_bin,bc_bin,tfc_bin,memory_bin,phase_activity_bin,boundary_side,boundary_distance_bin,state_label_full,state_label,operator_random_expectation,operator_margin,regime_status,regime_transition_score_O1_lag0_AB_raw,policy_readiness_O1_lag0_AB_raw,operator_margin_persistence_O1_lag0_AB_raw,policy_regret_reduction_O1_lag0_AB_raw,regime_recursive_composite_O1_lag0_AB_raw,regime_transition_score_O2_lag5_AB_raw,policy_readiness_O2_lag5_AB_raw,operator_margin_persistence_O2_lag5_AB_raw,policy_regret_reduction_O2_lag5_AB_raw,regime_recursive_composite_O2_lag5_AB_raw,regime_transition_score_O3_A_C_boundary_raw,policy_readiness_O3_A_C_boundary_raw,operator_margin_persistence_O3_A_C_boundary_raw,policy_regret_reduction_O3_A_C_boundary_raw,regime_recursive_composite_O3_A_C_boundary_raw,regime_transition_score_O4_B_C_boundary_raw,policy_readiness_O4_B_C_boundary_raw,operator_margin_persistence_O4_B_C_boundary_raw,policy_regret_reduction_O4_B_C_boundary_raw,regime_recursive_composite_O4_B_C_boundary_raw,regime_transition_score_O5_full_TFC_raw,policy_readiness_O5_full_TFC_raw,operator_margin_persistence_O5_full_TFC_raw,policy_regret_reduction_O5_full_TFC_raw,regime_recursive_composite_O5_full_TFC_raw,regime_transition_score_O6_phase_only_raw,policy_readiness_O6_phase_only_raw,operator_margin_persistence_O6_phase_only_raw,policy_regret_reduction_O6_phase_only_raw,regime_recursive_composite_O6_phase_only_raw,regime_transition_score_O7_suppress_event_raw,policy_readiness_O7_suppress_event_raw,operator_margin_persistence_O7_suppress_event_raw,policy_regret_reduction_O7_suppress_event_raw,regime_recursive_composite_O7_suppress_event_raw,regime_transition_score_O1_lag0_AB,regime_transition_score_O2_lag5_AB,regime_transition_score_O3_A_C_boundary,regime_transition_score_O4_B_C_boundary,regime_transition_score_O5_full_TFC,regime_transition_score_O6_phase_only,regime_transition_score_O7_suppress_event,policy_readiness_O1_lag0_AB,policy_readiness_O2_lag5_AB,policy_readiness_O3_A_C_boundary,policy_readiness_O4_B_C_boundary,policy_readiness_O5_full_TFC,policy_readiness_O6_phase_only,policy_readiness_O7_suppress_event,operator_margin_persistence_O1_lag0_AB,operator_margin_persistence_O2_lag5_AB,operator_margin_persistence_O3_A_C_boundary,operator_margin_persistence_O4_B_C_boundary,operator_margin_persistence_O5_full_TFC,operator_margin_persistence_O6_phase_only,operator_margin_persistence_O7_suppress_event,policy_regret_reduction_O1_lag0_AB,policy_regret_reduction_O2_lag5_AB,policy_regret_reduction_O3_A_C_boundary,policy_regret_reduction_O4_B_C_boundary,policy_regret_reduction_O5_full_TFC,policy_regret_reduction_O6_phase_only,policy_regret_reduction_O7_suppress_event,regime_recursive_composite_O1_lag0_AB,regime_recursive_composite_O2_lag5_AB,regime_recursive_composite_O3_A_C_boundary,regime_recursive_composite_O4_B_C_boundary,regime_recursive_composite_O5_full_TFC,regime_recursive_composite_O6_phase_only,regime_recursive_composite_O7_suppress_event
P1,42.0,-0.1482350940017722,0.3509050971810473,O4_B_C_boundary,B-side boundary projection dominates current C-state,0.1035762065948523,0.0068961004608218,0.3583805531111812,0.0068961004608218,0.1562842867222851,0.0145975752823088,0.9126085211488411,0.10357620659485237,0.20660109910889468,0.1179478041898347,0.1203776380507217,0.1179478041898347,0.1677632104761346,-0.7386210357837245,0.06196139303741841,-0.24748192190721924,-0.5332911506946512,0.23874259993798955,0.9430778244170148,O6_phase_only,0.9430778244170148,-0.5332911506946512,False,0.0,0.0,q4,high,low,low,high,low,high,low,B_side,far,phase=q4|str=high|ab=low|ac=low|bc=high|tfc=low|mem=high|dphi=low|side=B_side|dist=far,side=B_side|tfc=low,-0.03937318442759603,0.9824510088446109,bad,-1.0,0.0,1.0257616442476056,-0.6944770867857211,,-1.0,0.0,1.0257616442476056,-0.4429364799582214,,-1.0,0.0,1.0257616442476056,0.6979754717810049,,-1.0,0.0,1.0257616442476056,-0.2350693875814922,,-1.0,0.0,1.0257616442476056,0.0032138752940404636,,-1.0,0.0,1.0257616442476056,0.2564404110619014,,-1.0,0.0,1.0257616442476056,0.11167874836752484,,-1.22525000917611,-1.2234195444572022,-1.2234195444572022,-1.2234195444572022,-1.2234195444572022,-1.22525000917611,-1.2234195444572022,-1.4053469322555197,-1.4097593353646567,-1.4097593353646567,-1.4097593353646567,-1.4097593353646567,-1.4053469322555197,-1.4097593353646567,-0.28616568449278385,-0.29375085416470104,-0.29375085416470104,-0.29375085416470104,-0.29375085416470104,-0.28616568449278385,-0.29375085416470104,-0.39377498918174914,-0.26372760444438637,0.4614554822728324,-0.13533063536704365,-0.021438670311262103,0.1684084557173117,0.08387166242267756,-0.8276344037765406,-0.7976643346077366,-0.6163685629284319,-0.7655650923384009,-0.7370921010744554,-0.6870885425517754,-0.7107645178909706
P1,53.0,0.153373759199195,0.2010800482409479,O3_A_C_boundary,A-side boundary projection dominates current C-state,0.0360581789229298,0.1076205934652459,0.0748497347889251,0.0360581789229298,0.0728428357257002,0.0922528699738228,0.8042894328442071,0.036058178922929805,0.14324743436499915,0.1721917194128667,0.1067039854486507,0.1067039854486507,0.161721246638925,-1.2358214967495766,-0.3941230682306622,0.27105184120500864,-0.7040314293149346,0.10422218149160413,0.8702715896891131,O6_phase_only,0.8702715896891131,0.27105184120500864,False,0.0,0.0,q1,mid,low,mid,low,low,high,high,A_side,near,phase=q1|str=mid|ab=low|ac=mid|bc=low|tfc=low|mem=high|dphi=high|side=A_side|dist=near,side=A_side|tfc=low,-0.1554900545584925,1.0257616442476056,bad,1.75,1.0,0.7133186966791407,1.578872901619093,,1.75,1.0,0.7133186966791407,1.4427243320895604,,1.75,1.0,0.7133186966791407,-0.478329077913617,,1.75,1.0,0.7133186966791407,0.4954592873612798,,1.75,1.0,0.7133186966791407,0.2080586633152031,,1.75,1.0,0.7133186966791407,-1.5124758491949692,,1.75,1.0,0.7133186966791407,0.45279037570270364,,1.2517419012664042,1.2706760933847336,1.2706760933847336,1.2706760933847336,1.2706760933847336,1.2517419012664042,1.2706760933847336,0.7115680669648201,0.7093409314018366,0.7093409314018366,0.7093409314018366,0.7093409314018366,0.7115680669648201,0.7093409314018366,-0.728857603469596,-0.7254150278883938,-0.7254150278883938,-0.7254150278883938,-0.7254150278883938,-0.728857603469596,-0.7254150278883938,0.9325507307473654,0.9986889530360882,-0.31106842488797554,0.2656961954269009,0.11059879009174566,-0.9177876311162704,0.3115072735353241,0.5417507738772483,0.5633227374835662,0.23588339300255023,0.3800745480812694,0.3413001967474805,0.07916618341133944,0.39152731760837517
P1,66.0,-0.14228507273569,0.2337503920317854,O5_full_TFC,full triadic projection is already active,0.1919565519232225,0.1768592239983368,0.1135617488390458,0.1135617488390458,0.160792508253535,0.0682079844924187,0.7875305059722026,0.19195655192322256,0.2642043798972934,0.0885970965237179,0.120714084040211,0.0885970965237179,0.0168039342249651,-0.08779117666654969,0.4766487105249557,-0.5280540899290497,-0.5290900141250867,-0.11240762471671713,-0.8759957081668478,O2_lag5_AB,0.4766487105249557,-0.11240762471671713,False,0.0,0.0,q4,mid,mid,high,low,high,high,mid,A_side,near,phase=q4|str=mid|ab=mid|ac=high|bc=low|tfc=high|mem=high|dphi=mid|side=A_side|dist=near,side=A_side|tfc=high,-0.23666998615418505,0.7133186966791407,good,1.0,1.0,0.4539919490546838,0.6779378744551764,,1.0,1.0,0.4539919490546838,0.08143688015899447,,1.0,1.0,0.4539919490546838,-0.16024872778687152,,1.0,1.0,0.4539919490546838,0.9941489515092747,,1.0,1.0,0.4539919490546838,-0.05525312184384616,,1.0,1.0,0.4539919490546838,0.309809815646021,,1.0,1.0,0.4539919490546838,-0.032544438767549984,,0.5761986529639004,0.5904681921551147,0.5904681921551147,0.5904681921551147,0.5904681921551147,0.5761986529639004,0.5904681921551147,0.7115680669648201,0.7093409314018366,0.7093409314018366,0.7093409314018366,0.7093409314018366,0.7115680669648201,0.7093409314018366,-1.0962906226537785,-1.0836950502378637,-1.0836950502378637,-1.0836950502378637,-1.0836950502378637,-1.0962906226537785,-1.0836950502378637,0.40692409841742205,0.08733108431032836,-0.10217296925551765,0.5394540127755951,-0.059124929717964375,0.2011797291338899,-0.01237346881656634,0.14960004892309103,0.075861289407354,0.02848527601589249,0.18889202152367068,0.03924728590028081,0.098163956602208,0.05093515112563032
P1,85.0,0.0409833014373422,0.098866622125212,O5_full_TFC,full triadic projection is already active,0.2715256434922839,0.1086118511029543,0.2046637225337445,0.1086118511029543,0.1949337390429942,0.095391752435118,0.6686543223376353,0.2715256434922839,0.2636286507710695,0.0889577283070557,0.1949662623200607,0.0889577283070557,0.054071903210655,0.4981529092449413,0.47250402356120014,-0.5246067031586968,0.3980827009213903,-0.10809304623441067,-0.42691316300262155,O1_lag0_AB,0.4981529092449413,-0.10809304623441067,False,0.0,0.0,q1,low,high,mid,mid,high,mid,high,B_side,mid,phase=q1|str=low|ab=high|ac=mid|bc=mid|tfc=high|mem=mid|dphi=high|side=B_side|dist=mid,side=B_side|tfc=high,0.044160960190257524,0.4539919490546838,good,1.25,1.0,0.504410323841614,0.1261025809604035,,-1.0,0.0,2.0866510086576295,-3.1028709280716704,,-1.0,0.0,2.0866510086576295,-1.9358549654806043,,-1.0,0.0,2.0866510086576295,-0.9339147112220443,,-1.0,0.0,2.0866510086576295,-1.891477655931945,,1.25,1.0,0.504410323841614,-0.48852198382495415,,-1.0,0.0,2.0866510086576295,-1.5671719976400997,,0.8013797357314016,-1.2234195444572022,-1.2234195444572022,-1.2234195444572022,-1.2234195444572022,0.8013797357314016,-1.2234195444572022,0.7115680669648201,-1.4097593353646567,-1.4097593353646567,-1.4097593353646567,-1.4097593353646567,0.7115680669648201,-1.4097593353646567,-1.0248541979886727,1.1719501144896083,1.1719501144896083,1.1719501144896083,1.1719501144896083,-1.0248541979886727,1.1719501144896083,0.08497044118916362,-2.0445066648441514,-1.2682810733841368,-0.518964755378409,-1.2427060525417535,-0.2890327789778643,-1.0364836257271715,0.14326601147417817,-0.8764338575441005,-0.6823774596790968,-0.49504838017766495,-0.6759837044685011,0.04976520643242119,-0.6244280977648555
P1,86.0,-0.0954593448508036,0.1364426462881459,O5_full_TFC,full triadic projection is already active,0.265191789336054,0.1202129291102803,0.2234456056011832,0.1202129291102803,0.2029501080158392,0.0818140193028471,0.7567249111335096,0.26519178933605403,0.22923353609022795,0.0876381210551276,0.1946907566179433,0.0876381210551276,0.0247502471506284,0.4515106225141994,0.2248928172816612,-0.5372212224344354,0.39464251403717204,-0.12388075357836244,-0.780241887112137,O1_lag0_AB,0.4515106225141994,-0.12388075357836244,False,0.0,0.0,q4,low,high,mid,mid,high,mid,high,B_side,mid,phase=q4|str=low|ab=high|ac=mid|bc=mid|tfc=high|mem=mid|dphi=high|side=B_side|dist=mid,side=B_side|tfc=high,-0.052899701327414596,0.504410323841614,good,-1.0,0.0,2.0866510086576295,-3.444051983286227,,-1.0,0.0,2.0866510086576295,-2.9019020085228737,,-1.0,0.0,2.0866510086576295,-1.969882732935608,,-1.0,0.0,2.0866510086576295,-0.977116811068568,,-1.0,0.0,2.0866510086576295,-1.9223322353187353,,-1.0,0.0,2.0866510086576295,1.7534152617907437,,-1.0,0.0,2.0866510086576295,-1.6138142843708416,,-1.22525000917611,-1.2234195444572022,-1.2234195444572022,-1.2234195444572022,-1.2234195444572022,-1.22525000917611,-1.2234195444572022,-1.4053469322555197,-1.4097593353646567,-1.4097593353646567,-1.4097593353646567,-1.4097593353646567,-1.4053469322555197,-1.4097593353646567,1.2169796167781028,1.1719501144896083,1.1719501144896083,1.1719501144896083,1.1719501144896083,1.2169796167781028,1.1719501144896083,-1.9979414935478446,-1.9099615282234017,-1.2906284016105922,-0.5426807322857524,-1.262594087494412,1.0876199873665462,-1.0676096401834625,-0.8528897045503429,-0.842797573388913,-0.6879642917357107,-0.5009773744045007,-0.6809557132066657,-0.08149933432174516,-0.6322096013789282
P1,102.0,0.0197528907662181,0.1694565122691791,O4_B_C_boundary,B-side boundary projection dominates current C-state,0.0540973490405201,0.0347436515587911,0.1969561789382297,0.0347436515587911,0.0952657265125137,0.037453631350961,0.8038995074272522,0.05409734904052015,0.07984537471818198,0.0690791735275339,0.229161492930492,0.0690791735275339,0.2612489761013291,-1.1029816611209489,-0.8505559254962965,-0.7146317367993612,0.8250719898715565,-0.34591896362100494,2.0695901272395587,O6_phase_only,2.0695901272395587,0.8250719898715565,False,0.0,0.0,q1,mid,low,low,mid,low,high,low,B_side,mid,phase=q1|str=mid|ab=low|ac=low|bc=mid|tfc=low|mem=high|dphi=low|side=B_side|dist=mid,side=B_side|tfc=low,-0.01706088141807089,2.0866510086576295,bad,1.75,1.0,1.6812363923234992,0.9417994300330539,,1.75,1.0,1.6812363923234992,0.9858667848395535,,1.75,1.0,1.6812363923234992,2.054346979639691,,1.75,1.0,1.6812363923234992,-2.346926775510375,,1.75,1.0,1.6812363923234992,-0.10171840483064468,,1.75,1.0,1.6812363923234992,0.4203090980808748,,1.75,1.0,1.6812363923234992,0.8842252020867591,,1.2517419012664042,1.2706760933847336,1.2706760933847336,1.2706760933847336,1.2706760933847336,1.2517419012664042,1.2706760933847336,0.7115680669648201,0.7093409314018366,0.7093409314018366,0.7093409314018366,0.7093409314018366,0.7115680669648201,0.7093409314018366,0.6425586676642601,0.6118383669295764,0.6118383669295764,0.6118383669295764,0.6118383669295764,0.6425586676642601,0.6118383669295764,0.5608671205866623,0.692830906682568,1.3522362049050907,-1.2946437525916934,-0.08907520583555899,0.2690313798170194,0.5994186857801821,0.7916839391205367,0.8211715745996786,0.9860228991553093,0.32430290978111326,0.6256950464701468,0.7187250039281259,0.7978185193740821
P1,114.0,-0.2217513832224785,0.2852758562216058,O4_B_C_boundary,B-side boundary projection dominates current C-state,0.0903082324355136,0.0766553435637683,0.3642702978184873,0.0766553435637683,0.1770779579392564,0.0087845789992864,0.8424899841574068,0.09030823243551363,0.1147701786720052,0.1819560545232703,0.0089342005012059,0.0089342005012059,0.1961000335942131,-0.8363259465397231,-0.5991314741948016,0.3643920326028562,-1.9248639901804618,-1.0654900564307268,1.2845392185869395,O6_phase_only,1.2845392185869395,-1.9248639901804618,False,0.0,0.0,q4,high,low,low,high,mid,high,low,B_side,far,phase=q4|str=high|ab=low|ac=low|bc=high|tfc=mid|mem=high|dphi=low|side=B_side|dist=far,side=B_side|tfc=mid,-0.39669717373655977,1.6812363923234992,neutral,0.25,1.0,1.0227431664677982,1.4305057790070175,,0.25,1.0,1.0227431664677982,1.4261044012361008,,0.25,1.0,1.0227431664677982,-1.6422328450479329,,0.25,1.0,1.0227431664677982,2.761183037695045,,0.25,1.0,1.0227431664677982,0.07571412104447828,,0.25,1.0,1.0227431664677982,0.25568579161694954,,0.25,1.0,1.0227431664677982,0.3024922954382487,,-0.09934459533860351,-0.0897397090745041,-0.0897397090745041,-0.0897397090745041,-0.0897397090745041,-0.09934459533860351,-0.0897397090745041,0.7115680669648201,0.7093409314018366,0.7093409314018366,0.7093409314018366,0.7093409314018366,0.7115680669648201,0.7093409314018366,-0.29044248360484903,-0.2979211154135596,-0.2979211154135596,-0.2979211154135596,-0.2979211154135596,-0.29044248360484903,-0.2979211154135596,0.8459898704680588,0.9875622033261005,-1.0754482668083434,1.5094749083187655,0.025293045052141718,0.16794508460892682,0.21120815556817646,0.2919427146223566,0.32731057755996834,-0.18844203997364262,0.4577887538081346,0.08674328799147865,0.1224315181575736,0.13322206562048733
P1,135.0,0.0671318684293076,0.2092282999642921,O2_lag5_AB,current AB is active; read short-lag future AB,0.235566368395934,0.0472317284642276,0.1171743628175972,0.0472317284642276,0.1333241532259196,0.0314075486656171,0.6515494868300825,0.23556636839593403,0.2562777197393053,0.0115817782239738,0.1972870075476994,0.0115817782239738,0.1716725862659696,0.23335002962323634,0.4195845052824404,-1.2642664863066602,0.42706140166106754,-1.0338145846595979,0.9901861718125123,O6_phase_only,0.9901861718125123,0.4195845052824404,False,0.0,0.0,q1,mid,mid,low,low,mid,mid,low,B_side,near,phase=q1|str=mid|ab=mid|ac=low|bc=low|tfc=mid|mem=mid|dphi=low|side=B_side|dist=near,side=B_side|tfc=mid,-0.032556994655285894,1.0227431664677982,neutral,-1.0,0.0,1.8301694807855724,-1.5968068889599842,,-1.0,0.0,1.8301694807855724,-1.389450807793288,,-1.0,0.0,1.8301694807855724,-0.42238066566170246,,-1.0,0.0,1.8301694807855724,-1.848728988068355,,-1.0,0.0,1.8301694807855724,-0.23668929708703823,,-1.0,0.0,1.8301694807855724,0.4575423701963931,,-1.0,0.0,1.8301694807855724,-0.6154699228504444,,-1.22525000917611,-1.2234195444572022,-1.2234195444572022,-1.2234195444572022,-1.2234195444572022,-1.22525000917611,-1.2234195444572022,-1.4053469322555197,-1.4097593353646567,-1.4097593353646567,-1.4097593353646567,-1.4097593353646567,-1.4053469322555197,-1.4097593353646567,0.8535779121167888,0.8176009839814813,0.8176009839814813,0.8176009839814813,0.8176009839814813,0.8535779121167888,0.8176009839814813,-0.920215365976545,-0.8974022036708839,-0.27432497605619693,-1.021155953057911,-0.1760738256882695,0.2918943244235736,-0.4013798472826932,-0.6743085988228464,-0.6782450248778154,-0.5224757179741436,-0.7091834622245722,-0.4979129303821618,-0.3712811762228168,-0.5542394357807677
P1,145.0,-0.1070763984884325,0.1716725862659696,O4_B_C_boundary,B-side boundary projection dominates current C-state,0.1226191362292736,0.0063990746869289,0.219760710353311,0.0063990746869289,0.1162596404231712,0.0280396776877285,0.3672298197414542,0.12261913622927367,0.15861145964723222,0.0541920925954706,0.1114348419744634,0.0541920925954706,0.226474862247534,-0.5983895491890427,-0.28351710372832245,-0.8569417832943346,-0.6449581308454746,-0.5240271671169534,1.65055877188748,O6_phase_only,1.65055877188748,-0.6449581308454746,False,0.0,0.0,q4,mid,mid,low,mid,low,low,low,B_side,far,phase=q4|str=mid|ab=mid|ac=low|bc=mid|tfc=low|mem=low|dphi=low|side=B_side|dist=far,side=B_side|tfc=low,-0.17961070889809255,1.8301694807855724,bad,1.75,1.0,2.0803563556971887,2.76903741000082,,1.75,1.0,2.0803563556971887,-0.13548658406543596,,1.75,1.0,2.0803563556971887,-0.4830955195942093,,1.75,1.0,2.0803563556971887,-0.05406204440669109,,1.75,1.0,2.0803563556971887,-0.1576126368851535,,1.75,1.0,2.0803563556971887,-2.4581843897784936,,1.75,1.0,2.0803563556971887,-1.2319043596521497,,1.2517419012664042,1.2706760933847336,1.2706760933847336,1.2706760933847336,1.2706760933847336,1.2517419012664042,1.2706760933847336,0.7115680669648201,0.7093409314018366,0.7093409314018366,0.7093409314018366,0.7093409314018366,0.7115680669648201,0.7093409314018366,1.208060894111975,1.1632535630385608,1.1632535630385608,1.1632535630385608,1.1632535630385608,1.208060894111975,1.1632535630385608,1.6269206282399742,-0.05789533774462877,-0.3141987283041284,-0.035965882587819936,-0.12510312982106597,-1.4984962486727367,-0.812747911245973,1.1995728726457933,0.7713438125201255,0.7072679648802507,0.7768261763093278,0.7545418645010162,0.4182186534176156,0.5826306691447896
P1,155.0,0.1554367715654621,0.226474862247534,O2_lag5_AB,current AB is active; read short-lag future AB,0.5735217232590317,0.0637374606897099,0.0989907680340648,0.0637374606897099,0.2454166506609355,0.053484816184123,0.7753737849227877,0.5735217232590317,0.28832874201698366,0.1347874887923836,0.1972266194866537,0.1347874887923836,0.1176677664150768,2.7220417763711415,0.6503205374867133,-0.08650635458911528,0.4263073475199876,0.44021164452003414,0.3394229934089089,O1_lag0_AB,2.7220417763711415,0.6503205374867133,False,0.0,0.0,q1,mid,high,low,low,mid,mid,mid,B_side,near,phase=q1|str=mid|ab=high|ac=low|bc=low|tfc=mid|mem=mid|dphi=mid|side=B_side|dist=near,side=B_side|tfc=mid,0.6416854206739527,2.0803563556971887,neutral,0.25,1.0,0.6551270294177465,-1.4536055154989067,,0.25,1.0,0.6551270294177465,1.8627413997983244,,0.25,1.0,0.6551270294177465,1.57353708872191,,0.25,1.0,0.6551270294177465,1.4895683360419372,,0.25,1.0,0.6551270294177465,1.484205904842833,,0.25,1.0,0.6551270294177465,2.5464005403166694,,0.25,1.0,0.6551270294177465,2.4737575297333274,,-0.09934459533860351,-0.0897397090745041,-0.0897397090745041,-0.0897397090745041,-0.0897397090745041,-0.09934459533860351,-0.0897397090745041,0.7115680669648201,0.7093409314018366,0.7093409314018366,0.7093409314018366,0.7093409314018366,0.7115680669648201,0.7093409314018366,-0.8113077949329889,-0.8058113311542549,-0.8058113311542549,-0.8058113311542549,-0.8058113311542549,-0.8113077949329889,-0.8058113311542549,-0.8366683249492746,1.2798829500222786,1.0364700747564026,0.8114165961862793,0.9331691005172384,1.574549485276425,1.6601686977743297,-0.2589381620640117,0.27341821029883906,0.21256499148237007,0.15630162183983923,0.18673974792257902,0.3438662904924132,0.36848964723685185
P1,164.0,-0.0573392610796283,0.2010361028147415,O1_lag0_AB,default immediate AB readout,0.0729356551663356,0.0997469137775881,0.1284130455888333,0.0729356551663356,0.1003652048442523,0.0650695789350374,0.0442586439052194,0.07293565516633567,0.20236193097545083,0.0612595932785826,0.1273438436463136,0.0612595932785826,0.1168569686010852,-0.9642570150888737,0.03144352604136826,-0.7893814364804258,-0.44630547693712197,-0.43947198429636775,0.32965280319380086,O6_phase_only,0.32965280319380086,-0.9642570150888737,False,0.0,0.0,q4,mid,low,mid,low,mid,low,mid,B_side,near,phase=q4|str=mid|ab=low|ac=mid|bc=low|tfc=mid|mem=low|dphi=mid|side=B_side|dist=near,side=B_side|tfc=mid,-0.3254742262239457,0.6551270294177465,neutral,0.25,1.0,0.9690895857153992,0.8353575626628501,,0.25,1.0,0.9690895857153992,-1.1381745405221377,,0.25,1.0,0.9690895857153992,-0.2828818917578784,,0.25,1.0,0.9690895857153992,-1.3890207227028077,,0.25,1.0,0.9690895857153992,-0.35034914449781296,,0.25,1.0,0.9690895857153992,0.2422723964288498,,0.25,1.0,0.9690895857153992,-0.11494155369463152,,-0.09934459533860351,-0.0897397090745041,-0.0897397090745041,-0.0897397090745041,-0.0897397090745041,-0.09934459533860351,-0.0897397090745041,0.7115680669648201,0.7093409314018366,0.7093409314018366,0.7093409314018366,0.7093409314018366,0.7115680669648201,0.7093409314018366,-0.3664627836567558,-0.3720477000685923,-0.3720477000685923,-0.3720477000685923,-0.3720477000685923,-0.3664627836567558,-0.3720477000685923,0.49876643785393143,-0.7291771876562058,-0.18271082911754807,-0.7687971407720426,-0.2493359171814719,0.15970864193958834,-0.06735991931335601,0.18613178145584808,-0.12040591634936638,0.016210673285298037,-0.13031090462832562,-0.00044559873068292233,0.10136733247726229,0.045048400736346056
P1,169.0,0.0180158452959741,0.0650695789350374,O1_lag0_AB,default immediate AB readout,0.2023619309754508,0.0612595932785826,0.1273438436463136,0.0612595932785826,0.1303217893001157,0.1168569686010852,0.5192965213439015,0.20236193097545083,0.08778039040283125,0.063720445138668,0.0528650642440886,0.0528650642440886,0.135100858796095,-0.011166318985113761,-0.7934315686289103,-0.7658574196349383,-1.3763077167562385,-0.5399036600796393,0.5494934026538257,O6_phase_only,0.5494934026538257,-0.011166318985113761,False,0.0,0.0,q1,low,mid,low,low,mid,low,high,B_side,near,phase=q1|str=low|ab=mid|ac=low|bc=low|tfc=mid|mem=low|dphi=high|side=B_side|dist=near,side=B_side|tfc=mid,-0.4195961830615734,0.9690895857153992,neutral,-1.0,0.0,0.5346734985404309,-1.0527994216437808,,-1.0,0.0,0.5346734985404309,0.7621953182028212,,-1.0,0.0,0.5346734985404309,0.6232671783455672,,-1.0,0.0,0.5346734985404309,2.059469494045172,,-1.0,0.0,0.5346734985404309,0.9449607825735142,,-1.0,0.0,0.5346734985404309,-0.7019935073002422,,-1.0,0.0,0.5346734985404309,0.40581276600172655,,-1.22525000917611,-1.2234195444572022,-1.2234195444572022,-1.2234195444572022,-1.2234195444572022,-1.22525000917611,-1.2234195444572022,-1.4053469322555197,-1.4097593353646567,-1.4097593353646567,-1.4097593353646567,-1.4097593353646567,-1.4053469322555197,-1.4097593353646567,-0.9819751284304966,-0.9722272297459941,-0.9722272297459941,-0.9722272297459941,-0.9722272297459941,-0.9819751284304966,-0.9722272297459941,-0.6028286461951053,0.5430868163806069,0.41239170643600215,1.1242662667043326,0.5855861467747469,-0.4201141301185848,0.2801574864394256,-1.053850179014308,-0.7655798232968115,-0.7982536007829627,-0.62028496071588,-0.7549549906982765,-1.0081715499951778,-0.8313121557821068
P1,192.0,-0.1039464023075152,0.4353913783545702,O4_B_C_boundary,B-side boundary projection dominates current C-state,0.0442057846218438,0.0115635558964982,0.2001773607502687,0.0115635558964982,0.0853155670895369,0.0456571498032574,0.8262486426392762,0.0442057846218438,0.1494265864324725,0.0979421009256678,0.1808550909264837,0.0979421009256678,0.0524339796537113,-1.175822805304497,-0.3496392131422526,-0.438722405832878,0.22187920902976552,-0.0006045148062813159,-0.44665029651851446,O4_B_C_boundary,0.22187920902976552,0.22187920902976552,True,0.0,0.0,q4,high,low,low,mid,low,high,mid,B_side,far,phase=q4|str=high|ab=low|ac=low|bc=mid|tfc=low|mem=high|dphi=mid|side=B_side|dist=far,side=B_side|tfc=low,-0.3127942895106654,0.5346734985404309,bad,1.75,1.0,1.4331045818852712,1.7559781598055801,,1.75,1.0,1.4331045818852712,-1.7812087988094503,,1.75,1.0,1.4331045818852712,,,1.75,1.0,1.4331045818852712,,,1.75,1.0,1.4331045818852712,-1.2338881273984732,,1.75,1.0,1.4331045818852712,-1.5986780053552878,,1.75,1.0,1.4331045818852712,-1.225613262748352,,1.2517419012664042,1.2706760933847336,1.2706760933847336,1.2706760933847336,1.2706760933847336,1.2517419012664042,1.2706760933847336,0.7115680669648201,0.7093409314018366,0.7093409314018366,0.7093409314018366,0.7093409314018366,0.7115680669648201,0.7093409314018366,0.29098745065665127,0.26902501888973634,0.26902501888973634,0.26902501888973634,0.26902501888973634,0.29098745065665127,0.26902501888973634,1.0358780935667835,-1.1596772486971463,,,-0.8188414662179816,-0.9707197267737316,-0.8085496442462448,0.8225438781136648,0.2723411987447901,0.7496806812254356,0.7496806812254356,0.3575501443645813,0.320894423028536,0.3601230998575155
P1,218.0,0.0826799849791917,0.2549827791504009,O5_full_TFC,full triadic projection is already active,0.4000517642031204,0.1179616176781164,0.2674352794471196,0.1179616176781164,0.2618162204427854,0.0482190686352836,0.6417972382884388,0.40005176420312044,0.09739888635311937,,,0.0973988863531193,0.0350796148270101,1.4446148937995482,-0.7241877993626806,,,-0.0071035035651220765,-0.6557720313003604,O1_lag0_AB,1.4446148937995482,-0.0071035035651220765,False,0.0,0.0,q1,mid,high,mid,high,high,mid,mid,B_side,mid,phase=q1|str=mid|ab=high|ac=mid|bc=high|tfc=high|mem=mid|dphi=mid|side=B_side|dist=mid,side=B_side|tfc=high,0.011510311914277005,1.4331045818852712,good,0.25,1.0,1.6837929296183707,-0.7517659816867263,,0.25,1.0,1.6837929296183707,1.59624827736303,,0.25,1.0,1.6837929296183707,,,0.25,1.0,1.6837929296183707,,,0.25,1.0,1.6837929296183707,-1.3422561098013774,,0.25,1.0,1.6837929296183707,2.521335157504501,,0.25,1.0,1.6837929296183707,-0.36407493469895325,,-0.09934459533860351,-0.0897397090745041,-0.0897397090745041,-0.0897397090745041,-0.0897397090745041,-0.09934459533860351,-0.0897397090745041,0.7115680669648201,0.7093409314018366,0.7093409314018366,0.7093409314018366,0.7093409314018366,0.7115680669648201,0.7093409314018366,0.6461809558605858,0.6153704215577023,0.6153704215577023,0.6153704215577023,0.6153704215577023,0.6461809558605858,0.6153704215577023,-0.42719867456282684,1.1014705186520592,,,-0.8886925633520668,1.559158185339135,-0.23361525888216325,0.2078014382309939,0.5841105406342735,0.411657214628345,0.411657214628345,0.08656977013324202,0.7043906532064843,0.25033909625071793
P1,255.0,-0.0880840255914333,0.1203257521566732,O2_lag5_AB,current AB is active; read short-lag future AB,0.3186994310469258,0.0787266062337528,0.1433340571933747,0.0787266062337528,0.1802533648246844,0.1452570246089112,0.556174037045276,0.31869943104692583,0.3353612093010536,0.0920524756773883,0.0321090258007616,0.0321090258007616,0.2375247073508758,0.8455390774494201,0.9889083301594421,-0.4950230900802134,-1.6354843895883544,-0.7882277429340372,1.7837104487224753,O6_phase_only,1.7837104487224753,0.9889083301594421,False,0.0,0.0,q4,low,high,low,mid,mid,low,high,B_side,near,phase=q4|str=low|ab=high|ac=low|bc=mid|tfc=mid|mem=low|dphi=high|side=B_side|dist=near,side=B_side|tfc=mid,0.09991751910410465,1.6837929296183707,neutral,-1.0,0.0,0.8030831872870623,1.1389421680948209,,0.0,1.0,0.8983665809029474,1.01939376378877,,0.0,1.0,0.8983665809029474,0.7544208358046439,,0.0,1.0,0.8983665809029474,2.1046776289177975,,0.0,1.0,0.8983665809029474,1.5087792770453827,,-1.0,0.0,0.8030831872870623,-1.0764424693441845,,0.0,1.0,0.8983665809029474,1.1516426087801412,,-1.22525000917611,-0.3164756761510437,-0.3164756761510437,-0.3164756761510437,-0.3164756761510437,-1.22525000917611,-0.3164756761510437,-1.4053469322555197,0.7093409314018366,0.7093409314018366,0.7093409314018366,0.7093409314018366,-1.4053469322555197,0.7093409314018366,-0.6016727368805074,-0.469757018436017,-0.469757018436017,-0.469757018436017,-0.469757018436017,-0.6016727368805074,-0.469757018436017,0.6758848192789982,0.7152766260173333,0.49852529822141134,1.1490834650921913,0.9490084376588177,-0.6500430455958865,0.777875589376119,-0.6390962147582847,0.1595962157080273,0.1054083837590468,0.2680479254767418,0.21802916861839838,-0.970578180977006,0.17524595654772374
P1,258.0,0.0888877372190644,0.1064474021733435,O2_lag5_AB,current AB is active; read short-lag future AB,0.256088409741124,0.0891874590915063,0.0203625038848731,0.0203625038848731,0.1218794575725011,0.127233784782174,0.2392835374281726,0.256088409741124,0.1715820627423473,0.0939679211982839,0.0490051468737645,0.0490051468737645,0.0366128030582069,0.3844736445838064,-0.19014143952844412,-0.47671277509091614,-1.4245057649617772,-0.5860834955765065,-0.6372969683489537,O1_lag0_AB,0.3844736445838064,-0.19014143952844412,False,0.0,0.0,q1,low,mid,mid,low,low,low,high,A_side,near,phase=q1|str=low|ab=mid|ac=mid|bc=low|tfc=low|mem=low|dphi=high|side=A_side|dist=near,side=A_side|tfc=low,-0.41860954270325584,0.8030831872870623,bad,1.75,1.0,0.8983665809029474,-2.0766456541038854,,1.75,1.0,0.8983665809029474,0.7992067293379873,,1.75,1.0,0.8983665809029474,-0.6631262833233221,,1.75,1.0,0.8983665809029474,0.49446220015255116,,1.75,1.0,0.8983665809029474,-0.09260177445081655,,1.75,1.0,0.8983665809029474,1.119315222434817,,1.75,1.0,0.8983665809029474,-0.2475941953585275,,1.2517419012664042,1.2706760933847336,1.2706760933847336,1.2706760933847336,1.2706760933847336,1.2517419012664042,1.2706760933847336,0.7115680669648201,0.7093409314018366,0.7093409314018366,0.7093409314018366,0.7093409314018366,0.7115680669648201,0.7093409314018366,-0.4666682866450094,-0.469757018436017,-0.469757018436017,-0.469757018436017,-0.469757018436017,-0.4666682866450094,-0.469757018436017,-1.2001645594027421,0.567865301426393,-0.4324317735144562,0.2651488401524855,-0.08319887022353914,0.6982533469641277,-0.1558836245495795,0.0741192805458682,0.5195313269442365,0.2694570582090242,0.44385221162575966,0.3567652840317535,0.5487237571375856,0.33859409545024344
P1,265.0,-0.2368600353189663,0.2375247073508758,O6_phase_only,phase or closed-loop memory is high,0.0469435150707222,0.0905529465071063,0.0598542825782258,0.0469435150707222,0.0657835813853514,0.3746163160508707,0.1589269935302611,0.046943515070722225,0.2931914925352612,0.0691666115731044,0.1193630997816066,0.0691666115731044,0.1379387250987441,-1.1556622513292412,0.6853275881344566,-0.7137958904445686,-0.5459594955605589,-0.34487285973503645,0.5836899595555126,O2_lag5_AB,0.6853275881344566,0.5836899595555126,False,0.0,0.0,q4,mid,low,mid,low,mid,low,high,A_side,near,phase=q4|str=mid|ab=low|ac=mid|bc=low|tfc=mid|mem=low|dphi=high|side=A_side|dist=near,side=A_side|tfc=mid,-0.21303899276849084,0.8983665809029474,neutral,0.0,1.0,2.9122095932351133,-0.5932763750238106,,0.0,1.0,2.9122095932351133,-2.487448524429308,,0.0,1.0,2.9122095932351133,-3.576864850235731,,0.0,1.0,2.9122095932351133,-1.8480290398108121,,0.0,1.0,2.9122095932351133,-3.6399362678699236,,0.0,1.0,2.9122095932351133,0.8296900268877223,,0.0,1.0,2.9122095932351133,-2.781036055843297,,-0.32452567810610483,-0.3164756761510437,-0.3164756761510437,-0.3164756761510437,-0.3164756761510437,-0.32452567810610483,-0.3164756761510437,0.7115680669648201,0.7093409314018366,0.7093409314018366,0.7093409314018366,0.7093409314018366,0.7115680669648201,0.7093409314018366,2.386691133324025,2.3125233520854147,2.3125233520854147,2.3125233520854147,2.3125233520854147,2.386691133324025,2.3125233520854147,-0.33473211959740545,-1.6324922520511977,-2.34599463675482,-1.0207717134776315,-2.3697156141236095,0.5204101323814416,-1.846537181671335,0.6097503506463336,0.2682240888212525,0.08984849264534689,0.42115422346464404,0.08391824830314953,0.8235359136410454,0.21471285641621818
P1,271.0,0.6024508604545811,0.6809908275966515,O2_lag5_AB,current AB is active; read short-lag future AB,0.3160023607691493,0.0660286472381451,0.1200275231097471,0.0660286472381451,0.1673528437056805,0.1615523719749632,0.46795069330351696,0.3160023607691493,0.3067772962735454,0.0174992354514583,0.1878832125515763,0.0174992354514583,0.3679653769559474,0.8256779435921963,0.7831320956387561,-1.2076997478696025,0.30963801637754057,-0.9630184574093305,3.3555328338292254,O6_phase_only,3.3555328338292254,0.7831320956387561,False,0.0,0.0,q1,high,high,low,low,mid,low,high,B_side,near,phase=q1|str=high|ab=high|ac=low|bc=low|tfc=mid|mem=low|dphi=high|side=B_side|dist=near,side=B_side|tfc=mid,0.44332324059411216,2.9122095932351133,neutral,-1.0,0.0,1.248830235464581,2.8420624491031745,,-1.0,0.0,1.248830235464581,2.041869110797289,,-1.0,0.0,1.248830235464581,2.4029854239106587,,-1.0,0.0,1.248830235464581,0.5620669115532557,,-1.0,0.0,1.248830235464581,2.461893899314085,,-1.0,0.0,1.248830235464581,-1.3811242755596764,,-1.0,0.0,1.248830235464581,2.7139019852749393,,-1.22525000917611,-1.2234195444572022,-1.2234195444572022,-1.2234195444572022,-1.2234195444572022,-1.22525000917611,-1.2234195444572022,-1.4053469322555197,-1.4097593353646567,-1.4097593353646567,-1.4097593353646567,-1.4097593353646567,-1.4053469322555197,-1.4097593353646567,0.029894138517488764,0.014435711929206134,0.014435711929206134,0.014435711929206134,0.014435711929206134,0.029894138517488764,0.014435711929206134,1.669525149345079,1.3998057838765252,1.5812003224243116,0.3022607347155396,1.5633605791657335,-0.8371317128641705,1.8204254158451387,-0.23279441339226553,-0.30473434600403193,-0.2593857113670853,-0.5791206082942784,-0.26384564718172987,-0.8594586289445779,-0.19957943801187855
P1,281.0,-0.340746648108966,0.3679653769559474,O6_phase_only,phase or closed-loop memory is high,0.3075005266277683,0.0168068696887764,0.1891177462862826,0.0168068696887764,0.1711417142009424,0.0776927384495379,0.9407123996011326,0.30750052662776833,0.2103402155924952,0.0167467430257782,0.0450608338209084,0.0167467430257782,0.040405489251952,0.7630707259363453,0.08887937692888473,-1.2148930473871062,-1.473757645875314,-0.9720212346961479,-0.591594741604312,O1_lag0_AB,0.7630707259363453,-0.591594741604312,False,0.0,0.0,q4,high,high,low,mid,low,high,mid,B_side,far,phase=q4|str=high|ab=high|ac=low|bc=mid|tfc=low|mem=high|dphi=mid|side=B_side|dist=far,side=B_side|tfc=low,-0.4857595095282357,1.248830235464581,bad,1.75,1.0,0.8647638312475238,0.21619095781188094,,1.75,1.0,0.8647638312475238,-1.0777401340548727,,1.75,1.0,0.8647638312475238,1.0813252494194336,,1.75,1.0,0.8647638312475238,1.9402059171938946,,1.75,1.0,0.8647638312475238,0.8131395377500831,,1.75,1.0,0.8647638312475238,-0.30131451459880176,,1.75,1.0,0.8647638312475238,0.016657815997783258,,1.2517419012664042,1.2706760933847336,1.2706760933847336,1.2706760933847336,1.2706760933847336,1.2517419012664042,1.2706760933847336,0.7115680669648201,0.7093409314018366,0.7093409314018366,0.7093409314018366,0.7093409314018366,0.7115680669648201,0.7093409314018366,-0.5142791091763684,-0.5161818242373196,-0.5161818242373196,-0.5161818242373196,-0.5161818242373196,-0.5142791091763684,-0.5161818242373196,0.1375301138723054,-0.6887174215740292,0.7132158517344213,1.0587960176993028,0.5006177052450028,-0.17407876726566676,0.020460901032167588,0.39664024323179026,0.19377944474380535,0.5442627630709179,0.6306578045621383,0.49111322644856337,0.31873802294729725,0.37107402539535456
P1,300.0,0.0174722693669905,0.0644634950617862,O2_lag5_AB,current AB is active; read short-lag future AB,0.3084527809228978,0.0511564260891198,0.1863644401155884,0.0511564260891198,0.181991215709202,0.1314772100935851,0.4493760710840136,0.3084527809228978,0.08625472635744566,0.1312648309830497,0.1919030026153647,0.0862547263574456,0.0291143813651175,0.7700830942003544,-0.8044148584990171,-0.12018049117236464,0.3598323642566379,-0.1404316103550785,-0.7276536577607177,O1_lag0_AB,0.7700830942003544,-0.8044148584990171,False,0.0,0.0,q1,low,high,low,mid,mid,low,high,B_side,mid,phase=q1|str=low|ab=high|ac=low|bc=mid|tfc=mid|mem=low|dphi=high|side=B_side|dist=mid,side=B_side|tfc=mid,-0.09468073704716937,0.8647638312475238,neutral,1.75,1.0,0.6889438749330389,-1.0025635931661825,,0.25,1.0,1.8870891343714393,-2.0460105257861114,,0.25,1.0,1.8870891343714393,1.3620358689655787,,0.25,1.0,1.8870891343714393,0.05437802842541767,,0.25,1.0,1.8870891343714393,-2.1533967322773258,,1.75,1.0,0.6889438749330389,0.7776485611731763,,0.25,1.0,1.8870891343714393,-1.4318709797355826,,1.2517419012664042,-0.0897397090745041,-0.0897397090745041,-0.0897397090745041,-0.0897397090745041,1.2517419012664042,-0.0897397090745041,0.7115680669648201,0.7093409314018366,0.7093409314018366,0.7093409314018366,0.7093409314018366,0.7115680669648201,0.7093409314018366,-0.7633936257977526,0.8962399016622783,0.8962399016622783,0.8962399016622783,0.8962399016622783,-0.7633936257977526,0.8962399016622783,-0.5735198852424906,-1.336957320727561,0.897569184933393,0.023562757738765205,-1.4115320695755516,0.4884542746157295,-0.946192567238584,0.15659911429774528,0.04472095081551247,0.603352577230751,0.384850970432094,0.02607726360351481,0.4220926542623003,0.1424121391877567
P1,302.0,-0.0218587486280175,0.0738280378826209,O5_full_TFC,full triadic projection is already active,0.1260471311592061,0.1272698836900645,0.1945751507909205,0.1260471311592061,0.1492973885467304,0.1093894627172096,0.7000763395298273,0.1260471311592061,0.05049718136400316,0.1362980882627011,0.1924524924505023,0.0504971813640031,0.0606899072761504,-0.5731459110360908,-1.0618342313250346,-0.07206608373701263,0.366693738483463,-0.5682328783988945,-0.3471655891334614,O4_B_C_boundary,0.366693738483463,-0.5682328783988945,False,0.0,0.0,q4,low,mid,mid,mid,high,mid,high,B_side,near,phase=q4|str=low|ab=mid|ac=mid|bc=mid|tfc=high|mem=mid|dphi=high|side=B_side|dist=near,side=B_side|tfc=high,-0.3222501364495759,0.6889438749330389,good,0.25,1.0,1.8870891343714393,-2.469142832819717,,0.25,1.0,1.8870891343714393,-2.191980508676985,,0.25,1.0,1.8870891343714393,0.9105321058133354,,0.25,1.0,1.8870891343714393,-0.3558727015182988,,0.25,1.0,1.8870891343714393,-2.1289848199504013,,0.25,1.0,1.8870891343714393,-0.31630772346426306,,0.25,1.0,1.8870891343714393,-1.835260335452474,,-0.09934459533860351,-0.0897397090745041,-0.0897397090745041,-0.0897397090745041,-0.0897397090745041,-0.09934459533860351,-0.0897397090745041,0.7115680669648201,0.7093409314018366,0.7093409314018366,0.7093409314018366,0.7093409314018366,0.7115680669648201,0.7093409314018366,0.934225821981681,0.8962399016622783,0.8962399016622783,0.8962399016622783,0.8962399016622783,0.934225821981681,0.8962399016622783,-1.4291566221232326,-1.4346816421533548,0.6010495027654292,-0.20164612961000217,-1.3957968051425849,-0.18328528832301616,-1.2153882649118346,0.029323167871166234,0.020289870459063997,0.52922265668876,0.32854874859490213,0.030011079711756483,0.3407910013212203,0.07511321476944405
P1,317.0,0.3457931540192338,0.3722559452850299,O4_B_C_boundary,B-side boundary projection dominates current C-state,0.0727501964567777,0.1409736575684008,0.1935258618676801,0.0727501964567777,0.1357499052976195,0.0395068953380488,0.8316770918802372,0.07275019645677772,0.040355625092544034,0.367596151692046,0.2813600286251194,0.040355625092544,0.1672944833495426,-0.9656227267226672,-1.1348435236396366,2.1389810860230374,1.4768650979341105,-0.6895658903174575,0.9374296182837997,O3_A_C_boundary,2.1389810860230374,1.4768650979341105,False,0.0,0.0,q1,high,low,mid,mid,mid,high,low,B_side,near,phase=q1|str=high|ab=low|ac=mid|bc=mid|tfc=mid|mem=high|dphi=low|side=B_side|dist=near,side=B_side|tfc=mid,0.25189195165159806,1.8870891343714393,neutral,1.5,1.0,2.035150515569217,0.14216029085317788,,1.5,1.0,2.035150515569217,1.0059026825565716,,1.5,1.0,2.035150515569217,-2.3240541595135307,,1.5,1.0,2.035150515569217,1.170903616981231,,1.5,1.0,2.035150515569217,1.1294711614691462,,1.5,1.0,2.035150515569217,-2.2167258187925145,,1.5,1.0,2.035150515569217,0.05591255806147492,,1.026560818498903,1.043940126308194,1.043940126308194,1.043940126308194,1.043940126308194,1.026560818498903,1.043940126308194,0.7115680669648201,0.7093409314018366,0.7093409314018366,0.7093409314018366,0.7093409314018366,0.7115680669648201,0.7093409314018366,1.1440099681078746,1.1007981874949975,1.1007981874949975,1.1007981874949975,1.1007981874949975,1.1440099681078746,1.1007981874949975,0.09433888588205108,0.7062445857813454,-1.523226238910231,0.6364842399981137,0.7045165920290293,-1.35022956085377,0.04665695089580183,0.7441194348634121,0.8900809577465935,0.33271325157369935,0.8726408713007855,0.8896489593085144,0.38297732317945693,0.7251840490252075
P1,330.0,-0.0880205138140065,0.1662347225396472,O5_full_TFC,full triadic projection is already active,0.1083455171242937,0.4607430634116542,0.257944300609195,0.1083455171242937,0.275677627048381,0.0565606945205895,0.5657298934822808,0.10834551712429377,0.17745212633851734,0.123669292871811,0.3291400388449408,0.123669292871811,0.0008562335703478,-0.7034999951447712,-0.14788271931563196,-0.1927885052415747,2.0734849254830934,0.30719417047217107,-1.0681670068561522,O4_B_C_boundary,2.0734849254830934,0.30719417047217107,False,0.0,0.0,q4,mid,low,high,high,high,mid,mid,A_side,far,phase=q4|str=mid|ab=low|ac=high|bc=high|tfc=high|mem=mid|dphi=mid|side=A_side|dist=far,side=A_side|tfc=high,0.03833440991387633,2.035150515569217,good,0.0,1.0,0.5141728497733763,2.857846555876428,,0.0,1.0,0.5141728497733763,1.8995620550111005,,0.0,1.0,0.5141728497733763,0.6262732124440575,,0.0,1.0,0.5141728497733763,-0.23366926267254384,,0.0,1.0,0.5141728497733763,0.4820911661203706,,0.0,1.0,0.5141728497733763,3.270195144782589,,0.0,1.0,0.5141728497733763,1.7445447890088832,,-0.32452567810610483,-0.3164756761510437,-0.3164756761510437,-0.3164756761510437,-0.3164756761510437,-0.32452567810610483,-0.3164756761510437,0.7115680669648201,0.7093409314018366,0.7093409314018366,0.7093409314018366,0.7093409314018366,0.7115680669648201,0.7093409314018366,-1.0110219403799592,-1.0005504666111535,-1.0005504666111535,-1.0005504666111535,-1.0005504666111535,-1.0110219403799592,-1.0005504666111535,1.6787339675588389,1.30453372735238,0.41436588328282914,-0.13456203082869994,0.287232797174886,2.01899272134458,1.1735397629510993,0.26368860400939875,0.17421212899800487,-0.04832983201938286,-0.18556181054726512,-0.08011310354636865,0.34875329245583403,0.14146363789768468
P1,347.0,0.0783333981054355,0.1703171584383681,O4_B_C_boundary,B-side boundary projection dominates current C-state,0.2483979577327698,0.0601535119147013,0.2386214934955886,0.0601535119147013,0.1823909877143532,0.0372396216685658,0.7156266563484193,0.24839795773276982,0.19878701667218288,0.0341167400528022,0.169189779291629,0.0341167400528022,0.1198722043884741,0.32784141737821876,0.005707637349268209,-1.0488480654451202,0.0762166990413331,-0.7642075619330732,0.3659866791340434,O6_phase_only,0.3659866791340434,0.0762166990413331,False,0.0,0.0,q1,mid,mid,low,high,mid,mid,low,B_side,far,phase=q1|str=mid|ab=mid|ac=low|bc=high|tfc=mid|mem=mid|dphi=low|side=B_side|dist=far,side=B_side|tfc=mid,-0.14818617063933284,0.5141728497733763,neutral,-1.0,0.0,1.636875667749795,-1.0381299148986092,,-1.0,0.0,1.636875667749795,-1.39017981124852,,-1.0,0.0,1.636875667749795,-1.0078286409569295,,-1.0,0.0,1.636875667749795,0.6989888970301591,,-1.0,0.0,1.636875667749795,-0.7480856904951978,,-1.0,0.0,1.636875667749795,-2.8783860357069915,,-1.0,0.0,1.636875667749795,-1.4952985295588432,,-1.22525000917611,-1.2234195444572022,-1.2234195444572022,-1.2234195444572022,-1.2234195444572022,-1.22525000917611,-1.2234195444572022,-1.4053469322555197,-1.4097593353646567,-1.4097593353646567,-1.4097593353646567,-1.4097593353646567,-1.4053469322555197,-1.4097593353646567,0.5797051629154238,0.5505505840946118,0.5505505840946118,0.5505505840946118,0.5505505840946118,0.5797051629154238,0.5505505840946118,-0.5942701117881585,-0.8978902585885369,-0.6588109133348264,0.3774246424240475,-0.5057062351684412,-1.7565194201157341,-0.9885199694974596,-0.6612904725760911,-0.7451296385789461,-0.6853598022655184,-0.42630091332579995,-0.6470836327239221,-0.951852799657985,-0.7677870663061768
P1,362.0,-0.1497802676246039,0.2337100540328996,O2_lag5_AB,current AB is active; read short-lag future AB,0.2891594995117391,0.0142951864757033,0.1731848864338259,0.0142951864757033,0.1588798574737561,0.0122095019217972,0.7272447321325082,0.2891594995117391,0.2103098930869574,0.0968562329691209,0.3085517812952735,0.0968562329691209,0.0219752668616529,0.6280080256307622,0.08866108452767318,-0.44910254147456513,1.8164033005042683,-0.013595778295542165,-0.8136806616112838,O4_B_C_boundary,1.8164033005042683,0.08866108452767318,False,0.0,0.0,q4,mid,high,low,mid,low,mid,low,B_side,mid,phase=q4|str=mid|ab=high|ac=low|bc=mid|tfc=low|mem=mid|dphi=low|side=B_side|dist=mid,side=B_side|tfc=low,0.17952763275447323,1.636875667749795,bad,1.75,1.0,0.6177984685818307,-0.23527303507049646,,1.75,1.0,0.6177984685818307,0.8024532913882777,,1.75,1.0,0.6177984685818307,1.4338895798068503,,1.75,1.0,0.6177984685818307,0.15444961714545768,,1.75,1.0,0.6177984685818307,1.52006522662451,,1.75,1.0,0.6177984685818307,1.8215460034525182,,1.75,1.0,0.6177984685818307,1.6364097108286337,,1.2517419012664042,1.2706760933847336,1.2706760933847336,1.2706760933847336,1.2706760933847336,1.2517419012664042,1.2706760933847336,0.7115680669648201,0.7093409314018366,0.7093409314018366,0.7093409314018366,0.7093409314018366,0.7115680669648201,0.7093409314018366,-0.8641976180437285,-0.8573836341776709,-0.8573836341776709,-0.8573836341776709,-0.8573836341776709,-0.8641976180437285,-0.8573836341776709,-0.12586457169564594,0.570038817289367,0.9447582478827053,0.07849748303213785,0.9562830582877322,1.1294554018792393,1.1013774775532825,0.24331194462296246,0.42316805197456664,0.5168479096229012,0.30028271841025933,0.5197291122241579,0.5571419380166838,0.5560027170405455
P1,381.0,0.1195096536317912,0.1702312688262325,O4_B_C_boundary,B-side boundary projection dominates current C-state,0.0687690469722889,0.0919388933561003,0.2163034191586053,0.0687690469722889,0.1256704531623315,0.0264766242521796,0.7317807697084298,0.06876904697228892,0.11517234524997944,0.0893038379355966,0.1845129797463152,0.0893038379355966,0.0477713441002074,-0.9949397762146942,-0.5962362679301463,-0.5212981379970788,0.2675545654568739,-0.10395220999973283,-0.5028354951899194,O4_B_C_boundary,0.2675545654568739,0.2675545654568739,True,0.0,0.0,q1,mid,low,mid,mid,mid,mid,low,B_side,mid,phase=q1|str=mid|ab=low|ac=mid|bc=mid|tfc=mid|mem=mid|dphi=low|side=B_side|dist=mid,side=B_side|tfc=mid,-0.35024390312495685,0.6177984685818307,neutral,-1.0,0.0,1.7662964507867085,-2.2121596800061125,,-1.0,0.0,1.7662964507867085,-0.4335981221626522,,-1.0,0.0,1.7662964507867085,,,-1.0,0.0,1.7662964507867085,,,-1.0,0.0,1.7662964507867085,0.8130808881532838,,-1.0,0.0,1.7662964507867085,-2.0654257335636346,,-1.0,0.0,1.7662964507867085,-1.3976430297355655,,-1.22525000917611,-1.2234195444572022,-1.2234195444572022,-1.2234195444572022,-1.2234195444572022,-1.22525000917611,-1.2234195444572022,-1.4053469322555197,-1.4097593353646567,-1.4097593353646567,-1.4097593353646567,-1.4097593353646567,-1.4053469322555197,-1.4097593353646567,0.7630779522325463,0.7293554372912444,0.7293554372912444,0.7293554372912444,0.7293554372912444,0.7630779522325463,0.7293554372912444,-1.2792266215058072,-0.257475739090086,,,0.5005799012867481,-1.2573243373530645,-0.9233510699367902,-0.7866864026762227,-0.5403247954051751,-0.6346078141768715,-0.6346078141768715,-0.3508108853109666,-0.7812108316380371,-0.7067936281168512
P1,394.0,-0.2395561751530914,0.3180357344740208,O4_B_C_boundary,B-side boundary projection dominates current C-state,0.0073041564170213,0.0479693859264205,0.2266790665445006,0.0073041564170213,0.0939842029626475,0.0793393679279792,0.839856995660206,0.007304156417021313,0.23886735706075596,,,0.2388673570607559,0.0117833220261873,-1.4475651411881927,0.2942469117142137,,,1.6854173663112932,-0.9364945592143907,O5_full_TFC,1.6854173663112932,,False,0.0,0.0,q4,high,low,low,high,low,high,mid,B_side,far,phase=q4|str=high|ab=low|ac=low|bc=high|tfc=low|mem=high|dphi=mid|side=B_side|dist=far,side=B_side|tfc=low,-0.0808790844754153,1.7662964507867085,bad,,,,,,,,,,,,,,,,,,,,,,,,,,,,,,,,,,,,,,,,,,,,,,,,,,,,,,,,,,,,,,,,,,,,,,
P10,56.0,0.2951533867861125,0.3455673970984055,O5_full_TFC,full triadic projection is already active,0.2531992779965876,0.2155422788196357,0.406313335960439,0.2155422788196357,0.2916849642588874,0.0390498517033844,0.5986601333290588,0.2531992779965876,0.22299073294146304,0.1870930892295022,0.1706602279559218,0.1706602279559218,0.1505365535004429,0.36319817661316917,0.1799507366235495,0.4134984794090693,0.09457790960771463,0.8693910891709757,0.7354949812981629,O5_full_TFC,0.8693910891709757,0.8693910891709757,True,0.0,0.0,q1,high,mid,high,high,high,mid,low,B_side,far,phase=q1|str=high|ab=mid|ac=high|bc=high|tfc=high|mem=mid|dphi=low|side=B_side|dist=far,side=B_side|tfc=high,0.37944448181752016,0.4899466073534556,good,1.0,1.0,0.5365379450896414,0.5941146740161494,,1.0,1.0,0.5365379450896414,-0.3671105798530536,,1.0,1.0,0.5365379450896414,,,1.0,1.0,0.5365379450896414,,,1.0,1.0,0.5365379450896414,0.13413448627241034,,1.0,1.0,0.5365379450896414,-1.1182978464122373,,1.0,1.0,0.5365379450896414,0.27339000267754554,,0.5761986529639004,0.5904681921551147,0.5904681921551147,0.5904681921551147,0.5904681921551147,0.5761986529639004,0.5904681921551147,0.7115680669648201,0.7093409314018366,0.7093409314018366,0.7093409314018366,0.7093409314018366,0.7115680669648201,0.7093409314018366,-0.979333444797939,-0.9696513521805689,-0.9696513521805689,-0.9696513521805689,-0.9696513521805689,-0.979333444797939,-0.9696513521805689,0.3580196766450989,-0.2129635056377349,,,0.06294924677944867,-0.6757441756073553,0.19178718698638045,0.16661323794397012,0.029298566434661895,0.11005259045879416,0.11005259045879416,0.09827675453895779,-0.09182772511914344,0.13048623959069072
P10,64.0,-0.1291449148738822,0.3795531092229933,O5_full_TFC,full triadic projection is already active,0.278177679777811,0.2218171906146101,0.1809952574623599,0.1809952574623599,0.226996709284927,0.0707746429494701,0.9061476232795611,0.278177679777811,0.14681502862076148,,,0.1468150286207614,0.045935773500491,0.5471382783614184,-0.36843987672563966,,,0.5841084582126724,-0.524954294233296,O5_full_TFC,0.5841084582126724,0.5841084582126724,True,0.0,0.0,q4,high,high,high,mid,high,high,mid,A_side,near,phase=q4|str=high|ab=high|ac=high|bc=mid|tfc=high|mem=high|dphi=mid|side=A_side|dist=near,side=A_side|tfc=high,0.047570513123031045,0.5365379450896414,good,1.0,1.0,0.7331842934479703,-0.2921153503779379,,1.0,1.0,0.7331842934479703,-1.109421209152738,,1.0,1.0,0.7331842934479703,,,1.0,1.0,0.7331842934479703,,,1.0,1.0,0.7331842934479703,-1.7104328760783392,,1.0,1.0,0.7331842934479703,0.6331729276622728,,1.0,1.0,0.7331842934479703,0.2505062404396711,,0.5761986529639004,0.5904681921551147,0.5904681921551147,0.5904681921551147,0.5904681921551147,0.5761986529639004,0.5904681921551147,0.7115680669648201,0.7093409314018366,0.7093409314018366,0.7093409314018366,0.7093409314018366,0.7115680669648201,0.7093409314018366,-0.7007105794331977,-0.69796916463086,-0.69796916463086,-0.69796916463086,-0.69796916463086,-0.7007105794331977,-0.69796916463086,-0.15902771206431457,-0.7099273409332241,,,-1.1260094395499591,0.39973957890732,0.17651605934329814,0.10700710710780209,-0.027021845501783187,0.20061331964203044,0.20061331964203044,-0.13104237015596695,0.24669892985071074,0.19458900456734737
P10,101.0,0.0393428476403445,0.0603148783969601,O5_full_TFC,full triadic projection is already active,0.2043689566727854,0.3145424287276906,0.3871398966611745,0.2043689566727854,0.3020170940205502,0.0805097233362215,0.0268119859690982,0.20436895667278548,0.005927293244576939,0.187095197490844,0.1585369503698319,0.0059272932445769,0.08005369774689,0.003613350035047476,-1.382693861054439,0.4135186329079951,-0.05680313341560445,-1.1014645266442702,-0.11383008560855538,O3_A_C_boundary,0.4135186329079951,-1.1014645266442702,False,0.0,0.0,q1,low,mid,high,high,high,low,mid,B_side,mid,phase=q1|str=low|ab=mid|ac=high|bc=high|tfc=high|mem=low|dphi=mid|side=B_side|dist=mid,side=B_side|tfc=high,-0.3196656605399752,0.7331842934479703,good,-1.0,0.0,1.56835519082286,-2.7932490512663044,,-1.0,0.0,1.56835519082286,2.1883012916681492,,-1.0,0.0,1.56835519082286,0.12460029089516184,,-1.0,0.0,1.56835519082286,-2.658303653138379,,-1.0,0.0,1.56835519082286,-0.5669975296787677,,-1.0,0.0,1.56835519082286,-1.173042322364199,,-1.0,0.0,1.56835519082286,-0.9675053077398876,,-1.22525000917611,-1.2234195444572022,-1.2234195444572022,-1.2234195444572022,-1.2234195444572022,-1.22525000917611,-1.2234195444572022,-1.4053469322555197,-1.4097593353646567,-1.4097593353646567,-1.4097593353646567,-1.4097593353646567,-1.4053469322555197,-1.4097593353646567,0.4826203618147544,0.4558842288895947,0.4558842288895947,0.4558842288895947,0.4558842288895947,0.4826203618147544,0.4558842288895947,-1.6182477940533007,1.4978395386739205,0.08489820794964899,-1.465575417152916,-0.38898165997064466,-0.7093598062003722,-0.6363052604051317,-0.941556093417544,-0.16986377806458597,-0.5230991107456539,-0.9107175170212951,-0.6415690777257272,-0.7143340964543119,-0.703399977834349
P10,106.0,-0.0260377827033926,0.0805097233362215,O3_A_C_boundary,A-side boundary projection dominates current C-state,0.0059272932445769,0.187095197490844,0.1585369503698319,0.0059272932445769,0.1171864803684176,0.08005369774689,0.5359259130377566,0.005927293244576939,0.39503345749822183,0.2698398438851797,0.0511213467307573,0.0511213467307573,0.0682974749634064,-1.4577043147930953,1.4184901906828782,1.2044993852344357,-1.3980811830512767,-0.5607653988665202,-0.2554936801862933,O2_lag5_AB,1.4184901906828782,1.2044993852344357,False,0.0,0.0,q4,low,low,high,mid,low,low,mid,A_side,near,phase=q4|str=low|ab=low|ac=high|bc=mid|tfc=low|mem=low|dphi=mid|side=A_side|dist=near,side=A_side|tfc=low,-0.14986500013998166,1.56835519082286,bad,1.75,1.0,1.0140591020068626,3.129709280977689,,1.75,1.0,1.0140591020068626,-2.098043031083803,,1.75,1.0,1.0140591020068626,-0.5002088896260136,,1.75,1.0,1.0140591020068626,2.14388828473347,,1.75,1.0,1.0140591020068626,0.8445296797370513,,1.75,1.0,1.0140591020068626,0.23568371981071756,,1.75,1.0,1.0140591020068626,0.12451357716287036,,1.2517419012664042,1.2706760933847336,1.2706760933847336,1.2706760933847336,1.2706760933847336,1.2517419012664042,1.2706760933847336,0.7115680669648201,0.7093409314018366,0.7093409314018366,0.7093409314018366,0.7093409314018366,0.7115680669648201,0.7093409314018366,-0.302746698472389,-0.30991882424093403,-0.30991882424093403,-0.30991882424093403,-0.30991882424093403,-0.302746698472389,-0.30991882424093403,1.8373450597491952,-1.3717921626011969,-0.3254377288547004,1.170608321780867,0.5208509494963572,0.15566289092196361,0.09243678850524238,0.8744770823770076,0.07457650948610983,0.33616511792273396,0.7101766305816257,0.5477372875104983,0.4540565401701997,0.44063374726271964
P10,132.0,0.2137989076490264,0.3071782253187112,O3_A_C_boundary,A-side boundary projection dominates current C-state,0.3719932720470502,0.2176755382621651,0.1377691416102365,0.1377691416102365,0.2424793173064839,0.209549830915844,0.1345948584012907,0.3719932720470502,0.10864133832803861,0.1923573935857761,0.2028907948685325,0.1086413383280386,0.0799185332937937,1.2379931112173788,-0.6432531340510362,0.4638215347564414,0.49703481961545826,0.12740056296612856,-0.11545883003075683,O1_lag0_AB,1.2379931112173788,0.4638215347564414,False,0.0,0.0,q1,high,high,high,mid,high,low,high,A_side,mid,phase=q1|str=high|ab=high|ac=high|bc=mid|tfc=high|mem=low|dphi=high|side=A_side|dist=mid,side=A_side|tfc=high,0.22393400921051626,1.0140591020068626,good,1.0,1.0,0.7948497572832259,-0.6779395329976909,,1.0,1.0,0.7948497572832259,0.4105467960715471,,1.0,1.0,0.7948497572832259,,,1.0,1.0,0.7948497572832259,,,1.0,1.0,0.7948497572832259,0.030451458074831378,,1.0,1.0,0.7948497572832259,0.4092707878821772,,1.0,1.0,0.7948497572832259,1.4367055505381852,,0.5761986529639004,0.5904681921551147,0.5904681921551147,0.5904681921551147,0.5904681921551147,0.5761986529639004,0.5904681921551147,0.7115680669648201,0.7093409314018366,0.7093409314018366,0.7093409314018366,0.7093409314018366,0.7115680669648201,0.7093409314018366,-0.6133384600358072,-0.6127735418751217,-0.6127735418751217,-0.6127735418751217,-0.6127735418751217,-0.6133384600358072,-0.6127735418751217,-0.38412659230240787,0.3076643512608245,,,-0.0038820544332892532,0.262253348763509,0.9681079700768193,0.0725754168976264,0.24867498323566353,0.22901186056060988,0.22901186056060988,0.1707883818121351,0.23417040216410562,0.4137858879396622
P10,137.0,-0.1181260415049033,0.209549830915844,O4_B_C_boundary,B-side boundary projection dominates current C-state,0.1086413383280386,0.1923573935857761,0.2028907948685325,0.1086413383280386,0.1679631755941157,0.0799185332937937,0.8035053019960885,0.10864133832803861,0.012478786853194469,,,0.0124787868531944,0.0136239453681872,-0.701321577854798,-1.3355295108141394,,,-1.0230828235977802,-0.9143148741494119,O7_suppress_event,0.0,,False,0.0,0.0,q4,mid,low,high,mid,high,high,mid,B_side,near,phase=q4|str=mid|ab=low|ac=high|bc=mid|tfc=high|mem=high|dphi=mid|side=B_side|dist=near,side=B_side|tfc=high,-0.7948497572832259,0.7948497572832259,good,-1.0,0.0,1.2258591224005768,1.0077863584549422,,-1.0,0.0,1.2258591224005768,-1.4859297732490686,,-1.0,0.0,1.2258591224005768,,,-1.0,0.0,1.2258591224005768,,,-1.0,0.0,1.2258591224005768,-1.3684216480948996,,-1.0,0.0,1.2258591224005768,0.11661928711579699,,-1.0,0.0,1.2258591224005768,-1.2115690383819577,,-1.22525000917611,-1.2234195444572022,-1.2234195444572022,-1.2234195444572022,-1.2234195444572022,-1.22525000917611,-1.2234195444572022,-1.4053469322555197,-1.4097593353646567,-1.4097593353646567,-1.4097593353646567,-1.4097593353646567,-1.4053469322555197,-1.4097593353646567,-0.0026530071373479995,-0.01730066303926418,-0.01730066303926418,-0.01730066303926418,-0.01730066303926418,-0.0026530071373479995,-0.01730066303926418,0.599365442794623,-0.9619931643896869,,,-0.9055581680849409,0.08255184333879365,-0.7991774465840821,-0.5084711264435887,-0.9031181768127025,-0.8834931809537077,-0.8834931809537077,-0.8890094277365159,-0.6376745263075461,-0.8624142473613012
P10,175.0,0.1693792155442748,0.1889824682123895,O4_B_C_boundary,B-side boundary projection dominates current C-state,0.3687930867129994,0.0220897458251464,0.3359333275137368,0.0220897458251464,0.2422720533506275,0.0279526136184579,0.8044620441282703,0.3687930867129994,0.019093200674319053,0.1777297793629457,0.1856953381770518,0.019093200674319,0.1169769641657945,1.2144270551856815,-1.2879121965450004,0.3239918079173721,0.28231844850758364,-0.9439483466485777,0.3310987610786742,O1_lag0_AB,1.2144270551856815,0.28231844850758364,False,0.0,0.0,q1,mid,high,low,high,low,high,low,B_side,far,phase=q1|str=mid|ab=high|ac=low|bc=high|tfc=low|mem=high|dphi=low|side=B_side|dist=far,side=B_side|tfc=low,-0.01143206721489525,1.2258591224005768,bad,1.5,1.0,1.2973610111956093,-1.531860448034803,,1.5,1.0,1.2973610111956093,1.119503206412226,,1.5,1.0,1.2973610111956093,,,1.5,1.0,1.2973610111956093,,,1.5,1.0,1.2973610111956093,2.4827156546331617,,1.5,1.0,1.2973610111956093,-1.3105004836943688,,1.5,1.0,1.2973610111956093,-0.4881929824366331,,1.026560818498903,1.043940126308194,1.043940126308194,1.043940126308194,1.043940126308194,1.026560818498903,1.043940126308194,0.7115680669648201,0.7093409314018366,0.7093409314018366,0.7093409314018366,0.7093409314018366,0.7115680669648201,0.7093409314018366,0.09865607539268235,0.0814847439817336,0.0814847439817336,0.0814847439817336,0.0814847439817336,0.09865607539268235,0.0814847439817336,-0.8823240885857864,0.782298126978976,,,1.576781724609667,-0.7937654506589111,-0.31644353380084,0.2386152180676548,0.6542659821676851,0.6115886005639214,0.6115886005639214,0.8528868815753579,0.2607548775493736,0.37958056697273107
P10,191.0,-0.1576688290168185,0.2642319893428602,O1_lag0_AB,default immediate AB readout,0.222429105432331,0.147267672495411,0.0750819092960601,0.0750819092960601,0.1482595624079341,0.0016316024456035,0.4851664438040114,0.22242910543233105,0.23353056062880798,,,0.2335305606288079,0.0568889907514486,0.13660767167000928,0.255827193843087,,,1.6215682323369736,-0.3929669921432491,O5_full_TFC,1.6215682323369736,0.13660767167000928,False,0.0,0.0,q4,high,mid,mid,low,mid,low,low,A_side,mid,phase=q4|str=high|ab=mid|ac=mid|bc=low|tfc=mid|mem=low|dphi=low|side=A_side|dist=mid,side=A_side|tfc=mid,0.3242072211413642,1.2973610111956093,neutral,0.0,1.0,0.8894020848621146,1.3125873943865713,,0.0,1.0,0.8894020848621146,1.5880915597094152,,0.0,1.0,0.8894020848621146,,,0.0,1.0,0.8894020848621146,,,0.0,1.0,0.8894020848621146,-1.661547390500858,,0.0,1.0,0.8894020848621146,1.6454885283800769,,0.0,1.0,0.8894020848621146,0.8308269536691378,,-0.32452567810610483,-0.3164756761510437,-0.3164756761510437,-0.3164756761510437,-0.3164756761510437,-0.32452567810610483,-0.3164756761510437,0.7115680669648201,0.7093409314018366,0.7093409314018366,0.7093409314018366,0.7093409314018366,0.7115680669648201,0.7093409314018366,-0.47936983739486816,-0.4821421652489963,-0.4821421652489963,-0.4821421652489963,-0.4821421652489963,-0.47936983739486816,-0.4821421652489963,0.7771935183127383,1.0960097404703064,,,-1.0944991657052001,1.0213480003147823,0.5637841839432036,0.17121651744414634,0.25168320761802576,-0.029758969999401124,-0.029758969999401124,-0.29594401892585087,0.23225513794465735,0.11862681848625006
P10,228.0,0.0850146963377598,0.119114665314937,O2_lag5_AB,current AB is active; read short-lag future AB,0.27105600263172,0.0529228308814155,0.0674771244926403,0.0529228308814155,0.1304853193352586,0.0036094463118374,0.2795642163113705,0.27105600263172,0.310575220793013,0.0397639306552298,0.1227622999434172,0.0397639306552298,0.1174962053233132,0.4946944899099543,0.8104734399066915,-0.9948648862802534,-0.5035143348120877,-0.6966448894664178,0.33735566605415196,O2_lag5_AB,0.8104734399066915,0.8104734399066915,True,0.0,0.0,q1,low,high,low,low,mid,low,low,B_side,near,phase=q1|str=low|ab=high|ac=low|bc=low|tfc=mid|mem=low|dphi=low|side=B_side|dist=near,side=B_side|tfc=mid,-0.07892864495542302,0.8894020848621146,neutral,-1.0,0.0,0.7250834289185198,0.40876927838915605,,-1.0,0.0,0.7250834289185198,-0.13103651933717897,,-1.0,0.0,0.7250834289185198,-0.3990677125049642,,-1.0,0.0,0.7250834289185198,1.4952586319484094,,-1.0,0.0,0.7250834289185198,-0.43177308642693163,,-1.0,0.0,0.7250834289185198,-0.06796556360391406,,-1.0,0.0,0.7250834289185198,0.276045563140587,,-1.22525000917611,-1.2234195444572022,-1.2234195444572022,-1.2234195444572022,-1.2234195444572022,-1.22525000917611,-1.2234195444572022,-1.4053469322555197,-1.4097593353646567,-1.4097593353646567,-1.4097593353646567,-1.4097593353646567,-1.4053469322555197,-1.4097593353646567,-0.7121884741714931,-0.7091611375038805,-0.7091611375038805,-0.7091611375038805,-0.7091611375038805,-0.7121884741714931,-0.7091611375038805,0.24988482431511796,-0.05491609812798179,-0.2590144736316541,0.8145403083852988,-0.301819607941581,-0.030791759772976244,0.19355933451935517,-0.7732251478220011,-0.8493140288634303,-0.9003386227393484,-0.6319499272351102,-0.9110399063168302,-0.8433942938440248,-0.7871951707015961
P10,252.0,-0.1007655179833738,0.2784255104667263,O4_B_C_boundary,B-side boundary projection dominates current C-state,0.2720391785732133,0.0010192867942803,0.2425174562522242,0.0010192867942803,0.171858640539906,0.0670014204617373,0.8302076455368397,0.27203917857321336,0.24282152917533872,0.0040795493508396,0.2089391112875399,0.0040795493508396,0.0890582510112449,0.5019345641268187,0.32271308594314047,-1.3359825295406436,0.5725589871965876,-1.1235708312271493,-0.0053243685522792955,O4_B_C_boundary,0.5725589871965876,0.5725589871965876,True,0.0,0.0,q4,high,high,low,high,low,high,mid,B_side,far,phase=q4|str=high|ab=high|ac=low|bc=high|tfc=low|mem=high|dphi=mid|side=B_side|dist=far,side=B_side|tfc=low,-0.15252444172193222,0.7250834289185198,bad,1.5,1.0,0.7467047939936479,-0.8774724469073469,,1.5,1.0,0.7467047939936479,0.43652209975185907,,1.5,1.0,0.7467047939936479,1.420604831830336,,1.5,1.0,0.7467047939936479,-2.0772429855405874,,1.5,1.0,0.7467047939936479,0.6667782951557906,,1.5,1.0,0.7467047939936479,0.006769275819197389,,1.5,1.0,0.7467047939936479,0.27269137436485547,,1.026560818498903,1.043940126308194,1.043940126308194,1.043940126308194,1.043940126308194,1.026560818498903,1.043940126308194,0.7115680669648201,0.7093409314018366,0.7093409314018366,0.7093409314018366,0.7093409314018366,0.7115680669648201,0.7093409314018366,-0.6815537497506154,-0.6792895441055744,-0.6792895441055744,-0.6792895441055744,-0.6792895441055744,-0.6815537497506154,-0.6792895441055744,-0.5005387756620311,0.32505435758757123,0.9360336489553885,-1.1465996862632142,0.4062771708322726,0.015098875049800392,0.19132096810037474,0.13900909001276915,0.3497614677980069,0.5025062906399612,-0.01815204316468949,0.3700671711091822,0.26791850269072703,0.3163281204262077
P10,268.0,0.182564105098489,0.2737945627061657,O1_lag0_AB,default immediate AB readout,0.1334565224073039,0.1476446480470274,0.0481769253554494,0.0481769253554494,0.1097593652699269,0.1091664901367056,0.8177022403475284,0.1334565224073039,0.25206194516748726,0.1280977819235962,0.0492138044213845,0.0492138044213845,0.0714921807609136,-0.518583405716307,0.38923504906411527,-0.1504552576601306,-1.4219002981670843,-0.5835871283489712,-0.2169971736783499,O2_lag5_AB,0.38923504906411527,-0.518583405716307,False,0.0,0.0,q1,high,mid,mid,low,mid,high,high,A_side,mid,phase=q1|str=high|ab=mid|ac=mid|bc=low|tfc=mid|mem=high|dphi=high|side=A_side|dist=mid,side=A_side|tfc=mid,-0.3574697449295326,0.7467047939936479,neutral,0.25,1.0,2.7091659279050053,-0.9418068181517045,,0.25,1.0,2.7091659279050053,-4.223756382848822,,0.25,1.0,2.7091659279050053,-4.111590056989826,,0.25,1.0,2.7091659279050053,1.087683770708443,,0.25,1.0,2.7091659279050053,-3.1352375267599055,,0.25,1.0,2.7091659279050053,1.2835237047187165,,0.25,1.0,2.7091659279050053,-3.6960446280564034,,-0.09934459533860351,-0.0897397090745041,-0.0897397090745041,-0.0897397090745041,-0.0897397090745041,-0.09934459533860351,-0.0897397090745041,0.7115680669648201,0.7093409314018366,0.7093409314018366,0.7093409314018366,0.7093409314018366,0.7115680669648201,0.7093409314018366,2.099004083446304,2.032002774787554,2.032002774787554,2.032002774787554,2.032002774787554,2.099004083446304,2.032002774787554,-0.5380729572407916,-2.794919649039875,-2.6971690040445533,0.5908003505702963,-2.0444003318139745,0.7990849210126089,-2.457154114128975,0.5432886494579322,-0.03582891298124713,-0.01139125173241673,0.8106010869212956,0.15180091632522796,0.8775781190212824,0.04861247074647779
P10,289.0,-0.3092750828659152,0.6130385359924069,O2_lag5_AB,current AB is active; read short-lag future AB,0.4467533145627917,0.1626721499546406,0.0575036002846765,0.0575036002846765,0.2223096882673696,0.0176930812502285,0.8924175162322537,0.44675331456279177,0.18260579191783324,0.0964693836723492,0.3784703033012138,0.0964693836723492,0.4056849231736287,1.7885235233507137,-0.11078136458264269,-0.45280054927484237,2.68946248047821,-0.01822402164197831,3.810056927277416,O6_phase_only,3.810056927277416,-0.11078136458264269,False,0.0,0.0,q4,high,high,mid,low,mid,high,low,A_side,mid,phase=q4|str=high|ab=high|ac=mid|bc=low|tfc=mid|mem=high|dphi=low|side=A_side|dist=mid,side=A_side|tfc=mid,1.1008909993724108,2.7091659279050053,neutral,-1.0,0.0,1.947539861188659,-0.8885992495510906,,-1.0,0.0,1.947539861188659,0.9454696274552609,,-1.0,0.0,1.947539861188659,3.2804260283500914,,-1.0,0.0,1.947539861188659,-2.2196528573662326,,-1.0,0.0,1.947539861188659,1.2840252978777542,,-1.0,0.0,1.947539861188659,0.48688496529716474,,-1.0,0.0,1.947539861188659,2.442828654951477,,-1.22525000917611,-1.2234195444572022,-1.2234195444572022,-1.2234195444572022,-1.2234195444572022,-1.22525000917611,-1.2234195444572022,-1.4053469322555197,-1.4097593353646567,-1.4097593353646567,-1.4097593353646567,-1.4097593353646567,-1.4053469322555197,-1.4097593353646567,1.0198768135195646,0.9797572709792278,0.9797572709792278,0.9797572709792278,0.9797572709792278,1.0198768135195646,0.9797572709792278,-0.5070304133782844,0.6657857244147704,2.1574489174153495,-1.2247761925810317,0.8041380462203089,0.3099120297791523,1.6395287877044364,-0.5294376353225874,-0.24690897110696522,0.12600682714317957,-0.7195494503559157,-0.21232089065558057,-0.3252020245332282,-0.003473205284548697
P10,299.0,0.3142150404850233,0.4056849231736287,O4_B_C_boundary,B-side boundary projection dominates current C-state,0.0362616008053332,0.0774524032053387,0.9725063206073692,0.0362616008053332,0.3620734415393469,0.1433992551904217,1.0624325871855655,0.03626160080533325,0.01928765525085708,0.1760398698926772,0.0366793821966213,0.019287655250857,0.2125937941046485,-1.2343235049214833,-1.2865123136630872,0.3078374592990177,-1.5784152254716,-0.9416219029725609,1.483290590098483,O6_phase_only,1.483290590098483,-1.5784152254716,False,0.0,0.0,q1,high,low,low,high,low,high,high,B_side,far,phase=q1|str=high|ab=low|ac=low|bc=high|tfc=low|mem=high|dphi=high|side=B_side|dist=far,side=B_side|tfc=low,-0.4642492710901759,1.947539861188659,bad,1.5,1.0,0.6943305402199326,2.1538712524592674,,1.5,1.0,0.6943305402199326,2.943385538816553,,1.5,1.0,0.6943305402199326,-0.3978904802160169,,1.5,1.0,0.6943305402199326,2.3803551919763875,,1.5,1.0,0.6943305402199326,1.4015576977282507,,1.5,1.0,0.6943305402199326,-0.15785585985366635,,1.5,1.0,0.6943305402199326,0.4490419058703081,,1.026560818498903,1.043940126308194,1.043940126308194,1.043940126308194,1.043940126308194,1.026560818498903,1.043940126308194,0.7115680669648201,0.7093409314018366,0.7093409314018366,0.7093409314018366,0.7093409314018366,0.7115680669648201,0.7093409314018366,-0.7557614061835838,-0.7516486392798118,-0.7516486392798118,-0.7516486392798118,-0.7516486392798118,-0.7557614061835838,-0.7516486392798118,1.268018259076024,2.0033550851616466,-0.25824134044286423,1.3004178387128362,0.8798962812295743,-0.08598854337686143,0.3090057897023024,0.5625964345890409,0.7512468758979663,0.18584776949683862,0.5755125642857637,0.47038217491494827,0.22409473397581947,0.3276595520331303
P10,310.0,-0.117214057044094,0.1203339277214249,O6_phase_only,phase or closed-loop memory is high,0.2549926725749288,0.1302557725425703,0.1037650918587843,0.1037650918587843,0.1630045123254278,0.1885275733950931,0.20282943656784458,0.2549926725749288,0.3322158830337554,0.0987210769779986,0.1856953381770518,0.0987210769779986,0.1476834039236192,0.37640467333398075,0.9662650554265264,-0.4312759414298459,0.28231844850758364,0.008715111108305341,0.7011142594996068,O2_lag5_AB,0.9662650554265264,0.7011142594996068,False,0.0,0.0,q4,low,mid,mid,low,high,low,high,A_side,near,phase=q4|str=low|ab=mid|ac=mid|bc=low|tfc=high|mem=low|dphi=high|side=A_side|dist=near,side=A_side|tfc=high,0.27193451520659384,0.6943305402199326,good,0.0,1.0,1.0593990438698013,0.5912581764846332,,1.0,1.0,1.034593219681228,-1.0832184872624053,,1.0,1.0,1.034593219681228,0.16443330665134698,,1.0,1.0,1.034593219681228,0.9425949118392498,,1.0,1.0,1.034593219681228,0.3258570418958637,,0.0,1.0,1.0593990438698013,0.53000055689437,,1.0,1.0,1.034593219681228,0.06781627923248149,,-0.32452567810610483,0.5904681921551147,0.5904681921551147,0.5904681921551147,0.5904681921551147,-0.32452567810610483,0.5904681921551147,0.7115680669648201,0.7093409314018366,0.7093409314018366,0.7093409314018366,0.7093409314018366,0.7115680669648201,0.7093409314018366,-0.2385057673654284,-0.28154934748355676,-0.28154934748355676,-0.28154934748355676,-0.28154934748355676,-0.2385057673654284,-0.28154934748355676,0.3563531289668761,-0.6923850821377574,0.11105806338330758,0.5111532028927867,0.18652846786209548,0.3363869895760612,0.05460071659046707,0.12622243761504076,0.08146867348390927,0.2823294598641755,0.3823532447415453,0.3011970609838725,0.12123090276733703,0.2682151231659654
P10,314.0,0.0072498780476931,0.13646080262249,O2_lag5_AB,current AB is active; read short-lag future AB,0.3155575354753798,0.0897272972792711,0.1540605684257672,0.0897272972792711,0.1864484670601394,0.083794462158264,0.3948275931879423,0.3155575354753798,0.2557158307936615,0.1102688242602461,0.0439633734392582,0.0439633734392582,0.175239169663008,0.8224022652476489,0.4155394540908101,-0.3208875812034009,-1.4874614232631713,-0.6464029909128605,1.0331638385079391,O6_phase_only,1.0331638385079391,0.4155394540908101,False,0.0,0.0,q1,low,high,mid,mid,mid,low,high,B_side,near,phase=q1|str=low|ab=high|ac=mid|bc=mid|tfc=mid|mem=low|dphi=high|side=B_side|dist=near,side=B_side|tfc=mid,-0.026235205361862097,1.0593990438698013,neutral,1.75,1.0,1.034593219681228,-1.281321917520723,,1.75,1.0,1.034593219681228,-0.46559410284527647,,1.75,1.0,1.034593219681228,0.12094372950631467,,1.75,1.0,1.034593219681228,2.7792735666914172,,1.75,1.0,1.034593219681228,1.047873926998442,,1.75,1.0,1.034593219681228,-2.1622494958240557,,1.75,1.0,1.034593219681228,0.1347150623138942,,1.2517419012664042,1.2706760933847336,1.2706760933847336,1.2706760933847336,1.2706760933847336,1.2517419012664042,1.2706760933847336,0.7115680669648201,0.7093409314018366,0.7093409314018366,0.7093409314018366,0.7093409314018366,0.7115680669648201,0.7093409314018366,-0.2736524653379747,-0.28154934748355676,-0.28154934748355676,-0.28154934748355676,-0.28154934748355676,-0.2736524653379747,-0.28154934748355676,-0.7361540318198073,-0.27889648216779006,0.08249680510578608,1.5194057813421544,0.6519212015409517,-1.3167785885478058,0.09924459310795113,0.2383758677683606,0.35489279878380586,0.44524112060219995,0.804468364661292,0.5875972197109913,0.09321972858636096,0.4494280676027412
P10,321.0,-0.0193354472317494,0.2465302508945783,O4_B_C_boundary,B-side boundary projection dominates current C-state,0.1393875158388618,0.1272251793327344,0.3409901286642472,0.1272251793327344,0.2025342746119478,0.0402273758443985,0.8775068251485817,0.13938751583886183,0.17746142627617642,0.1158299490082639,0.2372184497372609,0.1158299490082639,0.0055969790911132,-0.47490777166957465,-0.1478157688546884,-0.2677271312087844,0.9256776648914815,0.21340469901735007,-1.0110405757040086,O4_B_C_boundary,0.9256776648914815,0.9256776648914815,True,0.0,0.0,q4,mid,mid,mid,high,high,high,low,B_side,far,phase=q4|str=mid|ab=mid|ac=mid|bc=high|tfc=high|mem=high|dphi=low|side=B_side|dist=far,side=B_side|tfc=high,-0.10891555478974635,1.034593219681228,good,-1.0,0.0,2.2047426226072266,-3.3171751302356114,,-1.0,0.0,2.2047426226072266,-0.667088198681459,,-1.0,0.0,2.2047426226072266,,,-1.0,0.0,2.2047426226072266,,,-1.0,0.0,2.2047426226072266,1.2634586215259382,,-1.0,0.0,2.2047426226072266,-0.23625065872265968,,-1.0,0.0,2.2047426226072266,-2.017910005254011,,-1.22525000917611,-1.2234195444572022,-1.2234195444572022,-1.2234195444572022,-1.2234195444572022,-1.22525000917611,-1.2234195444572022,-1.4053469322555197,-1.4097593353646567,-1.4097593353646567,-1.4097593353646567,-1.4097593353646567,-1.4053469322555197,-1.4097593353646567,1.384300414386954,1.3351028415905453,1.3351028415905453,1.3351028415905453,1.3351028415905453,1.384300414386954,1.3351028415905453,-1.9239185607293134,-0.41379321502289734,,,0.7908813178424122,-0.13412656193249448,-1.3372767198132605,-0.7925537719434973,-0.42796731331355276,-0.4326920127437712,-0.4326920127437712,-0.12679868009722536,-0.34510577224429256,-0.6588381895111435
P10,350.0,0.2614120848706679,0.3118141414184563,O3_A_C_boundary,A-side boundary projection dominates current C-state,0.0111372571974538,0.2230741039916694,0.178013945820324,0.0111372571974538,0.1374084356698157,0.0706052584435222,1.0224505940216368,0.011137257197453876,0.3316796678428539,,,0.3316796678428539,0.1406611151448025,-1.4193383173209402,0.9624048301742908,,,2.7958186606378392,0.616495016661874,O5_full_TFC,2.7958186606378392,,False,0.0,0.0,q1,high,low,high,mid,low,high,mid,A_side,near,phase=q1|str=high|ab=low|ac=high|bc=mid|tfc=low|mem=high|dphi=mid|side=A_side|dist=near,side=A_side|tfc=low,0.5910760380306128,2.2047426226072266,bad,1.5,1.0,1.358583927133918,2.8548100641568728,,1.5,1.0,1.358583927133918,0.32674670400845224,,1.5,1.0,1.358583927133918,,,1.5,1.0,1.358583927133918,,,1.5,1.0,1.358583927133918,0.3396459817834795,,1.5,1.0,1.358583927133918,-0.04956369086234985,,1.5,1.0,1.358583927133918,0.7591544182800886,,1.026560818498903,1.043940126308194,1.043940126308194,1.043940126308194,1.043940126308194,1.026560818498903,1.043940126308194,0.7115680669648201,0.7093409314018366,0.7093409314018366,0.7093409314018366,0.7093409314018366,0.7115680669648201,0.7093409314018366,0.1854011607050878,0.16606895248166798,0.16606895248166798,0.16606895248166798,0.16606895248166798,0.1854011607050878,0.16606895248166798,1.6769624070483415,0.25156167199691537,,,0.19541644896231475,-0.019492162041089223,0.5159546170628945,0.9001231133042882,0.5427279205471536,0.6397833367305662,0.6397833367305662,0.5286916147885034,0.4760094710319304,0.6088261568136483
P10,391.0,-0.0302437346691492,0.1246641068558464,O5_full_TFC,full triadic projection is already active,0.2773514381157881,0.1663405200315691,0.1889822365046137,0.1663405200315691,0.2108913982173236,0.1619210047076686,0.927659843072825,0.27735143811578816,0.2568907456615836,,,0.2568907456615836,0.0767385047716726,0.5410538628446752,0.4239976927221237,,,1.901048179312984,-0.1537784739844516,O5_full_TFC,1.901048179312984,1.901048179312984,True,0.0,0.0,q4,low,high,mid,mid,high,high,high,B_side,near,phase=q4|str=low|ab=high|ac=mid|bc=mid|tfc=high|mem=high|dphi=high|side=B_side|dist=near,side=B_side|tfc=high,0.5424642521790662,1.358583927133918,good,,,,,,,,,,,,,,,,,,,,,,,,,,,,,,,,,,,,,,,,,,,,,,,,,,,,,,,,,,,,,,,,,,,,,,
P11,46.0,-0.1627427369022114,0.3340596773325707,O4_B_C_boundary,B-side boundary projection dominates current C-state,0.4218121545449786,0.0535180915166082,0.1916154372129541,0.0535180915166082,0.2223152277581803,0.0584219447101428,0.7982230010835455,0.4218121545449786,0.3708382545286266,0.1377219216478027,0.1853428628948257,0.1377219216478027,0.063209938606443,1.6048576686824403,1.2443083788450242,-0.05845523577027017,0.2779171572326444,0.4753190350516813,-0.31679897365903237,O1_lag0_AB,1.6048576686824403,0.2779171572326444,False,0.0,0.0,q4,high,high,low,mid,mid,high,mid,B_side,mid,phase=q4|str=high|ab=high|ac=low|bc=mid|tfc=mid|mem=high|dphi=mid|side=B_side|dist=mid,side=B_side|tfc=mid,0.4610211471974982,1.1438365214849422,neutral,1.75,1.0,0.9971890303712316,-1.3640712280014957,,1.75,1.0,0.9971890303712316,-1.814280438544805,,1.75,1.0,0.9971890303712316,0.7954085711208423,,1.75,1.0,0.9971890303712316,0.849650536297811,,1.75,1.0,0.9971890303712316,-0.5454299032282675,,1.75,1.0,0.9971890303712316,2.170953899934281,,1.75,1.0,0.9971890303712316,0.9343010002176073,,1.2517419012664042,1.2706760933847336,1.2706760933847336,1.2706760933847336,1.2706760933847336,1.2517419012664042,1.2706760933847336,0.7115680669648201,0.7093409314018366,0.7093409314018366,0.7093409314018366,0.7093409314018366,0.7115680669648201,0.7093409314018366,-0.32664944437775867,-0.3332261371117371,-0.3332261371117371,-0.3332261371117371,-0.3332261371117371,-0.32664944437775867,-0.3332261371117371,-0.7844319209951827,-1.181818126482903,0.5254435018790975,0.46013099166141325,-0.3750797459851612,1.3440079493311643,0.6328360013918495,0.2130571507145707,0.11624319029798252,0.5430585973884827,0.5267304698340616,0.317927785422418,0.7451671182961574,0.5699067222666707
P11,67.0,0.0089132607594108,0.1327028217539519,O1_lag0_AB,default immediate AB readout,0.1285368579419151,0.1492811999378173,0.1795827457532125,0.1285368579419151,0.152466934544315,0.0389096174394031,0.6259267395418547,0.12853685794191516,0.030830036890090857,0.1273212736433708,0.1754681375245151,0.0308300368900908,0.1505687656586536,-0.5548116476293302,-1.2034184479339105,-0.15787813189362815,0.15461335465027848,-0.8035294947153548,0.7358831408461127,O6_phase_only,0.7358831408461127,-0.5548116476293302,False,0.0,0.0,q1,low,mid,mid,mid,high,mid,low,B_side,near,phase=q1|str=low|ab=mid|ac=mid|bc=mid|tfc=high|mem=mid|dphi=low|side=B_side|dist=near,side=B_side|tfc=high,-0.26130588952511896,0.9971890303712316,good,-1.0,0.0,1.5394716733982088,1.6755627068249952,,-1.0,0.0,1.5394716733982088,1.7376840395560817,,-1.0,0.0,1.5394716733982088,-1.5110100678271479,,-1.0,0.0,1.5394716733982088,-1.134339738080309,,-1.0,0.0,1.5394716733982088,-0.14401848525615776,,-1.0,0.0,1.5394716733982088,-2.6088826304803026,,-1.0,0.0,1.5394716733982088,-1.8109743259259996,,-1.22525000917611,-1.2234195444572022,-1.2234195444572022,-1.2234195444572022,-1.2234195444572022,-1.22525000917611,-1.2234195444572022,-1.4053469322555197,-1.4097593353646567,-1.4097593353646567,-1.4097593353646567,-1.4097593353646567,-1.4053469322555197,-1.4097593353646567,0.44169609114381175,0.415979408568394,0.415979408568394,0.415979408568394,0.415979408568394,0.44169609114381175,0.415979408568394,0.9889618316133215,1.1961592595282498,-0.9892692814482934,-0.6289889284049608,-0.11634070401191834,-1.5910319119037595,-1.1991813690542086,-0.29998475466862407,-0.2552600529313038,-0.8016171881754396,-0.7115470999146065,-0.5833850438163458,-0.9449831905478943,-0.8540952100769184
P11,89.0,-0.1915649840665255,0.3236201101577263,O6_phase_only,phase or closed-loop memory is high,0.5223724556407848,0.0964146639087442,0.0194262643996257,0.0194262643996257,0.2127377946497183,0.0955847406007799,1.3214174781696395,0.5223724556407848,0.45861177525241253,0.1557278602096862,0.21634207325173,0.1557278602096862,0.0853822829344876,2.3453803080973317,1.8761919340385367,0.11366890096417909,0.6649983539967751,0.6907410767635896,-0.04962013096655226,O1_lag0_AB,2.3453803080973317,-0.04962013096655226,False,0.0,0.0,q4,high,high,mid,low,low,high,high,A_side,mid,phase=q4|str=high|ab=high|ac=mid|bc=low|tfc=low|mem=high|dphi=high|side=A_side|dist=mid,side=A_side|tfc=low,0.8059086346991229,1.5394716733982088,bad,1.5,1.0,0.8158900102236482,0.20397250255591204,,1.5,1.0,0.8158900102236482,0.13199172767166376,,1.5,1.0,0.8158900102236482,1.0722525095865167,,1.5,1.0,0.8158900102236482,0.9647391894615027,,1.5,1.0,0.8158900102236482,1.1321893045919182,,1.5,1.0,0.8158900102236482,0.18084526322518363,,1.5,1.0,0.8158900102236482,1.3790811451292273,,1.026560818498903,1.043940126308194,1.043940126308194,1.043940126308194,1.043940126308194,1.026560818498903,1.043940126308194,0.7115680669648201,0.7093409314018366,0.7093409314018366,0.7093409314018366,0.7093409314018366,0.7115680669648201,0.7093409314018366,-0.583527097601672,-0.5837047999779321,-0.5837047999779321,-0.5837047999779321,-0.5837047999779321,-0.583527097601672,-0.5837047999779321,0.1304015804100355,0.12117666043575355,0.7072574386464178,0.5233093985079267,0.706268634238205,0.12198955188976401,0.9296532072100531,0.3212508420680217,0.322688229541963,0.46920842409462904,0.4232214140600063,0.46896122299257587,0.3191478349379538,0.5248073662355379
P11,103.0,0.0789594950236299,0.277114056017993,O5_full_TFC,full triadic projection is already active,0.3310132107171997,0.18289887367521,0.368307100739133,0.18289887367521,0.2940730617105143,0.0389257558461189,0.7184028840091939,0.33101321071719975,0.2679039519636384,0.1276717537882564,0.1791449589314759,0.1276717537882564,0.006655540539817,0.9362173324192131,0.5032820132647785,-0.15452778766282532,0.20052511866324055,0.35507938898102465,-0.9982848102964768,O1_lag0_AB,0.9362173324192131,0.35507938898102465,False,0.0,0.0,q1,high,high,high,high,high,mid,low,B_side,far,phase=q1|str=high|ab=high|ac=high|bc=high|tfc=high|mem=mid|dphi=low|side=B_side|dist=far,side=B_side|tfc=high,0.120327322195565,0.8158900102236482,good,1.25,1.0,0.8465373112560308,-1.8438213323397066,,1.25,1.0,0.8465373112560308,-0.028130695049563073,,1.25,1.0,0.8465373112560308,1.0096163753368457,,1.25,1.0,0.8465373112560308,-0.014867315307077252,,1.25,1.0,0.8465373112560308,0.7927722712521962,,1.25,1.0,0.8465373112560308,-0.046541918125722614,,1.25,1.0,0.8465373112560308,-0.08355849299365119,,0.8013797357314016,0.8172041592316543,0.8172041592316543,0.8172041592316543,0.8172041592316543,0.8013797357314016,0.8172041592316543,0.7115680669648201,0.7093409314018366,0.7093409314018366,0.7093409314018366,0.7093409314018366,0.7115680669648201,0.7093409314018366,-0.5401037698835369,-0.5413631757551424,-0.5413631757551424,-0.5413631757551424,-0.5413631757551424,-0.5401037698835369,-0.5413631757551424,-1.0643293876272053,0.013977530891536067,0.6661219085895403,-0.014449768937829868,0.48748951111465266,-0.01763665435224686,-0.04641691523852484,-0.022871338703630117,0.24978986144247117,0.41282595586697224,0.24268303648512968,0.36816785649825035,0.2388018446151095,0.23469124990995593
P11,120.0,-0.0423865336243367,0.0560050513786162,O4_B_C_boundary,B-side boundary projection dominates current C-state,0.1143563527978739,0.1475015635138115,0.2514528619871413,0.1143563527978739,0.1711035927662756,0.122196977516811,0.6219990904535303,0.11435635279787396,0.26008147830310485,0.2223905741274863,0.1803340472938309,0.1803340472938309,0.0256819658888267,-0.6592364055414739,0.4469678489670933,0.7509176645341372,0.2153730370798516,0.9851281225814976,-0.7690145883428385,O5_full_TFC,0.9851281225814976,0.2153730370798516,False,0.0,0.0,q4,low,mid,mid,high,high,mid,high,B_side,mid,phase=q4|str=low|ab=mid|ac=mid|bc=high|tfc=high|mem=mid|dphi=high|side=B_side|dist=mid,side=B_side|tfc=high,0.13859081132546675,0.8465373112560308,good,0.25,1.0,1.462912736990098,-0.21929067011814563,,0.25,1.0,1.462912736990098,-1.595153975957647,,0.25,1.0,1.462912736990098,-2.339205867559906,,0.25,1.0,1.462912736990098,0.002138031889888675,,0.25,1.0,1.462912736990098,-2.2888200036201036,,0.25,1.0,1.462912736990098,2.119870895171861,,0.25,1.0,1.462912736990098,0.005833610055582181,,-0.09934459533860351,-0.0897397090745041,-0.0897397090745041,-0.0897397090745041,-0.0897397090745041,-0.09934459533860351,-0.0897397090745041,0.7115680669648201,0.7093409314018366,0.7093409314018366,0.7093409314018366,0.7093409314018366,0.7115680669648201,0.7093409314018366,0.3332218153213319,0.3102072979063981,0.3102072979063981,0.3102072979063981,0.3102072979063981,0.3332218153213319,0.3102072979063981,-0.11654008500872323,-1.0351168359937923,-1.5331769414754675,-0.005114611090009361,-1.4988222808633316,1.3126406307512648,0.013237533263349309,0.2072263004847063,-0.02632707894001543,-0.1508421053104342,0.23117347728593032,-0.14225344015740024,0.5645214794247033,0.23576151337426998
P11,146.0,0.0265637173864372,0.1462041906124932,O4_B_C_boundary,B-side boundary projection dominates current C-state,0.1078038859678014,0.064548971249143,0.1911392887223019,0.064548971249143,0.1211640486464155,0.0371106930645404,0.6307622411333396,0.10780388596780142,0.06975235672694725,0.0104278269729573,0.1766476713287457,0.0104278269729573,0.1787955168095821,-0.7074885485721614,-0.9232157896369088,-1.2752974504650805,0.16934196713132646,-1.0476203928753502,1.076018157418752,O6_phase_only,1.076018157418752,0.16934196713132646,False,0.0,0.0,q1,low,low,low,mid,mid,mid,low,B_side,mid,phase=q1|str=low|ab=low|ac=low|bc=mid|tfc=mid|mem=mid|dphi=low|side=B_side|dist=mid,side=B_side|tfc=mid,-0.38689457957134604,1.462912736990098,neutral,-1.0,0.0,0.9172653481022771,1.5016355891408644,,-1.0,0.0,0.9172653481022771,0.7514550476617223,,-1.0,0.0,0.9172653481022771,0.26689411093448767,,-1.0,0.0,0.9172653481022771,1.1359925273129947,,-1.0,0.0,0.9172653481022771,0.29865329265526475,,-1.0,0.0,0.9172653481022771,-0.820837343408373,,-1.0,0.0,0.9172653481022771,0.6857384979177857,,-1.22525000917611,-1.2234195444572022,-1.2234195444572022,-1.2234195444572022,-1.2234195444572022,-1.22525000917611,-1.2234195444572022,-1.4053469322555197,-1.4097593353646567,-1.4097593353646567,-1.4097593353646567,-1.4097593353646567,-1.4053469322555197,-1.4097593353646567,-0.4398911371433904,-0.44364690524260764,-0.44364690524260764,-0.44364690524260764,-0.44364690524260764,-0.4398911371433904,-0.44364690524260764,0.8874886705276106,0.5358963952421527,0.1783479679205293,0.6173196484777154,0.16899366017737244,-0.49308972123345074,0.4669616289679775,-0.5457498520118523,-0.6352323474555785,-0.7246194542859844,-0.6148765341466879,-0.7269580312217736,-0.8908944499521176,-0.6524660390241223
P11,157.0,-0.1560075075927841,0.2160825723471473,O1_lag0_AB,default immediate AB readout,0.2156554677663314,0.0281792942354476,0.0454819125553589,0.0281792942354476,0.096438891519046,0.0304432409013009,0.7227254160764374,0.21565546776633146,0.10270355197548306,0.0020573360104293,0.2027820383021582,0.0020573360104293,0.0609155853424359,0.0867268341207338,-0.685999391914378,-1.355313469958703,0.49567679722122837,-1.1477644785102972,-0.3444461471259254,O4_B_C_boundary,0.49567679722122837,0.0867268341207338,False,0.0,0.0,q4,mid,mid,low,low,low,mid,low,B_side,near,phase=q4|str=mid|ab=mid|ac=low|bc=low|tfc=low|mem=mid|dphi=low|side=B_side|dist=near,side=B_side|tfc=low,-0.42158855088104874,0.9172653481022771,bad,-1.0,0.0,1.165379511045856,-2.3772322510975425,,-1.0,0.0,1.165379511045856,0.8276906220962488,,-1.0,0.0,1.165379511045856,0.6041399211226177,,-1.0,0.0,1.165379511045856,0.291344877761464,,-1.0,0.0,1.165379511045856,1.1221371642797666,,-1.0,0.0,1.165379511045856,-1.2948994370064755,,-1.0,0.0,1.165379511045856,-0.9099800377611305,,-1.22525000917611,-1.2234195444572022,-1.2234195444572022,-1.2234195444572022,-1.2234195444572022,-1.22525000917611,-1.2234195444572022,-1.4053469322555197,-1.4097593353646567,-1.4097593353646567,-1.4097593353646567,-1.4097593353646567,-1.4053469322555197,-1.4097593353646567,-0.08834492439122123,-0.10085793858584978,-0.10085793858584978,-0.10085793858584978,-0.10085793858584978,-0.08834492439122123,-0.10085793858584978,-1.3755338323664714,0.5869347637654218,0.3998301096225079,0.1536467200143121,0.6997892939960013,-0.7841856891723854,-0.5979166540467582,-1.0236189245473306,-0.5367755136605717,-0.5835516771963002,-0.6450975245983492,-0.5085618811029269,-0.875781888748809,-0.8329883681136168
P11,181.0,0.0812688243422559,0.1482402995167257,O4_B_C_boundary,B-side boundary projection dominates current C-state,0.0539019866163493,0.0140202025910672,0.191845742431655,0.0140202025910672,0.0865893105463572,0.0597764837765886,0.6238597526286812,0.05390198661634939,0.31486241036952684,0.1571271564598338,0.2718088506938796,0.1571271564598338,0.0410778743988298,-1.1044203033725428,0.8413370143544011,0.12704519114003604,1.3576013701950582,0.7074821788244798,-0.5834924370970165,O4_B_C_boundary,1.3576013701950582,1.3576013701950582,True,0.0,0.0,q1,low,low,low,mid,low,mid,mid,B_side,far,phase=q1|str=low|ab=low|ac=low|bc=mid|tfc=low|mem=mid|dphi=mid|side=B_side|dist=far,side=B_side|tfc=low,0.19222185914920226,1.165379511045856,bad,-1.0,0.0,2.35801820638832,3.0515262251646806,,-1.0,0.0,2.35801820638832,-0.29082381016305925,,-1.0,0.0,2.35801820638832,-1.7192125364425381,,-1.0,0.0,2.35801820638832,-4.547441055874228,,-1.0,0.0,2.35801820638832,-2.824524966075134,,-1.0,0.0,2.35801820638832,-1.200310835945845,,-1.0,0.0,2.35801820638832,-0.817683888061127,,-1.22525000917611,-1.2234195444572022,-1.2234195444572022,-1.2234195444572022,-1.2234195444572022,-1.22525000917611,-1.2234195444572022,-1.4053469322555197,-1.4097593353646567,-1.4097593353646567,-1.4097593353646567,-1.4097593353646567,-1.4053469322555197,-1.4097593353646567,1.601472422410834,1.5468649528489027,1.5468649528489027,1.5468649528489027,1.5468649528489027,1.601472422410834,1.5468649528489027,1.7917312306791675,-0.16189086279654286,-1.1260037560170115,-2.5026254489162953,-1.8441233424678052,-0.7261039299396448,-0.5363242345668436,0.19065167791459298,-0.31205119744237475,-0.553079420747492,-0.8972348439723129,-0.7326093173601904,-0.4388071122401101,-0.40565954038495
P11,211.0,-0.0077234483766506,0.3927199271386263,O2_lag5_AB,current AB is active; read short-lag future AB,0.5042370568625859,0.0347073204372668,0.0609800783216536,0.0347073204372668,0.1999748185405021,0.0209691641231843,1.0925201411760506,0.5042370568625859,0.3500367215492278,0.079021845955835,0.0111076423818703,0.0111076423818703,0.0253599003923341,2.2118318478826122,1.094557673801975,-0.6195867657931001,-1.897724638094434,-1.0394871193516213,-0.7728955079853876,O1_lag0_AB,2.2118318478826122,1.094557673801975,False,0.0,0.0,q4,high,high,low,low,low,high,low,B_side,near,phase=q4|str=high|ab=high|ac=low|bc=low|tfc=low|mem=high|dphi=low|side=B_side|dist=near,side=B_side|tfc=low,-0.14618635850570794,2.35801820638832,bad,-1.0,0.0,2.026327912336509,-2.8753415650539096,,-1.0,0.0,2.026327912336509,-1.299535549984953,,-1.0,0.0,2.026327912336509,0.3914240950025185,,-1.0,0.0,2.026327912336509,0.6889900459257712,,-1.0,0.0,2.026327912336509,0.8978429912797519,,-1.0,0.0,2.026327912336509,3.491309333952127,,-1.0,0.0,2.026327912336509,1.0271427072413708,,-1.22525000917611,-1.2234195444572022,-1.2234195444572022,-1.2234195444572022,-1.2234195444572022,-1.22525000917611,-1.2234195444572022,-1.4053469322555197,-1.4097593353646567,-1.4097593353646567,-1.4097593353646567,-1.4097593353646567,-1.4053469322555197,-1.4097593353646567,1.1315094614206416,1.0886090766055472,1.0886090766055472,1.0886090766055472,1.0886090766055472,1.1315094614206416,1.0886090766055472,-1.6661424926283042,-0.8372055291140754,0.2601315416352473,0.3719357304791641,0.5552152812900727,2.1547670213583388,0.6947924901817469,-0.7913074931598231,-0.5954438330825969,-0.32110956539526614,-0.2931585181842869,-0.24733863048155977,0.16391988533683766,-0.2124443282586412
P11,240.0,0.0764857492344023,0.2242027307163643,O1_lag0_AB,default immediate AB readout,0.0202106800898092,0.0526928243853897,0.1372858861169663,0.0202106800898092,0.0700631301973884,0.0335107479683119,0.7288285158914746,0.020210680089809297,0.061073306668714425,0.0387827481548387,0.0198386804553054,0.0198386804553054,0.2017827837868451,-1.3525219395301347,-0.985696466739479,-1.0042443024255618,-1.7887018395280272,-0.9350294682505922,1.353016894980295,O6_phase_only,1.353016894980295,-1.3525219395301347,False,0.0,0.0,q1,mid,low,low,mid,low,mid,low,B_side,mid,phase=q1|str=mid|ab=low|ac=low|bc=mid|tfc=low|mem=mid|dphi=low|side=B_side|dist=mid,side=B_side|tfc=low,-0.6733110173562142,2.026327912336509,bad,-1.0,0.0,1.1323751391968742,1.114084758115103,,-1.0,0.0,1.1323751391968742,0.017086969965456444,,-1.0,0.0,1.1323751391968742,0.983629301031159,,-1.0,0.0,1.1323751391968742,2.8390413336167115,,-1.0,0.0,1.1323751391968742,0.42950129698076184,,-1.0,0.0,1.1323751391968742,0.28309378479921854,,-1.0,0.0,1.1323751391968742,0.5912319674690345,,-1.22525000917611,-1.2234195444572022,-1.2234195444572022,-1.2234195444572022,-1.2234195444572022,-1.22525000917611,-1.2234195444572022,-1.4053469322555197,-1.4097593353646567,-1.4097593353646567,-1.4097593353646567,-1.4097593353646567,-1.4053469322555197,-1.4097593353646567,-0.1351079216749043,-0.14645603902093288,-0.14645603902093288,-0.14645603902093288,-0.14645603902093288,-0.1351079216749043,-0.14645603902093288,0.661382423099316,0.04424995774627614,0.6490552091675929,1.5522155518218135,0.2533347769655406,0.18477485524952175,0.40389414580740335,-0.5260806100018045,-0.6838462402741289,-0.5326449274187998,-0.3068548417552446,-0.6315750354693128,-0.6452325019642531,-0.5939351932588471
P11,252.0,-0.078943564831724,0.2054029073039273,O1_lag0_AB,default immediate AB readout,0.1137454165770229,0.0342629568539826,0.0486402897282018,0.0342629568539826,0.0655495543864024,0.024442252035058,0.5319008642816814,0.11374541657702296,0.02465493143139839,0.0926325930513295,0.1924999251329509,0.0246549314313983,0.1588691013660846,-0.6637353191072528,-1.2478731713944458,-0.48947757509074996,0.36728602129571986,-0.8774081109910918,0.8359029698483832,O6_phase_only,0.8359029698483832,-0.6637353191072528,False,0.0,0.0,q4,mid,mid,low,low,low,low,low,B_side,near,phase=q4|str=mid|ab=mid|ac=low|bc=low|tfc=low|mem=low|dphi=low|side=B_side|dist=near,side=B_side|tfc=low,-0.296472169348491,1.1323751391968742,bad,1.75,1.0,1.7655634495249173,-0.6014667613866079,,1.75,1.0,1.7655634495249173,-0.6406814216145118,,1.75,1.0,1.7655634495249173,-0.9494379460661309,,1.75,1.0,1.7655634495249173,0.9100078109338927,,1.75,1.0,1.7655634495249173,-0.6553393013004364,,1.75,1.0,1.7655634495249173,-2.3287612350267928,,1.75,1.0,1.7655634495249173,-0.1666393178357149,,1.2517419012664042,1.2706760933847336,1.2706760933847336,1.2706760933847336,1.2706760933847336,1.2517419012664042,1.2706760933847336,0.7115680669648201,0.7093409314018366,0.7093409314018366,0.7093409314018366,0.7093409314018366,0.7115680669648201,0.7093409314018366,0.7620393826705828,0.7283427391763663,0.7283427391763663,0.7283427391763663,0.7283427391763663,0.7620393826705828,0.7283427391763663,-0.33951058316198723,-0.39611434489629843,-0.6204635246669982,0.49326437491233593,-0.44592439834884817,-1.4190244684673012,-0.10185962905749033,0.596459691934955,0.5780613547666595,0.5219740598239846,0.8004060347188181,0.5656088414035221,0.3265812206086265,0.6516250337263616
P11,263.0,0.1284449579783562,0.2216214810697879,O1_lag0_AB,default immediate AB readout,0.0845335909558902,0.0998574957898867,0.172330364578753,0.0845335909558902,0.11890715044151,0.034379302593144,0.7415153077146772,0.08453359095589029,0.0066442851526143576,0.037362491155213,0.2555953519762544,0.0066442851526143,0.0014530628341367,-0.8788502101265167,-1.377532220138594,-1.0178209626569328,1.155146520052262,-1.0928864755646506,-1.0609751578741557,O4_B_C_boundary,1.155146520052262,-0.8788502101265167,False,0.0,0.0,q1,mid,low,mid,mid,mid,mid,low,B_side,mid,phase=q1|str=mid|ab=low|ac=mid|bc=mid|tfc=mid|mem=mid|dphi=low|side=B_side|dist=mid,side=B_side|tfc=mid,-0.6104169294726554,1.7655634495249173,neutral,0.25,1.0,0.7520582113110235,1.5937623495561388,,0.25,1.0,0.7520582113110235,0.6045060456561846,,0.25,1.0,0.7520582113110235,0.7873201398452749,,0.25,1.0,0.7520582113110235,0.18801455282775587,,0.25,1.0,0.7520582113110235,0.7170527721489194,,0.25,1.0,0.7520582113110235,2.3175181593175225,,0.25,1.0,0.7520582113110235,0.8863626481454614,,-0.09934459533860351,-0.0897397090745041,-0.0897397090745041,-0.0897397090745041,-0.0897397090745041,-0.09934459533860351,-0.0897397090745041,0.7115680669648201,0.7093409314018366,0.7093409314018366,0.7093409314018366,0.7093409314018366,0.7115680669648201,0.7093409314018366,-0.6739686382806458,-0.671893382723514,-0.671893382723514,-0.671893382723514,-0.671893382723514,-0.6739686382806458,-0.671893382723514,0.9412375840058497,0.43751663783734035,0.520131521632634,0.09692309758248947,0.43868275131780776,1.4340051575588855,0.6008450776144156,0.21987310433785512,0.09630611936028972,0.11695984030911313,0.011157734296577005,0.09659764773040658,0.3430649977261141,0.13713822930455855
P11,282.0,-0.043547271035411,0.0997412181973506,O1_lag0_AB,default immediate AB readout,0.1852523886739066,0.0492599054040104,0.1801053121317685,0.0492599054040104,0.1382058687365618,0.015685466835325,0.3112722720889002,0.1852523886739066,0.013592612050085565,0.0503686954622765,0.1923519864871682,0.0135926120500855,0.1140762003029961,-0.13716040697267115,-1.3275110581022966,-0.8934907767656953,0.36543873978764513,-1.0097570812489542,0.29614428263832443,O4_B_C_boundary,0.36543873978764513,-0.13716040697267115,False,0.0,0.0,q4,low,mid,low,mid,mid,low,low,B_side,mid,phase=q4|str=low|ab=mid|ac=low|bc=mid|tfc=mid|mem=low|dphi=low|side=B_side|dist=mid,side=B_side|tfc=mid,-0.3866194715233783,0.7520582113110235,neutral,0.25,1.0,0.8262075567809541,0.7091510359555548,,0.25,1.0,0.8262075567809541,1.3912290699629168,,0.25,1.0,0.8262075567809541,-0.33636234566057605,,0.25,1.0,0.8262075567809541,-0.6866170430660627,,0.25,1.0,0.8262075567809541,0.3295930860595173,,0.25,1.0,0.8262075567809541,-1.2364723910115427,,0.25,1.0,0.8262075567809541,-0.6895668305293223,,-0.09934459533860351,-0.0897397090745041,-0.0897397090745041,-0.0897397090745041,-0.0897397090745041,-0.09934459533860351,-0.0897397090745041,0.7115680669648201,0.7093409314018366,0.7093409314018366,0.7093409314018366,0.7093409314018366,0.7115680669648201,0.7093409314018366,-0.5689084463562777,-0.5694503088966786,-0.5694503088966786,-0.5694503088966786,-0.5694503088966786,-0.5689084463562777,-0.5694503088966786,0.4251345891511002,0.9642137859619662,-0.21783347589841032,-0.3832096460651506,0.1889366218019035,-0.7483087908981133,-0.45082728181550963,0.11711240360525978,0.253591174848155,-0.0419206406169391,-0.08326468315862418,0.05977188380813935,-0.1762484414070436,-0.10016909209621393
P11,292.0,0.0228869621793808,0.1140762003029961,O4_B_C_boundary,B-side boundary projection dominates current C-state,0.340930235737772,0.0873166868847831,0.1892638015041508,0.0873166868847831,0.2058369080422353,0.0321561351450972,0.3193325353069829,0.340930235737772,0.2817038615936125,0.0986213738340888,0.1866877753962883,0.0986213738340888,0.0728521826688148,1.0092459676097647,0.602627873911954,-0.43222903351755937,0.2947108218007237,0.007522268271908361,-0.20060902227511698,O1_lag0_AB,1.0092459676097647,0.2947108218007237,False,0.0,0.0,q1,low,high,mid,mid,mid,low,low,B_side,mid,phase=q1|str=low|ab=high|ac=mid|bc=mid|tfc=mid|mem=low|dphi=low|side=B_side|dist=mid,side=B_side|tfc=mid,0.18303841082881062,0.8262075567809541,neutral,0.25,1.0,0.5787273290494488,-1.2279425419096968,,0.25,1.0,0.5787273290494488,-0.05391835533325628,,0.25,1.0,0.5787273290494488,0.25896623277935893,,0.25,1.0,0.5787273290494488,0.8592169780714032,,0.25,1.0,0.5787273290494488,0.2586761623327771,,0.25,1.0,0.5787273290494488,0.8321456443174677,,0.25,1.0,0.5787273290494488,0.8052174738624833,,-0.09934459533860351,-0.0897397090745041,-0.0897397090745041,-0.0897397090745041,-0.0897397090745041,-0.09934459533860351,-0.0897397090745041,0.7115680669648201,0.7093409314018366,0.7093409314018366,0.7093409314018366,0.7093409314018366,0.7115680669648201,0.7093409314018366,-0.9195564535393219,-0.9113634448725275,-0.9113634448725275,-0.9113634448725275,-0.9113634448725275,-0.9195564535393219,-0.9113634448725275,-0.7050112517165379,-0.0032868515004712442,0.17314142901061447,0.4653825306605347,0.14322547338105515,0.5219179946261826,0.5466940904989935,-0.25308605840741083,-0.07376226851141657,-0.029655198383645137,0.04340507702883492,-0.037134187291034966,0.05364625317826932,0.06373296698844963
P11,309.0,-0.2162242463410219,0.227637862248042,O1_lag0_AB,default immediate AB readout,0.0926432117091861,0.1131615461286963,0.1514651905868799,0.0926432117091861,0.1190899828082541,0.0269264778254145,0.5741610297029937,0.09264321170918616,0.16948942800076344,0.0619497293782123,0.1854270400160677,0.0619497293782123,0.0779695152525729,-0.8191312385299322,-0.20520636422702845,-0.782784219680547,0.27896826080771486,-0.4312152346062383,-0.13894468145610597,O4_B_C_boundary,0.27896826080771486,-0.8191312385299322,False,0.0,0.0,q4,mid,low,mid,mid,mid,mid,low,B_side,near,phase=q4|str=mid|ab=low|ac=mid|bc=mid|tfc=mid|mem=mid|dphi=low|side=B_side|dist=near,side=B_side|tfc=mid,-0.2997590682417339,0.5787273290494488,neutral,-1.0,0.0,0.7602505815635994,-0.4743833902180251,,-1.0,0.0,0.7602505815635994,-0.5554397632508574,,-1.0,0.0,0.7602505815635994,,,-1.0,0.0,0.7602505815635994,,,-1.0,0.0,0.7602505815635994,0.3521811546829624,,-1.0,0.0,0.7602505815635994,-0.6033029923728114,,-1.0,0.0,0.7602505815635994,0.4690309061986147,,-1.22525000917611,-1.2234195444572022,-1.2234195444572022,-1.2234195444572022,-1.2234195444572022,-1.22525000917611,-1.2234195444572022,-1.4053469322555197,-1.4097593353646567,-1.4097593353646567,-1.4097593353646567,-1.4097593353646567,-1.4053469322555197,-1.4097593353646567,-0.6623610915707407,-0.6605749875942981,-0.6605749875942981,-0.6605749875942981,-0.6605749875942981,-0.6623610915707407,-0.6605749875942981,-0.26536716282816436,-0.3390465624945902,,,0.20349628546364346,-0.35951360677543903,0.32234514239693773,-0.8895812989576336,-0.9082001074776869,-1.0979179558053858,-1.0979179558053858,-0.7725643954881285,-0.9131179099444523,-0.7428521812548049
P11,324.0,0.0113287440707904,0.060567574185248,O4_B_C_boundary,B-side boundary projection dominates current C-state,0.0124004201925931,0.0435747949745028,0.2368010122197269,0.0124004201925931,0.0975920757956076,0.0852047852054359,0.6648225989707639,0.012400420192593192,0.06134484905992813,,,0.0613448490599281,0.0090838987959108,-1.4100364279572577,-0.9837416269412005,,,-0.4384519888975125,-0.9690228640220256,O7_suppress_event,0.0,,False,0.0,0.0,q1,low,low,low,high,low,mid,high,B_side,far,phase=q1|str=low|ab=low|ac=low|bc=high|tfc=low|mem=mid|dphi=high|side=B_side|dist=far,side=B_side|tfc=low,-0.7602505815635994,0.7602505815635994,bad,1.5,1.0,0.4159772957062417,0.5301839541695545,,1.5,1.0,0.4159772957062417,0.178427189102203,,1.5,1.0,0.4159772957062417,,,1.5,1.0,0.4159772957062417,,,1.5,1.0,0.4159772957062417,0.5267963950006279,,1.5,1.0,0.4159772957062417,0.3819645670878421,,1.5,1.0,0.4159772957062417,0.10399432392656043,,1.026560818498903,1.043940126308194,1.043940126308194,1.043940126308194,1.043940126308194,1.026560818498903,1.043940126308194,0.7115680669648201,0.7093409314018366,0.7093409314018366,0.7093409314018366,0.7093409314018366,0.7115680669648201,0.7093409314018366,-1.1501525515948132,-1.136215243299517,-1.136215243299517,-1.136215243299517,-1.136215243299517,-1.1501525515948132,-1.136215243299517,0.32072099476214794,0.15226438044861093,,,0.31604858958584325,0.24548607105828085,0.07874357966767646,0.22717433215776445,0.19233254871478114,0.20568860480350457,0.20568860480350457,0.23327860099908923,0.2083656012317977,0.17395234851954752
P11,376.0,-0.0044410084672644,0.1499544921860148,O3_A_C_boundary,A-side boundary projection dominates current C-state,0.0969960020814894,0.2630428821369237,0.1409506738418959,0.0969960020814894,0.1669965193534364,0.0616553047809294,0.5203318248417637,0.09699600208148945,0.09694615682962565,,,0.0969461568296256,0.043621451182301,-0.7870774381714108,-0.7274470094124463,,,-0.012519934258756051,-0.5528420966885952,O7_suppress_event,0.0,,False,0.0,0.0,q4,low,low,high,mid,mid,low,mid,A_side,mid,phase=q4|str=low|ab=low|ac=high|bc=mid|tfc=mid|mem=low|dphi=mid|side=A_side|dist=mid,side=A_side|tfc=mid,-0.4159772957062417,0.4159772957062417,neutral,,,,,,,,,,,,,,,,,,,,,,,,,,,,,,,,,,,,,,,,,,,,,,,,,,,,,,,,,,,,,,,,,,,,,,
P12,18.0,0.0431056136154499,0.0518474989560864,O4_B_C_boundary,B-side boundary projection dominates current C-state,0.2112563088452741,0.0258144476711596,0.211227569725521,0.0258144476711596,0.1494327754139849,0.0082812535262675,0.1785684405466561,0.21125630884527416,0.0676283327013104,,,0.0676283327013104,0.0115864387640466,0.05433157734516737,-0.9385066864992938,,,-0.36327674210669164,-0.9388670211131418,O1_lag0_AB,0.05433157734516737,,False,0.0,0.0,q1,low,mid,low,mid,low,low,low,B_side,far,phase=q1|str=low|ab=mid|ac=low|bc=mid|tfc=low|mem=low|dphi=low|side=B_side|dist=far,side=B_side|tfc=low,-0.4372637744747919,0.4915953518199593,bad,-1.0,0.0,1.6789127899164271,-2.2908431913133547,,-1.0,0.0,1.6789127899164271,0.06530167396536629,,-1.0,0.0,1.6789127899164271,,,-1.0,0.0,1.6789127899164271,,,-1.0,0.0,1.6789127899164271,0.07674792369618688,,-1.0,0.0,1.6789127899164271,-3.248865016250022,,-1.0,0.0,1.6789127899164271,-2.9021135644690568,,-1.22525000917611,-1.2234195444572022,-1.2234195444572022,-1.2234195444572022,-1.2234195444572022,-1.22525000917611,-1.2234195444572022,-1.4053469322555197,-1.4097593353646567,-1.4097593353646567,-1.4097593353646567,-1.4097593353646567,-1.4053469322555197,-1.4097593353646567,0.6392664185783674,0.608628129921774,0.608628129921774,0.608628129921774,0.608628129921774,0.6392664185783674,0.608628129921774,-1.3251324280527161,0.07652884918561519,,,0.02595940653494106,-1.9840105840340867,-1.9273363994621122,-0.8291157377264946,-0.4870054751786174,-0.674850249966695,-0.674850249966695,-0.4996478358412859,-0.9938352767218372,-0.9879717873405492
P12,59.0,-0.0088072614204127,0.0651668254048234,O4_B_C_boundary,B-side boundary projection dominates current C-state,0.2761873503904865,0.0212791514064286,0.6474327575566879,0.0212791514064286,0.3149664197845344,0.1150983312715642,0.3971096244512506,0.2761873503904865,0.42345907352816314,0.2728904541661723,0.3793893685013039,0.2728904541661723,0.0041485088965098,0.5324815604006957,1.6231268415481037,1.2336610787126436,2.700938671434665,2.092467796846842,-1.0284947783152856,O4_B_C_boundary,2.700938671434665,2.700938671434665,True,0.0,0.0,q4,low,high,low,high,low,low,high,B_side,far,phase=q4|str=low|ab=high|ac=low|bc=high|tfc=low|mem=low|dphi=high|side=B_side|dist=far,side=B_side|tfc=low,1.022025881518238,1.6789127899164271,bad,1.75,1.0,1.5841848461315222,0.9648818481559004,,1.75,1.0,1.5841848461315222,1.473858041419442,,1.75,1.0,1.5841848461315222,-0.5001803908554818,,1.75,1.0,1.5841848461315222,-1.6492909272903826,,1.75,1.0,1.5841848461315222,-0.5176536168050949,,1.75,1.0,1.5841848461315222,0.7771008197441592,,1.75,1.0,1.5841848461315222,0.1143798321257922,,1.2517419012664042,1.2706760933847336,1.2706760933847336,1.2706760933847336,1.2706760933847336,1.2517419012664042,1.2706760933847336,0.7115680669648201,0.7093409314018366,0.7093409314018366,0.7093409314018366,0.7093409314018366,0.7115680669648201,0.7093409314018366,0.5050489701090659,0.4777541258814199,0.4777541258814199,0.4777541258814199,0.4777541258814199,0.5050489701090659,0.4777541258814199,0.5743339448726894,1.0195324206961836,-0.3254190126289014,-0.911673579269167,-0.3571758961768695,0.4881179361410588,0.08567418922829555,0.760673220803245,0.8693258928410434,0.5330880345097722,0.3865243928497058,0.5251488136227802,0.7391192186203372,0.6358613349740715
P12,92.0,0.1241373365178793,0.1489136821377078,O4_B_C_boundary,B-side boundary projection dominates current C-state,0.3541216183946228,0.0575500494166043,0.2256786886478947,0.0575500494166043,0.2124501188197073,0.0603807161198503,0.7170389988642832,0.35412161839462286,0.5294397387605057,0.1956483412109645,0.2231345196216091,0.1956483412109645,0.0652165569993197,1.1063868611446432,2.3860840406734027,0.49528068458509567,0.7498143296147922,1.1683474783327639,-0.2926190325575348,O2_lag5_AB,2.3860840406734027,0.7498143296147922,False,0.0,0.0,q1,low,high,low,mid,mid,mid,mid,B_side,far,phase=q1|str=low|ab=high|ac=low|bc=mid|tfc=mid|mem=mid|dphi=mid|side=B_side|dist=far,side=B_side|tfc=mid,0.8018991945418804,1.5841848461315222,neutral,1.75,1.0,0.8503929907084471,1.4922954272058713,,1.75,1.0,0.8503929907084471,-0.024091152572835117,,1.75,1.0,0.8503929907084471,0.3961722969643084,,1.75,1.0,0.8503929907084471,-1.0408229040704615,,1.75,1.0,0.8503929907084471,-0.39008937166610674,,1.75,1.0,0.8503929907084471,2.706238530908937,,1.75,1.0,0.8503929907084471,1.9968401611918138,,1.2517419012664042,1.2706760933847336,1.2706760933847336,1.2706760933847336,1.2706760933847336,1.2517419012664042,1.2706760933847336,0.7115680669648201,0.7093409314018366,0.7093409314018366,0.7093409314018366,0.7093409314018366,0.7115680669648201,0.7093409314018366,-0.5346407624799994,-0.536036255439215,-0.536036255439215,-0.536036255439215,-0.536036255439215,-0.5346407624799994,-0.536036255439215,0.882039400918501,0.016681933122671706,0.2632498663348014,-0.5776524636566189,-0.2749514025537335,1.6726973760552983,1.3419052088211738,0.5776771516674315,0.3651656756175068,0.4268076589205392,0.21658207642268412,0.29225734169840545,0.7753416454516309,0.6964714945421323
P12,118.0,-0.178570284908886,0.3578708696337382,O5_full_TFC,full triadic projection is already active,0.2692606673244076,0.3041319008782642,0.670409862997213,0.2692606673244076,0.4146008103999616,0.0975273359348263,0.4647438160908769,0.2692606673244076,0.2385722155784579,0.051329125069658,0.0165089945951951,0.0165089945951951,0.1171698845336968,0.4814737017269606,0.2921221815270031,-0.8843097437139278,-1.8302789885179866,-0.9748656436201254,0.333423469727671,O1_lag0_AB,0.4814737017269606,-0.9748656436201254,False,0.0,0.0,q4,high,high,high,high,high,low,high,B_side,far,phase=q4|str=high|ab=high|ac=high|bc=high|tfc=high|mem=low|dphi=high|side=B_side|dist=far,side=B_side|tfc=high,-0.36891928898148646,0.8503929907084471,good,-1.0,0.0,2.3183190931857927,-2.784824947323332,,-1.0,0.0,2.3183190931857927,-1.8798439278826125,,-1.0,0.0,2.3183190931857927,,,-1.0,0.0,2.3183190931857927,,,-1.0,0.0,2.3183190931857927,2.035919118643534,,-1.0,0.0,2.3183190931857927,-3.357522118628039,,-1.0,0.0,2.3183190931857927,-3.33010879146522,,-1.22525000917611,-1.2234195444572022,-1.2234195444572022,-1.2234195444572022,-1.2234195444572022,-1.22525000917611,-1.2234195444572022,-1.4053469322555197,-1.4097593353646567,-1.4097593353646567,-1.4097593353646567,-1.4097593353646567,-1.4053469322555197,-1.4097593353646567,1.5452238280928154,1.4920175478058515,1.4920175478058515,1.4920175478058515,1.4920175478058515,1.5452238280928154,1.4920175478058515,-1.6133329741690292,-1.2257117228165715,,,1.2887886519089993,-2.050731051283644,-2.2129524478263476,-0.6746765218769608,-0.5917182637081447,-0.3803871106720025,-0.3803871106720025,0.03690682997324796,-0.7840260411556146,-0.8385284449605888
P12,125.0,0.0490371704356706,0.2763149822911163,O2_lag5_AB,current AB is active; read short-lag future AB,0.3154222512343931,0.0445528076642475,0.0435831984107538,0.0435831984107538,0.1345194191031315,0.0888656394974064,0.788132391735616,0.31542225123439316,0.3916190280508496,,,0.3916190280508496,0.109815970732007,0.8214060366950792,1.3939096360876888,,,3.5129298131909032,0.2448081140518819,O5_full_TFC,3.5129298131909032,1.3939096360876888,False,0.0,0.0,q1,high,high,low,low,low,high,high,A_side,near,phase=q1|str=high|ab=high|ac=low|bc=low|tfc=low|mem=high|dphi=high|side=A_side|dist=near,side=A_side|tfc=low,1.1946107200051106,2.3183190931857927,bad,-1.0,0.0,0.47427028658205805,2.450178273506687,,-1.0,0.0,0.47427028658205805,1.2362616491804743,,-1.0,0.0,0.47427028658205805,,,-1.0,0.0,0.47427028658205805,,,-1.0,0.0,0.47427028658205805,-0.8292845495590917,,-1.0,0.0,0.47427028658205805,3.2748845332391805,,-1.0,0.0,0.47427028658205805,3.27859932420194,,-1.22525000917611,-1.2234195444572022,-1.2234195444572022,-1.2234195444572022,-1.2234195444572022,-1.22525000917611,-1.2234195444572022,-1.4053469322555197,-1.4097593353646567,-1.4097593353646567,-1.4097593353646567,-1.4097593353646567,-1.4053469322555197,-1.4097593353646567,-1.0675587974565217,-1.055678953598889,-1.055678953598889,-1.055678953598889,-1.055678953598889,-1.0675587974565217,-1.055678953598889,1.4408907270265192,0.860465839026936,,,-0.5580448435459737,2.021872221921081,2.1972675213006165,-0.564316252965408,-0.707097998598453,-1.229619277806916,-1.229619277806916,-1.0617256692416803,-0.41907087924176756,-0.3728975780300329
P12,175.0,-0.1047082424722583,0.1351497674637015,O2_lag5_AB,current AB is active; read short-lag future AB,0.2031161859212242,0.0850343239341285,0.0221552918098455,0.0221552918098455,0.1034352672217327,0.0462981629437997,0.73311329449241,0.2031161859212242,0.1259368394877923,0.0582094900705536,0.1856953381770517,0.0582094900705536,0.1055061741640083,-0.0056120112001389905,-0.5187424311470216,-0.8185382826969471,0.2823184485075823,-0.47596324845610266,0.1928746584712981,O4_B_C_boundary,0.2823184485075823,-0.5187424311470216,False,0.0,0.0,q4,low,mid,low,low,low,mid,mid,A_side,near,phase=q4|str=low|ab=mid|ac=low|bc=low|tfc=low|mem=mid|dphi=mid|side=A_side|dist=near,side=A_side|tfc=low,-0.19195183807447572,0.47427028658205805,bad,1.75,1.0,0.9583101725635955,0.26949560041205556,,1.75,1.0,0.9583101725635955,1.0406384227955028,,1.75,1.0,0.9583101725635955,-0.2864570768418668,,1.75,1.0,0.9583101725635955,-1.3344330315163773,,1.75,1.0,0.9583101725635955,0.08156200477631384,,1.75,1.0,0.9583101725635955,-1.954723112741572,,1.75,1.0,0.9583101725635955,-1.2043620087548188,,1.2517419012664042,1.2706760933847336,1.2706760933847336,1.2706760933847336,1.2706760933847336,1.2517419012664042,1.2706760933847336,0.7115680669648201,0.7093409314018366,0.7093409314018366,0.7093409314018366,0.7093409314018366,0.7115680669648201,0.7093409314018366,-0.3817358411245361,-0.3869402956852048,-0.3869402956852048,-0.3869402956852048,-0.3869402956852048,-0.3817358411245361,-0.3869402956852048,0.16862929298367912,0.7294995494173274,-0.18505878904903242,-0.7388309949550182,0.029062434179112626,-1.1893478275313476,-0.7943679459338193,0.43755085502259183,0.5806440696296732,0.35200448501308323,0.2135614335365868,0.4055347908201195,0.09805657489383512,0.19967719579188653
P12,188.0,0.0688649353947953,0.2334719967933661,O2_lag5_AB,current AB is active; read short-lag future AB,0.363384238172962,0.1691357147848442,0.115465910321614,0.115465910321614,0.2159952877598067,0.0352967197912137,0.8420268625231416,0.363384238172962,0.38982666864773047,0.1521527461430268,0.1728401309675033,0.1521527461430268,0.052488845622644,1.1745964783733882,1.3810064003226399,0.0794933193728039,0.12179794059681895,0.6479686120600239,-0.44598915641236436,O2_lag5_AB,1.3810064003226399,1.3810064003226399,True,0.0,0.0,q1,mid,high,mid,low,high,high,low,A_side,near,phase=q1|str=mid|ab=high|ac=mid|bc=low|tfc=high|mem=high|dphi=low|side=A_side|dist=near,side=A_side|tfc=high,0.42269622775904436,0.9583101725635955,good,-1.0,0.0,1.3276287353673468,-1.9045791367778295,,-1.0,0.0,1.3276287353673468,-1.4254367475345728,,-1.0,0.0,1.3276287353673468,-0.3930223939752535,,-1.0,0.0,1.3276287353673468,-1.2641978284595126,,-1.0,0.0,1.3276287353673468,-0.7283860756357499,,-1.0,0.0,1.3276287353673468,2.158902740576841,,-1.0,0.0,1.3276287353673468,0.9714895021798194,,-1.22525000917611,-1.2234195444572022,-1.2234195444572022,-1.2234195444572022,-1.2234195444572022,-1.22525000917611,-1.2234195444572022,-1.4053469322555197,-1.4097593353646567,-1.4097593353646567,-1.4097593353646567,-1.4097593353646567,-1.4053469322555197,-1.4097593353646567,0.14154159097536698,0.12330195332113372,0.12330195332113372,0.12330195332113372,0.12330195332113372,0.14154159097536698,0.12330195332113372,-1.0997769162188107,-0.9214941537584278,-0.25504428318070654,-0.7002750807819433,-0.49300839139078967,1.3366079822270358,0.6576531776243496,-0.8972080666687683,-0.8578427700647883,-0.691230302420358,-0.8025380018206671,-0.7507213294728787,-0.2881118420573067,-0.4630559372190939
P12,212.0,-0.3507247297761966,0.365557132015472,O1_lag0_AB,default immediate AB readout,0.01903525520011,0.1357154872741665,0.1028597212075135,0.01903525520011,0.0858701545605967,0.0476868052773832,0.9100911827427038,0.019035255200110082,0.08509887207947592,0.0362961054732227,0.0276541546144122,0.0276541546144122,0.1387228937286249,-1.3611777284674087,-0.8127358795134018,-1.0280148614258153,-1.6911115120340106,-0.8415255726044365,0.5931392655877257,O6_phase_only,0.5931392655877257,-1.3611777284674087,False,0.0,0.0,q4,high,low,mid,low,low,high,mid,A_side,near,phase=q4|str=high|ab=low|ac=mid|bc=low|tfc=low|mem=high|dphi=mid|side=A_side|dist=near,side=A_side|tfc=low,-0.734489469779621,1.3276287353673468,bad,-1.0,0.0,1.645749586313714,0.46308942670477826,,-1.0,0.0,1.645749586313714,-1.1296311109226338,,-1.0,0.0,1.645749586313714,2.0325915235919694,,-1.0,0.0,1.645749586313714,-0.36098753037271875,,-1.0,0.0,1.645749586313714,-0.19725260367018235,,-1.0,0.0,1.645749586313714,-1.934332563557327,,-1.0,0.0,1.645749586313714,-1.1003230983984569,,-1.22525000917611,-1.2234195444572022,-1.2234195444572022,-1.2234195444572022,-1.2234195444572022,-1.22525000917611,-1.2234195444572022,-1.4053469322555197,-1.4097593353646567,-1.4097593353646567,-1.4097593353646567,-1.4097593353646567,-1.4053469322555197,-1.4097593353646567,0.5922783769004967,0.5628105910955571,0.5628105910955571,0.5628105910955571,0.5628105910955571,0.5922783769004967,0.5628105910955571,0.2815764732863914,-0.7234575126673779,1.3379485700299096,-0.20445393671723466,-0.15065399003730962,-1.176827090835141,-0.7249391752892078,-0.43918552281118545,-0.6984564503484199,-0.18310492967409803,-0.568705556360884,-0.5552555696909028,-0.8037864138415686,-0.6988268660038774
P12,225.0,0.104670752167064,0.2611480876766859,O6_phase_only,phase or closed-loop memory is high,0.2258484810239616,0.0408097294425436,0.0660828189678212,0.0408097294425436,0.1109136764781088,0.1384663180540767,0.19863775777428988,0.2258484810239616,0.10442104600947578,0.3199921052096912,0.1021079890519534,0.1021079890519534,0.0735088466202835,0.1617878373086612,-0.673635113630063,1.6839198084516889,-0.7614207552066179,0.049235937699070614,-0.19269615965691542,O3_A_C_boundary,1.6839198084516889,-0.19269615965691542,False,0.0,0.0,q1,high,mid,low,low,low,low,high,B_side,near,phase=q1|str=high|ab=mid|ac=low|bc=low|tfc=low|mem=low|dphi=high|side=B_side|dist=near,side=B_side|tfc=low,0.03817022213797489,1.645749586313714,bad,1.5,1.0,0.5607948117041881,0.4141818582696868,,1.5,1.0,0.5607948117041881,1.3451990982615105,,1.5,1.0,0.5607948117041881,,,1.5,1.0,0.5607948117041881,,,1.5,1.0,0.5607948117041881,1.3549862871276568,,1.5,1.0,0.5607948117041881,1.3324467269801605,,1.5,1.0,0.5607948117041881,1.8241185113777358,,1.026560818498903,1.043940126308194,1.043940126308194,1.043940126308194,1.043940126308194,1.026560818498903,1.043940126308194,0.7115680669648201,0.7093409314018366,0.7093409314018366,0.7093409314018366,0.7093409314018366,0.7115680669648201,0.7093409314018366,-0.9449645498891966,-0.9361386089236589,-0.9361386089236589,-0.9361386089236589,-0.9361386089236589,-0.9449645498891966,-0.9361386089236589,0.25304265040583623,0.9333975341498981,,,0.849877598096407,0.8291259108154478,1.226642065741098,0.26155174649509066,0.4376349957340675,0.2723808162621239,0.2723808162621239,0.4167550117206947,0.40557256159749355,0.5109461286318674
P12,231.0,-0.0686033034815776,0.2316942187392559,O3_A_C_boundary,A-side boundary projection dominates current C-state,0.0682829941552285,0.3200984422438315,0.0914185554442258,0.0682829941552285,0.1599333306144286,0.0573497668284778,0.8716701249398928,0.0682829941552285,0.06991517997570733,,,0.0699151799757073,0.0440652436753781,-0.9985190526395104,-0.9220436213970308,,,-0.33591702924080696,-0.5474943552435927,O7_suppress_event,0.0,,False,0.0,0.0,q4,mid,low,high,low,mid,high,mid,A_side,far,phase=q4|str=mid|ab=low|ac=high|bc=low|tfc=mid|mem=high|dphi=mid|side=A_side|dist=far,side=A_side|tfc=mid,-0.5607948117041881,0.5607948117041881,neutral,0.25,1.0,0.39559636948578114,0.00962157268051575,,0.25,1.0,0.39559636948578114,-0.05007750860302018,,0.25,1.0,0.39559636948578114,,,0.25,1.0,0.39559636948578114,,,0.25,1.0,0.39559636948578114,0.15042043246259526,,0.25,1.0,0.39559636948578114,0.6171286221804988,,0.25,1.0,0.39559636948578114,0.09889909237144529,,-0.09934459533860351,-0.0897397090745041,-0.0897397090745041,-0.0897397090745041,-0.0897397090745041,-0.09934459533860351,-0.0897397090745041,0.7115680669648201,0.7093409314018366,0.7093409314018366,0.7093409314018366,0.7093409314018366,0.7115680669648201,0.7093409314018366,-1.1790297319225385,-1.1643730741775875,-1.1643730741775875,-1.1643730741775875,-1.1643730741775875,-1.1790297319225385,-1.1643730741775875,0.017012688114241566,-0.0007154725568057789,,,0.0734467312211319,0.38988763609814775,0.07534335506123292,-0.13744839304552006,-0.1363718311017652,-0.18159061728341833,-0.18159061728341833,-0.11783128015728078,-0.04422965604954353,-0.11735712419725552
P12,353.0,0.0059735801413175,0.0612266257568086,O3_A_C_boundary,A-side boundary projection dominates current C-state,0.0857031987797529,0.2536189587430941,0.1392242770481392,0.0857031987797529,0.1595154781903287,0.075555538713576,0.4249548824506233,0.08570319877975295,0.0789757771644392,,,0.0789757771644392,0.0875572261094385,-0.8702372578643519,-0.856816177897197,,,-0.2275165513197256,-0.023411860347631323,O7_suppress_event,0.0,,False,0.0,0.0,q1,low,low,high,mid,mid,low,mid,A_side,mid,phase=q1|str=low|ab=low|ac=high|bc=mid|tfc=mid|mem=low|dphi=mid|side=A_side|dist=mid,side=A_side|tfc=mid,-0.39559636948578114,0.39559636948578114,neutral,1.5,1.0,2.614015500792184,-4.076646644862922,,1.5,1.0,2.614015500792184,-1.3509093063716817,,1.5,1.0,2.614015500792184,,,1.5,1.0,2.614015500792184,,,1.5,1.0,2.614015500792184,0.8810204265177716,,1.5,1.0,2.614015500792184,-2.274463903370711,,1.5,1.0,2.614015500792184,-4.2710962284444705,,1.026560818498903,1.043940126308194,1.043940126308194,1.043940126308194,1.043940126308194,1.026560818498903,1.043940126308194,0.7115680669648201,0.7093409314018366,0.7093409314018366,0.7093409314018366,0.7093409314018366,0.7115680669648201,0.7093409314018366,1.9641880298344425,1.9005450772502708,1.9005450772502708,1.9005450772502708,1.9005450772502708,1.9641880298344425,1.9005450772502708,-2.3670120608685243,-0.8715993502446867,,,0.5443719068986894,-1.3856834050741835,-2.84090597711375,0.3338262136074104,0.6955566961789036,1.217942044986767,1.217942044986767,1.0495495104647476,0.5791583775559956,0.20323003946163776
P12,395.0,-0.0322717410823913,0.0624315916706228,O4_B_C_boundary,B-side boundary projection dominates current C-state,0.1304626555596921,0.2232278104080772,0.2430862174021988,0.1304626555596921,0.1989255611233227,0.01431348279114,0.24987935025435332,0.13046265555969214,0.4272887258999568,,,0.4272887258999568,0.2205012658929787,-0.5406301394262428,1.6506965953404735,,,3.9396800829140135,1.5785763717809027,O5_full_TFC,3.9396800829140135,,False,0.0,0.0,q4,low,mid,high,high,high,low,low,B_side,near,phase=q4|str=low|ab=mid|ac=high|bc=high|tfc=high|mem=low|dphi=low|side=B_side|dist=near,side=B_side|tfc=high,1.3256645821218294,2.614015500792184,good,,,,,,,,,,,,,,,,,,,,,,,,,,,,,,,,,,,,,,,,,,,,,,,,,,,,,,,,,,,,,,,,,,,,,,
P13,9.0,0.0175075365120675,0.0752733926089651,O2_lag5_AB,current AB is active; read short-lag future AB,0.322114996414712,0.0003315356510028,0.1260138140754659,0.0003315356510028,0.1494867820470602,0.0329226654481031,0.26700042744051167,0.322114996414712,0.043551018671305,0.193785821234291,0.0198671557010432,0.0198671557010432,0.0043552998034788,0.8706911847291842,-1.111839813202363,0.47747630065732677,-1.788346274593584,-0.9346887920034751,-1.0260029283608618,O1_lag0_AB,0.8706911847291842,-1.111839813202363,False,0.0,0.0,q1,low,high,low,low,low,low,low,B_side,mid,phase=q1|str=low|ab=high|ac=low|bc=low|tfc=low|mem=low|dphi=low|side=B_side|dist=mid,side=B_side|tfc=low,-0.5018157603962533,1.3725069451254375,bad,1.75,1.0,1.2262513347009376,0.3065628336752344,,-1.0,0.0,2.2017262420893724,-0.4916987999499291,,-1.0,0.0,2.2017262420893724,0.9436464445942006,,-1.0,0.0,2.2017262420893724,-1.0199529873305428,,-1.0,0.0,2.2017262420893724,-0.834118558054094,,1.75,1.0,1.2262513347009376,0.3662525471503931,,-1.0,0.0,2.2017262420893724,-1.2315181742664905,,1.2517419012664042,-1.2234195444572022,-1.2234195444572022,-1.2234195444572022,-1.2234195444572022,1.2517419012664042,-1.2234195444572022,0.7115680669648201,-1.4097593353646567,-1.4097593353646567,-1.4097593353646567,-1.4097593353646567,0.7115680669648201,-1.4097593353646567,-0.002097292190845701,1.3309354778717963,1.3309354778717963,1.3309354778717963,1.3309354778717963,-0.002097292190845701,1.3309354778717963,0.19025518653034917,-0.2963731151032424,0.6227969476636758,-0.566195833881205,-0.561160715867708,0.23583816688342182,-0.8124901963537716,0.5378669656426819,-0.3996541292633262,-0.1698616135715967,-0.4671098089578169,-0.4658510294544427,0.5492627107309501,-0.5286833995759586
P13,10.0,-0.0199780750453744,0.037485611557442,O5_full_TFC,full triadic projection is already active,0.3182261558353431,0.2629963119684493,0.4028678682173643,0.2629963119684493,0.3280301120070522,0.0267244401986322,0.3014050619291146,0.3182261558353431,0.09636567547403675,0.1952494909893051,0.0222927117061682,0.0222927117061682,0.0374217048969297,0.842053894877055,-0.7316259077825747,0.49146795636470764,-1.758058821769061,-0.9056695756424508,-0.6275496248148549,O1_lag0_AB,0.842053894877055,-0.9056695756424508,False,0.0,0.0,q4,low,high,high,high,high,low,low,B_side,mid,phase=q4|str=low|ab=high|ac=high|bc=high|tfc=high|mem=low|dphi=low|side=B_side|dist=mid,side=B_side|tfc=high,-0.38419743982388266,1.2262513347009376,good,-1.0,0.0,2.2017262420893724,-2.0134428327502807,,-1.0,0.0,2.2017262420893724,-0.9005499952218468,,-1.0,0.0,2.2017262420893724,0.9010174990346904,,-1.0,0.0,2.2017262420893724,-1.0788777300071952,,-1.0,0.0,2.2017262420893724,-0.8917750642672475,,-1.0,0.0,2.2017262420893724,-1.5845407643885459,,-1.0,0.0,2.2017262420893724,-1.2601554641186197,,-1.22525000917611,-1.2234195444572022,-1.2234195444572022,-1.2234195444572022,-1.2234195444572022,-1.22525000917611,-1.2234195444572022,-1.4053469322555197,-1.4097593353646567,-1.4097593353646567,-1.4097593353646567,-1.4097593353646567,-1.4053469322555197,-1.4097593353646567,1.3800265868283386,1.3309354778717963,1.3309354778717963,1.3309354778717963,1.3309354778717963,1.3800265868283386,1.3309354778717963,-1.1632905505783497,-0.5700917580104127,0.5948008988595396,-0.5985428226052516,-0.5983245545459396,-0.9620388094450228,-0.8316008523786802,-0.6034652262954102,-0.4680837899901188,-0.17686062577263076,-0.47519655613882855,-0.4751419891240005,-0.5531522910120785,-0.5334610635821857
P13,39.0,0.0117774279592946,0.0472950873817303,O3_A_C_boundary,A-side boundary projection dominates current C-state,0.2135216158312399,0.2127119045212818,0.0392266850176499,0.0392266850176499,0.1551534017900572,0.009232804509873,0.1149714981136269,0.21352161583123996,0.15665296496580755,0.3658315503591918,0.0620654014313724,0.0620654014313724,0.0263015998945049,0.0710132209963154,-0.2976163511086414,2.1221127356144143,-1.2614248701261093,-0.4298313406328629,-0.7615479400678247,O3_A_C_boundary,2.1221127356144143,2.1221127356144143,True,0.0,0.0,q1,low,mid,high,low,low,low,low,A_side,far,phase=q1|str=low|ab=mid|ac=high|bc=low|tfc=low|mem=low|dphi=low|side=A_side|dist=far,side=A_side|tfc=low,-0.07961350647495835,2.2017262420893724,bad,1.5,1.0,2.32614776956434,-0.606144430206221,,-1.0,0.0,1.8414493324778507,-0.036842943312521526,,-1.0,0.0,1.8414493324778507,0.4603623331194627,,-1.0,0.0,1.8414493324778507,0.5701925871305938,,-1.0,0.0,1.8414493324778507,0.7621211498186845,,1.5,1.0,2.32614776956434,0.10319749907889363,,-1.0,0.0,1.8414493324778507,0.5041647534593728,,1.026560818498903,-1.2234195444572022,-1.2234195444572022,-1.2234195444572022,-1.2234195444572022,1.026560818498903,-1.2234195444572022,0.7115680669648201,-1.4097593353646567,-1.4097593353646567,-1.4097593353646567,-1.4097593353646567,0.7115680669648201,-1.4097593353646567,1.5563160668392448,0.8331849742695199,0.8331849742695199,0.8331849742695199,0.8331849742695199,1.5563160668392448,0.8331849742695199,-0.34223964489749087,0.008144834793824218,0.30540590283423247,0.3067213589683726,0.46773261970589014,0.07431024707358821,0.3457911763372656,0.7380513268513693,-0.4479622676896287,-0.37364700067952666,-0.3733181366459916,-0.3330653214616122,0.8421887998441391,-0.36355068230376836
P13,41.0,-0.0162185628782269,0.0288681094089407,O5_full_TFC,full triadic projection is already active,0.1276823566938225,0.1658981002487457,0.2562202307835957,0.1276823566938225,0.1832668959087213,0.0366666566452556,0.062074272112079304,0.1276823566938225,0.17738322710926235,0.3561873077231517,0.0194044454815687,0.0194044454815687,0.0347553418575482,-0.5611041657774019,-0.14837872642088112,2.029920543994922,-1.794124048396435,-0.9402246311855085,-0.6596795512006219,O3_A_C_boundary,2.029920543994922,-0.9402246311855085,False,0.0,0.0,q4,low,mid,mid,high,high,low,low,B_side,mid,phase=q4|str=low|ab=mid|ac=mid|bc=high|tfc=high|mem=low|dphi=low|side=B_side|dist=mid,side=B_side|tfc=high,-0.296227225569418,2.32614776956434,good,-1.0,0.0,1.8414493324778507,0.3136892503967559,,-1.0,0.0,1.8414493324778507,-0.27827275961977366,,-1.0,0.0,1.8414493324778507,0.4603623331194627,,-1.0,0.0,1.8414493324778507,1.0106995737814273,,-1.0,0.0,1.8414493324778507,1.1803222487518379,,-1.0,0.0,1.8414493324778507,0.2941158513358352,,-1.0,0.0,1.8414493324778507,0.4119725618398807,,-1.22525000917611,-1.2234195444572022,-1.2234195444572022,-1.2234195444572022,-1.2234195444572022,-1.22525000917611,-1.2234195444572022,-1.4053469322555197,-1.4097593353646567,-1.4097593353646567,-1.4097593353646567,-1.4097593353646567,-1.4053469322555197,-1.4097593353646567,0.8695600273486722,0.8331849742695199,0.8331849742695199,0.8331849742695199,0.8331849742695199,0.8695600273486722,0.8331849742695199,0.19441290524365615,-0.1534881564782145,0.30540590283423247,0.5485395474371729,0.7372938400537369,0.1915429119460857,0.2842681316874387,-0.3916560022098254,-0.4883705155076384,-0.37364700067952666,-0.31286358952879156,-0.2656750163746505,-0.392373500534218,-0.3789314434662251
P13,47.0,0.0170060096906269,0.0569584101181385,O3_A_C_boundary,A-side boundary projection dominates current C-state,0.1322443256038827,0.3558089552361076,0.0100042480879632,0.0100042480879632,0.1660191763093178,0.0519759514917297,0.1926599045441586,0.13224432560388277,0.10480108028575749,0.3177668836812225,0.0864997672002816,0.0864997672002816,0.0378798436681417,-0.5275099817764214,-0.6708992383044285,1.6626482522196033,-0.9563176291639105,-0.13749995541884086,-0.622029009363734,O3_A_C_boundary,1.6626482522196033,1.6626482522196033,True,0.0,0.0,q1,low,mid,high,low,low,low,mid,A_side,far,phase=q1|str=low|ab=mid|ac=high|bc=low|tfc=low|mem=low|dphi=mid|side=A_side|dist=far,side=A_side|tfc=low,-0.1788010802582474,1.8414493324778507,bad,-1.0,0.0,0.44959562932590896,1.594961824021624,,-1.0,0.0,0.44959562932590896,1.2617642062995815,,-1.0,0.0,0.44959562932590896,-0.2719519570502593,,-1.0,0.0,0.44959562932590896,2.263619200609004,,-1.0,0.0,0.44959562932590896,1.4400893022125187,,-1.0,0.0,0.44959562932590896,1.6794461864200434,,-1.0,0.0,0.44959562932590896,1.7750471595510806,,-1.22525000917611,-1.2234195444572022,-1.2234195444572022,-1.2234195444572022,-1.2234195444572022,-1.22525000917611,-1.2234195444572022,-1.4053469322555197,-1.4097593353646567,-1.4097593353646567,-1.4097593353646567,-1.4097593353646567,-1.4053469322555197,-1.4097593353646567,-1.1025196485681512,-1.0897689070424916,-1.0897689070424916,-1.0897689070424916,-1.0897689070424916,-1.1025196485681512,-1.0897689070424916,0.9419373855507439,0.8775393498935533,-0.17553272556644436,1.2363351185358102,0.9047327208114802,1.0421995669546236,1.1938950519601568,-0.6977948011122592,-0.7113521092426993,-0.9746201281076987,-0.621653167082135,-0.7045537665132175,-0.6727292557612894,-0.6322631837260484
P13,72.0,-0.1264123549288479,0.1462652059218677,O3_A_C_boundary,A-side boundary projection dominates current C-state,0.1270071650838567,0.3948032630099129,0.0204546167219849,0.0204546167219849,0.1807550149385849,0.0035675217387601,0.1635229095582463,0.12700716508385676,0.06640051785823711,0.111671321532205,0.133118658538718,0.0664005178582371,0.0418569928665387,-0.5660762538447024,-0.947345753244742,-0.30748069150538926,-0.3741964704847897,-0.3779662502059222,-0.5741039859958171,O7_suppress_event,0.0,-0.30748069150538926,True,0.0,0.0,q4,low,mid,high,low,low,low,low,A_side,far,phase=q4|str=low|ab=mid|ac=high|bc=low|tfc=low|mem=low|dphi=low|side=A_side|dist=far,side=A_side|tfc=low,-0.44959562932590896,0.44959562932590896,bad,1.5,1.0,0.9298128673702072,-1.4109824990935729,,1.5,1.0,0.9298128673702072,0.9259498448613785,,1.5,1.0,0.9298128673702072,-1.8145094391760601,,1.5,1.0,0.9298128673702072,0.6066496873273415,,1.5,1.0,0.9298128673702072,-1.3151901858365962,,1.5,1.0,0.9298128673702072,0.7478236502431608,,1.5,1.0,0.9298128673702072,-1.101261724635739,,1.026560818498903,1.043940126308194,1.043940126308194,1.043940126308194,1.043940126308194,1.026560818498903,1.043940126308194,0.7115680669648201,0.7093409314018366,0.7093409314018366,0.7093409314018366,0.7093409314018366,0.7115680669648201,0.7093409314018366,-0.42211289818377584,-0.426311533843686,-0.426311533843686,-0.426311533843686,-0.426311533843686,-0.42211289818377584,-0.426311533843686,-0.8118010571692603,0.6527175752611718,-1.1885888541186351,0.326734639559972,-0.871246594146341,0.4701404051182335,-0.7255655531081033,0.12605373252767174,0.4949217747818791,0.034595167436927365,0.41342604085657914,0.1139307324300009,0.4465390980995452,0.15035099268956031
P13,102.0,0.0518721316022312,0.1541298195017323,O4_B_C_boundary,B-side boundary projection dominates current C-state,0.1087342169768081,0.0512573420039325,0.2513952235920156,0.0512573420039325,0.1371289275242521,0.2419043685926669,0.8198452108927627,0.10873421697680814,0.31799556330568485,0.0584140613489125,0.2485339344510158,0.0584140613489125,0.1741455079089326,-0.700637622642029,0.8638926530019005,-0.8165827248365682,1.0669719531826327,-0.4735157691254235,1.0199851111064662,O4_B_C_boundary,1.0669719531826327,1.0669719531826327,True,0.0,0.0,q1,low,low,low,high,mid,high,high,B_side,far,phase=q1|str=low|ab=low|ac=low|bc=high|tfc=mid|mem=high|dphi=high|side=B_side|dist=far,side=B_side|tfc=mid,0.13715908581242553,0.9298128673702072,neutral,0.25,1.0,0.5653078304526056,1.7298056028735118,,0.25,1.0,0.5653078304526056,-1.4047615672633815,,0.25,1.0,0.5653078304526056,1.7115036125528804,,0.25,1.0,0.5653078304526056,-0.9456573133808357,,0.25,1.0,0.5653078304526056,0.674426552909337,,0.25,1.0,0.5653078304526056,0.18831379968931794,,0.25,1.0,0.5653078304526056,0.5979045710423811,,-0.09934459533860351,-0.0897397090745041,-0.0897397090745041,-0.0897397090745041,-0.0897397090745041,-0.09934459533860351,-0.0897397090745041,0.7115680669648201,0.7093409314018366,0.7093409314018366,0.7093409314018366,0.7093409314018366,0.7115680669648201,0.7093409314018366,-0.9385701763062324,-0.9299035233690128,-0.9299035233690128,-0.9299035233690128,-0.9299035233690128,-0.9385701763062324,-0.9299035233690128,1.0206084097994947,-0.9076524862981485,1.127077934833936,-0.5254109068992692,0.4112070328026028,0.12657557739248543,0.4083470054299183,0.17356542627986973,-0.3044886968349572,0.2041939084480639,-0.20892830198523737,0.025226182940230615,-0.049942781821882595,0.024511176097059495
P13,111.0,-0.1729019097150981,0.2910637565691152,O4_B_C_boundary,B-side boundary projection dominates current C-state,0.2507294880447432,0.0768340369459764,0.304421073580675,0.0768340369459764,0.2106615328571316,0.0363628542127019,0.7429130577782374,0.25072948804474327,0.07144661470503398,0.1686936814774579,0.1325520225861789,0.0714466147050339,0.1300238918684808,0.34501072735128135,-0.9110187882430896,0.23761305333914493,-0.3812719449924673,-0.3175950298067742,0.4883154718027224,O6_phase_only,0.4883154718027224,-0.3812719449924673,False,0.0,0.0,q4,high,mid,low,high,mid,mid,low,B_side,far,phase=q4|str=high|ab=mid|ac=low|bc=high|tfc=mid|mem=mid|dphi=low|side=B_side|dist=far,side=B_side|tfc=mid,-0.07699235864988319,0.5653078304526056,neutral,1.5,1.0,1.523274211939232,0.014921065634966979,,1.5,1.0,1.523274211939232,1.7801528130306201,,1.5,1.0,1.523274211939232,-2.7589106630021076,,1.5,1.0,1.523274211939232,-1.1501437191416002,,1.5,1.0,1.523274211939232,-1.8230280769718974,,1.5,1.0,1.523274211939232,-1.4596363181513843,,1.5,1.0,1.523274211939232,-1.3091197718049812,,1.026560818498903,1.043940126308194,1.043940126308194,1.043940126308194,1.043940126308194,1.026560818498903,1.043940126308194,0.7115680669648201,0.7093409314018366,0.7093409314018366,0.7093409314018366,0.7093409314018366,0.7115680669648201,0.7093409314018366,0.418746348313543,0.3936013588427606,0.3936013588427606,0.3936013588427606,0.3936013588427606,0.418746348313543,0.3936013588427606,0.020104536639071597,1.2245913521228464,-1.8088130329224574,-0.6376645911904546,-1.1985852884312889,-0.8853417244675694,-0.8642764318948848,0.5442449426040845,0.8428684421689094,0.08451734590758342,0.3773044563405841,0.23707428203037556,0.3178833773274242,0.3206514961644766
P13,121.0,0.1141876965989751,0.1300238918684808,O5_full_TFC,full triadic projection is already active,0.3851992184702945,0.1610861865101547,0.1275083672791288,0.1275083672791288,0.224597924086526,0.4389430932549252,1.7571830536633475,0.3851992184702945,0.44005524264089674,0.0423920122751671,0.1488440346407511,0.0423920122751671,0.1119264128102379,1.3352412518329835,1.7426030372740091,-0.9697422702863853,-0.1778367138632693,-0.6652026679789526,0.27023914036505536,O2_lag5_AB,1.7426030372740091,-0.6652026679789526,False,0.0,0.0,q1,low,high,mid,low,high,high,high,A_side,near,phase=q1|str=low|ab=high|ac=mid|bc=low|tfc=high|mem=high|dphi=high|side=A_side|dist=near,side=A_side|tfc=high,0.21932882533477718,1.523274211939232,good,-1.0,0.0,0.8155472934812517,-1.5208578672781607,,-1.0,0.0,0.8155472934812517,-0.8436573396772681,,-1.0,0.0,0.8155472934812517,,,-1.0,0.0,0.8155472934812517,,,-1.0,0.0,0.8155472934812517,2.6116925286232746,,-1.0,0.0,0.8155472934812517,0.12946190188499102,,-1.0,0.0,0.8155472934812517,1.5757587339178551,,-1.22525000917611,-1.2234195444572022,-1.2234195444572022,-1.2234195444572022,-1.2234195444572022,-1.22525000917611,-1.2234195444572022,-1.4053469322555197,-1.4097593353646567,-1.4097593353646567,-1.4097593353646567,-1.4097593353646567,-1.4053469322555197,-1.4097593353646567,-0.5840126836375793,-0.5841782897480778,-0.5841782897480778,-0.5841782897480778,-0.5841782897480778,-0.5840126836375793,-0.5841782897480778,-0.8759049248329268,-0.5320031315195688,,,1.6599167609309908,0.09043780053214551,1.0609029786289235,-1.022628637475534,-0.9373400752723764,-1.0724523898566456,-1.0724523898566456,-0.38936010215973643,-0.7810429561342659,-0.5391135477352533
P13,149.0,-0.0108490153218033,0.0312546478835279,O4_B_C_boundary,B-side boundary projection dominates current C-state,0.0125275457748297,0.0354803148475464,0.961660880788794,0.0125275457748297,0.3365562471370567,0.1221790143277121,0.18862330944463818,0.012527545774829747,0.12278252266983485,,,0.1227825226698348,0.0114221967131609,-1.409100279490426,-0.5414504290568913,,,0.29658490138117344,-0.9408461533342473,O5_full_TFC,0.29658490138117344,,False,0.0,0.0,q4,low,low,low,high,low,low,high,B_side,far,phase=q4|str=low|ab=low|ac=low|bc=high|tfc=low|mem=low|dphi=high|side=B_side|dist=far,side=B_side|tfc=low,-0.5189623921000782,0.8155472934812517,bad,1.75,1.0,2.4511072962843135,0.9400891964785003,,1.75,1.0,2.4511072962843135,-2.7943415876547673,,1.75,1.0,2.4511072962843135,,,1.75,1.0,2.4511072962843135,,,1.75,1.0,2.4511072962843135,-3.6603222283289405,,1.75,1.0,2.4511072962843135,-1.5328511886132583,,1.75,1.0,2.4511072962843135,-1.9052939750352875,,1.2517419012664042,1.2706760933847336,1.2706760933847336,1.2706760933847336,1.2706760933847336,1.2517419012664042,1.2706760933847336,0.7115680669648201,0.7093409314018366,0.7093409314018366,0.7093409314018366,0.7093409314018366,0.7115680669648201,0.7093409314018366,1.7333678233554564,1.675474753087198,1.675474753087198,1.675474753087198,1.675474753087198,1.7333678233554564,1.675474753087198,0.5598693302059203,-1.8379517291302094,,,-2.3828558578802954,-0.930299028315388,-1.2621241398200556,1.0641367804481503,0.4543850121858898,1.2184972592912562,1.2184972592912562,0.3181589799983683,0.6915946908178232,0.5983419095134282
P13,188.0,0.1144446788729172,0.1444239078181957,O4_B_C_boundary,B-side boundary projection dominates current C-state,0.3599119021092954,0.0925089372999272,0.2794119145679838,0.0925089372999272,0.2439442513257355,0.0813303402758311,0.5486306863400661,0.35991190210929547,0.03902837411757892,0.3793902679108383,0.0004700498342661,0.0004700498342661,0.0517640764372641,1.1490263136186896,-1.1443984333410968,2.2517245603900315,-2.030554216867841,-1.1667546815299834,-0.4547226935297744,O3_A_C_boundary,2.2517245603900315,-2.030554216867841,False,0.0,0.0,q1,low,high,mid,high,mid,low,high,B_side,far,phase=q1|str=low|ab=high|ac=mid|bc=high|tfc=mid|mem=low|dphi=high|side=B_side|dist=far,side=B_side|tfc=mid,-0.19938273589428207,2.4511072962843135,neutral,1.5,1.0,0.6087543404882148,0.36244563804277896,,1.5,1.0,0.6087543404882148,1.990476901550939,,1.5,1.0,0.6087543404882148,-0.486393017643892,,1.5,1.0,0.6087543404882148,3.9187761044652283,,1.5,1.0,0.6087543404882148,2.4772427364332232,,1.5,1.0,0.6087543404882148,2.23000918221233,,1.5,1.0,0.6087543404882148,2.4039131455120852,,1.026560818498903,1.043940126308194,1.043940126308194,1.043940126308194,1.043940126308194,1.026560818498903,1.043940126308194,0.7115680669648201,0.7093409314018366,0.7093409314018366,0.7093409314018366,0.7093409314018366,0.7115680669648201,0.7093409314018366,-0.8770119972844621,-0.8698787988500196,-0.8698787988500196,-0.8698787988500196,-0.8698787988500196,-0.8770119972844621,-0.8698787988500196,0.22285852570490797,1.3653996088828173,-0.3163643206057627,2.1449405578393077,1.5732540282152698,1.3802706136293346,1.6135591195280672,0.27099385347104227,0.562200466935707,0.14175948456356208,0.7570857041748297,0.6141640717688202,0.5603468754521489,0.6242403445970195
P13,201.0,-0.070850685957047,0.1176995025739296,O5_full_TFC,full triadic projection is already active,0.1069260429009139,0.3742889368296181,0.1534186485090649,0.1069260429009139,0.2115445427465323,0.1528723702915273,0.2159651348260177,0.10692604290091397,0.024877938032776176,0.0903952209562552,0.1300468939238978,0.0248779380327761,0.0477658810497612,-0.7139529550804934,-1.2462677418417945,-0.5108652822127565,-0.41255300633175807,-0.8747400724870764,-0.5029013254636239,O7_suppress_event,0.0,-0.8747400724870764,False,0.0,0.0,q4,low,low,high,mid,high,low,high,A_side,far,phase=q4|str=low|ab=low|ac=high|bc=mid|tfc=high|mem=low|dphi=high|side=A_side|dist=far,side=A_side|tfc=high,-0.6087543404882148,0.6087543404882148,good,0.25,1.0,0.8552479864007335,-0.5454138785870972,,0.25,1.0,1.9966928808919426,-1.7869855957914518,,0.25,1.0,1.9966928808919426,-1.5482620267327711,,0.25,1.0,1.9966928808919426,0.9117262265547437,,0.25,1.0,1.9966928808919426,-1.7175555400872884,,0.25,1.0,0.8552479864007335,-0.43622490513935447,,0.25,1.0,1.9966928808919426,-1.4399867060975862,,-0.09934459533860351,-0.0897397090745041,-0.0897397090745041,-0.0897397090745041,-0.0897397090745041,-0.09934459533860351,-0.0897397090745041,0.7115680669648201,0.7093409314018366,0.7093409314018366,0.7093409314018366,0.7093409314018366,0.7115680669648201,0.7093409314018366,-0.5277618510615508,1.0476659813577618,1.0476659813577618,1.0476659813577618,1.0476659813577618,-0.5277618510615508,1.0476659813577618,-0.3068080162398874,-1.1635447120885938,-1.013734058746517,0.4942077064940438,-1.1306005178787297,-0.25691996307052595,-0.951608472713487,-0.05558659891880541,0.12593062289912516,0.16338328623464438,0.5403687275447846,0.13416667145159117,-0.04311458562646504,0.17891468274290184
P13,205.0,0.0562153659403958,0.1301251140107897,O3_A_C_boundary,A-side boundary projection dominates current C-state,0.0438363832822218,0.3379647616921832,0.1981228819455373,0.0438363832822218,0.1933080089733141,0.0681595585344387,0.6201792685707287,0.043836383282221884,0.0038185018500632353,0.0851571883449421,0.0989914825894415,0.0038185018500632,0.0129570868912134,-1.1785430642142192,-1.3978750978618364,-0.5609371981148649,-0.8003359739281029,-1.1266939889235819,-0.9223505817625294,O7_suppress_event,0.0,-0.5609371981148649,True,0.0,0.0,q1,low,low,high,mid,mid,mid,mid,A_side,mid,phase=q1|str=low|ab=low|ac=high|bc=mid|tfc=mid|mem=mid|dphi=mid|side=A_side|dist=mid,side=A_side|tfc=mid,-0.8552479864007335,0.8552479864007335,neutral,0.25,1.0,1.9966928808919426,-1.3929800351743917,,0.25,1.0,1.9966928808919426,-1.63537823977141,,0.25,1.0,1.9966928808919426,-1.4981901108306628,,0.25,1.0,1.9966928808919426,1.2995091941510886,,0.25,1.0,1.9966928808919426,-1.465601623650783,,0.25,1.0,1.9966928808919426,-1.8574867400647186,,0.25,1.0,1.9966928808919426,-1.4399867060975862,,-0.09934459533860351,-0.0897397090745041,-0.0897397090745041,-0.0897397090745041,-0.0897397090745041,-0.09934459533860351,-0.0897397090745041,0.7115680669648201,0.7093409314018366,0.7093409314018366,0.7093409314018366,0.7093409314018366,0.7115680669648201,0.7093409314018366,1.089520390963999,1.0476659813577618,1.0476659813577618,1.0476659813577618,1.0476659813577618,1.089520390963999,1.0476659813577618,-0.8012979973500988,-1.062046269074502,-0.9808499284234927,0.7070828199086069,-0.9681977758503071,-1.1296402145298408,-0.951608472713487,0.22511146631002923,0.15130523365264809,0.17160431881540042,0.5935875058984253,0.17476735695869683,0.14302591201509374,0.17891468274290184
P13,230.0,-0.0621248757162643,0.0879880501741446,O1_lag0_AB,default immediate AB readout,0.080951430953561,0.1154461794840406,0.0619884701677903,0.0619884701677903,0.0861286935351306,0.0192869342235516,0.159846619574876,0.080951430953561,0.020940519698490014,0.0920222023047001,0.287323349388358,0.02094051969849,0.0005480628956814,-0.9052291146328195,-1.2746133052285282,-0.49531248227835345,1.5513279410564575,-0.921847125181423,-1.0718804925837295,O4_B_C_boundary,1.5513279410564575,-0.9052291146328195,False,0.0,0.0,q4,low,low,mid,low,mid,low,low,A_side,near,phase=q4|str=low|ab=low|ac=mid|bc=low|tfc=mid|mem=low|dphi=low|side=A_side|dist=near,side=A_side|tfc=mid,-0.44536493983548514,1.9966928808919426,neutral,-1.0,0.0,1.4240298781169445,-0.1139600462470346,,0.0,1.0,0.6256493828158542,1.640380813421841,,0.0,1.0,0.6256493828158542,0.8046642184042787,,0.0,1.0,0.6256493828158542,-0.16852027648657275,,0.0,1.0,0.6256493828158542,1.664687624833886,,-1.0,0.0,1.4240298781169445,1.2938341155808744,,0.0,1.0,0.6256493828158542,1.3115746344770762,,-1.22525000917611,-0.3164756761510437,-0.3164756761510437,-0.3164756761510437,-0.3164756761510437,-1.22525000917611,-0.3164756761510437,-1.4053469322555197,0.7093409314018366,0.7093409314018366,0.7093409314018366,0.7093409314018366,-1.4053469322555197,0.7093409314018366,0.2781297495735875,-0.8465369870307938,-0.8465369870307938,-0.8465369870307938,-0.8465369870307938,0.2781297495735875,-0.8465369870307938,-0.055087727805043375,1.1310164708658847,0.5315220372418646,-0.09879821709251067,1.0495027802119519,0.8054159883354317,0.8846037730220909,-0.6018887299157714,0.16933618477147094,0.01946257636546593,-0.1381174872181279,0.14895776210798772,-0.3867628008806526,0.1077330103105225
P13,233.0,0.0338590627258056,0.0670774737709458,O1_lag0_AB,default immediate AB readout,0.0585058056932707,0.0196674514276425,0.0159313151896081,0.0159313151896081,0.0313681907701738,0.0051534732237535,0.1339573661775184,0.05850580569327077,0.11087156847871406,0.0919321979461356,0.2648495343343302,0.0919321979461356,0.0830600124925397,-1.070517936165205,-0.6271976568992957,-0.49617286078442296,1.2707017210072333,-0.07250665786268191,-0.07760370906360559,O4_B_C_boundary,1.2707017210072333,-1.070517936165205,False,0.0,0.0,q1,low,low,low,low,low,low,low,A_side,near,phase=q1|str=low|ab=low|ac=low|bc=low|tfc=low|mem=low|dphi=low|side=A_side|dist=near,side=A_side|tfc=low,-0.15332815710971112,1.4240298781169445,bad,1.5,1.0,0.6256493828158542,2.497632002876402,,1.5,1.0,0.6256493828158542,0.7123389450433844,,1.5,1.0,0.6256493828158542,0.5248983768611242,,1.5,1.0,0.6256493828158542,-0.16852027648657275,,1.5,1.0,0.6256493828158542,0.5347209374659208,,1.5,1.0,0.6256493828158542,0.4566450669195205,,1.5,1.0,0.6256493828158542,1.030948414427852,,1.026560818498903,1.043940126308194,1.043940126308194,1.043940126308194,1.043940126308194,1.026560818498903,1.043940126308194,0.7115680669648201,0.7093409314018366,0.7093409314018366,0.7093409314018366,0.7093409314018366,0.7115680669648201,0.7093409314018366,-0.8530738710843876,-0.8465369870307938,-0.8465369870307938,-0.8465369870307938,-0.8465369870307938,-0.8530738710843876,-0.8465369870307938,1.4685763460867733,0.509708856479087,0.34778917566689477,-0.09879821709251067,0.3211565372767797,0.2913433388682142,0.6973321704848731,0.5884078401165272,0.354113231789581,0.3136333115865329,0.20198646339668153,0.3069751519890041,0.2940995883118874,0.40101906029102746
P13,242.0,-0.0272794459432737,0.0753650602686847,O4_B_C_boundary,B-side boundary projection dominates current C-state,0.2469165690987199,0.0894962109841814,0.2638162581863795,0.0894962109841814,0.2000763460897603,0.0585116207192961,0.4043787692092727,0.24691656909871992,0.09289023237570705,0.0599627530823387,0.1676497320252952,0.0599627530823387,0.0462203064556612,0.3169325218266759,-0.7566457010270106,-0.8017783186809205,0.05698642407424685,-0.4549873078596905,-0.5215256452575496,O1_lag0_AB,0.3169325218266759,0.05698642407424685,False,0.0,0.0,q4,low,mid,mid,high,mid,low,mid,B_side,far,phase=q4|str=low|ab=mid|ac=mid|bc=high|tfc=mid|mem=low|dphi=mid|side=B_side|dist=far,side=B_side|tfc=mid,-0.30871686098917833,0.6256493828158542,neutral,0.25,1.0,1.688930533476809,0.42223263336920225,,0.25,1.0,1.688930533476809,0.780768697164357,,0.25,1.0,1.688930533476809,-1.4457801536762402,,0.25,1.0,1.688930533476809,-2.274207670654925,,0.25,1.0,1.688930533476809,-1.3089952425930287,,0.25,1.0,1.688930533476809,-2.1725369787541666,,0.25,1.0,1.688930533476809,-1.4444493394818825,,-0.09934459533860351,-0.0897397090745041,-0.0897397090745041,-0.0897397090745041,-0.0897397090745041,-0.09934459533860351,-0.0897397090745041,0.7115680669648201,0.7093409314018366,0.7093409314018366,0.7093409314018366,0.7093409314018366,0.7115680669648201,0.7093409314018366,0.6534602871072491,0.6224684199018207,0.6224684199018207,0.6224684199018207,0.6224684199018207,0.6534602871072491,0.6224684199018207,0.25773966148389943,0.5555213650436505,-0.9464303175450208,-1.2547242899359146,-0.8672534997594976,-1.3230955770639445,-0.9545865426360576,0.3808558550543413,0.44939775181820096,0.07390983117103311,-0.00316366192669032,0.09370403561741392,-0.014352954582619704,0.07187077489827393
P13,263.0,0.019647151069122,0.1339843716633676,O6_phase_only,phase or closed-loop memory is high,0.4410998490876268,0.0970458594737536,0.1230084303867715,0.0970458594737536,0.2203847129827173,0.1398169256190914,0.8176792149888199,0.44109984908762684,0.3611910406403258,0.0766262160736568,0.1135763504010028,0.0766262160736568,0.0065388761156017,1.7468915957422084,1.174857868495383,-0.6424873063002227,-0.6182175256790363,-0.25562656877666934,-0.9996906276238672,O1_lag0_AB,1.7468915957422084,-0.9996906276238672,False,0.0,0.0,q1,low,high,mid,low,mid,high,high,B_side,near,phase=q1|str=low|ab=high|ac=mid|bc=low|tfc=mid|mem=high|dphi=high|side=B_side|dist=near,side=B_side|tfc=mid,0.05796106226539948,1.688930533476809,neutral,-1.0,0.0,0.9570495921960572,-2.11608460886776,,-1.0,0.0,0.9570495921960572,-1.505414278798808,,-1.0,0.0,0.9570495921960572,2.6286413000914455,,-1.0,0.0,0.9570495921960572,2.277715176563911,,-1.0,0.0,0.9570495921960572,0.3369781900644886,,-1.0,0.0,0.9570495921960572,2.19473121966159,,-1.0,0.0,0.9570495921960572,1.306599590250395,,-1.22525000917611,-1.2234195444572022,-1.2234195444572022,-1.2234195444572022,-1.2234195444572022,-1.22525000917611,-1.2234195444572022,-1.4053469322555197,-1.4097593353646567,-1.4097593353646567,-1.4097593353646567,-1.4097593353646567,-1.4053469322555197,-1.4097593353646567,-0.38352192317974954,-0.3886818852682006,-0.3886818852682006,-0.3886818852682006,-0.3886818852682006,-0.38352192317974954,-0.3886818852682006,-1.2231741709175763,-0.975037696186261,1.7293971131161718,1.2440731646358993,0.1936968619185705,1.3586083191866845,0.8812837535853445,-1.0593232588822388,-0.9992246153190801,-0.3231159129934719,-0.44444690011354004,-0.7070409757928723,-0.4138776363561737,-0.5351442528761787
P13,280.0,-0.0281468621776483,0.1645126821253239,O3_A_C_boundary,A-side boundary projection dominates current C-state,0.0218250081312727,0.1977800876890855,0.003989848463664,0.003989848463664,0.0745316480946741,0.0382800152998747,0.8051672849880176,0.021825008131272795,0.016063261020802702,0.2007075868849601,0.1856953381770518,0.0160632610208027,0.0820937553745839,-1.3406340827007572,-1.3097248004430562,0.543643522832662,0.28231844850758364,-0.9801983751700609,-0.08924719857013771,O3_A_C_boundary,0.543643522832662,0.543643522832662,True,0.0,0.0,q4,mid,low,high,low,low,high,low,A_side,far,phase=q4|str=mid|ab=low|ac=high|bc=low|tfc=low|mem=high|dphi=low|side=A_side|dist=far,side=A_side|tfc=low,-0.4134060693633952,0.9570495921960572,bad,-1.0,0.0,0.6085861230120458,0.7612499727128981,,-1.0,0.0,0.6085861230120458,0.8464751287832802,,-1.0,0.0,0.6085861230120458,,,-1.0,0.0,0.6085861230120458,,,-1.0,0.0,0.6085861230120458,1.6759884287557343,,-1.0,0.0,0.6085861230120458,0.0662662481334982,,-1.0,0.0,0.6085861230120458,0.04511167760168251,,-1.22525000917611,-1.2234195444572022,-1.2234195444572022,-1.2234195444572022,-1.2234195444572022,-1.22525000917611,-1.2234195444572022,-1.4053469322555197,-1.4097593353646567,-1.4097593353646567,-1.4097593353646567,-1.4097593353646567,-1.4053469322555197,-1.4097593353646567,-0.8772503400536307,-0.8701112043449154,-0.8701112043449154,-0.8701112043449154,-0.8701112043449154,-0.8772503400536307,-0.8701112043449154,0.455530331185837,0.5995106587059643,,,1.0567869755520796,0.05163275738115226,0.03944914902980567,-0.7630792375748559,-0.7259448563652025,-1.1677633613889247,-1.1677633613889247,-0.6116257771536737,-0.8640536310260271,-0.8659602337842421
P13,308.0,0.0293893929925702,0.0812900035294901,O1_lag0_AB,default immediate AB readout,0.1360348579963083,0.1506289568258081,0.0162977248242818,0.0162977248242818,0.1009871798821327,0.0665403649999573,0.4666651065267786,0.13603485799630832,0.14150191806927276,,,0.1415019180692727,0.0849794668822281,-0.4995966300716334,-0.4066890794091668,,,0.5205427007871928,-0.05447410243065765,O5_full_TFC,0.5205427007871928,-0.4995966300716334,False,0.0,0.0,q1,low,mid,mid,low,low,low,mid,A_side,mid,phase=q1|str=low|ab=mid|ac=mid|bc=low|tfc=low|mem=low|dphi=mid|side=A_side|dist=mid,side=A_side|tfc=low,-0.08804342222485302,0.6085861230120458,bad,1.5,1.0,1.1132039531039757,-0.7059827741488552,,1.5,1.0,1.1132039531039757,0.5147472075536517,,1.5,1.0,1.1132039531039757,,,1.5,1.0,1.1132039531039757,,,1.5,1.0,1.1132039531039757,-0.5228295788212924,,1.5,1.0,1.1132039531039757,-2.0430969744059677,,1.5,1.0,1.1132039531039757,-0.765134756499913,,1.026560818498903,1.043940126308194,1.043940126308194,1.043940126308194,1.043940126308194,1.026560818498903,1.043940126308194,0.7115680669648201,0.7093409314018366,0.7093409314018366,0.7093409314018366,0.7093409314018366,0.7115680669648201,0.7093409314018366,-0.1622710541013998,-0.17294252005210026,-0.17294252005210026,-0.17294252005210026,-0.17294252005210026,-0.1622710541013998,-0.17294252005210026,-0.4004876771325808,0.37742468350659747,,,-0.36051218257381973,-1.2436134504299123,-0.5012563778367012,0.2938425385574356,0.489440805291132,0.5267795125526434,0.5267795125526434,0.30495658877102766,0.08306109523310273,0.2697705399553073
P13,349.0,-0.2201631234232051,0.5280707858382173,O5_full_TFC,full triadic projection is already active,0.1560296422820376,0.1575138539354913,0.2231343638377668,0.1560296422820376,0.1788926200184319,0.0779036897140663,1.0246961482901418,0.15602964228203764,0.29502878634630286,0.2747234001947432,0.1490024213758221,0.1490024213758221,0.0010402944174461,-0.3523557181764605,0.6985543077155183,1.2511827564504798,-0.1758589690672898,0.6102783027726507,-1.0659490562693699,O3_A_C_boundary,1.2511827564504798,0.6102783027726507,False,0.0,0.0,q4,high,mid,mid,mid,high,high,mid,B_side,near,phase=q4|str=high|ab=mid|ac=mid|bc=mid|tfc=high|mem=high|dphi=mid|side=B_side|dist=near,side=B_side|tfc=high,0.13797880334650411,1.1132039531039757,good,1.0,1.0,1.2552433078825924,1.50136762339526,,1.0,1.0,1.2552433078825924,-0.6099896096934782,,1.0,1.0,1.2552433078825924,0.3138108269706481,,1.0,1.0,1.2552433078825924,-1.3717154462017311,,1.0,1.0,1.2552433078825924,-1.1085113605675418,,1.0,1.0,1.2552433078825924,0.01633578010358322,,1.0,1.0,1.2552433078825924,0.26442670254294176,,0.5761986529639004,0.5904681921551147,0.5904681921551147,0.5904681921551147,0.5904681921551147,0.5761986529639004,0.5904681921551147,0.7115680669648201,0.7093409314018366,0.7093409314018366,0.7093409314018366,0.7093409314018366,0.7115680669648201,0.7093409314018366,0.03898064649393976,0.023295869048753446,0.023295869048753446,0.023295869048753446,0.023295869048753446,0.03898064649393976,0.023295869048753446,0.8873323330246886,-0.3755667197345322,0.20915995856769468,-0.7592973354539512,-0.7380269624865712,0.020973149458283505,0.18580566615794586,0.5535199248618372,0.23688456821779313,0.38306623779334986,0.1409519142879384,0.1462695075297834,0.33693012897023594,0.3772276646909127
P13,366.0,0.0451449911519586,0.1615111159626966,O5_full_TFC,full triadic projection is already active,0.2999770584713145,0.3173277578366269,0.1383658392498157,0.1383658392498157,0.2518902185192523,0.0857570618186064,0.48985610741735686,0.2999770584713145,0.17845130583081092,0.2526789732355025,0.0469954155868169,0.0469954155868169,0.002261618731427,0.7076681621406863,-0.14068960361672136,1.040453504702549,-1.44960089424957,-0.6101278082702662,-1.0512319829669827,O3_A_C_boundary,1.040453504702549,-0.6101278082702662,False,0.0,0.0,q1,low,high,high,mid,high,low,high,A_side,far,phase=q1|str=low|ab=high|ac=high|bc=mid|tfc=high|mem=low|dphi=high|side=A_side|dist=far,side=A_side|tfc=high,-0.21478980318004354,1.2552433078825924,good,0.25,1.0,0.5983740231393829,-0.7782426158810501,,0.25,1.0,0.5983740231393829,0.3281560225808502,,0.25,1.0,0.5983740231393829,,,0.25,1.0,0.5983740231393829,,,0.25,1.0,0.5983740231393829,1.6295178919237363,,0.25,1.0,0.5983740231393829,0.9353003314181823,,0.25,1.0,0.5983740231393829,1.1900470104873946,,-0.09934459533860351,-0.0897397090745041,-0.0897397090745041,-0.0897397090745041,-0.0897397090745041,-0.09934459533860351,-0.0897397090745041,0.7115680669648201,0.7093409314018366,0.7093409314018366,0.7093409314018366,0.7093409314018366,0.7115680669648201,0.7093409314018366,-0.8917195867580114,-0.884220012649993,-0.884220012649993,-0.884220012649993,-0.884220012649993,-0.8917195867580114,-0.884220012649993,-0.4426457641390902,0.25250518585115295,,,1.0268333129466753,0.5852597253710106,0.8035041776489428,-0.18053546981772126,-0.003028401117876875,-0.08820626344088682,-0.08820626344088682,0.19055363065600373,0.07644090255980393,0.13472134683157058
P13,382.0,-0.2412523513044556,0.2733732600953641,O3_A_C_boundary,A-side boundary projection dominates current C-state,0.0669280016516528,0.2422767090165084,0.1662273700372431,0.0669280016516528,0.1584773602351347,0.0363019075177295,1.1686183410813715,0.06692800165165282,0.08658121308023319,,,0.0865812130802331,0.0027968056862011,-1.0084971713822068,-0.8020644732186126,,,-0.1365255414671396,-1.044782929628956,O7_suppress_event,0.0,,False,0.0,0.0,q4,high,low,high,mid,mid,high,low,A_side,mid,phase=q4|str=high|ab=low|ac=high|bc=mid|tfc=mid|mem=high|dphi=low|side=A_side|dist=mid,side=A_side|tfc=mid,-0.5983740231393829,0.5983740231393829,neutral,,,,,,,,,,,,,,,,,,,,,,,,,,,,,,,,,,,,,,,,,,,,,,,,,,,,,,,,,,,,,,,,,,,,,,
P14,16.0,0.0992673847613852,0.2353405319452853,O1_lag0_AB,default immediate AB readout,0.1706133761683273,0.0482767444779152,0.1105665488849104,0.0482767444779152,0.1098188898437176,0.0369597314388309,0.5705246791156211,0.17061337616832734,0.004025135641368136,,,0.0040251356413681,0.0070369909591058,-0.24496159751138208,-1.396387536538146,,,-1.1242218338033927,-0.9936882967270372,O7_suppress_event,0.0,-0.24496159751138208,True,0.0,0.0,q1,mid,mid,low,low,mid,mid,low,B_side,near,phase=q1|str=mid|ab=mid|ac=low|bc=low|tfc=mid|mem=mid|dphi=low|side=B_side|dist=near,side=B_side|tfc=mid,-0.7518518529159917,0.7518518529159917,neutral,-1.0,0.0,1.0003882849687615,0.49505866875357246,,-1.0,0.0,1.0003882849687615,0.1971411907625753,,-1.0,0.0,1.0003882849687615,,,-1.0,0.0,1.0003882849687615,,,-1.0,0.0,1.0003882849687615,-0.5762558034460435,,-1.0,0.0,1.0003882849687615,-0.0334879686764675,,-1.0,0.0,1.0003882849687615,-0.8897975315804579,,-1.22525000917611,-1.2234195444572022,-1.2234195444572022,-1.2234195444572022,-1.2234195444572022,-1.22525000917611,-1.2234195444572022,-1.4053469322555197,-1.4097593353646567,-1.4097593353646567,-1.4097593353646567,-1.4097593353646567,-1.4053469322555197,-1.4097593353646567,-0.32211650750689025,-0.32880611866317905,-0.32880611866317905,-0.32880611866317905,-0.32880611866317905,-0.32211650750689025,-0.32880611866317905,0.30022807915096306,0.164793073520996,,,-0.3949492951140909,-0.009620927928065934,-0.5844481681903444,-0.6631213424468891,-0.6992979812410105,-0.987328332828346,-0.987328332828346,-0.8392335733997822,-0.7405835942166464,-0.8866082916688456
P14,59.0,-0.0054747058557616,0.3169170857622757,O6_phase_only,phase or closed-loop memory is high,0.3277131343559213,0.0038615078768961,0.1616883396753409,0.0038615078768961,0.1644209939693861,0.3193794282640902,1.2173434630189792,0.3277131343559213,0.16360631167200843,0.0437844112499093,0.1976195771830969,0.0437844112499093,0.080379595487841,0.9119156822581187,-0.24755905135609024,-0.9564319132231451,0.43121413494023636,-0.6485440845351826,-0.10990298705843735,O1_lag0_AB,0.9119156822581187,-0.10990298705843735,False,0.0,0.0,q4,high,high,low,mid,low,high,high,B_side,mid,phase=q4|str=high|ab=high|ac=low|bc=mid|tfc=low|mem=high|dphi=high|side=B_side|dist=mid,side=B_side|tfc=low,-0.0884726027106429,1.0003882849687615,bad,-1.0,0.0,1.1379602569383276,0.2844900642345819,,-1.0,0.0,0.733972241491285,-0.4368850458851171,,-1.0,0.0,0.733972241491285,1.2108351660955547,,-1.0,0.0,0.733972241491285,0.5911229793958839,,-1.0,0.0,0.733972241491285,0.2815591914417665,,-1.0,0.0,1.1379602569383276,0.4346229587958449,,-1.0,0.0,0.733972241491285,1.09540874263094,,-1.22525000917611,-1.2234195444572022,-1.2234195444572022,-1.2234195444572022,-1.2234195444572022,-1.22525000917611,-1.2234195444572022,-1.4053469322555197,-1.4097593353646567,-1.4097593353646567,-1.4097593353646567,-1.4097593353646567,-1.4053469322555197,-1.4097593353646567,-0.12719452017259109,-0.6968805532741255,-0.6968805532741255,-0.6968805532741255,-0.6968805532741255,-0.12719452017259109,-0.6968805532741255,0.17737741497360562,-0.25967627637860763,0.7982699364718147,0.3182111870412828,0.15797526066667023,0.27782074980891697,0.7403487815504743,-0.6451035116576538,-0.897433927368648,-0.6329473741560424,-0.7529620615136754,-0.7930210431073286,-0.619992677948826,-0.6474276628863775
P14,60.0,0.0370229347734922,0.0424976406292539,O4_B_C_boundary,B-side boundary projection dominates current C-state,0.3624818631123365,0.0171143877980668,0.1801746052618834,0.0171143877980668,0.1865902853907622,0.2910992723176386,1.5249441776582735,0.36248186311233654,0.14812307833981941,0.0467900279008044,0.2007811826552852,0.0467900279008044,0.1285539720578263,1.1679514190969655,-0.35902319729848964,-0.9277003272737654,0.47069249634946825,-0.6125850550564437,0.470602799292731,O1_lag0_AB,1.1679514190969655,0.47069249634946825,False,0.0,0.0,q1,low,high,low,mid,low,high,high,B_side,far,phase=q1|str=low|ab=high|ac=low|bc=mid|tfc=low|mem=high|dphi=high|side=B_side|dist=far,side=B_side|tfc=low,0.029991162158638014,1.1379602569383276,bad,-1.0,0.0,0.733972241491285,-1.286994907796216,,-1.0,0.0,0.733972241491285,-0.06938516310387077,,-1.0,0.0,0.733972241491285,1.4381393169850216,,-1.0,0.0,0.733972241491285,0.8076803548254987,,-1.0,0.0,0.733972241491285,0.5016358988018743,,-1.0,0.0,0.733972241491285,0.08539612894720267,,-1.0,0.0,0.733972241491285,1.3514444794697869,,-1.22525000917611,-1.2234195444572022,-1.2234195444572022,-1.2234195444572022,-1.2234195444572022,-1.22525000917611,-1.2234195444572022,-1.4053469322555197,-1.4097593353646567,-1.4097593353646567,-1.4097593353646567,-1.4097593353646567,-1.4053469322555197,-1.4097593353646567,-0.6995941572701639,-0.6968805532741255,-0.6968805532741255,-0.6968805532741255,-0.6968805532741255,-0.6995941572701639,-0.6968805532741255,-0.7394637874446214,-0.01364160570453572,0.9475492118130411,0.43709128159800387,0.29983080805156404,0.06337938561239552,0.9112103023883978,-1.0174137215366037,-0.83592525970013,-0.5956275553207357,-0.7232420378744951,-0.7575571562611051,-0.8167029282723495,-0.6047122826768966
P14,74.0,-0.0949777540613943,0.5842527521906873,O1_lag0_AB,default immediate AB readout,0.0441287107692735,0.0291204195667065,0.1311577811362105,0.0291204195667065,0.0681356371573968,0.0786994804890566,0.9786361366526095,0.04412871076927355,0.00020590391102295327,0.0734547400136233,0.1584044770281838,0.0002059039110229,0.0366908545101039,-1.1763903745352298,-1.4238822718977178,-0.6728043918068243,-0.05845730263585578,-1.1699149085794849,-0.6363564409838824,O7_suppress_event,0.0,-1.1763903745352298,False,0.0,0.0,q4,high,low,low,low,low,high,mid,B_side,mid,phase=q4|str=high|ab=low|ac=low|bc=low|tfc=low|mem=high|dphi=mid|side=B_side|dist=mid,side=B_side|tfc=low,-0.733972241491285,0.733972241491285,bad,1.75,1.0,1.8620436335558335,-1.1148431348242793,,1.75,1.0,1.8620436335558335,-1.5781873325302351,,1.75,1.0,1.8620436335558335,1.1383153001957826,,1.75,1.0,1.8620436335558335,-1.2919948194091972,,1.75,1.0,1.8620436335558335,-1.3191463599369275,,1.75,1.0,1.8620436335558335,-2.212983653425791,,1.75,1.0,1.8620436335558335,-1.517659744521192,,1.2517419012664042,1.2706760933847336,1.2706760933847336,1.2706760933847336,1.2706760933847336,1.2517419012664042,1.2706760933847336,0.7115680669648201,0.7093409314018366,0.7093409314018366,0.7093409314018366,0.7093409314018366,0.7115680669648201,0.7093409314018366,0.8987395327116494,0.8616375990684726,0.8616375990684726,0.8616375990684726,0.8616375990684726,0.8987395327116494,0.8616375990684726,-0.6390264041166396,-1.0237579683486768,0.750643384176141,-0.7155343574791014,-0.8737966379437255,-1.3479316988978691,-1.0034423832332242,0.5557557742065585,0.4544741638765915,0.8980745020077959,0.5315300665939854,0.49196449647782936,0.37852945051125114,0.45955306015545466
P14,95.0,0.1429919824230234,0.1843022370100668,O4_B_C_boundary,B-side boundary projection dominates current C-state,0.1198394570932535,0.1150837155957443,0.185607043625085,0.1150837155957443,0.1401767387713609,0.0184305937900693,0.7824345020206713,0.11983945709325351,0.03303735877203424,0.3098048211938501,0.173798595060917,0.0330373587720342,0.0010904829336058,-0.6188590118706535,-1.1875278879254085,1.5865365223281203,0.13376609798091132,-0.7771212191961763,-1.0653442799107853,O3_A_C_boundary,1.5865365223281203,0.13376609798091132,False,0.0,0.0,q1,mid,mid,mid,mid,high,high,low,B_side,mid,phase=q1|str=mid|ab=mid|ac=mid|bc=mid|tfc=high|mem=high|dphi=low|side=B_side|dist=mid,side=B_side|tfc=high,-0.2755071112277131,1.8620436335558335,good,1.0,1.0,0.6267697449805835,2.0070992130369842,,1.0,1.0,0.6267697449805835,1.4930570029423258,,1.0,1.0,0.6267697449805835,,,1.0,1.0,0.6267697449805835,,,1.0,1.0,0.6267697449805835,1.6265753063671455,,1.0,1.0,0.6267697449805835,1.5777258047209863,,1.0,1.0,0.6267697449805835,1.743228958573266,,0.5761986529639004,0.5904681921551147,0.5904681921551147,0.5904681921551147,0.5904681921551147,0.5761986529639004,0.5904681921551147,0.7115680669648201,0.7093409314018366,0.7093409314018366,0.7093409314018366,0.7093409314018366,0.7115680669648201,0.7093409314018366,-0.85148646038905,-0.8449891197741545,-0.8449891197741545,-0.8449891197741545,-0.8449891197741545,-0.85148646038905,-0.8449891197741545,1.1823880077530324,1.0323857858178769,,,1.0249366011598435,0.9797385658122123,1.1726616636975726,0.40466706682317577,0.3718014474001684,0.15160666792759894,0.15160666792759894,0.3699391512356601,0.35400470633797076,0.4068704168700924
P14,120.0,-0.0215460235450988,0.0761562989484977,O5_full_TFC,full triadic projection is already active,0.1653133234044836,0.4666756144122431,0.1856953381770518,0.1653133234044836,0.2725614253312595,0.0258788072393743,0.45340837900654213,0.1653133234044836,0.038228065261473605,,,0.0382280652614736,0.007784731964415,-0.2839910059255483,-1.1501598748450792,,,-0.7150198971218374,-0.9846779470104522,O7_suppress_event,0.0,-0.7150198971218374,False,0.0,0.0,q4,low,mid,high,mid,high,low,low,A_side,far,phase=q4|str=low|ab=mid|ac=high|bc=mid|tfc=high|mem=low|dphi=low|side=A_side|dist=far,side=A_side|tfc=high,-0.6267697449805835,0.6267697449805835,good,1.0,1.0,1.9564079614492609,-1.0201242955735608,,1.0,1.0,1.9564079614492609,1.6392618652073945,,1.0,1.0,1.9564079614492609,,,1.0,1.0,1.9564079614492609,,,1.0,1.0,1.9564079614492609,-1.6284961580468835,,1.0,1.0,1.9564079614492609,-1.5737841000915544,,1.0,1.0,1.9564079614492609,-2.231368682360269,,0.5761986529639004,0.5904681921551147,0.5904681921551147,0.5904681921551147,0.5904681921551147,0.5761986529639004,0.5904681921551147,0.7115680669648201,0.7093409314018366,0.7093409314018366,0.7093409314018366,0.7093409314018366,0.7115680669648201,0.7093409314018366,1.0324417837088322,0.9920092395427134,0.9920092395427134,0.9920092395427134,0.9920092395427134,1.0324417837088322,0.9920092395427134,-0.5837652110311828,1.1302673548298217,,,-1.0731952270569713,-0.9554337219520299,-1.4797250930627435,0.43411082315159255,0.8555214294823716,0.7639394543665549,0.7639394543665549,0.30465578401067334,0.3411936954213808,0.2030233175092303
P14,192.0,0.2159188369000291,0.2428011609683381,O5_full_TFC,full triadic projection is already active,0.304612406121362,0.1745437439545638,0.3330001490370229,0.1745437439545638,0.2707187663709829,0.0542776641576745,0.8444021537912646,0.304612406121362,0.5003097421576178,0.0904936054304078,0.1216757544532385,0.0904936054304078,0.0677845319613816,0.7418027046889277,2.1763765381780673,-0.5099247956825272,-0.5170818200426709,-0.08971789824676189,-0.2616746917933902,O2_lag5_AB,2.1763765381780673,-0.08971789824676189,False,0.0,0.0,q1,mid,high,high,high,high,high,mid,B_side,mid,phase=q1|str=mid|ab=high|ac=high|bc=high|tfc=high|mem=high|dphi=mid|side=B_side|dist=mid,side=B_side|tfc=high,0.21996857672880646,1.9564079614492609,good,1.0,1.0,1.2989414898984586,0.07699254467986733,,1.0,1.0,1.2989414898984586,-1.2749489755755694,,1.0,1.0,1.2989414898984586,,,1.0,1.0,1.2989414898984586,,,1.0,1.0,1.2989414898984586,2.5908298088994437,,1.0,1.0,1.2989414898984586,-0.3165312390674303,,1.0,1.0,1.2989414898984586,0.7440464496348893,,0.5761986529639004,0.5904681921551147,0.5904681921551147,0.5904681921551147,0.5904681921551147,0.5761986529639004,0.5904681921551147,0.7115680669648201,0.7093409314018366,0.7093409314018366,0.7093409314018366,0.7093409314018366,0.7115680669648201,0.7093409314018366,0.10089541270309808,0.08366829793506399,0.08366829793506399,0.08366829793506399,0.08366829793506399,0.10089541270309808,0.08366829793506399,0.05631849381733274,-0.8207452524684444,,,1.646469210929622,-0.18342253720186996,0.5058725459764072,0.36124515661228784,0.14068304225589273,0.46115914049733847,0.46115914049733847,0.7574866581054094,0.30130989885748716,0.4723374918671056
P14,210.0,-0.0014434899888829,0.300040480040221,O5_full_TFC,full triadic projection is already active,0.2119987705069833,0.3545304292285152,0.1856953381770517,0.1856953381770517,0.2507415126375167,0.0797022937667815,0.9895099487797049,0.21199877050698332,0.21548334622943036,,,0.2154833462294303,0.0017164013082322,0.05979903978712462,0.12590489037408692,,,1.4056523688142342,-1.057801904396568,O5_full_TFC,1.4056523688142342,1.4056523688142342,True,0.0,0.0,q4,high,mid,high,mid,high,high,mid,A_side,far,phase=q4|str=high|ab=mid|ac=high|bc=mid|tfc=high|mem=high|dphi=mid|side=A_side|dist=far,side=A_side|tfc=high,0.10671087891577553,1.2989414898984586,good,0.0,1.0,0.8437861042637862,0.463303297000542,,0.0,1.0,0.8437861042637862,-0.358620696654395,,0.0,1.0,0.8437861042637862,,,0.0,1.0,0.8437861042637862,,,0.0,1.0,0.8437861042637862,-1.2800397726953419,,0.0,1.0,0.8437861042637862,1.2199615623403248,,0.0,1.0,0.8437861042637862,1.4853903123904362,,-0.32452567810610483,-0.3164756761510437,-0.3164756761510437,-0.3164756761510437,-0.3164756761510437,-0.32452567810610483,-0.3164756761510437,0.7115680669648201,0.7093409314018366,0.7093409314018366,0.7093409314018366,0.7093409314018366,0.7115680669648201,0.7093409314018366,-0.5440018802821797,-0.5451641816741186,-0.5451641816741186,-0.5451641816741186,-0.5451641816741186,-0.5440018802821797,-0.5451641816741186,0.2817012502347043,-0.2072796790170699,,,-0.8485895798863138,0.7600548369586908,1.0005969989694672,0.031185439702809986,-0.0898946513600989,-0.05076630880777524,-0.05076630880777524,-0.2502221265774099,0.1507738363838066,0.21207451813653538
P14,254.0,0.0118708296241032,0.2428299732085879,O1_lag0_AB,default immediate AB readout,0.0993380902526392,0.0562722438152881,0.1750794068525644,0.0562722438152881,0.1102299136401639,0.041585175441727,0.6852917960465414,0.0993380902526392,0.007067582229380092,0.0406934261222016,0.1714922225013326,0.00706758222938,0.0016514541689469,-0.7698303804822156,-1.3744848949365953,-0.9859795619023404,0.10496686599179567,-1.087822173017235,-1.0585845235573432,O4_B_C_boundary,0.10496686599179567,-0.7698303804822156,False,0.0,0.0,q1,mid,low,low,mid,mid,mid,mid,B_side,mid,phase=q1|str=mid|ab=low|ac=low|bc=mid|tfc=mid|mem=mid|dphi=mid|side=B_side|dist=mid,side=B_side|tfc=mid,-0.7388192382719906,0.8437861042637862,neutral,-1.0,0.0,1.1877590112792484,0.33439815180672705,,-1.0,0.0,1.1877590112792484,1.0979775111920886,,-1.0,0.0,1.1877590112792484,-1.2528447903033406,,-1.0,0.0,1.1877590112792484,0.2969397528198121,,-1.0,0.0,1.1877590112792484,-0.5653986475009868,,-1.0,0.0,1.1877590112792484,-0.4775720965294938,,-1.0,0.0,1.1877590112792484,-1.8413102305930418,,-1.22525000917611,-1.2234195444572022,-1.2234195444572022,-1.2234195444572022,-1.2234195444572022,-1.22525000917611,-1.2234195444572022,-1.4053469322555197,-1.4097593353646567,-1.4097593353646567,-1.4097593353646567,-1.4097593353646567,-1.4053469322555197,-1.4097593353646567,-0.05663601887370573,-0.06993892264461252,-0.06993892264461252,-0.06993892264461252,-0.06993892264461252,-0.05663601887370573,-0.06993892264461252,0.20649496419261465,0.7678870548054663,-0.8197223312662834,0.1567180505319173,-0.3879510633697879,-0.28230904366103776,-1.2194255696154277,-0.6201844990281802,-0.4838076869152512,-0.8807100334331887,-0.6365999379836385,-0.7727672164590648,-0.7423855009915933,-0.9806358430204747
P14,271.0,-0.0124146448131234,0.0649707703561976,O4_B_C_boundary,B-side boundary projection dominates current C-state,0.3566088026591656,0.0055841073031285,0.2576200137564955,0.0055841073031285,0.2066043079062632,0.0961339069156136,0.33260106531482336,0.3566088026591656,0.37188477141046344,0.1105697128654806,0.3068035506442198,0.1105697128654806,0.1097591059786726,1.1247024015340426,1.251842277478828,-0.3180112972901116,1.7945734795237196,0.1504715280598559,0.24412288840496368,O4_B_C_boundary,1.7945734795237196,1.7945734795237196,True,0.0,0.0,q4,low,high,low,high,low,low,high,B_side,far,phase=q4|str=low|ab=high|ac=low|bc=high|tfc=low|mem=low|dphi=high|side=B_side|dist=far,side=B_side|tfc=low,0.6068144682444713,1.1877590112792484,bad,1.75,1.0,0.797003879089903,0.8691220477621528,,1.75,1.0,0.797003879089903,0.35138708379789657,,1.75,1.0,0.797003879089903,1.4976416784614934,,1.75,1.0,0.797003879089903,-1.3971371237814971,,1.75,1.0,0.797003879089903,1.2207720598418756,,1.75,1.0,0.797003879089903,-0.21206528546103431,,1.75,1.0,0.797003879089903,0.40556546470453086,,1.2517419012664042,1.2706760933847336,1.2706760933847336,1.2706760933847336,1.2706760933847336,1.2517419012664042,1.2706760933847336,0.7115680669648201,0.7093409314018366,0.7093409314018366,0.7093409314018366,0.7093409314018366,0.7115680669648201,0.7093409314018366,-0.6102863434054624,-0.609797455466336,-0.609797455466336,-0.609797455466336,-0.609797455466336,-0.6102863434054624,-0.609797455466336,0.5184654306336539,0.26805797039271273,0.9866266741802759,-0.7732526737492996,0.7633667042047068,-0.11927562840578687,0.2799924537128784,0.4678722638648539,0.4095693849282367,0.5892115608751275,0.14924172389273363,0.5333965683812352,0.3084369991049938,0.41255300575827814
P14,283.0,0.1644522489550858,0.1961853583895593,O5_full_TFC,full triadic projection is already active,0.3764221458907501,0.1744363269238629,0.3105575355665196,0.1744363269238629,0.2871386694603775,0.1370189734239325,0.2468321457130495,0.3764221458907501,0.33108601601228493,0.2086169970187568,0.1625651892192698,0.1625651892192698,0.0647030957238581,1.2706071876733316,0.958131117257755,0.6192519331734808,-0.006503287169846702,0.7725424985577604,-0.2988062894084812,O1_lag0_AB,1.2706071876733316,0.7725424985577604,False,0.0,0.0,q1,mid,high,high,high,high,low,high,B_side,mid,phase=q1|str=mid|ab=high|ac=high|bc=high|tfc=high|mem=low|dphi=high|side=B_side|dist=mid,side=B_side|tfc=high,0.47360330858342864,0.797003879089903,good,1.0,1.0,1.0963092129396057,-1.0157225076331777,,1.0,1.0,1.0963092129396057,-1.9139808770757676,,1.0,1.0,1.0963092129396057,-1.0090108773759943,,1.0,1.0,1.0963092129396057,0.8937745361051743,,1.0,1.0,1.0963092129396057,-0.8104321904891215,,1.0,1.0,1.0963092129396057,1.843490780316714,,1.0,1.0,1.0963092129396057,-0.08325620079574603,,0.5761986529639004,0.5904681921551147,0.5904681921551147,0.5904681921551147,0.5904681921551147,0.5761986529639004,0.5904681921551147,0.7115680669648201,0.7093409314018366,0.7093409314018366,0.7093409314018366,0.7093409314018366,0.7115680669648201,0.7093409314018366,-0.18620875217455177,-0.19628391440932505,-0.19628391440932505,-0.19628391440932505,-0.19628391440932505,-0.18620875217455177,-0.19628391440932505,-0.581197104673261,-1.2485658064396534,-0.6595873329260631,0.48435304948287483,-0.5458931181432882,1.1429305059821684,-0.046215185178068385,0.13009021577022697,-0.03626014932300681,0.11098446905539078,0.39696956465762523,0.1394080227510845,0.5611221184340843,0.26432750599238947
P14,290.0,-0.1473476499504173,0.1906704618411711,O5_full_TFC,full triadic projection is already active,0.2406129255073441,0.2140364391115986,0.1663252258123911,0.1663252258123911,0.206991530143778,0.0254898131020352,0.7163441387863957,0.24061292550734417,0.10102617769091153,0.1181862868823392,0.2252653788099029,0.1010261776909115,0.1975783070544519,0.27051270466871985,-0.6980748472178133,-0.24520219472541385,0.776421959784859,0.036293207091507934,1.3023525533631832,O6_phase_only,1.3023525533631832,0.036293207091507934,False,0.0,0.0,q4,mid,mid,high,mid,high,mid,low,A_side,near,phase=q4|str=mid|ab=mid|ac=high|bc=mid|tfc=high|mem=mid|dphi=low|side=A_side|dist=near,side=A_side|tfc=high,0.20604334042357753,1.0963092129396057,good,0.0,1.0,0.5739249079882911,-0.6782908159814813,,0.0,1.0,0.5739249079882911,1.3163757555094944,,0.0,1.0,0.5739249079882911,1.6910359750856698,,0.0,1.0,0.5739249079882911,-0.40974796951345793,,0.0,1.0,0.5739249079882911,1.3270190198900058,,0.0,1.0,0.5739249079882911,-0.5097447118645847,,0.0,1.0,0.5739249079882911,0.9200428815335564,,-0.32452567810610483,-0.3164756761510437,-0.3164756761510437,-0.3164756761510437,-0.3164756761510437,-0.32452567810610483,-0.3164756761510437,0.7115680669648201,0.7093409314018366,0.7093409314018366,0.7093409314018366,0.7093409314018366,0.7115680669648201,0.7093409314018366,-0.9263608733921102,-0.9179983621762176,-0.9179983621762176,-0.9179983621762176,-0.9179983621762176,-0.9263608733921102,-0.9179983621762176,-0.38433153903685313,0.9141008160447133,1.1136360593684151,-0.23122118767868868,0.8318506471734955,-0.3020645118340214,0.6233210646383996,-0.23091250589256201,0.09724192727982217,0.14712573811074764,-0.18908857365102832,0.07667938506201774,-0.21034574909185408,0.024546989428243765
P14,301.0,0.0970135594622134,0.2512079188603134,O1_lag0_AB,default immediate AB readout,0.0596276389384015,0.1139545431741379,0.1250530254266278,0.0596276389384015,0.0995450691797224,0.1153198161621877,0.3943991600589669,0.05962763893840157,0.1644627435997762,0.1878394033914903,0.1276329778945953,0.1276329778945953,0.0810397525581848,-1.0622567942770542,-0.24139357859350025,0.4206327190613597,-0.44269511300972436,0.35461547635836566,-0.10194803202796636,O3_A_C_boundary,0.4206327190613597,-1.0622567942770542,False,0.0,0.0,q1,mid,low,mid,low,mid,low,high,B_side,near,phase=q1|str=mid|ab=low|ac=mid|bc=low|tfc=mid|mem=low|dphi=high|side=B_side|dist=near,side=B_side|tfc=mid,-0.1532921889269314,0.5739249079882911,neutral,1.5,1.0,0.5359104869648015,0.7056851118373629,,1.5,1.0,0.5359104869648015,0.6985213377461346,,1.5,1.0,0.5359104869648015,-0.23188648102306414,,1.5,1.0,0.5359104869648015,0.026939351124222945,,1.5,1.0,0.5359104869648015,0.1999948644441944,,1.5,1.0,0.5359104869648015,-0.6433470776722066,,1.5,1.0,0.5359104869648015,-0.48980615929221716,,1.026560818498903,1.043940126308194,1.043940126308194,1.043940126308194,1.043940126308194,1.026560818498903,1.043940126308194,0.7115680669648201,0.7093409314018366,0.7093409314018366,0.7093409314018366,0.7093409314018366,0.7115680669648201,0.7093409314018366,-0.9802224731582354,-0.9705182342629237,-0.9705182342629237,-0.9705182342629237,-0.9705182342629237,-0.9802224731582354,-0.9705182342629237,0.4231124877040167,0.5004582128185934,-0.14922020463738583,0.00850017884665277,0.10540108145383473,-0.3841025201854594,-0.3175200626257951,0.2952547250023761,0.3208052590664251,0.15838565470243027,0.19781575057343992,0.22204097622523541,0.09345097303000709,0.11631069020532796
P14,308.0,-0.05848228908004,0.2341846393754017,O5_full_TFC,full triadic projection is already active,0.218352485559355,0.2122782419504716,0.1495125263108764,0.1495125263108764,0.193381084606901,0.0643123006459126,0.7453189926488337,0.21835248555935505,0.3032233470121462,0.2006237308373245,0.1678302340238352,0.1678302340238352,0.0725383147505194,0.10658758148202073,0.7575471347558812,0.5428419178644102,0.05924031792537262,0.8355332000758218,-0.2043911603263646,O5_full_TFC,0.8355332000758218,0.8355332000758218,True,0.0,0.0,q4,mid,mid,high,mid,high,mid,mid,A_side,near,phase=q4|str=mid|ab=mid|ac=high|bc=mid|tfc=high|mem=mid|dphi=mid|side=A_side|dist=near,side=A_side|tfc=high,0.29962271311102034,0.5359104869648015,good,0.0,1.0,0.6957551620324125,-0.037315028094358965,,0.0,1.0,0.6957551620324125,-0.48870064217293735,,0.0,1.0,0.6957551620324125,-0.28322636869998635,,0.0,1.0,0.6957551620324125,-1.3821042162407045,,0.0,1.0,0.6957551620324125,-1.0898250701770786,,0.0,1.0,0.6957551620324125,1.2138631509102895,,0.0,1.0,0.6957551620324125,0.9483954490014984,,-0.32452567810610483,-0.3164756761510437,-0.3164756761510437,-0.3164756761510437,-0.3164756761510437,-0.32452567810610483,-0.3164756761510437,0.7115680669648201,0.7093409314018366,0.7093409314018366,0.7093409314018366,0.7093409314018366,0.7115680669648201,0.7093409314018366,-0.7537428982643267,-0.7496804137130685,-0.7496804137130685,-0.7496804137130685,-0.7496804137130685,-0.7537428982643267,-0.7496804137130685,-0.010371225991057977,-0.2943659015071223,-0.18293706021842504,-0.7650002950604348,-0.725982280503962,0.7563101313555869,0.6422417155484776,-0.09426793384916736,-0.16279526499234948,-0.13493805467017517,-0.28045386338067757,-0.2706993597415594,0.09740240548749386,0.07135663927155052
P14,320.0,0.5273491264238753,0.57510082650193,O4_B_C_boundary,B-side boundary projection dominates current C-state,0.1083729043573929,0.0621419848950704,0.2600411542907974,0.0621419848950704,0.1435186811810869,0.2674131465493763,1.7333358416934508,0.10837290435739294,0.12247849027348896,0.086194218260772,0.0175718371054556,0.0175718371054556,0.0935549462174545,-0.7032983164910693,-0.5436391651348437,-0.5510239198696597,-1.8170074778534642,-0.9621498552822041,0.04886123326594119,O6_phase_only,0.04886123326594119,-1.8170074778534642,False,0.0,0.0,q1,high,low,low,high,mid,high,high,B_side,far,phase=q1|str=high|ab=low|ac=low|bc=high|tfc=mid|mem=high|dphi=high|side=B_side|dist=far,side=B_side|tfc=mid,-0.6468939287664713,0.6957551620324125,neutral,-1.0,0.0,1.8081881685330334,-2.2005591658079515,,-1.0,0.0,1.8081881685330334,-1.3466218072138894,,-1.0,0.0,1.8081881685330334,,,-1.0,0.0,1.8081881685330334,,,-1.0,0.0,1.8081881685330334,1.4630581306814037,,-1.0,0.0,1.8081881685330334,-1.3088385025886318,,-1.0,0.0,1.8081881685330334,-3.243447227764215,,-1.22525000917611,-1.2234195444572022,-1.2234195444572022,-1.2234195444572022,-1.2234195444572022,-1.22525000917611,-1.2234195444572022,-1.4053469322555197,-1.4097593353646567,-1.4097593353646567,-1.4097593353646567,-1.4097593353646567,-1.4053469322555197,-1.4097593353646567,0.822433188325023,0.7872320956301911,0.7872320956301911,0.7872320956301911,0.7872320956301911,0.822433188325023,0.7872320956301911,-1.2724586093546206,-0.8687289454017804,,,0.9195378120650128,-0.7927449176840032,-2.1551201828661393,-0.7701555906153068,-0.678668932398362,-0.6153155947305559,-0.6153155947305559,-0.2316022430316637,-0.6502271676976525,-1.0002667417644517
P14,336.0,-0.071057885718279,0.1735969988942789,O2_lag5_AB,current AB is active; read short-lag future AB,0.2407703259762713,0.0836798029884239,0.0196735202247165,0.0196735202247165,0.1147078830631373,0.131225963018413,0.276829964861099,0.24077032597627138,0.3483686243343362,,,0.3483686243343362,0.2211817248741038,0.27167179637215527,1.0825490043323855,,,2.9954844025307317,1.5867759667532195,O5_full_TFC,2.9954844025307317,1.0825490043323855,False,0.0,0.0,q4,mid,mid,low,low,low,low,high,A_side,near,phase=q4|str=mid|ab=mid|ac=low|bc=low|tfc=low|mem=low|dphi=high|side=A_side|dist=near,side=A_side|tfc=low,1.1872962339976982,1.8081881685330334,bad,1.75,1.0,1.7577068467793637,1.1162922828094817,,1.5,1.0,0.752267945669292,0.7569105438851822,,1.5,1.0,0.752267945669292,,,1.5,1.0,0.752267945669292,,,1.5,1.0,0.752267945669292,0.188066986417323,,1.75,1.0,1.7577068467793637,-1.514137488034885,,1.5,1.0,0.752267945669292,2.0682372043442996,,1.2517419012664042,1.043940126308194,1.043940126308194,1.043940126308194,1.043940126308194,1.2517419012664042,1.043940126308194,0.7115680669648201,0.7093409314018366,0.7093409314018366,0.7093409314018366,0.7093409314018366,0.7115680669648201,0.7093409314018366,0.7509075758138911,-0.6716036184348076,-0.6716036184348076,-0.6716036184348076,-0.6716036184348076,0.7509075758138911,-0.6716036184348076,0.6626703447983359,0.5395487534593704,,,0.09771269095154754,-0.918807953924194,1.3895509301840585,0.8442219722108628,0.4053065481836483,0.3605591464250743,0.3605591464250743,0.2948475325566926,0.4488523975302303,0.6178070923648203
P14,340.0,0.1099387941972091,0.1480919780062224,O5_full_TFC,full triadic projection is already active,0.3448430696660145,0.143612956886566,0.1427009050585604,0.1427009050585604,0.2103856438703803,0.1567381517866924,0.9687826803252678,0.3448430696660145,0.32163272276128807,,,0.321632722761288,0.0883216453183277,1.0380599436675109,0.8900766459494394,,,2.6756175717026593,-0.0142005367031311,O5_full_TFC,2.6756175717026593,2.6756175717026593,True,0.0,0.0,q1,low,high,mid,mid,high,high,high,A_side,near,phase=q1|str=low|ab=high|ac=mid|bc=mid|tfc=high|mem=high|dphi=high|side=A_side|dist=near,side=A_side|tfc=high,0.9179107249232956,1.7577068467793637,good,0.0,1.0,0.752267945669292,1.4411405439825595,,0.0,1.0,0.752267945669292,0.6295160714400561,,0.0,1.0,0.752267945669292,,,0.0,1.0,0.752267945669292,,,0.0,1.0,0.752267945669292,0.188066986417323,,0.0,1.0,0.752267945669292,1.0201005301941921,,0.0,1.0,0.752267945669292,1.7483703735162273,,-0.32452567810610483,-0.3164756761510437,-0.3164756761510437,-0.3164756761510437,-0.3164756761510437,-0.32452567810610483,-0.3164756761510437,0.7115680669648201,0.7093409314018366,0.7093409314018366,0.7093409314018366,0.7093409314018366,0.7115680669648201,0.7093409314018366,-0.6736714713698231,-0.6716036184348076,-0.6716036184348076,-0.6716036184348076,-0.6716036184348076,-0.6736714713698231,-0.6716036184348076,0.8521944418646348,0.4542604076875953,,,0.09771269095154754,0.637330954599146,1.1760927080793422,0.14139133983838176,0.04388051112589514,-0.09291278772800492,-0.09291278772800492,-0.045256418058116796,0.08767546802200955,0.22433858622383185
P14,392.0,-0.3365616263018383,0.6283140356147614,O4_B_C_boundary,B-side boundary projection dominates current C-state,0.2832735497051122,0.0992681282159321,0.2,0.0992681282159321,0.1941805593070148,0.0749813393774871,1.1359651573482463,0.2832735497051122,0.17257099069405812,,,0.1725709906940581,0.0402078507660967,0.5846640913070743,-0.1830221249013856,,,0.892251347683004,-0.593976304020133,O5_full_TFC,0.892251347683004,,False,0.0,0.0,q4,high,high,mid,mid,mid,high,mid,B_side,mid,phase=q4|str=high|ab=high|ac=mid|bc=mid|tfc=mid|mem=high|dphi=mid|side=B_side|dist=mid,side=B_side|tfc=mid,0.1399834020137119,0.752267945669292,neutral,,,,,,,,,,,,,,,,,,,,,,,,,,,,,,,,,,,,,,,,,,,,,,,,,,,,,,,,,,,,,,,,,,,,,,
P15,10.0,-0.0626818956465119,0.1011172654331781,O3_A_C_boundary,A-side boundary projection dominates current C-state,0.1023772579757742,0.3340133897771059,0.1183674790844035,0.1023772579757742,0.1849193756124278,0.1033620251175931,0.1194218170521201,0.10237725797577422,0.2556386687998445,0.262456201506656,0.22316747420792,0.22316747420792,0.1038068507729366,-0.7474500526646177,0.4149839631571337,1.1339169456692115,0.7502258272162221,1.497584846102921,0.17239765115671613,O5_full_TFC,1.497584846102921,1.1339169456692115,False,0.0,0.0,q4,low,low,high,low,high,low,high,A_side,far,phase=q4|str=low|ab=low|ac=high|bc=low|tfc=high|mem=low|dphi=high|side=A_side|dist=far,side=A_side|tfc=high,0.46023702580536957,1.0373478202975515,good,1.25,1.0,0.7378883939654934,1.3490556321994935,,1.25,1.0,0.7378883939654934,-0.9366415696489038,,1.25,1.0,0.7378883939654934,0.5481399989250829,,1.25,1.0,0.7378883939654934,0.5427913089418062,,1.25,1.0,0.7378883939654934,-1.6838216348583441,,1.25,1.0,0.7378883939654934,1.0456340964638382,,1.25,1.0,0.7378883939654934,1.2310581523014337,,0.8013797357314016,0.8172041592316543,0.8172041592316543,0.8172041592316543,0.8172041592316543,0.8013797357314016,0.8172041592316543,0.7115680669648201,0.7093409314018366,0.7093409314018366,0.7093409314018366,0.7093409314018366,0.7115680669648201,0.7093409314018366,-0.6940454672859446,-0.6914700847866435,-0.6914700847866435,-0.6914700847866435,-0.6914700847866435,-0.6940454672859446,-0.6914700847866435,0.798469943860267,-0.5942544286514682,0.3630528322516333,0.29167931047847095,-1.1088565466557696,0.6530097407509383,0.8308723339390037,0.404343069817636,0.060205144298844826,0.2995319595246202,0.2816885790813296,-0.06844538520223054,0.36797801904030386,0.41648683494646277
P15,16.0,0.0991107292536854,0.1736396354432296,O5_full_TFC,full triadic projection is already active,0.1354963671701406,0.271099131198605,0.2072508420929441,0.1354963671701406,0.2046154468205633,0.100359216540378,0.8046021983888269,0.13549636717014066,0.0032215445351708744,0.1815801902412053,0.1670555660207683,0.0032215445351708,0.0886352870896134,-0.5035620582132464,-1.4021726070345628,0.3607990338342887,0.04956718708527577,-1.1338359528454853,-0.010421123744703494,O3_A_C_boundary,0.3607990338342887,-1.1338359528454853,False,0.0,0.0,q1,mid,mid,high,mid,high,high,high,A_side,near,phase=q1|str=mid|ab=mid|ac=high|bc=mid|tfc=high|mem=high|dphi=high|side=A_side|dist=near,side=A_side|tfc=high,-0.37708936013120475,0.7378883939654934,good,1.0,1.0,3.54134461607114,-4.261644641885368,,1.0,1.0,3.54134461607114,-0.610947940535769,,1.0,1.0,3.54134461607114,,,1.0,1.0,3.54134461607114,,,1.0,1.0,3.54134461607114,2.3799711406975588,,1.0,1.0,3.54134461607114,-5.682270223226439,,1.0,1.0,3.54134461607114,-4.6778445043962416,,0.5761986529639004,0.5904681921551147,0.5904681921551147,0.5904681921551147,0.5904681921551147,0.5761986529639004,0.5904681921551147,0.7115680669648201,0.7093409314018366,0.7093409314018366,0.7093409314018366,0.7093409314018366,0.7115680669648201,0.7093409314018366,3.2780954448064317,3.1817221991281706,3.1817221991281706,3.1817221991281706,3.1817221991281706,3.2780954448064317,3.1817221991281706,-2.4749442327020446,-0.37620830528115995,,,1.5105553645374892,-3.4782335005640217,-3.1123431986726526,0.522729483008277,1.0263307543509905,1.4938437742283739,1.4938437742283739,1.4980216718056527,0.27190716604278276,0.34229703100311726
P15,43.0,-0.1587844849372812,0.4377978043252641,O5_full_TFC,full triadic projection is already active,0.1943875001480986,0.1692108372945973,0.3184748824721931,0.1692108372945973,0.2273577399716296,0.061020177884255,0.9177120314527271,0.19438750014809866,0.4941148216121179,,,0.4941148216121179,0.0221249078095436,-0.06988975656189894,2.131779165460727,,,4.739183753798652,-0.8118774740599217,O5_full_TFC,4.739183753798652,4.739183753798652,True,0.0,0.0,q4,high,mid,high,high,high,high,mid,B_side,mid,phase=q4|str=high|ab=mid|ac=high|bc=high|tfc=high|mem=high|dphi=mid|side=B_side|dist=mid,side=B_side|tfc=high,1.1978391377275117,3.54134461607114,good,1.25,1.0,0.9507267692006166,5.046755202660705,,1.25,1.0,0.9507267692006166,1.6231113348105912,,1.25,1.0,0.9507267692006166,,,1.25,1.0,0.9507267692006166,,,1.25,1.0,0.9507267692006166,-1.2700202571095136,,1.25,1.0,0.9507267692006166,4.746939218570785,,1.25,1.0,0.9507267692006166,4.627425281115966,,0.8013797357314016,0.8172041592316543,0.8172041592316543,0.8172041592316543,0.8172041592316543,0.8013797357314016,0.8172041592316543,0.7115680669648201,0.7093409314018366,0.7093409314018366,0.7093409314018366,0.7093409314018366,0.7115680669648201,0.7093409314018366,-0.39248055920269564,-0.397417355808242,-0.397417355808242,-0.397417355808242,-0.397417355808242,-0.39248055920269564,-0.397417355808242,2.955794627647684,1.1194548604221586,,,-0.8421312686683372,2.9257816238167034,3.0973858297422807,1.0190654677853026,0.5621456488118519,0.3763759116084164,0.3763759116084164,0.07174911653922797,1.0115622168275573,1.0566283911418823
P15,83.0,0.0800340077500219,0.1152353637360787,O4_B_C_boundary,B-side boundary projection dominates current C-state,0.2418404471041247,0.1233130047285193,0.3339242867443994,0.1233130047285193,0.2330259128590145,0.4186755788515948,1.4699826550906427,0.24184044710412475,0.10103270948627037,0.0372043484431018,0.0205424651492594,0.0205424651492594,0.0435344201135949,0.2795521319862724,-0.6980278246757174,-1.019332696005874,-1.7799138149795466,-0.9266094275414618,-0.5538908292840823,O1_lag0_AB,0.2795521319862724,-1.7799138149795466,False,0.0,0.0,q1,low,mid,mid,high,high,high,high,B_side,far,phase=q1|str=low|ab=mid|ac=mid|bc=high|tfc=high|mem=high|dphi=high|side=B_side|dist=far,side=B_side|tfc=high,-0.6711746372143442,0.9507267692006166,good,-1.0,0.0,0.6453377039501696,-0.045105816967719356,,-1.0,0.0,0.6453377039501696,0.8148604458912855,,-1.0,0.0,0.6453377039501696,0.2241572806040369,,-1.0,0.0,0.6453377039501696,-0.23699356744032607,,-1.0,0.0,0.6453377039501696,-0.013915102359808557,,-1.0,0.0,0.6453377039501696,0.9538336590518461,,-1.0,0.0,0.6453377039501696,0.4408865579738148,,-1.22525000917611,-1.2234195444572022,-1.2234195444572022,-1.2234195444572022,-1.2234195444572022,-1.22525000917611,-1.2234195444572022,-1.4053469322555197,-1.4097593353646567,-1.4097593353646567,-1.4097593353646567,-1.4097593353646567,-1.4053469322555197,-1.4097593353646567,-0.8251780240754807,-0.8193360438167094,-0.8193360438167094,-0.8193360438167094,-0.8193360438167094,-0.8251780240754807,-0.8193360438167094,-0.014916555005059073,0.5783451877541622,0.15028106708679592,-0.13638692210448916,-0.03247955024070625,0.5966400424634473,0.3035634434042375,-0.8676728801280424,-0.7185424339711015,-0.8255584641379431,-0.8972254614357643,-0.8712486184698186,-0.7147837307609158,-0.7872378700585827
P15,106.0,-0.0095555234291965,0.0855522742496027,O1_lag0_AB,default immediate AB readout,0.1814512049983784,0.0140415209917247,0.1348602660349873,0.0140415209917247,0.1101176640083635,0.0631053855344266,0.7087863613098916,0.18145120499837847,0.16198329994153085,0.0403931931210662,0.005621010998751,0.005621010998751,0.0867818693453649,-0.16515219436420941,-0.2592431494065975,-0.9888495787005215,-1.96623515231495,-1.1051288703000681,-0.03275498256484075,O7_suppress_event,0.0,-0.16515219436420941,False,0.0,0.0,q4,low,mid,low,low,low,mid,mid,B_side,mid,phase=q4|str=low|ab=mid|ac=low|bc=low|tfc=low|mem=mid|dphi=mid|side=B_side|dist=mid,side=B_side|tfc=low,-0.6453377039501696,0.6453377039501696,bad,-1.0,0.0,1.3751529274350334,-1.6099101866257508,,-1.0,0.0,1.3751529274350334,-1.102790643686499,,-1.0,0.0,1.3751529274350334,,,-1.0,0.0,1.3751529274350334,,,-1.0,0.0,1.3751529274350334,1.4489171021588265,,-1.0,0.0,1.3751529274350334,-2.3699300138016044,,-1.0,0.0,1.3751529274350334,-1.679771698584424,,-1.22525000917611,-1.2234195444572022,-1.2234195444572022,-1.2234195444572022,-1.2234195444572022,-1.22525000917611,-1.2234195444572022,-1.4053469322555197,-1.4097593353646567,-1.4097593353646567,-1.4097593353646567,-1.4097593353646567,-1.4053469322555197,-1.4097593353646567,0.20887732682089,0.18896031194447468,0.18896031194447468,0.18896031194447468,0.18896031194447468,0.20887732682089,0.18896031194447468,-0.9278601372606129,-0.7054882946442215,,,0.9104228840668707,-1.4443039954916186,-1.1116253086296326,-0.8373949379678381,-0.7874267156304015,-0.8147395226257949,-0.8147395226257949,-0.38344892095262845,-0.9665059025255895,-0.8889609691267543
P15,122.0,0.1865032352841514,0.2364604448653513,O4_B_C_boundary,B-side boundary projection dominates current C-state,0.193526172250565,0.0203537177447288,0.2017445434456864,0.0203537177447288,0.1385414778136601,0.0043931378996036,0.5028416421445474,0.193526172250565,0.23330318678213477,,,0.2333031867821347,0.0415062360938481,-0.076232545924429,0.25419032439306216,,,1.6188479443545458,-0.5783306382256171,O5_full_TFC,1.6188479443545458,,False,0.0,0.0,q1,mid,mid,low,mid,low,low,low,B_side,far,phase=q1|str=mid|ab=mid|ac=low|bc=mid|tfc=low|mem=low|dphi=low|side=B_side|dist=far,side=B_side|tfc=low,0.2436950169195124,1.3751529274350334,bad,1.75,1.0,0.8299352405434623,1.9025643004148405,,1.75,1.0,0.8299352405434623,-0.5222116292778504,,1.75,1.0,0.8299352405434623,,,1.75,1.0,0.8299352405434623,,,1.75,1.0,0.8299352405434623,-0.9102195974298298,,1.75,1.0,0.8299352405434623,2.3603115114031934,,1.75,1.0,0.8299352405434623,0.5159018243037883,,1.2517419012664042,1.2706760933847336,1.2706760933847336,1.2706760933847336,1.2706760933847336,1.2517419012664042,1.2706760933847336,0.7115680669648201,0.7093409314018366,0.7093409314018366,0.7093409314018366,0.7093409314018366,0.7115680669648201,0.7093409314018366,-0.5636267925663426,-0.564300224557221,-0.564300224557221,-0.564300224557221,-0.564300224557221,-0.5636267925663426,-0.564300224557221,1.1213998871607522,-0.31680091458501236,,,-0.6102134062986863,1.460282247448487,0.35362373049325635,0.6302707657064085,0.2747289714110842,0.4719056000764497,0.4719056000764497,0.20137584848266574,0.7149913557783422,0.4423351326806514
P15,176.0,-0.0505479647064783,0.3609262996594787,O5_full_TFC,full triadic projection is already active,0.346239599805505,0.1382888966155474,0.3012335347747296,0.1382888966155474,0.2619206770652607,0.0710750208755542,0.8125466119828851,0.34623959980550506,0.11087978536482658,0.1559995870938241,0.1490187247434107,0.1108797853648265,0.1735544858174458,1.0483439441492985,-0.6271385033508613,0.1162664192884272,-0.17565539204178393,0.1541812180967422,1.0128632390990304,O1_lag0_AB,1.0483439441492985,0.1541812180967422,False,0.0,0.0,q4,high,high,mid,high,high,high,mid,B_side,mid,phase=q4|str=high|ab=high|ac=mid|bc=high|tfc=high|mem=high|dphi=mid|side=B_side|dist=mid,side=B_side|tfc=high,0.21840870360583617,0.8299352405434623,good,-1.0,0.0,0.9466775670031958,-1.3899140045288332,,-1.0,0.0,0.9466775670031958,-0.35558088877405636,,-1.0,0.0,0.9466775670031958,0.5683561279496094,,-1.0,0.0,0.9466775670031958,0.24806684351045422,,-1.0,0.0,0.9466775670031958,-0.5493624158767993,,-1.0,0.0,0.9466775670031958,0.27215009680106705,,-1.0,0.0,0.9466775670031958,0.3890879557004242,,-1.22525000917611,-1.2234195444572022,-1.2234195444572022,-1.2234195444572022,-1.2234195444572022,-1.22525000917611,-1.2234195444572022,-1.4053469322555197,-1.4097593353646567,-1.4097593353646567,-1.4097593353646567,-1.4097593353646567,-1.4053469322555197,-1.4097593353646567,-0.39821776372291784,-0.40301164281133334,-0.40301164281133334,-0.40301164281133334,-0.40301164281133334,-0.39821776372291784,-0.40301164281133334,-0.799509203137137,-0.20524458141352386,0.37632953256342644,0.12988905859187191,-0.37761453824485597,0.1780549265868763,0.26899644087958285,-0.9570809770729212,-0.810358776011679,-0.6649652475174415,-0.7265753660103301,-0.8534512652195121,-0.7126899446419178,-0.6917985204384023
P15,189.0,0.0032610688538616,0.1558542014295132,O3_A_C_boundary,A-side boundary projection dominates current C-state,0.1245017000953606,0.1572992335428978,0.0179582931539496,0.0179582931539496,0.0999197422640693,0.0382006810224658,0.6993171824425416,0.12450170009536063,0.045550447737866845,0.1685696786396162,0.1427972941295773,0.0455504477378668,0.1489801609542222,-0.5845264128639671,-1.0974458782602734,0.2364276732300899,-0.25334120338540317,-0.627415322784385,0.7167403041597387,O6_phase_only,0.7167403041597387,0.2364276732300899,False,0.0,0.0,q1,low,mid,mid,low,low,mid,low,A_side,mid,phase=q1|str=low|ab=mid|ac=mid|bc=low|tfc=low|mem=mid|dphi=low|side=A_side|dist=mid,side=A_side|tfc=low,-0.2299372628434572,0.9466775670031958,bad,1.5,1.0,1.2703079648265367,-0.9221140341373116,,1.5,1.0,1.2703079648265367,2.1317631736266462,,1.5,1.0,1.2703079648265367,-1.4677593890546432,,1.5,1.0,1.2703079648265367,-0.6298310154218504,,1.5,1.0,1.2703079648265367,-0.09491567881900567,,1.5,1.0,1.2703079648265367,-0.7532609213337697,,1.5,1.0,1.2703079648265367,-0.5292949196234521,,1.026560818498903,1.043940126308194,1.043940126308194,1.043940126308194,1.043940126308194,1.026560818498903,1.043940126308194,0.7115680669648201,0.7093409314018366,0.7093409314018366,0.7093409314018366,0.7093409314018366,0.7115680669648201,0.7093409314018366,0.06032534940095835,0.04410886144543302,0.04410886144543302,0.04410886144543302,0.04410886144543302,0.06032534940095835,0.04410886144543302,-0.5265837250202722,1.4599882687698347,-0.96086491681214,-0.35203671407679327,-0.08469035096533646,-0.45159468448762435,-0.3438722809899284,0.3179676274611023,0.8143445469813246,0.2091312505858309,0.3613383012696676,0.4281748920475318,0.33671488759426427,0.3633794095413838
P15,202.0,-0.1377770616698991,0.1755523795576512,O4_B_C_boundary,B-side boundary projection dominates current C-state,0.0977022813148199,0.210213949069454,0.2511512515438341,0.0977022813148199,0.1863558273093694,0.0837722027077666,0.7911832480825908,0.09770228131481998,0.3717524610197075,0.0850847731080788,0.1404139279980206,0.0850847731080788,0.1222151538989612,-0.7818764219022615,1.25088977199186,-0.5616294369608811,-0.28310183934704114,-0.1544288655839509,0.3942194419595369,O2_lag5_AB,1.25088977199186,-0.28310183934704114,False,0.0,0.0,q4,mid,low,high,high,mid,high,high,B_side,near,phase=q4|str=mid|ab=low|ac=high|bc=high|tfc=mid|mem=high|dphi=high|side=B_side|dist=near,side=B_side|tfc=mid,-0.01941819283467682,1.2703079648265367,neutral,-1.0,0.0,0.8668269355367049,0.14956684519758884,,-1.0,0.0,0.8668269355367049,-1.130243831106177,,-1.0,0.0,0.8668269355367049,0.6659497921441375,,-1.0,0.0,0.8668269355367049,1.7506983452230773,,-1.0,0.0,0.8668269355367049,0.6903206855505595,,-1.0,0.0,0.8668269355367049,-0.41608981066806894,,-1.0,0.0,0.8668269355367049,1.1141651786877063,,-1.22525000917611,-1.2234195444572022,-1.2234195444572022,-1.2234195444572022,-1.2234195444572022,-1.22525000917611,-1.2234195444572022,-1.4053469322555197,-1.4097593353646567,-1.4097593353646567,-1.4097593353646567,-1.4097593353646567,-1.4053469322555197,-1.4097593353646567,-0.5113559527923481,-0.5133314855907736,-0.5133314855907736,-0.5133314855907736,-0.5133314855907736,-0.5113559527923481,-0.5133314855907736,0.09866004345706135,-0.7238677179916152,0.44042300121256955,0.9547650280809066,0.4214519647314482,-0.24455608733818407,0.7528656013886966,-0.7608232126917291,-0.967594520851062,-0.6765218410500158,-0.5479363343329315,-0.6812646001702961,-0.8466272453905405,-0.5984111910059841
P15,235.0,0.0276142174539016,0.0805941375210992,O4_B_C_boundary,B-side boundary projection dominates current C-state,0.0141463032700811,0.0298353219871937,0.1976128088192684,0.0141463032700811,0.0805314780255144,0.0637608523458793,0.5454702035018764,0.014146303270081182,0.08758816686100496,0.0593248882546054,0.1857295032922107,0.0593248882546054,0.0140792477119402,-1.397179804313903,-0.7948153902416187,-0.8078758588035598,0.2827450617506639,-0.4626186869768782,-0.9088284379169908,O4_B_C_boundary,0.2827450617506639,0.2827450617506639,True,0.0,0.0,q1,low,low,low,mid,low,low,mid,B_side,far,phase=q1|str=low|ab=low|ac=low|bc=mid|tfc=low|mem=low|dphi=mid|side=B_side|dist=far,side=B_side|tfc=low,-0.5840818737860409,0.8668269355367049,bad,1.5,1.0,1.7355268380442364,-1.7207799903659176,,1.5,1.0,1.7355268380442364,-1.6237972477157088,,1.5,1.0,1.7355268380442364,1.5245026300652826,,1.5,1.0,1.7355268380442364,-1.7945972980722296,,1.5,1.0,1.7355268380442364,-0.8259192816268137,,1.5,1.0,1.7355268380442364,0.22618166347189034,,1.5,1.0,1.7355268380442364,-1.866489793309225,,1.026560818498903,1.043940126308194,1.043940126308194,1.043940126308194,1.043940126308194,1.026560818498903,1.043940126308194,0.7115680669648201,0.7093409314018366,0.7093409314018366,0.7093409314018366,0.7093409314018366,0.7115680669648201,0.7093409314018366,0.7194813243773007,0.6868448299511098,0.6868448299511098,0.6868448299511098,0.6868448299511098,0.7194813243773007,0.6868448299511098,-0.9925441819585695,-1.0542929997538704,1.0042672820385075,-0.9914401310385125,-0.555875682027899,0.14982819052150056,-1.2362287644851688,0.3662665069706136,0.34645822197681747,0.861098292424912,0.36217143915565697,0.4710625514083103,0.6518596000906312,0.30097428079399285
P15,250.0,-0.1355788572509776,0.2063331352224078,O3_A_C_boundary,A-side boundary projection dominates current C-state,0.0679221901465358,0.1897283175029151,0.1884752114952121,0.0679221901465358,0.148708573048221,0.0137680383031816,0.969988910585478,0.06792219014653582,0.13663886950198145,0.3600131856023054,0.1858067835560949,0.1366388695019814,0.1680948751531558,-1.0011760010964765,-0.4416982757184818,2.0664932516567585,0.2837100455901275,0.4623614597644266,0.9470744150912999,O3_A_C_boundary,2.0664932516567585,2.0664932516567585,True,0.0,0.0,q4,mid,low,high,mid,mid,high,low,A_side,near,phase=q4|str=mid|ab=low|ac=high|bc=mid|tfc=mid|mem=high|dphi=low|side=A_side|dist=near,side=A_side|tfc=mid,0.33096641361252205,1.7355268380442364,neutral,-1.0,0.0,2.3057941886239246,-0.9365445903630512,,-1.0,0.0,2.3057941886239246,-1.373524361756632,,-1.0,0.0,2.3057941886239246,0.5764485471559812,,-1.0,0.0,2.3057941886239246,1.07125878050328,,-1.0,0.0,2.3057941886239246,-1.7547413819961437,,-1.0,0.0,2.3057941886239246,-1.229097520013476,,-1.0,0.0,2.3057941886239246,-0.3456709275877761,,-1.22525000917611,-1.2234195444572022,-1.2234195444572022,-1.2234195444572022,-1.2234195444572022,-1.22525000917611,-1.2234195444572022,-1.4053469322555197,-1.4097593353646567,-1.4097593353646567,-1.4097593353646567,-1.4097593353646567,-1.4053469322555197,-1.4097593353646567,1.527477631295463,1.4747134203779724,1.4747134203779724,1.4747134203779724,1.4747134203779724,1.527477631295463,1.4747134203779724,-0.5350028500879929,-0.8867397297784242,0.38164413183562373,0.5817837821675378,-1.154569514971718,-0.7437802803072053,-0.22133362709375826,-0.4095305400560399,-0.5113012973055777,-0.1942053319020657,-0.1441704193190872,-0.5782587436039011,-0.461724897610843,-0.3449497716344112
P15,262.0,4.976144330542942e-05,0.106808098554399,O3_A_C_boundary,A-side boundary projection dominates current C-state,0.0309225992248751,0.4369359070015656,0.1778595524923362,0.0309225992248751,0.2152393529062589,0.0153201536660951,0.256601917345911,0.030922599224875145,0.03468848848152323,0.3939484098677885,0.2720419312924663,0.0346884884815232,0.0937256523376421,-1.273639731097401,-1.1756413679098703,2.3908901811204126,1.360511802944947,-0.757367195715153,0.05091825813247993,O3_A_C_boundary,2.3908901811204126,2.3908901811204126,True,0.0,0.0,q1,low,low,high,mid,low,low,low,A_side,far,phase=q1|str=low|ab=low|ac=high|bc=mid|tfc=low|mem=low|dphi=low|side=A_side|dist=far,side=A_side|tfc=low,0.0850959924964879,2.3057941886239246,bad,1.75,1.0,0.9865255224174829,2.2783328256272393,,1.75,1.0,0.9865255224174829,2.3338900712083346,,1.75,1.0,0.9865255224174829,-1.6298088882373367,,1.75,1.0,0.9865255224174829,-0.3449928972526377,,1.75,1.0,0.9865255224174829,1.8525824734537513,,1.75,1.0,0.9865255224174829,2.5866033035923035,,1.75,1.0,0.9865255224174829,2.1582737750534373,,1.2517419012664042,1.2706760933847336,1.2706760933847336,1.2706760933847336,1.2706760933847336,1.2517419012664042,1.2706760933847336,0.7115680669648201,0.7093409314018366,0.7093409314018366,0.7093409314018366,0.7093409314018366,0.7115680669648201,0.7093409314018366,-0.34175827892117583,-0.3479586007044457,-0.3479586007044457,-0.3479586007044457,-0.3479586007044457,-0.34175827892117583,-0.3479586007044457,1.340632060944408,1.5953086511996823,-1.0672889821569234,-0.19567361467120348,1.1706147639447844,1.5992358342749635,1.4496354542912433,0.7405459375636141,0.8068417688204517,0.1411923604813003,0.35909620235273026,0.7006682970067273,0.805196880896253,0.770423469593342
P15,272.0,-0.0913255758278067,0.0937256523376421,O1_lag0_AB,default immediate AB readout,0.0785566032537065,0.0985260337476833,0.055081540615973,0.055081540615973,0.0773880592057876,0.0699335003338497,0.4622044685254598,0.07855660325370657,0.0868651982740224,0.0269084786732434,0.0898724251852721,0.0269084786732434,0.1213171349918716,-0.9228645444188791,-0.8000200574039782,-1.117753985736289,-0.9142038954889024,-0.850446797851871,0.38339822933707696,O6_phase_only,0.38339822933707696,-0.9228645444188791,False,0.0,0.0,q4,low,low,mid,low,mid,low,mid,A_side,near,phase=q4|str=low|ab=low|ac=mid|bc=low|tfc=mid|mem=low|dphi=mid|side=A_side|dist=near,side=A_side|tfc=mid,-0.603127293080406,0.9865255224174829,neutral,0.0,1.0,2.5405579256197917,-0.588073442910868,,0.0,1.0,2.5405579256197917,-1.762367895164708,,0.0,1.0,2.5405579256197917,-1.9035400819388644,,0.0,1.0,2.5405579256197917,1.9327416062309273,,0.0,1.0,2.5405579256197917,-1.3986961828610145,,0.0,1.0,2.5405579256197917,-3.792919873670499,,0.0,1.0,2.5405579256197917,-3.365370952101133,,-0.32452567810610483,-0.3164756761510437,-0.3164756761510437,-0.3164756761510437,-0.3164756761510437,-0.32452567810610483,-0.3164756761510437,0.7115680669648201,0.7093409314018366,0.7093409314018366,0.7093409314018366,0.7093409314018366,0.7115680669648201,0.7093409314018366,1.8601079884396086,1.7990577377621921,1.7990577377621921,1.7990577377621921,1.7990577377621921,1.8601079884396086,1.7990577377621921,-0.3316966069329947,-1.1470635969910439,-1.2470586611273855,1.0546984523713248,-0.9250723218206337,-2.3180853338852243,-2.2364841097289805,0.47886344259133223,0.2612148490054853,0.2362160829713999,0.8116553613460775,0.3167126677980878,-0.017733739146725158,-0.011140279178998846
P15,292.0,0.0507764522118569,0.2102708565397136,O6_phase_only,phase or closed-loop memory is high,0.4053385183726404,0.0627010751921321,0.1799960117458853,0.0627010751921321,0.216011868436886,0.2105653692866032,0.1576160205162211,0.40533851837264046,0.2872266288060564,0.1726320934059978,0.4439525651431489,0.1726320934059978,0.0865689605389015,1.4835463718171087,0.6423863996259573,0.27526150754078355,3.5071269302745263,0.8929823771105979,-0.035320553785831585,O4_B_C_boundary,3.5071269302745263,-0.035320553785831585,False,0.0,0.0,q1,mid,high,low,mid,mid,low,high,B_side,mid,phase=q1|str=mid|ab=high|ac=low|bc=mid|tfc=mid|mem=low|dphi=high|side=B_side|dist=mid,side=B_side|tfc=mid,0.9665690046547345,2.5405579256197917,neutral,1.75,1.0,1.0783145985836415,2.293159208103328,,1.75,1.0,1.0783145985836415,1.953838678630092,,1.75,1.0,1.0783145985836415,1.3534908034337956,,1.75,1.0,1.0783145985836415,-1.5466224852069719,,1.75,1.0,1.0783145985836415,1.0740437480890963,,1.75,1.0,1.0783145985836415,2.0983057955941984,,1.75,1.0,1.0783145985836415,3.0094875406095136,,1.2517419012664042,1.2706760933847336,1.2706760933847336,1.2706760933847336,1.2706760933847336,1.2517419012664042,1.2706760933847336,0.7115680669648201,0.7093409314018366,0.7093409314018366,0.7093409314018366,0.7093409314018366,0.7115680669648201,0.7093409314018366,-0.21170483209085036,-0.2211448702986932,-0.2211448702986932,-0.2211448702986932,-0.2211448702986932,-0.21170483209085036,-0.2211448702986932,1.349282120333346,1.340870966745047,0.8919573156149652,-0.8553133002500207,0.6687895668500757,1.2993986659959451,2.0176799012765056,0.7752218141184299,0.7749357803082311,0.6627073675257106,0.2258897135594641,0.6069154303344882,0.7627509505340797,0.9441380139410958
P15,297.0,-0.1550598226022232,0.2105653692866032,O5_full_TFC,full triadic projection is already active,0.2872266288060564,0.1726320934059978,0.4439525651431489,0.1726320934059978,0.3012704291184011,0.0865689605389015,0.781292965539029,0.2872266288060564,0.1520698957318932,0.0282857557183912,0.0958801588937772,0.0282857557183912,0.0266622693527672,0.6137744314487382,-0.3306099698827716,-1.1045881837079476,-0.8391864764335675,-0.8339691323278559,-0.7572018390409178,O1_lag0_AB,0.6137744314487382,-0.8339691323278559,False,0.0,0.0,q4,mid,high,high,high,high,high,high,B_side,far,phase=q4|str=mid|ab=high|ac=high|bc=high|tfc=high|mem=high|dphi=high|side=B_side|dist=far,side=B_side|tfc=high,-0.4645401671349032,1.0783145985836415,good,0.0,1.0,0.6028459878996986,0.08098291067109684,,0.0,1.0,0.6028459878996986,0.5837508784747073,,0.0,1.0,0.6028459878996986,1.6771893662737272,,0.0,1.0,0.6028459878996986,-0.972683535063285,,0.0,1.0,0.6028459878996986,0.08614138314253994,,0.0,1.0,0.6028459878996986,1.5216877674645806,,0.0,1.0,0.6028459878996986,0.35121150382423305,,-0.32452567810610483,-0.3164756761510437,-0.3164756761510437,-0.3164756761510437,-0.3164756761510437,-0.32452567810610483,-0.3164756761510437,0.7115680669648201,0.7093409314018366,0.7093409314018366,0.7093409314018366,0.7093409314018366,0.7115680669648201,0.7093409314018366,-0.8853833814547792,-0.8780416463651847,-0.8780416463651847,-0.8780416463651847,-0.8780416463651847,-0.8853833814547792,-0.8780416463651847,0.058646566957453086,0.4236214205555441,1.1045424650750784,-0.5402470665209244,0.032014178744068325,0.9453286289772694,0.2437201718266272,-0.10992360640965272,-0.01538874263971192,0.15484151849017164,-0.256355864408829,-0.11329055309258086,0.11174690909530137,-0.06036405482194114
P15,315.0,0.0015606870992792,0.1757279541042345,O3_A_C_boundary,A-side boundary projection dominates current C-state,0.241200104475957,0.1758549851411699,0.0879418946811784,0.0879418946811784,0.1683323280994351,0.0561627417950516,0.6693059970660974,0.24120010447595708,0.18709596932199454,0.1623646279369742,0.0245025325730184,0.0245025325730184,0.1169371950667004,0.2748366706364816,-0.07845647618583781,0.17711174299323706,-1.7304652122568684,-0.8792314024076392,0.33061953967954383,O6_phase_only,0.33061953967954383,0.17711174299323706,False,0.0,0.0,q1,mid,mid,high,low,mid,mid,mid,A_side,mid,phase=q1|str=mid|ab=mid|ac=high|bc=low|tfc=mid|mem=mid|dphi=mid|side=A_side|dist=mid,side=A_side|tfc=mid,-0.2722264482201547,0.6028459878996986,neutral,-1.0,0.0,0.8191234622425193,-1.8825402952453008,,-1.0,0.0,0.8191234622425193,-0.3111316090279944,,-1.0,0.0,0.8191234622425193,-1.053832371169306,,-1.0,0.0,0.8191234622425193,1.0078566390855017,,-1.0,0.0,0.8191234622425193,0.4496374013118935,,-1.0,0.0,0.8191234622425193,0.20478086556062983,,-1.0,0.0,0.8191234622425193,0.07128704908483174,,-1.22525000917611,-1.2234195444572022,-1.2234195444572022,-1.2234195444572022,-1.2234195444572022,-1.22525000917611,-1.2234195444572022,-1.4053469322555197,-1.4097593353646567,-1.4097593353646567,-1.4097593353646567,-1.4097593353646567,-1.4053469322555197,-1.4097593353646567,-0.5789457073341261,-0.5792375351384997,-0.5792375351384997,-0.5792375351384997,-0.5792375351384997,-0.5789457073341261,-0.5792375351384997,-1.0869189389996736,-0.1754865749040858,-0.6890233114904427,0.5469789063147003,0.26631397015847624,0.13668711455957125,0.05691688160232335,-1.0741153969413573,-0.8469757474661112,-0.9753599316127004,-0.6663593771614146,-0.7365256112004706,-0.7682138835515461,-0.7888748833395088
P15,327.0,-0.0358422911441183,0.2268040519997415,O1_lag0_AB,default immediate AB readout,0.0214775790081572,0.1537628308497405,0.1138617214800175,0.0214775790081572,0.0963673771126384,0.0789542303481378,0.7071379760523017,0.02147757900815724,0.14677888055879923,0.0644999247241104,0.1122230043947225,0.0644999247241104,0.1203123673950722,-1.3431925389549209,-0.3687001074389312,-0.7584061418087206,-0.6351164978049589,-0.40070484014446195,0.37129068492427353,O6_phase_only,0.37129068492427353,-1.3431925389549209,False,0.0,0.0,q4,mid,low,mid,low,low,mid,mid,A_side,near,phase=q4|str=mid|ab=low|ac=mid|bc=low|tfc=low|mem=mid|dphi=mid|side=A_side|dist=near,side=A_side|tfc=low,-0.4478327773182458,0.8191234622425193,bad,1.5,1.0,1.012258968282041,1.5713213065490377,,1.5,1.0,1.012258968282041,-0.8374175642564845,,1.5,1.0,1.012258968282041,-0.35575731492102247,,1.5,1.0,1.012258968282041,1.2594719247997428,,1.5,1.0,1.012258968282041,-0.12304786945185948,,1.5,1.0,1.012258968282041,-2.130759347030655,,1.5,1.0,1.012258968282041,-0.7357596779654126,,1.026560818498903,1.043940126308194,1.043940126308194,1.043940126308194,1.043940126308194,1.026560818498903,1.043940126308194,0.7115680669648201,0.7093409314018366,0.7093409314018366,0.7093409314018366,0.7093409314018366,0.7115680669648201,0.7093409314018366,-0.3052972590123464,-0.3124058486495965,-0.3124058486495965,-0.3124058486495965,-0.3124058486495965,-0.3052972590123464,-0.3124058486495965,0.9281449530101098,-0.5278257122531619,-0.2305708893822174,0.6851041901951715,-0.1028236070887559,-1.2974421862761507,-0.48165336985388485,0.5902441448653717,0.22826237420181808,0.3025760799195542,0.5314948498139014,0.3345129004929196,0.03384736004380651,0.23980545980163734
P15,341.0,0.0035360769179922,0.0451055240104393,O5_full_TFC,full triadic projection is already active,0.3085923337461468,0.1605980023698451,0.179292402271197,0.1605980023698451,0.2161609127957296,0.1096953010554763,0.5292336511927421,0.30859233374614686,0.14572508645135487,0.1121690221349484,0.2502253299061785,0.1121690221349484,0.0215365544734589,0.7711107564476237,-0.3762863949840025,-0.30272302301146425,1.0880920839681572,0.169605574695273,-0.8189671873127753,O4_B_C_boundary,1.0880920839681572,0.169605574695273,False,0.0,0.0,q1,low,high,mid,mid,high,low,high,B_side,near,phase=q1|str=low|ab=high|ac=mid|bc=mid|tfc=high|mem=low|dphi=high|side=B_side|dist=near,side=B_side|tfc=high,0.07583311568611596,1.012258968282041,good,1.25,1.0,1.1367403540845535,-1.1826312417974816,,0.25,1.0,1.953151181736947,-0.6024488266764001,,0.25,1.0,1.953151181736947,-1.401218741039056,,0.25,1.0,1.953151181736947,-2.2026085052264337,,0.25,1.0,1.953151181736947,-1.3180535573603334,,1.25,1.0,1.1367403540845535,0.4638785720875728,,0.25,1.0,1.953151181736947,-1.1867309785757476,,0.8013797357314016,-0.0897397090745041,-0.0897397090745041,-0.0897397090745041,-0.0897397090745041,0.8013797357314016,-0.0897397090745041,0.7115680669648201,0.7093409314018366,0.7093409314018366,0.7093409314018366,0.7093409314018366,0.7115680669648201,0.7093409314018366,-0.12892296736432737,0.9875097456848531,0.9875097456848531,0.9875097456848531,0.9875097456848531,-0.12892296736432737,0.9875097456848531,-0.6785755761501778,-0.3705182988964342,-0.9171651441611216,-1.2154196228035414,-0.8730922466905761,0.2957850443260452,-0.7826021484419187,0.17636231479542916,0.30914816727893785,0.172486455962766,0.09792283630216103,0.18350468033040238,0.4199524699144849,0.20612720489256672
P15,343.0,-0.127029656441362,0.1318066897643645,O5_full_TFC,full triadic projection is already active,0.1603526156460522,0.1576079383739564,0.1596877780934832,0.1576079383739564,0.1592161107044973,0.09140047497734,0.7330152646594856,0.16035261564605224,0.12092056501774412,0.1105794372060511,0.2517008513225931,0.1105794372060511,0.0666475034135949,-0.3205214892535534,-0.5548547041858942,-0.3179183394184486,1.1065166370177693,0.15058786952646688,-0.27537599315382916,O4_B_C_boundary,1.1065166370177693,0.15058786952646688,False,0.0,0.0,q4,low,mid,mid,mid,high,mid,high,B_side,near,phase=q4|str=low|ab=mid|ac=mid|bc=mid|tfc=high|mem=mid|dphi=high|side=B_side|dist=near,side=B_side|tfc=high,-0.030223717066784193,1.1367403540845535,good,0.25,1.0,1.953151181736947,-1.1604751532707493,,0.25,1.0,1.953151181736947,-0.4054559644248963,,0.25,1.0,1.953151181736947,-1.3675988715824596,,0.25,1.0,1.953151181736947,-2.2026085052264337,,0.25,1.0,1.953151181736947,-1.2806112991419152,,0.25,1.0,1.953151181736947,1.870180425605835,,0.25,1.0,1.953151181736947,-1.1683064255261355,,-0.09934459533860351,-0.0897397090745041,-0.0897397090745041,-0.0897397090745041,-0.0897397090745041,-0.09934459533860351,-0.0897397090745041,0.7115680669648201,0.7093409314018366,0.7093409314018366,0.7093409314018366,0.7093409314018366,0.7115680669648201,0.7093409314018366,1.027827341066586,0.9875097456848531,0.9875097456848531,0.9875097456848531,0.9875097456848531,1.027827341066586,0.9875097456848531,-0.6656491942838066,-0.23863506230220244,-0.8950856980537435,-1.2154196228035414,-0.848957970516545,1.1593191779184024,-0.7703068056367182,0.24360040460224894,0.3421189764274958,0.17800631748961052,0.09792283630216103,0.18953824937391014,0.6998424976528013,0.20920104059386685
P15,358.0,0.1265094944713876,0.20235136011034,O4_B_C_boundary,B-side boundary projection dominates current C-state,0.1699085146740223,0.0994454433600272,0.2641379276567614,0.0994454433600272,0.1778306285636036,0.0170714716780135,0.5160159701316195,0.16990851467402232,0.22110795913534861,0.1005525203138557,0.167712616131602,0.1005525203138557,0.272941710964466,-0.2501521735985338,0.16639660553227598,-0.41376862837981804,0.057771645853976816,0.030626396728549804,2.2104886863825133,O6_phase_only,2.2104886863825133,0.057771645853976816,False,0.0,0.0,q1,mid,mid,mid,high,mid,low,low,B_side,far,phase=q1|str=mid|ab=mid|ac=mid|bc=high|tfc=mid|mem=low|dphi=low|side=B_side|dist=far,side=B_side|tfc=mid,0.2573375046455663,1.953151181736947,neutral,0.25,1.0,1.0755542046615487,2.729529411146434,,0.25,1.0,1.0755542046615487,-0.45794024761811486,,0.25,1.0,1.0755542046615487,2.753418250652008,,0.25,1.0,1.0755542046615487,-0.1880647809074339,,0.25,1.0,1.0755542046615487,0.4603852788619925,,0.25,1.0,1.0755542046615487,0.06022642327844391,,0.25,1.0,1.0755542046615487,0.7856245041144578,,-0.09934459533860351,-0.0897397090745041,-0.0897397090745041,-0.0897397090745041,-0.0897397090745041,-0.09934459533860351,-0.0897397090745041,0.7115680669648201,0.7093409314018366,0.7093409314018366,0.7093409314018366,0.7093409314018366,0.7115680669648201,0.7093409314018366,-0.2156159592006579,-0.2249585686740454,-0.2249585686740454,-0.2249585686740454,-0.2249585686740454,-0.2156159592006579,-0.2249585686740454,1.603870734782843,-0.2737723614852192,1.8113428791133204,-0.10952725612434633,0.27324176397811184,0.04792402663447038,0.5336190227361439,0.5001195618021004,0.03021757304201697,0.5514963831916518,0.0712788493822352,0.16697110440784974,0.11113288476500727,0.23206541909735776
P15,369.0,-0.1735987290385655,0.2602487711225856,O4_B_C_boundary,B-side boundary projection dominates current C-state,0.387882682093275,0.0928342976097243,0.2811969492498931,0.0928342976097243,0.2539713096509642,0.0714252905697601,0.7786638275036237,0.38788268209327503,0.0782925817685024,0.273890424621892,0.1044053450466763,0.0782925817685024,0.1880945582196835,1.355002186746754,-0.8617345169602374,1.2432200945261855,-0.732734111334332,-0.2356902628191324,1.1880724844371995,O1_lag0_AB,1.355002186746754,-0.732734111334332,False,0.0,0.0,q4,mid,high,mid,high,mid,mid,mid,B_side,far,phase=q4|str=mid|ab=high|ac=mid|bc=high|tfc=mid|mem=mid|dphi=mid|side=B_side|dist=far,side=B_side|tfc=mid,0.2794479820852053,1.0755542046615487,neutral,1.5,1.0,0.9853209726416755,-0.39900252427828553,,1.5,1.0,0.9853209726416755,0.84552186013875,,1.5,1.0,0.9853209726416755,0.3581123353809874,,1.5,1.0,0.9853209726416755,-0.10789906844107539,,1.5,1.0,0.9853209726416755,0.4205554995291336,,1.5,1.0,0.9853209726416755,-0.8876170230363108,,1.5,1.0,0.9853209726416755,0.4019615448459134,,1.026560818498903,1.043940126308194,1.043940126308194,1.043940126308194,1.043940126308194,1.026560818498903,1.043940126308194,0.7115680669648201,0.7093409314018366,0.7093409314018366,0.7093409314018366,0.7093409314018366,0.7115680669648201,0.7093409314018366,-0.3434649727540985,-0.34962277967769334,-0.34962277967769334,-0.34962277967769334,-0.34962277967769334,-0.3434649727540985,-0.34962277967769334,-0.22138819707438712,0.5988724622111902,0.23825444296729809,-0.06551994647118205,0.24756855568061986,-0.5340955214070175,0.2775874330871485,0.2933189289088094,0.5006326850608819,0.41047818024990884,0.3345345828902888,0.4128067084282393,0.2151420978256518,0.4203114277798714
P15,380.0,0.0090359155703948,0.1341499629219774,O3_A_C_boundary,A-side boundary projection dominates current C-state,0.2640673777889629,0.2975302472950031,0.118067629413509,0.118067629413509,0.2265550848324916,0.0023037856769927,0.37184843002518836,0.2640673777889629,0.15152407282016436,0.244210067395995,0.0834759239837952,0.0834759239837952,0.0827611635734743,0.44323049409804416,-0.33453936133392054,0.9594967080490077,-0.9940757796970565,-0.17367704650872978,-0.08120486675601983,O3_A_C_boundary,0.9594967080490077,0.9594967080490077,True,0.0,0.0,q1,low,mid,high,low,high,low,low,A_side,far,phase=q1|str=low|ab=mid|ac=high|bc=low|tfc=high|mem=low|dphi=low|side=A_side|dist=far,side=A_side|tfc=high,-0.025824264592667828,0.9853209726416755,good,1.25,1.0,0.8495384504313264,-1.4837536561248308,,1.25,1.0,0.8495384504313264,-0.15068466894010657,,1.25,1.0,0.8495384504313264,-0.2596180034621177,,1.25,1.0,0.8495384504313264,0.7960080319851136,,1.25,1.0,0.8495384504313264,0.9508618537775015,,1.25,1.0,0.8495384504313264,1.2530861874128592,,1.25,1.0,0.8495384504313264,-0.15542208917597533,,0.8013797357314016,0.8172041592316543,0.8172041592316543,0.8172041592316543,0.8172041592316543,0.8013797357314016,0.8172041592316543,0.7115680669648201,0.7093409314018366,0.7093409314018366,0.7093409314018366,0.7093409314018366,0.7115680669648201,0.7093409314018366,-0.535851537368873,-0.5372168691336755,-0.5372168691336755,-0.5372168691336755,-0.5372168691336755,-0.535851537368873,-0.5372168691336755,-0.8542574575175778,-0.06807018672340236,-0.1674325494520828,0.430683710208626,0.5893898191208127,0.7803948829744314,-0.09437398360794053,0.03070970195244274,0.23031450869410328,0.20547391801193315,0.35500298292711036,0.394679510155157,0.439372787075445,0.22373855947296872
P15,392.0,-0.0666797890836617,0.0905560502583259,O3_A_C_boundary,A-side boundary projection dominates current C-state,0.1077234524476668,0.2367045569879266,0.1915893639804556,0.1077234524476668,0.1786724578053497,0.0031398259703303,0.1253799842024521,0.10772345244766685,0.16134454607760315,0.2154154774334794,0.1603537962816162,0.1603537962816162,0.1776191418321752,-0.708080858280649,-0.2638415528784415,0.6842406350102922,-0.0341165268287741,0.7460855171557977,1.0618427278662517,O6_phase_only,1.0618427278662517,0.6842406350102922,False,0.0,0.0,q4,low,low,high,mid,high,low,low,A_side,near,phase=q4|str=low|ab=low|ac=high|bc=mid|tfc=high|mem=low|dphi=low|side=A_side|dist=near,side=A_side|tfc=high,0.2123042774349253,0.8495384504313264,good,1.25,1.0,1.570335080188886,0.3984429468602042,,1.25,1.0,1.570335080188886,,,1.25,1.0,1.570335080188886,-0.3754805755788721,,1.25,1.0,1.570335080188886,,,1.25,1.0,1.570335080188886,0.7083409807576755,,1.25,1.0,1.570335080188886,-3.5376836952336497,,1.25,1.0,1.570335080188886,-1.520169440170222,,0.8013797357314016,0.8172041592316543,0.8172041592316543,0.8172041592316543,0.8172041592316543,0.8013797357314016,0.8172041592316543,0.7115680669648201,0.7093409314018366,0.7093409314018366,0.7093409314018366,0.7093409314018366,0.7115680669648201,0.7093409314018366,0.48542561323626654,0.45861959966336674,0.45861959966336674,0.45861959966336674,0.45861959966336674,0.48542561323626654,0.45861959966336674,0.24386020022766094,,-0.24352390430450818,,0.4330673640679169,-2.161358560286453,-1.0051171901204499,0.5605584040400373,0.6617215634322858,0.4354101964980874,0.6617215634322858,0.6045580135911937,-0.04074628608849118,0.24501187504410193
P15,400.0,0.0385288318429301,0.0765858938958227,O5_full_TFC,full triadic projection is already active,0.3353869259853864,0.2089638402421143,0.1349701930651718,0.1349701930651718,0.2264403197642241,0.048060115079923,0.5939457613431935,0.3353869259853864,,0.296896664172401,,0.296896664172401,0.02605352866905,0.9684252229998217,,1.4631435996813136,,2.379676750466956,-0.7645372217577411,O5_full_TFC,2.379676750466956,2.379676750466956,True,0.0,0.0,q1,low,high,high,mid,high,mid,mid,A_side,mid,phase=q1|str=low|ab=high|ac=high|bc=mid|tfc=high|mem=mid|dphi=mid|side=A_side|dist=mid,side=A_side|tfc=high,0.80934167027807,1.570335080188886,good,-1.0,0.0,0.0,,,-1.0,0.0,0.0,,,-1.0,0.0,0.0,,,-1.0,0.0,0.0,,,-1.0,0.0,0.0,,,-1.0,0.0,0.0,,,-1.0,0.0,0.0,2.379676750466956,,-1.22525000917611,-1.2234195444572022,-1.2234195444572022,-1.2234195444572022,-1.2234195444572022,-1.22525000917611,-1.2234195444572022,-1.4053469322555197,-1.4097593353646567,-1.4097593353646567,-1.4097593353646567,-1.4097593353646567,-1.4053469322555197,-1.4097593353646567,-1.7395394739756702,-1.710920151943691,-1.710920151943691,-1.710920151943691,-1.710920151943691,-1.7395394739756702,-1.710920151943691,,,,,,,1.5973853331333736,-1.4567121384691,-1.4480330105885166,-1.4480330105885166,-1.4480330105885166,-1.4480330105885166,-1.4567121384691,-0.6866784246580442
P15,415.0,-0.0368222112030915,0.2586592647003088,O1_lag0_AB,default immediate AB readout,,,,,,0.110987803533413,0.4170785533618124,,,,,,,,,,,,,O7_suppress_event,0.0,,False,0.0,0.0,q4,mid,missing,missing,missing,missing,low,high,missing,missing,phase=q4|str=mid|ab=missing|ac=missing|bc=missing|tfc=missing|mem=low|dphi=high|side=missing|dist=missing,side=missing|tfc=missing,0.0,0.0,bad,-1.0,0.0,0.0,,,,,,,,,,,,,,,,,,,,,,,-1.0,0.0,0.0,,,,,,,,-1.22525000917611,,,,,-1.22525000917611,,-1.4053469322555197,,,,,-1.4053469322555197,,-1.7395394739756702,,,,,-1.7395394739756702,,,,,,,,,-1.4567121384691,,,,,-1.4567121384691,
P15,417.0,0.3846205444840472,0.4621344326757978,O6_phase_only,phase or closed-loop memory is high,,,,,,0.4621344326757978,0.3858721549441775,,,,,,,,,,,,,O7_suppress_event,0.0,,False,0.0,0.0,q1,high,missing,missing,missing,missing,low,high,missing,missing,phase=q1|str=high|ab=missing|ac=missing|bc=missing|tfc=missing|mem=low|dphi=high|side=missing|dist=missing,side=missing|tfc=missing,0.0,0.0,bad,,,,,,,,,,,,,,,,,,,,,,,,,,,,,,,,,,,,,,,,,,,,,,,,,,,,,,,,,,,,,,,,,,,,,,
P16,23.0,-0.0007609325491164,0.1796717144480172,O1_lag0_AB,default immediate AB readout,0.1746858151261798,0.1083629904793462,0.0663213838153956,0.0663213838153956,0.1164567298069739,0.0655301655484863,0.42507844032992387,0.17468581512617984,0.1411934504029595,0.0705140071192821,0.0215170955798526,0.0215170955798526,0.0891507971359149,-0.21497229544026156,-0.40890974509564015,-0.7009157345766249,-1.7677437916423961,-0.914949003590144,-0.004209179011688934,O7_suppress_event,0.0,-0.21497229544026156,False,0.0,0.0,q4,mid,mid,mid,low,mid,low,mid,A_side,near,phase=q4|str=mid|ab=mid|ac=mid|bc=low|tfc=mid|mem=low|dphi=mid|side=A_side|dist=near,side=A_side|tfc=mid,-0.5730999641938223,0.5730999641938223,neutral,-1.0,0.0,0.5640973493976101,-0.5185671955618814,,-1.0,0.0,0.5640973493976101,-0.5946564961985429,,-1.0,0.0,0.5640973493976101,-0.4000159454706042,,-1.0,0.0,0.5640973493976101,1.6074401590775809,,-1.0,0.0,0.5640973493976101,0.1872011118038676,,-1.0,0.0,0.5640973493976101,-0.35940766742633773,,-1.0,0.0,0.5640973493976101,0.14102433734940253,,-1.22525000917611,-1.2234195444572022,-1.2234195444572022,-1.2234195444572022,-1.2234195444572022,-1.22525000917611,-1.2234195444572022,-1.4053469322555197,-1.4097593353646567,-1.4097593353646567,-1.4097593353646567,-1.4097593353646567,-1.4053469322555197,-1.4097593353646567,-0.940285274007401,-0.9315758968646517,-0.9315758968646517,-0.9315758968646517,-0.9315758968646517,-0.940285274007401,-0.9315758968646517,-0.29114503149370075,-0.3653014714830651,-0.2596372142609452,0.8761228360003316,0.09715457138164041,-0.2097506397509882,0.1034549910049846,-0.9655068117331829,-0.9825140620423939,-0.9560979977368639,-0.6721579851715447,-0.8669000513262175,-0.9451582137975048,-0.8653249464203815
P16,35.0,0.0823176849786624,0.1828966403475131,O1_lag0_AB,default immediate AB readout,0.1088681882579357,0.0396530423381973,0.0064415497034653,0.0064415497034653,0.0516542600998661,0.0798243743262953,0.4461936974004413,0.1088681882579357,0.07080018324327511,0.0398999314714858,0.1437806380852268,0.0398999314714858,0.0559972172506716,-0.6996510626812363,-0.9156724629148685,-0.9935648139173053,-0.24106237593137428,-0.6950177833085431,-0.40371294702994337,O7_suppress_event,0.0,-0.6996510626812363,False,0.0,0.0,q1,mid,low,low,low,low,low,mid,A_side,near,phase=q1|str=mid|ab=low|ac=low|bc=low|tfc=low|mem=low|dphi=mid|side=A_side|dist=near,side=A_side|tfc=low,-0.5640973493976101,0.5640973493976101,bad,-1.0,0.0,0.5963233686316898,-0.09005669324812285,,-1.0,0.0,0.5963233686316898,0.22525641909024943,,-1.0,0.0,0.5963233686316898,-0.46897663023927083,,-1.0,0.0,0.5963233686316898,0.2645969140892526,,-1.0,0.0,0.5963233686316898,-0.3626559452932805,,-1.0,0.0,0.5963233686316898,0.5527937891878658,,-1.0,0.0,0.5963233686316898,-0.34653998822525106,,-1.22525000917611,-1.2234195444572022,-1.2234195444572022,-1.2234195444572022,-1.2234195444572022,-1.22525000917611,-1.2234195444572022,-1.4053469322555197,-1.4097593353646567,-1.4097593353646567,-1.4097593353646567,-1.4097593353646567,-1.4053469322555197,-1.4097593353646567,-0.8946251033850756,-0.8870531509574663,-0.8870531509574663,-0.8870531509574663,-0.8870531509574663,-0.8946251033850756,-0.8870531509574663,-0.041141950851778256,0.1836157215451946,-0.30492631702927636,0.13896331131375864,-0.25726855114505304,0.3503830844052697,-0.22191358137690897,-0.8915909989171209,-0.8341540773085326,-0.9562895869521504,-0.8453171798663917,-0.9443751454810946,-0.7937097401028589,-0.9355364030390586
P16,43.0,-0.1412422011762222,0.1518657575859401,O4_B_C_boundary,B-side boundary projection dominates current C-state,0.1557338103915443,0.0405910238722468,0.1789957024640471,0.0405910238722468,0.1251068455759461,0.0707213249628913,0.21624110438327632,0.1557338103915443,0.15978054325373237,0.0504408359064389,0.1867957933360866,0.0504408359064389,0.1224041335257925,-0.3545342141632865,-0.2751008444794944,-0.8928011647450601,0.2960596211065035,-0.5689069923012581,0.3964966643065388,O6_phase_only,0.3964966643065388,0.2960596211065035,False,0.0,0.0,q4,low,mid,low,mid,low,low,mid,B_side,mid,phase=q4|str=low|ab=mid|ac=low|bc=mid|tfc=low|mem=low|dphi=mid|side=B_side|dist=mid,side=B_side|tfc=low,-0.19982670432515096,0.5963233686316898,bad,-1.0,0.0,0.6034811458973304,-0.9546341894677965,,-1.0,0.0,0.6034811458973304,0.7232411391634579,,-1.0,0.0,0.6034811458973304,0.22956901209582875,,-1.0,0.0,0.6034811458973304,0.25130732967436786,,-1.0,0.0,0.6034811458973304,0.37454115141066996,,-1.0,0.0,0.6034811458973304,-0.8724816481683375,,-1.0,0.0,0.6034811458973304,0.1983527644323252,,-1.22525000917611,-1.2234195444572022,-1.2234195444572022,-1.2234195444572022,-1.2234195444572022,-1.22525000917611,-1.2234195444572022,-1.4053469322555197,-1.4097593353646567,-1.4097593353646567,-1.4097593353646567,-1.4097593353646567,-1.4053469322555197,-1.4097593353646567,-0.8844834433540368,-0.8771641263111541,-0.8771641263111541,-0.8771641263111541,-0.8771641263111541,-0.8844834433540368,-0.8771641263111541,-0.5455567466187536,0.5170076825893357,0.15383515684835433,0.1316679372876982,0.21790894009384604,-0.5248017038738096,0.1417122372768183,-1.0151592828511051,-0.7483338308859193,-0.8391269623211647,-0.8446687672113287,-0.8231085165097918,-1.0099705221648692,-0.8421576922140487
P16,50.0,0.0364490933404781,0.1558009095109919,O4_B_C_boundary,B-side boundary projection dominates current C-state,0.040105530886631,0.0437299044816224,0.1882545887448641,0.040105530886631,0.0906966747043725,0.1246319065417608,0.3963338560361147,0.04010553088663105,0.22575211998159,0.0717324857799183,0.1854465076226443,0.0717324857799183,0.0447311435702512,-1.2060169344507266,0.1998300242013106,-0.6892679336652452,0.27921134907883693,-0.31417488425833057,-0.5394701986352991,O4_B_C_boundary,0.27921134907883693,0.27921134907883693,True,0.0,0.0,q1,low,low,low,mid,low,low,high,B_side,mid,phase=q1|str=low|ab=low|ac=low|bc=mid|tfc=low|mem=low|dphi=high|side=B_side|dist=mid,side=B_side|tfc=low,-0.3242697968184934,0.6034811458973304,bad,1.75,1.0,1.3237390664149697,-0.6086536129202795,,1.5,1.0,1.4344047551711587,0.04692460552227709,,1.5,1.0,1.4344047551711587,-1.297927322753424,,1.5,1.0,1.4344047551711587,-2.3071604119977946,,1.5,1.0,1.4344047551711587,-1.1773943033996743,,1.75,1.0,1.3237390664149697,-1.518765935640416,,1.5,1.0,1.4344047551711587,-1.231989622020521,,1.2517419012664042,1.043940126308194,1.043940126308194,1.043940126308194,1.043940126308194,1.2517419012664042,1.043940126308194,0.7115680669648201,0.7093409314018366,0.7093409314018366,0.7093409314018366,0.7093409314018366,0.7115680669648201,0.7093409314018366,0.13603042477330377,0.2708213091613459,0.2708213091613459,0.2708213091613459,0.2708213091613459,0.13603042477330377,0.2708213091613459,-0.343703560962607,0.06422572694205876,-0.8493297438382094,-1.2728138377934832,-0.7824270613345864,-0.9216500340102869,-0.8128048097793966,0.4389092080104803,0.5220820234533589,0.2936931557582918,0.1878221322694733,0.3104188263841975,0.29442258974856034,0.30282438927299493
P16,53.0,-0.1054766243174165,0.1224041335257925,O4_B_C_boundary,B-side boundary projection dominates current C-state,0.1086276250242202,0.069472921632933,0.2682644001827071,0.069472921632933,0.1487883156132868,0.0573045479105711,0.6352693579969516,0.10862762502422024,0.3700218088907075,0.0942617022862488,0.185561702942051,0.0942617022862488,0.0151210159999216,-0.7014225621580272,1.2384307682848412,-0.4739044340549253,0.2806497709477873,-0.0446365982487805,-0.8962750316817943,O2_lag5_AB,1.2384307682848412,0.2806497709477873,False,0.0,0.0,q4,low,low,low,high,mid,mid,mid,B_side,far,phase=q4|str=low|ab=low|ac=low|bc=high|tfc=mid|mem=mid|dphi=mid|side=B_side|dist=far,side=B_side|tfc=mid,-0.08530829813012841,1.3237390664149697,neutral,0.0,1.0,1.4344047551711587,2.298454519235658,,0.0,1.0,1.4344047551711587,-0.03245671935524924,,0.0,1.0,1.4344047551711587,-0.5540714031577397,,0.0,1.0,1.4344047551711587,-1.3493794146607407,,0.0,1.0,1.4344047551711587,-0.4877131702032203,,0.0,1.0,1.4344047551711587,-0.3767234303375143,,0.0,1.0,1.4344047551711587,-0.2727702028145168,,-0.32452567810610483,-0.3164756761510437,-0.3164756761510437,-0.3164756761510437,-0.3164756761510437,-0.32452567810610483,-0.3164756761510437,0.7115680669648201,0.7093409314018366,0.7093409314018366,0.7093409314018366,0.7093409314018366,0.7115680669648201,0.7093409314018366,0.2928296308415818,0.2708213091613459,0.2708213091613459,0.2708213091613459,0.2708213091613459,0.2928296308415818,0.2708213091613459,1.3523715290850378,0.011081334143601101,-0.3608112887153957,-0.7470358757075577,-0.33787708671809535,-0.22038331600437222,-0.17268444687097576,0.5080608871963337,0.16869197463893498,0.07571881892418578,-0.020837327823854723,0.08145236942351086,0.11487217592398122,0.12275052938529077
P16,66.0,0.0281589146951624,0.3776451910131295,O3_A_C_boundary,A-side boundary projection dominates current C-state,0.4070081833434942,0.11741852905863,0.0984786639928705,0.0984786639928705,0.2076351254649982,0.0238742081420254,0.7842089423107408,0.4070081833434942,0.3623214069977973,0.0806351713165079,0.1120907804608005,0.0806351713165079,0.0230954285612736,1.4958417279137182,1.182995401395287,-0.6041645075185185,-0.6367675527187494,-0.20766365250998717,-0.8001826073638332,O1_lag0_AB,1.4958417279137182,-0.6041645075185185,False,0.0,0.0,q1,high,high,mid,low,mid,high,low,A_side,near,phase=q1|str=high|ab=high|ac=mid|bc=low|tfc=mid|mem=high|dphi=low|side=A_side|dist=near,side=A_side|tfc=mid,0.061436972742559534,1.4344047551711587,neutral,0.25,1.0,0.917737716963228,-0.7716239739118497,,0.25,1.0,0.917737716963228,-0.3770676251191157,,0.25,1.0,0.917737716963228,-0.0022867558439135793,,0.25,1.0,0.917737716963228,1.6200005052600275,,0.25,1.0,0.917737716963228,-0.02973356840764027,,0.25,1.0,0.917737716963228,2.5254587645183584,,0.25,1.0,0.917737716963228,0.6519219209596472,,-0.09934459533860351,-0.0897397090745041,-0.0897397090745041,-0.0897397090745041,-0.0897397090745041,-0.09934459533860351,-0.0897397090745041,0.7115680669648201,0.7093409314018366,0.7093409314018366,0.7093409314018366,0.7093409314018366,0.7115680669648201,0.7093409314018366,-0.4392218505451597,-0.44299429101129906,-0.44299429101129906,-0.44299429101129906,-0.44299429101129906,-0.4392218505451597,-0.44299429101129906,-0.4387842931295548,-0.2196295713093276,0.0015666615908304224,0.8830178915895129,-0.042675709511359135,1.5616902700413475,0.44439465515432985,-0.06644566801212448,-0.010755659998323536,0.04454339822671596,0.26490620572638657,0.03348280545116858,0.43367297278060113,0.15525039661759082
P16,90.0,-0.0838486071403569,0.1684486371732625,O1_lag0_AB,default immediate AB readout,0.211732287289899,0.1107827120363789,0.06474468132077,0.06474468132077,0.1290865602156826,0.0018390218272568,0.6694325145106634,0.21173228728989904,0.21510826668200347,0.038526009116943,0.1843123087554545,0.038526009116943,0.1607595777649604,0.05783666643377702,0.12320468425321925,-1.0066985474576635,0.2650488252653049,-0.7114553135018197,0.8586833889559023,O6_phase_only,0.8586833889559023,0.05783666643377702,False,0.0,0.0,q4,mid,mid,mid,low,mid,mid,low,A_side,near,phase=q4|str=mid|ab=mid|ac=mid|bc=low|tfc=mid|mem=mid|dphi=low|side=A_side|dist=near,side=A_side|tfc=mid,-0.059054328007325636,0.917737716963228,neutral,0.0,1.0,0.42008939977815285,0.9058690724666635,,0.0,1.0,0.42008939977815285,0.4351635853489949,,0.0,1.0,0.42008939977815285,1.271911272424201,,0.0,1.0,0.42008939977815285,-0.11726173966737544,,0.0,1.0,0.42008939977815285,1.5685481147054658,,0.0,1.0,0.42008939977815285,-1.218467497702476,,0.0,1.0,0.42008939977815285,0.6377754127200531,,-0.32452567810610483,-0.3164756761510437,-0.3164756761510437,-0.3164756761510437,-0.3164756761510437,-0.32452567810610483,-0.3164756761510437,0.7115680669648201,0.7093409314018366,0.7093409314018366,0.7093409314018366,0.7093409314018366,0.7115680669648201,0.7093409314018366,-1.1443262231185471,-1.13053405247642,-1.13053405247642,-1.13053405247642,-1.13053405247642,-1.1443262231185471,-1.13053405247642,0.5399045069945544,0.32414485622614186,0.8383809368988926,-0.0706596247595708,0.9875338285760702,-0.7372529568286563,0.43495419991864287,-0.054344831816319356,-0.1033809852498713,0.025178034918316383,-0.20208210549629946,0.062466257837610784,-0.37363419777212203,-0.07567864932674605
P16,101.0,0.0502723110309077,0.165428221408704,O4_B_C_boundary,B-side boundary projection dominates current C-state,0.2392864061143108,0.0498333163405025,0.2534672052060704,0.0498333163405025,0.1808623092202946,0.2887861018308943,1.3617670791765886,0.23928640611431082,0.18916996778260536,0.1126578522449863,0.1316936193450005,0.1126578522449863,0.0232726047821316,0.26074426094430997,-0.06352571449427112,-0.2980501502028126,-0.39199066169769897,0.1754539107868743,-0.7980476171733014,O1_lag0_AB,0.26074426094430997,-0.39199066169769897,False,0.0,0.0,q1,mid,mid,low,high,mid,high,high,B_side,far,phase=q1|str=mid|ab=mid|ac=low|bc=high|tfc=mid|mem=high|dphi=high|side=B_side|dist=far,side=B_side|tfc=mid,-0.15934513883384285,0.42008939977815285,neutral,0.25,1.0,2.31330742345769,0.5783268558644225,,0.25,1.0,2.31330742345769,0.6952167467811821,,0.25,1.0,2.31330742345769,-3.245093095106052,,0.25,1.0,2.31330742345769,-2.256454129604667,,0.25,1.0,2.31330742345769,-3.2362317845455166,,0.25,1.0,2.31330742345769,-3.0530690027561396,,0.25,1.0,2.31330742345769,-2.7352217563899863,,-0.09934459533860351,-0.0897397090745041,-0.0897397090745041,-0.0897397090745041,-0.0897397090745041,-0.09934459533860351,-0.0897397090745041,0.7115680669648201,0.7093409314018366,0.7093409314018366,0.7093409314018366,0.7093409314018366,0.7115680669648201,0.7093409314018366,1.5381229294920373,1.4850935372337022,1.4850935372337022,1.4850935372337022,1.4850935372337022,1.5381229294920373,1.4850935372337022,0.34880869312606216,0.498245847623749,-2.1281075150694395,-1.2449784078823278,-2.109498523679716,-1.8637828104232614,-1.8159637118215237,0.6247887735610791,0.6507351517961959,-0.005853188877101179,0.21492908791967674,-0.0012009410296702772,0.07164089767374815,0.07218276193487777
P16,123.0,-0.0531100270587679,0.0634236069861977,O2_lag5_AB,current AB is active; read short-lag future AB,0.5921791317758562,0.0497960288922178,0.1650410232586041,0.0497960288922178,0.2690053946422261,0.1523706442506292,0.46429163173748017,0.5921791317758562,0.5721463962310948,0.0762234788915141,0.168645594835902,0.0762234788915141,0.0154163780714392,2.859434298558975,2.693530230941518,-0.6463371911351027,0.06942157207009608,-0.2604448938949245,-0.8927158908315637,O1_lag0_AB,2.859434298558975,2.693530230941518,False,0.0,0.0,q4,low,high,low,mid,mid,low,high,B_side,mid,phase=q4|str=low|ab=high|ac=low|bc=mid|tfc=mid|mem=low|dphi=high|side=B_side|dist=mid,side=B_side|tfc=mid,0.5461268751012854,2.31330742345769,neutral,0.25,1.0,2.429198328147408,0.607299582036852,,0.25,1.0,0.7128536514407491,-0.7478066210698144,,0.25,1.0,0.7128536514407491,,,0.25,1.0,0.7128536514407491,,,0.25,1.0,0.7128536514407491,3.298092605314087,,0.25,1.0,2.429198328147408,0.77913666432196,,0.25,1.0,0.7128536514407491,2.5554857666372626,,-0.09934459533860351,-0.0897397090745041,-0.0897397090745041,-0.0897397090745041,-0.0897397090745041,-0.09934459533860351,-0.0897397090745041,0.7115680669648201,0.7093409314018366,0.7093409314018366,0.7093409314018366,0.7093409314018366,0.7115680669648201,0.7093409314018366,1.7023256019745328,-0.7260575239669155,-0.7260575239669155,-0.7260575239669155,-0.7260575239669155,1.7023256019745328,-0.7260575239669155,0.3657120613249556,-0.4678327709524186,,,2.1023518544581035,0.4893680385136197,1.714708782784407,0.6700652837314263,-0.1435722681480004,-0.03548543387986099,-0.03548543387986099,0.4989738882046301,0.7009792780285923,0.402063120286206
P16,125.0,0.0126378511540808,0.0694559196840107,O4_B_C_boundary,B-side boundary projection dominates current C-state,0.61480117520749,0.0602709619764928,0.1667263194169956,0.0602709619764928,0.2805994855336595,0.1267986099262347,0.7962875159229312,0.61480117520749,0.46451716589655867,0.0698129915315076,0.1723778125740442,0.0698129915315076,0.1029250419703977,3.0260222575090143,1.9187049744664384,-0.7076169516483362,0.11602505945030397,-0.3371396060708458,0.1617717718246698,O1_lag0_AB,3.0260222575090143,0.11602505945030397,False,0.0,0.0,q1,low,high,low,mid,mid,high,high,B_side,mid,phase=q1|str=low|ab=high|ac=low|bc=mid|tfc=mid|mem=high|dphi=high|side=B_side|dist=mid,side=B_side|tfc=mid,0.5968239293616063,2.429198328147408,neutral,0.25,1.0,0.7128536514407491,-1.4380661375319794,,0.25,1.0,0.7128536514407491,0.1936065943553042,,0.25,1.0,0.7128536514407491,,,0.25,1.0,0.7128536514407491,,,0.25,1.0,0.7128536514407491,3.5413752764400472,,0.25,1.0,0.7128536514407491,1.777494173761375,,0.25,1.0,0.7128536514407491,2.7220737255873018,,-0.09934459533860351,-0.0897397090745041,-0.0897397090745041,-0.0897397090745041,-0.0897397090745041,-0.09934459533860351,-0.0897397090745041,0.7115680669648201,0.7093409314018366,0.7093409314018366,0.7093409314018366,0.7093409314018366,0.7115680669648201,0.7093409314018366,-0.7295165134261073,-0.7260575239669155,-0.7260575239669155,-0.7260575239669155,-0.7260575239669155,-0.7295165134261073,-0.7260575239669155,-0.8276022872628832,0.16242672375117487,,,2.2591653441535957,1.1024055487553661,1.8258787013704387,-0.2362238322656935,0.013992605527897974,-0.03548543387986099,-0.03548543387986099,0.5381772606285031,0.24627812673886884,0.42985559993271394
P16,139.0,-0.2626316275057705,0.369689241731869,O4_B_C_boundary,B-side boundary projection dominates current C-state,0.0806710155018791,0.0764027936031684,0.1720342857408492,0.0764027936031684,0.1097026982819656,0.058680234379199,0.8286224162094036,0.08067101550187912,0.13023363193557952,,,0.1302336319355795,0.0375298700920136,-0.9072940844882135,-0.4878097254124473,,,0.38572955582551993,-0.6262462240010055,O5_full_TFC,0.38572955582551993,,False,0.0,0.0,q4,high,low,low,mid,mid,high,mid,B_side,mid,phase=q4|str=high|ab=low|ac=low|bc=mid|tfc=mid|mem=high|dphi=mid|side=B_side|dist=mid,side=B_side|tfc=mid,-0.3271240956152292,0.7128536514407491,neutral,1.75,1.0,0.3825787879226443,0.8929700895908829,,1.75,1.0,0.3825787879226443,-0.003272564093355107,,1.75,1.0,0.3825787879226443,,,1.75,1.0,0.3825787879226443,,,1.75,1.0,0.3825787879226443,-0.024949539117429573,,1.75,1.0,0.3825787879226443,0.30525207840424534,,1.75,1.0,0.3825787879226443,0.481374252806181,,1.2517419012664042,1.2706760933847336,1.2706760933847336,1.2706760933847336,1.2706760933847336,1.2517419012664042,1.2706760933847336,0.7115680669648201,0.7093409314018366,0.7093409314018366,0.7093409314018366,0.7093409314018366,0.7115680669648201,0.7093409314018366,-1.1974739893700823,-1.1823578731082816,-1.1823578731082816,-1.1823578731082816,-1.1823578731082816,-1.1974739893700823,-1.1823578731082816,0.53237893775254,0.030619609841596833,,,-0.03959205244556273,0.19838106846913153,0.33058228538188694,0.3245537291534205,0.2070696903799714,0.2658863838927629,0.2658863838927629,0.1895167748081815,0.24105426183256837,0.2820603592650439
P16,177.0,0.012502955071309,0.0343133355955,O5_full_TFC,full triadic projection is already active,0.1500270507552732,0.1358946951709862,0.1410274450228712,0.1358946951709862,0.1423163969830435,0.0282848586330146,0.224838144726913,0.15002705075527326,0.0899287841141666,,,0.0899287841141666,0.0362312500003896,-0.3965585981628093,-0.7779652338495867,,,-0.09647538887847253,-0.6418947187223529,O7_suppress_event,0.0,-0.09647538887847253,True,0.0,0.0,q1,low,mid,mid,mid,high,low,low,B_side,near,phase=q1|str=low|ab=mid|ac=mid|bc=mid|tfc=high|mem=low|dphi=low|side=B_side|dist=near,side=B_side|tfc=high,-0.3825787879226443,0.3825787879226443,good,1.25,1.0,3.1764491827146273,-2.8990476798932563,,1.25,1.0,3.1764491827146273,-2.0038177176116467,,1.25,1.0,3.1764491827146273,,,1.25,1.0,3.1764491827146273,,,1.25,1.0,3.1764491827146273,-2.9480713087287715,,1.25,1.0,3.1764491827146273,-4.906054827252545,,1.25,1.0,3.1764491827146273,-4.356134581108043,,0.8013797357314016,0.8172041592316543,0.8172041592316543,0.8172041592316543,0.8172041592316543,0.8013797357314016,0.8172041592316543,0.7115680669648201,0.7093409314018366,0.7093409314018366,0.7093409314018366,0.7093409314018366,0.7115680669648201,0.7093409314018366,2.7610850245821985,2.6775908466326164,2.6775908466326164,2.6775908466326164,2.6775908466326164,2.7610850245821985,2.6775908466326164,-1.6799731962117332,-1.3087099820197063,,,-1.9237580038309288,-3.0016014832155062,-2.897655017091693,0.6485149077666716,0.7238564888116003,1.4013786457553692,1.4013786457553692,0.5700944833587946,0.31810783601572845,0.32662023004360363
P16,220.0,-0.3412909435505243,0.3608723263450928,O5_full_TFC,full triadic projection is already active,0.3190910087629971,0.160385117054578,0.3792895756845102,0.160385117054578,0.2862552338340284,0.0255260144778257,1.3723146160185222,0.3190910087629971,0.3729458913309838,0.57485157635476,0.1856953381770518,0.1856953381770518,0.0103760788888018,0.8484226424415824,1.2594813037174482,4.12019750142936,0.28231844850758364,1.0492703068006397,-0.9534519718934834,O3_A_C_boundary,4.12019750142936,1.0492703068006397,False,0.0,0.0,q4,high,high,mid,high,high,high,low,B_side,far,phase=q4|str=high|ab=high|ac=mid|bc=high|tfc=high|mem=high|dphi=low|side=B_side|dist=far,side=B_side|tfc=high,0.9437483187147331,3.1764491827146273,good,1.0,1.0,1.449457968215654,2.50976178668997,,1.0,1.0,1.449457968215654,-0.025082734865561007,,1.0,1.0,1.449457968215654,-1.023301549513666,,1.0,1.0,1.449457968215654,4.20024354497569,,1.0,1.0,1.449457968215654,0.5582748338516518,,1.0,1.0,1.449457968215654,2.938925780254568,,1.0,1.0,1.449457968215654,2.9301168401001596,,0.5761986529639004,0.5904681921551147,0.5904681921551147,0.5904681921551147,0.5904681921551147,0.5761986529639004,0.5904681921551147,0.7115680669648201,0.7093409314018366,0.7093409314018366,0.7093409314018366,0.7093409314018366,0.7115680669648201,0.7093409314018366,0.31415811919856157,0.2916184909230335,0.2916184909230335,0.2916184909230335,0.2916184909230335,0.31415811919856157,0.2916184909230335,1.4756531465491625,0.01601808631817551,-0.6689725604835134,2.299453309372896,0.3363387476293624,1.8155780682473595,1.9647130820096492,0.7693944964191112,0.4018614251995401,0.23061376349911786,0.9727202309632201,0.4819415905273368,0.8543757268436605,0.8890351741224085
P16,244.0,0.0097632602522324,0.1317031621194366,O5_full_TFC,full triadic projection is already active,0.250382303372511,0.3868116877291901,0.1855691776300106,0.1855691776300106,0.2742543895772373,0.1155067943316341,0.6793519275986812,0.25038230337251105,0.009555458577541066,0.1577943705329638,0.262547457002729,0.009555458577541,0.0267857052029494,0.34245407122511434,-1.3565746169986181,0.1334232894524277,1.2419561227064913,-1.0580573595582945,-0.7557144253912602,O4_B_C_boundary,1.2419561227064913,-1.0580573595582945,False,0.0,0.0,q1,low,mid,high,mid,high,mid,high,A_side,far,phase=q1|str=low|ab=mid|ac=high|bc=mid|tfc=high|mem=mid|dphi=high|side=A_side|dist=far,side=A_side|tfc=high,-0.2075018455091628,1.449457968215654,good,-1.0,0.0,1.6441871591956096,1.3105488412802795,,-1.0,0.0,1.6441871591956096,2.444054281996081,,-1.0,0.0,1.6441871591956096,-1.8259624550894966,,-1.0,0.0,1.6441871591956096,-1.3462084821312508,,-1.0,0.0,1.6441871591956096,-0.1732827153873686,,-1.0,0.0,1.6441871591956096,-0.971779412629025,,-1.0,0.0,1.6441871591956096,-0.8004743948989093,,-1.22525000917611,-1.2234195444572022,-1.2234195444572022,-1.2234195444572022,-1.2234195444572022,-1.22525000917611,-1.2234195444572022,-1.4053469322555197,-1.4097593353646567,-1.4097593353646567,-1.4097593353646567,-1.4097593353646567,-1.4053469322555197,-1.4097593353646567,0.5900646163897928,0.5606519768071286,0.5606519768071286,0.5606519768071286,0.5606519768071286,0.5900646163897928,0.5606519768071286,0.7760041786025719,1.6690616415846233,-1.1961104849790443,-0.7452951787758973,-0.13520364245668398,-0.5857751064094724,-0.5248397433358515,-0.31613203660981626,-0.10086631535752677,-0.8171593469984437,-0.7044555204476569,-0.5519326363678536,-0.6565768578628273,-0.6493416615876455
P16,278.0,-0.1721753355250628,0.1862595750181697,O2_lag5_AB,current AB is active; read short-lag future AB,0.4704169656838561,0.0683176786639417,0.0177398208497188,0.0177398208497188,0.1854914883991722,0.0380637067891624,0.7335970788521327,0.4704169656838561,0.40779533684581104,0.0691816831662781,0.2076912857055672,0.0691816831662781,0.02795572681451,1.9627818459234423,1.5103632479170976,-0.7136518165905277,0.5569776283793197,-0.3446925440374031,-0.7416155544971007,O1_lag0_AB,1.9627818459234423,1.5103632479170976,False,0.0,0.0,q4,mid,high,low,low,low,mid,low,A_side,near,phase=q4|str=mid|ab=high|ac=low|bc=low|tfc=low|mem=mid|dphi=low|side=A_side|dist=near,side=A_side|tfc=low,0.3185946867278327,1.6441871591956096,bad,1.5,1.0,1.2682257037032092,-0.9678789640012665,,1.5,1.0,1.2682257037032092,-1.374933654129044,,1.5,1.0,1.2682257037032092,0.7157132568781093,,1.5,1.0,1.2682257037032092,-1.067983425565548,,1.5,1.0,1.2682257037032092,0.6051934831120371,,1.5,1.0,1.2682257037032092,3.0214538263463453,,1.5,1.0,1.2682257037032092,1.700165665806172,,1.026560818498903,1.043940126308194,1.043940126308194,1.043940126308194,1.043940126308194,1.026560818498903,1.043940126308194,0.7115680669648201,0.7093409314018366,0.7093409314018366,0.7093409314018366,0.7093409314018366,0.7115680669648201,0.7093409314018366,0.05737505021939436,0.04123205614618333,0.04123205614618333,0.04123205614618333,0.04123205614618333,0.05737505021939436,0.04123205614618333,-0.5532840588267299,-0.8876832260922347,0.4731045599297633,-0.5925623477330224,0.36658125149644016,1.86625409103766,1.1439240359534204,0.31055496921409687,0.22670747194099483,0.5669044184464943,0.3004876915307979,0.5402735913381636,0.9154395066801944,0.7346092874524086
P16,298.0,0.0875035867447697,0.1872639359268992,O4_B_C_boundary,B-side boundary projection dominates current C-state,0.1272605647783275,0.0877712742473134,0.6524204890338321,0.0877712742473134,0.2891507760198243,0.1412011594740927,0.8641142824967796,0.1272605647783275,0.024111012282437397,0.0017257310769009,0.021421524419943,0.0017257310769009,0.1279842906745675,-0.5642102271071967,-1.2517888576144947,-1.3584833804148724,-1.76893717039392,-1.1517317813852304,0.4637380848344582,O6_phase_only,0.4637380848344582,-1.76893717039392,False,0.0,0.0,q1,mid,mid,mid,high,mid,high,high,B_side,far,phase=q1|str=mid|ab=mid|ac=mid|bc=high|tfc=mid|mem=high|dphi=high|side=B_side|dist=far,side=B_side|tfc=mid,-0.8044876188687509,1.2682257037032092,neutral,-1.0,0.0,1.8805703142869463,-1.3123228737724173,,-1.0,0.0,1.8805703142869463,2.1856695210206896,,-1.0,0.0,1.8805703142869463,-0.8075591018254439,,-1.0,0.0,1.8805703142869463,0.5352049392083073,,-1.0,0.0,1.8805703142869463,-0.374825629447474,,-1.0,0.0,1.8805703142869463,-2.5298530259319048,,-1.0,0.0,1.8805703142869463,-1.9827261033379167,,-1.22525000917611,-1.2234195444572022,-1.2234195444572022,-1.2234195444572022,-1.2234195444572022,-1.22525000917611,-1.2234195444572022,-1.4053469322555197,-1.4097593353646567,-1.4097593353646567,-1.4097593353646567,-1.4097593353646567,-1.4053469322555197,-1.4097593353646567,0.9249894830112313,0.8872336459367927,0.8872336459367927,0.8872336459367927,0.8872336459367927,0.9249894830112313,0.8872336459367927,-0.7542407170327036,1.496077614779858,-0.5272862950756229,0.28751474046799946,-0.2651128033964719,-1.5425040934122216,-1.3137972826666409,-0.6149620438632755,-0.06246690477630207,-0.5683078822401723,-0.3646076233542667,-0.5027645093203845,-0.8120278879581551,-0.7649356291379268
P16,312.0,-0.0332884540318352,0.111679573468653,O1_lag0_AB,default immediate AB readout,0.2154147778784055,0.0020577497553693,0.0091732257422389,0.0020577497553693,0.0755485844586713,0.0754761210197805,0.0781462648421184,0.21541477787840557,0.5221056004252175,0.1284955260303593,0.211072251311299,0.1284955260303593,0.0839639588414422,0.08495440196664207,2.333285413395289,-0.1466531031219196,0.599195097721843,0.3649349540041699,-0.06671107020762403,O2_lag5_AB,2.333285413395289,0.08495440196664207,False,0.0,0.0,q4,low,mid,low,low,low,low,mid,B_side,near,phase=q4|str=low|ab=mid|ac=low|bc=low|tfc=low|mem=low|dphi=mid|side=B_side|dist=near,side=B_side|tfc=low,0.4527150991083429,1.8805703142869463,bad,1.75,1.0,2.159672189917128,1.3111848114512616,,1.75,1.0,2.159672189917128,-2.114899370813292,,1.75,1.0,2.159672189917128,,,1.75,1.0,2.159672189917128,,,1.75,1.0,2.159672189917128,2.508268506870401,,1.75,1.0,2.159672189917128,-2.0198217484941967,,1.75,1.0,2.159672189917128,-1.5331297807818438,,1.2517419012664042,1.2706760933847336,1.2706760933847336,1.2706760933847336,1.2706760933847336,1.2517419012664042,1.2706760933847336,0.7115680669648201,0.7093409314018366,0.7093409314018366,0.7093409314018366,0.7093409314018366,0.7115680669648201,0.7093409314018366,1.3204413435006668,1.2728345419283242,1.2728345419283242,1.2728345419283242,1.2728345419283242,1.3204413435006668,1.2728345419283242,0.776375218521275,-1.383077183871758,,,1.5932524083309916,-1.2293213893111672,-1.0137660745879842,1.0150316325632915,0.4674435957107841,1.0842838555716314,1.0842838555716314,1.2115259937614715,0.5136074806051809,0.5597713730317275
P16,317.0,0.0363203211056348,0.0754761210197805,O5_full_TFC,full triadic projection is already active,0.5221056004252175,0.1284955260303593,0.211072251311299,0.1284955260303593,0.2872244592556253,0.0839639588414422,0.6561275557433666,0.5221056004252175,0.3926334744635721,,,0.3926334744635721,0.052759941098098,2.343415195359798,1.401212658691073,,,3.525066593325132,-0.4427224303359813,O5_full_TFC,3.525066593325132,3.525066593325132,True,0.0,0.0,q1,low,high,mid,mid,high,mid,high,B_side,mid,phase=q1|str=low|ab=high|ac=mid|bc=mid|tfc=high|mem=mid|dphi=high|side=B_side|dist=mid,side=B_side|tfc=high,1.3653944034080043,2.159672189917128,good,1.25,1.0,2.625810315512693,-0.19707265635360888,,1.25,1.0,2.625810315512693,0.7101378430873404,,1.25,1.0,2.625810315512693,,,1.25,1.0,2.625810315512693,,,1.25,1.0,2.625810315512693,-3.6745703545515025,,1.25,1.0,2.625810315512693,4.6242416025392865,,1.25,1.0,2.625810315512693,-0.409444147100897,,0.8013797357314016,0.8172041592316543,0.8172041592316543,0.8172041592316543,0.8172041592316543,0.8013797357314016,0.8172041592316543,0.7115680669648201,0.7093409314018366,0.7093409314018366,0.7093409314018366,0.7093409314018366,0.7115680669648201,0.7093409314018366,1.9808997821822976,1.9168405289164885,1.9168405289164885,1.9168405289164885,1.9168405289164885,1.9808997821822976,1.9168405289164885,-0.10357757450574442,0.5082352576556619,,,-2.392039818185569,2.8504396342655025,-0.26389170671684203,0.8475675025931938,0.9879052193014104,1.14779520651666,1.14779520651666,0.2628364503411026,1.5860718047860054,0.7948734782082844
P16,368.0,-0.1198139204109796,0.2999828376993538,O5_full_TFC,full triadic projection is already active,0.4815315611111136,0.1736744717577879,0.2119383246307761,0.1736744717577879,0.2890481191665592,0.2514335787203998,0.0521339946199265,0.4815315611111136,0.47812050495047653,0.1153742138184186,0.1357626054076621,0.1153742138184186,0.3942919608419453,2.044629348885669,2.0166357191034483,-0.2720836398052142,-0.3411820128122018,0.2079523086996209,3.6727706554433617,O6_phase_only,3.6727706554433617,0.2079523086996209,False,0.0,0.0,q4,high,high,high,mid,high,low,high,B_side,near,phase=q4|str=high|ab=high|ac=high|bc=mid|tfc=high|mem=low|dphi=high|side=B_side|dist=near,side=B_side|tfc=high,1.046960339930669,2.625810315512693,good,1.25,1.0,2.0240541050775307,2.1341548328270754,,1.25,1.0,2.0240541050775307,0.5705396305082142,,1.25,1.0,2.0240541050775307,2.090175871343769,,1.25,1.0,2.0240541050775307,0.20577182848803643,,1.25,1.0,2.0240541050775307,0.7050494938435043,,1.25,1.0,2.0240541050775307,-3.147794306609597,,1.25,1.0,2.0240541050775307,1.6543961226451307,,0.8013797357314016,0.8172041592316543,0.8172041592316543,0.8172041592316543,0.8172041592316543,0.8013797357314016,0.8172041592316543,0.7115680669648201,0.7093409314018366,0.7093409314018366,0.7093409314018366,0.7093409314018366,0.7115680669648201,0.7093409314018366,1.1282877657264538,1.0854676354583157,1.0854676354583157,1.0854676354583157,1.0854676354583157,1.1282877657264538,1.0854676354583157,1.2565152372815482,0.41477672374086666,1.3757663998836458,0.10667102976617086,0.43094575981674116,-1.9219485114693962,1.113380433528597,0.9744377014260559,0.7566973624581683,0.9969447814938631,0.6796709389644944,0.7607396214771369,0.17982176423831986,0.9313482899051009
P16,373.0,0.0418633203329611,0.2514335787203998,O6_phase_only,phase or closed-loop memory is high,0.4781205049504765,0.1153742138184186,0.1357626054076621,0.1153742138184186,0.2430857747255191,0.3942919608419453,1.2774863613742995,0.47812050495047653,0.30165038997523697,0.1575363597170268,0.0484173841368682,0.0484173841368682,0.0145184657531352,2.019510447254091,0.7462233815732255,0.1309568871147392,-1.4318450455754368,-0.5931154560816042,-0.9035358190490929,O1_lag0_AB,2.019510447254091,-0.9035358190490929,False,0.0,0.0,q1,mid,high,mid,mid,high,high,high,B_side,near,phase=q1|str=mid|ab=high|ac=mid|bc=mid|tfc=high|mem=high|dphi=high|side=B_side|dist=near,side=B_side|tfc=high,-0.004543657823439716,2.0240541050775307,good,-1.0,0.0,1.7494298528381986,-2.0211688389545728,,-1.0,0.0,1.7494298528381986,1.710644528890415,,-1.0,0.0,1.7494298528381986,-0.9184982122886957,,-1.0,0.0,1.7494298528381986,1.3391541584067754,,-1.0,0.0,1.7494298528381986,0.19166892666967147,,-1.0,0.0,1.7494298528381986,1.2174802277966799,,-1.0,0.0,1.7494298528381986,0.4030889751550515,,-1.22525000917611,-1.2234195444572022,-1.2234195444572022,-1.2234195444572022,-1.2234195444572022,-1.22525000917611,-1.2234195444572022,-1.4053469322555197,-1.4097593353646567,-1.4097593353646567,-1.4097593353646567,-1.4097593353646567,-1.4053469322555197,-1.4097593353646567,0.73918012810003,0.7060529235887136,0.7060529235887136,0.7060529235887136,0.7060529235887136,0.73918012810003,0.7060529235887136,-1.167798083863304,1.1780567854499782,-0.6001442255276176,0.7288460920671471,0.10003440510418846,0.7585311832210963,0.27833980640673456,-0.764803724298726,-0.1872672926957918,-0.6318175454401908,-0.29956996604149955,-0.45677288778223923,-0.2832214075276259,-0.4121965374566027
P16,392.0,-0.1702613904936502,0.376969875750576,O3_A_C_boundary,A-side boundary projection dominates current C-state,0.1599076917795402,0.1380658877810105,0.0076490490585004,0.0076490490585004,0.1018742095396837,0.0854703296205785,0.9170097389369898,0.1599076917795402,0.4262228246560371,0.0441952858625555,0.1313225695094532,0.0441952858625555,0.0835818387718896,-0.3237978934844265,1.6430231482468713,-0.9525042402632063,-0.3966238898589704,-0.6436284036535871,-0.07131565312597153,O2_lag5_AB,1.6430231482468713,-0.9525042402632063,False,0.0,0.0,q4,high,mid,mid,low,low,high,high,A_side,mid,phase=q4|str=high|ab=mid|ac=mid|bc=low|tfc=low|mem=high|dphi=high|side=A_side|dist=mid,side=A_side|tfc=low,-0.10640670459132721,1.7494298528381986,bad,1.5,1.0,1.9060075510431038,,,1.5,1.0,1.9060075510431038,,,1.5,1.0,1.9060075510431038,-0.5073866737251641,,1.5,1.0,1.9060075510431038,,,1.5,1.0,1.9060075510431038,-0.30631151469605367,,1.5,1.0,1.9060075510431038,2.1908406891336187,,1.5,1.0,1.9060075510431038,-0.7616318148545659,,1.026560818498903,1.043940126308194,1.043940126308194,1.043940126308194,1.043940126308194,1.026560818498903,1.043940126308194,0.7115680669648201,0.7093409314018366,0.7093409314018366,0.7093409314018366,0.7093409314018366,0.7115680669648201,0.7093409314018366,0.961030812286501,0.922377162126271,0.922377162126271,0.922377162126271,0.922377162126271,0.961030812286501,0.922377162126271,,,-0.33015165248822875,,-0.22095044124448399,1.3562193541858343,-0.49891874347237325,0.8997198992500747,0.8918860732787671,0.5863766418370182,0.8918860732787671,0.6136769446479544,1.0138447629840146,0.5441848690909821
P16,406.0,0.0584732011865619,0.3372182499690431,O3_A_C_boundary,A-side boundary projection dominates current C-state,,0.1192935045214633,,0.1192935045214633,0.1192935045214633,0.0518545444447492,0.7028123395242689,,,0.0854009215929556,,0.0854009215929556,0.2807787279210342,,,-0.5586072793070435,,-0.15064648279606002,2.3049254806897705,O6_phase_only,2.3049254806897705,-0.5586072793070435,False,0.0,0.0,q1,high,missing,mid,missing,high,mid,mid,B_side,missing,phase=q1|str=high|ab=missing|ac=mid|bc=missing|tfc=high|mem=mid|dphi=mid|side=B_side|dist=missing,side=B_side|tfc=high,0.3989179296466668,1.9060075510431038,good,-1.0,0.0,0.0,,,-1.0,0.0,0.0,,,-1.0,0.0,0.0,,,-1.0,0.0,0.0,,,-1.0,0.0,0.0,,,-1.0,0.0,0.0,,,-1.0,0.0,0.0,2.3049254806897705,,-1.22525000917611,-1.2234195444572022,-1.2234195444572022,-1.2234195444572022,-1.2234195444572022,-1.22525000917611,-1.2234195444572022,-1.4053469322555197,-1.4097593353646567,-1.4097593353646567,-1.4097593353646567,-1.4097593353646567,-1.4053469322555197,-1.4097593353646567,-1.7395394739756702,-1.710920151943691,-1.710920151943691,-1.710920151943691,-1.710920151943691,-1.7395394739756702,-1.710920151943691,,,,,,,1.5475012200935803,-1.4567121384691,-1.4480330105885166,-1.4480330105885166,-1.4480330105885166,-1.4480330105885166,-1.4567121384691,-0.6991494529179925
P16,417.0,-0.2726644271931759,0.3258970481479974,O1_lag0_AB,default immediate AB readout,,,,,,0.0508581154208629,0.7849281003083504,,,,,,,,,,,,,O7_suppress_event,0.0,,False,0.0,0.0,q4,high,missing,missing,missing,missing,high,mid,missing,missing,phase=q4|str=high|ab=missing|ac=missing|bc=missing|tfc=missing|mem=high|dphi=mid|side=missing|dist=missing,side=missing|tfc=missing,0.0,0.0,bad,,,,,,,,,,,,,,,,,,,,,,,,,,,,,,,,,,,,,,,,,,,,,,,,,,,,,,,,,,,,,,,,,,,,,,
P17,42.0,0.086388293143923,0.1360895592297793,O1_lag0_AB,default immediate AB readout,0.1514891770820153,0.0395099665755439,0.1358880181418388,0.0395099665755439,0.108962387266466,0.0025040334591706,0.5047209068428686,0.15148917708201537,0.3312903967985897,0.04108673097977,0.2001538144398575,0.04108673097977,0.1269505076104561,-0.38579154958759154,0.9596024591476389,-0.982219843471126,0.4628586697182863,-0.6808189803803536,0.45128090130086956,O2_lag5_AB,0.9596024591476389,-0.38579154958759154,False,0.0,0.0,q1,low,mid,low,mid,low,low,low,B_side,mid,phase=q1|str=low|ab=mid|ac=low|bc=mid|tfc=low|mem=low|dphi=low|side=B_side|dist=mid,side=B_side|tfc=low,-0.02501262046746805,0.984615079615107,bad,1.75,1.0,0.5660205173544802,0.7485086328578028,,1.75,1.0,0.5660205173544802,-1.3024190926651844,,1.75,1.0,0.5660205173544802,1.1185902582219056,,1.75,1.0,0.5660205173544802,0.6382489187679726,,1.75,1.0,0.5660205173544802,0.9826158579198201,,1.75,1.0,0.5660205173544802,-0.19814181934256286,,1.75,1.0,0.5660205173544802,0.942759180064634,,1.2517419012664042,1.2706760933847336,1.2706760933847336,1.2706760933847336,1.2706760933847336,1.2517419012664042,1.2706760933847336,0.7115680669648201,0.7093409314018366,0.7093409314018366,0.7093409314018366,0.7093409314018366,0.7115680669648201,0.7093409314018366,-0.9375603896086102,-0.9289188911184993,-0.9289188911184993,-0.9289188911184993,-0.9289188911184993,-0.9375603896086102,-0.9289188911184993,0.44809673458066634,-0.8391360099303854,0.73768919939591,0.3440811723858784,0.6098575991657957,-0.11072597868361884,0.6384804379460063,0.3684615783008201,0.05299053093442138,0.44719683326599524,0.3487948265134873,0.41523893320846667,0.2287558999847488,0.4223946429035193
P17,52.0,-0.0079484609556616,0.1269505076104561,O4_B_C_boundary,B-side boundary projection dominates current C-state,0.1408641785796294,0.063007114547365,0.1978767232117885,0.063007114547365,0.133916005446261,0.0685663736061067,0.4732640211148134,0.14086417857962946,0.05513303021937243,0.0763517496969363,0.1732310063640368,0.0551330302193724,0.0437165556821891,-0.4640336774355382,-1.0284606508657437,-0.6451110122510835,0.12667872673730002,-0.5127698420201341,-0.5516960784850617,O4_B_C_boundary,0.12667872673730002,0.12667872673730002,True,0.0,0.0,q4,low,mid,low,mid,mid,low,mid,B_side,mid,phase=q4|str=low|ab=mid|ac=low|bc=mid|tfc=mid|mem=low|dphi=mid|side=B_side|dist=mid,side=B_side|tfc=mid,-0.4393417906171802,0.5660205173544802,neutral,0.0,1.0,1.3636907466243426,-2.068959794078692,,0.0,1.0,1.3636907466243426,-0.015092531915949822,,0.0,1.0,1.3636907466243426,,,0.0,1.0,1.3636907466243426,,,0.0,1.0,1.3636907466243426,0.9803712554135198,,0.0,1.0,1.3636907466243426,-1.457238561719513,,0.0,1.0,1.3636907466243426,-1.0671802183281007,,-0.32452567810610483,-0.3164756761510437,-0.3164756761510437,-0.3164756761510437,-0.3164756761510437,-0.32452567810610483,-0.3164756761510437,0.7115680669648201,0.7093409314018366,0.7093409314018366,0.7093409314018366,0.7093409314018366,0.7115680669648201,0.7093409314018366,0.19263687441755334,0.17312441983289428,0.17312441983289428,0.17312441983289428,0.17312441983289428,0.19263687441755334,0.17312441983289428,-1.1956804483405725,0.02270635047236522,,,0.608410788546843,-0.8838693915414757,-0.7028217827576557,-0.15400029626607598,0.14717400638901312,0.18866322502789576,0.18866322502789576,0.2936001159076326,-0.07604753206630177,-0.03420802691849212
P17,68.0,0.074070713321417,0.1339987056046468,O1_lag0_AB,default immediate AB readout,0.0446365583041872,0.0813900387862893,0.08053062863664,0.0446365583041872,0.0688524085757055,0.0274327638229605,0.8014764642470891,0.04463655830418722,0.20061976424198608,,,0.200619764241986,0.0269774786288915,-1.1726506025489034,0.01890162843712582,,,1.227825305377189,-0.7534035375011793,O5_full_TFC,1.227825305377189,-1.1726506025489034,False,0.0,0.0,q1,low,low,low,low,mid,high,low,A_side,near,phase=q1|str=low|ab=low|ac=low|bc=low|tfc=mid|mem=high|dphi=low|side=A_side|dist=near,side=A_side|tfc=mid,-0.13586544124715358,1.3636907466243426,neutral,1.75,1.0,0.7585061926667904,2.172314299784191,,1.75,1.0,0.7585061926667904,1.3492963456154479,,1.75,1.0,0.7585061926667904,,,1.75,1.0,0.7585061926667904,,,1.75,1.0,0.7585061926667904,-0.9299651089896316,,1.75,1.0,0.7585061926667904,0.06788385156872376,,1.75,1.0,0.7585061926667904,0.619799983200017,,1.2517419012664042,1.2706760933847336,1.2706760933847336,1.2706760933847336,1.2706760933847336,1.2517419012664042,1.2706760933847336,0.7115680669648201,0.7093409314018366,0.7093409314018366,0.7093409314018366,0.7093409314018366,0.7115680669648201,0.7093409314018366,-0.6648326687792516,-0.662984996197961,-0.662984996197961,-0.662984996197961,-0.662984996197961,-0.6648326687792516,-0.662984996197961,1.2787783655909386,0.9361405687755615,,,-0.6229408338593284,0.052626040421659456,0.4229585728103794,0.6443139162607279,0.5632931493410427,0.4390106761962031,0.4390106761962031,0.1735227986823202,0.337775834968408,0.43499765034974713
P17,125.0,-0.3538728623604952,0.4987012850210543,O5_full_TFC,full triadic projection is already active,0.2451455736083274,0.2120095380741881,0.1944210191951078,0.1944210191951078,0.2171920436258745,0.0902670809417653,1.2819050630999524,0.24514557360832745,0.2811608043658491,0.2105909455906613,0.0764652941683423,0.0764652941683423,0.002840555909606,0.3038909712282162,0.5987183926820452,0.6381214962750957,-1.081616170171274,-0.25755182944996763,-1.0442557353059778,O3_A_C_boundary,0.6381214962750957,-0.25755182944996763,False,0.0,0.0,q4,high,mid,high,mid,high,high,high,A_side,near,phase=q4|str=high|ab=mid|ac=high|bc=mid|tfc=high|mem=high|dphi=high|side=A_side|dist=near,side=A_side|tfc=high,-0.12038469639169465,0.7585061926667904,good,-1.0,0.0,0.8470635909872453,-0.9826572831455884,,-1.0,0.0,0.8470635909872453,-1.2573152845872533,,-1.0,0.0,0.8470635909872453,,,-1.0,0.0,0.8470635909872453,,,-1.0,0.0,0.8470635909872453,0.09602878380776428,,-1.0,0.0,0.8470635909872453,0.6485441171881072,,-1.0,0.0,0.8470635909872453,0.849887394021907,,-1.22525000917611,-1.2234195444572022,-1.2234195444572022,-1.2234195444572022,-1.2234195444572022,-1.22525000917611,-1.2234195444572022,-1.4053469322555197,-1.4097593353646567,-1.4097593353646567,-1.4097593353646567,-1.4097593353646567,-1.4053469322555197,-1.4097593353646567,-0.5393580984387403,-0.5406360794737567,-0.5406360794737567,-0.5406360794737567,-0.5406360794737567,-0.5393580984387403,-0.5406360794737567,-0.5619060769402667,-0.8089398082809665,,,0.038387332224977776,0.4091781975056442,0.5765038763842807,-0.9329652792026591,-0.9956886918941454,-1.0579383197652052,-1.0579383197652052,-0.7838569067676594,-0.6901942105911815,-0.6493277707278338
P17,145.0,0.0180649929961765,0.0941682728852688,O4_B_C_boundary,B-side boundary projection dominates current C-state,0.0378097530037074,0.1691367764084879,0.3291492040545619,0.0378097530037074,0.1786985778222524,0.0504372539401507,0.6445338825638072,0.037809753003707466,0.030362059357965855,,,0.0303620593579658,0.0068053817378641,-1.2229229647514235,-1.206787428741692,,,-0.8091283517312883,-0.9964792097118222,O7_suppress_event,0.0,,False,0.0,0.0,q1,low,low,mid,high,low,mid,mid,B_side,mid,phase=q1|str=low|ab=low|ac=mid|bc=high|tfc=low|mem=mid|dphi=mid|side=B_side|dist=mid,side=B_side|tfc=low,-0.8470635909872453,0.8470635909872453,bad,1.5,1.0,1.80984192774928,1.5025402212770596,,1.5,1.0,1.80984192774928,1.3043143239659205,,1.5,1.0,1.80984192774928,,,1.5,1.0,1.80984192774928,,,1.5,1.0,1.80984192774928,-1.503691027820805,,1.5,1.0,1.80984192774928,-3.6192141503889292,,1.5,1.0,1.80984192774928,-3.2835809397035005,,1.026560818498903,1.043940126308194,1.043940126308194,1.043940126308194,1.043940126308194,1.026560818498903,1.043940126308194,0.7115680669648201,0.7093409314018366,0.7093409314018366,0.7093409314018366,0.7093409314018366,0.7115680669648201,0.7093409314018366,0.8247763548028179,0.7895168922984297,0.7895168922984297,0.7895168922984297,0.7895168922984297,0.8247763548028179,0.7895168922984297,0.8880164541400899,0.9060259009856315,,,-0.9927491849608668,-2.211422016277618,-2.181902799790954,0.8627304236016577,0.862205962748523,0.8475993166694868,0.8475993166694868,0.3875121912618984,0.08787080599723074,0.09022378755437666
P17,183.0,-0.0160513421534377,0.0339246601755001,O5_full_TFC,full triadic projection is already active,0.5909738381119073,0.4558864439842773,0.1925957989092602,0.1925957989092602,0.4131520270018149,0.0492370191361796,0.30717335507560917,0.5909738381119073,0.5737238377404132,0.4564993358272255,0.1629051063521807,0.1629051063521807,0.0010617979793695,2.850558556983309,2.7048862679421832,2.9888331373126564,-0.002258807097841318,0.7766092481211258,-1.0656899363178007,O3_A_C_boundary,2.9888331373126564,0.7766092481211258,False,0.0,0.0,q4,low,high,high,mid,high,low,mid,A_side,far,phase=q4|str=low|ab=high|ac=high|bc=mid|tfc=high|mem=low|dphi=mid|side=A_side|dist=far,side=A_side|tfc=high,1.1789912095633763,1.80984192774928,good,1.25,1.0,1.2108756226481483,0.4409934859913843,,1.25,1.0,1.2108756226481483,-1.2111342741636586,,1.25,1.0,1.2108756226481483,-0.4676604958219134,,1.25,1.0,1.2108756226481483,0.504650544855123,,1.25,1.0,1.2108756226481483,0.7444148966406141,,1.25,1.0,1.2108756226481483,2.6004844662239632,,1.25,1.0,1.2108756226481483,1.5810155119824123,,0.8013797357314016,0.8172041592316543,0.8172041592316543,0.8172041592316543,0.8172041592316543,0.8013797357314016,0.8172041592316543,0.7115680669648201,0.7093409314018366,0.7093409314018366,0.7093409314018366,0.7093409314018366,0.7115680669648201,0.7093409314018366,-0.023882720625880753,-0.03800153047908351,-0.03800153047908351,-0.03800153047908351,-0.03800153047908351,-0.023882720625880753,-0.03800153047908351,0.26868518306549266,-0.7780224387161759,-0.30406196153332105,0.2707417754160174,0.4563196434448414,1.6077595077070908,1.0644110088199705,0.4394375662839584,0.17763028035955788,0.2961203996552716,0.43982133389260625,0.4862158008998122,0.774206147444358,0.6382386422435945
P17,201.0,0.0614723243208825,0.1047398490040151,O5_full_TFC,full triadic projection is already active,0.3897060253875531,0.5080072537693086,0.2989953993336218,0.2989953993336218,0.3989028928301611,0.0069540349049222,0.40068728131199705,0.38970602538755317,0.18829691869530263,0.2225169473237908,0.0939811513650164,0.0939811513650164,0.0864315149872506,1.368429224793825,-0.06981081456311007,0.7521257036066646,-0.8628990193801044,-0.04799309377653812,-0.03697678566099989,O1_lag0_AB,1.368429224793825,-0.04799309377653812,False,0.0,0.0,q1,low,high,high,high,high,low,low,A_side,far,phase=q1|str=low|ab=high|ac=high|bc=high|tfc=high|mem=low|dphi=low|side=A_side|dist=far,side=A_side|tfc=high,0.15755360214567674,1.2108756226481483,good,1.25,1.0,2.084624791872447,-2.8372094194243553,,1.25,1.0,2.084624791872447,1.9593962373250466,,1.25,1.0,2.084624791872447,0.7364316111344371,,1.25,1.0,2.084624791872447,-1.6684917274370632,,1.25,1.0,2.084624791872447,-1.4407294689003096,,1.25,1.0,2.084624791872447,-1.9868860640032882,,1.25,1.0,2.084624791872447,-0.8787553532645588,,0.8013797357314016,0.8172041592316543,0.8172041592316543,0.8172041592316543,0.8172041592316543,0.8013797357314016,0.8172041592316543,0.7115680669648201,0.7093409314018366,0.7093409314018366,0.7093409314018366,0.7093409314018366,0.7115680669648201,0.7093409314018366,1.21410872529575,1.1691507387918443,1.1691507387918443,1.1691507387918443,1.1691507387918443,1.21410872529575,1.1691507387918443,-1.6438953042224183,1.3445916539815075,0.48671109064002477,-0.9222139403742727,-0.9521658514858764,-1.2090973615180058,-0.5770793399021059,0.27079030594238845,1.0100718708517107,0.79560173001634,0.4433704722627656,0.4358824944848647,0.37948979161849156,0.5296541223808073
P17,222.0,-0.0382532559896015,0.048808670491149,O5_full_TFC,full triadic projection is already active,0.139779682040082,0.3026591074302061,0.1966068461883636,0.139779682040082,0.2130152118862172,0.0340637600644374,0.0850143931065057,0.13977968204008206,0.5056293646986525,0.3419529563901083,0.0572055971224629,0.0572055971224629,0.013476965360524,-0.472019873092777,2.2146726208211964,1.8938501344045284,-1.3221083148420871,-0.4879737675298312,-0.9160859971197836,O2_lag5_AB,2.2146726208211964,-0.4879737675298312,False,0.0,0.0,q4,low,mid,high,mid,high,low,low,A_side,mid,phase=q4|str=low|ab=mid|ac=high|bc=mid|tfc=high|mem=low|dphi=low|side=A_side|dist=mid,side=A_side|tfc=high,0.13004782894874947,2.084624791872447,good,1.25,1.0,1.951720595586849,2.456510257649015,,1.25,1.0,0.7210910014320908,-1.3709433469665449,,1.25,1.0,0.7210910014320908,0.5010952367746907,,1.25,1.0,0.7210910014320908,2.459745221890997,,1.25,1.0,0.7210910014320908,1.9706409677093473,,1.25,1.0,1.951720595586849,0.23825086226685438,,1.25,1.0,0.7210910014320908,2.1378799742245542,,0.8013797357314016,0.8172041592316543,0.8172041592316543,0.8172041592316543,0.8172041592316543,0.8013797357314016,0.8172041592316543,0.7115680669648201,0.7093409314018366,0.7093409314018366,0.7093409314018366,0.7093409314018366,0.7115680669648201,0.7093409314018366,1.0258003824394923,-0.7146769858387305,-0.7146769858387305,-0.7146769858387305,-0.7146769858387305,1.0258003824394923,-0.7146769858387305,1.4445849551343726,-0.8850117860330327,0.3321567488544324,1.3439993341220156,1.2467121053079513,0.15723923467143835,1.4360259641930626,0.9958332850675216,-0.01828592030956805,0.2860062134122982,0.538966859729194,0.5146450525256779,0.6739968549517881,0.5619735172469558
P17,226.0,0.0199916141762651,0.028538928014142,O3_A_C_boundary,A-side boundary projection dominates current C-state,0.3804229359102477,0.3163776743834953,0.1142899035386498,0.1142899035386498,0.2703635046107976,0.0305258857103082,0.2831613830310266,0.38042293591024773,0.1432042694802743,0.3399348838913695,0.0293760677087731,0.0293760677087731,0.0206382744734376,1.3000688693976188,-0.3944338132092679,1.8745587775269552,-1.6696103133384574,-0.82092470066639,-0.8297915461297151,O3_A_C_boundary,1.8745587775269552,1.8745587775269552,True,0.0,0.0,q1,low,high,high,low,high,low,low,A_side,far,phase=q1|str=low|ab=high|ac=high|bc=low|tfc=high|mem=low|dphi=low|side=A_side|dist=far,side=A_side|tfc=high,-0.07716181805989375,1.951720595586849,good,1.25,1.0,0.7210910014320908,-0.44746570931671603,,1.25,1.0,0.7210910014320908,0.8980492437696781,,1.25,1.0,0.7210910014320908,0.1802727503580227,,1.25,1.0,0.7210910014320908,2.467133377093126,,1.25,1.0,0.7210910014320908,1.963478057551665,,1.25,1.0,0.7210910014320908,1.7551733086972174,,1.25,1.0,0.7210910014320908,1.7977661309303128,,0.8013797357314016,0.8172041592316543,0.8172041592316543,0.8172041592316543,0.8172041592316543,0.8013797357314016,0.8172041592316543,0.7115680669648201,0.7093409314018366,0.7093409314018366,0.7093409314018366,0.7093409314018366,0.7115680669648201,0.7093409314018366,-0.7178452361470719,-0.7146769858387305,-0.7146769858387305,-0.7146769858387305,-0.7146769858387305,-0.7178452361470719,-0.7146769858387305,-0.24966275625533285,0.6340386163748332,0.12146042809635017,1.3480550934203837,1.2420950853903268,1.08869950916935,1.209056208951972,0.13635995257345426,0.36147668029239843,0.23333213322277765,0.539980799553786,0.5134907975462718,0.47095051892962503,0.5052310784366831
P17,241.0,-0.0266239332603878,0.2084657627104297,O3_A_C_boundary,A-side boundary projection dominates current C-state,0.1011985013111052,0.356211591483327,0.1926126851892983,0.1011985013111052,0.2166742593279102,0.0333912154099383,0.7833567677879888,0.10119850131110529,0.05418013565899946,0.1653502628513269,0.0990028161651911,0.0541801356589994,0.0315829232728154,-0.756130376679528,-1.035320560295922,0.2056523175637321,-0.8001944537405153,-0.5241702192360302,-0.6979074946902483,O3_A_C_boundary,0.2056523175637321,0.2056523175637321,True,0.0,0.0,q4,mid,low,high,mid,high,high,low,A_side,far,phase=q4|str=mid|ab=low|ac=high|bc=mid|tfc=high|mem=high|dphi=low|side=A_side|dist=far,side=A_side|tfc=high,-0.5154386838683588,0.7210910014320908,good,1.0,1.0,1.2408454739116546,0.2678175691302812,,1.0,1.0,1.2408454739116546,1.5511842463375678,,1.0,1.0,1.2408454739116546,-2.0258191764249687,,1.0,1.0,1.2408454739116546,-1.366116549936873,,1.0,1.0,1.2408454739116546,-0.9693355594783035,,1.0,1.0,1.2408454739116546,-0.7027448392660269,,1.0,1.0,1.2408454739116546,-0.3932669977186223,,0.5761986529639004,0.5904681921551147,0.5904681921551147,0.5904681921551147,0.5904681921551147,0.5761986529639004,0.5904681921551147,0.7115680669648201,0.7093409314018366,0.7093409314018366,0.7093409314018366,0.7093409314018366,0.7115680669648201,0.7093409314018366,0.01858074693049278,0.00340414432638979,0.00340414432638979,0.00340414432638979,0.00340414432638979,0.01858074693049278,0.00340414432638979,0.16765029016439717,1.0713009470356365,-1.3273639901010892,-0.7562237974778875,-0.6483179710941287,-0.42057548256329,-0.2530961342690104,0.36849943925590267,0.5936285537297443,-0.0060376805544370415,0.13674736760136338,0.16372382419730308,0.22144299607398085,0.26252928340358267
P17,275.0,0.0236003803934511,0.032072685878438,O5_full_TFC,full triadic projection is already active,0.1935527744998982,0.1295411440931388,0.1367257402625445,0.1295411440931388,0.1532732196185271,0.0893739026214892,0.304645860813821,0.1935527744998982,0.29902241729876283,0.0244223230380963,0.0494913047497732,0.0244223230380963,0.0226202736432995,-0.07603664786449965,0.7273045470082143,-1.1415198889140914,-1.4184352047670128,-0.8801910247965692,-0.8059082689901225,O2_lag5_AB,0.7273045470082143,-0.8801910247965692,False,0.0,0.0,q1,low,mid,mid,mid,high,low,high,B_side,near,phase=q1|str=low|ab=mid|ac=mid|bc=mid|tfc=high|mem=low|dphi=high|side=B_side|dist=near,side=B_side|tfc=high,-0.5135409269034401,1.2408454739116546,good,-1.0,0.0,0.8660974241237369,-0.01751163678665449,,-1.0,0.0,0.39801067068033136,-0.6041348874739342,,-1.0,0.0,0.39801067068033136,1.8863762922471503,,-1.0,0.0,0.39801067068033136,0.9158001216035373,,-1.0,0.0,0.39801067068033136,1.3811231962325445,,-1.0,0.0,0.8660974241237369,1.307054786276243,,-1.0,0.0,0.39801067068033136,0.21620949696558622,,-1.22525000917611,-1.2234195444572022,-1.2234195444572022,-1.2234195444572022,-1.2234195444572022,-1.22525000917611,-1.2234195444572022,-1.4053469322555197,-1.4097593353646567,-1.4097593353646567,-1.4097593353646567,-1.4097593353646567,-1.4053469322555197,-1.4097593353646567,-0.5123895776823819,-1.1610375297577946,-1.1610375297577946,-1.1610375297577946,-1.1610375297577946,-0.5123895776823819,-1.1610375297577946,0.0011825371194164943,-0.3716470867749998,1.241923470208401,0.4964440885505494,0.8667247492215656,0.8135340892864285,0.15362865377202567,-0.7854509954986488,-1.0414658740886633,-0.6380732348428131,-0.824443080257276,-0.7318729150895219,-0.5823631074568958,-0.9101469389519069
P17,276.0,-0.0242875031264727,0.0478878835199239,O6_phase_only,phase or closed-loop memory is high,0.1390545507466027,0.0314150828565754,0.0677476750965466,0.0314150828565754,0.0794057695665749,0.1291256075293277,0.4506569185675286,0.13905455074660278,0.24696500125087326,0.0249201944660589,0.0463651368232836,0.0249201944660589,0.0893670033479432,-0.47735971529211596,0.35254203486012625,-1.1367605874509499,-1.4574710643369555,-0.8742345188830832,-0.0016038737422960356,O2_lag5_AB,0.35254203486012625,-0.0016038737422960356,False,0.0,0.0,q4,low,mid,low,low,low,low,high,B_side,near,phase=q4|str=low|ab=mid|ac=low|bc=low|tfc=low|mem=low|dphi=high|side=B_side|dist=near,side=B_side|tfc=low,-0.5135553892636107,0.8660974241237369,bad,-1.0,0.0,0.39801067068033136,0.4983144746554867,,-1.0,0.0,0.39801067068033136,-0.6041348874739342,,-1.0,0.0,0.39801067068033136,1.5068544786359206,,-1.0,0.0,0.39801067068033136,0.5800734690253918,,-1.0,0.0,0.39801067068033136,1.0004041781709705,,-1.0,0.0,0.39801067068033136,0.4536485762725051,,-1.0,0.0,0.39801067068033136,-0.15855301518250187,,-1.22525000917611,-1.2234195444572022,-1.2234195444572022,-1.2234195444572022,-1.2234195444572022,-1.22525000917611,-1.2234195444572022,-1.4053469322555197,-1.4097593353646567,-1.4097593353646567,-1.4097593353646567,-1.4097593353646567,-1.4053469322555197,-1.4097593353646567,-1.1756089741902191,-1.1610375297577946,-1.1610375297577946,-1.1610375297577946,-1.1610375297577946,-1.1756089741902191,-1.1610375297577946,0.30212759270093603,-0.3716470867749998,0.9926770702180094,0.31214551121267775,0.6213234736627081,0.2895033555472689,-0.09646335904322532,-0.8760195807302282,-1.0414658740886633,-0.7003848348404109,-0.8705177245917439,-0.7932232339792363,-0.879175640018645,-0.9726699421557197
P17,289.0,0.2321706304022043,0.2965920372812318,O6_phase_only,phase or closed-loop memory is high,0.2233794829809766,0.0364048926065785,0.0470571731791654,0.0364048926065785,0.1022805162555735,0.1147822654255237,0.9256959444707868,0.22337948298097662,0.18765501830558953,0.1880784173835408,0.1170313455114762,0.1170313455114762,0.1300373940338381,0.14360621963669815,-0.07443186994504482,0.42291752509397806,-0.5750756641032495,0.2277781395763113,0.48847817417016876,O6_phase_only,0.48847817417016876,0.48847817417016876,True,0.0,0.0,q1,high,mid,low,low,low,high,high,B_side,near,phase=q1|str=high|ab=mid|ac=low|bc=low|tfc=low|mem=high|dphi=high|side=B_side|dist=near,side=B_side|tfc=low,0.09046750348983743,0.39801067068033136,bad,1.75,1.0,0.9124906079504446,0.19406159477817106,,1.75,1.0,0.9124906079504446,-1.6013595282951623,,1.75,1.0,0.9124906079504446,-0.35315086566442633,,1.75,1.0,0.9124906079504446,1.2916764902610294,,1.75,1.0,0.9124906079504446,-1.4724310022955365,,1.75,1.0,0.9124906079504446,-1.5924666836779706,,1.75,1.0,0.9124906079504446,-0.0676895659968973,,1.2517419012664042,1.2706760933847336,1.2706760933847336,1.2706760933847336,1.2706760933847336,1.2517419012664042,1.2706760933847336,0.7115680669648201,0.7093409314018366,0.7093409314018366,0.7093409314018366,0.7093409314018366,0.7115680669648201,0.7093409314018366,-0.4466563366682323,-0.4502435792223732,-0.4502435792223732,-0.4502435792223732,-0.4502435792223732,-0.4466563366682323,-0.4502435792223732,0.12461932428558932,-1.0392713435113365,-0.2288591350886165,0.7027830237126206,-0.9725998102935297,-0.966905689076443,-0.03582703027087306,0.4103182389621453,0.12262552551321515,0.3252285776188952,0.5581391173192044,0.13929340881766686,0.13743698562163723,0.37348660382333104
P17,305.0,-0.1807326240014316,0.187950834439378,O5_full_TFC,full triadic projection is already active,0.2479151318963842,0.1480771738993931,0.1492587455931286,0.1480771738993931,0.1817503504629687,0.0225135625524537,0.6690416369519668,0.24791513189638423,0.019291940258747326,0.1553403923714069,0.2133336150924738,0.0192919402587473,0.0207007130979572,0.3242859043294132,-1.286481465794648,0.1099649803411592,0.6274323137237418,-0.9415706373778624,-0.8290391548087235,O4_B_C_boundary,0.6274323137237418,-0.9415706373778624,False,0.0,0.0,q4,mid,mid,mid,mid,high,mid,low,B_side,near,phase=q4|str=mid|ab=mid|ac=mid|bc=mid|tfc=high|mem=mid|dphi=low|side=B_side|dist=near,side=B_side|tfc=high,-0.2850582942267028,0.9124906079504446,good,0.0,1.0,0.4785578465864191,-0.7230277570286148,,0.0,1.0,0.4785578465864191,0.7246267943164728,,0.0,1.0,0.4785578465864191,0.6371067950291873,,0.0,1.0,0.4785578465864191,-0.6523395812983914,,0.0,1.0,0.4785578465864191,1.0215325516932283,,0.0,1.0,0.4785578465864191,1.301683684893446,,0.0,1.0,0.4785578465864191,0.7279468419428492,,-0.32452567810610483,-0.3164756761510437,-0.3164756761510437,-0.3164756761510437,-0.3164756761510437,-0.32452567810610483,-0.3164756761510437,0.7115680669648201,0.7093409314018366,0.7093409314018366,0.7093409314018366,0.7093409314018366,0.7115680669648201,0.7093409314018366,-1.0614838702391522,-1.0497553567919307,-1.0497553567919307,-1.0497553567919307,-1.0497553567919307,-1.0614838702391522,-1.0497553567919307,-0.41043212004919466,0.5179353542028877,0.42148070873291044,-0.3643928872823052,0.6349422569828719,0.8102359855632295,0.49512871978589656,-0.2712184003574079,-0.03473868683456249,-0.058852348202056814,-0.25532074720586073,-0.005486961139566454,0.03394862604569815,-0.04044034543881028
P17,334.0,0.005844056372758,0.0189023770359958,O1_lag0_AB,default immediate AB readout,0.0814780709343699,0.1375008251425809,0.0961822776773476,0.0814780709343699,0.1050537245847661,0.0223718100586855,0.1741227840418677,0.0814780709343699,0.05466344426565823,0.1454374652672619,0.1148524361467955,0.0546634442656582,0.0725507055944949,-0.9013509557136407,-1.0318412107368196,0.015299946741997817,-0.6022832876139991,-0.5183879421019865,-0.20424184948650131,O3_A_C_boundary,0.015299946741997817,-0.9013509557136407,False,0.0,0.0,q1,low,low,mid,low,mid,low,low,A_side,near,phase=q1|str=low|ab=low|ac=mid|bc=low|tfc=mid|mem=low|dphi=low|side=A_side|dist=near,side=A_side|tfc=mid,-0.4632578998444213,0.4785578465864191,neutral,1.75,1.0,0.6716999295118183,-0.3344967175420084,,1.75,1.0,0.6716999295118183,0.1832161796068225,,1.75,1.0,0.6716999295118183,0.16792498237795458,,1.75,1.0,0.6716999295118183,-0.268176364156478,,1.75,1.0,0.6716999295118183,0.6425941900944401,,1.75,1.0,0.6716999295118183,-1.3788636264476706,,1.75,1.0,0.6716999295118183,-0.3641932244108542,,1.2517419012664042,1.2706760933847336,1.2706760933847336,1.2706760933847336,1.2706760933847336,1.2517419012664042,1.2706760933847336,0.7115680669648201,0.7093409314018366,0.7093409314018366,0.7093409314018366,0.7093409314018366,0.7115680669648201,0.7093409314018366,-0.7878261033065584,-0.7829145838249038,-0.7829145838249038,-0.7829145838249038,-0.7829145838249038,-0.7878261033065584,-0.7829145838249038,-0.18375399600746972,0.15547052487714308,0.11335117954574844,-0.15350485131288039,0.39068874485733224,-0.835743570149711,-0.2336941977065806,0.24793246722929907,0.33814324145970237,0.3276134051268537,0.2608993974121965,0.39694779645474965,0.08493507369373873,0.24085206081377145
P17,342.0,-0.095595433303473,0.1001963151363558,O3_A_C_boundary,A-side boundary projection dominates current C-state,0.1091842548451039,0.1642044162050018,0.1297007215192906,0.1091842548451039,0.1343631308564654,0.0347150969307918,0.4909911108512819,0.1091842548451039,0.14416111713338567,0.1896493483619166,0.1306507203198009,0.1306507203198009,0.0085771029996986,-0.6973235590758359,-0.3875454453753143,0.4379345228246453,-0.4050131418876983,0.3907195779226463,-0.9751298012186541,O3_A_C_boundary,0.4379345228246453,0.4379345228246453,True,0.0,0.0,q4,low,low,mid,low,high,low,low,A_side,near,phase=q4|str=low|ab=low|ac=mid|bc=low|tfc=high|mem=low|dphi=low|side=A_side|dist=near,side=A_side|tfc=high,-0.23376540668717302,0.6716999295118183,good,0.25,1.0,0.7596549266927848,-0.2769025207190433,,0.25,1.0,0.7596549266927848,0.30246283336227764,,0.25,1.0,0.7596549266927848,-1.424000614003014,,0.25,1.0,0.7596549266927848,-0.03861070468576219,,0.25,1.0,0.7596549266927848,-0.9922082211813201,,0.25,1.0,0.7596549266927848,1.6029780557164957,,0.25,1.0,0.7596549266927848,0.2105961912436007,,-0.09934459533860351,-0.0897397090745041,-0.0897397090745041,-0.0897397090745041,-0.0897397090745041,-0.09934459533860351,-0.0897397090745041,0.7115680669648201,0.7093409314018366,0.7093409314018366,0.7093409314018366,0.7093409314018366,0.7115680669648201,0.7093409314018366,-0.6632050587649467,-0.6613979310136829,-0.6613979310136829,-0.6613979310136829,-0.6613979310136829,-0.6632050587649467,-0.6613979310136829,-0.15015219032221339,0.23530405016610856,-0.9321268660375922,-0.027483803769640595,-0.663061075827706,0.9952446114240485,0.14988270031869844,-0.05028344436523588,0.04837683536993953,-0.24348089368098566,-0.01732012811399776,-0.1762144461285141,0.2360657560713296,0.027021497908087
P17,360.0,0.0172451818350189,0.1148895777284806,O3_A_C_boundary,A-side boundary projection dominates current C-state,0.0751626070875711,0.181333180833103,0.1308028829077916,0.0751626070875711,0.1290995569428219,0.0498165419896271,0.7289677615072021,0.0751626070875711,0.1651365206233775,0.0436904804306953,0.1211716856738925,0.0436904804306953,0.1172012685928172,-0.9478578168307839,-0.2365430426053099,-0.9573298259375755,-0.523376030253649,-0.6496678676018196,0.3338016506033926,O6_phase_only,0.3338016506033926,-0.9573298259375755,False,0.0,0.0,q1,low,low,high,low,mid,mid,mid,A_side,near,phase=q1|str=low|ab=low|ac=high|bc=low|tfc=mid|mem=mid|dphi=mid|side=A_side|dist=near,side=A_side|tfc=mid,-0.42585327608939216,0.7596549266927848,neutral,0.25,1.0,0.6736028785842431,1.1471961646324333,,0.25,1.0,0.6736028785842431,0.49776155603625655,,0.25,1.0,0.6736028785842431,0.9844972725146646,,0.25,1.0,0.6736028785842431,-1.4075976358346476,,0.25,1.0,0.6736028785842431,-0.20595377955297475,,0.25,1.0,0.6736028785842431,-0.9157416112853922,,0.25,1.0,0.6736028785842431,0.5022023702494534,,-0.09934459533860351,-0.0897397090745041,-0.0897397090745041,-0.0897397090745041,-0.0897397090745041,-0.09934459533860351,-0.0897397090745041,0.7115680669648201,0.7093409314018366,0.7093409314018366,0.7093409314018366,0.7093409314018366,0.7115680669648201,0.7093409314018366,-0.7851298664955092,-0.7802855120363447,-0.7802855120363447,-0.7802855120363447,-0.7802855120363447,-0.7851298664955092,-0.7802855120363447,0.6807003945119711,0.3660530902814795,0.6496252390309611,-0.7789950164403452,-0.15626253481495422,-0.5513653144358418,0.3444816100093248,0.12694849991066962,0.05134220014311683,0.12223523733048725,-0.23491982653733934,-0.0792367061309916,-0.1810679273262836,0.04594933007507816
P17,374.0,-0.0610165635571012,0.1225666025960091,O2_lag5_AB,current AB is active; read short-lag future AB,0.170976004071393,0.1023169856778991,0.096213267563032,0.096213267563032,0.1231687524374414,0.0572399141836725,0.5420213333809338,0.17097600407139307,0.17121456202858976,0.1040821402303478,0.0071982213468757,0.0071982213468757,0.0175244135107046,-0.2422912179582432,-0.1927870854548054,-0.38002793893789144,-1.9465408290701998,-1.0862592139233982,-0.8673138647451624,O7_suppress_event,0.0,-0.1927870854548054,True,0.0,0.0,q4,low,mid,mid,low,mid,low,mid,A_side,near,phase=q4|str=low|ab=mid|ac=mid|bc=low|tfc=mid|mem=low|dphi=mid|side=A_side|dist=near,side=A_side|tfc=mid,-0.6736028785842431,0.6736028785842431,neutral,-1.0,0.0,1.890353243050549,-3.43457360429039,,-1.0,0.0,1.890353243050549,-3.002893596167269,,-1.0,0.0,1.890353243050549,0.17234092416650293,,-1.0,0.0,1.890353243050549,2.419129139832837,,-1.0,0.0,1.890353243050549,-1.4968188683420376,,-1.0,0.0,1.890353243050549,-1.3126949672754782,,-1.0,0.0,1.890353243050549,-1.8617415791883076,,-1.22525000917611,-1.2234195444572022,-1.2234195444572022,-1.2234195444572022,-1.2234195444572022,-1.22525000917611,-1.2234195444572022,-1.4053469322555197,-1.4097593353646567,-1.4097593353646567,-1.4097593353646567,-1.4097593353646567,-1.4053469322555197,-1.4097593353646567,0.9388506488377498,0.9007495210564028,0.9007495210564028,0.9007495210564028,0.9007495210564028,0.9388506488377498,0.9007495210564028,-1.9924115848626291,-1.9775736096719576,0.11625129636087908,1.3217029627053472,-0.9883195751385893,-0.7951129646888152,-1.23306011663944,-0.9210394693641273,-0.9275007421093535,-0.4040445156011443,-0.10268159901502727,-0.6801872334760114,-0.6217148143206738,-0.741372368851224
P17,393.0,0.1694965161822096,0.2984193497004582,O3_A_C_boundary,A-side boundary projection dominates current C-state,0.0066885298303764,0.1760734612225386,0.1298786948793376,0.0066885298303764,0.1042135619774175,0.1895393689543688,0.17314264433996962,0.00668852983037649,0.049758601843897216,0.2822617040851594,0.3126409456585229,0.0497586018438972,0.0683704933058086,-1.4520985944482607,-1.0671512819470135,1.3232436515335353,1.867463911960756,-0.5770692024617025,-0.25461380226586655,O4_B_C_boundary,1.867463911960756,1.3232436515335353,False,0.0,0.0,q1,high,low,high,low,low,low,high,A_side,near,phase=q1|str=high|ab=low|ac=high|bc=low|tfc=low|mem=low|dphi=high|side=A_side|dist=near,side=A_side|tfc=low,-0.022889331089793113,1.890353243050549,bad,1.5,1.0,1.0994236068003895,0.8499353327888584,,1.5,1.0,1.0994236068003895,1.2656786178537816,,1.5,1.0,1.0994236068003895,,,1.5,1.0,1.0994236068003895,,,1.5,1.0,1.0994236068003895,1.862085042000892,,1.5,1.0,1.0994236068003895,2.3969336159267196,,1.5,1.0,1.0994236068003895,0.8165017983544238,,1.026560818498903,1.043940126308194,1.043940126308194,1.043940126308194,1.043940126308194,1.026560818498903,1.043940126308194,0.7115680669648201,0.7093409314018366,0.7093409314018366,0.7093409314018366,0.7093409314018366,0.7115680669648201,0.7093409314018366,-0.181796052174729,-0.1919811376527116,-0.1919811376527116,-0.1919811376527116,-0.1919811376527116,-0.181796052174729,-0.1919811376527116,0.5072714509649597,0.880159979185546,,,1.1767398649560943,1.4827699069939353,0.5542245113227676,0.5159010710634885,0.6103649748107163,0.520433306685773,0.520433306685773,0.6845099462533533,0.7597756850707323,0.5288811078450216
P17,398.0,-0.0917728407087226,0.1895393689543688,O4_B_C_boundary,B-side boundary projection dominates current C-state,0.0497586018438972,0.2822617040851594,0.3126409456585229,0.0497586018438972,0.2148870838625265,0.0683704933058086,0.6652015373934058,0.049758601843897216,0.1293210296346612,,,0.1293210296346612,0.1775205272006569,-1.134932048011061,-0.4943795699581246,,,0.37481123294781254,1.0606544122451436,O6_phase_only,1.0606544122451436,,False,0.0,0.0,q4,mid,low,high,high,mid,mid,mid,B_side,near,phase=q4|str=mid|ab=low|ac=high|bc=high|tfc=mid|mem=mid|dphi=mid|side=B_side|dist=near,side=B_side|tfc=mid,-0.03876919455524588,1.0994236068003895,neutral,,,,,,,,,,,,,,,,,,,,,,,,,,,,,,,,,,,,,,,,,,,,,,,,,,,,,,,,,,,,,,,,,,,,,,
P18,12.0,0.0810759508652602,0.160229113465159,O4_B_C_boundary,B-side boundary projection dominates current C-state,0.2088503369602939,0.1311891375434963,0.3098930563417865,0.1311891375434963,0.2166441769485256,0.0375210990996812,0.648528231957086,0.20885033696029395,0.19691444106880834,0.0944772098390872,0.2178242921209659,0.0944772098390872,0.0264864401676758,0.03661408215861142,-0.007773076650486905,-0.47184433308520496,0.6835065368557758,-0.04205827794199797,-0.7593205973232733,O4_B_C_boundary,0.6835065368557758,0.6835065368557758,True,0.0,0.0,q1,low,mid,mid,high,high,mid,low,B_side,far,phase=q1|str=low|ab=mid|ac=mid|bc=high|tfc=high|mem=mid|dphi=low|side=B_side|dist=far,side=B_side|tfc=high,-0.08012509514093942,0.7636316319967152,good,-1.0,0.0,0.961497797304704,-0.07376041765080821,,-1.0,0.0,0.961497797304704,0.9316540628324387,,-1.0,0.0,0.961497797304704,-1.2647831275386905,,-1.0,0.0,0.961497797304704,-0.8255191504987929,,-1.0,0.0,0.961497797304704,-1.4405458627955308,,-1.0,0.0,0.961497797304704,1.3088587361684205,,-1.0,0.0,0.961497797304704,-0.02096739767295811,,-1.22525000917611,-1.2234195444572022,-1.2234195444572022,-1.2234195444572022,-1.2234195444572022,-1.22525000917611,-1.2234195444572022,-1.4053469322555197,-1.4097593353646567,-1.4097593353646567,-1.4097593353646567,-1.4097593353646567,-1.4053469322555197,-1.4097593353646567,-0.3772193822810858,-0.38253634478562415,-0.38253634478562415,-0.38253634478562415,-0.38253634478562415,-0.3772193822810858,-0.38253634478562415,-0.031634321329701,0.6565364482886723,-0.8275626910850481,-0.4594605501637631,-0.9520475039114827,0.8146417976374403,-0.004647708058918132,-0.7598626612606041,-0.5897946940797026,-0.9608194789231328,-0.8687939436928115,-0.9919406821297414,-0.5482936315188187,-0.7550907331666002
P18,29.0,-0.0590738680481995,0.3533091944409011,O1_lag0_AB,default immediate AB readout,0.202120643703428,0.0112959412882541,0.1033486118805407,0.0112959412882541,0.1055883989574076,0.0407013134730306,0.7229292980344401,0.20212064370342805,0.3029915894839803,0.0002565154923513,0.1553309237822971,0.0002565154923513,0.1273756933172666,-0.012943150255390992,0.7558787070839279,-1.3725280503607498,-0.09683617277604716,-1.1693093944516566,0.4564044292144842,O2_lag5_AB,0.7558787070839279,-0.012943150255390992,False,0.0,0.0,q4,high,mid,low,low,low,mid,low,B_side,mid,phase=q4|str=high|ab=mid|ac=low|bc=low|tfc=low|mem=mid|dphi=low|side=B_side|dist=mid,side=B_side|tfc=low,-0.20561909022077604,0.961497797304704,bad,-1.0,0.0,0.9009800827124721,-0.21771570362711146,,-1.0,0.0,0.9009800827124721,-2.0388389826052555,,-1.0,0.0,0.9009800827124721,0.5991591584160412,,-1.0,0.0,0.9009800827124721,1.077959900538093,,-1.0,0.0,0.9009800827124721,0.2866676435408362,,-1.0,0.0,0.9009800827124721,0.34468639799490985,,-1.0,0.0,0.9009800827124721,0.37170558788811014,,-1.22525000917611,-1.2234195444572022,-1.2234195444572022,-1.2234195444572022,-1.2234195444572022,-1.22525000917611,-1.2234195444572022,-1.4053469322555197,-1.4097593353646567,-1.4097593353646567,-1.4097593353646567,-1.4097593353646567,-1.4053469322555197,-1.4097593353646567,-0.46296528697639205,-0.4661462629111651,-0.4661462629111651,-0.4661462629111651,-0.4661462629111651,-0.46296528697639205,-0.4661462629111651,-0.11562121260643603,-1.332156099428187,0.39655905344260595,0.5854623905815626,0.16126803198034353,0.22259555763896066,0.2573965844031196,-0.8022958602536144,-1.1078703105403027,-0.6756915223226045,-0.6284656880378654,-0.7345142776881701,-0.7177416676922652,-0.7104821395824761
P18,41.0,0.1037180428677934,0.2772190276568134,O1_lag0_AB,default immediate AB readout,0.1384391434895544,0.0206860720951241,0.1551680002267974,0.0206860720951241,0.104764405270492,0.0900829538791631,0.4656743575880692,0.13843914348955444,0.01411745654768893,0.0480077682746234,0.2021299673217151,0.0141174565476889,0.1180067843435113,-0.48189155341649004,-1.3237326907275502,-0.9160595838662551,0.48753451189914865,-1.0034778710391445,0.34350819145702716,O4_B_C_boundary,0.48753451189914865,-0.48189155341649004,False,0.0,0.0,q1,high,mid,low,mid,low,low,high,B_side,mid,phase=q1|str=high|ab=mid|ac=low|bc=mid|tfc=low|mem=low|dphi=high|side=B_side|dist=mid,side=B_side|tfc=low,-0.4134455708133235,0.9009800827124721,bad,-1.0,0.0,0.7281191977698716,0.6291595738917029,,-1.0,0.0,0.7281191977698716,-0.01568252608410778,,-1.0,0.0,0.7281191977698716,0.21475530530620168,,-1.0,0.0,0.7281191977698716,0.1820297994424679,,-1.0,0.0,0.7281191977698716,0.014745857502294929,,-1.0,0.0,0.7281191977698716,-0.20522337157889559,,-1.0,0.0,0.7281191977698716,0.3902415561185396,,-1.22525000917611,-1.2234195444572022,-1.2234195444572022,-1.2234195444572022,-1.2234195444572022,-1.22525000917611,-1.2234195444572022,-1.4053469322555197,-1.4097593353646567,-1.4097593353646567,-1.4097593353646567,-1.4097593353646567,-1.4053469322555197,-1.4097593353646567,-0.7078871758101966,-0.704966987298113,-0.704966987298113,-0.704966987298113,-0.704966987298113,-0.7078871758101966,-0.704966987298113,0.378465693446015,0.022311359813419158,0.14410643255528904,0.0936377416950243,-0.014005463643424976,-0.11507437804012384,0.26976627841988887,-0.7400046059489528,-0.8289586268266382,-0.7985098586411707,-0.811127031356237,-0.8380378326908493,-0.8633896238204876,-0.7670948971750209
P18,49.0,-0.3014925677025165,0.3771487102630355,O4_B_C_boundary,B-side boundary projection dominates current C-state,0.17748233359087,0.0263441683553503,0.221798066057861,0.0263441683553503,0.1418748560013605,0.0378626697609089,0.845440483374039,0.17748233359087004,0.005784001946041404,0.0524874816453744,0.1809815439889836,0.0057840019460414,0.0727728167581605,-0.1943788285146615,-1.383725418344158,-0.8732366677428743,0.22345820417846152,-1.1031788557243114,-0.20156538899232648,O4_B_C_boundary,0.22345820417846152,0.22345820417846152,True,0.0,0.0,q4,high,mid,low,mid,low,high,low,B_side,far,phase=q4|str=high|ab=mid|ac=low|bc=mid|tfc=low|mem=high|dphi=low|side=B_side|dist=far,side=B_side|tfc=low,-0.50466099359141,0.7281191977698716,bad,1.5,1.0,0.9797945827625044,-0.18034786941199338,,1.5,1.0,0.9797945827625044,1.8521322682132457,,1.5,1.0,0.9797945827625044,0.4542281799257556,,1.5,1.0,0.9797945827625044,-2.564548899075652,,1.5,1.0,0.9797945827625044,-0.1925111258041547,,1.5,1.0,0.9797945827625044,-0.5074819815128179,,1.5,1.0,0.9797945827625044,-0.6231982672828131,,1.026560818498903,1.043940126308194,1.043940126308194,1.043940126308194,1.043940126308194,1.026560818498903,1.043940126308194,0.7115680669648201,0.7093409314018366,0.7093409314018366,0.7093409314018366,0.7093409314018366,0.7115680669648201,0.7093409314018366,-0.351295164344799,-0.35725791607437785,-0.35725791607437785,-0.35725791607437785,-0.35725791607437785,-0.351295164344799,-0.35725791607437785,-0.0938199414117902,1.272780324095112,0.30137737128298087,-1.4141083451771492,-0.14759776047913953,-0.3006750911424552,-0.40653723937013037,0.3232534449267835,0.6672008664326912,0.4243501282296584,-0.004521300885374113,0.3121063452891283,0.27153965749411724,0.24737147556638062
P18,73.0,0.0254520130725191,0.2666105806622086,O3_A_C_boundary,A-side boundary projection dominates current C-state,0.2308715104780009,0.1915517360805794,0.0801810723839407,0.0801810723839407,0.1675347729808403,0.0705321002371537,0.8836049608499852,0.23087151047800092,0.31930010717275437,0.1609252001588265,0.0530247347234431,0.0530247347234431,0.0838006229951457,0.1987772554849266,0.8732840937215206,0.16335182357255548,-1.3743139420915018,-0.5379933713965224,-0.06867928257786489,O2_lag5_AB,0.8732840937215206,0.16335182357255548,False,0.0,0.0,q1,high,mid,high,low,mid,high,mid,A_side,mid,phase=q1|str=high|ab=mid|ac=high|bc=low|tfc=mid|mem=high|dphi=mid|side=A_side|dist=mid,side=A_side|tfc=mid,-0.10651048904098377,0.9797945827625044,neutral,0.25,1.0,1.8354901148628313,-1.304454162916981,,0.25,1.0,1.8354901148628313,-3.330943899294111,,0.25,1.0,1.8354901148628313,-1.3018805299126432,,0.25,1.0,1.8354901148628313,2.70647056452873,,0.25,1.0,1.8354901148628313,-1.1977525821932637,,0.25,1.0,1.8354901148628313,-0.27243586173588946,,0.25,1.0,1.8354901148628313,-1.2888722531781298,,-0.09934459533860351,-0.0897397090745041,-0.0897397090745041,-0.0897397090745041,-0.0897397090745041,-0.09934459533860351,-0.0897397090745041,0.7115680669648201,0.7093409314018366,0.7093409314018366,0.7093409314018366,0.7093409314018366,0.7115680669648201,0.7093409314018366,0.8611165739050151,0.824951852773752,0.824951852773752,0.824951852773752,0.824951852773752,0.8611165739050151,0.824951852773752,-0.7496499265061759,-2.1971974846063222,-0.8519259652344872,1.4794402629018628,-0.7955494622316219,-0.15634594382032982,-0.8507645609799449,0.1809225297562639,-0.18816110237630945,0.14815677746664932,0.7309983345007368,0.16225090321736563,0.3292485254277254,0.14844712853028488
P18,93.0,-0.0813188579380793,0.3628921924005647,O3_A_C_boundary,A-side boundary projection dominates current C-state,0.2237800900662618,0.1852677734724891,0.0645370307949839,0.0645370307949839,0.1578616314445783,0.0105520869748103,0.5543001507484822,0.22378009006626182,0.06811126556593512,0.1564189084794523,0.3310090652985742,0.0681112655659351,0.1524212446073745,0.14655627659686044,-0.9350300419155687,0.12027483747043373,2.0968231004922866,-0.35749896032932504,0.7582056870915003,O4_B_C_boundary,2.0968231004922866,0.12027483747043373,False,0.0,0.0,q4,high,mid,high,low,mid,low,low,A_side,mid,phase=q4|str=high|ab=mid|ac=high|bc=low|tfc=mid|mem=low|dphi=low|side=A_side|dist=mid,side=A_side|tfc=mid,0.26133298562945534,1.8354901148628313,neutral,1.5,1.0,0.8581587581018094,2.1648065134208787,,1.5,1.0,0.8581587581018094,2.2021769677226413,,1.5,1.0,0.8581587581018094,0.2534271577202292,,1.5,1.0,0.8581587581018094,-1.162311468618941,,1.5,1.0,0.8581587581018094,1.2980801508159725,,1.5,1.0,0.8581587581018094,1.2394883508765715,,1.5,1.0,0.8581587581018094,0.8456518253898008,,1.026560818498903,1.043940126308194,1.043940126308194,1.043940126308194,1.043940126308194,1.026560818498903,1.043940126308194,0.7115680669648201,0.7093409314018366,0.7093409314018366,0.7093409314018366,0.7093409314018366,0.7115680669648201,0.7093409314018366,-0.523637657764564,-0.5253072452590393,-0.5253072452590393,-0.5253072452590393,-0.5253072452590393,-0.523637657764564,-0.5253072452590393,1.2743981468810244,1.507129058340187,0.16950370788826846,-0.6443441291444918,0.8131974277463274,0.7720451848191475,0.5736773346404203,0.6222223436450459,0.6837757176977945,0.34936938008481494,0.1459074208266249,0.5102928100493297,0.4966341031295767,0.4504127867728529
P18,102.0,0.1700986996987234,0.2664775727824192,O5_full_TFC,full triadic projection is already active,0.3631088829271931,0.1696330643614472,0.2792346162097963,0.1696330643614472,0.2706588544994788,0.1084725881964789,1.1418527953330024,0.3631088829271931,0.24483332928921137,0.1043403260006435,0.168779037512244,0.1043403260006435,0.1659836348475274,1.1725687717023505,0.3371960803338174,-0.37755986415931037,0.07108784518683575,0.07594349207747725,0.9216337700626169,O1_lag0_AB,1.1725687717023505,0.07594349207747725,False,0.0,0.0,q1,high,high,high,high,high,high,high,B_side,mid,phase=q1|str=high|ab=high|ac=high|bc=high|tfc=high|mem=high|dphi=high|side=B_side|dist=mid,side=B_side|tfc=high,0.3144100136005411,0.8581587581018094,good,0.0,1.0,1.3565789381262048,0.3391447345315512,,0.0,1.0,1.3565789381262048,-1.2613436093911066,,0.0,1.0,1.3565789381262048,-1.2621837920536758,,0.0,1.0,1.3565789381262048,1.012984161375803,,0.0,1.0,1.3565789381262048,-1.4494024216079422,,0.0,1.0,1.3565789381262048,-0.8953134100101682,,0.0,1.0,1.3565789381262048,0.027173076984771824,,-0.32452567810610483,-0.3164756761510437,-0.3164756761510437,-0.3164756761510437,-0.3164756761510437,-0.32452567810610483,-0.3164756761510437,0.7115680669648201,0.7093409314018366,0.7093409314018366,0.7093409314018366,0.7093409314018366,0.7115680669648201,0.7093409314018366,0.18256034628357662,0.1632989046054875,0.1632989046054875,0.1632989046054875,0.1632989046054875,0.18256034628357662,0.1632989046054875,0.209264231917257,-0.8116367004785463,-0.8258556086756274,0.5497936815376796,-0.95775620436121,-0.5388214576209494,0.02747809912500802,0.1947167417648872,-0.06386813515556647,-0.06742286220483673,0.27648946034849,-0.1003980111262324,0.00769531938033563,0.1459105647453221
P18,128.0,-0.2784231616021787,0.4966116653178341,O2_lag5_AB,current AB is active; read short-lag future AB,0.3651544615831283,0.1331541730067246,0.0659611193650002,0.0659611193650002,0.188089917984951,0.0502537826889319,0.9727056924820836,0.3651544615831283,0.09227754033667855,0.004335754662353,0.2307989933486414,0.004335754662353,0.0894434923914494,1.187632343399304,-0.7610564848336487,-1.3335333865582066,0.8455191436622935,-1.1205056052121893,-0.0006821735458584428,O1_lag0_AB,1.187632343399304,-0.7610564848336487,False,0.0,0.0,q4,high,high,mid,low,mid,high,mid,A_side,near,phase=q4|str=high|ab=high|ac=mid|bc=low|tfc=mid|mem=high|dphi=mid|side=A_side|dist=near,side=A_side|tfc=mid,-0.16894659472690082,1.3565789381262048,neutral,-1.0,0.0,0.5332141397664737,-0.5709855003578818,,-1.0,0.0,0.5332141397664737,1.7550803557714065,,-1.0,0.0,0.5332141397664737,1.8877236536874282,,-1.0,0.0,0.5332141397664737,-0.0588319278477481,,-1.0,0.0,0.5332141397664737,2.4414414835531115,,-1.0,0.0,0.5332141397664737,0.07752350668110372,,-1.0,0.0,0.5332141397664737,0.23160201703069602,,-1.22525000917611,-1.2234195444572022,-1.2234195444572022,-1.2234195444572022,-1.2234195444572022,-1.22525000917611,-1.2234195444572022,-1.4053469322555197,-1.4097593353646567,-1.4097593353646567,-1.4097593353646567,-1.4097593353646567,-1.4053469322555197,-1.4097593353646567,-0.9840428542061831,-0.9742434471201712,-0.9742434471201712,-0.9742434471201712,-0.9742434471201712,-0.9840428542061831,-0.9742434471201712,-0.32172710033511265,1.2078057855042246,1.2428083336771951,-0.038584330439676615,1.550177500102446,0.058545232808964426,0.16390061588295657,-0.9840917239932314,-0.5999041353594514,-0.5911534983162088,-0.9115016643454267,-0.514311206709896,-0.8890236407072121,-0.8608804277647684
P18,145.0,0.1354100696929908,0.2351125058279231,O2_lag5_AB,current AB is active; read short-lag future AB,0.2457084346500097,0.009671737337923,0.0251243545609742,0.009671737337923,0.0935015088496356,0.0808632984989724,0.7681837860315208,0.2457084346500097,0.28271922293753066,0.1708337493186681,0.1986489854827813,0.1708337493186681,0.0792256161436253,0.3080358608085809,0.6099374831256494,0.25807060007882077,0.4440681590270795,0.871467089048181,-0.12380854711636055,O5_full_TFC,0.871467089048181,0.6099374831256494,False,0.0,0.0,q1,mid,mid,low,low,low,mid,mid,B_side,near,phase=q1|str=mid|ab=mid|ac=low|bc=low|tfc=low|mem=mid|dphi=mid|side=B_side|dist=near,side=B_side|tfc=low,0.33825294928170735,0.5332141397664737,bad,1.75,1.0,0.41784293764874536,0.4256338345737899,,1.75,1.0,0.41784293764874536,0.36599034033471795,,1.75,1.0,0.41784293764874536,-0.12214079036833501,,1.75,1.0,0.41784293764874536,0.1948907116723068,,1.75,1.0,0.41784293764874536,-0.05121848869031426,,1.75,1.0,0.41784293764874536,-0.14657385208182605,,1.75,1.0,0.41784293764874536,0.14101665938375996,,1.2517419012664042,1.2706760933847336,1.2706760933847336,1.2706760933847336,1.2706760933847336,1.2517419012664042,1.2706760933847336,0.7115680669648201,0.7093409314018366,0.7093409314018366,0.7093409314018366,0.7093409314018366,0.7115680669648201,0.7093409314018366,-1.147509174241994,-1.1336377142055098,-1.1336377142055098,-1.1336377142055098,-1.1336377142055098,-1.147509174241994,-1.1336377142055098,0.2597240020646755,0.2778345923214454,-0.07714603833354676,0.10069779429741585,-0.05652431331763353,-0.07906087078504553,0.1034498672324096,0.2688811990134764,0.28105347572562644,0.19230831806187842,0.23676927621961907,0.19746374931585672,0.18418498080104617,0.2374572944533675
P18,161.0,-0.0719629000275583,0.1420650766433605,O5_full_TFC,full triadic projection is already active,0.2682623909993671,0.1606949073836604,0.1856056567526969,0.1606949073836604,0.2048543183785748,0.0900959349125052,0.5491537673141911,0.26826239099936716,0.29077468431629183,0.1434112258925542,0.1949879706801867,0.1434112258925542,0.0621875173061716,0.47412242879888866,0.6679289312612859,-0.004069479738619345,0.3983537690525011,0.5433855527792855,-0.3291192468655573,O2_lag5_AB,0.6679289312612859,0.5433855527792855,False,0.0,0.0,q4,low,high,mid,mid,high,low,high,B_side,near,phase=q4|str=low|ab=high|ac=mid|bc=mid|tfc=high|mem=low|dphi=high|side=B_side|dist=near,side=B_side|tfc=high,0.2500859936125406,0.41784293764874536,good,1.25,1.0,1.6028979113991,-2.048439341710021,,1.25,1.0,1.6028979113991,0.400724477849775,,1.25,1.0,1.6028979113991,-2.1718104738917736,,1.25,1.0,1.6028979113991,-0.7037314956297412,,1.25,1.0,1.6028979113991,-2.4154211355599045,,1.25,1.0,1.6028979113991,-0.6984310600990989,,1.25,1.0,1.6028979113991,-0.6582757872117196,,0.8013797357314016,0.8172041592316543,0.8172041592316543,0.8172041592316543,0.8172041592316543,0.8013797357314016,0.8172041592316543,0.7115680669648201,0.7093409314018366,0.7093409314018366,0.7093409314018366,0.7093409314018366,0.7115680669648201,0.7093409314018366,0.5315630035916973,0.5036076774479709,0.5036076774479709,0.5036076774479709,0.5036076774479709,0.5315630035916973,0.5036076774479709,-1.1837083349836466,0.30108848296214497,-1.4232420240335526,-0.3926046977692099,-1.5804259775302463,-0.41792662339688663,-0.42994568412973,0.21520061782606809,0.5828103127609017,0.15172768601197728,0.40938701757806295,0.11243169763780386,0.4066460457227581,0.40005177098793293
P18,175.0,0.363735262382644,0.3798523504269004,O4_B_C_boundary,B-side boundary projection dominates current C-state,0.1043622144627389,0.1426810422665846,0.3352326674326128,0.1043622144627389,0.1940919747206454,0.0439562506170101,0.8278440118101186,0.10436221446273895,0.38990125609785675,0.016831447387141,0.1856953381770518,0.016831447387141,0.0649841452731605,-0.73283290055953,1.3815433570582245,-1.2140833331349385,0.28231844850758364,-0.9710078364551195,-0.2954196158023492,O2_lag5_AB,1.3815433570582245,0.28231844850758364,False,0.0,0.0,q1,high,low,mid,high,high,high,mid,B_side,far,phase=q1|str=high|ab=low|ac=mid|bc=high|tfc=high|mem=high|dphi=mid|side=B_side|dist=far,side=B_side|tfc=high,-0.22135455434087556,1.6028979113991,good,-1.0,0.0,1.0808244808407332,2.384582377827938,,-1.0,0.0,1.0808244808407332,0.21838163457083815,,-1.0,0.0,1.0808244808407332,0.7850083151494733,,-1.0,0.0,1.0808244808407332,0.5126933989296829,,-1.0,0.0,1.0808244808407332,1.251796223781455,,-1.0,0.0,1.0808244808407332,-0.9724110961198271,,-1.0,0.0,1.0808244808407332,-0.5255368402309928,,-1.22525000917611,-1.2234195444572022,-1.2234195444572022,-1.2234195444572022,-1.2234195444572022,-1.22525000917611,-1.2234195444572022,-1.4053469322555197,-1.4097593353646567,-1.4097593353646567,-1.4097593353646567,-1.4097593353646567,-1.4053469322555197,-1.4097593353646567,-0.20814864814928674,-0.2176772732251064,-0.2176772732251064,-0.2176772732251064,-0.2176772732251064,-0.20814864814928674,-0.2176772732251064,1.4026205424952056,0.1790131749201787,0.5186132584862956,0.27515693445178224,0.7833640488151318,-0.58616298917772,-0.3413643843644295,-0.3590312617714277,-0.6679607445316966,-0.5830607236401674,-0.6439248046487958,-0.5168730260579584,-0.8562271446896591,-0.7980551343528487
P18,195.0,-0.0027342266692567,0.4288451523270607,O4_B_C_boundary,B-side boundary projection dominates current C-state,0.4404123741950874,0.0077224791131562,0.1856953381770518,0.0077224791131562,0.2112767304950984,0.0536783239864826,0.6862405946271607,0.4404123741950874,0.4341886723560289,0.151909646543142,0.2476904039982188,0.151909646543142,0.0402195690698917,1.7418290539995205,1.7003694654880444,0.07716945779642184,1.0564389501346074,0.6450601820458626,-0.5938350973529468,O1_lag0_AB,1.7418290539995205,1.0564389501346074,False,0.0,0.0,q4,high,high,low,mid,low,mid,mid,B_side,far,phase=q4|str=high|ab=high|ac=low|bc=mid|tfc=low|mem=mid|dphi=mid|side=B_side|dist=far,side=B_side|tfc=low,0.6610045731587871,1.0808244808407332,bad,1.75,1.0,0.8455252075186932,0.2113813018796733,,1.75,1.0,0.8455252075186932,-1.4016760661614056,,1.75,1.0,0.8455252075186932,1.7543237358863808,,1.75,1.0,0.8455252075186932,-0.6844506391072105,,1.75,1.0,0.8455252075186932,0.7224662957289979,,1.75,1.0,0.8455252075186932,0.14596445882338105,,1.75,1.0,0.8455252075186932,0.899085826204464,,1.2517419012664042,1.2706760933847336,1.2706760933847336,1.2706760933847336,1.2706760933847336,1.2517419012664042,1.2706760933847336,0.7115680669648201,0.7093409314018366,0.7093409314018366,0.7093409314018366,0.7093409314018366,0.7115680669648201,0.7093409314018366,-0.541537792155995,-0.5427614755948428,-0.5427614755948428,-0.5427614755948428,-0.5427614755948428,-0.541537792155995,-0.5427614755948428,0.1347240477586698,-0.9055867978910015,1.1551995373486001,-0.3820203893752526,0.44217216353205224,0.10057113084967262,0.6093356952910456,0.38912405595847477,0.13291718782518153,0.648113771635082,0.2638087899541187,0.46985692818094493,0.3805858267312255,0.5116478111206932
P18,228.0,0.1023438565143076,0.129350930791582,O4_B_C_boundary,B-side boundary projection dominates current C-state,0.3183953213177363,0.0760835442754294,0.2753725009833495,0.0760835442754294,0.2232837888588384,0.0341269731369986,0.4059540867054647,0.31839532131773635,0.131274854387049,0.2218683840641404,0.1293161222486689,0.1293161222486689,7.630898199512126e-05,0.8432996237397838,-0.4803139415022601,0.7459258939826708,-0.4216780121416537,0.37475252125631725,-1.0775651717872239,O1_lag0_AB,0.8432996237397838,-0.4216780121416537,False,0.0,0.0,q1,low,high,low,high,mid,low,low,B_side,far,phase=q1|str=low|ab=high|ac=low|bc=high|tfc=mid|mem=low|dphi=low|side=B_side|dist=far,side=B_side|tfc=mid,-0.0022255837789093885,0.8455252075186932,neutral,-1.0,0.0,0.705142642493243,-1.72893909249753,,-1.0,0.0,0.705142642493243,-0.29263142038439616,,-1.0,0.0,0.705142642493243,0.15835600760453475,,-1.0,0.0,0.705142642493243,1.4412632965047483,,-1.0,0.0,0.705142642493243,-0.7297442115751301,,-1.0,0.0,0.705142642493243,1.279296717022082,,-1.0,0.0,0.705142642493243,0.8550766585038434,,-1.22525000917611,-1.2234195444572022,-1.2234195444572022,-1.2234195444572022,-1.2234195444572022,-1.22525000917611,-1.2234195444572022,-1.4053469322555197,-1.4097593353646567,-1.4097593353646567,-1.4097593353646567,-1.4097593353646567,-1.4053469322555197,-1.4097593353646567,-0.7404420323881599,-0.7367108811055714,-0.7367108811055714,-0.7367108811055714,-0.7367108811055714,-0.7404420323881599,-0.7367108811055714,-0.9973043935686964,-0.16310102586420958,0.10706687011125328,0.7848993387788372,-0.4938838094185078,0.7964893558078934,0.57996685242177,-1.0920858418471215,-0.8832476966979099,-0.8157057227040442,-0.6462476055371482,-0.9659433925864844,-0.643637404502974,-0.697480727126415
P18,242.0,-0.0602331947769056,0.190590691601816,O4_B_C_boundary,B-side boundary projection dominates current C-state,0.0147719039989809,0.2054009919929062,0.2629654634535757,0.0147719039989809,0.1610461198151543,0.0165651389297629,0.5006980715791028,0.01477190399898098,0.017078285501900742,0.1479548307819964,0.1736256767903755,0.0170782855019007,0.046124834559971,-1.3925729018092716,-1.3024176163123997,0.039364194466689754,0.13160690068740094,-0.968054679058125,-0.5226760906151883,O4_B_C_boundary,0.13160690068740094,0.13160690068740094,True,0.0,0.0,q4,mid,low,high,high,low,low,low,B_side,near,phase=q4|str=mid|ab=low|ac=high|bc=high|tfc=low|mem=low|dphi=low|side=B_side|dist=near,side=B_side|tfc=low,-0.573535741805842,0.705142642493243,bad,1.5,1.0,0.46523575483261437,1.1546459577724326,,1.5,1.0,0.46523575483261437,1.3119008316995697,,1.5,1.0,0.46523575483261437,0.07128644017480854,,1.5,1.0,0.46523575483261437,-0.8449766083247245,,1.5,1.0,0.46523575483261437,1.2159705184536795,,1.5,1.0,0.46523575483261437,-0.22520107498319458,,1.5,1.0,0.46523575483261437,-1.004277851168172,,1.026560818498903,1.043940126308194,1.043940126308194,1.043940126308194,1.043940126308194,1.026560818498903,1.043940126308194,0.7115680669648201,0.7093409314018366,0.7093409314018366,0.7093409314018366,0.7093409314018366,0.7115680669648201,0.7093409314018366,-1.080359579898064,-1.0681608601772077,-1.0681608601772077,-1.0681608601772077,-1.0681608601772077,-1.080359579898064,-1.0681608601772077,0.6850467786147839,0.9111049337126318,0.049884975810941666,-0.4701418045961801,0.760271759309883,-0.12734160840552305,-0.6608448530917178,0.33570402104511077,0.3990562828113637,0.18375129333594115,0.05374459823416071,0.36134798921067646,0.132606924290034,0.006068836110276282
P18,258.0,0.0704465749611106,0.2163963618951181,O5_full_TFC,full triadic projection is already active,0.2871324260703903,0.1930710880138632,0.1873592986738827,0.1873592986738827,0.2225209375860454,0.1293013246340266,0.8115073697057551,0.28713242607039036,0.31064959385320073,0.237143239085737,0.1817237921626925,0.1817237921626925,0.1065224226311556,0.6130807257050663,0.8110088532442737,0.8919427886477362,0.23272651482467877,1.0017549524509812,0.20512054845583133,O5_full_TFC,1.0017549524509812,1.0017549524509812,True,0.0,0.0,q1,mid,high,high,mid,high,high,high,A_side,near,phase=q1|str=mid|ab=high|ac=high|bc=mid|tfc=high|mem=high|dphi=high|side=A_side|dist=near,side=A_side|tfc=high,0.5365191976183669,0.46523575483261437,good,-1.0,0.0,0.9653419228289861,-2.05964108390303,,-1.0,0.0,0.9653419228289861,-1.558751437735927,,-1.0,0.0,0.9653419228289861,0.3511476445104915,,-1.0,0.0,0.9653419228289861,0.965329989489331,,-1.0,0.0,0.9653419228289861,-1.0023174292040549,,-1.0,0.0,0.9653419228289861,-0.5793826179500086,,-1.0,0.0,0.9653419228289861,0.38287175881859536,,-1.22525000917611,-1.2234195444572022,-1.2234195444572022,-1.2234195444572022,-1.2234195444572022,-1.22525000917611,-1.2234195444572022,-1.4053469322555197,-1.4097593353646567,-1.4097593353646567,-1.4097593353646567,-1.4097593353646567,-1.4053469322555197,-1.4097593353646567,-0.3717727453242401,-0.3772253871178541,-0.3772253871178541,-0.3772253871178541,-0.3772253871178541,-0.3717727453242401,-0.3772253871178541,-1.1902436941911516,-1.0107459805929693,0.2336804657563458,0.5236337207021396,-0.6695772003867048,-0.3448253947456228,0.26484815726038735,-1.0481533452367553,-1.0052875618831705,-0.6941809502958418,-0.6216926365593933,-0.9199953668316044,-0.8367987703753732,-0.6863890274198314
P18,289.0,-0.0972709537372734,0.2882082184281205,O3_A_C_boundary,A-side boundary projection dominates current C-state,0.0051340550885723,0.2365554369594479,0.1610224820788847,0.0051340550885723,0.1342373247089683,0.0871241039183707,0.8990535538551481,0.00513405508857237,0.07235330912742062,0.2158270457687516,0.2153129425639317,0.0723533091274206,0.0392343514539719,-1.463545693613247,-0.9044914746481989,0.6881749394717059,0.6521477963963316,-0.30674738845733523,-0.6057070626502181,O3_A_C_boundary,0.6881749394717059,0.6881749394717059,True,0.0,0.0,q4,high,low,high,mid,low,high,high,A_side,mid,phase=q4|str=high|ab=low|ac=high|bc=mid|tfc=low|mem=high|dphi=high|side=A_side|dist=mid,side=A_side|tfc=low,-0.27716698335728024,0.9653419228289861,bad,1.75,1.0,0.9681605715579222,1.589409603622062,,1.75,1.0,0.9681605715579222,-0.47385507967256063,,1.75,1.0,0.9681605715579222,-0.4158052681866156,,1.75,1.0,0.9681605715579222,0.2780672859648549,,1.75,1.0,0.9681605715579222,-0.5273886963721082,,1.75,1.0,0.9681605715579222,-0.529080335583322,,1.75,1.0,0.9681605715579222,0.05892194912513728,,1.2517419012664042,1.2706760933847336,1.2706760933847336,1.2706760933847336,1.2706760933847336,1.2517419012664042,1.2706760933847336,0.7115680669648201,0.7093409314018366,0.7093409314018366,0.7093409314018366,0.7093409314018366,0.7115680669648201,0.7093409314018366,-0.367779078562212,-0.37333120520700486,-0.37333120520700486,-0.37333120520700486,-0.37333120520700486,-0.367779078562212,-0.37333120520700486,0.9386980899050165,-0.28442706002203344,-0.2700066626144032,0.14635792938718586,-0.3634508675601631,-0.31393747568858466,0.048665221851574875,0.6335572448935072,0.33056468988938303,0.3341697892412906,0.43826093724168785,0.3108087380048506,0.3203983534951069,0.4138377603577851
P18,321.0,0.0996757467629489,0.1409190745275425,O3_A_C_boundary,A-side boundary projection dominates current C-state,0.2111506580808669,0.2394810660958518,0.1104240298860601,0.1104240298860601,0.1870185846875929,0.1095392511941566,0.6131012686847276,0.2111506580808669,0.03827599844765969,0.1616999802705522,0.218907673031645,0.0382759984476596,0.0102503117420489,0.05355356870694208,-1.1498148027567174,0.17075817772796248,0.6970345065888394,-0.7144464271636646,-0.9549674778869419,O4_B_C_boundary,0.6970345065888394,0.17075817772796248,False,0.0,0.0,q1,low,mid,high,low,high,mid,high,A_side,mid,phase=q1|str=low|ab=mid|ac=high|bc=low|tfc=high|mem=mid|dphi=high|side=A_side|dist=mid,side=A_side|tfc=high,-0.2711260649690828,0.9681605715579222,good,-1.0,0.0,0.8186141397972986,-0.6976507144141287,,-1.0,0.0,0.8186141397972986,0.8617334542234538,,-1.0,0.0,0.8186141397972986,-1.0818955702767936,,-1.0,0.0,0.8186141397972986,0.20465353494932464,,-1.0,0.0,0.8186141397972986,0.09032638867499454,,-1.0,0.0,0.8186141397972986,0.9962979478725998,,-1.0,0.0,0.8186141397972986,0.6733599812949138,,-1.22525000917611,-1.2234195444572022,-1.2234195444572022,-1.2234195444572022,-1.2234195444572022,-1.22525000917611,-1.2234195444572022,-1.4053469322555197,-1.4097593353646567,-1.4097593353646567,-1.4097593353646567,-1.4097593353646567,-1.4053469322555197,-1.4097593353646567,-0.5796673524613642,-0.5799412036136121,-0.5799412036136121,-0.5799412036136121,-0.5799412036136121,-0.5796673524613642,-0.5799412036136121,-0.395626557998915,0.6097258376777235,-0.7074534809797779,0.10605713776013555,0.03471172114978848,0.6227150723467588,0.4587010158128981,-0.9014727129729773,-0.6508485614394368,-0.9801433911038122,-0.7767657364188338,-0.7946020905714206,-0.6468873053865588,-0.6886047669056432
P18,353.0,-0.0890690892236326,0.3167637279979695,O1_lag0_AB,default immediate AB readout,0.0607535393923128,0.1067413167380783,0.0355762831407767,0.0355762831407767,0.0676903797570559,0.0701450372146892,0.7124594217561274,0.060753539392312865,0.09115286278914102,0.0112332785029645,0.1777144356096963,0.0112332785029645,0.0475399671698675,-1.0539657016016803,-0.769153063862542,-1.2675978990749959,0.1826624481946002,-1.037984015826867,-0.5056236090474046,O4_B_C_boundary,0.1826624481946002,-1.0539657016016803,False,0.0,0.0,q4,high,low,mid,low,low,mid,mid,A_side,mid,phase=q4|str=high|ab=low|ac=mid|bc=low|tfc=low|mem=mid|dphi=mid|side=A_side|dist=mid,side=A_side|tfc=low,-0.6359516916026984,0.8186141397972986,bad,1.5,1.0,0.8654481697054577,-0.31968944910896036,,1.5,1.0,0.8654481697054577,-0.43669669200770084,,1.5,1.0,0.8654481697054577,1.6666223896959604,,1.5,1.0,0.8654481697054577,-1.5826291847888747,,1.5,1.0,0.8654481697054577,0.6584869419561324,,1.5,1.0,0.8654481697054577,-0.03646576750116043,,1.5,1.0,0.8654481697054577,-0.27746644760250944,,1.026560818498903,1.043940126308194,1.043940126308194,1.043940126308194,1.043940126308194,1.026560818498903,1.043940126308194,0.7115680669648201,0.7093409314018366,0.7093409314018366,0.7093409314018366,0.7093409314018366,0.7115680669648201,0.7093409314018366,-0.5133094886183432,-0.5152363575615942,-0.5152363575615942,-0.5152363575615942,-0.5152363575615942,-0.5133094886183432,-0.5152363575615942,-0.1751150881996901,-0.2595501767895422,1.0976027299232824,-0.8750793315037718,0.40093278677269817,-0.011449433608877195,-0.17581841377969928,0.2624260771614224,0.24462363083972358,0.5839118575179297,0.09074134216116617,0.40974437173028366,0.3033424908091256,0.2655565715921843
P18,380.0,0.1533643024206281,0.1865942195270184,O1_lag0_AB,default immediate AB readout,0.0847915019289916,0.1098354992358177,0.1598993104618053,0.0847915019289916,0.1181754372088715,0.0201801691642753,0.6386363642454724,0.08479150192899164,0.0948264750130064,0.200451211135052,0.091170087800371,0.091170087800371,0.0719319142879953,-0.876950962486505,-0.7427066466141867,0.5411927505787792,-0.8980002311934122,-0.08162450101458006,-0.2116983431568445,O3_A_C_boundary,0.5411927505787792,-0.876950962486505,False,0.0,0.0,q1,mid,low,mid,mid,mid,mid,low,B_side,near,phase=q1|str=mid|ab=low|ac=mid|bc=mid|tfc=mid|mem=mid|dphi=low|side=B_side|dist=near,side=B_side|tfc=mid,-0.3242554191266785,0.8654481697054577,neutral,1.75,1.0,0.09936278803664558,,,1.75,1.0,0.09936278803664558,,,1.75,1.0,0.09936278803664558,,,1.75,1.0,0.09936278803664558,,,1.75,1.0,0.09936278803664558,,,1.75,1.0,0.09936278803664558,0.777731790744785,,1.75,1.0,0.09936278803664558,0.31762647749632666,,1.2517419012664042,1.2706760933847336,1.2706760933847336,1.2706760933847336,1.2706760933847336,1.2517419012664042,1.2706760933847336,0.7115680669648201,0.7093409314018366,0.7093409314018366,0.7093409314018366,0.7093409314018366,0.7115680669648201,0.7093409314018366,-1.598755040679444,-1.5736427509637172,-1.5736427509637172,-1.5736427509637172,-1.5736427509637172,-1.598755040679444,-1.5736427509637172,,,,,,0.4885053814075101,0.22130771977357797,0.12151830918392677,0.13545809127428435,0.13545809127428435,0.13545809127428435,0.13545809127428435,0.2132650772398226,0.15692049839910777
P18,409.0,-0.1351187580554411,0.1629232975356977,O5_full_TFC,full triadic projection is already active,,0.2654807575018835,,0.2654807575018835,0.2654807575018835,0.0629334810663311,0.5741827559607926,,,,,,0.1059917236873129,,,,,,0.19872557607329117,O6_phase_only,0.19872557607329117,,False,0.0,0.0,q4,mid,missing,high,missing,high,mid,mid,B_side,missing,phase=q4|str=mid|ab=missing|ac=high|bc=missing|tfc=high|mem=mid|dphi=mid|side=B_side|dist=missing,side=B_side|tfc=high,0.09936278803664558,0.09936278803664558,good,,,,,,,,,,,,,,,,,,,,,,,,,,,,,,,,,,,,,,,,,,,,,,,,,,,,,,,,,,,,,,,,,,,,,,
P19,12.0,0.058373049424582,0.2120503895071861,O1_lag0_AB,default immediate AB readout,0.1134214135141175,0.0304971580217212,0.0578543244715361,0.0304971580217212,0.0672576320024583,0.0073412688497458,0.6207161083253037,0.11342141351411754,0.34299242673252245,0.0100922197093087,0.2238827499373434,0.0100922197093087,0.1778346406688232,-0.6661212666502364,1.0438456365508046,-1.2785056203885083,0.7591573381216242,-1.0516355794039534,1.0644395091955208,O6_phase_only,1.0644395091955208,-0.6661212666502364,False,0.0,0.0,q1,mid,low,low,low,low,mid,low,B_side,near,phase=q1|str=mid|ab=low|ac=low|bc=low|tfc=low|mem=mid|dphi=low|side=B_side|dist=near,side=B_side|tfc=low,-0.018402854653535496,1.0828423638490563,bad,-1.0,0.0,0.7861446196233348,1.0304520440826699,,-1.0,0.0,0.7861446196233348,0.21713002755054983,,-1.0,0.0,0.7861446196233348,1.1747747812780327,,-1.0,0.0,0.7861446196233348,-0.3842091170674303,,-1.0,0.0,0.7861446196233348,1.5819950171569273,,-1.0,0.0,0.7861446196233348,-1.644290256053019,,-1.0,0.0,0.7861446196233348,0.10103171263231904,,-1.22525000917611,-1.2234195444572022,-1.2234195444572022,-1.2234195444572022,-1.2234195444572022,-1.22525000917611,-1.2234195444572022,-1.4053469322555197,-1.4097593353646567,-1.4097593353646567,-1.4097593353646567,-1.4097593353646567,-1.4053469322555197,-1.4097593353646567,-0.6256725329460945,-0.6248003649618693,-0.6248003649618693,-0.6248003649618693,-0.6248003649618693,-0.6256725329460945,-0.6248003649618693,0.6125891355657379,0.17817524616025773,0.7745877111669933,-0.21720152574091878,0.9962013415117399,-0.9987277502922409,0.07676652647332376,-0.6609200847029966,-0.7699509996558676,-0.6208478834041837,-0.8687951926311617,-0.5654444758179971,-1.0637493061674914,-0.7953031795776011
P19,21.0,-0.1363511015352353,0.3108466660074614,O4_B_C_boundary,B-side boundary projection dominates current C-state,0.2324823267604244,0.0065188261003669,0.1875431849454925,0.0065188261003669,0.142181445935428,0.0416885967483312,0.6768930159891594,0.23248232676042446,0.326894341953354,0.1267007354663958,0.1806351786615375,0.1267007354663958,0.0442966433270548,0.21063925184009177,0.9279551611752284,-0.1638100413942358,0.21913320673749992,0.34346218009652413,-0.5447059675918537,O2_lag5_AB,0.9279551611752284,0.21913320673749992,False,0.0,0.0,q4,high,mid,low,mid,low,mid,mid,B_side,far,phase=q4|str=high|ab=mid|ac=low|bc=mid|tfc=low|mem=mid|dphi=mid|side=B_side|dist=far,side=B_side|tfc=low,0.1418105415518935,0.7861446196233348,bad,-1.0,0.0,1.4128839604156598,-1.4357852619005227,,-1.0,0.0,1.4128839604156598,0.35322099010391494,,-1.0,0.0,1.4128839604156598,-1.108514403875045,,-1.0,0.0,1.4128839604156598,-1.5317860337033746,,-1.0,0.0,1.4128839604156598,-1.3432082059513946,,-1.0,0.0,1.4128839604156598,0.30932484566187973,,-1.0,0.0,1.4128839604156598,0.36957268411826705,,-1.22525000917611,-1.2234195444572022,-1.2234195444572022,-1.2234195444572022,-1.2234195444572022,-1.22525000917611,-1.2234195444572022,-1.4053469322555197,-1.4097593353646567,-1.4097593353646567,-1.4097593353646567,-1.4097593353646567,-1.4053469322555197,-1.4097593353646567,0.2623374017726882,0.24108866146260402,0.24108866146260402,0.24108866146260402,0.24108866146260402,0.2623374017726882,0.24108866146260402,-0.826271570906233,0.26928573822391205,-0.7249350807412708,-0.8471687669403848,-0.8893062590136559,0.20088193521857506,0.25597322379566767,-0.7986327776412937,-0.5307011200338356,-0.7792563247751314,-0.8098147463249099,-0.8203491193432276,-0.5418444011100917,-0.5340292486408967
P19,41.0,0.1422493788823181,0.1776922134917372,O4_B_C_boundary,B-side boundary projection dominates current C-state,0.0306326434806321,0.138531929248561,0.2565048643935126,0.0306326434806321,0.1418898123742352,0.0153847367548227,0.7529777059992536,0.03063264348063217,0.29929720831463885,0.00642959905906,0.0553098289259944,0.00642959905906,0.0493375102804583,-1.2757749553429585,0.729282773728701,-1.3135177035100383,-1.3457804088673133,-1.0954549679785102,-0.4839630448385929,O2_lag5_AB,0.729282773728701,-1.3457804088673133,False,0.0,0.0,q1,mid,low,mid,high,low,mid,low,B_side,mid,phase=q1|str=mid|ab=low|ac=mid|bc=high|tfc=low|mem=mid|dphi=low|side=B_side|dist=mid,side=B_side|tfc=low,-0.6836011866869588,1.4128839604156598,bad,1.75,1.0,0.5403465019623982,1.6539507890493468,,1.75,1.0,0.5403465019623982,-1.0429670351352258,,1.75,1.0,0.5403465019623982,0.8622420262244781,,1.75,1.0,0.5403465019623982,1.8528968156448997,,1.75,1.0,0.5403465019623982,1.143310211857536,,1.75,1.0,0.5403465019623982,1.3483324440578934,,1.75,1.0,0.5403465019623982,0.2899969574739035,,1.2517419012664042,1.2706760933847336,1.2706760933847336,1.2706760933847336,1.2706760933847336,1.2517419012664042,1.2706760933847336,0.7115680669648201,0.7093409314018366,0.7093409314018366,0.7093409314018366,0.7093409314018366,0.7115680669648201,0.7093409314018366,-0.9739372040965432,-0.9643895353645627,-0.9643895353645627,-0.9643895353645627,-0.9643895353645627,-0.9739372040965432,-0.9643895353645627,0.9763529317303127,-0.6654374469621601,0.5693355720739469,1.0108673141526514,0.713436873015058,0.8388804730375585,0.20286958348315676,0.49143142396624845,0.08754751061496188,0.39624076537398867,0.5066237008936647,0.4322660906092664,0.45706330929305994,0.3046242682262911
P19,75.0,-0.0745756168107602,0.0929555970716023,O2_lag5_AB,current AB is active; read short-lag future AB,0.2134577752310024,0.0802957395796455,0.1718202483270514,0.0802957395796455,0.1551912543792331,0.0264490372009347,0.33009342928003366,0.21345777523100248,0.1309093834383286,0.0818011983025497,0.1769963266625731,0.0818011983025497,0.1276324153041407,0.07054310098598796,-0.4829449751043428,-0.593018107807571,0.1736955594429462,-0.19371337087590207,0.4594979533963176,O6_phase_only,0.4594979533963176,-0.4829449751043428,False,0.0,0.0,q4,low,mid,low,mid,mid,low,low,B_side,mid,phase=q4|str=low|ab=mid|ac=low|bc=mid|tfc=mid|mem=low|dphi=low|side=B_side|dist=mid,side=B_side|tfc=mid,-0.08084854856608058,0.5403465019623982,neutral,-1.0,0.0,1.794118160755542,-3.1487386547019374,,-1.0,0.0,1.794118160755542,-1.8180723559370742,,-1.0,0.0,1.794118160755542,-0.8754553952769634,,-1.0,0.0,1.794118160755542,-0.8388226073012761,,-1.0,0.0,1.794118160755542,-1.3340582329575499,,-1.0,0.0,1.794118160755542,0.4485295401888855,,-1.0,0.0,1.794118160755542,-1.2097839055660926,,-1.22525000917611,-1.2234195444572022,-1.2234195444572022,-1.2234195444572022,-1.2234195444572022,-1.22525000917611,-1.2234195444572022,-1.4053469322555197,-1.4097593353646567,-1.4097593353646567,-1.4097593353646567,-1.4097593353646567,-1.4053469322555197,-1.4097593353646567,0.8024977767834601,0.7677932882292788,0.7677932882292788,0.7677932882292788,0.7677932882292788,0.8024977767834601,0.7677932882292788,-1.8256487690940706,-1.1843567481003296,-0.5718763716102426,-0.4667635394961421,-0.8834084316462418,0.2863600315317047,-0.7979861655872094,-0.91343698343556,-0.7624355849232274,-0.6093154908007057,-0.5830372827721806,-0.6871985058097054,-0.38543478327911623,-0.6658429392949474
P19,86.0,0.1189066226132986,0.1734427466963,O1_lag0_AB,default immediate AB readout,0.0008994314012426,0.0881445459460165,0.1360369941856956,0.0008994314012426,0.0750269905109849,0.016154478135373,0.5886865860009574,0.0008994314012426377,0.07672956076973071,0.1221876806840407,0.19798086656325,0.0767295607697307,0.2301005888108596,-1.4947293185198853,-0.8729867403802595,-0.2069516780147536,0.43572548616621015,-0.25439015861388764,1.6942491193210365,O6_phase_only,1.6942491193210365,-1.4947293185198853,False,0.0,0.0,q1,mid,low,mid,mid,low,mid,low,B_side,near,phase=q1|str=mid|ab=low|ac=mid|bc=mid|tfc=low|mem=mid|dphi=low|side=B_side|dist=near,side=B_side|tfc=low,-0.09986904143450569,1.794118160755542,bad,1.75,1.0,0.6549507882037895,3.3527161348918693,,1.75,1.0,0.6549507882037895,1.6162322280965078,,1.75,1.0,0.6549507882037895,0.5467874876095478,,1.75,1.0,0.6549507882037895,0.7020952532742728,,1.75,1.0,0.6549507882037895,0.9782783270465605,,1.75,1.0,0.6549507882037895,-0.7605233256526637,,1.75,1.0,0.6549507882037895,1.538585502596174,,1.2517419012664042,1.2706760933847336,1.2706760933847336,1.2706760933847336,1.2706760933847336,1.2517419012664042,1.2706760933847336,0.7115680669648201,0.7093409314018366,0.7093409314018366,0.7093409314018366,0.7093409314018366,0.7115680669648201,0.7093409314018366,-0.8115575063181125,-0.8060548220654463,-0.8060548220654463,-0.8060548220654463,-0.8060548220654463,-0.8115575063181125,-0.8060548220654463,1.9674524904463917,1.1148494201642667,0.3621645866640194,0.3791298899285229,0.6070617430131575,-0.45605413535560413,1.0360959930240972,0.7798012380898759,0.5722029057213476,0.38403169734628584,0.3882730231624117,0.44525598643357034,0.17392458163937694,0.5525145489363052
P19,95.0,-0.0372145670299427,0.2191837397677962,O5_full_TFC,full triadic projection is already active,0.238577113062818,0.1240736580560405,0.3134665591615872,0.1240736580560405,0.2253724434268152,0.0579239480626452,0.628434145274867,0.23857711306281804,0.10961107027376982,0.0435157888976686,0.1374099601051507,0.0435157888976686,0.0493437573432381,0.2555210510206477,-0.6362720119039409,-0.9589997544011042,-0.3206118105245531,-0.6517578673308012,-0.4838877671422411,O1_lag0_AB,0.2555210510206477,-0.6517578673308012,False,0.0,0.0,q4,mid,mid,mid,high,high,mid,mid,B_side,far,phase=q4|str=mid|ab=mid|ac=mid|bc=high|tfc=high|mem=mid|dphi=mid|side=B_side|dist=far,side=B_side|tfc=high,-0.39942973718314184,0.6549507882037895,good,-1.0,0.0,0.9167421385035879,-1.795313785151589,,-1.0,0.0,0.9167421385035879,-0.9411323308175004,,-1.0,0.0,0.9167421385035879,1.1874045322451081,,-1.0,0.0,0.9167421385035879,0.8053183961710978,,-1.0,0.0,0.9167421385035879,-0.5663314022330946,,-1.0,0.0,0.9167421385035879,-0.6616959389861818,,-1.0,0.0,0.9167421385035879,0.13921107667357047,,-1.22525000917611,-1.2234195444572022,-1.2234195444572022,-1.2234195444572022,-1.2234195444572022,-1.22525000917611,-1.2234195444572022,-1.4053469322555197,-1.4097593353646567,-1.4097593353646567,-1.4097593353646567,-1.4097593353646567,-1.4053469322555197,-1.4097593353646567,-0.44063245860087047,-0.44436975989770594,-0.44436975989770594,-0.44436975989770594,-0.44436975989770594,-0.44063245860087047,-0.44436975989770594,-1.0360289465273198,-0.5972609138150273,0.7828821486628663,0.4357946743242169,-0.3885522920717536,-0.3953695664582987,0.10224493931230519,-1.026814586639955,-0.918702388383648,-0.5736666227641747,-0.660438491348837,-0.8665252329478297,-0.8666497416226997,-0.743825925101815
P19,124.0,0.0324977985371948,0.1352940295366906,O4_B_C_boundary,B-side boundary projection dominates current C-state,0.021476151830374,0.1496295681740629,0.2500015675775732,0.021476151830374,0.14036909586067,0.0352540121174975,0.7797169757103495,0.02147615183037402,0.00723323797110149,0.1513013909247432,0.1852210743625319,0.0072332379711014,0.0042031932874081,-1.3432030486436095,-1.3732923355160094,0.07135496093634694,0.2763964071783794,-1.085840276989973,-1.0278358262415948,O4_B_C_boundary,0.2763964071783794,0.2763964071783794,True,0.0,0.0,q1,low,low,mid,high,low,mid,low,B_side,mid,phase=q1|str=low|ab=low|ac=mid|bc=high|tfc=low|mem=mid|dphi=low|side=B_side|dist=mid,side=B_side|tfc=low,-0.6403457313252086,0.9167421385035879,bad,-1.0,0.0,0.8919010072077741,1.1556532189538096,,-1.0,0.0,0.8919010072077741,1.8726639944963321,,-1.0,0.0,0.8919010072077741,-0.892170290410196,,-1.0,0.0,0.8919010072077741,-0.9696322469566383,,-1.0,0.0,0.8919010072077741,0.9862717424223855,,-1.0,0.0,0.8919010072077741,-1.016368439795976,,-1.0,0.0,0.8919010072077741,-0.9625300596390197,,-1.22525000917611,-1.2234195444572022,-1.2234195444572022,-1.2234195444572022,-1.2234195444572022,-1.22525000917611,-1.2234195444572022,-1.4053469322555197,-1.4097593353646567,-1.4097593353646567,-1.4097593353646567,-1.4097593353646567,-1.4053469322555197,-1.4097593353646567,-0.47582918225387916,-0.47868971014340483,-0.47868971014340483,-0.47868971014340483,-0.47868971014340483,-0.47582918225387916,-0.47868971014340483,0.6856344384200759,1.2865259516479683,-0.5828536785495555,-0.5385720489053001,0.6122140843363902,-0.6131548235349318,-0.6329851049160745,-0.6051979213163583,-0.4563356595793238,-0.9236805671287047,-0.9126101597176409,-0.6249136264072184,-0.9298952368051101,-0.9362134237203346
P19,147.0,-0.0597666290091298,0.0879617452124316,O3_A_C_boundary,A-side boundary projection dominates current C-state,0.2880698907793751,0.1722383947281586,0.0195537830440654,0.0195537830440654,0.159954022850533,0.0150657356645353,0.1886497743652028,0.2880698907793751,0.36044976033996967,0.1556967787615816,0.1803390396671681,0.1556967787615816,0.0176882711169028,0.6199841839593759,1.169521374895474,0.1133717841321365,0.21543537588860862,0.6903692200571456,-0.8653393651188408,O2_lag5_AB,1.169521374895474,0.1133717841321365,False,0.0,0.0,q4,low,high,high,low,low,low,low,A_side,mid,phase=q4|str=low|ab=high|ac=high|bc=low|tfc=low|mem=low|dphi=low|side=A_side|dist=mid,side=A_side|tfc=low,0.27762036768769993,0.8919010072077741,bad,1.5,1.0,1.8744023720138203,1.0181377839395531,,1.5,1.0,1.8744023720138203,-3.4886255342732766,,1.5,1.0,1.8744023720138203,-1.18277808773254,,1.5,1.0,1.8744023720138203,-0.6462608646745518,,1.5,1.0,1.8744023720138203,-2.666004512198165,,1.5,1.0,1.8744023720138203,0.6665693576340515,,1.5,1.0,1.8744023720138203,-0.5785476963373949,,1.026560818498903,1.043940126308194,1.043940126308194,1.043940126308194,1.043940126308194,1.026560818498903,1.043940126308194,0.7115680669648201,0.7093409314018366,0.7093409314018366,0.7093409314018366,0.7093409314018366,0.7115680669648201,0.7093409314018366,0.9162502932734632,0.8787121551314323,0.8787121551314323,0.8787121551314323,0.8787121551314323,0.9162502932734632,0.8787121551314323,0.6054047072845588,-2.3027625499332705,-0.7737068645693966,-0.36105594987441514,-1.7419453063359571,0.4202465256546409,-0.376740365885951,0.8149459715054364,0.08230766572704817,0.4645715870680166,0.567734315741762,0.2225119766263765,0.7686564260979568,0.563813211738878
P19,165.0,0.0127852418726604,0.1052821514238315,O5_full_TFC,full triadic projection is already active,0.4446908672433537,0.1626237994030866,0.1893193726389579,0.1626237994030866,0.2655446797617994,0.0692394649962125,0.5481616571067225,0.4446908672433537,0.004572760833139326,0.1027578853991017,0.1725502110398042,0.0045727608331393,0.1147133628160339,1.7733357313890592,-1.3924451704323264,-0.3926868858104068,0.11817776604116136,-1.117670076642899,0.3038221510820844,O1_lag0_AB,1.7733357313890592,-1.117670076642899,False,0.0,0.0,q1,low,high,mid,mid,high,low,mid,B_side,near,phase=q1|str=low|ab=high|ac=mid|bc=mid|tfc=high|mem=low|dphi=mid|side=B_side|dist=near,side=B_side|tfc=high,-0.10106664062476105,1.8744023720138203,good,0.0,1.0,0.777924569310493,-1.4474668454109372,,0.0,1.0,0.777924569310493,1.5774146647622835,,0.0,1.0,0.777924569310493,1.263109686604183,,0.0,1.0,0.777924569310493,1.8496391076755212,,0.0,1.0,0.777924569310493,1.8516944954322005,,0.0,1.0,0.777924569310493,0.9660346967778367,,0.0,1.0,0.777924569310493,1.614918813082203,,-0.32452567810610483,-0.3164756761510437,-0.3164756761510437,-0.3164756761510437,-0.3164756761510437,-0.32452567810610483,-0.3164756761510437,0.7115680669648201,0.7093409314018366,0.7093409314018366,0.7093409314018366,0.7093409314018366,0.7115680669648201,0.7093409314018366,-0.637319298780937,-0.6361570022419683,-0.6361570022419683,-0.6361570022419683,-0.6361570022419683,-0.637319298780937,-0.6361570022419683,-0.8330868807962136,1.088861748170938,0.8326006009572723,1.0090789814732883,1.1700423971104028,0.6041320417915303,1.087035856659014,-0.2708409476796088,0.21139250029494067,0.14732721349152422,0.19144680862052826,0.23168766252980688,0.08846378296732717,0.21093602741695966
P19,190.0,-0.1249511685562413,0.5282023714454582,O3_A_C_boundary,A-side boundary projection dominates current C-state,0.0638396155477057,0.1301407358904672,0.125557109925854,0.0638396155477057,0.1065124871213423,0.0724991233076786,0.8936398519687367,0.06383961554770574,0.03908935160946837,0.0815314397952333,0.1856953381770518,0.0390893516094683,0.0665916051774109,-1.0312399416832647,-1.1439594550017964,-0.5955968098307414,0.28231844850758364,-0.7047155154343214,-0.2760495721778254,O4_B_C_boundary,0.28231844850758364,-0.5955968098307414,False,0.0,0.0,q4,high,low,mid,low,mid,high,mid,A_side,near,phase=q4|str=high|ab=low|ac=mid|bc=low|tfc=mid|mem=high|dphi=mid|side=A_side|dist=near,side=A_side|tfc=mid,-0.49560612080290944,0.777924569310493,neutral,0.0,1.0,0.886784575401253,-1.0062853913405918,,0.0,1.0,0.886784575401253,0.1902288823382487,,0.0,1.0,0.886784575401253,,,0.0,1.0,0.886784575401253,,,0.0,1.0,0.886784575401253,1.2087301077922183,,0.0,1.0,0.886784575401253,0.6376248827270605,,0.0,1.0,0.886784575401253,-0.8966646316880746,,-0.32452567810610483,-0.3164756761510437,-0.3164756761510437,-0.3164756761510437,-0.3164756761510437,-0.32452567810610483,-0.3164756761510437,0.7115680669648201,0.7093409314018366,0.7093409314018366,0.7093409314018366,0.7093409314018366,0.7115680669648201,0.7093409314018366,-0.483078515395721,-0.48575845765511366,-0.48575845765511366,-0.48575845765511366,-0.48575845765511366,-0.483078515395721,-0.48575845765511366,-0.5756912696172161,0.1601654053054142,,,0.7556047846445797,0.40247328444148084,-0.5890308220910073,-0.16793184903855546,0.016818050725273363,-0.03096440080144025,-0.03096440080144025,0.16567789556006474,0.07660928947611878,-0.17048100612383202
P19,213.0,0.1627175135169043,0.3106323365936752,O4_B_C_boundary,B-side boundary projection dominates current C-state,0.0799384650566839,0.0737675086463723,0.2066351862796556,0.0737675086463723,0.1201137199942373,0.0384416366143455,0.8805476281916007,0.07993846505668392,0.1916526606181696,,,0.1916526606181696,0.173034051280589,-0.9126885610686255,-0.04565275278037842,,,1.1205433792367772,1.0065919537898478,O5_full_TFC,1.1205433792367772,,False,0.0,0.0,q1,high,low,low,mid,mid,high,low,B_side,mid,phase=q1|str=high|ab=low|ac=low|bc=mid|tfc=mid|mem=high|dphi=low|side=B_side|dist=mid,side=B_side|tfc=mid,0.2337588038355242,0.886784575401253,neutral,-1.0,0.0,1.7086723922379528,-0.8830730359947222,,-1.0,0.0,1.7086723922379528,-0.877796326063534,,-1.0,0.0,1.7086723922379528,,,-1.0,0.0,1.7086723922379528,,,-1.0,0.0,1.7086723922379528,-1.9808376886147507,,-1.0,0.0,1.7086723922379528,0.5411195235064176,,-1.0,0.0,1.7086723922379528,-0.2379365892926876,,-1.22525000917611,-1.2234195444572022,-1.2234195444572022,-1.2234195444572022,-1.2234195444572022,-1.22525000917611,-1.2234195444572022,-1.4053469322555197,-1.4097593353646567,-1.4097593353646567,-1.4097593353646567,-1.4097593353646567,-1.4053469322555197,-1.4097593353646567,0.681431990124245,0.6497433295012175,0.6497433295012175,0.6497433295012175,0.6497433295012175,0.681431990124245,0.6497433295012175,-0.5038062907350412,-0.5548585790074018,,,-1.3003051347099972,0.3432145473836228,-0.1494387693100878,-0.6132428105106065,-0.6345735323320109,-0.6611451834402139,-0.6611451834402139,-0.8209351712576597,-0.40148760098094044,-0.5332185799076823
P19,249.0,-0.2166070472298696,0.2424380908884071,O4_B_C_boundary,B-side boundary projection dominates current C-state,0.0346406670210419,0.0952850543524929,0.3630414692035721,0.0346406670210419,0.1643223968590356,0.0073305749461513,0.7087908573955998,0.03464066702104191,0.12181578551441716,0.0563770736449008,0.1421851480351117,0.0563770736449008,0.2080484241753539,-1.246260006216528,-0.54840999164098,-0.8360548978025425,-0.2609849543104154,-0.4978861760682288,1.4285184532711623,O6_phase_only,1.4285184532711623,-0.2609849543104154,False,0.0,0.0,q4,mid,low,mid,high,low,mid,low,B_side,far,phase=q4|str=mid|ab=low|ac=mid|bc=high|tfc=low|mem=mid|dphi=low|side=B_side|dist=far,side=B_side|tfc=low,-0.2801539389667903,1.7086723922379528,bad,1.75,1.0,4.294826679981259,-2.9767760475943867,,1.75,1.0,4.294826679981259,-3.928581447285812,,1.75,1.0,4.294826679981259,-2.799959288517189,,1.75,1.0,4.294826679981259,-2.9214396771631765,,1.75,1.0,4.294826679981259,-3.2872696077751584,,1.75,1.0,4.294826679981259,1.0737066699953148,,1.75,1.0,4.294826679981259,-3.262760615862738,,1.2517419012664042,1.2706760933847336,1.2706760933847336,1.2706760933847336,1.2706760933847336,1.2517419012664042,1.2706760933847336,0.7115680669648201,0.7093409314018366,0.7093409314018366,0.7093409314018366,0.7093409314018366,0.7115680669648201,0.7093409314018366,4.34568369854318,4.222716131187121,4.222716131187121,4.222716131187121,4.222716131187121,4.34568369854318,4.222716131187121,-1.7253217495695274,-2.5973052511443675,-1.8357712254880851,-1.6100250594488195,-2.142396136691199,0.6702475943465687,-2.1680086761045803,1.145917979301219,0.9013569762073309,1.0917404826214014,1.148177024131218,1.0150842548206231,1.744810315280243,1.0086811199672776
P19,259.0,0.1771152035432079,0.2080484241753539,O1_lag0_AB,default immediate AB readout,0.0995567265311166,0.0559554687537409,0.1492143175966364,0.0559554687537409,0.1015755042938313,0.0331810357389305,0.7007973937290111,0.09955672653111663,0.06306132770685895,0.112600033548558,0.1682329365776432,0.0630613277068589,0.4722347472658404,-0.7682203503585419,-0.9713846584512436,-0.2986028563655948,0.06426878751131664,-0.41791613438451963,4.611988591303372,O6_phase_only,4.611988591303372,-0.7682203503585419,False,0.0,0.0,q1,mid,low,low,mid,mid,mid,low,B_side,mid,phase=q1|str=mid|ab=low|ac=low|bc=mid|tfc=mid|mem=mid|dphi=low|side=B_side|dist=mid,side=B_side|tfc=mid,0.31716191132211263,4.294826679981259,neutral,-1.0,0.0,0.7542707748998729,5.559895929246758,,-1.0,0.0,0.7542707748998729,4.4388461362395475,,-1.0,0.0,0.7542707748998729,,,-1.0,0.0,0.7542707748998729,,,-1.0,0.0,0.7542707748998729,5.218472419412859,,-1.0,0.0,0.7542707748998729,-2.0959467165381467,,-1.0,0.0,0.7542707748998729,3.7128538655474084,,-1.22525000917611,-1.2234195444572022,-1.2234195444572022,-1.2234195444572022,-1.2234195444572022,-1.22525000917611,-1.2234195444572022,-1.4053469322555197,-1.4097593353646567,-1.4097593353646567,-1.4097593353646567,-1.4097593353646567,-1.4053469322555197,-1.4097593353646567,-0.6708337170778192,-0.668836554458307,-0.668836554458307,-0.668836554458307,-0.668836554458307,-0.6708337170778192,-0.668836554458307,3.2551729667004223,3.0045395013537735,,,3.340177215367976,-1.276065627157487,2.4870606270644524,-0.011564422952256681,-0.07436898323159813,-1.100671811426722,-1.100671811426722,0.009540445271952525,-1.144374071416734,-0.2037387018039284
P19,279.0,-0.065973361647203,0.278862288071847,O3_A_C_boundary,A-side boundary projection dominates current C-state,0.3210783520244183,0.1260377410870005,0.0007531160557266,0.0007531160557266,0.1492897363890485,0.0917588913329625,0.8333227203209373,0.32107835202441837,0.1707246587498029,,,0.1707246587498029,0.0100443287304605,0.8630573706726461,-0.1963139102072836,,,0.8701619355847451,-0.9574495926257469,O5_full_TFC,0.8701619355847451,,False,0.0,0.0,q4,high,high,mid,low,low,high,high,A_side,mid,phase=q4|str=high|ab=high|ac=mid|bc=low|tfc=low|mem=high|dphi=high|side=A_side|dist=mid,side=A_side|tfc=low,0.11589116068487212,0.7542707748998729,bad,1.75,1.0,2.148453999203869,-1.61451905181845,,1.75,1.0,2.148453999203869,-1.864326510677285,,1.75,1.0,2.148453999203869,,,1.75,1.0,2.148453999203869,,,1.75,1.0,2.148453999203869,-2.8250383137551895,,1.75,1.0,2.148453999203869,2.364725028011459,,1.75,1.0,2.148453999203869,-1.3123291022793,,1.2517419012664042,1.2706760933847336,1.2706760933847336,1.2706760933847336,1.2706760933847336,1.2517419012664042,1.2706760933847336,0.7115680669648201,0.7093409314018366,0.7093409314018366,0.7093409314018366,0.7093409314018366,0.7115680669648201,0.7093409314018366,1.304546594033767,1.2573357410669204,1.2573357410669204,1.2573357410669204,1.2573357410669204,1.304546594033767,1.2573357410669204,-0.9305490573459237,-1.2153230864912166,,,-1.8444542326243627,1.4629923499992865,-0.8664181293488568,0.5843268762297669,0.5055074198405685,1.0791175886178301,1.0791175886178301,0.34822463330728193,1.1827122280660693,0.5927336591261584
P19,330.0,0.3172637478856077,0.3368713130586437,O2_lag5_AB,current AB is active; read short-lag future AB,0.264809293598994,0.0961488985743533,0.0467096950228244,0.0467096950228244,0.1358892957320573,0.0360675204450012,0.8639259140312043,0.264809293598994,0.11483719045132328,0.0550270468842477,0.1252762543007805,0.0550270468842477,0.2700533471862332,0.4486939369067969,-0.5986490548842148,-0.8489602062343798,-0.4721230687103095,-0.5140378207129156,2.17568363013201,O6_phase_only,2.17568363013201,-0.5986490548842148,False,0.0,0.0,q1,high,high,mid,low,mid,high,low,A_side,near,phase=q1|str=high|ab=high|ac=mid|bc=low|tfc=mid|mem=high|dphi=low|side=A_side|dist=near,side=A_side|tfc=mid,0.027229630928141013,2.148453999203869,neutral,-1.0,0.0,1.7465185253378448,0.15321694825043447,,-1.0,0.0,1.7465185253378448,0.9590637632883946,,-1.0,0.0,1.7465185253378448,0.08094099958460696,,-1.0,0.0,1.7465185253378448,3.0844363301767803,,-1.0,0.0,1.7465185253378448,0.050179735093340866,,-1.0,0.0,1.7465185253378448,-2.262615227659168,,-1.0,0.0,1.7465185253378448,0.7483257683277788,,-1.22525000917611,-1.2234195444572022,-1.2234195444572022,-1.2234195444572022,-1.2234195444572022,-1.22525000917611,-1.2234195444572022,-1.4053469322555197,-1.4097593353646567,-1.4097593353646567,-1.4097593353646567,-1.4097593353646567,-1.4053469322555197,-1.4097593353646567,0.735055147306155,0.7020306987644394,0.7020306987644394,0.7020306987644394,0.7020306987644394,0.735055147306155,0.7020306987644394,0.10078959921577582,0.6748867578831117,0.0562254919290761,1.6869261814502599,0.00883426420393135,-1.3784077722580945,0.5087282836521109,-0.44868804872742474,-0.314065355793577,-0.46873067228208587,-0.061055499901789934,-0.48057847921337205,-0.8184873915958923,-0.3556049743513272
P19,344.0,-0.2743032269000688,0.311037479090291,O1_lag0_AB,default immediate AB readout,0.1879721867289079,0.0347025185367873,0.0303315458227975,0.0303315458227975,0.0843354170294976,0.1188823003989026,0.34874407876602,0.18797218672890795,0.15488710067829933,0.0169368267913623,0.2825072310364963,0.0169368267913623,0.0340477671958658,-0.11713190653643797,-0.3103288479388793,-1.2130759799820414,1.491189994510954,-0.9697470831578827,-0.6682058926839494,O4_B_C_boundary,1.491189994510954,-0.11713190653643797,False,0.0,0.0,q4,high,mid,low,low,low,low,high,A_side,near,phase=q4|str=high|ab=mid|ac=low|bc=low|tfc=low|mem=low|dphi=high|side=A_side|dist=near,side=A_side|tfc=low,-0.255328530826891,1.7465185253378448,bad,-1.0,0.0,2.7478857961595087,-1.502803329412743,,-1.0,0.0,2.7478857961595087,-1.3665536177317208,,-1.0,0.0,2.7478857961595087,-1.1826256358492828,,-1.0,0.0,2.7478857961595087,-3.0963402616039164,,-1.0,0.0,2.7478857961595087,-0.8843536563788656,,-1.0,0.0,2.7478857961595087,2.8463673362347803,,-1.0,0.0,2.7478857961595087,-1.823261731009897,,-1.22525000917611,-1.2234195444572022,-1.2234195444572022,-1.2234195444572022,-1.2234195444572022,-1.22525000917611,-1.2234195444572022,-1.4053469322555197,-1.4097593353646567,-1.4097593353646567,-1.4097593353646567,-1.4097593353646567,-1.4053469322555197,-1.4097593353646567,2.1538652122172115,2.0854972769577715,2.0854972769577715,2.0854972769577715,2.0854972769577715,2.1538652122172115,2.0854972769577715,-0.8653714838517866,-0.882072939961941,-0.7736067436232196,-1.7060374809841867,-0.5935409139189906,1.7587429189774335,-1.2073811803216012,-0.33552580326655124,-0.35743863570650714,-0.3303220866218267,-0.5634297709620686,-0.2853056291957695,0.32050279744075383,-0.43876569579642216
P19,351.0,0.2140158557017644,0.274020659838423,O4_B_C_boundary,B-side boundary projection dominates current C-state,0.2259670799879575,0.0166896225755996,0.3033705283368474,0.0166896225755996,0.1820090769668015,0.1235881731154124,0.6863496784052183,0.22596707998795756,0.21426075274002349,0.0959304990748554,0.1770598826708326,0.0959304990748554,0.3551526728572221,0.1626611960485728,0.1171034122714374,-0.4579519078571415,0.1744891711335475,-0.02467120682148109,3.2011385396485825,O6_phase_only,3.2011385396485825,0.1744891711335475,False,0.0,0.0,q1,high,mid,low,high,low,mid,high,B_side,far,phase=q1|str=high|ab=mid|ac=low|bc=high|tfc=low|mem=mid|dphi=high|side=B_side|dist=far,side=B_side|tfc=low,0.45325274348907396,2.7478857961595087,bad,1.75,1.0,1.6291799676616523,3.445772335515423,,1.75,1.0,1.6291799676616523,2.7905244994516814,,1.75,1.0,1.6291799676616523,0.6472964596345971,,1.75,1.0,1.6291799676616523,1.6466898439055901,,1.75,1.0,1.6291799676616523,0.5768450573298256,,1.75,1.0,1.6291799676616523,-2.748650640085542,,1.75,1.0,1.6291799676616523,1.472463243733419,,1.2517419012664042,1.2706760933847336,1.2706760933847336,1.2706760933847336,1.2706760933847336,1.2517419012664042,1.2706760933847336,0.7115680669648201,0.7093409314018366,0.7093409314018366,0.7093409314018366,0.7093409314018366,0.7115680669648201,0.7093409314018366,0.568801334660048,0.5399183773329419,0.5399183773329419,0.5399183773329419,0.5399183773329419,0.568801334660048,0.5399183773329419,2.0217436611484034,1.9010173233250822,0.42817264877145994,0.8976691178317338,0.3483086159909683,-1.6768559096297364,0.9919703180303747,1.138463741009919,1.1052381813611487,0.7370270127227431,0.8544011299878115,0.7170610045276201,0.21381384831538403,0.8779764300374717
P19,360.0,-0.1557519241068472,0.2373006511238296,O4_B_C_boundary,B-side boundary projection dominates current C-state,0.4359239200547921,0.0932746219533876,0.2581375968015254,0.0932746219533876,0.262445379603235,0.0499641667837484,0.8891299336114111,0.4359239200547921,0.3574785735784276,0.0364551033225941,0.1854273888831889,0.0364551033225941,0.0217844290437374,1.7087762302644611,1.1481317343917596,-1.026494953564771,0.27897261704457504,-0.7362315145800596,-0.815980275336303,O1_lag0_AB,1.7087762302644611,0.27897261704457504,False,0.0,0.0,q4,mid,high,mid,high,mid,high,mid,B_side,far,phase=q4|str=mid|ab=high|ac=mid|bc=high|tfc=mid|mem=high|dphi=mid|side=B_side|dist=far,side=B_side|tfc=mid,0.07959626260280893,1.6291799676616523,neutral,0.0,1.0,2.5288895412852104,-3.9435624142211765,,0.0,1.0,2.5288895412852104,-2.300426049057905,,0.0,1.0,2.5288895412852104,3.3674935691505343,,0.0,1.0,2.5288895412852104,-1.454494534961761,,0.0,1.0,2.5288895412852104,0.5305979646391672,,0.0,1.0,2.5288895412852104,-1.2365941900674025,,0.0,1.0,2.5288895412852104,-1.2609813608463643,,-0.32452567810610483,-0.3164756761510437,-0.3164756761510437,-0.3164756761510437,-0.3164756761510437,-0.32452567810610483,-0.3164756761510437,0.7115680669648201,0.7093409314018366,0.7093409314018366,0.7093409314018366,0.7093409314018366,0.7115680669648201,0.7093409314018366,1.8435753718686974,1.7829369594835471,1.7829369594835471,1.7829369594835471,1.7829369594835471,1.8435753718686974,1.7829369594835471,-2.2893675983275923,-1.507284013103153,2.214629480751182,-0.8047392691659249,0.31849897949064304,-0.7483835811303178,-0.8321520018889,-0.0146874594000449,0.16712955040779676,1.0976079238713805,0.34276573639210384,0.6235752985562458,0.37055854489927376,0.33591255321136004
P19,384.0,0.189903492956658,0.204010532495889,O3_A_C_boundary,A-side boundary projection dominates current C-state,0.0980869332006933,0.4040515209699001,0.0553369202669044,0.0553369202669044,0.1858251248124993,0.0793464932208193,0.773394022684903,0.09808693320069338,0.2100721597598227,0.4452799812765309,0.1685611843362325,0.1685611843362325,0.0369466166004478,-0.7790438584882806,0.08694963694417496,2.8815839811457025,0.06836755434334281,0.8442782487243776,-0.6332744836458728,O3_A_C_boundary,2.8815839811457025,2.8815839811457025,True,0.0,0.0,q1,mid,low,high,low,mid,mid,mid,A_side,far,phase=q1|str=mid|ab=low|ac=high|bc=low|tfc=mid|mem=mid|dphi=mid|side=A_side|dist=far,side=A_side|tfc=mid,0.35269443986049204,2.5288895412852104,neutral,1.75,1.0,1.7033997133764776,3.248938794740535,,1.75,1.0,1.7033997133764776,1.0045658226976615,,1.75,1.0,1.7033997133764776,,,1.75,1.0,1.7033997133764776,,,1.75,1.0,1.7033997133764776,2.463155660765444,,1.75,1.0,1.7033997133764776,-0.3477531811635508,,1.75,1.0,1.7033997133764776,0.0031046982716347316,,1.2517419012664042,1.2706760933847336,1.2706760933847336,1.2706760933847336,1.2706760933847336,1.2517419012664042,1.2706760933847336,0.7115680669648201,0.7093409314018366,0.7093409314018366,0.7093409314018366,0.7093409314018366,0.7115680669648201,0.7093409314018366,0.6739612747776506,0.6424587145602759,0.6424587145602759,0.6424587145602759,0.6424587145602759,0.6739612747776506,0.6424587145602759,1.9069063554075323,0.7053495817540376,,,1.5641738767813638,-0.20259424820373848,0.011416435851735759,1.1360443996041019,0.8319563302752209,0.8741585797822821,0.8741585797822821,1.0466624040320525,0.6086692487012841,0.6584730437996454
P19,398.0,-0.240070836706086,0.4314815445470818,O5_full_TFC,full triadic projection is already active,0.4718632440132044,0.5214131860694775,0.312640945658523,0.312640945658523,0.435305791913735,0.0781412911997496,0.943642856365294,0.47186324401320445,0.3189451305621436,,,0.3189451305621436,0.0241640273994971,1.9734321903844958,0.8707286090961613,,,2.6434633689745497,-0.7873058904648466,O5_full_TFC,2.6434633689745497,2.6434633689745497,True,0.0,0.0,q4,high,high,high,high,high,high,mid,A_side,far,phase=q4|str=high|ab=high|ac=high|bc=high|tfc=high|mem=high|dphi=mid|side=A_side|dist=far,side=A_side|tfc=high,0.9400636555980721,1.7033997133764776,good,,,,,,,,,,,,,,,,,,,,,,,,,,,,,,,,,,,,,,,,,,,,,,,,,,,,,,,,,,,,,,,,,,,,,,
P2,41.0,0.0204320844256279,0.1875575764556989,O1_lag0_AB,default immediate AB readout,0.0419480849073932,0.1236930048030189,0.1262392480766021,0.0419480849073932,0.0972934459290047,0.047988472279204,0.6512473293351475,0.041948084907393234,0.04854079451015529,0.1370992034600877,0.1780555353739535,0.0485407945101552,0.0493218857799973,-1.1924484292667634,-1.0759183044070917,-0.06440798464369928,0.1869216955575006,-0.5916389812791081,-0.48415132154443213,O4_B_C_boundary,0.1869216955575006,-1.1924484292667634,False,0.0,0.0,q1,mid,low,mid,low,low,mid,mid,B_side,near,phase=q1|str=mid|ab=low|ac=mid|bc=low|tfc=low|mem=mid|dphi=mid|side=B_side|dist=near,side=B_side|tfc=low,-0.46023476079765635,0.647156456355157,bad,1.75,1.0,1.1433498952600623,-0.39837337092844083,,1.75,1.0,1.1433498952600623,0.5388878182069767,,1.75,1.0,1.1433498952600623,-2.174784261199892,,1.75,1.0,1.1433498952600623,-0.4306270367180691,,1.75,1.0,1.1433498952600623,-1.3772946593448092,,1.75,1.0,1.1433498952600623,0.9569104909169484,,1.75,1.0,1.1433498952600623,-0.5880730532670501,,1.2517419012664042,1.2706760933847336,1.2706760933847336,1.2706760933847336,1.2706760933847336,1.2517419012664042,1.2706760933847336,0.7115680669648201,0.7093409314018366,0.7093409314018366,0.7093409314018366,0.7093409314018366,0.7115680669648201,0.7093409314018366,-0.11955808814617495,-0.1312935620160804,-0.1312935620160804,-0.1312935620160804,-0.1312935620160804,-0.11955808814617495,-0.1312935620160804,-0.22102113424906997,0.39358639530637307,-1.4251950231874957,-0.24268284064070955,-0.9112774733349448,0.5985293589940294,-0.3830969666933974,0.40568268645899486,0.5605774645192158,0.10588210989574853,0.40151015553244507,0.23436149735888626,0.6105703097697697,0.3664066240192731
P2,67.0,-0.2109322998274779,0.2893024331564693,O4_B_C_boundary,B-side boundary projection dominates current C-state,0.0949425489087428,0.1151370274380051,0.2414029709260892,0.0949425489087428,0.1504941824242791,0.051099491568323,0.7530788258362479,0.09494254890874287,0.20366634800482347,0.0056578216368103,0.1851488191094294,0.0056578216368103,0.1599282472795645,-0.8021989975425233,0.040834053653548065,-1.3208953540612334,0.2754941696851852,-1.1046884698854937,0.848665778111653,O6_phase_only,0.848665778111653,0.2754941696851852,False,0.0,0.0,q4,high,low,mid,high,mid,mid,mid,B_side,mid,phase=q4|str=high|ab=low|ac=mid|bc=high|tfc=mid|mem=mid|dphi=mid|side=B_side|dist=mid,side=B_side|tfc=mid,-0.29468411714840925,1.1433498952600623,neutral,0.25,1.0,0.8473758317615825,-0.6696628460341485,,0.25,1.0,0.8473758317615825,1.0196756823985005,,0.25,1.0,0.8473758317615825,1.4875563164171388,,0.25,1.0,0.8473758317615825,-0.2776287548859755,,0.25,1.0,0.8473758317615825,2.065055041142672,,0.25,1.0,0.8473758317615825,-1.289164903379754,,0.25,1.0,0.8473758317615825,-0.2640120911690751,,-0.09934459533860351,-0.0897397090745041,-0.0897397090745041,-0.0897397090745041,-0.0897397090745041,-0.09934459533860351,-0.0897397090745041,0.7115680669648201,0.7093409314018366,0.7093409314018366,0.7093409314018366,0.7093409314018366,0.7115680669648201,0.7093409314018366,-0.5389156929735189,-0.540204694618038,-0.540204694618038,-0.540204694618038,-0.540204694618038,-0.5389156929735189,-0.540204694618038,-0.37929777894259115,0.7154653655395803,0.980003233597938,-0.1586937815050777,1.3075688866928477,-0.7806644213062311,-0.16683985543274862,-0.07649750007247337,0.1987154733122187,0.2648499403268081,-0.0198243134489458,0.34674135360053554,-0.17683916066338337,-0.02186083193086353
P2,85.0,0.0552864465882808,0.2492026004548149,O4_B_C_boundary,B-side boundary projection dominates current C-state,0.0726609680162404,0.1439668261104497,0.2885154208699056,0.0726609680162404,0.1683810716655319,0.1273257173342741,0.7738338184975655,0.07266096801624047,0.3451832554334064,0.1798791667337632,0.1798638685123162,0.1798638685123162,0.0777832141544534,-0.9662798019260774,1.059617461776899,0.34453844281998436,0.20950200477462783,0.9795029299410025,-0.14118962727922071,O2_lag5_AB,1.059617461776899,0.20950200477462783,False,0.0,0.0,q1,mid,low,mid,high,mid,mid,high,B_side,mid,phase=q1|str=mid|ab=low|ac=mid|bc=high|tfc=mid|mem=mid|dphi=high|side=B_side|dist=mid,side=B_side|tfc=mid,0.21224163001531648,0.8473758317615825,neutral,-1.0,0.0,2.035211962222315,-1.1218469172115113,,-1.0,0.0,2.035211962222315,0.5088029905555788,,-1.0,0.0,2.035211962222315,-0.998954011516157,,-1.0,0.0,2.035211962222315,-2.8133553881257707,,-1.0,0.0,2.035211962222315,-2.512645691315219,,-1.0,0.0,2.035211962222315,-1.0953327939771218,,-1.0,0.0,2.035211962222315,-0.28152110163492505,,-1.22525000917611,-1.2234195444572022,-1.2234195444572022,-1.2234195444572022,-1.2234195444572022,-1.22525000917611,-1.2234195444572022,-1.4053469322555197,-1.4097593353646567,-1.4097593353646567,-1.4097593353646567,-1.4097593353646567,-1.4053469322555197,-1.4097593353646567,1.1440970302002866,1.100883080813743,1.100883080813743,1.100883080813743,1.100883080813743,1.1440970302002866,1.100883080813743,-0.6431125750821101,0.37344513537594776,-0.6529826068711903,-1.5506917281532573,-1.6430943204973913,-0.661642575294558,-0.17852422494107711,-0.5324031215783633,-0.289712665908042,-0.5463196014698265,-0.7707468817903433,-0.7938475298763767,-0.5370356216314753,-0.4277050059872982
P2,106.0,-0.1221769944153266,0.2988363842987819,O3_A_C_boundary,A-side boundary projection dominates current C-state,0.0076138600715981,0.6691343827228067,0.1418669107505102,0.0076138600715981,0.272871717848305,0.1881382250050163,0.1501680562145932,0.007613860071598126,0.4035711516148501,0.1126300862479822,0.0142997161133202,0.0142997161133202,0.0260980234291627,-1.445284494002131,1.4799532431739222,-0.29831557364899824,-1.8578658253729745,-1.001297327791433,-0.764001055697134,O2_lag5_AB,1.4799532431739222,-0.29831557364899824,False,0.0,0.0,q4,high,low,high,mid,low,low,high,A_side,far,phase=q4|str=high|ab=low|ac=high|bc=mid|tfc=low|mem=low|dphi=high|side=A_side|dist=far,side=A_side|tfc=low,-0.5552587190483927,2.035211962222315,bad,-1.0,0.0,1.4988558473995601,2.2041483094990313,,-1.0,0.0,1.4988558473995601,0.37471396184989003,,-1.0,0.0,1.4988558473995601,-1.4355931364750636,,-1.0,0.0,1.4988558473995601,2.885716511011668,,-1.0,0.0,1.4988558473995601,-0.41283900425936915,,-1.0,0.0,1.4988558473995601,0.41797003952613687,,-1.0,0.0,1.4988558473995601,-0.2796238773930096,,-1.22525000917611,-1.2234195444572022,-1.2234195444572022,-1.2234195444572022,-1.2234195444572022,-1.22525000917611,-1.2234195444572022,-1.4053469322555197,-1.4097593353646567,-1.4097593353646567,-1.4097593353646567,-1.4097593353646567,-1.4053469322555197,-1.4097593353646567,0.3841486313848422,0.3598654936720748,0.3598654936720748,0.3598654936720748,0.3598654936720748,0.3841486313848422,0.3598654936720748,1.297351073739099,0.28367490261032846,-0.9397401161574547,1.5778380894571924,-0.2896152060204126,0.26759509009199756,-0.1772581414507545,-0.2372743090769221,-0.4974096208848639,-0.8032633755768097,-0.17386882417314792,-0.6407321480425492,-0.4947133049886975,-0.6126428819001346
P2,113.0,0.0229043012243229,0.0476572593932326,O6_phase_only,phase or closed-loop memory is high,0.3166965805294629,0.1102877977553036,0.0125060871891017,0.0125060871891017,0.1464968218246227,0.2157547579751941,0.6441805339952753,0.3166965805294629,0.4351698333947681,0.022130525384169,0.2468527760416473,0.022130525384169,0.0850913657073439,0.830790154311928,1.7074328659334574,-1.1634278661848418,1.0459796504253625,-0.907609963726234,-0.053125711022390054,O2_lag5_AB,1.7074328659334574,-0.053125711022390054,False,0.0,0.0,q1,low,high,mid,low,low,mid,high,A_side,mid,phase=q1|str=low|ab=high|ac=mid|bc=low|tfc=low|mem=mid|dphi=high|side=A_side|dist=mid,side=A_side|tfc=low,0.2085770185338974,1.4988558473995601,bad,-1.0,0.0,0.5342333791974782,0.1567506565111837,,-1.0,0.0,0.5342333791974782,-1.3605409643727784,,-1.0,0.0,0.5342333791974782,1.8925767457310603,,-1.0,0.0,0.5342333791974782,0.7124819737680577,,-1.0,0.0,0.5342333791974782,2.0451718690041916,,-1.0,0.0,0.5342333791974782,1.8941169217552172,,-1.0,0.0,0.5342333791974782,1.4118000750176407,,-1.22525000917611,-1.2234195444572022,-1.2234195444572022,-1.2234195444572022,-1.2234195444572022,-1.22525000917611,-1.2234195444572022,-1.4053469322555197,-1.4097593353646567,-1.4097593353646567,-1.4097593353646567,-1.4097593353646567,-1.4053469322555197,-1.4097593353646567,-0.9825987215633449,-0.9728352887660296,-0.9728352887660296,-0.9728352887660296,-0.9728352887660296,-0.9825987215633449,-0.9728352887660296,0.1028512475219596,-0.8780475748982866,1.2459955436801922,0.38483172442843677,1.29475272681257,1.174017289431149,0.9514876830919976,-0.8775861038682538,-1.1210154358715438,-0.5900046562269241,-0.8052956110398629,-0.5778153604438296,-0.6097945933909564,-0.6636316213739728
P2,129.0,-0.0327897547978903,0.1647738969841318,O4_B_C_boundary,B-side boundary projection dominates current C-state,0.1577879756040453,0.0335847403027409,0.270928680142604,0.0335847403027409,0.1541004653497967,0.0376997000459924,0.9430429931434935,0.1577879756040453,0.07965498591757775,0.0867071182008525,0.1852957797749023,0.0796549859175777,0.1179938978980238,-0.3394074113556233,-0.8519265387655696,-0.5461209563771379,0.2773292393406235,-0.2193905357917468,0.3433529085721489,O6_phase_only,0.3433529085721489,0.2773292393406235,False,0.0,0.0,q4,mid,mid,low,high,low,high,low,B_side,far,phase=q4|str=mid|ab=mid|ac=low|bc=high|tfc=low|mem=high|dphi=low|side=B_side|dist=far,side=B_side|tfc=low,-0.19088047062532928,0.5342333791974782,bad,1.75,1.0,1.5737570742317253,-1.87008928599643,,1.75,1.0,1.5737570742317253,1.1172917431786415,,1.75,1.0,1.5737570742317253,1.2829131335072181,,1.75,1.0,1.5737570742317253,-2.9158082540269072,,1.75,1.0,1.5737570742317253,-1.37901179583213,,1.75,1.0,1.5737570742317253,-2.464228721736483,,1.75,1.0,1.5737570742317253,-1.04773268433364,,1.2517419012664042,1.2706760933847336,1.2706760933847336,1.2706760933847336,1.2706760933847336,1.2517419012664042,1.2706760933847336,0.7115680669648201,0.7093409314018366,0.7093409314018366,0.7093409314018366,0.7093409314018366,0.7115680669648201,0.7093409314018366,0.49027414357225624,0.4633473499374098,0.4633473499374098,0.4633473499374098,0.4633473499374098,0.49027414357225624,0.4633473499374098,-1.0796547280818287,0.7808175914635223,0.845606277234522,-1.606933665708013,-0.9123842934944489,-1.502207746988286,-0.6898437693136489,0.34348234593041294,0.8060454915468755,0.8222426629896256,0.20910767725399176,0.3827450203073828,0.23784409120379862,0.4383801513525828
P2,146.0,0.0636796371990668,0.134040198715125,O4_B_C_boundary,B-side boundary projection dominates current C-state,0.0776675896453762,0.1047877355858395,0.3825566662348043,0.0776675896453762,0.1883373304886733,0.0023948727618245,0.4858682029550518,0.07766758964537629,0.3439137565933881,0.2931805220840541,0.06117068166796,0.06117068166796,0.0182546452726334,-0.9294112104147305,1.0504783109973699,1.4276198891709764,-1.2725970642821147,-0.44053571783218914,-0.8585145030645549,O3_A_C_boundary,1.4276198891709764,-1.2725970642821147,False,0.0,0.0,q1,low,low,mid,high,mid,low,low,B_side,far,phase=q1|str=low|ab=low|ac=mid|bc=high|tfc=mid|mem=low|dphi=low|side=B_side|dist=far,side=B_side|tfc=mid,-0.146137185060749,1.5737570742317253,neutral,-1.0,0.0,1.6356553780283956,-0.1425577390392812,,-1.0,0.0,1.6356553780283956,-0.8088700199980403,,-1.0,0.0,1.6356553780283956,-2.7751315405896477,,-1.0,0.0,1.6356553780283956,3.10913079796019,,-1.0,0.0,1.6356553780283956,-0.6334364349686341,,-1.0,0.0,1.6356553780283956,0.527011954087869,,-1.0,0.0,1.6356553780283956,0.29056485597085274,,-1.22525000917611,-1.2234195444572022,-1.2234195444572022,-1.2234195444572022,-1.2234195444572022,-1.22525000917611,-1.2234195444572022,-1.4053469322555197,-1.4097593353646567,-1.4097593353646567,-1.4097593353646567,-1.4097593353646567,-1.4053469322555197,-1.4097593353646567,0.5779761675814656,0.548864659165306,0.548864659165306,0.548864659165306,0.548864659165306,0.5779761675814656,0.548864659165306,-0.07177229273101111,-0.5087136363607169,-1.8194658997627302,1.7004823148273647,-0.4318063977204947,0.3345518497526251,0.2032485618323057,-0.5310982666452938,-0.6482569642543174,-0.9759450301048208,-0.09595797645729709,-0.6290301545942619,-0.42951723102438477,-0.47026641470606184
P2,173.0,-0.0693785013483995,0.1411582386994332,O4_B_C_boundary,B-side boundary projection dominates current C-state,0.0558565392323463,0.0164930818699488,0.3099275503815057,0.0164930818699488,0.1274257238279336,0.1045144159629912,0.1767498529706871,0.05585653923234635,0.19255382473537366,0.006749339852047,0.2621325374795188,0.006749339852047,0.04820134664216,-1.0900270443398914,-0.0391652519772186,-1.3104612059116192,1.236775102165778,-1.0916296070173408,-0.497653923958031,O4_B_C_boundary,1.236775102165778,1.236775102165778,True,0.0,0.0,q4,low,low,low,high,low,low,high,B_side,far,phase=q4|str=low|ab=low|ac=low|bc=high|tfc=low|mem=low|dphi=high|side=B_side|dist=far,side=B_side|tfc=low,-0.3988802758626176,1.6356553780283956,bad,-1.0,0.0,2.1044760427805165,-0.11280590259168015,,-1.0,0.0,1.4751240884879948,-0.7166430988106516,,-1.0,0.0,1.4751240884879948,0.2535404281489124,,-1.0,0.0,1.4751240884879948,-1.553464015523848,,-1.0,0.0,1.4751240884879948,0.3921600292673396,,-1.0,0.0,2.1044760427805165,2.260548036818938,,-1.0,0.0,1.4751240884879948,0.24757771535504405,,-1.22525000917611,-1.2234195444572022,-1.2234195444572022,-1.2234195444572022,-1.2234195444572022,-1.22525000917611,-1.2234195444572022,-1.4053469322555197,-1.4097593353646567,-1.4097593353646567,-1.4097593353646567,-1.4097593353646567,-1.4053469322555197,-1.4097593353646567,1.2422354230720145,0.3270782274486119,0.3270782274486119,0.3270782274486119,0.3270782274486119,1.2422354230720145,0.3270782274486119,-0.05441437331831794,-0.44696934406354205,0.169578096884005,-0.8590689874870377,0.2292655965644276,1.3990228774393016,0.17456175305797544,-0.3606939729194833,-0.6882674991091973,-0.5341306388723105,-0.7912924099650711,-0.5192087639522048,0.0026653397699216153,-0.5328847248288179
P2,177.0,0.0422270737310269,0.0944879167330669,O4_B_C_boundary,B-side boundary projection dominates current C-state,0.1577633935593486,0.0008284906114749,0.2711880422025048,0.0008284906114749,0.1432599754577761,0.026289360808802,0.6281836760412354,0.15776339355934868,0.09917767957017054,0.000492173426339,0.2475241503683169,0.000492173426339,0.2582119117577969,-0.339588432697272,-0.7113822268770847,-1.3702753258880516,1.0543629729310633,-1.166489996112005,2.032993215136711,O6_phase_only,2.032993215136711,1.0543629729310633,False,0.0,0.0,q1,low,mid,low,high,low,mid,low,B_side,far,phase=q1|str=low|ab=mid|ac=low|bc=high|tfc=low|mem=mid|dphi=low|side=B_side|dist=far,side=B_side|tfc=low,-0.0714828276438056,2.1044760427805165,bad,-1.0,0.0,1.4751240884879948,0.44311742142851507,,-1.0,0.0,1.4751240884879948,0.7517919890601474,,-1.0,0.0,1.4751240884879948,1.1095726610962777,,-1.0,0.0,1.4751240884879948,-0.5748337733182003,,-1.0,0.0,1.4751240884879948,1.263238531332937,,-1.0,0.0,1.4751240884879948,0.3687810221219987,,-1.0,0.0,1.4751240884879948,1.043795828325977,,-1.22525000917611,-1.2234195444572022,-1.2234195444572022,-1.2234195444572022,-1.2234195444572022,-1.22525000917611,-1.2234195444572022,-1.4053469322555197,-1.4097593353646567,-1.4097593353646567,-1.4097593353646567,-1.4097593353646567,-1.4053469322555197,-1.4097593353646567,0.35052374730595354,0.3270782274486119,0.3270782274486119,0.3270782274486119,0.3270782274486119,0.35052374730595354,0.3270782274486119,0.26992433683068656,0.5361219715481113,0.7317670006196657,-0.3218457435375987,0.7907394536025445,0.23739076701578524,0.7059056950426951,-0.5025372143237474,-0.44249467020628386,-0.39358341293839527,-0.6569865989777114,-0.3788402996926756,-0.5106706067774728,-0.40004873933263796
P2,187.0,-0.1571850934190885,0.2582119117577969,O4_B_C_boundary,B-side boundary projection dominates current C-state,0.1017304028703217,0.0128438729728044,0.2639553792045872,0.0128438729728044,0.1261765516825711,0.0156163223246796,0.6139307049959092,0.10173040287032172,0.08649170374878867,0.0346658672817321,0.1269347858698095,0.0346658672817321,0.179655640337676,-0.7522134716757872,-0.8027088529143314,-1.0435987944942007,-0.4514133029704911,-0.7576378344840361,1.0863827271461861,O6_phase_only,1.0863827271461861,-0.4514133029704911,False,0.0,0.0,q4,mid,low,low,high,low,mid,low,B_side,far,phase=q4|str=mid|ab=low|ac=low|bc=high|tfc=low|mem=mid|dphi=low|side=B_side|dist=far,side=B_side|tfc=low,-0.3887413613418086,1.4751240884879948,bad,-1.0,0.0,1.7524324315036188,2.2040861594159518,,-1.0,0.0,1.7524324315036188,2.3271996879364223,,-1.0,0.0,1.7524324315036188,-0.8973206798888427,,-1.0,0.0,1.7524324315036188,-0.5122966490601312,,-1.0,0.0,1.7524324315036188,-0.7300622055728174,,-1.0,0.0,1.7524324315036188,-3.315631902243774,,-1.0,0.0,1.7524324315036188,-1.0171328116961766,,-1.22525000917611,-1.2234195444572022,-1.2234195444572022,-1.2234195444572022,-1.2234195444572022,-1.22525000917611,-1.2234195444572022,-1.4053469322555197,-1.4097593353646567,-1.4097593353646567,-1.4097593353646567,-1.4097593353646567,-1.4053469322555197,-1.4097593353646567,0.7434344001891205,0.7102012189774741,0.7102012189774741,0.7102012189774741,0.7102012189774741,0.7434344001891205,0.7102012189774741,1.2973148139224826,1.5908295579479221,-0.5862361350779068,-0.28751572254267305,-0.49408877982699917,-2.025008528326795,-0.6694234137772084,-0.1474619318300066,-0.0830370257241157,-0.6273034489805729,-0.5526233458467645,-0.604266610167846,-0.978042767392326,-0.6481002686553983
P2,198.0,0.1954277510019811,0.3950446943287281,O2_lag5_AB,current AB is active; read short-lag future AB,0.4721039036199592,0.0369350276677074,0.17521502355902,0.0369350276677074,0.2280846516155622,0.0246461619997719,0.8914929738659855,0.47210390361995924,0.48043515227237243,0.066526936663752,0.1665086769202017,0.066526936663752,0.0090282787587828,1.9752043995490727,2.033298917374614,-0.7390293301494933,0.04273828773244332,-0.3764537826885415,-0.9696930907211292,O2_lag5_AB,2.033298917374614,2.033298917374614,True,0.0,0.0,q1,high,high,low,mid,low,high,low,B_side,mid,phase=q1|str=high|ab=high|ac=low|bc=mid|tfc=low|mem=high|dphi=low|side=B_side|dist=mid,side=B_side|tfc=low,0.28086648587099505,1.7524324315036188,bad,-1.0,0.0,1.3043700773615112,0.384187037165919,,-1.0,0.0,1.3043700773615112,-1.077132594204895,,-1.0,0.0,1.3043700773615112,0.2081568262272414,,-1.0,0.0,1.3043700773615112,1.013402959676352,,-1.0,0.0,1.3043700773615112,0.1122333221170986,,-1.0,0.0,1.3043700773615112,1.3610049094444918,,-1.0,0.0,1.3043700773615112,1.1345840185685447,,-1.22525000917611,-1.2234195444572022,-1.2234195444572022,-1.2234195444572022,-1.2234195444572022,-1.22525000917611,-1.2234195444572022,-1.4053469322555197,-1.4097593353646567,-1.4097593353646567,-1.4097593353646567,-1.4097593353646567,-1.4053469322555197,-1.4097593353646567,0.1085870307090562,0.0911683127056388,0.0911683127056388,0.0911683127056388,0.0911683127056388,0.1085870307090562,0.0911683127056388,0.23554296804389818,-0.6883106843914771,0.13977296054693833,0.5500235826503556,0.04883234332844168,0.8466619506703428,0.7664918009140466,-0.5716167356696689,-0.8075803128769243,-0.6005594016423205,-0.49799674611646616,-0.6232945559469446,-0.4188369900130577,-0.4438796915505434
P2,219.0,-0.1659285877888309,0.3034499991751191,O2_lag5_AB,current AB is active; read short-lag future AB,0.3369378173799007,0.0415635149204014,0.174827458301463,0.0415635149204014,0.1844429302005884,0.05743948219726,0.7378817727859686,0.33693781737990075,0.17816730162225908,0.004457956997369,0.158060360726139,0.004457956997369,0.0401546183320932,0.9798459345171574,-0.14273415631906078,-1.3323652179926375,-0.06275421692779953,-1.1190435833119905,-0.5946177598761458,O1_lag0_AB,0.9798459345171574,-0.14273415631906078,False,0.0,0.0,q4,high,high,low,mid,low,mid,mid,B_side,mid,phase=q4|str=high|ab=high|ac=low|bc=mid|tfc=low|mem=mid|dphi=mid|side=B_side|dist=mid,side=B_side|tfc=low,-0.3245241428443538,1.3043700773615112,bad,1.75,1.0,1.1909537427135448,-0.17350561206238718,,1.75,1.0,1.1909537427135448,1.4203185265146043,,1.75,1.0,1.1909537427135448,-0.3610401618248804,,1.75,1.0,1.1909537427135448,0.07479996483033113,,1.75,1.0,1.1909537427135448,-0.1862192670646669,,1.75,1.0,1.1909537427135448,0.530476420734188,,1.75,1.0,1.1909537427135448,-0.5109155285914246,,1.2517419012664042,1.2706760933847336,1.2706760933847336,1.2706760933847336,1.2706760933847336,1.2517419012664042,1.2706760933847336,0.7115680669648201,0.7093409314018366,0.7093409314018366,0.7093409314018366,0.7093409314018366,0.7115680669648201,0.7093409314018366,-0.052109490749865456,-0.06552515329700237,-0.06552515329700237,-0.06552515329700237,-0.06552515329700237,-0.052109490749865456,-0.06552515329700237,-0.08982800794292535,0.9836886625486407,-0.23404033573619112,0.034773466799267856,-0.1435421969610157,0.3366791918991949,-0.33160707636428005,0.45534311738460836,0.7245451335095522,0.42011288393834423,0.48731633457220896,0.44273741863213806,0.5619699173451385,0.395721198781322
P2,234.0,0.1467343149617393,0.2064042493419994,O4_B_C_boundary,B-side boundary projection dominates current C-state,0.3469811481340607,0.0693831002251211,0.2282291699657161,0.0693831002251211,0.214864472774966,0.2058039712813553,1.178063937979893,0.3469811481340607,0.3967433741233064,0.0448765450011938,0.1965908824638221,0.0448765450011938,0.1191612284180791,1.0538046808369559,1.4307999190295746,-0.9459918809808748,0.4183690211951649,-0.6354778574281863,0.35741935155957344,O2_lag5_AB,1.4307999190295746,0.4183690211951649,False,0.0,0.0,q1,mid,high,low,high,mid,high,high,B_side,mid,phase=q1|str=mid|ab=high|ac=low|bc=high|tfc=mid|mem=high|dphi=high|side=B_side|dist=mid,side=B_side|tfc=mid,0.23984617631602972,1.1909537427135448,neutral,0.25,1.0,1.3423564080623303,0.7125843402082013,,0.25,1.0,1.3423564080623303,-1.7206103716059027,,0.25,1.0,1.3423564080623303,0.6401998605149551,,0.25,1.0,1.3423564080623303,-0.019084781624752828,,0.25,1.0,1.3423564080623303,1.0243571032690746,,0.25,1.0,1.3423564080623303,-1.3554049686829004,,0.25,1.0,1.3423564080623303,-0.3418598395201714,,-0.09934459533860351,-0.0897397090745041,-0.0897397090745041,-0.0897397090745041,-0.0897397090745041,-0.09934459533860351,-0.0897397090745041,0.7115680669648201,0.7093409314018366,0.7093409314018366,0.7093409314018366,0.7093409314018366,0.7115680669648201,0.7093409314018366,0.1624088300605953,0.14364937583211848,0.14364937583211848,0.14364937583211848,0.14364937583211848,0.1624088300605953,0.14364937583211848,0.4271376594033064,-1.1191076736334549,0.4235120423996806,-0.01676496505451911,0.6367628872290928,-0.8213388734215791,-0.21879035594216872,0.30044249027252956,-0.08896426886850098,0.2966906601397829,0.18662140827623297,0.35000337134713594,-0.011676642933691778,0.13611506055432054
P2,261.0,-0.2330274214064584,0.2353070035354681,O6_phase_only,phase or closed-loop memory is high,0.4329123442576751,0.0577604228751017,0.0888604684671674,0.0577604228751017,0.1931777451999814,0.1204721686783936,0.9932695574094546,0.4329123442576751,0.20377823206903697,0.14685538404818,0.2105693338078653,0.14685538404818,0.0459402275859857,1.6865990884522628,0.04163950955507451,0.028854255243401513,0.5929152632724668,0.5845912682888478,-0.5249006220825247,O1_lag0_AB,1.6865990884522628,-0.5249006220825247,False,0.0,0.0,q4,mid,high,low,low,mid,high,high,B_side,near,phase=q4|str=mid|ab=high|ac=low|bc=low|tfc=mid|mem=high|dphi=high|side=B_side|dist=near,side=B_side|tfc=mid,0.34424268038993266,1.3423564080623303,neutral,0.25,1.0,0.5088432991253479,-0.4902293308626708,,0.25,1.0,0.5088432991253479,0.3515398419994734,,0.25,1.0,0.5088432991253479,1.4898018677941265,,0.25,1.0,0.5088432991253479,1.1808983613013515,,0.25,1.0,0.5088432991253479,0.36381094867592934,,0.25,1.0,0.5088432991253479,1.124960160417066,,0.25,1.0,0.5088432991253479,1.8138099132335999,,-0.09934459533860351,-0.0897397090745041,-0.0897397090745041,-0.0897397090745041,-0.0897397090745041,-0.09934459533860351,-0.0897397090745041,0.7115680669648201,0.7093409314018366,0.7093409314018366,0.7093409314018366,0.7093409314018366,0.7115680669648201,0.7093409314018366,-1.0185732358149213,-1.0079136543377565,-1.0079136543377565,-1.0079136543377565,-1.0079136543377565,-1.0185732358149213,-1.0079136543377565,-0.2746120563732234,0.2681602393064694,0.9814779725368727,0.6419708975062637,0.21099253898649545,0.7017195989764454,1.2197627809257807,-0.17024045514048203,-0.030038048175988652,0.1482913851316122,0.06341461637395993,-0.04432997325598213,0.07384245869693518,0.20786258722883919
P2,286.0,0.0749353820295158,0.1306384283174578,O4_B_C_boundary,B-side boundary projection dominates current C-state,0.1368013614738249,0.0503146777531021,0.2620879940843085,0.0503146777531021,0.1497346777704118,0.0208820872019038,0.604981927266515,0.1368013614738249,0.04012490964589599,0.1191360597991672,0.1605235350853436,0.0401249096458959,0.0089197975176884,-0.4939521245152062,-1.1365044493432415,-0.23612303215685754,-0.0319970309278252,-0.6923261570150581,-0.9710002999192466,O7_suppress_event,0.0,-0.0319970309278252,True,0.0,0.0,q1,low,mid,low,high,mid,mid,low,B_side,far,phase=q1|str=low|ab=mid|ac=low|bc=high|tfc=mid|mem=mid|dphi=low|side=B_side|dist=far,side=B_side|tfc=mid,-0.5088432991253479,0.5088432991253479,neutral,0.25,1.0,2.3683765303376982,-3.5495808141759544,,0.25,1.0,2.3683765303376982,-0.5692212906674922,,0.25,1.0,2.3683765303376982,,,0.25,1.0,2.3683765303376982,,,0.25,1.0,2.3683765303376982,1.2844202895994825,,0.25,1.0,2.3683765303376982,-2.795841555689069,,0.25,1.0,2.3683765303376982,-2.917876249962705,,-0.09934459533860351,-0.0897397090745041,-0.0897397090745041,-0.0897397090745041,-0.0897397090745041,-0.09934459533860351,-0.0897397090745041,0.7115680669648201,0.7093409314018366,0.7093409314018366,0.7093409314018366,0.7093409314018366,0.7115680669648201,0.7093409314018366,1.6161488500345649,1.5611757810611184,1.5611757810611184,1.5611757810611184,1.5611757810611184,1.6161488500345649,1.5611757810611184,-2.0595094893764623,-0.3482730513132431,,,0.8043926472981349,-1.7058333061375854,-1.9378553857926406,0.04221570807107977,0.45812598801880194,0.7269256677961503,0.7269256677961503,0.7462924126716464,0.13063475388079898,0.06073040439895255
P2,306.0,-0.0657046236335866,0.1166617764439556,O4_B_C_boundary,B-side boundary projection dominates current C-state,0.081590185076334,0.1086477216270176,0.2781795720096809,0.081590185076334,0.1561391595710108,0.0511991429917226,0.5497288202779835,0.08159018507633406,0.3326958582678796,,,0.3326958582678796,0.0331376837185747,-0.9005253509827644,0.9697204079615772,,,2.8079763060377037,-0.6791724845164887,O5_full_TFC,2.8079763060377037,,False,0.0,0.0,q4,low,low,mid,high,mid,low,mid,B_side,far,phase=q4|str=low|ab=low|ac=mid|bc=high|tfc=mid|mem=low|dphi=mid|side=B_side|dist=far,side=B_side|tfc=mid,0.4395997757000056,2.3683765303376982,neutral,0.0,1.0,0.7980492420683732,1.6127805598164426,,0.0,1.0,0.7980492420683732,1.7110084955929092,,0.0,1.0,0.7980492420683732,,,0.0,1.0,0.7980492420683732,,,0.0,1.0,0.7980492420683732,0.1995123105170933,,0.0,1.0,0.7980492420683732,1.494229431452721,,0.0,1.0,0.7980492420683732,2.1176692715209637,,-0.32452567810610483,-0.3164756761510437,-0.3164756761510437,-0.3164756761510437,-0.3164756761510437,-0.32452567810610483,-0.3164756761510437,0.7115680669648201,0.7093409314018366,0.7093409314018366,0.7093409314018366,0.7093409314018366,0.7115680669648201,0.7093409314018366,-0.6088051970183611,-0.6083532054045105,-0.6083532054045105,-0.6083532054045105,-0.6083532054045105,-0.6088051970183611,-0.6083532054045105,0.9523332540715751,1.17830045471895,,,0.1050900401251418,0.9284679455197536,1.4225386618196751,0.18264261147798233,0.24070312614130807,-0.07182931671790588,-0.07182931671790588,-0.02759947750714396,0.17667628434002697,0.30176267791648936
P2,347.0,0.061582213463853,0.1321591776431173,O3_A_C_boundary,A-side boundary projection dominates current C-state,0.0511981519238564,0.255230606384718,0.2271108367003382,0.0511981519238564,0.1778465316696375,0.0196634635670064,0.3373852212282043,0.05119815192385647,0.26056485734996837,0.1574926962166612,0.1847266056516516,0.1574926962166612,0.0030202952180699,-1.1243312501498284,0.45044770562681824,0.13053949469271103,0.27022207118187125,0.7118554760270667,-1.0420898596677852,O5_full_TFC,0.7118554760270667,0.13053949469271103,False,0.0,0.0,q1,low,low,high,high,mid,low,low,A_side,near,phase=q1|str=low|ab=low|ac=high|bc=high|tfc=mid|mem=low|dphi=low|side=A_side|dist=near,side=A_side|tfc=mid,-0.08619376604130662,0.7980492420683732,neutral,-1.0,0.0,0.6453010333037884,1.1171581161927258,,-1.0,0.0,0.6453010333037884,-1.1032256186646898,,-1.0,0.0,0.6453010333037884,0.4272146036538808,,-1.0,0.0,0.6453010333037884,-0.4439025860410162,,-1.0,0.0,0.6453010333037884,-0.879125551961354,,-1.0,0.0,0.6453010333037884,1.0779377638195333,,-1.0,0.0,0.6453010333037884,0.8731807343530138,,-1.22525000917611,-1.2234195444572022,-1.2234195444572022,-1.2234195444572022,-1.2234195444572022,-1.22525000917611,-1.2234195444572022,-1.4053469322555197,-1.4097593353646567,-1.4097593353646567,-1.4097593353646567,-1.4097593353646567,-1.4053469322555197,-1.4097593353646567,-0.8252299817174853,-0.8193867071598678,-0.8193867071598678,-0.8193867071598678,-0.8193867071598678,-0.8252299817174853,-0.8193867071598678,0.6631754923080582,-0.7057795026976791,0.28363652900420805,-0.24997051004321072,-0.590171017927599,0.6728456809028109,0.5920483296840686,-0.6981628577102642,-1.0395862724198515,-0.7922322644943797,-0.9256340242562343,-1.0106841512273315,-0.6957453105615761,-0.7151293143244145
P2,365.0,-0.0826054501790426,0.3638525338639888,O1_lag0_AB,default immediate AB readout,0.1082391750387847,0.0008623625750522,0.1786219289886784,0.0008623625750522,0.0959078222008384,0.0776663986995188,0.7722216652300421,0.10823917503878476,0.02842020001952433,0.1174394628055736,0.096016100523125,0.0284202000195243,0.0339099781114798,-0.7042830946480931,-1.2207669179127083,-0.2523413088051375,-0.837488999369727,-0.8323606482298409,-0.6698662641610126,O7_suppress_event,0.0,-0.7042830946480931,False,0.0,0.0,q4,high,low,low,mid,low,mid,mid,B_side,far,phase=q4|str=high|ab=low|ac=low|bc=mid|tfc=low|mem=mid|dphi=mid|side=B_side|dist=far,side=B_side|tfc=low,-0.6453010333037884,0.6453010333037884,bad,1.75,1.0,0.604993282117048,-0.03739700589352865,,1.75,1.0,0.604993282117048,0.8352101656213217,,1.75,1.0,0.604993282117048,-0.45715044440889196,,1.75,1.0,0.604993282117048,-0.5469714242212638,,1.75,1.0,0.604993282117048,0.48567230076955886,,1.75,1.0,0.604993282117048,-0.14845765408927414,,1.75,1.0,0.604993282117048,0.151248320529262,,1.2517419012664042,1.2706760933847336,1.2706760933847336,1.2706760933847336,1.2706760933847336,1.2517419012664042,1.2706760933847336,0.7115680669648201,0.7093409314018366,0.7093409314018366,0.7093409314018366,0.7093409314018366,0.7115680669648201,0.7093409314018366,-0.882340938650152,-0.8750749928007905,-0.8750749928007905,-0.8750749928007905,-0.8750749928007905,-0.882340938650152,-0.8750749928007905,-0.010419053762433485,0.591968965139336,-0.2971596113008442,-0.30655058820684555,0.2895411005933317,-0.08021761201402956,0.11027780932206842,0.2676374939546597,0.42422774928127893,0.2019456051712339,0.19959786094473353,0.34862078314477785,0.25018785439176067,0.303804960326962
P2,384.0,0.1691058364940951,0.1705283952881261,O4_B_C_boundary,B-side boundary projection dominates current C-state,0.1068731119428426,0.1208343867897525,0.3772136328134682,0.1068731119428426,0.2016403771820211,0.0145311757732483,0.6800912184268407,0.10687311194284269,0.1383410752351596,0.0718031891572915,0.0646968084391217,0.0646968084391217,0.0251306670816482,-0.714342736856707,-0.4294440582565189,-0.6885920589946332,-1.2285669952962022,-0.3983493343916352,-0.775657791023639,O7_suppress_event,0.0,-1.2285669952962022,False,0.0,0.0,q1,mid,low,mid,high,high,mid,low,B_side,far,phase=q1|str=mid|ab=low|ac=mid|bc=high|tfc=high|mem=mid|dphi=low|side=B_side|dist=far,side=B_side|tfc=high,-0.604993282117048,0.604993282117048,good,1.25,1.0,0.8618294292418918,0.92980009416718,,1.25,1.0,0.8618294292418918,-1.2486002696434813,,1.25,1.0,0.8618294292418918,0.17493962279938358,,1.25,1.0,0.8618294292418918,-0.2392896713441106,,1.25,1.0,0.8618294292418918,-0.8134505900176403,,1.25,1.0,0.8618294292418918,-0.4782704550398872,,1.25,1.0,0.8618294292418918,-0.12298176079535084,,0.8013797357314016,0.8172041592316543,0.8172041592316543,0.8172041592316543,0.8172041592316543,0.8013797357314016,0.8172041592316543,0.7115680669648201,0.7093409314018366,0.7093409314018366,0.7093409314018366,0.7093409314018366,0.7115680669648201,0.7093409314018366,-0.518436783609516,-0.5202359282809281,-0.5202359282809281,-0.5202359282809281,-0.5202359282809281,-0.518436783609516,-0.5202359282809281,0.553866426517491,-0.8031052599393909,0.11795796052529772,-0.13764737813214672,-0.5478386975845679,-0.2827378679633742,-0.07272542816786971,0.3870943614010492,0.050800975603293,0.2810667807194651,0.21716544605510402,0.11461761619199873,0.1779432877808329,0.23339593354617327
P2,399.0,-0.0170149057077772,0.3194573671906143,O5_full_TFC,full triadic projection is already active,0.2406453251430233,0.1634322391542111,0.2033230116914143,0.1634322391542111,0.2024668586628829,0.0838011477982739,0.6737368131681509,0.24064532514302336,0.025185992097329392,0.111142428229617,0.0769230769230769,0.0251859920973293,0.0144171081103853,0.270751294484659,-1.2440500536837193,-0.312536540319919,-1.0758999246759695,-0.8710545308911398,-0.9047571882145403,O1_lag0_AB,0.270751294484659,-0.8710545308911398,False,0.0,0.0,q4,high,mid,mid,mid,high,mid,high,B_side,near,phase=q4|str=high|ab=mid|ac=mid|bc=mid|tfc=high|mem=mid|dphi=high|side=B_side|dist=near,side=B_side|tfc=high,-0.5910781347572327,0.8618294292418918,good,-1.0,0.0,0.0,,,-1.0,0.0,0.0,,,-1.0,0.0,0.0,,,-1.0,0.0,0.0,,,-1.0,0.0,0.0,,,-1.0,0.0,0.0,,,-1.0,0.0,0.0,0.270751294484659,,-1.22525000917611,-1.2234195444572022,-1.2234195444572022,-1.2234195444572022,-1.2234195444572022,-1.22525000917611,-1.2234195444572022,-1.4053469322555197,-1.4097593353646567,-1.4097593353646567,-1.4097593353646567,-1.4097593353646567,-1.4053469322555197,-1.4097593353646567,-1.7395394739756702,-1.710920151943691,-1.710920151943691,-1.710920151943691,-1.710920151943691,-1.7395394739756702,-1.710920151943691,,,,,,,0.1900262855573434,-1.4567121384691,-1.4480330105885166,-1.4480330105885166,-1.4480330105885166,-1.4480330105885166,-1.4567121384691,-1.0385181865520516
P2,417.0,0.15383399063584,0.2646102618071695,O6_phase_only,phase or closed-loop memory is high,,,,,,0.2010838951423939,1.0658307004912446,,,,,,,,,,,,,O7_suppress_event,0.0,,False,0.0,0.0,q1,high,missing,missing,missing,missing,high,high,missing,missing,phase=q1|str=high|ab=missing|ac=missing|bc=missing|tfc=missing|mem=high|dphi=high|side=missing|dist=missing,side=missing|tfc=missing,0.0,0.0,bad,,,,,,,,,,,,,,,,,,,,,,,,,,,,,,,,,,,,,,,,,,,,,,,,,,,,,,,,,,,,,,,,,,,,,,
P20,24.0,-0.0552841385688971,0.4309006904114733,O4_B_C_boundary,B-side boundary projection dominates current C-state,0.2869190720856803,0.0680661121693128,0.2038444814746966,0.0680661121693128,0.1862765552432299,0.1080427985510127,1.015519981660018,0.28691907208568035,0.288599835048854,,,0.288599835048854,0.0189197741732767,0.6115095942131606,0.6522721423369445,,,2.2804139509529744,-0.8504996370095287,O5_full_TFC,2.2804139509529744,,False,0.0,0.0,q4,high,high,low,mid,mid,high,high,B_side,mid,phase=q4|str=high|ab=high|ac=low|bc=mid|tfc=mid|mem=high|dphi=high|side=B_side|dist=mid,side=B_side|tfc=mid,0.5387392100987102,1.7416747408542643,neutral,1.75,1.0,0.7334816252519187,1.1191904296534536,,1.75,1.0,0.7334816252519187,1.8115122149290097,,1.75,1.0,0.7334816252519187,,,1.75,1.0,0.7334816252519187,,,1.75,1.0,0.7334816252519187,-0.782565735025538,,1.75,1.0,0.7334816252519187,1.802419419852568,,1.75,1.0,0.7334816252519187,2.1440055579545274,,1.2517419012664042,1.2706760933847336,1.2706760933847336,1.2706760933847336,1.2706760933847336,1.2517419012664042,1.2706760933847336,0.7115680669648201,0.7093409314018366,0.7093409314018366,0.7093409314018366,0.7093409314018366,0.7115680669648201,0.7093409314018366,-0.7002892980828356,-0.6975583776744828,-0.6975583776744828,-0.6975583776744828,-0.6975583776744828,-0.7002892980828356,-0.6975583776744828,0.6643611916626098,1.2455859169651944,,,-0.5279311477881286,1.1177107982891608,1.4401137785155689,0.48184546545274964,0.6320111410193205,0.42748621570402917,0.42748621570402917,0.18863187483098975,0.5951828671093874,0.6806431064069141
P20,73.0,0.0763496563456038,0.090049999976598,O4_B_C_boundary,B-side boundary projection dominates current C-state,0.1589779572078637,0.1089054942641273,0.4885862388463577,0.1089054942641273,0.2521565634394496,0.0528628851849963,0.5934228412378691,0.15897795720786373,0.23352998355130675,0.0547856504940487,0.0872518566199598,0.0547856504940487,0.0103580999263029,-0.33064442727033067,0.2558230394491412,-0.8512677863214168,-0.9469264327659727,-0.5169258736216729,-0.9536686200891905,O2_lag5_AB,0.2558230394491412,-0.9469264327659727,False,0.0,0.0,q1,low,mid,mid,high,high,mid,mid,B_side,far,phase=q1|str=low|ab=mid|ac=mid|bc=high|tfc=high|mem=mid|dphi=mid|side=B_side|dist=far,side=B_side|tfc=high,-0.4776585858027775,0.7334816252519187,good,0.25,1.0,0.599523044997467,-0.8592439828151793,,0.25,1.0,0.599523044997467,-0.422535733059376,,0.25,1.0,0.599523044997467,-0.03335757682761051,,0.25,1.0,0.599523044997467,1.3526302334644806,,0.25,1.0,0.599523044997467,0.07415468543854377,,0.25,1.0,0.599523044997467,0.7417203020697414,,0.25,1.0,0.599523044997467,0.08434213351056194,,-0.09934459533860351,-0.0897397090745041,-0.0897397090745041,-0.0897397090745041,-0.0897397090745041,-0.09934459533860351,-0.0897397090745041,0.7115680669648201,0.7093409314018366,0.7093409314018366,0.7093409314018366,0.7093409314018366,0.7115680669648201,0.7093409314018366,-0.890091568922243,-0.8826325498033507,-0.8826325498033507,-0.8826325498033507,-0.8826325498033507,-0.890091568922243,-0.8826325498033507,-0.48990386203959724,-0.2500696652723343,-0.01883872749930863,0.7362438409267058,0.02428787465430691,0.4663926681272307,0.06562899190062806,-0.1919429898339059,-0.12827524818708813,-0.07046751374383171,0.1183031283626719,-0.059685863205427826,0.04713114270780108,-0.04935058389384754
P20,98.0,-0.0255222528547444,0.3248029126747968,O1_lag0_AB,default immediate AB readout,0.0654495505728356,0.0686725505563992,0.0749075085268142,0.0654495505728356,0.0696765365520163,0.1006841995582582,0.8571177545741893,0.06544955057283566,0.1700954133965087,0.0627458361807089,0.1836748767286123,0.0627458361807089,0.0698295226235303,-1.0193844348768575,-0.20084386169663734,-0.7751739973276714,0.2570893337503568,-0.42169065735495287,-0.23703236122400895,O4_B_C_boundary,0.2570893337503568,-1.0193844348768575,False,0.0,0.0,q4,high,low,low,low,mid,high,high,B_side,near,phase=q4|str=high|ab=low|ac=low|bc=low|tfc=mid|mem=high|dphi=high|side=B_side|dist=near,side=B_side|tfc=mid,-0.3424337112471102,0.599523044997467,neutral,-1.0,0.0,1.5138724080535404,0.8966237860713283,,-1.0,0.0,1.5138724080535404,-2.7373934720978,,-1.0,0.0,1.5138724080535404,-2.0147778994087115,,-1.0,0.0,1.5138724080535404,0.1515703451989614,,-1.0,0.0,1.5138724080535404,-1.9863440900131106,,-1.0,0.0,1.5138724080535404,0.8725897969877509,,-1.0,0.0,1.5138724080535404,-1.5827140081309328,,-1.22525000917611,-1.2234195444572022,-1.2234195444572022,-1.2234195444572022,-1.2234195444572022,-1.22525000917611,-1.2234195444572022,-1.4053469322555197,-1.4097593353646567,-1.4097593353646567,-1.4097593353646567,-1.4097593353646567,-1.4053469322555197,-1.4097593353646567,0.40542518796605775,0.38061203731249965,0.38061203731249965,0.38061203731249965,0.38061203731249965,0.40542518796605775,0.38061203731249965,0.5345105900012241,-1.7998259731421253,-1.3201127638239671,0.07691689442103676,-1.303854413476728,0.5467525678350819,-1.0468553479802025,-0.422665290866087,-1.0130982039128713,-0.8931699015833316,-0.5439124870220807,-0.8891053139965219,-0.4196047964076226,-0.8248555476223904
P20,123.0,0.0136020972949251,0.3587416599797351,O4_B_C_boundary,B-side boundary projection dominates current C-state,0.3624833933154009,0.0119821609038614,0.4662070442751479,0.0119821609038614,0.2802241994981367,0.0195352295511507,0.8505845914166204,0.3624833933154009,0.04736002919627448,0.0428054274971223,0.2906685604021612,0.0428054274971223,0.2367700830891164,1.1679626874603228,-1.0844186605308037,-0.9657903108843603,1.5930989496642007,-0.6602565913897045,1.7746171551157397,O6_phase_only,1.7746171551157397,1.5930989496642007,False,0.0,0.0,q1,high,high,low,high,low,high,low,B_side,far,phase=q1|str=high|ab=high|ac=low|bc=high|tfc=low|mem=high|dphi=low|side=B_side|dist=far,side=B_side|tfc=low,0.26074474706219924,1.5138724080535404,bad,-1.0,0.0,0.7045534317559438,-0.974877502392566,,-1.0,0.0,0.7045534317559438,1.4255238145149236,,-1.0,0.0,0.7045534317559438,2.916545823939086,,-1.0,0.0,0.7045534317559438,-0.5541997409925555,,-1.0,0.0,0.7045534317559438,1.5506506910543933,,-1.0,0.0,0.7045534317559438,-0.46911115671738113,,-1.0,0.0,0.7045534317559438,1.7707009046772775,,-1.22525000917611,-1.2234195444572022,-1.2234195444572022,-1.2234195444572022,-1.2234195444572022,-1.22525000917611,-1.2234195444572022,-1.4053469322555197,-1.4097593353646567,-1.4097593353646567,-1.4097593353646567,-1.4097593353646567,-1.4053469322555197,-1.4097593353646567,-0.741276869064765,-0.7375249214545208,-0.7375249214545208,-0.7375249214545208,-0.7375249214545208,-0.741276869064765,-0.7375249214545208,-0.5573671703219402,0.987173510786496,1.918474956698254,-0.31051860351711785,0.9759976289516004,-0.2771136367775504,1.190994645451066,-0.9823102452045838,-0.5958825726224709,-0.36305721114453143,-0.9203056011983743,-0.5986765430811949,-0.9122468618184862,-0.5449272889563284
P20,133.0,-0.0216501662976673,0.2367700830891164,O1_lag0_AB,default immediate AB readout,0.032490661243513,0.1528073937657514,0.1512053076936129,0.032490661243513,0.1121677875676258,0.0015356601056006,0.986139131077421,0.03249066124351306,0.03912864228333575,0.1589053723018376,0.1162012140268485,0.0391286422833357,0.0586160367307304,-1.2620925756876165,-1.1436766005545262,0.14404368670195852,-0.5854413568045058,-0.7042454440100708,-0.37215592502313516,O3_A_C_boundary,0.14404368670195852,-1.2620925756876165,False,0.0,0.0,q4,mid,low,mid,mid,low,high,low,A_side,near,phase=q4|str=mid|ab=low|ac=mid|bc=mid|tfc=low|mem=high|dphi=low|side=A_side|dist=near,side=A_side|tfc=low,-0.5605097450539852,0.7045534317559438,bad,-1.0,0.0,2.3339206177250382,-3.2572437838636077,,-1.0,0.0,2.3339206177250382,1.8712004416877444,,-1.0,0.0,2.3339206177250382,-3.472348285403111,,-1.0,0.0,2.3339206177250382,-1.7617923720981399,,-1.0,0.0,2.3339206177250382,-2.0229704728481854,,-1.0,0.0,2.3339206177250382,0.2299334716137872,,-1.0,0.0,2.3339206177250382,-2.9923493008721476,,-1.22525000917611,-1.2234195444572022,-1.2234195444572022,-1.2234195444572022,-1.2234195444572022,-1.22525000917611,-1.2234195444572022,-1.4053469322555197,-1.4097593353646567,-1.4097593353646567,-1.4097593353646567,-1.4097593353646567,-1.4053469322555197,-1.4097593353646567,1.5673292041014353,1.5135722644396383,1.5135722644396383,1.5135722644396383,1.5135722644396383,1.5673292041014353,1.5135722644396383,-1.888953207163607,1.285546128931972,-2.277354636128721,-0.9734317270578614,-1.3274627982445748,0.15213197358565023,-1.9875538337395244,-0.7380552361234504,0.04148487838743786,-0.8492403128777355,-0.5232595856100205,-0.6117673534066989,-0.22778394093613605,-0.7767901122804363
P20,150.0,0.0853250629645321,0.2221063086179772,O1_lag0_AB,default immediate AB readout,0.0379908127486885,0.1199326861927355,0.1783721638901063,0.0379908127486885,0.1120985542771768,0.0282661057590596,0.8646154107420784,0.03799081274868852,0.6113695380684396,0.1157214570427658,0.2044170165836942,0.1157214570427658,0.2787186608500376,-1.2215896469432617,2.9758985136042924,-0.26876423826320445,0.5160924575756013,0.21210670721111266,2.2801014779702395,O2_lag5_AB,2.9758985136042924,-1.2215896469432617,False,0.0,0.0,q1,mid,low,mid,mid,low,high,low,B_side,near,phase=q1|str=mid|ab=low|ac=mid|bc=mid|tfc=low|mem=high|dphi=low|side=B_side|dist=near,side=B_side|tfc=low,0.6419778958792542,2.3339206177250382,bad,1.75,1.0,1.4876082586684274,3.093470092705593,,1.75,1.0,1.4876082586684274,-1.2098069332237968,,1.75,1.0,1.4876082586684274,0.5645753226769976,,1.75,1.0,1.4876082586684274,0.9725609401454,,1.75,1.0,1.4876082586684274,0.6447545005461446,,1.75,1.0,1.4876082586684274,1.0676991003011596,,1.75,1.0,1.4876082586684274,0.7909334902447767,,1.2517419012664042,1.2706760933847336,1.2706760933847336,1.2706760933847336,1.2706760933847336,1.2517419012664042,1.2706760933847336,0.7115680669648201,0.7093409314018366,0.7093409314018366,0.7093409314018366,0.7093409314018366,0.7115680669648201,0.7093409314018366,0.36821222866557124,0.34432607716806035,0.34432607716806035,0.34432607716806035,0.34432607716806035,0.36821222866557124,0.34432607716806035,1.8162022670776798,-0.7771338074367873,0.3738465340387922,0.5276031818946902,0.39208122307696686,0.6665586697548394,0.5371618931788925,1.0369311159936188,0.3868023236294609,0.6745474089983557,0.7129865709623302,0.6791060812578994,0.7495202166629087,0.7153762487833808
P20,162.0,-0.2197454870586384,0.3693223359692673,O4_B_C_boundary,B-side boundary projection dominates current C-state,0.321309232196686,0.1133140964236691,0.289784552600166,0.1133140964236691,0.2414692937401737,0.0020370648318942,0.7162499920156591,0.321309232196686,0.30635979188203855,0.1024010559781419,0.20778725078921,0.1024010559781419,0.2592492858104505,0.8647575644140442,0.7801264721085751,-0.3960979246647865,0.5581759259809798,0.05274217400998457,2.045493670421298,O6_phase_only,2.045493670421298,0.5581759259809798,False,0.0,0.0,q4,high,high,mid,high,high,mid,low,B_side,far,phase=q4|str=high|ab=high|ac=mid|bc=high|tfc=high|mem=mid|dphi=low|side=B_side|dist=far,side=B_side|tfc=high,0.5578854117528708,1.4876082586684274,good,0.25,1.0,1.1840131242993124,1.476739387082082,,0.25,1.0,1.1840131242993124,-1.0175921834750405,,0.25,1.0,1.1840131242993124,1.2013831530077534,,0.25,1.0,1.1840131242993124,0.5113711442697056,,0.25,1.0,1.1840131242993124,0.45069566278599843,,0.25,1.0,1.1840131242993124,-1.400062717206222,,0.25,1.0,1.1840131242993124,0.9026314941195281,,-0.09934459533860351,-0.0897397090745041,-0.0897397090745041,-0.0897397090745041,-0.0897397090745041,-0.09934459533860351,-0.0897397090745041,0.7115680669648201,0.7093409314018366,0.7093409314018366,0.7093409314018366,0.7093409314018366,0.7115680669648201,0.7093409314018366,-0.06194346430757897,-0.0751141561412883,-0.0751141561412883,-0.0751141561412883,-0.0751141561412883,-0.06194346430757897,-0.0751141561412883,0.8729636421388735,-0.6484494326412595,0.792062440221784,0.2744310771186191,0.2669960971426821,-0.848760788626195,0.6117018423759558,0.3558109123643778,-0.02599059161380385,0.334137376601957,0.20472953582616582,0.20287079083218157,-0.07462019532688935,0.2890472271405
P20,172.0,0.0835481553910213,0.2592492858104505,O4_B_C_boundary,B-side boundary projection dominates current C-state,0.3601924645506827,0.086319816944276,0.2082681412022639,0.086319816944276,0.2182601408990742,0.1086355409673117,0.8205124203175116,0.36019246455068277,0.07129951471500086,0.1356902058909309,0.17377988434873,0.0712995147150008,0.07242468307683,1.1510923659012784,-0.9120777643887951,-0.07787701262124908,0.13353246090492585,-0.3193549258588362,-0.20576043272356176,O1_lag0_AB,1.1510923659012784,0.13353246090492585,False,0.0,0.0,q1,mid,high,low,mid,mid,high,high,B_side,mid,phase=q1|str=mid|ab=high|ac=low|bc=mid|tfc=mid|mem=high|dphi=high|side=B_side|dist=mid,side=B_side|tfc=mid,-0.03292075839803398,1.1840131242993124,neutral,1.5,1.0,1.344619841378418,-1.5666832183280317,,1.5,1.0,1.344619841378418,-0.4689601035020748,,1.5,1.0,1.344619841378418,1.565124338867132,,1.5,1.0,1.344619841378418,0.27076818322644053,,1.5,1.0,1.344619841378418,-0.5217389576061933,,1.5,1.0,1.344619841378418,-0.4654338638020592,,1.5,1.0,1.344619841378418,0.06267660159104703,,1.026560818498903,1.043940126308194,1.043940126308194,1.043940126308194,1.043940126308194,1.026560818498903,1.043940126308194,0.7115680669648201,0.7093409314018366,0.7093409314018366,0.7093409314018366,0.7093409314018366,0.7115680669648201,0.7093409314018366,0.16561582719710577,0.14677648457235856,0.14677648457235856,0.14677648457235856,0.14677648457235856,0.16561582719710577,0.14677648457235856,-0.9026405097768327,-0.2811499600650253,1.0309451021721627,0.14235105581845836,-0.35980919736782824,-0.27485560949581606,0.05117083157021734,0.250276050720999,0.40472689555434094,0.732750661113638,0.5106021495252119,0.38506208622864024,0.4072222757912532,0.4878070934631516
P20,194.0,-0.3525996089062568,0.4290122428488311,O5_full_TFC,full triadic projection is already active,0.1519206818402151,0.2024762719991665,0.1188034128568558,0.1188034128568558,0.1577334555654125,0.0728957355958345,0.9606477110978718,0.1519206818402151,0.03755968275462141,0.2630566257127933,0.1849730387496655,0.0375596827546214,0.0407787662532559,-0.3826139632142402,-1.1549715755855334,1.1396565797238687,0.2732992340322554,-0.7230163880448611,-0.5870967184933344,O3_A_C_boundary,1.1396565797238687,-0.7230163880448611,False,0.0,0.0,q4,high,mid,high,low,high,high,mid,A_side,mid,phase=q4|str=high|ab=mid|ac=high|bc=low|tfc=high|mem=high|dphi=mid|side=A_side|dist=mid,side=A_side|tfc=high,-0.2049632616545493,1.344619841378418,good,0.25,1.0,0.758275475044819,0.658453379923788,,0.25,1.0,0.758275475044819,2.484197024070607,,0.25,1.0,0.758275475044819,-0.32731163181361533,,0.25,1.0,0.758275475044819,-0.19131941688648105,,0.25,1.0,0.758275475044819,1.772981412601229,,0.25,1.0,0.758275475044819,-0.24366015310446926,,0.25,1.0,0.758275475044819,-0.04893005045586521,,-0.09934459533860351,-0.0897397090745041,-0.0897397090745041,-0.0897397090745041,-0.0897397090745041,-0.09934459533860351,-0.0897397090745041,0.7115680669648201,0.7093409314018366,0.7093409314018366,0.7093409314018366,0.7093409314018366,0.7115680669648201,0.7093409314018366,-0.6651595663060071,-0.6633037504935112,-0.6633037504935112,-0.6633037504935112,-0.6633037504935112,-0.6651595663060071,-0.6633037504935112,0.3955563871681163,1.6959364973029833,-0.21188952811255535,-0.11131390242151938,1.1193060534724122,-0.13867633287629727,-0.023308155386071883,0.08565507312208144,0.41305849228420116,-0.06389801406968351,-0.038754107646924524,0.26890088132655837,-0.047903106889021954,-0.016752670888062645
P20,217.0,0.1284856019267746,0.212682766132793,O3_A_C_boundary,A-side boundary projection dominates current C-state,0.2391602937435475,0.3421537552418216,0.056534122102385,0.056534122102385,0.2126160570292513,0.0379041984157535,0.7820665894544935,0.23916029374354755,0.3511433614149589,0.2159154475740217,0.171473084551506,0.171473084551506,0.0375949954810789,0.25981557373233044,1.102524399152751,0.6890199986928949,0.10472789408131165,0.8791160600097866,-0.6254614569135507,O2_lag5_AB,1.102524399152751,0.6890199986928949,False,0.0,0.0,q1,mid,mid,high,low,mid,high,low,A_side,far,phase=q1|str=mid|ab=mid|ac=high|bc=low|tfc=mid|mem=high|dphi=low|side=A_side|dist=far,side=A_side|tfc=mid,0.34424892410793195,0.758275475044819,neutral,0.0,1.0,1.0029169090848629,1.0934380526916363,,0.0,1.0,1.0029169090848629,-0.43394972872173554,,0.0,1.0,1.0029169090848629,0.04936903086879396,,0.0,1.0,1.0029169090848629,-1.9604913240557382,,0.0,1.0,1.0029169090848629,-1.6673803589608416,,0.0,1.0,1.0029169090848629,0.8166508207217782,,0.0,1.0,1.0029169090848629,0.3898734691757989,,-0.32452567810610483,-0.3164756761510437,-0.3164756761510437,-0.3164756761510437,-0.3164756761510437,-0.32452567810610483,-0.3164756761510437,0.7115680669648201,0.7093409314018366,0.7093409314018366,0.7093409314018366,0.7093409314018366,0.7115680669648201,0.7093409314018366,-0.3185337687347736,-0.325312628257237,-0.325312628257237,-0.325312628257237,-0.325312628257237,-0.3185337687347736,-0.325312628257237,0.6493366507481089,-0.2577111334616875,0.035490980075465986,-1.0825083639083946,-1.0982589408476728,0.5124034590125123,0.2695206412459,0.17946131771801263,-0.0475396266170329,0.025760901767255474,-0.25373893422870963,-0.2576765784635292,0.14522801978411348,0.08426831705986397
P20,234.0,-0.0803876989477943,0.1008193439035577,O4_B_C_boundary,B-side boundary projection dominates current C-state,0.3085371147719646,0.0493976727205729,0.334746356653712,0.0493976727205729,0.2308937147154165,0.0358863693329595,0.4065516288236044,0.3085371147719646,0.22896518628809465,0.1730035579926458,0.0192134061968304,0.0192134061968304,0.0763095612191218,0.7707041257985342,0.22296096100417317,0.27881244830871194,-1.7965095193201803,-0.9425102145014832,-0.15894728429405725,O1_lag0_AB,0.7707041257985342,-1.7965095193201803,False,0.0,0.0,q4,low,high,low,high,mid,low,low,B_side,far,phase=q4|str=low|ab=high|ac=low|bc=high|tfc=mid|mem=low|dphi=low|side=B_side|dist=far,side=B_side|tfc=mid,-0.23221278328632877,1.0029169090848629,neutral,-1.0,0.0,1.5011729418926736,-2.983266269887765,,-1.0,0.0,1.5011729418926736,-1.8605845615943764,,-1.0,0.0,1.5011729418926736,0.3410735133231992,,-1.0,0.0,1.5011729418926736,2.942506880591883,,-1.0,0.0,1.5011729418926736,-0.05224199026860453,,-1.0,0.0,1.5011729418926736,-1.525864068005952,,-1.0,0.0,1.5011729418926736,-0.34941573381305735,,-1.22525000917611,-1.2234195444572022,-1.2234195444572022,-1.2234195444572022,-1.2234195444572022,-1.22525000917611,-1.2234195444572022,-1.4053469322555197,-1.4097593353646567,-1.4097593353646567,-1.4097593353646567,-1.4097593353646567,-1.4053469322555197,-1.4097593353646567,0.38743165958435766,0.36306673949181084,0.36306673949181084,0.36306673949181084,0.36306673949181084,0.38743165958435766,0.36306673949181084,-1.729108297527242,-1.212817917772998,0.22706440090470684,1.6090134049698306,-0.057184035004581975,-0.9260086143300543,-0.2238326660747799,-0.9930683948436285,-0.8707325145257616,-0.5107619348563354,-0.1652746838400544,-0.5818240438336575,-0.7922934740443316,-0.623486201601207
P20,260.0,0.0399101738549459,0.1394981350107374,O1_lag0_AB,default immediate AB readout,0.0014714316375481,0.1612988572530807,0.1437288785363321,0.0014714316375481,0.1021663891423203,0.0468294139145947,0.6686756488791847,0.001471431637548112,0.054840540156916244,0.2249560021762894,0.2588935491672519,0.0548405401569162,0.0008438280299276,-1.4905171282209388,-1.0305662934217168,0.7754413563559748,1.196330476067808,-0.5162691767656241,-1.0683164947895616,O4_B_C_boundary,1.196330476067808,-1.4905171282209388,False,0.0,0.0,q1,low,low,mid,mid,low,mid,mid,A_side,near,phase=q1|str=low|ab=low|ac=mid|bc=mid|tfc=low|mem=mid|dphi=mid|side=A_side|dist=near,side=A_side|tfc=low,-0.30484246582486557,1.5011729418926736,bad,1.75,1.0,0.7280650855006858,0.7252390276239125,,1.75,1.0,0.7280650855006858,0.8881697798782575,,1.75,1.0,0.7280650855006858,0.03264528047041729,,1.75,1.0,0.7280650855006858,0.18201627137517146,,1.75,1.0,0.7280650855006858,1.4031747454049157,,1.75,1.0,0.7280650855006858,1.6185325456294397,,1.75,1.0,0.7280650855006858,0.5619773443617995,,1.2517419012664042,1.2706760933847336,1.2706760933847336,1.2706760933847336,1.2706760933847336,1.2517419012664042,1.2706760933847336,0.7115680669648201,0.7093409314018366,0.7093409314018366,0.7093409314018366,0.7093409314018366,0.7115680669648201,0.7093409314018366,-0.7079638460134207,-0.7050417475964272,-0.7050417475964272,-0.7050417475964272,-0.7050417475964272,-0.7079638460134207,-0.7050417475964272,0.43452070094232537,0.6274244900611959,0.02450785754695917,0.09363031540480361,0.8809385868241661,1.0047957849056461,0.384371521905926,0.42246670579003226,0.4755999418128347,0.3248707836842756,0.3421513981487367,0.5389784660035772,0.5650354767808625,0.41483669977401727
P20,292.0,-0.0250135175248449,0.138756345341021,O3_A_C_boundary,A-side boundary projection dominates current C-state,0.0596890784275658,0.4313962536134472,0.0688182799241061,0.0596890784275658,0.1866345373217064,0.1101310136423544,0.663509643465634,0.05968907842756585,0.11971979337473285,0.1644333667177873,0.2153888407475873,0.1197197933747328,0.0887192772138223,-1.0618043559670607,-0.5634990863242069,0.1968874339716741,0.653095522464944,0.25994257942199367,-0.009409034817537076,O4_B_C_boundary,0.653095522464944,0.1968874339716741,False,0.0,0.0,q4,low,low,high,low,mid,mid,high,A_side,far,phase=q4|str=low|ab=low|ac=high|bc=low|tfc=mid|mem=mid|dphi=high|side=A_side|dist=far,side=A_side|tfc=mid,-0.07496956303574184,0.7280650855006858,neutral,-1.0,0.0,0.6402598687108775,-0.2539302749708838,,-1.0,0.0,0.6402598687108775,1.3737202156113042,,-1.0,0.0,0.6402598687108775,-0.4430475784288689,,-1.0,0.0,0.6402598687108775,0.16006496717771937,,-1.0,0.0,0.6402598687108775,-0.0005963158149163289,,-1.0,0.0,0.6402598687108775,-0.6913422224513855,,-1.0,0.0,0.6402598687108775,0.46976772640568887,,-1.22525000917611,-1.2234195444572022,-1.2234195444572022,-1.2234195444572022,-1.2234195444572022,-1.22525000917611,-1.2234195444572022,-1.4053469322555197,-1.4097593353646567,-1.4097593353646567,-1.4097593353646567,-1.4097593353646567,-1.4053469322555197,-1.4097593353646567,-0.832372670790423,-0.8263514671761815,-0.8263514671761815,-0.8263514671761815,-0.8263514671761815,-0.832372670790423,-0.8263514671761815,-0.1367496431844118,0.9524919176944774,-0.2878977231853208,0.08158005337397006,-0.023894617384832752,-0.41357375046211764,0.32283684805771445,-0.8999298138516162,-0.6267596073258908,-0.9368570175458404,-0.8444875734060177,-0.8708562410957184,-0.9691358406710426,-0.7841733747350815
P20,322.0,0.0571324055430699,0.2474933402734566,O4_B_C_boundary,B-side boundary projection dominates current C-state,0.0099064573079197,0.0713097088521586,0.1995163489063665,0.0099064573079197,0.0935775050221483,0.0452880096815814,0.7400437493839211,0.00990645730791977,0.23582747362521775,0.0839222547458599,0.1850863564626344,0.0839222547458599,0.0117899088853377,-1.4284018858749066,0.2723627223051267,-0.572742296690307,0.27471421058957957,-0.16833717023888922,-0.9364151869396893,O4_B_C_boundary,0.27471421058957957,0.27471421058957957,True,0.0,0.0,q1,mid,low,low,mid,low,mid,mid,B_side,mid,phase=q1|str=mid|ab=low|ac=low|bc=mid|tfc=low|mem=mid|dphi=mid|side=B_side|dist=mid,side=B_side|tfc=low,-0.3655456581212979,0.6402598687108775,bad,1.75,1.0,1.5424180624343524,-0.31914625001851393,,1.75,1.0,1.5424180624343524,-1.1155970006051152,,1.75,1.0,1.5424180624343524,0.11591030301075159,,1.75,1.0,1.5424180624343524,-3.6049307717114356,,1.75,1.0,1.5424180624343524,-2.086708616811624,,1.75,1.0,1.5424180624343524,1.5967339131378568,,1.75,1.0,1.5424180624343524,-0.9013689330662442,,1.2517419012664042,1.2706760933847336,1.2706760933847336,1.2706760933847336,1.2706760933847336,1.2517419012664042,1.2706760933847336,0.7115680669648201,0.7093409314018366,0.7093409314018366,0.7093409314018366,0.7093409314018366,0.7115680669648201,0.7093409314018366,0.4458707496746363,0.42005007362469776,0.42005007362469776,0.42005007362469776,0.42005007362469776,0.4458707496746363,0.42005007362469776,-0.1747981731059404,-0.7140619240646202,0.07919116261399378,-1.9852304099356364,-1.3685466976253304,0.9914104201811212,-0.59217016544158,0.5585956361999801,0.42150129358666194,0.6198145652563154,0.1037091721189079,0.2578801001964844,0.8501477845217454,0.45197423324242203
P20,338.0,-0.2137940054237646,0.3107321398044926,O4_B_C_boundary,B-side boundary projection dominates current C-state,0.1119518119985711,0.0735018258889271,0.3322858780536122,0.0735018258889271,0.1725798386470368,0.1243835435456602,0.9530011104012421,0.11195181199857117,0.20445446474125042,0.1810394097155596,0.0074755321332848,0.0074755321332848,0.1931797999474562,-0.6769433622617412,0.046507723813004456,0.35562955150935105,-1.9430781024444896,-1.0829414831874151,1.2493501274115295,O6_phase_only,1.2493501274115295,-1.9430781024444896,False,0.0,0.0,q4,high,low,low,high,mid,high,high,B_side,far,phase=q4|str=high|ab=low|ac=low|bc=high|tfc=mid|mem=high|dphi=high|side=B_side|dist=far,side=B_side|tfc=mid,-0.293067935022823,1.5424180624343524,neutral,1.5,1.0,1.9263620261842922,2.4078839962193435,,1.5,1.0,1.9263620261842922,1.3283944572288453,,1.5,1.0,1.9263620261842922,-1.9984559809708233,,1.5,1.0,1.9263620261842922,-0.08355424530540873,,1.5,1.0,1.9263620261842922,0.02706803995992277,,1.5,1.0,1.9263620261842922,-2.2776419849677425,,1.5,1.0,1.9263620261842922,-2.0913020284137156,,1.026560818498903,1.043940126308194,1.043940126308194,1.043940126308194,1.043940126308194,1.026560818498903,1.043940126308194,0.7115680669648201,0.7093409314018366,0.7093409314018366,0.7093409314018366,0.7093409314018366,0.7115680669648201,0.7093409314018366,0.9898705147990501,0.9504984487860546,0.9504984487860546,0.9504984487860546,0.9504984487860546,0.9898705147990501,0.9504984487860546,1.4162152533607246,0.9221471242423422,-1.3093935396168765,-0.05215575201420155,-0.006062915072652515,-1.3876348936052643,-1.3862537604766583,1.0360536634058746,0.9064816576846069,0.3485964917198021,0.6629059386204709,0.6744291478558582,0.33509112666437724,0.3293814365048567
P20,347.0,0.0043697543705721,0.2453816776549196,O3_A_C_boundary,A-side boundary projection dominates current C-state,0.619115680779181,0.1798975029384019,0.1056737761943611,0.1056737761943611,0.301562319970648,0.076777272564988,0.7532557747998888,0.619115680779181,0.5831802742395092,0.1813690288543929,0.1672292338945753,0.1672292338945753,0.1600728402191254,3.0577941298970543,2.772963367564452,0.35878047916179445,0.051735744531053715,0.8283428681489785,0.850408136686002,O1_lag0_AB,3.0577941298970543,0.35878047916179445,False,0.0,0.0,q1,mid,high,high,low,high,mid,mid,A_side,mid,phase=q1|str=mid|ab=high|ac=high|bc=low|tfc=high|mem=mid|dphi=mid|side=A_side|dist=mid,side=A_side|tfc=high,1.1314321037127621,1.9263620261842922,good,1.25,1.0,1.5944238286208796,0.3986059571552199,,1.25,1.0,1.5944238286208796,-1.9805694974320454,,1.25,1.0,1.5944238286208796,,,1.25,1.0,1.5944238286208796,,,1.25,1.0,1.5944238286208796,1.3647682737039633,,1.25,1.0,1.5944238286208796,-0.9110814256211988,,1.25,1.0,1.5944238286208796,0.9356196962784469,,0.8013797357314016,0.8172041592316543,0.8172041592316543,0.8172041592316543,0.8172041592316543,0.8013797357314016,0.8172041592316543,0.7115680669648201,0.7093409314018366,0.7093409314018366,0.7093409314018366,0.7093409314018366,0.7115680669648201,0.7093409314018366,0.5195563060622653,0.49190007460721513,0.49190007460721513,0.49190007460721513,0.49190007460721513,0.5195563060622653,0.49190007460721513,0.2439553042582745,-1.2931457098562475,,,0.8561828044807568,-0.5485037457193951,0.6337160129764036,0.5691148532541903,0.18132486384611468,0.6728150550802354,0.6728150550802354,0.7186569924303657,0.37100009075977297,0.6630402945542775
P20,359.0,-0.0158033314305086,0.1844203644153892,O5_full_TFC,full triadic projection is already active,0.4777285782861805,0.2317743232132563,0.1512362153703816,0.1512362153703816,0.2869130389566061,0.0313399532706533,0.7342015532273168,0.4777285782861805,0.18207804022563637,,,0.1820780402256363,0.0233566895176506,2.016624312619062,-0.11458066091683183,,,1.005993156459596,-0.7970343881709151,O1_lag0_AB,2.016624312619062,1.005993156459596,False,0.0,0.0,q4,mid,high,high,mid,high,mid,low,A_side,mid,phase=q4|str=mid|ab=high|ac=high|bc=mid|tfc=high|mem=mid|dphi=low|side=A_side|dist=mid,side=A_side|tfc=high,0.4222004839981823,1.5944238286208796,good,1.25,1.0,1.5995146079803106,-1.736054303045868,,1.25,1.0,1.5995146079803106,0.6197471531397768,,1.25,1.0,1.5995146079803106,,,1.25,1.0,1.5995146079803106,,,1.25,1.0,1.5995146079803106,0.16660567675907753,,1.25,1.0,1.5995146079803106,-0.41601236805960184,,1.25,1.0,1.5995146079803106,-0.4704171330010902,,0.8013797357314016,0.8172041592316543,0.8172041592316543,0.8172041592316543,0.8172041592316543,0.8013797357314016,0.8172041592316543,0.7115680669648201,0.7093409314018366,0.7093409314018366,0.7093409314018366,0.7093409314018366,0.7115680669648201,0.7093409314018366,0.5267692929491601,0.4989333812729605,0.4989333812729605,0.4989333812729605,0.4989333812729605,0.5267692929491601,0.4989333812729605,-1.0014555743376519,0.4477202896917433,,,0.08387930592100176,-0.2445085340084075,-0.3045810933999733,0.2595653803269325,0.6182996903995487,0.6751594906354837,0.6751594906354837,0.5273394444568633,0.4488021404092436,0.4302243446266195
P20,396.0,0.0306079037964329,0.0450677272840475,O5_full_TFC,full triadic projection is already active,0.2854633510602946,0.3742050818559284,0.2066700567324378,0.2066700567324378,0.2887794965495536,0.0672113793228698,0.073872347925127,0.28546335106029463,0.30640707997818983,0.3854379417331341,0.2078571323841694,0.2078571323841694,0.0401972786859988,0.6007897140594273,0.7804669001792279,2.309536078092184,0.5590485240600027,1.314412772975811,-0.5941036985835413,O3_A_C_boundary,2.309536078092184,1.314412772975811,False,0.0,0.0,q1,low,high,high,mid,high,low,mid,A_side,far,phase=q1|str=low|ab=high|ac=high|bc=mid|tfc=high|mem=low|dphi=mid|side=A_side|dist=far,side=A_side|tfc=high,0.7100214701118731,1.5995146079803106,good,1.25,1.0,2.2611251633863843,-0.9112520465748819,,1.25,1.0,2.2611251633863843,,,1.25,1.0,2.2611251633863843,-0.8124206944972738,,1.25,1.0,2.2611251633863843,,,1.25,1.0,2.2611251633863843,1.5604045959629689,,1.25,1.0,2.2611251633863843,-1.9710765379239472,,1.25,1.0,2.2611251633863843,-1.2542356099817478,,0.8013797357314016,0.8172041592316543,0.8172041592316543,0.8172041592316543,0.8172041592316543,0.8013797357314016,0.8172041592316543,0.7115680669648201,0.7093409314018366,0.7093409314018366,0.7093409314018366,0.7093409314018366,0.7115680669648201,0.7093409314018366,1.4641873037168667,1.4129996962556495,1.4129996962556495,1.4129996962556495,1.4129996962556495,1.4641873037168667,1.4129996962556495,-0.520246586635474,,-0.5304790877642522,,0.9822847346455353,-1.1993895840794175,-0.8276503285437937,0.6142221299444037,0.9798482622963801,0.6022664247812219,0.9798482622963801,0.9804573803836689,0.4444363805834178,0.5279736145863366
P20,401.0,-0.0642257535482894,0.0672113793228698,O5_full_TFC,full triadic projection is already active,0.3064070799781898,0.3854379417331341,0.2078571323841694,0.2078571323841694,0.2999007180318311,0.0401972786859988,0.3080266117480401,0.30640707997818983,,0.3740924140017195,,0.3740924140017195,0.0024671176810478,0.7550186219730347,,2.2010807948613262,,3.303242383136422,-1.0487557012205928,O5_full_TFC,3.303242383136422,3.303242383136422,True,0.0,0.0,q4,low,high,high,mid,high,low,low,A_side,far,phase=q4|str=low|ab=high|ac=high|bc=mid|tfc=high|mem=low|dphi=low|side=A_side|dist=far,side=A_side|tfc=high,1.0421172197500381,2.2611251633863843,good,-1.0,0.0,0.0,,,-1.0,0.0,0.0,,,-1.0,0.0,0.0,,,-1.0,0.0,0.0,,,-1.0,0.0,0.0,,,-1.0,0.0,0.0,,,-1.0,0.0,0.0,3.303242383136422,,-1.22525000917611,-1.2234195444572022,-1.2234195444572022,-1.2234195444572022,-1.2234195444572022,-1.22525000917611,-1.2234195444572022,-1.4053469322555197,-1.4097593353646567,-1.4097593353646567,-1.4097593353646567,-1.4097593353646567,-1.4053469322555197,-1.4097593353646567,-1.7395394739756702,-1.710920151943691,-1.710920151943691,-1.710920151943691,-1.710920151943691,-1.7395394739756702,-1.710920151943691,,,,,,,2.213712688602767,-1.4567121384691,-1.4480330105885166,-1.4480330105885166,-1.4480330105885166,-1.4480330105885166,-1.4567121384691,-0.5325965857906958
P20,415.0,0.1068914234025252,0.246035646493926,O1_lag0_AB,default immediate AB readout,,,,,,0.0513140643870934,0.6976784905256672,,,,,,,,,,,,,O7_suppress_event,0.0,,False,0.0,0.0,q1,mid,missing,missing,missing,missing,mid,mid,missing,missing,phase=q1|str=mid|ab=missing|ac=missing|bc=missing|tfc=missing|mem=mid|dphi=mid|side=missing|dist=missing,side=missing|tfc=missing,0.0,0.0,bad,,,,,,,,,,,,,,,,,,,,,,,,,,,,,,,,,,,,,,,,,,,,,,,,,,,,,,,,,,,,,,,,,,,,,,
P21,30.0,-0.0927524998274533,0.1476461158643601,O3_A_C_boundary,A-side boundary projection dominates current C-state,0.0960730309037183,0.3440029872569879,0.1268973977335768,0.0960730309037183,0.1889911386314277,0.2942553315310743,1.6001561778112612,0.09607303090371838,0.0282476267051803,0.1704014714525275,0.0013097904180377,0.0013097904180377,0.1315311079218115,-0.7938741665544706,-1.2220092770946123,0.25393832703550545,-2.0200685371877674,-1.1567080721603742,0.5064775675585184,O6_phase_only,0.5064775675585184,0.25393832703550545,False,0.0,0.0,q4,low,low,high,low,mid,high,high,A_side,far,phase=q4|str=low|ab=low|ac=high|bc=low|tfc=mid|mem=high|dphi=high|side=A_side|dist=far,side=A_side|tfc=mid,-0.6331777369147428,1.1396553044732611,neutral,-1.0,0.0,1.783856235150315,-2.4392708678392316,,-1.0,0.0,1.783856235150315,-1.309805469006018,,-1.0,0.0,1.783856235150315,0.6985032993105917,,-1.0,0.0,1.783856235150315,1.5962019815553932,,-1.0,0.0,1.783856235150315,-0.5803804654546623,,-1.0,0.0,1.783856235150315,-1.001620154004231,,-1.0,0.0,1.783856235150315,-1.473034839301219,,-1.22525000917611,-1.2234195444572022,-1.2234195444572022,-1.2234195444572022,-1.2234195444572022,-1.22525000917611,-1.2234195444572022,-1.4053469322555197,-1.4097593353646567,-1.4097593353646567,-1.4097593353646567,-1.4097593353646567,-1.4053469322555197,-1.4097593353646567,0.7879579333530695,0.7536156418088115,0.7536156418088115,0.7536156418088115,0.7536156418088115,0.7879579333530695,0.7536156418088115,-1.411728616906033,-0.8440810582300973,0.4618021266733571,0.8699535905344014,-0.3976079417015868,-0.6040986965297052,-0.973662637377153,-0.8135919062461483,-0.6809110740607862,-0.3544402778349226,-0.25240241186966156,-0.5692927949286586,-0.6116844261520663,-0.7133064688475501
P21,45.0,0.0297219410230084,0.3946134104238745,O1_lag0_AB,default immediate AB readout,0.0126649884809482,0.1889812015633357,0.0097952977050783,0.0097952977050783,0.0704804959164541,0.0232104631335348,0.5260028707556029,0.012664988480948264,0.0803359968868253,0.3468205771049287,0.2303037093188681,0.0803359968868253,0.1544219023906425,-1.408088156073987,-0.8470239254395291,1.9403811725178528,0.8393346269350759,-0.2112429586510539,0.782313802284405,O3_A_C_boundary,1.9403811725178528,-1.408088156073987,False,0.0,0.0,q1,high,low,high,low,low,low,low,A_side,far,phase=q1|str=high|ab=low|ac=high|bc=low|tfc=low|mem=low|dphi=low|side=A_side|dist=far,side=A_side|tfc=low,0.15652493736753761,1.783856235150315,bad,1.75,1.0,0.4786128569474542,2.3133274618971322,,1.75,1.0,0.4786128569474542,1.8371207349574652,,1.75,1.0,0.4786128569474542,,,1.75,1.0,0.4786128569474542,,,1.75,1.0,0.4786128569474542,1.988680887434358,,1.75,1.0,0.4786128569474542,0.7937193446884856,,1.75,1.0,0.4786128569474542,2.060034386754716,,1.2517419012664042,1.2706760933847336,1.2706760933847336,1.2706760933847336,1.2706760933847336,1.2517419012664042,1.2706760933847336,0.7115680669648201,0.7093409314018366,0.7093409314018366,0.7093409314018366,0.7093409314018366,0.7115680669648201,0.7093409314018366,-1.0614059275540004,-1.049679355710046,-1.049679355710046,-1.049679355710046,-1.049679355710046,-1.0614059275540004,-1.049679355710046,1.3610487527785113,1.2627303681252016,,,1.2583401540827068,0.4983224761574711,1.3840769057145976,0.5657381983639338,0.5482670093004315,0.31011255635884144,0.31011255635884144,0.5471694557898078,0.35005662920867375,0.5786036436977805
P21,54.0,-0.0670645318562509,0.1621914952783714,O3_A_C_boundary,A-side boundary projection dominates current C-state,0.0784246743006384,0.374620848401645,0.2801372745035327,0.0784246743006384,0.2443942657352721,0.0587966245524012,0.5652361705690634,0.07842467430063849,0.07909608740120667,,,0.0790960874012066,0.0573674932524448,-0.9238360647452566,-0.8559500617894241,,,-0.22607716637712988,-0.3872009918254606,O7_suppress_event,0.0,,False,0.0,0.0,q4,mid,low,high,high,mid,mid,mid,A_side,mid,phase=q4|str=mid|ab=low|ac=high|bc=high|tfc=mid|mem=mid|dphi=mid|side=A_side|dist=mid,side=A_side|tfc=mid,-0.4786128569474542,0.4786128569474542,neutral,-1.0,0.0,2.1968478901642436,-3.395639382281602,,-1.0,0.0,2.1968478901642436,-0.6525366500075102,,-1.0,0.0,2.1968478901642436,,,-1.0,0.0,2.1968478901642436,,,-1.0,0.0,2.1968478901642436,-1.0914824888766101,,-1.0,0.0,2.1968478901642436,-3.4924136778982873,,-1.0,0.0,2.1968478901642436,-2.625606485961572,,-1.22525000917611,-1.2234195444572022,-1.2234195444572022,-1.2234195444572022,-1.2234195444572022,-1.22525000917611,-1.2234195444572022,-1.4053469322555197,-1.4097593353646567,-1.4097593353646567,-1.4097593353646567,-1.4097593353646567,-1.4053469322555197,-1.4097593353646567,1.3731145825984903,1.3241956561882469,1.3241956561882469,1.3241956561882469,1.3241956561882469,1.3731145825984903,1.3241956561882469,-1.9696964462790092,-0.4040512105936774,,,-0.7270506081779274,-2.133560683820883,-1.742813642836242,-0.8067947012780372,-0.42825860855682235,-0.43632774121120405,-0.43632774121120405,-0.5090084579528849,-0.8477607606635056,-0.7629492166174635
P21,89.0,0.0099402080048187,0.1596367464855852,O3_A_C_boundary,A-side boundary projection dominates current C-state,0.0198612448374004,0.3352998033036397,0.0329012046195899,0.0198612448374004,0.1293540842535433,0.0343283260931255,0.5169152628954393,0.01986124483740049,0.32213545398013493,0.4095316234052318,0.1854585565421629,0.1854585565421629,0.0062471008594937,-1.3550951688522292,0.8936958193317103,2.5398547668021063,0.2793618016269268,1.0464374645662655,-1.0032065470097407,O3_A_C_boundary,2.5398547668021063,2.5398547668021063,True,0.0,0.0,q1,low,low,high,low,low,low,low,A_side,far,phase=q1|str=low|ab=low|ac=high|bc=low|tfc=low|mem=low|dphi=low|side=A_side|dist=far,side=A_side|tfc=low,0.3430068766378627,2.1968478901642436,bad,1.75,1.0,0.4274523686202625,3.3695114862834865,,1.75,1.0,0.4274523686202625,0.8243252154462076,,1.75,1.0,0.4274523686202625,,,1.75,1.0,0.4274523686202625,,,1.75,1.0,0.4274523686202625,1.6002803943909063,,1.75,1.0,0.4274523686202625,2.6116702280091335,,1.75,1.0,0.4274523686202625,2.5743930987434793,,1.2517419012664042,1.2706760933847336,1.2706760933847336,1.2706760933847336,1.2706760933847336,1.2517419012664042,1.2706760933847336,0.7115680669648201,0.7093409314018366,0.7093409314018366,0.7093409314018366,0.7093409314018366,0.7115680669648201,0.7093409314018366,-1.1338938327207266,-1.1203615397469207,-1.1203615397469207,-1.1203615397469207,-1.1203615397469207,-1.1338938327207266,-1.1203615397469207,1.97725129249604,0.5846816835452028,,,1.0079876056183772,1.6146280808285456,1.7273263007861586,0.7016668570016344,0.36108429214621307,0.28655182834654985,0.28655182834654985,0.4669107726645067,0.6110110540847609,0.646745446456452
P21,106.0,-0.0621356562944574,0.1245757031941846,O3_A_C_boundary,A-side boundary projection dominates current C-state,0.1430440165039006,0.4439768569242504,0.1983792720386277,0.1430440165039006,0.2618000484889263,0.1147435610803025,0.5329354161733219,0.1430440165039006,0.10282881074990224,,,0.1028288107499022,0.0253725122263004,-0.44798142504977767,-0.6850976511724491,,,0.05785980817095415,-0.7727435341952692,O5_full_TFC,0.05785980817095415,,False,0.0,0.0,q4,low,mid,high,mid,high,low,high,A_side,far,phase=q4|str=low|ab=mid|ac=high|bc=mid|tfc=high|mem=low|dphi=high|side=A_side|dist=far,side=A_side|tfc=high,-0.3695925604493083,0.4274523686202625,good,1.0,1.0,1.786222633600739,-0.7153860449505633,,1.0,1.0,1.786222633600739,-2.246041626663837,,1.0,1.0,1.786222633600739,,,1.0,1.0,1.786222633600739,,,1.0,1.0,1.786222633600739,-2.7312385578164515,,1.0,1.0,1.786222633600739,1.277159000766408,,1.0,1.0,1.786222633600739,-2.701125773506974,,0.5761986529639004,0.5904681921551147,0.5904681921551147,0.5904681921551147,0.5904681921551147,0.5761986529639004,0.5904681921551147,0.7115680669648201,0.7093409314018366,0.7093409314018366,0.7093409314018366,0.7093409314018366,0.7115680669648201,0.7093409314018366,0.7913108189894219,0.7568850048709411,0.7568850048709411,0.7568850048709411,0.7568850048709411,0.7913108189894219,0.7568850048709411,-0.40597376593517437,-1.470874604337467,,,-1.783993423832423,0.7951766995313683,-1.793210280750602,0.418275943245742,0.1464548810226064,0.6855647094759642,0.6855647094759642,0.06817517614886737,0.7185635596123776,0.06587096191932262
P21,149.0,0.0641900506191905,0.2967768190424859,O5_full_TFC,full triadic projection is already active,0.3709358977463675,0.1776148762694401,0.3728917018237478,0.1776148762694401,0.3071474919465185,0.1267082162183392,0.8554890210478353,0.37093589774636754,0.17243365558295537,0.0998480053481624,0.3420868565259011,0.0998480053481624,0.3023144522317071,1.2302066428053064,-0.1840108034634498,-0.420503297048696,2.2351493557874265,0.022197619089181452,2.5644329920624904,O6_phase_only,2.5644329920624904,0.022197619089181452,False,0.0,0.0,q1,high,high,high,high,high,high,high,B_side,far,phase=q1|str=high|ab=high|ac=high|bc=high|tfc=high|mem=high|dphi=high|side=B_side|dist=far,side=B_side|tfc=high,0.7782103584617514,1.786222633600739,good,-1.0,0.0,1.1012826523139023,-1.516502841849869,,-1.0,0.0,1.1012826523139023,1.1325726806026706,,-1.0,0.0,1.1012826523139023,3.260256952189662,,-1.0,0.0,1.1012826523139023,0.5708184221886652,,-1.0,0.0,1.1012826523139023,2.2536821410484795,,-1.0,0.0,1.1012826523139023,-2.1089297443985457,,-1.0,0.0,1.1012826523139023,1.2026822592267956,,-1.22525000917611,-1.2234195444572022,-1.2234195444572022,-1.2234195444572022,-1.2234195444572022,-1.22525000917611,-1.2234195444572022,-1.4053469322555197,-1.4097593353646567,-1.4097593353646567,-1.4097593353646567,-1.4097593353646567,-1.4053469322555197,-1.4097593353646567,-0.17916202112282992,-0.18941272203715545,-0.18941272203715545,-0.18941272203715545,-0.18941272203715545,-0.17916202112282992,-0.18941272203715545,-0.8733641008216879,0.7910479087584804,2.14420311850781,0.307064913791813,1.4291528599798526,-1.2840378044583893,0.8119361170431624,-0.9207807658440369,-0.5078859232751335,-0.1695971208378011,-0.6288816720168003,-0.3483596854697904,-1.0234491917532123,-0.5026638712039629
P21,180.0,-0.114366617368414,0.2973766696820304,O1_lag0_AB,default immediate AB readout,0.0421199573260917,0.1531224036674916,0.0678413733399698,0.0421199573260917,0.0876945781111844,0.0956895066601442,1.0170161897100884,0.04211995732609174,0.1697547499306598,0.2808404141048081,0.2658046778520662,0.1697547499306598,0.039895246972427,-1.1911827666170864,-0.20329630567005996,1.3096571167313362,1.2826284149994367,0.8585580007286922,-0.5977432092502808,O3_A_C_boundary,1.3096571167313362,-1.1911827666170864,False,0.0,0.0,q4,high,low,mid,low,low,high,high,A_side,mid,phase=q4|str=high|ab=low|ac=mid|bc=low|tfc=low|mem=high|dphi=high|side=A_side|dist=mid,side=A_side|tfc=low,0.20837446441743393,1.1012826523139023,bad,1.5,1.0,2.1645394984029664,-0.5687522356077945,,1.5,1.0,2.1645394984029664,-2.1844211909785205,,1.5,1.0,2.1645394984029664,0.5411348746007416,,1.5,1.0,2.1645394984029664,-1.576463198230228,,1.5,1.0,2.1645394984029664,-2.651782338882538,,1.5,1.0,2.1645394984029664,0.023904136608598595,,1.5,1.0,2.1645394984029664,-1.0264179701337097,,1.026560818498903,1.043940126308194,1.043940126308194,1.043940126308194,1.043940126308194,1.026560818498903,1.043940126308194,0.7115680669648201,0.7093409314018366,0.7093409314018366,0.7093409314018366,0.7093409314018366,0.7115680669648201,0.7093409314018366,1.3273377005815892,1.279559106243662,1.279559106243662,1.279559106243662,1.279559106243662,1.3273377005815892,1.279559106243662,-0.3204241612836865,-1.4296208126739356,0.3584523008547325,-0.871694486893085,-1.7327780745789412,0.02562046906532665,-0.675619721806101,0.6862606061904065,0.40080483781993925,0.8478231162021063,0.5402864192651519,0.32501552234368786,0.7727717637776598,0.5893051105368979
P21,192.0,0.0910665698255992,0.2351463517352342,O4_B_C_boundary,B-side boundary projection dominates current C-state,0.1241911048528951,0.3760457389139773,0.3866274168653107,0.1241911048528951,0.2956214202107277,0.0553004026656556,0.8954210568732184,0.12419110485289517,0.046718141961241945,0.3846253183869773,0.210020857880878,0.0467181419612419,0.1195466002061935,-0.5868136256729373,-1.0890396212118965,2.30176796917263,0.5860665495223347,-0.6134450944161088,0.3620631179936219,O3_A_C_boundary,2.30176796917263,0.5860665495223347,False,0.0,0.0,q1,mid,mid,high,high,high,high,mid,B_side,near,phase=q1|str=mid|ab=mid|ac=high|bc=high|tfc=high|mem=high|dphi=mid|side=B_side|dist=near,side=B_side|tfc=high,0.13722847076966344,2.1645394984029664,good,1.25,1.0,0.3714624585644455,2.979461733617371,,1.25,1.0,0.3714624585644455,2.5350503373011977,,1.25,1.0,0.3714624585644455,,,1.25,1.0,0.3714624585644455,,,1.25,1.0,0.3714624585644455,3.0080786782298503,,1.25,1.0,0.3714624585644455,0.7838942628554004,,1.25,1.0,0.3714624585644455,2.2722777643444245,,0.8013797357314016,0.8172041592316543,0.8172041592316543,0.8172041592316543,0.8172041592316543,0.8013797357314016,0.8172041592316543,0.7115680669648201,0.7093409314018366,0.7093409314018366,0.7093409314018366,0.7093409314018366,0.7115680669648201,0.7093409314018366,-1.2132244142519912,-1.1977159446045051,-1.1977159446045051,-1.1977159446045051,-1.1977159446045051,-1.2132244142519912,-1.1977159446045051,1.7496871155537708,1.7299818909468812,,,1.9154166495958267,0.492289423220094,1.525714267477032,0.5123526259995004,0.5147027592439668,0.10960971534299528,0.10960971534299528,0.5610614489062031,0.19800320291608114,0.4636358533765045
P21,205.0,-0.1080323300201081,0.2893588188798643,O5_full_TFC,full triadic projection is already active,0.2169549632751134,0.3527935536608736,0.3934652768644308,0.2169549632751134,0.3210712646001393,0.1140888245808222,0.4798344573109646,0.21695496327511346,0.10617426666326689,,,0.1061742666632668,0.0147242327924712,0.0962962748800075,-0.6610136386040988,,,0.0978846555754536,-0.9010563067963216,O5_full_TFC,0.0978846555754536,0.0978846555754536,True,0.0,0.0,q4,high,mid,high,high,high,low,high,B_side,near,phase=q4|str=high|ab=mid|ac=high|bc=high|tfc=high|mem=low|dphi=high|side=B_side|dist=near,side=B_side|tfc=high,-0.27357780298899187,0.3714624585644455,good,1.25,1.0,0.8470632846790356,-1.8118889188113956,,1.25,1.0,0.8470632846790356,0.7425518276095863,,1.25,1.0,0.8470632846790356,,,1.25,1.0,0.8470632846790356,,,1.25,1.0,0.8470632846790356,0.2117658211697589,,1.25,1.0,0.8470632846790356,-1.3818285089303928,,1.25,1.0,0.8470632846790356,-0.9981053705403019,,0.8013797357314016,0.8172041592316543,0.8172041592316543,0.8172041592316543,0.8172041592316543,0.8013797357314016,0.8172041592316543,0.7115680669648201,0.7093409314018366,0.7093409314018366,0.7093409314018366,0.7093409314018366,0.7115680669648201,0.7093409314018366,-0.5393585324385158,-0.540636502662314,-0.540636502662314,-0.540636502662314,-0.540636502662314,-0.5393585324385158,-0.540636502662314,-1.0456992683855437,0.5299358469097605,,,0.11298832469087855,-0.8375641446014302,-0.6567257428438998,-0.01802749953195945,0.37896110872023436,0.32863619599039234,0.32863619599039234,0.2747242281655139,0.03400628141406892,0.08229571128181928
P21,252.0,0.0021206589460343,0.0714069920675206,O4_B_C_boundary,B-side boundary projection dominates current C-state,0.1259325315432633,0.2615398752976618,0.2709552629259,0.1259325315432633,0.219475889922275,0.0432886088482386,0.3358217744639137,0.12593253154326334,0.3179708647630737,0.2282327493788589,0.1854390991845661,0.1854390991845661,0.0042042115443641,-0.5739898187128689,0.8637148476366315,0.8067647601097362,0.279118841332851,1.0462046778284115,-1.02782355614913,O5_full_TFC,1.0462046778284115,0.279118841332851,False,0.0,0.0,q1,low,mid,high,high,high,low,mid,B_side,near,phase=q1|str=low|ab=mid|ac=high|bc=high|tfc=high|mem=low|dphi=mid|side=B_side|dist=near,side=B_side|tfc=high,0.19914139314937593,0.8470632846790356,good,1.0,1.0,2.0540127316161336,-0.7386327818160743,,1.0,1.0,2.0540127316161336,-1.581949643519125,,1.0,1.0,2.0540127316161336,,,1.0,1.0,2.0540127316161336,,,1.0,1.0,2.0540127316161336,0.5135031829040334,,1.0,1.0,2.0540127316161336,-1.6397131164656291,,1.0,1.0,2.0540127316161336,-1.9003540606448592,,0.5761986529639004,0.5904681921551147,0.5904681921551147,0.5904681921551147,0.5904681921551147,0.5761986529639004,0.5904681921551147,0.7115680669648201,0.7093409314018366,0.7093409314018366,0.7093409314018366,0.7093409314018366,0.7115680669648201,0.7093409314018366,1.1707353292752443,1.126857802435437,1.126857802435437,1.126857802435437,1.126857802435437,1.1707353292752443,1.126857802435437,-0.41953645763087166,-1.02627676900276,,,0.30748014133393287,-0.99591717569331,-1.2588275637405648,0.5097413978932732,0.3500975392474071,0.8088889753307962,0.8088889753307962,0.6835367668315804,0.36564621837766365,0.29195984056295593
P21,274.0,-0.023045436202031,0.0334444309985924,O5_full_TFC,full triadic projection is already active,0.2677277252092482,0.2827702597135546,0.191007431103871,0.191007431103871,0.2471684720088912,0.4277571516093725,0.9199956741117287,0.26772772520924826,0.3293586001919625,,,0.3293586001919625,0.0385672175175313,0.47018516809273303,0.9456954118098926,,,2.7680495371018434,-0.6137460895759198,O5_full_TFC,2.7680495371018434,2.7680495371018434,True,0.0,0.0,q4,low,high,high,mid,high,high,high,A_side,mid,phase=q4|str=low|ab=high|ac=high|bc=mid|tfc=high|mem=high|dphi=high|side=A_side|dist=mid,side=A_side|tfc=high,0.7140368054857097,2.0540127316161336,good,0.0,1.0,0.46896026700925,1.3431931642978656,,0.0,1.0,0.46896026700925,1.0251347714843406,,0.0,1.0,0.46896026700925,,,0.0,1.0,0.46896026700925,,,0.0,1.0,0.46896026700925,0.09303034886681337,,0.0,1.0,0.46896026700925,2.578614434531242,,0.0,1.0,0.46896026700925,2.885289603854156,,-0.32452567810610483,-0.3164756761510437,-0.3164756761510437,-0.3164756761510437,-0.3164756761510437,-0.32452567810610483,-0.3164756761510437,0.7115680669648201,0.7093409314018366,0.7093409314018366,0.7093409314018366,0.7093409314018366,0.7115680669648201,0.7093409314018366,-1.0750824198419358,-1.0630151576297084,-1.0630151576297084,-1.0630151576297084,-1.0630151576297084,-1.0750824198419358,-1.0630151576297084,0.7950496425428952,0.719120129114606,,,0.03645462142178224,1.59433030058334,1.9347983136475515,0.026752402889918703,0.012242556683922629,-0.22338330079297183,-0.22338330079297183,-0.1584238202392833,0.2265725674000299,0.316162102817159
P21,325.0,0.043236617970275,0.1176464759613953,O4_B_C_boundary,B-side boundary projection dominates current C-state,0.0874289319883239,0.0901487253481839,0.4135250674683247,0.0874289319883239,0.1970342416016109,0.026731224420329,0.2997363010574712,0.08742893198832398,0.0963737837045933,,,0.0963737837045933,0.0283937771063603,-0.8575290171708458,-0.731567536447938,,,-0.019367774308399293,-0.7363370071190667,O7_suppress_event,0.0,,False,0.0,0.0,q1,low,low,mid,high,mid,low,low,B_side,far,phase=q1|str=low|ab=low|ac=mid|bc=high|tfc=mid|mem=low|dphi=low|side=B_side|dist=far,side=B_side|tfc=mid,-0.46896026700925,0.46896026700925,neutral,-1.0,0.0,1.463533396873696,0.2895428039538578,,-1.0,0.0,1.463533396873696,-1.7832906313202759,,-1.0,0.0,1.463533396873696,,,-1.0,0.0,1.463533396873696,,,-1.0,0.0,1.463533396873696,-2.1297684625893023,,-1.0,0.0,1.463533396873696,-1.169564625406083,,-1.0,0.0,1.463533396873696,-0.8079224698726558,,-1.22525000917611,-1.2234195444572022,-1.2234195444572022,-1.2234195444572022,-1.2234195444572022,-1.22525000917611,-1.2234195444572022,-1.4053469322555197,-1.4097593353646567,-1.4097593353646567,-1.4097593353646567,-1.4097593353646567,-1.4053469322555197,-1.4097593353646567,0.33410121143841576,0.311064787691019,0.311064787691019,0.311064787691019,0.311064787691019,0.33410121143841576,0.311064787691019,0.18032530187177984,-1.161070998736801,,,-1.3963019201855573,-0.7072243400327708,-0.5298101019000163,-0.5290426070303585,-0.8707962727169103,-0.77403803071028,-0.77403803071028,-0.9296040030790993,-0.7509300175064962,-0.712981048507714
P21,366.0,-0.0247931101578713,0.1046998403168175,O3_A_C_boundary,A-side boundary projection dominates current C-state,0.2299442587566638,0.2604791300666504,0.0160850800037624,0.0160850800037624,0.1688361562756922,0.0526033703268273,0.7945355627285717,0.22994425875666383,0.008308908611553667,0.242070574279351,0.0441194960827451,0.0083089086115536,0.016605792876716,0.19194900532453424,-1.3655485583164466,0.9390446552728638,-1.4855119497447458,-1.0729710136200368,-0.8783833301219951,O3_A_C_boundary,0.9390446552728638,0.9390446552728638,True,0.0,0.0,q4,low,mid,high,low,low,high,mid,A_side,far,phase=q4|str=low|ab=mid|ac=high|bc=low|tfc=low|mem=high|dphi=mid|side=A_side|dist=far,side=A_side|tfc=low,-0.5244887416008323,1.463533396873696,bad,1.5,1.0,1.127990040380772,-1.2821752685736565,,1.5,1.0,1.127990040380772,0.27507747740760446,,1.5,1.0,1.127990040380772,-1.0168205651650215,,1.5,1.0,1.127990040380772,2.7065541151128025,,1.5,1.0,1.127990040380772,0.9357925402126765,,1.5,1.0,1.127990040380772,1.0016344475244483,,1.5,1.0,1.127990040380772,-0.2712592510683857,,1.026560818498903,1.043940126308194,1.043940126308194,1.043940126308194,1.043940126308194,1.026560818498903,1.043940126308194,0.7115680669648201,0.7093409314018366,0.7093409314018366,0.7093409314018366,0.7093409314018366,0.7115680669648201,0.7093409314018366,-0.14132104898313963,-0.1525143932641012,-0.1525143932641012,-0.1525143932641012,-0.1525143932641012,-0.14132104898313963,-0.1525143932641012,-0.7366518968451694,0.2169700387846386,-0.6647162517303401,1.479486128351216,0.5796765434629984,0.6259919290128764,-0.17167613640446003,0.21503898490885354,0.454434175807642,0.23401260317889735,0.7700631981992864,0.5451108019772319,0.555699941373365,0.35727263201036735
P21,384.0,0.0296867766792601,0.2782530209194944,O4_B_C_boundary,B-side boundary projection dominates current C-state,0.1149080658001236,0.1330483892694504,0.2704182959908883,0.1149080658001236,0.1727915836868208,0.0035070969424186,0.48632323289918916,0.11490806580012368,0.10695828625629583,0.1600291981281333,0.2586941913440589,0.1069582862562958,0.1156914583630566,-0.6551736097445894,-0.655369463872365,0.15478667294098247,1.193841133149154,0.10726462212882049,0.3156082947766712,O4_B_C_boundary,1.193841133149154,1.193841133149154,True,0.0,0.0,q1,high,mid,mid,high,high,low,low,B_side,mid,phase=q1|str=high|ab=mid|ac=mid|bc=high|tfc=high|mem=low|dphi=low|side=B_side|dist=mid,side=B_side|tfc=high,0.065851092768382,1.127990040380772,good,0.25,1.0,0.7143243458761166,0.3116497906228691,,0.25,1.0,0.7143243458761166,2.0277916834905483,,0.25,1.0,0.7143243458761166,-0.6077219636864838,,0.25,1.0,0.7143243458761166,-0.08194047059109544,,0.25,1.0,0.7143243458761166,-0.24758767916391763,,0.25,1.0,0.7143243458761166,0.46365491037225953,,0.25,1.0,0.7143243458761166,1.029813590488409,,-0.09934459533860351,-0.0897397090745041,-0.0897397090745041,-0.0897397090745041,-0.0897397090745041,-0.09934459533860351,-0.0897397090745041,0.7115680669648201,0.7093409314018366,0.7093409314018366,0.7093409314018366,0.7093409314018366,0.7115680669648201,0.7093409314018366,-0.7274327264599167,-0.7240256454969947,-0.7240256454969947,-0.7240256454969947,-0.7240256454969947,-0.7274327264599167,-0.7240256454969947,0.19322303656234285,1.3903811953157343,-0.3960456509830521,-0.05126986350428487,-0.18309863069226182,0.2956477057276016,0.6965748631395372,0.019503445432160676,0.321489193036518,-0.12511751853817857,-0.038923571668486756,-0.071880763465481,0.045109612723475356,0.14803760999246876
P21,393.0,-0.1643645362697704,0.1970498651277015,O4_B_C_boundary,B-side boundary projection dominates current C-state,0.0546828668750516,0.1827684992273377,0.2680187157734117,0.0546828668750516,0.1684900272919337,0.0943733991656553,0.8506462505671823,0.054682866875051694,0.2360669757223628,0.0197484217778368,0.1683451245853586,0.0197484217778368,0.0728661837212246,-1.0986699276881033,0.2740869033038194,-1.1861991049871283,0.06566965765571976,-0.9361093180188049,-0.20044030827158263,O2_lag5_AB,0.2740869033038194,0.06566965765571976,False,0.0,0.0,q4,mid,low,high,high,mid,high,high,B_side,mid,phase=q4|str=mid|ab=low|ac=high|bc=high|tfc=mid|mem=high|dphi=high|side=B_side|dist=mid,side=B_side|tfc=mid,-0.44023744257229713,0.7143243458761166,neutral,-1.0,0.0,0.45919486264511217,,,-1.0,0.0,0.45919486264511217,,,-1.0,0.0,0.45919486264511217,,,-1.0,0.0,0.45919486264511217,,,-1.0,0.0,0.45919486264511217,,,-1.0,0.0,0.45919486264511217,0.5893259272366801,,-1.0,0.0,0.45919486264511217,-0.759101537647683,,-1.22525000917611,-1.2234195444572022,-1.2234195444572022,-1.2234195444572022,-1.2234195444572022,-1.22525000917611,-1.2234195444572022,-1.4053469322555197,-1.4097593353646567,-1.4097593353646567,-1.4097593353646567,-1.4097593353646567,-1.4053469322555197,-1.4097593353646567,-1.088918755823235,-1.0765068214317841,-1.0765068214317841,-1.0765068214317841,-1.0765068214317841,-1.088918755823235,-1.0765068214317841,,,,,,0.3728155003900287,-0.4972302017982801,-1.2398385657516215,-1.236561900417881,-1.236561900417881,-1.236561900417881,-1.236561900417881,-0.836675049216209,-1.0517289757629809
P21,408.0,0.235775780573972,0.2616600202174075,O1_lag0_AB,default immediate AB readout,,0.0216545109006764,,0.0216545109006764,0.0216545109006764,0.0770209211350189,0.7354388345253186,,,,,,0.1657144216232158,,,,,,0.9183897252902243,O6_phase_only,0.9183897252902243,,False,0.0,0.0,q1,high,missing,low,missing,low,mid,mid,B_side,missing,phase=q1|str=high|ab=missing|ac=low|bc=missing|tfc=low|mem=mid|dphi=mid|side=B_side|dist=missing,side=B_side|tfc=low,0.45919486264511217,0.45919486264511217,bad,,,,,,,,,,,,,,,,,,,,,,,,,,,,,,,,,,,,,,,,,,,,,,,,,,,,,,,,,,,,,,,,,,,,,,
P22,36.0,0.1460759653187145,0.4326301346309459,O4_B_C_boundary,B-side boundary projection dominates current C-state,0.10530829943799,0.1358828215533344,0.3044588506716604,0.10530829943799,0.1818833238876616,0.1013733265474835,0.9510560618011088,0.10530829943799007,0.026186912273248573,0.1209958905824357,0.2252687347197624,0.0261869122732485,0.010685044845593,-0.7258659629574215,-1.2368444067641315,-0.21834435503086155,0.7764638643879016,-0.8590795778973759,-0.9497289029412105,O4_B_C_boundary,0.7764638643879016,0.7764638643879016,True,0.0,0.0,q1,high,low,mid,high,high,high,high,B_side,far,phase=q1|str=high|ab=low|ac=mid|bc=high|tfc=high|mem=high|dphi=high|side=B_side|dist=far,side=B_side|tfc=high,-0.45905704874329994,1.2355209131312015,good,-1.0,0.0,5.233037775172538,-3.216870567523654,,-1.0,0.0,5.233037775172538,-5.495057534719327,,-1.0,0.0,5.233037775172538,-5.160934973975368,,-1.0,0.0,5.233037775172538,-6.602723051545398,,-1.0,0.0,5.233037775172538,-5.488665138535956,,-1.0,0.0,5.233037775172538,3.0344522111222467,,-1.0,0.0,5.233037775172538,-5.0528189791119,,-1.22525000917611,-1.2234195444572022,-1.2234195444572022,-1.2234195444572022,-1.2234195444572022,-1.22525000917611,-1.2234195444572022,-1.4053469322555197,-1.4097593353646567,-1.4097593353646567,-1.4097593353646567,-1.4097593353646567,-1.4053469322555197,-1.4097593353646567,5.675009495037759,5.5189275526191865,5.5189275526191865,5.5189275526191865,5.5189275526191865,5.675009495037759,5.5189275526191865,-1.8653985255259076,-3.64603328167799,-3.386313694881169,-3.6308812633460725,-3.5613566971822874,1.8742356981922523,-3.362576661455408,0.29475350702005554,-0.19007115222016557,-0.12514125552096034,-0.18628314763718623,-0.16890200609623995,1.2296620629495956,-0.1192069971645201
P22,54.0,-0.0179468619016708,0.435290969122967,O2_lag5_AB,current AB is active; read short-lag future AB,0.3244744280236334,0.1086651527719046,0.0394251858905577,0.0394251858905577,0.1575215888953653,0.0413382260964708,0.7347601815063333,0.32447442802363347,0.0114040771927094,0.1165160716849822,0.1135335339546245,0.0114040771927094,0.5633581194278381,0.8880659589046598,-1.343266369897247,-0.26116827991546354,-0.6187521664364778,-1.0359405898571454,5.710033829834349,O6_phase_only,5.710033829834349,-1.343266369897247,False,0.0,0.0,q4,high,high,mid,low,low,mid,mid,A_side,near,phase=q4|str=high|ab=high|ac=mid|bc=low|tfc=low|mem=mid|dphi=mid|side=A_side|dist=near,side=A_side|tfc=low,0.4769960546618107,5.233037775172538,bad,1.75,1.0,0.7049066665307775,4.300763179858112,,1.75,1.0,0.7049066665307775,5.4644321460771845,,1.75,1.0,0.7049066665307775,5.272935806871862,,1.75,1.0,0.7049066665307775,6.505012662903521,,1.75,1.0,0.7049066665307775,5.588566007429168,,1.75,1.0,0.7049066665307775,-1.163574512248686,,1.75,1.0,0.7049066665307775,5.728782469601165,,1.2517419012664042,1.2706760933847336,1.2706760933847336,1.2706760933847336,1.2706760933847336,1.2517419012664042,1.2706760933847336,0.7115680669648201,0.7093409314018366,0.7093409314018366,0.7093409314018366,0.7093409314018366,0.7115680669648201,0.7093409314018366,-0.7407763803146189,-0.7370369002064955,-0.7370369002064955,-0.7370369002064955,-0.7370369002064955,-0.7407763803146189,-0.7370369002064955,2.5205653792910345,3.691151192951339,3.4660058209479927,3.564666143279462,3.5787296234871513,-0.7035461345589231,3.8323596522786403,0.93577474180191,1.2335328293828534,1.177246486382017,1.2019115669648843,1.2054274370168065,0.1297468633394206,1.268834944214679
P22,64.0,0.4530821056102371,0.5633581194278381,O3_A_C_boundary,A-side boundary projection dominates current C-state,0.1452193063345707,0.1280261015739883,0.1225854724695799,0.1225854724695799,0.131943626792713,0.0212212848938537,1.0909633967810255,0.1452193063345707,0.019345851891172577,0.0838312797177747,0.1731752430954246,0.0193458518911725,0.0110062358000802,-0.4319626646707143,-1.2860933547369822,-0.5736119541158137,0.1259824214927026,-0.9409256416233149,-0.9458585216124017,O4_B_C_boundary,0.1259824214927026,-0.5736119541158137,False,0.0,0.0,q1,high,mid,mid,low,high,high,low,A_side,near,phase=q1|str=high|ab=mid|ac=mid|bc=low|tfc=high|mem=high|dphi=low|side=A_side|dist=near,side=A_side|tfc=high,-0.5789242450380749,0.7049066665307775,good,0.0,1.0,0.6170118161480208,0.43672180347293355,,0.0,1.0,0.6170118161480208,0.5031227998488143,,0.0,1.0,0.6170118161480208,-0.18743160453711977,,0.0,1.0,0.6170118161480208,-1.4270673437664931,,0.0,1.0,0.6170118161480208,0.6435147506043177,,0.0,1.0,0.6170118161480208,1.2260938971421096,,0.0,1.0,0.6170118161480208,-0.5796903500852651,,-0.32452567810610483,-0.3164756761510437,-0.3164756761510437,-0.3164756761510437,-0.3164756761510437,-0.32452567810610483,-0.3164756761510437,0.7115680669648201,0.7093409314018366,0.7093409314018366,0.7093409314018366,0.7093409314018366,0.7115680669648201,0.7093409314018366,-0.8653122044928747,-0.8584704555493515,-0.8584704555493515,-0.8584704555493515,-0.8584704555493515,-0.8653122044928747,-0.8584704555493515,0.2661929832632227,0.3696423481768656,-0.1200249975932675,-0.7896829956206332,0.3912821134904604,0.7638203730750724,-0.37750289833381456,-0.05301920809273418,-0.023990713030423258,-0.14640754947295653,-0.31382204897979793,-0.01858077170202456,0.07138763936022825,-0.21077702465809328
P22,84.0,-0.0967359465212246,0.2289246523590053,O4_B_C_boundary,B-side boundary projection dominates current C-state,0.2673711813335016,0.0728996228841831,0.3643708507304287,0.0728996228841831,0.2348805516493712,0.0442848442517582,0.7109184239197187,0.26737118133350163,0.1754044254986597,0.1286598201269541,0.1168679736072441,0.1168679736072441,0.146590161120107,0.46755959110998746,-0.1626241638423222,-0.14508256685413465,-0.5771156577508203,0.22582356725301442,0.6879405804919784,O6_phase_only,0.6879405804919784,-0.5771156577508203,False,0.0,0.0,q4,mid,high,low,high,mid,mid,mid,B_side,far,phase=q4|str=mid|ab=high|ac=low|bc=high|tfc=mid|mem=mid|dphi=mid|side=B_side|dist=far,side=B_side|tfc=mid,0.07092876434395759,0.6170118161480208,neutral,1.75,1.0,1.7046899275355778,-1.4870961644191194,,1.75,1.0,1.7046899275355778,-0.746162096963275,,1.75,1.0,1.7046899275355778,-1.7890044201078117,,1.75,1.0,1.7046899275355778,-0.8314977297600821,,1.75,1.0,1.7046899275355778,-1.5490061088908822,,1.75,1.0,1.7046899275355778,0.42617248188389445,,1.75,1.0,1.7046899275355778,-1.6371527414556235,,1.2517419012664042,1.2706760933847336,1.2706760933847336,1.2706760933847336,1.2706760933847336,1.2517419012664042,1.2706760933847336,0.7115680669648201,0.7093409314018366,0.7093409314018366,0.7093409314018366,0.7093409314018366,0.7115680669648201,0.7093409314018366,0.6757893441465647,0.6442412455255254,0.6442412455255254,0.6442412455255254,0.6442412455255254,0.6757893441465647,0.6442412455255254,-0.856207555277449,-0.4667317911537152,-1.1718387386932299,-0.46274251673953515,-1.0219580717490007,0.2726317676282087,-1.0831842014566269,0.445722939275085,0.5393816197895951,0.36310488290471643,0.5403789383931401,0.40057504964077373,0.7279327700014994,0.3852685172138672
P22,117.0,0.0533115199087902,0.4132741094042509,O5_full_TFC,full triadic projection is already active,0.2709743135810387,0.1807633928440534,0.2733429091597155,0.1807633928440534,0.2416935385282692,0.0307568017530558,0.7127732334619449,0.2709743135810387,0.27893477881232503,0.1189870567852412,0.177727972692776,0.1189870567852412,0.2721553234901373,0.4940929345171934,0.5826931845200212,-0.2375473964050581,0.18283148315577671,0.25117615985420466,2.201012643065197,O6_phase_only,2.201012643065197,0.25117615985420466,False,0.0,0.0,q1,high,high,high,high,high,mid,low,B_side,mid,phase=q1|str=high|ab=high|ac=high|bc=high|tfc=high|mem=mid|dphi=low|side=B_side|dist=mid,side=B_side|tfc=high,0.49632271552961926,1.7046899275355778,good,1.25,1.0,1.3351288449643155,1.9797724417876097,,1.25,1.0,1.3351288449643155,1.9521016697862548,,1.25,1.0,1.3351288449643155,0.42841545891906296,,1.25,1.0,1.3351288449643155,-1.0960495906916972,,1.25,1.0,1.3351288449643155,-0.11402026403384408,,1.25,1.0,1.3351288449643155,-1.4867363325636058,,1.25,1.0,1.3351288449643155,0.9234441947950567,,0.8013797357314016,0.8172041592316543,0.8172041592316543,0.8172041592316543,0.8172041592316543,0.8013797357314016,0.8172041592316543,0.7115680669648201,0.7093409314018366,0.7093409314018366,0.7093409314018366,0.7093409314018366,0.7115680669648201,0.7093409314018366,0.15216829238072008,0.1336639366438752,0.1336639366438752,0.1336639366438752,0.1336639366438752,0.15216829238072008,0.1336639366438752,1.1664449282731777,1.339708070050721,0.2844251762993613,-0.6079693887420023,-0.09700465458120151,-0.9019823819531952,0.6255908788599664,0.70789025583753,0.7499792743320217,0.48615855089418186,0.26305990963384096,0.39080109317404116,0.19078342828093667,0.5714499765343332
P22,127.0,-0.1457767395541455,0.2721553234901373,O4_B_C_boundary,B-side boundary projection dominates current C-state,0.37231155624155,0.1035178578004396,0.1910399502556602,0.1035178578004396,0.2222897880992166,0.0505453240739267,0.8272445174653327,0.37231155624155,0.37705745282090947,0.0825289925203758,0.0454154323627365,0.0454154323627365,0.0756135481550288,1.240336945207797,1.2890805276089754,-0.5860609058248416,-1.4693298418647815,-0.629030639179757,-0.16733430743477246,O2_lag5_AB,1.2890805276089754,-1.4693298418647815,False,0.0,0.0,q4,high,high,mid,mid,high,high,mid,B_side,mid,phase=q4|str=high|ab=high|ac=mid|bc=mid|tfc=high|mem=high|dphi=mid|side=B_side|dist=mid,side=B_side|tfc=high,-0.04604831735534003,1.3351288449643155,good,1.0,1.0,2.5265892960794702,-0.5613354394782796,,1.0,1.0,2.5265892960794702,-2.0283400139373584,,1.0,1.0,2.5265892960794702,-2.4971101035331396,,1.0,1.0,2.5265892960794702,3.3900576934936244,,1.0,1.0,2.5265892960794702,-2.0042595565110686,,1.0,1.0,2.5265892960794702,-2.4931235621691528,,1.0,1.0,2.5265892960794702,-2.1461121756707104,,0.5761986529639004,0.5904681921551147,0.5904681921551147,0.5904681921551147,0.5904681921551147,0.5761986529639004,0.5904681921551147,0.7115680669648201,0.7093409314018366,0.7093409314018366,0.7093409314018366,0.7093409314018366,0.7115680669648201,0.7093409314018366,1.8403162169664309,1.779758992261611,1.779758992261611,1.779758992261611,1.779758992261611,1.8403162169664309,1.779758992261611,-0.3160970284109567,-1.325127225625359,-1.6368786549160494,1.8546983318911443,-1.3154022430367418,-1.5199505103472983,-1.4228304713425135,0.7029964771210487,0.43861022254830084,0.36067236522562823,1.2335666119274267,0.44104146819545514,0.40203310663696334,0.4141844111190122
P22,142.0,0.2697130519588333,0.3200945757959261,O3_A_C_boundary,A-side boundary projection dominates current C-state,0.510790468048848,0.1194438532797804,0.1156500076997172,0.1156500076997172,0.2486281096761152,0.2033283588540826,0.1847268011598282,0.510790468048848,0.3543323710553688,0.065416213204974,0.4236387345299154,0.065416213204974,0.0553529394678383,2.2600909451201825,1.125482151473862,-0.7496470669498164,3.253472021839643,-0.389742416016092,-0.41147655514657144,O4_B_C_boundary,3.253472021839643,-0.7496470669498164,False,0.0,0.0,q1,high,high,mid,low,high,low,high,A_side,near,phase=q1|str=high|ab=high|ac=mid|bc=low|tfc=high|mem=low|dphi=high|side=A_side|dist=near,side=A_side|tfc=high,0.7268827257601725,2.5265892960794702,good,0.0,1.0,1.1219836084118497,1.273876978822423,,0.0,1.0,1.1219836084118497,0.39663471054265986,,0.0,1.0,1.1219836084118497,2.0882173612979065,,0.0,1.0,1.1219836084118497,-2.3166809749533606,,0.0,1.0,1.1219836084118497,2.1445573365632216,,0.0,1.0,1.1219836084118497,3.836289802974553,,0.0,1.0,1.1219836084118497,2.409344598425942,,-0.32452567810610483,-0.3164756761510437,-0.3164756761510437,-0.3164756761510437,-0.3164756761510437,-0.32452567810610483,-0.3164756761510437,0.7115680669648201,0.7093409314018366,0.7093409314018366,0.7093409314018366,0.7093409314018366,0.7115680669648201,0.7093409314018366,-0.14983139916136937,-0.1608127450530284,-0.1608127450530284,-0.1608127450530284,-0.1608127450530284,-0.14983139916136937,-0.1608127450530284,0.7546089536598047,0.2983504560955116,1.3744801718968236,-1.27804019141984,1.3588139356147395,2.366600924355962,1.6171837162999048,0.24795498583928766,0.13260074157331903,0.401633170523647,-0.26149692030551885,0.397716611453126,0.650952978513327,0.46230905662441735
P22,148.0,-0.1115748389217627,0.2760036990968315,O4_B_C_boundary,B-side boundary projection dominates current C-state,0.326054106893673,0.065120093800534,0.4907892424108614,0.065120093800534,0.2939878143683561,0.019941464405043,0.649280762555446,0.326054106893673,0.09939993720832961,0.0542258126473082,0.0687430108716921,0.0542258126473082,0.1569165813687855,0.8996986604133308,-0.7097821891275359,-0.8566194432622813,-1.1780428412317276,-0.5236237423030499,0.8123749195216317,O1_lag0_AB,0.8996986604133308,-1.1780428412317276,False,0.0,0.0,q4,high,high,low,high,mid,mid,low,B_side,far,phase=q4|str=high|ab=high|ac=low|bc=high|tfc=mid|mem=mid|dphi=low|side=B_side|dist=far,side=B_side|tfc=mid,-0.22228494799851892,1.1219836084118497,neutral,-1.0,0.0,0.7230849853487762,0.03319542744138504,,-1.0,0.0,0.7230849853487762,1.7902520958780606,,-1.0,0.0,0.7230849853487762,1.1998576531313174,,-1.0,0.0,0.7230849853487762,0.9700433533598318,,-1.0,0.0,0.7230849853487762,1.2743140772974741,,-1.0,0.0,0.7230849853487762,-1.9144746971601805,,-1.0,0.0,0.7230849853487762,-0.5608975485063736,,-1.22525000917611,-1.2234195444572022,-1.2234195444572022,-1.2234195444572022,-1.2234195444572022,-1.22525000917611,-1.2234195444572022,-1.4053469322555197,-1.4097593353646567,-1.4097593353646567,-1.4097593353646567,-1.4097593353646567,-1.4053469322555197,-1.4097593353646567,-0.7150200145398762,-0.7119221423496621,-0.7119221423496621,-0.7119221423496621,-0.7119221423496621,-0.7150200145398762,-0.7119221423496621,0.03076622806483835,1.2313526433390762,0.7910605864712195,0.5262211418947625,0.7978784537004292,-1.1646334459136385,-0.3649618105223276,-0.8287126819766669,-0.5284370947081112,-0.6385101089250754,-0.7047199700691896,-0.636805642117773,-1.1275626004712862,-0.9275157081734622
P22,160.0,0.1864344951704843,0.1909305622463757,O2_lag5_AB,current AB is active; read short-lag future AB,0.3661594860057857,0.1077410208339653,0.0234239086029784,0.0234239086029784,0.1657748051475765,0.0274378709057997,0.737672512817231,0.3661594860057857,0.38039310518507097,0.2195023853554838,0.1856953381770517,0.1856953381770517,0.0535699469527461,1.1950333090888716,1.3130939642055188,0.7233086067003278,0.2823184485075823,1.0492703068006384,-0.4329617833057402,O2_lag5_AB,1.3130939642055188,1.3130939642055188,True,0.0,0.0,q1,mid,high,mid,low,low,mid,low,A_side,mid,phase=q1|str=mid|ab=high|ac=mid|bc=low|tfc=low|mem=mid|dphi=low|side=A_side|dist=mid,side=A_side|tfc=low,0.5900089788567426,0.7230849853487762,bad,1.5,1.0,2.8399134844271274,-2.7712759656319057,,1.5,1.0,2.8399134844271274,-2.3235826107656057,,1.5,1.0,2.8399134844271274,,,1.5,1.0,2.8399134844271274,,,1.5,1.0,2.8399134844271274,0.9738020285116623,,1.5,1.0,2.8399134844271274,-3.3032523653143966,,1.5,1.0,2.8399134844271274,-3.3342244846970845,,1.026560818498903,1.043940126308194,1.043940126308194,1.043940126308194,1.043940126308194,1.026560818498903,1.043940126308194,0.7115680669648201,0.7093409314018366,0.7093409314018366,0.7093409314018366,0.7093409314018366,0.7115680669648201,0.7093409314018366,2.2842567420476767,2.2126406684950006,2.2126406684950006,2.2126406684950006,2.2126406684950006,2.2842567420476767,2.2126406684950006,-1.605428180367879,-1.5227869215410563,,,0.6041764409448783,-2.017406922263459,-2.2156989925610047,0.6042393617858803,0.6107837011659937,1.3219739087350104,1.3219739087350104,1.1425245417874774,0.5012446763119852,0.4375556834110066
P22,179.0,-0.2542113237445091,0.4655263766070354,O4_B_C_boundary,B-side boundary projection dominates current C-state,0.3948603454466263,0.1325725504107667,0.2670751901917905,0.1325725504107667,0.2648360286830611,0.1227689968709996,0.4136246711590502,0.39486034544662635,0.4562221086825781,,,0.4562221086825781,0.062812202513108,1.4063854625232401,1.858988670509598,,,4.285837456007508,-0.3215917311384417,O5_full_TFC,4.285837456007508,,False,0.0,0.0,q4,high,high,mid,high,high,low,high,B_side,mid,phase=q4|str=high|ab=high|ac=mid|bc=high|tfc=high|mem=low|dphi=high|side=B_side|dist=mid,side=B_side|tfc=high,1.4459239715803807,2.8399134844271274,good,1.25,1.0,1.3213406851715794,1.6460047983525983,,1.25,1.0,1.3213406851715794,2.439413872952293,,1.25,1.0,1.3213406851715794,,,1.25,1.0,1.3213406851715794,,,1.25,1.0,1.3213406851715794,-1.7783128550570533,,1.25,1.0,1.3213406851715794,4.937764358438845,,1.25,1.0,1.3213406851715794,2.6756647024448807,,0.8013797357314016,0.8172041592316543,0.8172041592316543,0.8172041592316543,0.8172041592316543,0.8013797357314016,0.8172041592316543,0.7115680669648201,0.7093409314018366,0.7093409314018366,0.7093409314018366,0.7093409314018366,0.7115680669648201,0.7093409314018366,0.13263222358701585,0.11461452410177439,0.11461452410177439,0.11461452410177439,0.11461452410177439,0.13263222358701585,0.11461452410177439,0.9717170543312457,1.6659549698158032,,,-1.1697630547780558,3.0429570519876554,1.7949083517910462,0.6543242701536208,0.8267786461377671,0.5470532049117551,0.5470532049117551,0.11784913998930241,1.1721342695677233,0.859016991631578
P22,215.0,0.0519939443070578,0.3109679200243957,O4_B_C_boundary,B-side boundary projection dominates current C-state,0.2448046534466379,0.1168602799628366,0.287922726465478,0.1168602799628366,0.2165292199583175,0.2767164412856233,1.593523584320413,0.2448046534466379,0.3783228669987834,0.0970964515542321,0.0867495071027904,0.0867495071027904,0.2183294960311239,0.3013804467447665,1.2981902728136085,-0.4468062203776263,-0.9531991748797569,-0.13451208119554064,1.552406339884418,O6_phase_only,1.552406339884418,-0.9531991748797569,False,0.0,0.0,q1,high,mid,mid,high,high,high,high,B_side,far,phase=q1|str=high|ab=mid|ac=mid|bc=high|tfc=high|mem=high|dphi=high|side=B_side|dist=far,side=B_side|tfc=high,0.23106565471283844,1.3213406851715794,good,0.0,1.0,0.545341552726947,1.1188097503328376,,0.0,1.0,0.545341552726947,-0.708628014176866,,0.0,1.0,0.545341552726947,1.454579762256365,,0.0,1.0,0.545341552726947,1.809287482798629,,0.0,1.0,0.545341552726947,1.8232538092616952,,0.0,1.0,0.545341552726947,-1.091489065663143,,0.0,1.0,0.545341552726947,1.0261802023029096,,-0.32452567810610483,-0.3164756761510437,-0.3164756761510437,-0.3164756761510437,-0.3164756761510437,-0.32452567810610483,-0.3164756761510437,0.7115680669648201,0.7093409314018366,0.7093409314018366,0.7093409314018366,0.7093409314018366,0.7115680669648201,0.7093409314018366,-0.966859852453456,-0.9574884851799866,-0.9574884851799866,-0.9574884851799866,-0.9574884851799866,-0.966859852453456,-0.9574884851799866,0.664139094415572,-0.4416033866831636,0.9583462770966692,0.9869277849538172,1.151710293031267,-0.6592823490095168,0.6941501772779706,0.021080407705207832,-0.25155665415308937,0.09843076179186885,0.10557613875615585,0.14677176577551831,-0.30977495315106435,0.0323817368371942
P22,232.0,-0.0456906559267676,0.2340624451280571,O3_A_C_boundary,A-side boundary projection dominates current C-state,0.2466823846926354,0.120398747143625,0.0800130609873092,0.0800130609873092,0.1490313976078565,0.0348428643884896,0.7805635060665715,0.24668238469263548,0.1494744899092027,0.1422965155511146,0.1521886201743255,0.1422965155511146,0.0519725686678349,0.31520799581975556,-0.34929435493293387,-0.014725328339336895,-0.13607351550723024,0.5300492206105959,-0.4522103424653079,O5_full_TFC,0.5300492206105959,-0.014725328339336895,False,0.0,0.0,q4,mid,mid,mid,low,mid,high,low,A_side,near,phase=q4|str=mid|ab=mid|ac=mid|bc=low|tfc=mid|mem=high|dphi=low|side=A_side|dist=near,side=A_side|tfc=mid,-0.01529233211635106,0.545341552726947,neutral,1.5,1.0,0.7607593668847978,0.4050310665120398,,1.5,1.0,0.7607593668847978,0.023999180525555136,,1.5,1.0,0.7607593668847978,-0.9972475748076246,,1.5,1.0,0.7607593668847978,0.5544295456256141,,1.5,1.0,0.7607593668847978,-1.1744832654571449,,1.5,1.0,0.7607593668847978,-0.5720773133243675,,1.5,1.0,0.7607593668847978,0.2524236618209724,,1.026560818498903,1.043940126308194,1.043940126308194,1.043940126308194,1.043940126308194,1.026560818498903,1.043940126308194,0.7115680669648201,0.7093409314018366,0.7093409314018366,0.7093409314018366,0.7093409314018366,0.7115680669648201,0.7093409314018366,-0.6616402074799285,-0.6598720611976965,-0.6598720611976965,-0.6598720611976965,-0.6598720611976965,-0.6616402074799285,-0.6598720611976965,0.24770386380113973,0.048877560443488496,-0.6518619250258805,0.29806817012686593,-0.7805506842942846,-0.3403396011126634,0.17779562108472213,0.3310481354462336,0.2855716392389557,0.11038676787161342,0.3478692916598,0.07821457805451237,0.18403726921778285,0.31780115439926404
P22,253.0,0.1512696646030675,0.3307934652307837,O4_B_C_boundary,B-side boundary projection dominates current C-state,0.2547003908178094,0.1387999308870613,0.2520934039029893,0.1387999308870613,0.2151979085359533,0.0137327804336808,0.49989095652744353,0.25470039081780943,0.13379448429341018,0.0380219235242923,0.173716892569811,0.0380219235242923,0.0047398506717432,0.37425232040865836,-0.4621750689826809,-1.0115172519743472,0.1327458946379291,-0.7174861653340171,-1.0213690540885183,O1_lag0_AB,0.37425232040865836,0.1327458946379291,False,0.0,0.0,q1,high,mid,mid,high,high,low,low,B_side,mid,phase=q1|str=high|ab=mid|ac=mid|bc=high|tfc=high|mem=low|dphi=low|side=B_side|dist=mid,side=B_side|tfc=high,-0.3865070464761394,0.7607593668847978,good,-1.0,0.0,1.9151365499107356,-2.5838251462754984,,-1.0,0.0,1.9151365499107356,-0.720445950601408,,-1.0,0.0,1.9151365499107356,,,-1.0,0.0,1.9151365499107356,,,-1.0,0.0,1.9151365499107356,1.5705226232203593,,-1.0,0.0,1.9151365499107356,-2.1452079789072407,,-1.0,0.0,1.9151365499107356,-1.9986867269500401,,-1.22525000917611,-1.2234195444572022,-1.2234195444572022,-1.2234195444572022,-1.2234195444572022,-1.22525000917611,-1.2234195444572022,-1.4053469322555197,-1.4097593353646567,-1.4097593353646567,-1.4097593353646567,-1.4097593353646567,-1.4053469322555197,-1.4097593353646567,0.9739654426198148,0.9349895823578311,0.9349895823578311,0.9349895823578311,0.9349895823578311,0.9739654426198148,0.9349895823578311,-1.4960649744373025,-0.4495152860673331,,,0.9888065438468328,-1.306314311970878,-1.3244483599637351,-0.7881741183122793,-0.5369261458828403,-0.5660630991546759,-0.5660630991546759,-0.17734568840429876,-0.7407364526956732,-0.7556594143569407
P22,273.0,-0.019597897565257,0.2597422814290433,O4_B_C_boundary,B-side boundary projection dominates current C-state,0.1809682200465891,0.0180035845241287,0.205822441438482,0.0180035845241287,0.1349314153363999,0.0646094874963376,0.7497233107879495,0.18096822004658916,0.28868046037702766,,,0.2886804603770276,0.0119644255347187,-0.16870887913343996,0.6528525658927609,,,2.2813785478691058,-0.9343122448365753,O5_full_TFC,2.2813785478691058,,False,0.0,0.0,q4,mid,mid,low,mid,low,mid,mid,B_side,far,phase=q4|str=mid|ab=mid|ac=low|bc=mid|tfc=low|mem=mid|dphi=mid|side=B_side|dist=far,side=B_side|tfc=low,0.3662419979583703,1.9151365499107356,bad,1.75,1.0,0.29790747660713146,2.5245642961543284,,1.75,1.0,0.29790747660713146,0.6654769270076744,,1.75,1.0,0.29790747660713146,,,1.75,1.0,0.29790747660713146,,,1.75,1.0,0.29790747660713146,-0.1014928737779987,,1.75,1.0,0.29790747660713146,2.7214568526790908,,1.75,1.0,0.29790747660713146,2.2761401644549255,,1.2517419012664042,1.2706760933847336,1.2706760933847336,1.2706760933847336,1.2706760933847336,1.2517419012664042,1.2706760933847336,0.7115680669648201,0.7093409314018366,0.7093409314018366,0.7093409314018366,0.7093409314018366,0.7115680669648201,0.7093409314018366,-1.3174424686724797,-1.2993378591234992,-1.2993378591234992,-1.2993378591234992,-1.2993378591234992,-1.3174424686724797,-1.2993378591234992,1.4842892778629548,0.4783355643645931,,,-0.08892983456338235,1.6820421268082337,1.5282917809332108,0.5325391943554248,0.289753682506916,0.22689305522102368,0.22689305522102368,0.1479373327749222,0.5819774065917446,0.5522427366490705
P22,352.0,0.0127533147273151,0.1210195008929127,O4_B_C_boundary,B-side boundary projection dominates current C-state,0.2125383115992739,0.0580961505085677,0.2757354029847497,0.0580961505085677,0.1821232883641971,0.0540179218957982,0.4417506352024893,0.21253831159927394,0.09155632403652718,,,0.0915563240365271,0.0570359229489428,0.06377220205277051,-0.7662485372435922,,,-0.07700359229105475,-0.3911964452899283,O1_lag0_AB,0.06377220205277051,,False,0.0,0.0,q1,low,mid,low,high,mid,low,mid,B_side,far,phase=q1|str=low|ab=mid|ac=low|bc=high|tfc=mid|mem=low|dphi=mid|side=B_side|dist=far,side=B_side|tfc=mid,-0.23413527455436095,0.29790747660713146,neutral,1.75,1.0,0.06228552595208561,,,1.75,1.0,0.06228552595208561,,,1.75,1.0,0.06228552595208561,,,1.75,1.0,0.06228552595208561,,,1.75,1.0,0.06228552595208561,,,1.75,1.0,0.06228552595208561,0.4705400288307202,,1.75,1.0,0.06228552595208561,-0.07637023133942211,,1.2517419012664042,1.2706760933847336,1.2706760933847336,1.2706760933847336,1.2706760933847336,1.2517419012664042,1.2706760933847336,0.7115680669648201,0.7093409314018366,0.7093409314018366,0.7093409314018366,0.7093409314018366,0.7115680669648201,0.7093409314018366,-1.65128880542068,-1.6248678652645012,-1.6248678652645012,-1.6248678652645012,-1.6248678652645012,-1.65128880542068,-1.6248678652645012,,,,,,0.2998754856937825,-0.04161993910704225,0.10400705427018142,0.11838305317402302,0.11838305317402302,0.11838305317402302,0.11838305317402302,0.15297416212608167,0.0783823051037567
P22,411.0,-0.1042294825947334,0.1744513924541619,O5_full_TFC,full triadic projection is already active,,0.5894939204720624,,0.5894939204720624,0.5894939204720624,0.1108285019298853,0.9685216967022139,,,,,,0.099837869486917,,,,,,0.12457105190417123,O6_phase_only,0.12457105190417123,,False,0.0,0.0,q4,mid,missing,high,missing,high,high,high,B_side,missing,phase=q4|str=mid|ab=missing|ac=high|bc=missing|tfc=high|mem=high|dphi=high|side=B_side|dist=missing,side=B_side|tfc=high,0.06228552595208561,0.06228552595208561,good,,,,,,,,,,,,,,,,,,,,,,,,,,,,,,,,,,,,,,,,,,,,,,,,,,,,,,,,,,,,,,,,,,,,,,
P23,32.0,0.1994415905573427,0.2552301209356951,O3_A_C_boundary,A-side boundary projection dominates current C-state,0.0712425368689235,0.4261371106973589,0.2059879360199377,0.0712425368689235,0.2344558611954067,0.0006883510617485,1.2075278054018421,0.0712425368689235,0.19818090809369232,0.1459631100565799,0.0456110966196561,0.0456110966196561,0.0169893060474504,-0.976725080685125,0.0013442480235155395,0.020324742049355374,-1.4668866198000772,-0.6266897229553235,-0.8737619602028687,O3_A_C_boundary,0.020324742049355374,0.020324742049355374,True,0.0,0.0,q1,mid,low,high,mid,mid,high,low,A_side,far,phase=q1|str=mid|ab=low|ac=high|bc=mid|tfc=mid|mem=high|dphi=low|side=A_side|dist=far,side=A_side|tfc=mid,-0.5603420562243605,0.5806667982737159,neutral,0.0,1.0,0.5012873983516666,-0.2199459728734934,,0.0,1.0,0.5012873983516666,-0.7811727318527362,,0.0,1.0,0.5012873983516666,,,0.0,1.0,0.5012873983516666,,,0.0,1.0,0.5012873983516666,0.7723363145925957,,0.0,1.0,0.5012873983516666,0.2183905052282089,,0.0,1.0,0.5012873983516666,0.08141111921367056,,-0.32452567810610483,-0.3164756761510437,-0.3164756761510437,-0.3164756761510437,-0.3164756761510437,-0.32452567810610483,-0.3164756761510437,0.7115680669648201,0.7093409314018366,0.7093409314018366,0.7093409314018366,0.7093409314018366,0.7115680669648201,0.7093409314018366,-1.029278986221934,-1.0183527174998228,-1.0183527174998228,-1.0183527174998228,-1.0183527174998228,-1.029278986221934,-1.0183527174998228,-0.11692240401072083,-0.490170791895509,,,0.4743170411469968,0.14504406038129875,0.06367302447769066,-0.1897897503434849,-0.2789145635361347,-0.20849582074967662,-0.20849582074967662,-0.03779260527550826,-0.12429813424547999,-0.1404536094428348
P23,65.0,-0.062206802545244,0.0907699706826827,O1_lag0_AB,default immediate AB readout,0.0650311207028445,0.0872864715332361,0.1334154855598397,0.0650311207028445,0.0952443592653067,0.0320471747650156,0.2182741217618415,0.06503112070284454,0.10228789964238402,,,0.102287899642384,0.0405854614727365,-1.0224657382178313,-0.6889916824343129,,,0.05138837793888116,-0.5894260593506643,O5_full_TFC,0.05138837793888116,-1.0224657382178313,False,0.0,0.0,q4,low,low,mid,low,mid,low,low,B_side,near,phase=q4|str=low|ab=low|ac=mid|bc=low|tfc=mid|mem=low|dphi=low|side=B_side|dist=near,side=B_side|tfc=mid,-0.4498990204127854,0.5012873983516666,neutral,-1.0,0.0,2.4296584172623596,-3.7694784154763448,,1.5,1.0,1.2762738441968244,-1.1980319650795608,,1.5,1.0,1.2762738441968244,,,1.5,1.0,1.2762738441968244,,,1.5,1.0,1.2762738441968244,-0.7848527090075279,,-1.0,0.0,2.4296584172623596,-2.3271743916017886,,1.5,1.0,1.2762738441968244,-1.3703822906003094,,-1.22525000917611,1.043940126308194,1.043940126308194,1.043940126308194,1.043940126308194,-1.22525000917611,1.043940126308194,-1.4053469322555197,0.7093409314018366,0.7093409314018366,0.7093409314018366,0.7093409314018366,-1.4053469322555197,0.7093409314018366,1.7029774897344692,0.05235118667297286,0.05235118667297286,0.05235118667297286,0.05235118667297286,1.7029774897344692,0.05235118667297286,-2.1878029091503692,-0.7692506745562,,,-0.5294052699247314,-1.4180500734903414,-0.905159033913524,-0.7788555902118824,0.2590953924567009,0.6018774147943345,0.6018774147943345,0.31905674361456804,-0.5864173812968755,0.22511830261736987
P23,68.0,0.0395040161960473,0.0593629178147243,O4_B_C_boundary,B-side boundary projection dominates current C-state,0.0203413664443764,0.0852913261995444,0.3083066420132538,0.0203413664443764,0.1379797782190582,0.0280828800910031,0.29649092531146204,0.02034136644437645,0.34950150630893556,,,0.3495015063089355,0.1018415335071614,-1.3515595696568845,1.0907046472167266,,,3.0090381391020333,0.148715392536494,O5_full_TFC,3.0090381391020333,,False,0.0,0.0,q1,low,low,low,high,low,low,low,B_side,far,phase=q1|str=low|ab=low|ac=low|bc=high|tfc=low|mem=low|dphi=low|side=B_side|dist=far,side=B_side|tfc=low,0.5793797218396739,2.4296584172623596,bad,1.5,1.0,1.2762738441968244,2.0867558066458267,,1.5,1.0,1.2762738441968244,-0.020078533567448098,,1.5,1.0,1.2762738441968244,,,1.5,1.0,1.2762738441968244,,,1.5,1.0,1.2762738441968244,-0.7848527090075279,,1.5,1.0,1.2762738441968244,1.3126473859024275,,1.5,1.0,1.2762738441968244,1.587267470562843,,1.026560818498903,1.043940126308194,1.043940126308194,1.043940126308194,1.043940126308194,1.026560818498903,1.043940126308194,0.7115680669648201,0.7093409314018366,0.7093409314018366,0.7093409314018366,0.7093409314018366,0.7115680669648201,0.7093409314018366,0.06877824170456238,0.05235118667297286,0.05235118667297286,0.05235118667297286,0.05235118667297286,0.06877824170456238,0.05235118667297286,1.2288615333448762,0.01936831056600431,,,-0.5294052699247314,0.8169682031366264,1.0685831574600662,0.7589421651282904,0.45625013873725195,0.6018774147943345,0.6018774147943345,0.31905674361456804,0.655968832576228,0.7185538504607674
P23,106.0,-0.1296510647376411,0.1887288925395556,O3_A_C_boundary,A-side boundary projection dominates current C-state,0.1113117187947502,0.4022365881768521,0.2089133590461755,0.1113117187947502,0.2408205553392592,0.1683632019051959,1.086965003054879,0.1113117187947502,0.1405817923058825,0.1551631189786338,0.2746174093479882,0.1405817923058825,0.08114135162339,-0.6816569868591202,-0.4133130855308516,0.10827037111031083,1.3926713036707172,0.50953436762533,-0.10072375369913707,O4_B_C_boundary,1.3926713036707172,0.10827037111031083,False,0.0,0.0,q4,mid,low,high,mid,high,high,high,A_side,far,phase=q4|str=mid|ab=low|ac=high|bc=mid|tfc=high|mem=high|dphi=high|side=A_side|dist=far,side=A_side|tfc=high,0.11639745947389273,1.2762738441968244,good,1.0,1.0,0.7780711760112964,1.5341920931165465,,1.0,1.0,0.7780711760112964,0.7940187185291032,,1.0,1.0,0.7780711760112964,1.0447119600148158,,1.0,1.0,0.7780711760112964,-0.7605645277439848,,1.0,1.0,0.7780711760112964,1.0776547300482113,,1.0,1.0,0.7780711760112964,-0.3956502927167853,,1.0,1.0,0.7780711760112964,0.19305599605078927,,0.5761986529639004,0.5904681921551147,0.5904681921551147,0.5904681921551147,0.5904681921551147,0.5761986529639004,0.5904681921551147,0.7115680669648201,0.7093409314018366,0.7093409314018366,0.7093409314018366,0.7093409314018366,0.7115680669648201,0.7093409314018366,-0.6371115757319177,-0.6359544537099655,-0.6359544537099655,-0.6359544537099655,-0.6359544537099655,-0.6371115757319177,-0.6359544537099655,0.9064828987785017,0.5643920199625807,0.6891705129722718,-0.4238034330617992,0.6711171090445756,-0.2320052815627738,0.13817752016127327,0.3892845107438262,0.30706167245239163,0.3382562957048144,0.06001280919629666,0.33374294472289034,0.10466246565850729,0.20050804750206477
P23,133.0,0.0263831215923788,0.1770959992426991,O5_full_TFC,full triadic projection is already active,0.2755221827040146,0.1831276680449466,0.2951125588128318,0.1831276680449466,0.2512541365205977,0.1426852894267982,0.1257095991541819,0.2755221827040146,0.21884697219499039,0.2241713955962626,0.1912149372460044,0.1912149372460044,0.0437291733851197,0.5275832881653095,0.1501197095579699,0.7679410680594699,0.35124062390075456,1.1153064812982016,-0.5515440339733693,O5_full_TFC,1.1153064812982016,1.1153064812982016,True,0.0,0.0,q1,mid,high,high,high,high,low,high,B_side,mid,phase=q1|str=mid|ab=high|ac=high|bc=high|tfc=high|mem=low|dphi=high|side=B_side|dist=mid,side=B_side|tfc=high,0.3372353052869052,0.7780711760112964,good,1.0,1.0,0.5395462072091572,0.45777368315749817,,1.0,1.0,0.5395462072091572,0.03982776537556704,,1.0,1.0,0.5395462072091572,,,1.0,1.0,0.5395462072091572,,,1.0,1.0,0.5395462072091572,0.1348865518022893,,1.0,1.0,0.5395462072091572,0.15727715906416412,,1.0,1.0,0.5395462072091572,0.8475707659975915,,0.5761986529639004,0.5904681921551147,0.5904681921551147,0.5904681921551147,0.5904681921551147,0.5761986529639004,0.5904681921551147,0.7115680669648201,0.7093409314018366,0.7093409314018366,0.7093409314018366,0.7093409314018366,0.7115680669648201,0.7093409314018366,-0.9750711199772389,-0.9654952046590104,-0.9654952046590104,-0.9654952046590104,-0.9654952046590104,-0.9750711199772389,-0.9654952046590104,0.2784751437844382,0.059474518002594456,,,0.06343400806422982,0.10751765003157869,0.5749579102143337,0.14779268593397998,0.09844710922513385,0.1114379729659803,0.1114379729659803,0.09943698174054269,0.10505331249576509,0.22731795727806867
P23,138.0,-0.111690107441684,0.1426852894267982,O5_full_TFC,full triadic projection is already active,0.2188469721949903,0.2241713955962626,0.1912149372460044,0.1912149372460044,0.2114111016790858,0.0437291733851197,0.6102811024143631,0.21884697219499039,0.12491500608600967,,,0.1249150060860096,0.0070550973733772,0.11022896426017294,-0.5260986328512437,,,0.32209781368231954,-0.9934701127254374,O5_full_TFC,0.32209781368231954,0.32209781368231954,True,0.0,0.0,q4,low,mid,high,mid,high,mid,mid,A_side,near,phase=q4|str=low|ab=mid|ac=high|bc=mid|tfc=high|mem=mid|dphi=mid|side=A_side|dist=near,side=A_side|tfc=high,-0.21744839352683773,0.5395462072091572,good,0.25,1.0,1.832236641803996,-2.4559111550132955,,0.25,1.0,1.832236641803996,-2.1983824150778406,,0.25,1.0,1.832236641803996,,,0.25,1.0,1.832236641803996,,,0.25,1.0,1.832236641803996,-2.273614449537695,,0.25,1.0,1.832236641803996,-0.2793508474444589,,0.25,1.0,1.832236641803996,-1.6328226009728442,,-0.09934459533860351,-0.0897397090745041,-0.0897397090745041,-0.0897397090745041,-0.0897397090745041,-0.09934459533860351,-0.0897397090745041,0.7115680669648201,0.7093409314018366,0.7093409314018366,0.7093409314018366,0.7093409314018366,0.7115680669648201,0.7093409314018366,0.8565068163701948,0.8204569273142271,0.8204569273142271,0.8204569273142271,0.8204569273142271,0.8565068163701948,0.8204569273142271,-1.421436950853088,-1.4389676052429217,,,-1.4890211882192053,-0.16059206365421477,-1.0802945486391564,0.011823334285830878,0.00027263609965949565,0.48001938321385323,0.48001938321385323,-0.012240759644411403,0.32703455608554916,0.08994090025060081
P23,188.0,0.1587608037561187,0.2885681328473906,O1_lag0_AB,default immediate AB readout,0.1264352697257412,0.1781233450365705,0.0686855448820328,0.0686855448820328,0.1244147198814482,0.0371218052225895,0.756618581989148,0.1264352697257412,0.0766823297488167,0.345774735434759,0.1764772390975477,0.0766823297488167,0.1134004404532115,-0.5702876718242228,-0.873326757564992,1.9303836600849302,0.16721381253449136,-0.254955227906025,0.28800131264235845,O3_A_C_boundary,1.9303836600849302,-0.5702876718242228,False,0.0,0.0,q1,high,mid,high,low,mid,mid,low,A_side,mid,phase=q1|str=high|ab=mid|ac=high|bc=low|tfc=mid|mem=mid|dphi=low|side=A_side|dist=mid,side=A_side|tfc=mid,0.0981470182809343,1.832236641803996,neutral,-1.0,0.0,0.5663054717086017,1.0510922203080213,,-1.0,0.0,0.5663054717086017,2.030441023789058,,-1.0,0.0,0.5663054717086017,,,-1.0,0.0,0.5663054717086017,,,-1.0,0.0,0.5663054717086017,2.3269152559181054,,-1.0,0.0,0.5663054717086017,0.788097750536417,,-1.0,0.0,0.5663054717086017,2.0344130359829222,,-1.22525000917611,-1.2234195444572022,-1.2234195444572022,-1.2234195444572022,-1.2234195444572022,-1.22525000917611,-1.2234195444572022,-1.4053469322555197,-1.4097593353646567,-1.4097593353646567,-1.4097593353646567,-1.4097593353646567,-1.4053469322555197,-1.4097593353646567,-0.93715664553044,-0.9285252045693931,-0.9285252045693931,-0.9285252045693931,-0.9285252045693931,-0.93715664553044,-0.9285252045693931,0.6246310986295784,1.3921548817803786,,,1.4763569631361808,0.49487055833245386,1.366978890363928,-0.7357806220831229,-0.5423873006527183,-1.187234694797084,-1.187234694797084,-0.5213367803137678,-0.768220757157404,-0.548681298506831
P23,202.0,-0.101760623221489,0.1875031092900385,O3_A_C_boundary,A-side boundary projection dominates current C-state,0.0350987376058032,0.2733591585149224,0.2449003372223415,0.0350987376058032,0.184452744447689,0.0406462320579391,0.7343531221696662,0.03509873760580326,0.10050330551460193,,,0.1005033055146019,0.0258780979701954,-1.2428867899992992,-0.7018390158070852,,,0.03003759362332667,-0.7666511782433175,O5_full_TFC,0.03003759362332667,,False,0.0,0.0,q4,mid,low,high,high,low,mid,low,A_side,near,phase=q4|str=mid|ab=low|ac=high|bc=high|tfc=low|mem=mid|dphi=low|side=A_side|dist=near,side=A_side|tfc=low,-0.536267878085275,0.5663054717086017,bad,1.5,1.0,1.758784491140879,-0.43162812854340155,,1.5,1.0,1.758784491140879,-2.597828847614355,,1.5,1.0,1.758784491140879,,,1.5,1.0,1.758784491140879,,,1.5,1.0,1.758784491140879,-2.7798443898493557,,1.5,1.0,1.758784491140879,1.2363848946518639,,1.5,1.0,1.758784491140879,-1.8709364954218943,,1.026560818498903,1.043940126308194,1.043940126308194,1.043940126308194,1.043940126308194,1.026560818498903,1.043940126308194,0.7115680669648201,0.7093409314018366,0.7093409314018366,0.7093409314018366,0.7093409314018366,0.7115680669648201,0.7093409314018366,0.7524344608150935,0.7189770822065863,0.7189770822065863,0.7189770822065863,0.7189770822065863,0.7524344608150935,0.7189770822065863,-0.24042274005534536,-1.7063899258632356,,,-1.81532344049722,0.7701395197050469,-1.2391962029180392,0.5625351515558679,0.19146705351334536,0.8240860466388723,0.8240860466388723,0.16423367485484924,0.8151757164959659,0.30826548424964445
P23,284.0,0.1668392039717959,0.2682139408785875,O4_B_C_boundary,B-side boundary projection dominates current C-state,0.2252169496184937,0.1237886269613472,0.4359575343091053,0.1237886269613472,0.2616543702963154,0.0135150783084503,0.8412089463782033,0.2252169496184937,0.03922469784502578,0.321848432733726,0.0758743365595084,0.0392246978450257,0.2448960786976051,0.15713726150335477,-1.142985094399637,1.7016649968778712,-1.0889953445383187,-0.7030962406433079,1.8725361694643525,O6_phase_only,1.8725361694643525,-1.0889953445383187,False,0.0,0.0,q1,high,mid,mid,high,high,high,low,B_side,far,phase=q1|str=high|ab=mid|ac=mid|bc=high|tfc=high|mem=high|dphi=low|side=B_side|dist=far,side=B_side|tfc=high,0.11375167832347358,1.758784491140879,good,-1.0,0.0,0.731296215677516,0.4796327350399629,,-1.0,0.0,0.731296215677516,1.7622080686451391,,-1.0,0.0,0.731296215677516,-0.9217795667408508,,-1.0,0.0,0.731296215677516,3.1443555679220503,,-1.0,0.0,0.731296215677516,1.9774308291308977,,-1.0,0.0,0.731296215677516,-0.7891993959280313,,-1.0,0.0,0.731296215677516,1.5397696901743723,,-1.22525000917611,-1.2234195444572022,-1.2234195444572022,-1.2234195444572022,-1.2234195444572022,-1.22525000917611,-1.2234195444572022,-1.4053469322555197,-1.4097593353646567,-1.4097593353646567,-1.4097593353646567,-1.4097593353646567,-1.4053469322555197,-1.4097593353646567,-0.7033857455007457,-0.7005776905619203,-0.7005776905619203,-0.7005776905619203,-0.7005776905619203,-0.7033857455007457,-0.7005776905619203,0.29122822750355415,1.2125776631883107,-0.6022992157151642,1.7198191024823561,1.251088668008181,-0.4736625637581708,1.0368862424364111,-0.7606886148572054,-0.5302947267988671,-0.984013946524736,-0.40348436697535583,-0.5206669755938996,-0.9519113126726366,-0.574217581986842
P23,294.0,-0.0389520145789771,0.2448960786976051,O3_A_C_boundary,A-side boundary projection dominates current C-state,0.1057789979782849,0.407993574043561,0.0191027420116225,0.0191027420116225,0.1776251046778228,0.0718539044056096,0.6883201793184084,0.10577899797828498,0.09569732571884372,0.0802436257847222,0.1961186565360818,0.0802436257847222,0.0591977410284459,-0.7223997549048436,-0.7364373727430961,-0.6079074080298814,0.41247242656748745,-0.21234808134942587,-0.36514633331044083,O4_B_C_boundary,0.41247242656748745,-0.6079074080298814,False,0.0,0.0,q4,mid,low,high,low,low,mid,mid,A_side,far,phase=q4|str=mid|ab=low|ac=high|bc=low|tfc=low|mem=mid|dphi=mid|side=A_side|dist=far,side=A_side|tfc=low,-0.3188237891100286,0.731296215677516,bad,1.5,1.0,1.9204961325361734,-1.7262561649389336,,1.5,1.0,1.9204961325361734,1.6290338324446267,,1.5,1.0,1.9204961325361734,-1.665336495737305,,1.5,1.0,1.9204961325361734,-2.0597904004995855,,1.5,1.0,1.9204961325361734,-1.5051582836791384,,1.5,1.0,1.9204961325361734,-1.2398897675825868,,1.5,1.0,1.9204961325361734,-1.7570021380176786,,1.026560818498903,1.043940126308194,1.043940126308194,1.043940126308194,1.043940126308194,1.026560818498903,1.043940126308194,0.7115680669648201,0.7093409314018366,0.7093409314018366,0.7093409314018366,0.7093409314018366,0.7115680669648201,0.7093409314018366,0.9815592895471804,0.9423942615913302,0.9423942615913302,0.9423942615913302,0.9423942615913302,0.9815592895471804,0.9423942615913302,-0.9957391106849245,1.1234198678227876,-1.090621312347329,-1.1370190152940658,-0.9936949387638669,-0.7504072175687834,-1.1631638575035839,0.4309872660814948,0.9547737967810371,0.401263501738508,0.3896640760018238,0.4254950951343735,0.49232023936053004,0.38312786544944427
P23,327.0,0.2539130112102206,0.2889496057236485,O4_B_C_boundary,B-side boundary projection dominates current C-state,0.1287390074583642,0.100906233751931,0.3193352519220665,0.100906233751931,0.1829934977107873,0.0996903816254544,0.480805987382744,0.12873900745836428,0.4924339979728953,0.1006336157835296,0.1701132043945403,0.1006336157835296,0.0995890563158622,-0.5533230254608791,2.1196788781753675,-0.4129934125996063,0.08774733126846447,0.03159661839129163,0.12157282969972068,O2_lag5_AB,2.1196788781753675,0.08774733126846447,False,0.0,0.0,q1,high,mid,mid,high,mid,low,high,B_side,far,phase=q1|str=high|ab=mid|ac=mid|bc=high|tfc=mid|mem=low|dphi=high|side=B_side|dist=far,side=B_side|tfc=mid,0.19918274563919416,1.9204961325361734,neutral,1.75,1.0,0.8765142875793706,2.892130475531089,,1.75,1.0,0.8765142875793706,-1.5608393557583862,,1.75,1.0,0.8765142875793706,1.35610155577895,,1.75,1.0,0.8765142875793706,1.440752491893548,,1.75,1.0,0.8765142875793706,1.4299033174601892,,1.75,1.0,0.8765142875793706,0.29527605521404077,,1.75,1.0,0.8765142875793706,1.4545483745781886,,1.2517419012664042,1.2706760933847336,1.2706760933847336,1.2706760933847336,1.2706760933847336,1.2517419012664042,1.2706760933847336,0.7115680669648201,0.7093409314018366,0.7093409314018366,0.7093409314018366,0.7093409314018366,0.7115680669648201,0.7093409314018366,-0.49763020702357263,-0.4999476571266937,-0.4999476571266937,-0.4999476571266937,-0.4999476571266937,-0.49763020702357263,-0.4999476571266937,1.6987360106449838,-1.012143804775014,0.8936718959103755,0.7846189304096508,0.898167108030244,0.19225533058384137,0.9800151049524375,0.7911039429631589,0.11698139072121566,0.593435315892563,0.5661720745173818,0.5945591189225301,0.4144837729478733,0.6150211181530785
P23,335.0,-0.037264442948856,0.1603041292821588,O2_lag5_AB,current AB is active; read short-lag future AB,0.2999416289559354,0.1060468329803659,0.1613270213661919,0.1060468329803659,0.1891051611008311,0.0674006597596663,0.6079662405059778,0.29994162895593546,0.09845746306659017,0.1010354473181932,0.1678238946089506,0.0984574630665901,0.0206077315092946,0.7074072603936172,-0.7165670817289658,-0.40915218511907586,0.05916115886705918,0.005561249018633695,-0.8301595917315417,O1_lag0_AB,0.7074072603936172,-0.7165670817289658,False,0.0,0.0,q4,low,high,mid,mid,high,mid,mid,B_side,near,phase=q4|str=low|ab=high|ac=mid|bc=mid|tfc=high|mem=mid|dphi=mid|side=B_side|dist=near,side=B_side|tfc=high,-0.16910702718575332,0.8765142875793706,good,-1.0,0.0,0.7619902981705011,-1.2358870655218075,,-1.0,0.0,0.7619902981705011,-0.5560459613261698,,-1.0,0.0,0.7619902981705011,1.0072170556265325,,-1.0,0.0,0.7619902981705011,0.4354014247091035,,-1.0,0.0,0.7619902981705011,-0.7187464772350389,,-1.0,0.0,0.7619902981705011,1.728064426667784,,-1.0,0.0,0.7619902981705011,0.1416645229416818,,-1.22525000917611,-1.2234195444572022,-1.2234195444572022,-1.2234195444572022,-1.2234195444572022,-1.22525000917611,-1.2234195444572022,-1.4053469322555197,-1.4097593353646567,-1.4097593353646567,-1.4097593353646567,-1.4097593353646567,-1.4053469322555197,-1.4097593353646567,-0.659896134402788,-0.658171434121653,-0.658171434121653,-0.658171434121653,-0.658171434121653,-0.659896134402788,-0.658171434121653,-0.7096462731840069,-0.3394524013827389,0.6645461841416325,0.2327271756611169,-0.4867949646083456,1.0720534065581795,0.10388220903816178,-1.0000348372546062,-0.9077006788315627,-0.6567010324504698,-0.7646557845705988,-0.9445363196379644,-0.5546099173190595,-0.7968670262263375
P23,355.0,0.1806521002335968,0.4540270089870509,O1_lag0_AB,default immediate AB readout,0.1310757323939762,0.0397572316549332,0.0596576584572174,0.0397572316549332,0.0768302075020423,0.05165531336626,0.8099069459150133,0.13107573239397627,0.04083089389706322,0.182032236417775,0.1856953381770519,0.0408308938970632,0.1397065361461533,-0.5361154624558977,-1.131422052797454,0.3651202780526199,0.2823184485075847,-0.6838798009264697,0.6049922495956486,O6_phase_only,0.6049922495956486,-0.5361154624558977,False,0.0,0.0,q1,high,mid,low,low,low,high,mid,B_side,near,phase=q1|str=high|ab=mid|ac=low|bc=low|tfc=low|mem=high|dphi=mid|side=B_side|dist=near,side=B_side|tfc=low,-0.15699804857485258,0.7619902981705011,bad,1.5,1.0,1.4400110573684908,-0.9494208747524417,,1.5,1.0,1.4400110573684908,0.3653346083477287,,1.5,1.0,1.4400110573684908,,,1.5,1.0,1.4400110573684908,,,1.5,1.0,1.4400110573684908,1.648874814864241,,1.5,1.0,1.4400110573684908,-2.37146775829445,,1.5,1.0,1.4400110573684908,-1.121989762445116,,1.026560818498903,1.043940126308194,1.043940126308194,1.043940126308194,1.043940126308194,1.026560818498903,1.043940126308194,0.7115680669648201,0.7093409314018366,0.7093409314018366,0.7093409314018366,0.7093409314018366,0.7115680669648201,0.7093409314018366,0.30077304802355226,0.2785668506257643,0.2785668506257643,0.2785668506257643,0.2785668506257643,0.30077304802355226,0.2785668506257643,-0.5425151765005019,0.2773955913556536,,,1.0393102666977119,-1.4452482414619938,-0.739398091127299,0.3740966892466934,0.5773108749228621,0.6772826361119316,0.6772826361119316,0.7677895437583767,0.14841342300632043,0.323112454302124
P23,380.0,-0.0948884072636208,0.5191372497985721,O3_A_C_boundary,A-side boundary projection dominates current C-state,0.1643836268423353,0.2257714526751892,0.0791146638240839,0.0791146638240839,0.1564232477805361,0.0861578175289875,0.910739094252055,0.16438362684233532,0.2375442528131197,,,0.2375442528131197,0.0467130036949585,-0.2908372598105788,0.2847218543963126,,,1.6695878211063098,-0.5155885970029485,O5_full_TFC,1.6695878211063098,,False,0.0,0.0,q4,high,mid,high,low,mid,high,high,A_side,mid,phase=q4|str=high|ab=mid|ac=high|bc=low|tfc=mid|mem=high|dphi=high|side=A_side|dist=mid,side=A_side|tfc=mid,0.229576763737819,1.4400110573684908,neutral,,,,,,,,,,,,,,,,,,,,,,,,,,,,,,,,,,,,,,,,,,,,,,,,,,,,,,,,,,,,,,,,,,,,,,
P24,6.0,0.1333148723866013,0.1366174947045079,O1_lag0_AB,default immediate AB readout,0.0305621317151463,0.0022698283399875,0.056231882728603,0.0022698283399875,0.0296879475945789,0.0677184021367857,0.3049184884499606,0.030562131715146337,0.41259053038425614,0.2376255443898123,0.2006324860938825,0.2006324860938825,0.1069995784099315,-1.2762942015874346,1.5448839543434554,0.8965532888902585,0.46883575089434926,1.2279775089016254,0.2108703206437061,O2_lag5_AB,1.5448839543434554,-1.2762942015874346,False,0.0,0.0,q1,low,low,low,low,low,low,mid,B_side,near,phase=q1|str=low|ab=low|ac=low|bc=low|tfc=low|mem=low|dphi=mid|side=B_side|dist=near,side=B_side|tfc=low,0.4389752317265657,1.1059087226168898,bad,1.5,1.0,0.9142431906092794,3.0497389535832102,,1.5,1.0,0.9142431906092794,-1.7625698444324243,,1.5,1.0,0.9142431906092794,-0.35620211826640596,,1.5,1.0,0.9142431906092794,0.6912785869895136,,1.5,1.0,0.9142431906092794,-0.6580927022686935,,1.5,1.0,0.9142431906092794,-0.47439898444741463,,1.5,1.0,0.9142431906092794,0.8519048328954864,,1.026560818498903,1.043940126308194,1.043940126308194,1.043940126308194,1.043940126308194,1.026560818498903,1.043940126308194,0.7115680669648201,0.7093409314018366,0.7093409314018366,0.7093409314018366,0.7093409314018366,0.7115680669648201,0.7093409314018366,-0.4441731499410457,-0.4478222503007382,-0.4478222503007382,-0.4478222503007382,-0.4478222503007382,-0.4441731499410457,-0.4478222503007382,1.7906884945060777,-1.1471987984534209,-0.23086300864536485,0.37319203485353564,-0.44769916682029354,-0.28036060664110884,0.577850183264692,0.7711610575071888,0.03956500223896792,0.2686489496909819,0.41966271056570703,0.21443991014724975,0.25339878222039214,0.47082724766849615
P24,13.0,-0.0085639729626403,0.152621616731599,O5_full_TFC,full triadic projection is already active,0.3039917121364472,0.2375922449984494,0.2040721475739918,0.2040721475739918,0.2485520349029628,0.0258769606189503,0.470276214977251,0.3039917121364472,0.07913463199525964,0.1177635848186436,0.1828322490916599,0.0791346319952596,0.0154470079950984,0.7372319352802311,-0.855672578387564,-0.24924292981730706,0.2465676039907012,-0.22561602101004366,-0.8923467973593558,O1_lag0_AB,0.7372319352802311,-0.22561602101004366,False,0.0,0.0,q4,low,high,high,mid,high,low,low,A_side,near,phase=q4|str=low|ab=high|ac=high|bc=mid|tfc=high|mem=low|dphi=low|side=A_side|dist=near,side=A_side|tfc=high,-0.17701125532904832,0.9142431906092794,good,0.0,1.0,0.510001857724752,-0.3845688170142145,,0.0,1.0,0.510001857724752,0.8035128272482424,,0.0,1.0,0.510001857724752,0.4713266342885756,,0.0,1.0,0.510001857724752,0.46508795317785273,,0.0,1.0,0.510001857724752,1.0903484207214627,,0.0,1.0,0.510001857724752,-0.008841273470515942,,0.0,1.0,0.510001857724752,0.3928235852402891,,-0.32452567810610483,-0.3164756761510437,-0.3164756761510437,-0.3164756761510437,-0.3164756761510437,-0.32452567810610483,-0.3164756761510437,0.7115680669648201,0.7093409314018366,0.7093409314018366,0.7093409314018366,0.7093409314018366,0.7115680669648201,0.7093409314018366,-1.0169317056296225,-1.0063130157430489,-1.0063130157430489,-1.0063130157430489,-1.0063130157430489,-1.0169317056296225,-1.0063130157430489,-0.21296723361697506,0.5707481578050726,0.3126065761468111,0.24902372203560294,0.6792991218545099,0.005513278527923708,0.2714893559403821,-0.21071413759697055,-0.010674900671795828,-0.0752102960863612,-0.09110600961416324,0.0164628403405635,-0.15609400956074587,-0.08548960113796845
P24,33.0,0.0812209549433879,0.1855275332058333,O4_B_C_boundary,B-side boundary projection dominates current C-state,0.1995153596359769,0.0470413928305436,0.2439965166153077,0.0470413928305436,0.1635177563606094,0.0332922766103304,0.9158454759677224,0.19951535963597697,0.148544875628646,0.1295480299127759,0.1835128051918923,0.1295480299127759,0.0035912894834382,-0.03212837357941801,-0.3559866691036887,-0.13659190461521636,0.2550655775426119,0.377527051576904,-1.0352093248561287,O5_full_TFC,0.377527051576904,0.2550655775426119,False,0.0,0.0,q1,mid,mid,low,high,mid,high,low,B_side,far,phase=q1|str=mid|ab=mid|ac=low|bc=high|tfc=mid|mem=high|dphi=low|side=B_side|dist=far,side=B_side|tfc=mid,-0.13247480614784798,0.510001857724752,neutral,-1.0,0.0,0.9257833450526098,-1.866628564075767,,-1.0,0.0,0.9257833450526098,-0.11082249721703721,,-1.0,0.0,0.9257833450526098,-0.16747832578267074,,-1.0,0.0,0.9257833450526098,0.3539073102974446,,-1.0,0.0,0.9257833450526098,0.10743238585192272,,-1.0,0.0,0.9257833450526098,-0.5116354131011278,,-1.0,0.0,0.9257833450526098,-0.715245307267769,,-1.22525000917611,-1.2234195444572022,-1.2234195444572022,-1.2234195444572022,-1.2234195444572022,-1.22525000917611,-1.2234195444572022,-1.4053469322555197,-1.4097593353646567,-1.4097593353646567,-1.4097593353646567,-1.4097593353646567,-1.4053469322555197,-1.4097593353646567,-0.427822218817253,-0.4318786315658891,-0.4318786315658891,-0.4318786315658891,-0.4318786315658891,-0.427822218817253,-0.4318786315658891,-1.077635661718836,-0.04138316789222479,-0.10692092104433516,0.1879906340963017,0.04573778847969915,-0.30322548950755257,-0.4679634193035892,-1.0340137054919296,-0.7766101698199932,-0.7929946081080208,-0.7192667193228616,-0.7548299307270122,-0.8404111624391088,-0.8832552326728343
P24,49.0,-0.0828872800501992,0.1886561897545605,O1_lag0_AB,default immediate AB readout,0.0753049913027016,0.0246146268240431,0.1514980795236054,0.0246146268240431,0.0838058992167834,0.1368440032506819,0.588534984679033,0.07530499130270167,0.2256019452271969,0.1782474171075065,0.2479255005804889,0.1782474171075065,0.0342906157603724,-0.9468093043099327,0.19874891275763448,0.32894006149590554,1.0593745560862604,0.9601637957572766,-0.66527954455159,O4_B_C_boundary,1.0593745560862604,-0.9468093043099327,False,0.0,0.0,q4,mid,low,low,mid,low,mid,high,B_side,mid,phase=q4|str=mid|ab=low|ac=low|bc=mid|tfc=low|mem=mid|dphi=high|side=B_side|dist=mid,side=B_side|tfc=low,0.13359121103365063,0.9257833450526098,bad,1.5,1.0,2.8553900585579592,-0.19769661228958432,,1.5,1.0,2.8553900585579592,1.5744731579681157,,1.5,1.0,2.8553900585579592,-2.6166554296987683,,1.5,1.0,2.8553900585579592,-4.27060775892156,,1.5,1.0,2.8553900585579592,-3.1804561953274173,,1.5,1.0,2.8553900585579592,-2.022376301616683,,1.5,1.0,2.8553900585579592,-2.793927854651546,,1.026560818498903,1.043940126308194,1.043940126308194,1.043940126308194,1.043940126308194,1.026560818498903,1.043940126308194,0.7115680669648201,0.7093409314018366,0.7093409314018366,0.7093409314018366,0.7093409314018366,0.7115680669648201,0.7093409314018366,2.3061850792192606,2.2340227564449777,2.2340227564449777,2.2340227564449777,2.2340227564449777,2.3061850792192606,2.2340227564449777,-0.10394160503786999,1.0868924614056972,-1.715388614327717,-2.350656630246906,-2.0735470736868638,-1.2308900026297256,-1.8551403258179677,0.9850930899112785,1.2685490688901764,0.5679787999568228,0.4091617959770255,0.4784391851170361,0.7033559905133147,0.5330408720842601
P24,75.0,0.1229427076464951,0.1260627001671422,O5_full_TFC,full triadic projection is already active,0.3830667125127702,0.2208477752421468,0.2088400847622691,0.2088400847622691,0.270918190839062,0.1729226296115876,0.7545091754948141,0.38306671251277025,0.7055241850034164,0.1862009222482598,0.1363502443059901,0.1363502443059901,0.0965554516290172,1.3195375504416231,3.653719940301837,0.4049699891589466,-0.33384427854700316,0.4589083640651242,0.08501760678661825,O2_lag5_AB,3.653719940301837,0.4589083640651242,False,0.0,0.0,q1,low,high,high,mid,high,mid,high,A_side,near,phase=q1|str=low|ab=high|ac=high|bc=mid|tfc=high|mem=mid|dphi=high|side=A_side|dist=near,side=A_side|tfc=high,0.7983298817438779,2.8553900585579592,good,1.0,1.0,0.7259576128062528,2.515671793061777,,1.0,1.0,0.7259576128062528,-2.0908272453071763,,1.0,1.0,0.7259576128062528,3.3482237584395915,,1.0,1.0,0.7259576128062528,3.4913446797097607,,1.0,1.0,0.7259576128062528,2.331374638516579,,1.0,1.0,0.7259576128062528,3.3422520810365874,,1.0,1.0,0.7259576128062528,1.9679874148048226,,0.5761986529639004,0.5904681921551147,0.5904681921551147,0.5904681921551147,0.5904681921551147,0.5761986529639004,0.5904681921551147,0.7115680669648201,0.7093409314018366,0.7093409314018366,0.7093409314018366,0.7093409314018366,0.7115680669648201,0.7093409314018366,-0.7109498667847339,-0.7079533846372611,-0.7079533846372611,-0.7079533846372611,-0.7079533846372611,-0.7109498667847339,-0.7079533846372611,1.4791011829253706,-1.366961321666579,2.201974263643902,1.910300254821971,1.4792313616451973,2.063239000236801,1.3226507711832938,0.5139795090173394,-0.1937763956867222,0.6984575006408981,0.6255389984354153,0.5177717751412219,0.6600139633451969,0.47862662752574603
P24,101.0,-0.3145987243594403,0.3538165336378396,O4_B_C_boundary,B-side boundary projection dominates current C-state,0.4067278744784718,0.1145796399142243,0.336403838460887,0.1145796399142243,0.2859037842845277,0.0104533250210432,0.8561546845733636,0.4067278744784718,0.15297754590066084,0.2932375531600316,0.2392952594070783,0.1529775459006608,0.1863811553781128,1.493777542958862,-0.3240757758481295,1.4281650662349725,0.9516103890863478,0.6578364702215046,1.1674258184147064,O1_lag0_AB,1.493777542958862,0.9516103890863478,False,0.0,0.0,q4,high,high,mid,high,high,high,low,B_side,far,phase=q4|str=high|ab=high|ac=mid|bc=high|tfc=high|mem=high|dphi=low|side=B_side|dist=far,side=B_side|tfc=high,0.7678199301526092,0.7259576128062528,good,1.0,1.0,1.6930998461195772,-2.9939969723989224,,1.0,1.0,1.6930998461195772,-0.3969634382737889,,1.0,1.0,1.6930998461195772,0.4888874382537838,,1.0,1.0,1.6930998461195772,-1.5053366116225988,,1.0,1.0,1.6930998461195772,-0.2528663820459466,,1.0,1.0,1.6930998461195772,-1.2032503237430885,,1.0,1.0,1.6930998461195772,-0.9064693433627088,,0.5761986529639004,0.5904681921551147,0.5904681921551147,0.5904681921551147,0.5904681921551147,0.5761986529639004,0.5904681921551147,0.7115680669648201,0.7093409314018366,0.7093409314018366,0.7093409314018366,0.7093409314018366,0.7115680669648201,0.7093409314018366,0.6593676728524079,0.628228648804225,0.628228648804225,0.628228648804225,0.628228648804225,0.6593676728524079,0.628228648804225,-1.7353688411329553,-0.2329494662716252,0.32413942356766784,-0.8326492439193126,-0.18650114109781404,-0.7279089108844168,-0.5955738460016099,0.052941387912043336,0.4237720765223878,0.5630442989822111,0.27384713211046596,0.43538415781584056,0.30480637047417797,0.33311598158989164
P24,111.0,0.0629971334798379,0.1863811553781128,O3_A_C_boundary,A-side boundary projection dominates current C-state,0.1393749822133457,0.356719477150511,0.2400430532348618,0.1393749822133457,0.2453791708662395,0.0606931011696737,0.6687083171205148,0.1393749822133457,0.21860032674383156,0.3801322593955619,0.1856854115534045,0.1856854115534045,0.1473017978621719,-0.47500006886188106,0.1483441033926323,2.258817478281172,0.2821944966611662,1.0491515452306135,0.6965158704274614,O3_A_C_boundary,2.258817478281172,2.258817478281172,True,0.0,0.0,q1,mid,mid,high,high,high,mid,mid,A_side,mid,phase=q1|str=mid|ab=mid|ac=high|bc=high|tfc=high|mem=mid|dphi=mid|side=A_side|dist=mid,side=A_side|tfc=high,0.565717632161595,1.6930998461195772,good,0.25,1.0,0.6304318891322644,2.7211436405194727,,0.25,1.0,0.6304318891322644,0.5849020706330901,,0.25,1.0,0.6304318891322644,,,0.25,1.0,0.6304318891322644,,,0.25,1.0,0.6304318891322644,0.0655405669536871,,0.25,1.0,0.6304318891322644,0.9349047668852236,,0.25,1.0,0.6304318891322644,2.416425450564238,,-0.09934459533860351,-0.0897397090745041,-0.0897397090745041,-0.0897397090745041,-0.0897397090745041,-0.09934459533860351,-0.0897397090745041,0.7115680669648201,0.7093409314018366,0.7093409314018366,0.7093409314018366,0.7093409314018366,0.7115680669648201,0.7093409314018366,-0.8462976678920706,-0.8399295834921072,-0.8399295834921072,-0.8399295834921072,-0.8399295834921072,-0.8462976678920706,-0.8399295834921072,1.5989782794544976,0.42439212334169674,,,0.01873544474218449,0.5850168305220891,1.6219090143388237,0.3412260207971609,0.051015940544230504,-0.07344278705492491,-0.07344278705492491,-0.050398229105647556,0.08773565856405877,0.3503951632935123
P24,124.0,-0.1508132831211058,0.1918147784253139,O3_A_C_boundary,A-side boundary projection dominates current C-state,0.1853793452413112,0.3424656622717421,0.0910453208486374,0.0910453208486374,0.2062967761205636,0.0455544758735371,0.6177490471599354,0.18537934524131122,0.010948869376687738,,,0.0109488693766877,0.0373840101062907,-0.13622550312531725,-1.3465434212308125,,,-1.04138667070395,-0.6280038506012425,O7_suppress_event,0.0,,False,0.0,0.0,q4,mid,mid,high,low,mid,mid,mid,A_side,far,phase=q4|str=mid|ab=mid|ac=high|bc=low|tfc=mid|mem=mid|dphi=mid|side=A_side|dist=far,side=A_side|tfc=mid,-0.6304318891322644,0.6304318891322644,neutral,1.5,1.0,0.7101141686045582,-1.0732845050143915,,1.5,1.0,0.7101141686045582,0.2486140792160026,,1.5,1.0,0.7101141686045582,,,1.5,1.0,0.7101141686045582,,,1.5,1.0,0.7101141686045582,0.35449375313653814,,1.5,1.0,0.7101141686045582,0.8055323927523821,,1.5,1.0,0.7101141686045582,-0.3187348938779642,,1.026560818498903,1.043940126308194,1.043940126308194,1.043940126308194,1.043940126308194,1.026560818498903,1.043940126308194,0.7115680669648201,0.7093409314018366,0.7093409314018366,0.7093409314018366,0.7093409314018366,0.7115680669648201,0.7093409314018366,-0.7333980121867463,-0.7298423320546558,-0.7298423320546558,-0.7298423320546558,-0.7298423320546558,-0.7333980121867463,-0.7298423320546558,-0.6147801244487454,0.1992532618166764,,,0.20498692444788028,0.5055762319563567,-0.20335827825447952,0.09748768720705786,0.30567299686801286,0.341146241885125,0.341146241885125,0.30710641252581383,0.3775767763083334,0.20502011185022387
P24,167.0,0.1376769632611366,0.2733911344590571,O1_lag0_AB,default immediate AB readout,0.1071070409757211,0.162247341138928,0.1815754495516354,0.1071070409757211,0.1503099438887615,0.1121110961010407,0.389361246185419,0.10710704097572118,0.11140526570800553,0.0733747924646826,0.1402888243871954,0.0733747924646826,0.1224467958069975,-0.7126200914093956,-0.6233555585094765,-0.6735686342703959,-0.284663984151383,-0.2945264189515582,0.397010748823283,O6_phase_only,0.397010748823283,-0.7126200914093956,False,0.0,0.0,q1,high,low,mid,mid,high,low,high,B_side,near,phase=q1|str=high|ab=low|ac=mid|bc=mid|tfc=high|mem=low|dphi=high|side=B_side|dist=near,side=B_side|tfc=high,-0.31310341978127515,0.7101141686045582,good,-1.0,0.0,0.8033165750862215,-1.2465540944751858,,-1.0,0.0,0.8033165750862215,0.4470682049520172,,-1.0,0.0,0.8033165750862215,0.5714792030301322,,-1.0,0.0,0.8033165750862215,0.4078395431934961,,-1.0,0.0,0.8033165750862215,0.8923663115463966,,-1.0,0.0,0.8033165750862215,-1.5655561673801635,,-1.0,0.0,0.8033165750862215,-0.15905984623833533,,-1.22525000917611,-1.2234195444572022,-1.2234195444572022,-1.2234195444572022,-1.2234195444572022,-1.22525000917611,-1.2234195444572022,-1.4053469322555197,-1.4097593353646567,-1.4097593353646567,-1.4097593353646567,-1.4097593353646567,-1.4053469322555197,-1.4097593353646567,-0.6013420560522806,-0.6010759761613101,-0.6010759761613101,-0.6010759761613101,-0.6010759761613101,-0.6013420560522806,-0.6010759761613101,-0.7158696681422207,0.3321147884649316,0.3783805746716869,0.21759696329020878,0.5516851603120464,-0.9503813921642167,-0.09680158497245216,-0.9869521664065327,-0.7255350168795593,-0.7139685703278705,-0.7541644731732401,-0.6706424239177807,-1.0455800974120317,-0.8327641102389053
P24,174.0,-0.0094145976249732,0.215628727814671,O1_lag0_AB,default immediate AB readout,0.0083190537507582,0.0864188566240837,0.1455217341143615,0.0083190537507582,0.0800865481630678,0.0824226729303324,0.6846093195208126,0.008319053750758207,0.19607975425388588,0.1486046836664152,0.1811681505254505,0.1486046836664152,0.0224808399753146,-1.4400914717169968,-0.013782005855299219,0.04557633199845729,0.22578832422435877,0.605519791066539,-0.8075884578548361,O5_full_TFC,0.605519791066539,-1.4400914717169968,False,0.0,0.0,q4,mid,low,low,mid,low,mid,high,B_side,near,phase=q4|str=mid|ab=low|ac=low|bc=mid|tfc=low|mem=mid|dphi=high|side=B_side|dist=near,side=B_side|tfc=low,-0.19779678401968245,0.8033165750862215,bad,1.75,1.0,1.0741078645045259,0.7379315480469703,,1.75,1.0,1.0741078645045259,-1.3655528238434707,,1.75,1.0,1.0741078645045259,0.034237123614811626,,1.75,1.0,1.0741078645045259,0.6482584329683116,,1.75,1.0,1.0741078645045259,-1.052595123005063,,1.75,1.0,1.0741078645045259,-0.3694727967911117,,1.75,1.0,1.0741078645045259,-0.528345386918579,,1.2517419012664042,1.2706760933847336,1.2706760933847336,1.2706760933847336,1.2706760933847336,1.2517419012664042,1.2706760933847336,0.7115680669648201,0.7093409314018366,0.7093409314018366,0.7093409314018366,0.7093409314018366,0.7115680669648201,0.7093409314018366,-0.21766523925190745,-0.22695679981884614,-0.22695679981884614,-0.22695679981884614,-0.22695679981884614,-0.21766523925190745,-0.22695679981884614,0.44192581514545765,-0.8814029261571888,0.025553281443189028,0.3495759378827473,-0.7019848543403867,-0.21593109293304202,-0.3432386249072149,0.5468926360311936,0.2179143247026338,0.4446533766027283,0.5256590407126178,0.2627688426568343,0.3824284090115687,0.3524554000151273
P24,199.0,0.0172582460846137,0.0455515016536739,O5_full_TFC,full triadic projection is already active,0.1849955674955587,0.1825082808991848,0.3823337895297203,0.1825082808991848,0.2499458793081546,0.0453294276935296,0.15187924290373078,0.18499556749555873,0.10342696097334679,0.1947326243514848,0.252933918886199,0.1034269609733467,0.0464321679553654,-0.13905162940115817,-0.6807915542241526,0.4865270740254784,1.1219137152889995,0.06501604398404401,-0.5189726941818952,O4_B_C_boundary,1.1219137152889995,0.06501604398404401,False,0.0,0.0,q1,low,mid,high,high,high,low,mid,B_side,far,phase=q1|str=low|ab=mid|ac=high|bc=high|tfc=high|mem=low|dphi=mid|side=B_side|dist=far,side=B_side|tfc=high,0.0478058507844737,1.0741078645045259,good,-1.0,0.0,1.2236101569967117,1.5668678839393355,,-1.0,0.0,1.2236101569967117,1.7630654872061453,,-1.0,0.0,1.2236101569967117,-1.2897389101183645,,-1.0,0.0,1.2236101569967117,-2.5045206108877656,,-1.0,0.0,1.2236101569967117,-0.4150546410337165,,-1.0,0.0,1.2236101569967117,-0.19596282929765269,,-1.0,0.0,1.2236101569967117,0.028827572746716507,,-1.22525000917611,-1.2234195444572022,-1.2234195444572022,-1.2234195444572022,-1.2234195444572022,-1.22525000917611,-1.2234195444572022,-1.4053469322555197,-1.4097593353646567,-1.4097593353646567,-1.4097593353646567,-1.4097593353646567,-1.4053469322555197,-1.4097593353646567,-0.005839505082325103,-0.020407783236239888,-0.020407783236239888,-0.020407783236239888,-0.020407783236239888,-0.005839505082325103,-0.020407783236239888,0.9255467217746692,1.2131516897476948,-0.8439521020328424,-1.381155560439631,-0.2910433461048462,-0.10938797839880769,0.028582201488201554,-0.42772243118482145,-0.360108743327601,-0.8743846912727353,-1.0086855558744325,-0.7361575022907363,-0.6864561062281906,-0.6562511153924744
P24,228.0,-0.1120605996900791,0.1847481087767852,O4_B_C_boundary,B-side boundary projection dominates current C-state,0.3558603668173957,0.0208972930910829,0.1838730752799528,0.0208972930910829,0.1868769117294771,0.0523506770028247,0.8561227423274422,0.3558603668173957,0.31505966962569454,0.0742050947528481,0.072658764636217,0.072658764636217,0.0401220279563552,1.1191909454331688,0.8427570881882208,-0.665631527071682,-1.129147574676386,-0.3030929358371112,-0.5950104769810115,O1_lag0_AB,1.1191909454331688,-1.129147574676386,False,0.0,0.0,q4,mid,high,low,mid,low,high,mid,B_side,far,phase=q4|str=mid|ab=high|ac=low|bc=mid|tfc=low|mem=high|dphi=mid|side=B_side|dist=far,side=B_side|tfc=low,-0.10441921156354302,1.2236101569967117,bad,-1.0,0.0,0.2868291568151671,-0.4709244704930657,,-1.0,0.0,0.2868291568151671,-0.2787878079250975,,-1.0,0.0,0.2868291568151671,1.2633618261290414,,-1.0,0.0,0.2868291568151671,2.3200458093133465,,-1.0,0.0,0.2868291568151671,1.493621330933284,,-1.0,0.0,0.2868291568151671,1.2635067724965447,,-1.0,0.0,0.2868291568151671,0.9666435408167594,,-1.22525000917611,-1.2234195444572022,-1.2234195444572022,-1.2234195444572022,-1.2234195444572022,-1.22525000917611,-1.2234195444572022,-1.4053469322555197,-1.4097593353646567,-1.4097593353646567,-1.4097593353646567,-1.4097593353646567,-1.4053469322555197,-1.4097593353646567,-1.3331390388332411,-1.314643417454904,-1.314643417454904,-1.314643417454904,-1.314643417454904,-1.3331390388332411,-1.314643417454904,-0.2633491479084278,-0.15383297220773956,0.83276619056665,1.2673107459647066,0.9392380318364328,0.7867936023455632,0.6544192996562306,-1.0567712820433246,-1.0254138173711256,-0.7787640266775282,-0.670127887828014,-0.7521460663600825,-0.794235594479827,-0.8233507494051331
P24,254.0,0.2878616296385239,0.3192936154475071,O1_lag0_AB,default immediate AB readout,0.16929071183579,0.0437201667522459,0.1513074013164337,0.0437201667522459,0.1214394266348232,0.0366381507877463,0.8244440954909716,0.16929071183579006,0.15324652233338182,0.1129632676346075,0.1774534647463954,0.1129632676346075,0.0697062509739441,-0.25470165270132505,-0.3221394084429089,-0.2951305934075202,0.17940375505616088,0.17910788342353062,-0.23851779624098077,O4_B_C_boundary,0.17940375505616088,-0.25470165270132505,False,0.0,0.0,q1,high,mid,low,mid,low,high,low,B_side,mid,phase=q1|str=high|ab=mid|ac=low|bc=mid|tfc=low|mem=high|dphi=low|side=B_side|dist=mid,side=B_side|tfc=low,-0.1074254017590062,0.2868291568151671,bad,-1.0,0.0,3.574980752279819,-5.636591167433712,,-1.0,0.0,3.574980752279819,-3.2540678061257147,,-1.0,0.0,3.574980752279819,1.3682795365336358,,-1.0,0.0,3.574980752279819,-3.401715867701462,,-1.0,0.0,3.574980752279819,-2.4726828378369325,,-1.0,0.0,3.574980752279819,-5.329756786995246,,-1.0,0.0,3.574980752279819,-4.29052623869313,,-1.22525000917611,-1.2234195444572022,-1.2234195444572022,-1.2234195444572022,-1.2234195444572022,-1.22525000917611,-1.2234195444572022,-1.4053469322555197,-1.4097593353646567,-1.4097593353646567,-1.4097593353646567,-1.4097593353646567,-1.4053469322555197,-1.4097593353646567,3.3257535718375197,3.2281931310431746,3.2281931310431746,3.2281931310431746,3.2281931310431746,3.3257535718375197,3.2281931310431746,-3.277120294313025,-2.145730300121112,0.9016696387367391,-1.873674721951726,-1.6173353361722187,-3.261774008617817,-2.8538722963548486,-0.6454909159767838,-0.38767901222494905,0.3741709724895137,-0.3196651176826026,-0.25558027123772575,-0.6416543445529818,-0.5647145112833832
P24,280.0,-0.0556276951131154,0.3160724943842145,O3_A_C_boundary,A-side boundary projection dominates current C-state,0.0299756184749822,0.5729962175495259,0.0151242834822742,0.0151242834822742,0.2060320398355941,0.1123998179812952,0.8784740487757072,0.029975618474982202,0.2773737383879302,0.592712996702619,0.2315239309762695,0.2315239309762695,0.0046710029501437,-1.2806132651535262,0.571455219299605,4.290940145455396,0.8545713008382628,1.597561027423782,-1.0221986756344772,O3_A_C_boundary,4.290940145455396,4.290940145455396,True,0.0,0.0,q4,high,low,high,low,low,high,high,A_side,far,phase=q4|str=high|ab=low|ac=high|bc=low|tfc=low|mem=high|dphi=high|side=A_side|dist=far,side=A_side|tfc=low,0.7159593931755774,3.574980752279819,bad,1.5,1.0,1.8790226176473745,5.8856850639084755,,1.5,1.0,1.8790226176473745,4.189240580567635,,1.5,1.0,1.8790226176473745,-3.1180866981818074,,1.5,1.0,1.8790226176473745,0.6413409633317388,,1.5,1.0,1.8790226176473745,0.08041126052935427,,1.5,1.0,1.8790226176473745,2.302793739831467,,1.5,1.0,1.8790226176473745,1.8903220324402468,,1.026560818498903,1.043940126308194,1.043940126308194,1.043940126308194,1.043940126308194,1.026560818498903,1.043940126308194,0.7115680669648201,0.7093409314018366,0.7093409314018366,0.7093409314018366,0.7093409314018366,0.7115680669648201,0.7093409314018366,0.9227965937151276,0.8850953829473575,0.8850953829473575,0.8850953829473575,0.8850953829473575,0.9227965937151276,0.8850953829473575,3.445245991434501,2.8374329972009193,-2.0446975869077186,0.3457785634324077,0.02832069527811498,1.4249636855649952,1.2708219698170897,1.526542867653338,1.368952359464577,0.14841971343741733,0.7460387510224489,0.6666742839838757,1.0214722911859615,0.9772996026186194
P24,296.0,0.1417026256019141,0.2272496307120739,O5_full_TFC,full triadic projection is already active,0.4988008510509055,0.4582930056429833,0.466112204603514,0.4582930056429833,0.4744020204324676,0.1866743786482472,0.4757470557434847,0.4988008510509055,0.5169679030247005,0.0837933152136293,0.1378171094576232,0.0837933152136293,0.0490206223273405,2.1717998130517615,2.2962990139415944,-0.5739748681333262,-0.315527814616196,-0.16987979558968844,-0.48778157459460575,O2_lag5_AB,2.2962990139415944,-0.16987979558968844,False,0.0,0.0,q1,mid,high,high,high,high,low,high,B_side,near,phase=q1|str=mid|ab=high|ac=high|bc=high|tfc=high|mem=low|dphi=high|side=B_side|dist=near,side=B_side|tfc=high,0.4172763962942199,1.8790226176473745,good,0.25,1.0,1.3586898857788257,-0.8242219852277988,,0.25,1.0,1.3586898857788257,0.3396724714447064,,0.25,1.0,1.3586898857788257,1.9718043671864245,,0.25,1.0,1.3586898857788257,1.3661607138516456,,0.25,1.0,1.3586898857788257,2.1044840338760737,,0.25,1.0,1.3586898857788257,-0.228912091247776,,0.25,1.0,1.3586898857788257,-1.086658386803434,,-0.09934459533860351,-0.0897397090745041,-0.0897397090745041,-0.0897397090745041,-0.0897397090745041,-0.09934459533860351,-0.0897397090745041,0.7115680669648201,0.7093409314018366,0.7093409314018366,0.7093409314018366,0.7093409314018366,0.7115680669648201,0.7093409314018366,0.1855512906286832,0.16621534257067117,0.16621534257067117,0.16621534257067117,0.16621534257067117,0.1855512906286832,0.16621534257067117,-0.46947120697092826,0.2602152446465737,1.2980273339998376,0.7436714558238342,1.3329837586896356,-0.12962034337751024,-0.7158202396524739,0.0820758888209929,0.2615079523861443,0.5209609747244603,0.38237200518045944,0.5297000808969098,0.1670386047193474,0.017499081311382447
P24,303.0,-0.0423086158994677,0.2455743978141175,O2_lag5_AB,current AB is active; read short-lag future AB,0.4683266689338884,0.0890401536015656,0.1372453200174243,0.0890401536015656,0.2315373808509594,0.0553351965352106,0.4824335880555522,0.46832666893388847,0.6116758830106099,0.3517591337856849,0.3000171526514496,0.3000171526514496,0.11406188457538,1.9473889717019175,2.978103897751788,1.9875903086852258,1.7098330288311068,2.4170101000718556,0.29597177676884207,O2_lag5_AB,2.978103897751788,2.978103897751788,True,0.0,0.0,q4,mid,high,mid,mid,mid,low,mid,B_side,near,phase=q4|str=mid|ab=high|ac=mid|bc=mid|tfc=mid|mem=low|dphi=mid|side=B_side|dist=near,side=B_side|tfc=mid,1.6194140119729623,1.3586898857788257,neutral,0.0,1.0,1.5717356578879043,0.019363060643604157,,0.0,1.0,1.5717356578879043,0.39293391447197606,,0.0,1.0,1.5717356578879043,-1.4298667438593062,,0.0,1.0,1.5717356578879043,-0.3873597226222063,,0.0,1.0,1.5717356578879043,-1.0551651371433155,,0.0,1.0,1.5717356578879043,0.8822205795799534,,0.0,1.0,1.5717356578879043,0.08655364416574568,,-0.32452567810610483,-0.3164756761510437,-0.3164756761510437,-0.3164756761510437,-0.3164756761510437,-0.32452567810610483,-0.3164756761510437,0.7115680669648201,0.7093409314018366,0.7093409314018366,0.7093409314018366,0.7093409314018366,0.7115680669648201,0.7093409314018366,0.4874100537047737,0.4605546064218408,0.4605546064218408,0.4605546064218408,0.4605546064218408,0.4874100537047737,0.4605546064218408,0.022696100743939705,0.29587283859100594,-0.935979376476043,-0.21893106409314378,-0.7036414165760811,0.5526663120861954,0.06710480960701254,0.22428713582685716,0.28732317506590993,-0.02063987870085232,0.1586221993948725,0.037444611274138145,0.3567796886624211,0.23013116781991155
P24,335.0,0.091231731891264,0.2070775117287016,O3_A_C_boundary,A-side boundary projection dominates current C-state,0.4081375995597932,0.3125148008103757,0.0798914373467833,0.0798914373467833,0.2668479459056507,0.0699111084410429,0.7857229652139776,0.4081375995597932,0.5629864170790391,0.1832682746900054,0.2422684243420981,0.1832682746900054,0.1619734753726665,1.5041587105438208,2.6275873344464147,0.3769359365281391,0.9887357296345238,1.0202330550102354,0.8733109697464397,O2_lag5_AB,2.6275873344464147,0.3769359365281391,False,0.0,0.0,q1,mid,high,high,low,mid,high,mid,A_side,far,phase=q1|str=mid|ab=high|ac=high|bc=low|tfc=mid|mem=high|dphi=mid|side=A_side|dist=far,side=A_side|tfc=mid,1.0558516765585104,1.5717356578879043,neutral,0.25,1.0,0.9329299187549638,-0.7607402645171493,,0.25,1.0,0.9329299187549638,-1.4026694245851883,,0.25,1.0,0.9329299187549638,2.4838838776070165,,0.25,1.0,0.9329299187549638,0.5193838584878314,,0.25,1.0,0.9329299187549638,1.1769779648985494,,0.25,1.0,0.9329299187549638,0.43938109591097985,,0.25,1.0,0.9329299187549638,2.0154230661285433,,-0.09934459533860351,-0.0897397090745041,-0.0897397090745041,-0.0897397090745041,-0.0897397090745041,-0.09934459533860351,-0.0897397090745041,0.7115680669648201,0.7093409314018366,0.7093409314018366,0.7093409314018366,0.7093409314018366,0.7115680669648201,0.7093409314018366,-0.417696432810478,-0.42200508551151356,-0.42200508551151356,-0.42200508551151356,-0.42200508551151356,-0.417696432810478,-0.42200508551151356,-0.4324344817181784,-0.9062518337838216,1.6343294117821674,0.27882969075169006,0.7351382043105937,0.28074246522936697,1.3543062253287819,-0.059476860725609954,-0.17716392424200067,0.4579813871494966,0.11910645689187725,0.23318358528160316,0.11881737601127638,0.3879755905361502
P24,368.0,-0.1255581711084797,0.2871830810942054,O3_A_C_boundary,A-side boundary projection dominates current C-state,0.0656913684726582,0.2803216181413267,0.1242422269220835,0.0656913684726582,0.1567517378453561,0.0782846915646798,0.5409374561205595,0.06569136847265826,0.11014834972552003,0.2145866261507506,0.1305842789603913,0.11014834972552,0.0428461291506445,-1.0176036960814974,-0.6324041250138535,0.6763173984052899,-0.4058427824049504,0.14543036302419338,-0.5621848003768991,O3_A_C_boundary,0.6763173984052899,0.6763173984052899,True,0.0,0.0,q4,high,low,high,low,mid,low,mid,A_side,mid,phase=q4|str=high|ab=low|ac=high|bc=low|tfc=mid|mem=low|dphi=mid|side=A_side|dist=mid,side=A_side|tfc=mid,-0.2566125203496739,0.9329299187549638,neutral,0.25,1.0,0.5667875587337715,0.5624347936305742,,0.25,1.0,0.5667875587337715,0.840030845886005,,0.25,1.0,0.5667875587337715,-1.2632431829983308,,0.25,1.0,0.5667875587337715,1.2238570704936833,,0.25,1.0,0.5667875587337715,-0.38551845995787787,,0.25,1.0,0.5667875587337715,0.8256703647652527,,0.25,1.0,0.5667875587337715,0.7597650883290387,,-0.09934459533860351,-0.0897397090745041,-0.0897397090745041,-0.0897397090745041,-0.0897397090745041,-0.09934459533860351,-0.0897397090745041,0.7115680669648201,0.7093409314018366,0.7093409314018366,0.7093409314018366,0.7093409314018366,0.7115680669648201,0.7093409314018366,-0.9364735895295055,-0.9278591639402083,-0.9278591639402083,-0.9278591639402083,-0.9278591639402083,-0.9364735895295055,-0.9278591639402083,0.3395368911637707,0.5951963253016583,-0.8265513509746673,0.6655532640762674,-0.27200511536961164,0.517941874631815,0.5163621383510631,0.0038216933151204446,0.07173459592219564,-0.28370232314688576,0.0893238306158479,-0.14506576424562184,0.0484229391821315,0.05202604918454684
P24,377.0,0.0919379663262934,0.09778604308297,O3_A_C_boundary,A-side boundary projection dominates current C-state,0.0718913568191298,0.1932070918740202,0.1584523575005742,0.0718913568191298,0.1411836020645747,0.1423545525377197,0.3685887182290618,0.07189135681912988,0.1366371445112709,0.0311348650041911,0.1668178890092061,0.0311348650041911,0.0565523438450012,-0.9719471926239693,-0.4417106939655097,-1.0773526983376636,0.04659935980775536,-0.7998825482101786,-0.39702361915254797,O4_B_C_boundary,0.04659935980775536,-1.0773526983376636,False,0.0,0.0,q1,low,low,high,mid,mid,low,high,A_side,near,phase=q1|str=low|ab=low|ac=high|bc=mid|tfc=mid|mem=low|dphi=high|side=A_side|dist=near,side=A_side|tfc=mid,-0.5201881989260162,0.5667875587337715,neutral,0.0,1.0,0.5717337513793521,0.4521720073056638,,0.0,1.0,0.6880589460599247,-1.07425737870868,,0.0,1.0,0.6880589460599247,1.2959667946604,,0.0,1.0,0.6880589460599247,-0.4984185746868411,,0.0,1.0,0.6880589460599247,-0.05582562460037567,,0.0,1.0,0.5717337513793521,0.5865564168051414,,0.0,1.0,0.6880589460599247,-0.25403141152921244,,-0.32452567810610483,-0.3164756761510437,-0.3164756761510437,-0.3164756761510437,-0.3164756761510437,-0.32452567810610483,-0.3164756761510437,0.7115680669648201,0.7093409314018366,0.7093409314018366,0.7093409314018366,0.7093409314018366,0.7115680669648201,0.7093409314018366,-0.9294654636270278,-0.7603133332089872,-0.7603133332089872,-0.7603133332089872,-0.7603133332089872,-0.9294654636270278,-0.7603133332089872,0.2752069946675453,-0.6863857784775633,0.8541791126617311,-0.27989729444485856,-0.059493949651427694,0.37111489337952763,-0.16017940200027958,-0.06680402002519181,-0.2634584641089394,0.1216827586758842,-0.16183634310076322,-0.10673550690240549,-0.042827045347196224,-0.13190686998961848
P24,381.0,-0.1988970473688233,0.2054532453903013,O4_B_C_boundary,B-side boundary projection dominates current C-state,0.1554255681558319,0.0687227682151551,0.2608334445992924,0.0687227682151551,0.1616605936567598,0.0708699918654454,0.7664524980760463,0.15542556815583194,0.16104771807276372,0.0195593580731994,0.1639571349537606,0.0195593580731994,0.1069806545932777,-0.3568040995105011,-0.26597842437946256,-1.1880064213253845,0.010877672362157167,-0.9383712656049653,0.2106422868662181,O6_phase_only,0.2106422868662181,0.010877672362157167,False,0.0,0.0,q4,mid,mid,low,high,mid,mid,mid,B_side,far,phase=q4|str=mid|ab=mid|ac=low|bc=high|tfc=mid|mem=mid|dphi=mid|side=B_side|dist=far,side=B_side|tfc=mid,-0.36109146451313406,0.5717337513793521,neutral,0.25,1.0,0.6880589460599247,-1.1483999226551287,,0.25,1.0,0.6880589460599247,-1.0859467212362643,,0.25,1.0,0.6880589460599247,1.5706634447065837,,0.25,1.0,0.6880589460599247,-0.2986539601827802,,0.25,1.0,0.6880589460599247,0.246706019852874,,0.25,1.0,0.6880589460599247,-0.008656738778542089,,0.25,1.0,0.6880589460599247,-0.08998848447074971,,-0.09934459533860351,-0.0897397090745041,-0.0897397090745041,-0.0897397090745041,-0.0897397090745041,-0.09934459533860351,-0.0897397090745041,0.7115680669648201,0.7093409314018366,0.7093409314018366,0.7093409314018366,0.7093409314018366,0.7115680669648201,0.7093409314018366,-0.7646474574622073,-0.7603133332089872,-0.7603133332089872,-0.7603133332089872,-0.7603133332089872,-0.7646474574622073,-0.7603133332089872,-0.6586042214370118,-0.6942115865224671,1.034582843509116,-0.17023565759588297,0.1355098403450548,0.005626591331254451,-0.050707871400802455,-0.20275705181825063,-0.20873092435103044,0.22346768315686533,-0.07773694211938442,-0.0013005676341499711,-0.03669934862618406,-0.04785499557061429
P24,395.0,0.0038790098259034,0.1740095878096196,O4_B_C_boundary,B-side boundary projection dominates current C-state,0.0501333479862207,0.1428449766612203,0.2811395027849536,0.0501333479862207,0.1580392758107982,0.0394809001363192,0.5385522719815359,0.050133347986220704,0.05775995933539172,0.1833917638546136,0.1504142093990467,0.0577599593353917,0.1088841201080502,-1.132172430155904,-1.0095493289159818,0.3781164062815592,-0.15823024267989858,-0.4813414090250734,0.23357922604674058,O3_A_C_boundary,0.3781164062815592,-0.15823024267989858,False,0.0,0.0,q1,mid,low,mid,high,mid,low,low,B_side,mid,phase=q1|str=mid|ab=low|ac=mid|bc=high|tfc=mid|mem=low|dphi=low|side=B_side|dist=mid,side=B_side|tfc=mid,-0.30994253977836544,0.6880589460599247,neutral,-1.0,0.0,0.0,,,-1.0,0.0,0.0,,,-1.0,0.0,0.0,,,-1.0,0.0,0.0,,,-1.0,0.0,0.0,,,-1.0,0.0,0.0,,,-1.0,0.0,0.0,0.3781164062815592,,-1.22525000917611,-1.2234195444572022,-1.2234195444572022,-1.2234195444572022,-1.2234195444572022,-1.22525000917611,-1.2234195444572022,-1.4053469322555197,-1.4097593353646567,-1.4097593353646567,-1.4097593353646567,-1.4097593353646567,-1.4053469322555197,-1.4097593353646567,-1.7395394739756702,-1.710920151943691,-1.710920151943691,-1.710920151943691,-1.710920151943691,-1.7395394739756702,-1.710920151943691,,,,,,,0.26167474570218024,-1.4567121384691,-1.4480330105885166,-1.4480330105885166,-1.4480330105885166,-1.4480330105885166,-1.4567121384691,-1.0206060715158425
P24,417.0,-0.0037340529712115,0.2928847711459697,O6_phase_only,phase or closed-loop memory is high,,,,,,0.2161706159712744,0.2684217042791724,,,,,,,,,,,,,O7_suppress_event,0.0,,False,0.0,0.0,q4,high,missing,missing,missing,missing,low,high,missing,missing,phase=q4|str=high|ab=missing|ac=missing|bc=missing|tfc=missing|mem=low|dphi=high|side=missing|dist=missing,side=missing|tfc=missing,0.0,0.0,bad,,,,,,,,,,,,,,,,,,,,,,,,,,,,,,,,,,,,,,,,,,,,,,,,,,,,,,,,,,,,,,,,,,,,,,
P25,23.0,0.0407428936753755,0.0935207386745542,O6_phase_only,phase or closed-loop memory is high,0.3972000741478002,0.0035099985874753,0.1761565228400613,0.0035099985874753,0.1922888651917789,0.1443013259678619,0.2206469772797867,0.39720007414780023,0.27521999831909055,0.0212597555225321,0.2030515153586821,0.0212597555225321,0.0056256248177921,1.423615145155727,0.5559503959720347,-1.1717518149872612,0.49904170556369226,-0.9180278056404628,-1.010695391992764,O1_lag0_AB,1.423615145155727,-1.010695391992764,False,0.0,0.0,q1,low,high,low,mid,low,low,high,B_side,far,phase=q1|str=low|ab=high|ac=low|bc=mid|tfc=low|mem=low|dphi=high|side=B_side|dist=far,side=B_side|tfc=low,-0.08883825227557629,1.5124533974313032,bad,-1.0,0.0,0.9300850128267182,0.23252125320667955,,-1.0,0.0,0.5928656102206634,-0.19757622356649213,,-1.0,0.0,0.5928656102206634,2.063221097006193,,-1.0,0.0,0.5928656102206634,0.6383756451881945,,-1.0,0.0,0.5928656102206634,2.4898593533513558,,-1.0,0.0,0.9300850128267182,1.1539493880254739,,-1.0,0.0,0.5928656102206634,0.7845192901174071,,-1.22525000917611,-1.2234195444572022,-1.2234195444572022,-1.2234195444572022,-1.2234195444572022,-1.22525000917611,-1.2234195444572022,-1.4053469322555197,-1.4097593353646567,-1.4097593353646567,-1.4097593353646567,-1.4097593353646567,-1.4053469322555197,-1.4097593353646567,-0.4217273026844334,-0.8918303124810266,-0.8918303124810266,-0.8918303124810266,-0.8918303124810266,-0.4217273026844334,-0.8918303124810266,0.14705759134239765,-0.09946325306286938,1.3580641750700904,0.34415073939457025,1.5813863613482746,0.7195203204102617,0.5328814751315831,-0.7263166631934164,-0.9061181113414387,-0.5417362543081987,-0.7952146132270788,-0.4859057077386527,-0.5832009809264503,-0.7480319292928256
P25,27.0,-0.0014253510970029,0.1295971282035207,O4_B_C_boundary,B-side boundary projection dominates current C-state,0.314403157325374,0.0002556010241477,0.1830004516074941,0.0002556010241477,0.1658864033190052,0.0101919758385012,0.5445925446848576,0.314403157325374,0.2563060605610196,0.0043429203899721,0.2274190453984115,0.0043429203899721,0.0566037261042007,0.8139014637861384,0.4197885314971152,-1.3334648872308168,0.8033143815889247,-1.1204198748478014,-0.396404458077619,O1_lag0_AB,0.8139014637861384,0.8033143815889247,False,0.0,0.0,q4,low,high,low,mid,low,low,low,B_side,far,phase=q4|str=low|ab=high|ac=low|bc=mid|tfc=low|mem=low|dphi=low|side=B_side|dist=far,side=B_side|tfc=low,-0.11618354904057984,0.9300850128267182,bad,-1.0,0.0,0.5928656102206634,-1.5472273373216616,,-1.0,0.0,0.5928656102206634,-0.6711280404611615,,-1.0,0.0,0.5928656102206634,1.6152204878801588,,-1.0,0.0,0.5928656102206634,-0.27561071220662675,,-1.0,0.0,0.5928656102206634,2.0825377411891055,,-1.0,0.0,0.5928656102206634,0.9819380704147501,,-1.0,0.0,0.5928656102206634,0.17480560874781836,,-1.22525000917611,-1.2234195444572022,-1.2234195444572022,-1.2234195444572022,-1.2234195444572022,-1.22525000917611,-1.2234195444572022,-1.4053469322555197,-1.4097593353646567,-1.4097593353646567,-1.4097593353646567,-1.4097593353646567,-1.4053469322555197,-1.4097593353646567,-0.8995243072821328,-0.8918303124810266,-0.8918303124810266,-0.8918303124810266,-0.8918303124810266,-0.8995243072821328,-0.8918303124810266,-0.8912894923293451,-0.41649781763207994,1.063845147300187,-0.15758596837211677,1.3188377665965927,0.613897445954506,0.12599840419501485,-1.105352685260777,-0.9853767524837413,-0.6152910112506746,-0.9206487901687506,-0.5515428564265732,-0.7290559506898142,-0.8497526970269677
P25,40.0,0.2683278310024092,0.3536210173960611,O4_B_C_boundary,B-side boundary projection dominates current C-state,0.1052214952799833,0.0051394960803796,0.4113272138180333,0.0051394960803796,0.1738960683927987,0.0570665349944874,0.8209673194202541,0.10522149527998338,0.1506382952317262,0.1527873820753473,0.1856953381770518,0.1506382952317262,0.116768139394862,-0.7265051858266733,-0.3409160941694916,0.08555999352121917,0.28231844850758364,0.6298498060747887,0.32858240287145024,O5_full_TFC,0.6298498060747887,0.28231844850758364,False,0.0,0.0,q1,high,low,low,high,low,high,mid,B_side,far,phase=q1|str=high|ab=low|ac=low|bc=high|tfc=low|mem=high|dphi=mid|side=B_side|dist=far,side=B_side|tfc=low,0.03698419585412527,0.5928656102206634,bad,-1.0,0.0,1.949835857336855,-0.7753593897024077,,-1.0,0.0,1.949835857336855,1.458224864578494,,-1.0,0.0,1.949835857336855,-0.9209600621985076,,-1.0,0.0,1.949835857336855,-3.2969486450607324,,-1.0,0.0,1.949835857336855,-2.5993283457488423,,-1.0,0.0,1.949835857336855,-2.0617345276718653,,-1.0,0.0,1.949835857336855,-1.3026856240094806,,-1.22525000917611,-1.2234195444572022,-1.2234195444572022,-1.2234195444572022,-1.2234195444572022,-1.22525000917611,-1.2234195444572022,-1.4053469322555197,-1.4097593353646567,-1.4097593353646567,-1.4097593353646567,-1.4097593353646567,-1.4053469322555197,-1.4097593353646567,1.023129948047703,0.9829293677984933,0.9829293677984933,0.9829293677984933,0.9829293677984933,1.023129948047703,0.9829293677984933,-0.440963622341034,1.0090662853424979,-0.601761015934205,-1.8161623083972729,-1.6989676364014539,-1.2550577668627494,-0.8599827020772884,-0.5121076539312401,-0.16029580667021692,-0.5630026319893926,-0.8666029551051596,-0.8373042871062049,-0.715631190061669,-0.6275580535251635
P25,57.0,-0.0422764029316069,0.2371955741735586,O3_A_C_boundary,A-side boundary projection dominates current C-state,0.1822400507289467,0.1673238617883473,0.0127012828126897,0.0127012828126897,0.1207550651099946,0.0573555742918535,0.6634029715974148,0.18224005072894678,0.46691895599271543,0.1829431993355572,0.0534057995998579,0.0534057995998579,0.0609216389458873,-0.15934316121568023,1.9359955155347863,0.3738284442657536,-1.3695556580349348,-0.5334343325316587,-0.3443732006327475,O2_lag5_AB,1.9359955155347863,0.3738284442657536,False,0.0,0.0,q4,mid,mid,mid,low,low,mid,mid,A_side,mid,phase=q4|str=mid|ab=mid|ac=mid|bc=low|tfc=low|mem=mid|dphi=mid|side=A_side|dist=mid,side=A_side|tfc=low,-0.013840341802068732,1.949835857336855,bad,1.75,1.0,0.8196675391864557,0.7215237794042464,,1.75,1.0,0.8196675391864557,-1.0522963236376135,,1.75,1.0,0.8196675391864557,,,1.75,1.0,0.8196675391864557,,,1.75,1.0,0.8196675391864557,2.674346732863059,,1.75,1.0,0.8196675391864557,1.0954845200459447,,1.75,1.0,0.8196675391864557,1.243736351911317,,1.2517419012664042,1.2706760933847336,1.2706760933847336,1.2706760933847336,1.2706760933847336,1.2517419012664042,1.2706760933847336,0.7115680669648201,0.7093409314018366,0.7093409314018366,0.7093409314018366,0.7093409314018366,0.7115680669648201,0.7093409314018366,-0.5781748195024221,-0.5784858506268978,-0.5784858506268978,-0.5784858506268978,-0.5784858506268978,-0.5781748195024221,-0.5784858506268978,0.4323531379648704,-0.6716832405851058,,,1.700301981816073,0.6836201976947948,0.8393329359376804,0.45437207167341814,0.18246198339364164,0.4671770580532241,0.4671770580532241,0.7754582889939363,0.5171888366058992,0.5602160275243382
P25,87.0,0.0375912942788305,0.0466238642760654,O3_A_C_boundary,A-side boundary projection dominates current C-state,0.1298360302406035,0.1744832791291121,0.0530245962952826,0.0530245962952826,0.1191146352216661,0.0293290811070952,0.1452960447152546,0.12983603024060356,0.15798462117712736,,,0.1579846211771273,0.0567949637823941,-0.5452445869782006,-0.2880297280113152,,,0.7177408387360668,-0.39410002599849586,O5_full_TFC,0.7177408387360668,,False,0.0,0.0,q1,low,mid,high,low,mid,low,low,A_side,mid,phase=q1|str=low|ab=mid|ac=high|bc=low|tfc=mid|mem=low|dphi=low|side=A_side|dist=mid,side=A_side|tfc=mid,-0.10192670045038899,0.8196675391864557,neutral,1.75,1.0,0.6878184196296698,1.071929057994636,,1.5,1.0,0.6581677895674731,0.6112291021846494,,1.5,1.0,0.6581677895674731,,,1.5,1.0,0.6581677895674731,,,1.5,1.0,0.6581677895674731,0.16454194739186828,,1.75,1.0,0.6878184196296698,0.2124197324383587,,1.5,1.0,0.6581677895674731,-0.2955275001437256,,1.2517419012664042,1.043940126308194,1.043940126308194,1.043940126308194,1.043940126308194,1.2517419012664042,1.043940126308194,0.7115680669648201,0.7093409314018366,0.7093409314018366,0.7093409314018366,0.7093409314018366,0.7115680669648201,0.7093409314018366,-0.7649882528227774,-0.8016102850825202,-0.8016102850825202,-0.8016102850825202,-0.8016102850825202,-0.7649882528227774,-0.8016102850825202,0.6367877986039354,0.4420176052563929,,,0.08254908128000546,0.14137773078423466,-0.18787118009750503,0.4587773785030956,0.34842209447097583,0.3172235908758368,0.3172235908758368,0.25855496347687895,0.33492486154817036,0.19094989813250135
P25,89.0,-0.0230371678368652,0.0464462485308163,O5_full_TFC,full triadic projection is already active,0.1644418131115614,0.2299050202719329,0.1851968011460102,0.1644418131115614,0.1931812115098348,0.0675800215997554,0.2823086439311517,0.16444181311156142,0.015976658841494233,,,0.0159766588414942,0.0183719815566686,-0.2904087781016391,-1.310348251484984,,,-0.9812344787988287,-0.857100589762897,O7_suppress_event,0.0,-0.9812344787988287,False,0.0,0.0,q4,low,mid,high,mid,high,low,mid,A_side,near,phase=q4|str=low|ab=mid|ac=high|bc=mid|tfc=high|mem=low|dphi=mid|side=A_side|dist=near,side=A_side|tfc=high,-0.6878184196296698,0.6878184196296698,good,1.0,1.0,0.6581677895674731,0.12087696756403656,,1.0,1.0,0.6581677895674731,0.9158067869222515,,1.0,1.0,0.6581677895674731,,,1.0,1.0,0.6581677895674731,,,1.0,1.0,0.6581677895674731,1.145776426190697,,1.0,1.0,0.6581677895674731,-1.2651335647125397,,1.0,1.0,0.6581677895674731,-1.0132683388797923,,0.5761986529639004,0.5904681921551147,0.5904681921551147,0.5904681921551147,0.5904681921551147,0.5761986529639004,0.5904681921551147,0.7115680669648201,0.7093409314018366,0.7093409314018366,0.7093409314018366,0.7093409314018366,0.7115680669648201,0.7093409314018366,-0.806999424536708,-0.8016102850825202,-0.8016102850825202,-0.8016102850825202,-0.8016102850825202,-0.806999424536708,-0.8016102850825202,0.08192169573186123,0.6459269773954124,,,0.7150265286782835,-0.7659080721176549,-0.6668445171325582,0.14067224778096846,0.2860314539674609,0.16606627949147704,0.16606627949147704,0.30330634178817867,-0.07128519418141058,-0.04216141966453177
P25,165.0,0.0486915648118344,0.1560595971899274,O5_full_TFC,full triadic projection is already active,0.2955393764648831,0.1989694357832308,0.2203762643709526,0.1989694357832308,0.2382950255396888,0.0187120472862123,0.2416572449909268,0.2955393764648831,0.2667509462950604,0.20586006818272,0.1767499538421075,0.1767499538421075,0.0158763942473533,0.6749892226737518,0.4949814994536479,0.5928976282140229,0.1706191492667518,0.9422482290173285,-0.8871726524765156,O5_full_TFC,0.9422482290173285,0.9422482290173285,True,0.0,0.0,q1,low,high,high,mid,high,low,low,B_side,near,phase=q1|str=low|ab=high|ac=high|bc=mid|tfc=high|mem=low|dphi=low|side=B_side|dist=near,side=B_side|tfc=high,0.28408043944985534,0.6581677895674731,good,-1.0,0.0,0.5564194394026045,-0.04042091301780284,,-1.0,0.0,0.5564194394026045,0.2670570457825987,,-1.0,0.0,0.5564194394026045,-1.2781538153249594,,-1.0,0.0,0.5564194394026045,0.9107339396012278,,-1.0,0.0,0.5564194394026045,-1.2603425595348838,,-1.0,0.0,0.5564194394026045,1.532725663707628,,-1.0,0.0,0.5564194394026045,0.580639089940272,,-1.22525000917611,-1.2234195444572022,-1.2234195444572022,-1.2234195444572022,-1.2234195444572022,-1.22525000917611,-1.2234195444572022,-1.4053469322555197,-1.4097593353646567,-1.4097593353646567,-1.4097593353646567,-1.4097593353646567,-1.4053469322555197,-1.4097593353646567,-0.9511638959634158,-0.9421835252323644,-0.9421835252323644,-0.9421835252323644,-0.9421835252323644,-0.9511638959634158,-0.9421835252323644,-0.012183272124787798,0.21160050168822322,-0.8363437299518597,0.4936629863401938,-0.8358932841794643,0.9521064058429376,0.39682515150621556,-0.8984860273799583,-0.8409404758415,-1.1029265337515208,-0.7704248546785073,-1.102813922308422,-0.6574136078880269,-0.794634313387002
P25,190.0,-0.1826896410941044,0.1853726231473806,O6_phase_only,phase or closed-loop memory is high,0.2097369914618748,0.1297977011155889,0.0172156498474363,0.0172156498474363,0.1189167808083,0.1257367179790527,1.190191177865135,0.2097369914618748,0.21815241327608162,0.0378964990802585,0.1951655524960328,0.0378964990802585,0.0938097080192648,0.0431433757725416,0.14511956423677966,-1.0127162216409669,0.4005711991421661,-0.718986736366262,0.05193113703267252,O4_B_C_boundary,0.4005711991421661,0.05193113703267252,False,0.0,0.0,q4,mid,mid,mid,low,low,high,high,A_side,mid,phase=q4|str=mid|ab=mid|ac=mid|bc=low|tfc=low|mem=high|dphi=high|side=A_side|dist=mid,side=A_side|tfc=low,-0.15584824026043842,0.5564194394026045,bad,-1.0,0.0,1.7253379718396546,-3.65481261075187,,-1.0,0.0,1.7253379718396546,-0.723871333618789,,-1.0,0.0,1.7253379718396546,-0.5142963825011413,,-1.0,0.0,1.7253379718396546,-2.123772344664137,,-1.0,0.0,1.7253379718396546,-0.038452190071056755,,-1.0,0.0,1.7253379718396546,0.7799745550694073,,-1.0,0.0,1.7253379718396546,-1.907199420521764,,-1.22525000917611,-1.2234195444572022,-1.2234195444572022,-1.2234195444572022,-1.2234195444572022,-1.22525000917611,-1.2234195444572022,-1.4053469322555197,-1.4097593353646567,-1.4097593353646567,-1.4097593353646567,-1.4097593353646567,-1.4053469322555197,-1.4097593353646567,0.7050449968256415,0.672768120761128,0.672768120761128,0.672768120761128,0.672768120761128,0.7050449968256415,0.672768120761128,-2.1209041884174673,-0.4518085194045408,-0.3346895208679328,-1.172142176336793,-0.048295499371637296,0.4898825420384723,-1.2633957096318043,-1.0116140332558639,-0.6030548196163179,-0.573775069982166,-0.783138233849381,-0.502176564608092,-0.35891735064187896,-0.8059516171731338
P25,208.0,0.1170562782436588,0.5298973884210623,O6_phase_only,phase or closed-loop memory is high,0.0187095987407007,0.1200869367638528,0.0973456528094134,0.0187095987407007,0.0787140627713223,0.1681790768930955,1.0599290275753857,0.0187095987407007,0.34561951731646723,0.1756540668656982,0.1748743320875907,0.1748743320875907,0.2713479810224302,-1.3635758515660517,1.0627581209118035,0.30414945310372443,0.1471986199998345,0.9198083952675561,2.191284090099075,O6_phase_only,2.191284090099075,2.191284090099075,True,0.0,0.0,q1,high,low,mid,low,low,high,high,A_side,near,phase=q1|str=high|ab=low|ac=mid|bc=low|tfc=low|mem=high|dphi=high|side=A_side|dist=near,side=A_side|tfc=low,0.4659461182594203,1.7253379718396546,bad,1.75,1.0,0.41314970328002243,3.6581473674851326,,1.75,1.0,0.41314970328002243,0.4075541955031965,,1.75,1.0,0.41314970328002243,1.5536621914879845,,1.75,1.0,0.41314970328002243,1.029691545216781,,1.75,1.0,0.41314970328002243,1.2431385847571874,,1.75,1.0,0.41314970328002243,-0.1844343022047474,,1.75,1.0,0.41314970328002243,1.4775582976718915,,1.2517419012664042,1.2706760933847336,1.2706760933847336,1.2706760933847336,1.2706760933847336,1.2517419012664042,1.2706760933847336,0.7115680669648201,0.7093409314018366,0.7093409314018366,0.7093409314018366,0.7093409314018366,0.7115680669648201,0.7093409314018366,-1.154158890438397,-1.1401217816220819,-1.1401217816220819,-1.1401217816220819,-1.1401217816220819,-1.154158890438397,-1.1401217816220819,2.1456482374824,0.3056608581175859,1.023417474331149,0.558965271130833,0.7777835667296799,-0.10230893158544964,0.9953704241070768,0.7386998288188068,0.2863890253205186,0.46582817937390936,0.34971512857383036,0.4044197024735421,0.1767105365518444,0.4588164168178913
P25,219.0,-0.0132517209878078,0.254673514837464,O5_full_TFC,full triadic projection is already active,0.2926362332345255,0.1859528444204591,0.1659050952191048,0.1659050952191048,0.2148313909580298,0.0409404039570039,0.4033424185134741,0.2926362332345255,0.19718896328770552,0.1756596346836295,0.1438229122961409,0.1438229122961409,0.124639512513695,0.6536105745977513,-0.005796785005513021,0.30420267753585406,-0.2405345059642206,0.5483109458822818,0.4234331921779489,O1_lag0_AB,0.6536105745977513,0.5483109458822818,False,0.0,0.0,q4,mid,high,high,mid,high,low,mid,A_side,near,phase=q4|str=mid|ab=high|ac=high|bc=mid|tfc=high|mem=low|dphi=mid|side=A_side|dist=near,side=A_side|tfc=high,0.2404608713177289,0.41314970328002243,good,1.0,1.0,1.765595366522112,-2.074764571990839,,1.0,1.0,1.765595366522112,-2.254483707696492,,1.0,1.0,1.765595366522112,0.7908067386924252,,1.0,1.0,1.765595366522112,-2.927943289839303,,1.0,1.0,1.765595366522112,-2.6437307819844986,,1.0,1.0,1.765595366522112,0.433083420406602,,1.0,1.0,1.765595366522112,-0.7900874502825221,,0.5761986529639004,0.5904681921551147,0.5904681921551147,0.5904681921551147,0.5904681921551147,0.5761986529639004,0.5904681921551147,0.7115680669648201,0.7093409314018366,0.7093409314018366,0.7093409314018366,0.7093409314018366,0.7115680669648201,0.7093409314018366,0.762084604996278,0.7283868349843499,0.7283868349843499,0.7283868349843499,0.7283868349843499,0.762084604996278,0.7283868349843499,-1.199067091964575,-1.4765264282535835,0.5224213036153715,-1.6135952453562006,-1.7275882567887144,0.27687540230349983,-0.5179081752042815,0.21269605824010585,0.13791738257192943,0.6376543155391682,0.10365017829627515,0.0751519254381467,0.5816816818071245,0.3775719458342549
P25,227.0,0.1127309462128091,0.2580622945928129,O5_full_TFC,full triadic projection is already active,0.1353210296586527,0.1672828519880242,0.2093185045951256,0.1353210296586527,0.1706407954139341,0.0843750593173526,0.7401505541285323,0.13532102965865273,0.034617219636067904,0.3015972072894161,0.01070820978005,0.01070820978005,0.1988173593314363,-0.5048532376884528,-1.1761544339355863,1.5080774932086412,-1.9027122764168012,-1.0442659086557557,1.3172832502936584,O3_A_C_boundary,1.5080774932086412,-1.0442659086557557,False,0.0,0.0,q1,mid,mid,mid,mid,high,mid,high,B_side,near,phase=q1|str=mid|ab=mid|ac=mid|bc=mid|tfc=high|mem=mid|dphi=high|side=B_side|dist=near,side=B_side|tfc=high,-0.2575178733134709,1.765595366522112,good,1.0,1.0,2.503224694243964,-1.16625496631808,,1.0,1.0,2.503224694243964,0.02459295959069794,,1.0,1.0,2.503224694243964,-3.4821073950425845,,1.0,1.0,2.503224694243964,4.036595943186433,,1.0,1.0,2.503224694243964,-0.47203238600653846,,1.0,1.0,2.503224694243964,-3.0360187637759513,,1.0,1.0,2.503224694243964,-1.0681806856869422,,0.5761986529639004,0.5904681921551147,0.5904681921551147,0.5904681921551147,0.5904681921551147,0.5761986529639004,0.5904681921551147,0.7115680669648201,0.7093409314018366,0.7093409314018366,0.7093409314018366,0.7093409314018366,0.7115680669648201,0.7093409314018366,1.8072115477678314,1.7474789820255123,1.7474789820255123,1.7474789820255123,1.7474789820255123,1.8072115477678314,1.7474789820255123,-0.6690212728199565,0.049275085024013406,-2.283763814356463,2.209618260642309,-0.3277696734787427,-1.8533131780975522,-0.7034894293002474,0.6064892487191489,0.7741407976516193,0.19088107280650013,1.314226591556193,0.6798796080259303,0.31041627239975,0.5859496690705541
P25,240.0,-0.0424858000255644,0.1051426174137395,O5_full_TFC,full triadic projection is already active,0.138377972479469,0.3510670605545259,0.1856953381770518,0.138377972479469,0.2250467904036822,0.0848393508047961,0.5859807839439432,0.138377972479469,0.18872839166460462,0.0680280884091446,0.3682346213255708,0.0680280884091446,0.0463100802767995,-0.4823420146556721,-0.06670463092635687,-0.7246793729176009,2.5616514819652596,-0.3584940871802815,-0.5204438622362804,O4_B_C_boundary,2.5616514819652596,-0.3584940871802815,False,0.0,0.0,q4,low,mid,high,mid,high,mid,high,A_side,far,phase=q4|str=low|ab=mid|ac=high|bc=mid|tfc=high|mem=mid|dphi=high|side=A_side|dist=far,side=A_side|tfc=high,0.05842678772129543,2.503224694243964,good,0.0,1.0,0.787876468159154,1.785235662669182,,0.0,1.0,0.787876468159154,1.074604481478038,,0.0,1.0,0.787876468159154,2.679080369838208,,0.0,1.0,0.787876468159154,0.1969691170397885,,0.0,1.0,0.787876468159154,1.8982593474688316,,0.0,1.0,0.787876468159154,1.9094688697107927,,0.0,1.0,0.787876468159154,2.46381973438883,,-0.32452567810610483,-0.3164756761510437,-0.3164756761510437,-0.3164756761510437,-0.3164756761510437,-0.32452567810610483,-0.3164756761510437,0.7115680669648201,0.7093409314018366,0.7093409314018366,0.7093409314018366,0.7093409314018366,0.7115680669648201,0.7093409314018366,-0.6232187238341734,-0.6224076818398886,-0.6224076818398886,-0.6224076818398886,-0.6224076818398886,-0.6232187238341734,-0.6224076818398886,1.052947607168657,0.752239224866498,1.7625223673238863,0.1018387437853899,1.200056852769013,1.1834440928187764,1.653536862518435,0.2041928180482997,0.13067419956935056,0.38324498518369765,-0.031925920700926445,0.2426286065449793,0.23681693946082955,0.3559986089823348
P25,274.0,0.0623769279475461,0.2206291144021611,O4_B_C_boundary,B-side boundary projection dominates current C-state,0.0777586195759044,0.1308055531288332,0.2498724520721062,0.0777586195759044,0.152812208258948,0.0305239381740529,0.7176039570978572,0.07775861957590449,0.03620334147174273,0.1012046224087229,0.1819731895104219,0.0362033414717427,0.018144996466515,-0.9287408691002561,-1.1647359070697194,-0.4075349899745784,0.2358406916929744,-0.739243579280224,-0.8598357815314543,O4_B_C_boundary,0.2358406916929744,0.2358406916929744,True,0.0,0.0,q1,mid,low,mid,high,mid,mid,low,B_side,mid,phase=q1|str=mid|ab=low|ac=mid|bc=high|tfc=mid|mem=mid|dphi=low|side=B_side|dist=mid,side=B_side|tfc=mid,-0.5520357764661796,0.787876468159154,neutral,0.25,1.0,0.8083140974456792,1.3666600851546504,,0.25,1.0,0.8083140974456792,0.10887082439107634,,0.25,1.0,0.8083140974456792,,,0.25,1.0,0.8083140974456792,,,0.25,1.0,0.8083140974456792,1.1601984618941237,,0.25,1.0,0.8083140974456792,-0.7779221961492144,,0.25,1.0,0.8083140974456792,-1.0276180670725061,,-0.09934459533860351,-0.0897397090745041,-0.0897397090745041,-0.0897397090745041,-0.0897397090745041,-0.09934459533860351,-0.0897397090745041,0.7115680669648201,0.7093409314018366,0.7093409314018366,0.7093409314018366,0.7093409314018366,0.7115680669648201,0.7093409314018366,-0.5942612024735546,-0.5941715112766025,-0.5941715112766025,-0.5941715112766025,-0.5941715112766025,-0.5942612024735546,-0.5941715112766025,0.8087407947449962,0.10569762468402656,,,0.7243225863740509,-0.46673784349560016,-0.6764205880861264,0.20667576597441453,0.032781833933689136,0.008476570350243332,0.008476570350243332,0.18743807435619522,-0.11219389358573455,-0.1627477192588491
P25,289.0,-0.0206152739384687,0.1946106180024049,O6_phase_only,phase or closed-loop memory is high,0.3630900146705219,0.08580918847739,0.0993471307052197,0.08580918847739,0.1827487779510439,0.166452928288098,0.4583734834378858,0.36309001467052193,0.19485519820263705,,,0.194855198202637,0.0489932072814183,1.1724298265015203,-0.022597612484909442,,,1.1588583597491247,-0.48811192848653,O1_lag0_AB,1.1724298265015203,-0.48811192848653,False,0.0,0.0,q4,mid,high,low,low,mid,low,high,B_side,near,phase=q4|str=mid|ab=high|ac=low|bc=low|tfc=mid|mem=low|dphi=high|side=B_side|dist=near,side=B_side|tfc=mid,0.3641157290558411,0.8083140974456792,neutral,0.25,1.0,1.0932509101793073,-1.189967260426256,,0.25,1.0,1.0932509101793073,-1.3386116876082297,,0.25,1.0,1.0932509101793073,,,0.25,1.0,1.0932509101793073,,,0.25,1.0,1.0932509101793073,-1.613530874484548,,0.25,1.0,1.0932509101793073,1.0201862412746445,,0.25,1.0,1.0932509101793073,-0.4713570163662663,,-0.09934459533860351,-0.0897397090745041,-0.0897397090745041,-0.0897397090745041,-0.0897397090745041,-0.09934459533860351,-0.0897397090745041,0.7115680669648201,0.7093409314018366,0.7093409314018366,0.7093409314018366,0.7093409314018366,0.7115680669648201,0.7093409314018366,-0.19054197821887434,-0.20050919695865133,-0.20050919695865133,-0.20050919695865133,-0.20050919695865133,-0.19054197821887434,-0.20050919695865133,-0.6828555815337968,-0.8633663120199039,,,-1.0635490063506994,0.6373835851516925,-0.3052083101438817,-0.06529352203161362,-0.11106857166280568,0.1396973417895604,0.1396973417895604,-0.16111424524550455,0.2647662696397587,0.028470928806199863
P25,332.0,0.2403968423383006,0.2794959524590058,O4_B_C_boundary,B-side boundary projection dominates current C-state,0.2531799255634402,0.0895946400767999,0.3645505477104201,0.0895946400767999,0.2357750377835534,0.0433956338680275,0.6730999919619007,0.2531799255634402,0.09910828124549832,0.2570309201457589,0.2859099950450197,0.0991082812454983,0.1561174294400522,0.36305566595322447,-0.7118818269814983,1.0820550631254877,1.5336796563300907,0.013347601304674312,0.8027450633235046,O4_B_C_boundary,1.5336796563300907,1.5336796563300907,True,0.0,0.0,q1,high,mid,mid,high,mid,mid,mid,B_side,far,phase=q1|str=high|ab=mid|ac=mid|bc=high|tfc=mid|mem=mid|dphi=mid|side=B_side|dist=far,side=B_side|tfc=mid,0.44042874615078337,1.0932509101793073,neutral,1.5,1.0,2.2492805545792,-2.1174283797866296,,1.5,1.0,2.2492805545792,-0.5318079999757193,,1.5,1.0,2.2492805545792,1.013944731849403,,1.5,1.0,2.2492805545792,-2.6702290885701117,,1.5,1.0,2.2492805545792,-0.18658852848591195,,1.5,1.0,2.2492805545792,-2.220952043796881,,1.5,1.0,2.2492805545792,-1.3791462020333976,,1.026560818498903,1.043940126308194,1.043940126308194,1.043940126308194,1.043940126308194,1.026560818498903,1.043940126308194,0.7115680669648201,0.7093409314018366,0.7093409314018366,0.7093409314018366,0.7093409314018366,0.7115680669648201,0.7093409314018366,1.4474049994812013,1.3966354501952927,1.3966354501952927,1.3966354501952927,1.3966354501952927,1.4474049994812013,1.3966354501952927,-1.2239581583988177,-0.3232255150133121,0.6689645048249573,-1.4721219357784856,-0.14378021297673665,-1.3528246577302918,-0.9110074957510558,0.49039393163652667,0.7066727482230029,0.9547202531825701,0.4194486430317094,0.7515340737321466,0.45817730680365815,0.5597272530385669
P25,346.0,-0.0808531980123369,0.1562078131264879,O5_full_TFC,full triadic projection is already active,0.1631147522149482,0.339610972528118,0.213024807977979,0.1631147522149482,0.2385835109070151,0.0220904769424856,0.5780848243235486,0.16311475221494828,0.21304693348235385,0.434665479978142,0.1786285977701186,0.1786285977701186,0.0869068774789283,-0.30018120944000587,0.10836510006094413,2.7801167976066306,0.19407741583470137,0.9647242198817279,-0.031248622751982855,O3_A_C_boundary,2.7801167976066306,0.9647242198817279,False,0.0,0.0,q4,low,mid,high,mid,high,mid,low,A_side,mid,phase=q4|str=low|ab=mid|ac=high|bc=mid|tfc=high|mem=mid|dphi=low|side=A_side|dist=mid,side=A_side|tfc=high,0.5308362430274307,2.2492805545792,good,-1.0,0.0,2.363837986193135,-1.472858236433745,,-1.0,0.0,2.363837986193135,0.9536827537166704,,-1.0,0.0,2.363837986193135,,,-1.0,0.0,2.363837986193135,,,-1.0,0.0,2.363837986193135,2.4063520742731863,,-1.0,0.0,2.363837986193135,-0.3804050404720396,,-1.0,0.0,2.363837986193135,-0.16703698176727527,,-1.22525000917611,-1.2234195444572022,-1.2234195444572022,-1.2234195444572022,-1.2234195444572022,-1.22525000917611,-1.2234195444572022,-1.4053469322555197,-1.4097593353646567,-1.4097593353646567,-1.4097593353646567,-1.4097593353646567,-1.4053469322555197,-1.4097593353646567,1.6097183102116825,1.554905430191246,1.554905430191246,1.554905430191246,1.554905430191246,1.6097183102116825,1.554905430191246,-0.8479008140445465,0.6712842671616078,,,1.5275598072964938,-0.22264399425761386,-0.1021250039811931,-0.4671948613161234,-0.1017472956172513,-0.3594244832102043,-0.3594244832102043,0.11232158941647019,-0.3108806563693903,-0.29509961340295154
P25,360.0,0.2201611355855036,0.2750074600490915,O3_A_C_boundary,A-side boundary projection dominates current C-state,0.0294068073038154,0.4573362896234548,0.1856953381770518,0.0294068073038154,0.224146145034774,0.0185653942086372,0.8892917143022114,0.02940680730381547,0.3345777054736271,,,0.3345777054736271,0.073260119481415,-1.284801971285181,0.9832678684359119,,,2.8304906207377516,-0.19569334516539774,O5_full_TFC,2.8304906207377516,,False,0.0,0.0,q1,high,low,high,mid,low,high,low,A_side,far,phase=q1|str=high|ab=low|ac=high|bc=mid|tfc=low|mem=high|dphi=low|side=A_side|dist=far,side=A_side|tfc=low,0.46665263454461686,2.363837986193135,bad,1.5,1.0,0.27125029403462747,3.735396834911739,,1.5,1.0,0.27125029403462747,,,1.5,1.0,0.27125029403462747,,,1.5,1.0,0.27125029403462747,,,1.5,1.0,0.27125029403462747,,,1.5,1.0,0.27125029403462747,2.5245162674018036,,1.5,1.0,0.27125029403462747,2.8983031942464086,,1.026560818498903,1.043940126308194,1.043940126308194,1.043940126308194,1.043940126308194,1.026560818498903,1.043940126308194,0.7115680669648201,0.7093409314018366,0.7093409314018366,0.7093409314018366,0.7093409314018366,0.7115680669648201,0.7093409314018366,-1.3552123060119867,-1.33616682511077,-1.33616682511077,-1.33616682511077,-1.33616682511077,-1.3552123060119867,-1.33616682511077,2.1907173891842144,,,,,1.5611115333861114,1.943482733539223,0.6434084921589878,0.13903807753308692,0.13903807753308692,0.13903807753308692,0.13903807753308692,0.48600702820946196,0.590149241534621
P25,404.0,-0.1847876042638157,0.4865477984449811,O5_full_TFC,full triadic projection is already active,0.1552405367497691,0.1552405367497691,1.0,0.1552405367497691,0.436827024499846,0.1003891297962216,1.1500781653699743,0.15524053674976912,,,,,0.0516925812233584,-0.35816666449587986,,,,,-0.4555842176080025,O7_suppress_event,0.0,,False,0.0,0.0,q4,high,mid,mid,high,high,high,high,B_side,far,phase=q4|str=high|ab=mid|ac=mid|bc=high|tfc=high|mem=high|dphi=high|side=B_side|dist=far,side=B_side|tfc=high,-0.27125029403462747,0.27125029403462747,good,,,,,,,,,,,,,,,,,,,,,,,,,,,,,,,,,,,,,,,,,,,,,,,,,,,,,,,,,,,,,,,,,,,,,,
P26,6.0,-0.162807699024485,0.1659098364002603,O5_full_TFC,full triadic projection is already active,0.1494325246099598,0.2130141689865804,0.2792462810740431,0.1494325246099598,0.2138976582235278,0.0384889376143123,0.7269630002407085,0.14943252460995987,0.044038120855434536,,,0.0440381208554345,0.1613033168725075,-0.40093666849007675,-1.1083331535934944,,,-0.6455087170070571,0.8652354965423488,O6_phase_only,0.8652354965423488,-0.6455087170070571,False,0.0,0.0,q4,mid,mid,high,high,high,mid,low,B_side,near,phase=q4|str=mid|ab=mid|ac=high|bc=high|tfc=high|mem=mid|dphi=low|side=B_side|dist=near,side=B_side|tfc=high,-0.2579086085096559,1.1231441050520048,good,1.25,1.0,1.1718588599977813,0.9104619733338245,,1.25,1.0,1.1718588599977813,1.3843912746281977,,1.25,1.0,1.1718588599977813,,,1.25,1.0,1.1718588599977813,,,1.25,1.0,1.1718588599977813,0.0668609734168165,,1.25,1.0,1.1718588599977813,-2.08124091407433,,1.25,1.0,1.1718588599977813,-0.7064197552842177,,0.8013797357314016,0.8172041592316543,0.8172041592316543,0.8172041592316543,0.8172041592316543,0.8013797357314016,0.8172041592316543,0.7115680669648201,0.7093409314018366,0.7093409314018366,0.7093409314018366,0.7093409314018366,0.7115680669648201,0.7093409314018366,-0.07916451099552552,-0.09190621529247184,-0.09190621529247184,-0.09190621529247184,-0.09190621529247184,-0.07916451099552552,-0.09190621529247184,0.5425841131177959,0.9596360029417855,,,0.01958654336068248,-1.2670355868730332,-0.4620738225904052,0.49409185120462307,0.5985687195707011,0.47821295844700634,0.47821295844700634,0.3635563546754254,0.041686926206915775,0.24314126318765347
P26,66.0,0.0880829621827584,0.1280673537273216,O5_full_TFC,full triadic projection is already active,0.3359750363997417,0.2102631299036717,0.2824428862654683,0.2102631299036717,0.2762270175229606,0.1298320802847424,0.8615751562392755,0.3359750363997417,0.30717321188509367,0.2998835334042433,0.1065364343362183,0.1065364343362183,0.0556689556927119,0.9727560481023724,0.7859823010551369,1.4916959734608095,-0.7061236079340925,0.10221760935518154,-0.4076685297982108,O3_A_C_boundary,1.4916959734608095,0.10221760935518154,False,0.0,0.0,q1,low,high,high,high,high,high,high,B_side,mid,phase=q1|str=low|ab=high|ac=high|bc=high|tfc=high|mem=high|dphi=high|side=B_side|dist=mid,side=B_side|tfc=high,0.3198371134630282,1.1718588599977813,good,-1.0,0.0,1.3673567641471913,-2.253659016718328,,-1.0,0.0,1.3673567641471913,-1.8757235402887975,,-1.0,0.0,1.3673567641471913,0.34183919103679783,,-1.0,0.0,1.3673567641471913,2.270163244376849,,-1.0,0.0,1.3673567641471913,-0.7181555576416365,,-1.0,0.0,1.3673567641471913,0.41314927366492954,,-1.0,0.0,1.3673567641471913,0.45390107652431655,,-1.22525000917611,-1.2234195444572022,-1.2234195444572022,-1.2234195444572022,-1.2234195444572022,-1.22525000917611,-1.2234195444572022,-1.4053469322555197,-1.4097593353646567,-1.4097593353646567,-1.4097593353646567,-1.4097593353646567,-1.4053469322555197,-1.4097593353646567,0.19783115498884665,0.17818930747773476,0.17818930747773476,0.17818930747773476,0.17818930747773476,0.19783115498884665,0.17818930747773476,-1.3034383081894014,-1.2229531962096467,0.2275672505613614,1.2399274992633724,-0.4864140736754156,0.2646349177358319,0.3122484826880767,-0.9340510236580462,-0.9194856921384428,-0.5568555804456907,-0.303765518270188,-0.735350911504885,-0.5420327171767378,-0.535685272414012
P26,96.0,-0.1947432835607176,0.3149939884515466,O3_A_C_boundary,A-side boundary projection dominates current C-state,0.0154141755262283,0.3872902489867321,0.0591121306422766,0.0154141755262283,0.1539388517184123,0.0689993883883867,0.6155486489787082,0.015414175526228374,0.026455081200863328,0.2592959616496752,0.2342099293776667,0.0264550812008633,0.0597296926431221,-1.3878432361122175,-1.2349138526063819,1.1037072703786326,0.888110847934752,-0.8558712198486171,-0.35873626612607834,O3_A_C_boundary,1.1037072703786326,1.1037072703786326,True,0.0,0.0,q4,high,low,high,low,low,mid,mid,A_side,far,phase=q4|str=high|ab=low|ac=high|bc=low|tfc=low|mem=mid|dphi=mid|side=A_side|dist=far,side=A_side|tfc=low,-0.2636494937685586,1.3673567641471913,bad,-1.0,0.0,3.1772008001194827,-2.738586382230933,,-1.0,0.0,3.1772008001194827,-2.5862640773867387,,-1.0,0.0,3.1772008001194827,-1.452648925251649,,-1.0,0.0,3.1772008001194827,1.0098966224737511,,-1.0,0.0,3.1772008001194827,-2.457344729257276,,-1.0,0.0,3.1772008001194827,-2.114816912955985,,-1.0,0.0,3.1772008001194827,-2.329143847197212,,-1.22525000917611,-1.2234195444572022,-1.2234195444572022,-1.2234195444572022,-1.2234195444572022,-1.22525000917611,-1.2234195444572022,-1.4053469322555197,-1.4097593353646567,-1.4097593353646567,-1.4097593353646567,-1.4097593353646567,-1.4053469322555197,-1.4097593353646567,2.7621499708512096,2.6786292643935172,2.6786292643935172,2.6786292643935172,2.6786292643935172,2.7621499708512096,2.6786292643935172,-1.5863563104580014,-1.698647516769553,-0.9509413009091567,0.5480987638933587,-1.6074488024517015,-1.2876527972046778,-1.5449738492343628,-0.3637008202596054,-0.41329928304947366,-0.2263727290843746,0.14838728711625424,-0.3904996044700108,-0.2890249419462745,-0.3748808661656761
P26,104.0,0.2387073865091336,0.3110100484494711,O4_B_C_boundary,B-side boundary projection dominates current C-state,0.008626341263573,0.2333849588317927,0.3817635693641487,0.008626341263573,0.2079249564865048,0.2459443645903883,0.035239701068697,0.008626341263573045,0.032190107875551065,0.3095563962143063,0.4339094962250451,0.032190107875551,0.0799128374482074,-1.4378286169167505,-1.1936272662367264,1.5841617538593569,3.3817210540845726,-0.7872576815269443,-0.11552746550788032,O4_B_C_boundary,3.3817210540845726,3.3817210540845726,True,0.0,0.0,q1,high,low,high,high,low,low,high,B_side,mid,phase=q1|str=high|ab=low|ac=high|bc=high|tfc=low|mem=low|dphi=high|side=B_side|dist=mid,side=B_side|tfc=low,0.20452025396508972,3.1772008001194827,bad,1.75,1.0,1.7208777972562277,2.402880746721701,,1.75,1.0,1.7208777972562277,1.3578311975097201,,1.75,1.0,1.7208777972562277,1.3247458053448802,,1.75,1.0,1.7208777972562277,0.4302194493140569,,1.75,1.0,1.7208777972562277,1.2788236376975797,,1.75,1.0,1.7208777972562277,1.470664966196503,,1.75,1.0,1.7208777972562277,1.9290952172583458,,1.2517419012664042,1.2706760933847336,1.2706760933847336,1.2706760933847336,1.2706760933847336,1.2517419012664042,1.2706760933847336,0.7115680669648201,0.7093409314018366,0.7093409314018366,0.7093409314018366,0.7093409314018366,0.7115680669648201,0.7093409314018366,0.6987254967035393,0.6666060435204615,0.6666060435204615,0.6666060435204615,0.6666060435204615,0.6987254967035393,0.6666060435204615,1.413296240218977,0.9418545011424712,0.8730793828204829,0.22988250817412123,0.8007851954755844,0.9139982781167795,1.2966966598410063,1.018832926288435,0.8971193923623758,0.8799256127818788,0.7191263941202883,0.8618520659456541,0.8940084357628857,0.9858299320370096
P26,110.0,-0.2068972749510378,0.2333621672510974,O4_B_C_boundary,B-side boundary projection dominates current C-state,0.099147419970045,0.2984930715089439,0.3902625650469257,0.099147419970045,0.2626343521753049,0.0818619590829294,0.8334059345167315,0.09914741997004504,0.001868524499071577,0.2258356187541004,0.2837154048191758,0.0018685244990715,0.0513953258224819,-0.7712344699627164,-1.411913028788282,0.783849873556713,1.506276228912227,-1.1500234088701682,-0.4591661732557785,O4_B_C_boundary,1.506276228912227,1.506276228912227,True,0.0,0.0,q4,mid,low,high,high,mid,high,high,B_side,mid,phase=q4|str=mid|ab=low|ac=high|bc=high|tfc=mid|mem=high|dphi=high|side=B_side|dist=mid,side=B_side|tfc=mid,-0.21460156834400074,1.7208777972562277,neutral,1.5,1.0,1.4437355503496643,-0.17897084076376393,,1.5,1.0,1.4437355503496643,1.3575401597048822,,1.5,1.0,1.4437355503496643,0.35893913938548816,,1.5,1.0,1.4437355503496643,-2.7202996439925475,,1.5,1.0,1.4437355503496643,0.9537151695342468,,1.5,1.0,1.4437355503496643,2.3263762897554217,,1.5,1.0,1.4437355503496643,-0.15730454527778406,,1.026560818498903,1.043940126308194,1.043940126308194,1.043940126308194,1.043940126308194,1.026560818498903,1.043940126308194,0.7115680669648201,0.7093409314018366,0.7093409314018366,0.7093409314018366,0.7093409314018366,0.7115680669648201,0.7093409314018366,0.30605018088215225,0.28371252665324337,0.28371252665324337,0.28371252665324337,0.28371252665324337,0.30605018088215225,0.28371252665324337,-0.0930165505909569,0.9416596564804127,0.23879743658249658,-1.4996083806585925,0.5912289899871449,1.439444457787213,-0.0956302118065381,0.4877906289387296,0.7446633102109217,0.5689477552364427,0.1343463009261704,0.6570556435876047,0.870905881033272,0.48534084313918396
P26,127.0,0.1211489244039988,0.2992655354829742,O3_A_C_boundary,A-side boundary projection dominates current C-state,0.1177398275643637,0.2374463201200216,0.2105394373007591,0.1177398275643637,0.1885751949950481,0.0029411308116665,0.5807722369221889,0.11773982756436378,0.20943258737966164,0.252639361737126,0.0953845463027615,0.0953845463027615,0.2239066630796444,-0.6343206123589571,0.0823453409555074,1.0400748465759881,-0.8453750958420293,-0.031202955246509737,1.6196117294219416,O6_phase_only,1.6196117294219416,1.0400748465759881,False,0.0,0.0,q1,high,mid,high,mid,high,mid,low,A_side,near,phase=q1|str=high|ab=mid|ac=high|bc=mid|tfc=high|mem=mid|dphi=low|side=A_side|dist=near,side=A_side|tfc=high,0.1758761790722773,1.4437355503496643,good,0.0,1.0,0.5858640283469129,0.7590158792057561,,0.0,1.0,0.5858640283469129,1.5206716873838535,,0.0,1.0,0.5858640283469129,0.2586283185091306,,0.0,1.0,0.5858640283469129,1.6215853232126596,,0.0,1.0,0.5858640283469129,1.7972806917551798,,0.0,1.0,0.5858640283469129,-1.119964893978135,,0.0,1.0,0.5858640283469129,1.167883647930816,,-0.32452567810610483,-0.3164756761510437,-0.3164756761510437,-0.3164756761510437,-0.3164756761510437,-0.32452567810610483,-0.3164756761510437,0.7115680669648201,0.7093409314018366,0.7093409314018366,0.7093409314018366,0.7093409314018366,0.7115680669648201,0.7093409314018366,-0.90944465830841,-0.9015035410746375,-0.9015035410746375,-0.9015035410746375,-0.9015035410746375,-0.90944465830841,-0.9015035410746375,0.4542269086181011,1.0508733285646155,0.17291950786579702,0.8838878841616445,1.1349687175807122,-0.6767678196222396,0.7887137976806853,-0.017043840207898425,0.13555876068519274,-0.08392969448951187,0.09381239958445,0.1565826079392169,-0.2997925222679836,0.07001887796421019
P26,136.0,-0.2818780595744802,0.49872193224295,O4_B_C_boundary,B-side boundary projection dominates current C-state,0.0905493038458981,0.25076757611014,0.2600499463642843,0.0905493038458981,0.2004556087734408,0.0769102404228192,1.000258099419868,0.09054930384589811,0.2463488994813607,0.154784978523385,0.1379924207235444,0.1379924207235444,0.0451361817778441,-0.8345507048672135,0.34810670432683594,0.1046556137234421,-0.31333873644814864,0.478555270862283,-0.5345894499896078,O5_full_TFC,0.478555270862283,-0.31333873644814864,False,0.0,0.0,q4,high,low,high,high,mid,high,mid,B_side,near,phase=q4|str=high|ab=low|ac=high|bc=high|tfc=mid|mem=high|dphi=mid|side=B_side|dist=near,side=B_side|tfc=mid,-0.10730875748462984,0.5858640283469129,neutral,-1.0,0.0,0.9505784871019765,0.3120146646553911,,-1.0,0.0,0.9505784871019765,-0.7642769552421995,,-1.0,0.0,0.9505784871019765,-1.523751037450694,,-1.0,0.0,0.9505784871019765,0.5836878614365986,,-1.0,0.0,0.9505784871019765,-1.2858866315417947,,-1.0,0.0,0.9505784871019765,1.2507893426273848,,-1.0,0.0,0.9505784871019765,-1.125578455770131,,-1.22525000917611,-1.2234195444572022,-1.2234195444572022,-1.2234195444572022,-1.2234195444572022,-1.22525000917611,-1.2234195444572022,-1.4053469322555197,-1.4097593353646567,-1.4097593353646567,-1.4097593353646567,-1.4097593353646567,-1.4053469322555197,-1.4097593353646567,-0.392690656077366,-0.3976222190323463,-0.3976222190323463,-0.3976222190323463,-0.3976222190323463,-0.392690656077366,-0.3976222190323463,0.19343591263348744,-0.4788593683307007,-0.9976367604631066,0.3141296473371433,-0.8523583083996346,0.7789845144487421,-0.7417929505594372,-0.7074629212188771,-0.8774151167962264,-1.007109464829328,-0.6791678628792654,-0.9707898518134599,-0.5610757707650634,-0.9431485123534106
P26,159.0,0.3638139891886325,0.441978640428902,O3_A_C_boundary,A-side boundary projection dominates current C-state,0.2693910631896433,0.2074620062538273,0.0026927461217741,0.0026927461217741,0.1598486051884149,0.0214304962369793,0.835969497166423,0.2693910631896433,0.2768280177172143,0.1192730424268471,0.2525197497435795,0.1192730424268471,0.2117748867146127,0.48243393244664695,0.567526563883814,-0.2348135743656968,1.1167420646068646,0.25459767607249545,1.4734226787263265,O6_phase_only,1.4734226787263265,-0.2348135743656968,False,0.0,0.0,q1,high,high,high,low,low,high,low,A_side,far,phase=q1|str=high|ab=high|ac=high|bc=low|tfc=low|mem=high|dphi=low|side=A_side|dist=far,side=A_side|tfc=low,0.52284419162435,0.9505784871019765,bad,1.5,1.0,0.5103170768887031,-0.3953101543227303,,1.5,1.0,0.5103170768887031,0.0819729918972965,,1.5,1.0,0.5103170768887031,1.5635833566250916,,1.5,1.0,0.5103170768887031,-0.5061064714939113,,1.5,1.0,0.5103170768887031,1.3464042718760068,,1.5,1.0,0.5103170768887031,-0.02293634535113233,,1.5,1.0,0.5103170768887031,1.0142222222622925,,1.026560818498903,1.043940126308194,1.043940126308194,1.043940126308194,1.043940126308194,1.026560818498903,1.043940126308194,0.7115680669648201,0.7093409314018366,0.7093409314018366,0.7093409314018366,0.7093409314018366,0.7115680669648201,0.7093409314018366,-1.0164850801651217,-1.0058775160109932,-1.0058775160109932,-1.0058775160109932,-1.0058775160109932,-1.0164850801651217,-1.0058775160109932,-0.21923398181297776,0.08769000163563309,1.0299330805636469,-0.28411759817523824,0.8443458610680248,-0.003141745038958058,0.6861702027591191,0.1256024558714059,0.20877338583366764,0.4443341555656711,0.1158214858809498,0.39793735069176556,0.17962551506491084,0.3583934361145391
P26,169.0,-0.0659105904268921,0.2117748867146127,O4_B_C_boundary,B-side boundary projection dominates current C-state,0.1031609793216629,0.114448680707036,0.2480076647197842,0.1031609793216629,0.155205774916161,0.07834981907448,0.8040730387474677,0.10316097932166296,0.15746393866136218,0.1701608388264703,0.1372291698869384,0.1372291698869384,0.1184634693487017,-0.7416787553107008,-0.29177813318494566,0.25163804799768197,-0.3228693033194713,0.46942378054896783,0.34901128889032135,O5_full_TFC,0.46942378054896783,-0.3228693033194713,False,0.0,0.0,q4,mid,low,mid,high,high,high,mid,B_side,mid,phase=q4|str=mid|ab=low|ac=mid|bc=high|tfc=high|mem=high|dphi=mid|side=B_side|dist=mid,side=B_side|tfc=high,-0.04089329633973524,0.5103170768887031,good,1.25,1.0,2.0769687908539605,-0.6793290492182591,,1.25,1.0,2.0769687908539605,-2.4780408331806014,,1.25,1.0,2.0769687908539605,-2.1844511423734887,,1.25,1.0,2.0769687908539605,1.3115352815819292,,1.25,1.0,2.0769687908539605,-2.4835155042890458,,1.25,1.0,2.0769687908539605,-2.8006427945042027,,1.25,1.0,2.0769687908539605,-1.6521179557731331,,0.8013797357314016,0.8172041592316543,0.8172041592316543,0.8172041592316543,0.8172041592316543,0.8013797357314016,0.8172041592316543,0.7115680669648201,0.7093409314018366,0.7093409314018366,0.7093409314018366,0.7093409314018366,0.7115680669648201,0.7093409314018366,1.2032611455729927,1.1585733793750548,1.1585733793750548,1.1585733793750548,1.1585733793750548,1.2032611455729927,1.1585733793750548,-0.3849372686659235,-1.6261939691764882,-1.431543631476246,0.713684591878227,-1.6243177826457025,-1.708781487987751,-1.0931710076326904,0.5828179199008227,0.26473112520801445,0.313393709633075,0.8497007654716933,0.2652001718407109,0.2518568650703658,0.3979868655939639
P26,182.0,0.1335158498919364,0.2145351726788665,O5_full_TFC,full triadic projection is already active,0.2289854161550283,0.195388571230219,0.4888938285729682,0.195388571230219,0.3044226053194052,0.0453613674440969,0.6832434050252323,0.22898541615502832,0.07378831868588255,0.1203460776256853,0.3322747247347878,0.0737883186858825,0.0364207820297598,0.18488812099533866,-0.8941608084739312,-0.22455611088213903,2.112627147228473,-0.2895790143735559,-0.6396108398725987,O4_B_C_boundary,2.112627147228473,-0.2895790143735559,False,0.0,0.0,q1,mid,mid,high,high,high,mid,mid,B_side,far,phase=q1|str=mid|ab=mid|ac=high|bc=high|tfc=high|mem=mid|dphi=mid|side=B_side|dist=far,side=B_side|tfc=high,0.03565835637451239,2.0769687908539605,good,0.25,1.0,1.513137780318767,1.486025734419821,,0.25,1.0,1.513137780318767,3.03847659428038,,0.25,1.0,1.513137780318767,-0.5867682429540313,,0.25,1.0,1.513137780318767,-3.3292872760673276,,0.25,1.0,1.513137780318767,-0.12361578353261118,,0.25,1.0,1.513137780318767,3.130522432180763,,0.25,1.0,1.513137780318767,0.33146361541936087,,-0.09934459533860351,-0.0897397090745041,-0.0897397090745041,-0.0897397090745041,-0.0897397090745041,-0.09934459533860351,-0.0897397090745041,0.7115680669648201,0.7093409314018366,0.7093409314018366,0.7093409314018366,0.7093409314018366,0.7115680669648201,0.7093409314018366,0.4043843138987396,0.3795970920990026,0.3795970920990026,0.3795970920990026,0.3795970920990026,0.4043843138987396,0.3795970920990026,0.8783815150493623,2.067016864692115,-0.38228454616203195,-1.8339147377674212,-0.10318966928479192,1.93322724036952,0.2305417214749179,0.47374732514357965,0.7665537947796125,0.15422844206607578,-0.20867910583527152,0.2240021612853858,0.737458756473619,0.30743500897531323
P26,200.0,-0.0690333916425117,0.0988275066646255,O2_lag5_AB,current AB is active; read short-lag future AB,0.3493922824509514,0.0659273033555859,0.1187753198671141,0.0659273033555859,0.1780316352245504,0.0594686898610521,0.7404775237018457,0.3493922824509514,0.3994495494600705,0.0481991221184565,0.0639014090157966,0.0481991221184565,0.2328648212745805,1.071560191996639,1.4502817363096703,-0.914230375404425,-1.2384989954065728,-0.5957267306604225,1.727558381511043,O6_phase_only,1.727558381511043,1.4502817363096703,False,0.0,0.0,q4,low,high,low,low,mid,mid,mid,B_side,near,phase=q4|str=low|ab=high|ac=low|bc=low|tfc=mid|mem=mid|dphi=mid|side=B_side|dist=near,side=B_side|tfc=mid,0.21442060119227602,1.513137780318767,neutral,-1.0,0.0,1.1057784852407528,-0.8572457756086984,,-1.0,0.0,1.1057784852407528,-0.9247905903091859,,-1.0,0.0,1.1057784852407528,1.3393490874851737,,-1.0,0.0,1.1057784852407528,3.242501998227804,,-1.0,0.0,1.1057784852407528,1.7384699171322622,,-1.0,0.0,1.1057784852407528,-1.9845735292765896,,-1.0,0.0,1.1057784852407528,0.2978039578953334,,-1.22525000917611,-1.2234195444572022,-1.2234195444572022,-1.2234195444572022,-1.2234195444572022,-1.22525000917611,-1.2234195444572022,-1.4053469322555197,-1.4097593353646567,-1.4097593353646567,-1.4097593353646567,-1.4097593353646567,-1.4053469322555197,-1.4097593353646567,-0.17279199766326545,-0.18320138002840858,-0.18320138002840858,-0.18320138002840858,-0.18320138002840858,-0.17279199766326545,-0.18320138002840858,-0.48873806107396456,-0.5863204076200973,0.8826699132484405,1.7736970038560953,1.0970608684205887,-1.2076773586454888,0.20807946543814107,-0.823031750042215,-0.8506751668675913,-0.4834275866504568,-0.2606708139985431,-0.42982984785741973,-1.002766574435096,-0.6520751986030316
P26,210.0,0.2188855814104408,0.2328648212745805,O2_lag5_AB,current AB is active; read short-lag future AB,0.1948082141154068,0.00266779112093,0.0378237908498405,0.00266779112093,0.0784332653620591,0.1267947129094368,0.2270179483133503,0.19480821411540686,0.22329619300143191,0.1544916713887134,0.2723981018120799,0.1544916713887134,0.0526659290386797,-0.0667916332059142,0.18214975048412085,0.101851803348332,1.364959235940718,0.675951382861205,-0.4438552845287041,O4_B_C_boundary,1.364959235940718,0.18214975048412085,False,0.0,0.0,q1,mid,mid,low,low,low,low,high,B_side,near,phase=q1|str=mid|ab=mid|ac=low|bc=low|tfc=low|mem=low|dphi=high|side=B_side|dist=near,side=B_side|tfc=low,0.2591807506999654,1.1057784852407528,bad,1.75,1.0,0.7650858133218144,0.4071753446019478,,1.75,1.0,0.7650858133218144,1.0973250946873434,,1.75,1.0,0.7650858133218144,0.14226814581199854,,1.75,1.0,0.7650858133218144,-1.4391289410607204,,1.75,1.0,0.7650858133218144,0.22446895462943417,,1.75,1.0,0.7650858133218144,2.0000859737998757,,1.75,1.0,0.7650858133218144,-0.047345869037310695,,1.2517419012664042,1.2706760933847336,1.2706760933847336,1.2706760933847336,1.2706760933847336,1.2517419012664042,1.2706760933847336,0.7115680669648201,0.7093409314018366,0.7093409314018366,0.7093409314018366,0.7093409314018366,0.7115680669648201,0.7093409314018366,-0.6555101831332163,-0.6538947397669246,-0.6538947397669246,-0.6538947397669246,-0.6538947397669246,-0.6555101831332163,-0.6538947397669246,0.24895488594723747,0.767450273496388,0.09650135979926848,-0.7963042608811594,0.12117642406786984,1.2390871699237722,-0.02225097622116581,0.3891886677613114,0.5233931396290084,0.35565591120472856,0.13245450603462158,0.3618246772718789,0.6367217387554451,0.32596782719962
P26,217.0,-0.114171851880045,0.1888635789606922,O5_full_TFC,full triadic projection is already active,0.2460000986167671,0.143357384076764,0.2865002111493919,0.143357384076764,0.225285897947641,0.0242997728121867,0.4631266421995831,0.2460000986167671,0.34543872200219905,0.1682291705195039,0.1613674626783491,0.1613674626783491,0.1959607839019285,0.31018366434667544,1.0614565713670199,0.233172654558113,-0.021459068866153393,0.7582129652223599,1.282861246646786,O6_phase_only,1.282861246646786,0.7582129652223599,False,0.0,0.0,q4,mid,mid,mid,high,high,low,low,B_side,mid,phase=q4|str=mid|ab=mid|ac=mid|bc=high|tfc=high|mem=low|dphi=low|side=B_side|dist=mid,side=B_side|tfc=high,0.5177754333249716,0.7650858133218144,good,1.0,1.0,1.225676263156548,0.7770393874515998,,1.0,1.0,1.225676263156548,-2.0604757649736025,,1.0,1.0,1.225676263156548,-0.5016343366289373,,1.0,1.0,1.225676263156548,-1.0584066349798533,,1.0,1.0,1.225676263156548,-1.3846956515350142,,1.0,1.0,1.225676263156548,0.306419065789137,,1.0,1.0,1.225676263156548,0.6976207860335356,,0.5761986529639004,0.5904681921551147,0.5904681921551147,0.5904681921551147,0.5904681921551147,0.5761986529639004,0.5904681921551147,0.7115680669648201,0.7093409314018366,0.7093409314018366,0.7093409314018366,0.7093409314018366,0.7115680669648201,0.7093409314018366,-0.0029120954293760516,-0.017553297272475992,-0.017553297272475992,-0.017553297272475992,-0.017553297272475992,-0.0029120954293760516,-0.017553297272475992,0.4647422461911736,-1.3466415424823592,-0.3263738740803863,-0.587305127709374,-0.9160479545500012,0.19909765249254335,0.47489109164204657,0.43739921767262957,-0.01609642904947095,0.23897048805102228,0.17373767464377535,0.09155196793361856,0.370988069247972,0.4392867294816305
P26,226.0,0.1029464347360938,0.1839444101335101,O2_lag5_AB,current AB is active; read short-lag future AB,0.2462035417427535,0.1550861120995068,0.1209725231189519,0.1209725231189519,0.1740873923204041,0.0499435200052695,0.6517898849649892,0.2462035417427535,0.009453032629002912,0.0629872788878169,0.0492066854095034,0.0094530326290029,0.1486969529627709,0.31168181261179173,-1.3573119837120946,-0.7728659744834879,-1.4219891919036338,-1.059282777876952,0.7133276211219098,O6_phase_only,0.7133276211219098,-1.3573119837120946,False,0.0,0.0,q1,mid,mid,mid,low,high,mid,mid,A_side,near,phase=q1|str=mid|ab=mid|ac=mid|bc=low|tfc=high|mem=mid|dphi=mid|side=A_side|dist=near,side=A_side|tfc=high,-0.5123486420346381,1.225676263156548,good,-1.0,0.0,0.6093420608475627,-0.9448517779501613,,-1.0,0.0,0.6093420608475627,0.8566558312980133,,-1.0,0.0,0.6093420608475627,1.0309437715866385,,-1.0,0.0,0.6093420608475627,2.2876523282374346,,-1.0,0.0,0.6093420608475627,1.5781923043588164,,-1.0,0.0,0.6093420608475627,-0.7126808709861572,,-1.0,0.0,0.6093420608475627,0.21842782961831317,,-1.22525000917611,-1.2234195444572022,-1.2234195444572022,-1.2234195444572022,-1.2234195444572022,-1.22525000917611,-1.2234195444572022,-1.4053469322555197,-1.4097593353646567,-1.4097593353646567,-1.4097593353646567,-1.4097593353646567,-1.4053469322555197,-1.4097593353646567,-0.8761792722838619,-0.8690668175738446,-0.8690668175738446,-0.8690668175738446,-0.8690668175738446,-0.8761792722838619,-0.8690668175738446,-0.539849458227196,0.6063264589491825,0.6801284203255819,1.2495282064151478,0.9937502147569176,-0.4266766638433426,0.15510902403380641,-1.011656417985672,-0.7239798096116303,-0.7055293192675305,-0.563179372745139,-0.6271238706596965,-0.9833632193897086,-0.8367841683404743
P26,237.0,-0.0057337564324495,0.3090058894625435,O1_lag0_AB,default immediate AB readout,0.1113631517988084,0.0872402712961501,0.0045114020068548,0.0045114020068548,0.0677049417006044,0.0737313907660555,0.7627476903759292,0.11136315179880842,0.11808511321974484,0.147155167429102,0.2045528229289075,0.1180851132197448,0.0750417222497356,-0.6812782359653462,-0.5752671856259157,0.03171997398786993,0.5177882453723899,0.240385357490841,-0.17422486358604844,O4_B_C_boundary,0.5177882453723899,-0.6812782359653462,False,0.0,0.0,q4,high,low,low,low,low,mid,mid,A_side,mid,phase=q4|str=high|ab=low|ac=low|bc=low|tfc=low|mem=mid|dphi=mid|side=A_side|dist=mid,side=A_side|tfc=low,-0.09155381547517279,0.6093420608475627,bad,1.5,1.0,0.6676712921172097,1.3659843043670385,,1.5,1.0,0.6676712921172097,-0.1414235116744288,,1.5,1.0,0.6676712921172097,-0.3798532925845486,,1.5,1.0,0.6676712921172097,-0.6164988463632621,,1.5,1.0,0.6676712921172097,0.08606714278956859,,1.5,1.0,0.6676712921172097,-0.4182258731562498,,1.5,1.0,0.6676712921172097,-0.30435454226564684,,1.026560818498903,1.043940126308194,1.043940126308194,1.043940126308194,1.043940126308194,1.026560818498903,1.043940126308194,0.7115680669648201,0.7093409314018366,0.7093409314018366,0.7093409314018366,0.7093409314018366,0.7115680669648201,0.7093409314018366,-0.7935341701167087,-0.7884804589573391,-0.7884804589573391,-0.7884804589573391,-0.7884804589573391,-0.7935341701167087,-0.7884804589573391,0.8083465283785259,-0.06187000575823418,-0.24639563376182494,-0.3447179630290078,0.03196632540222617,-0.24586772812527094,-0.19376177123166835,0.4382353109313851,0.22573264824861433,0.17960124124771665,0.15502065893092093,0.24919173103872944,0.17468174680543588,0.1927597068802558
P26,253.0,0.0166619740109227,0.2434280031211592,O4_B_C_boundary,B-side boundary projection dominates current C-state,0.3113269650648865,0.1181731541540257,0.2152949789713784,0.1181731541540257,0.2149316993967636,0.0414996814729301,0.716828774071886,0.31132696506488655,0.15217283274169144,0.1401731700686214,0.1762611182560387,0.1401731700686214,0.0703735354265462,0.7912484885338713,-0.3298689240277581,-0.03502302106482544,0.16451515301981962,0.5046456340368451,-0.23047695558132117,O1_lag0_AB,0.7912484885338713,0.16451515301981962,False,0.0,0.0,q1,mid,high,mid,mid,high,mid,mid,B_side,mid,phase=q1|str=mid|ab=high|ac=mid|bc=mid|tfc=high|mem=mid|dphi=mid|side=B_side|dist=mid,side=B_side|tfc=high,0.12357719641666164,0.6676712921172097,good,1.25,1.0,0.9313754059048449,-0.27420909847088326,,1.25,1.0,0.9313754059048449,-0.18350114002490867,,1.25,1.0,0.9313754059048449,,,1.25,1.0,0.9313754059048449,,,1.25,1.0,0.9313754059048449,0.5194467059732374,,1.25,1.0,0.9313754059048449,-0.9211753724925007,,1.25,1.0,0.9313754059048449,-0.5767439248014498,,0.8013797357314016,0.8172041592316543,0.8172041592316543,0.8172041592316543,0.8172041592316543,0.8013797357314016,0.8172041592316543,0.7115680669648201,0.7093409314018366,0.7093409314018366,0.7093409314018366,0.7093409314018366,0.7115680669648201,0.7093409314018366,-0.41989897981001445,-0.4241527656246721,-0.4241527656246721,-0.4241527656246721,-0.4241527656246721,-0.41989897981001445,-0.4241527656246721,-0.14858078459032667,-0.09004023361139148,,,0.3113111770145835,-0.5547018941782272,-0.37553664662519126,0.23611700957397014,0.2530880228493569,0.367464108336273,0.367464108336273,0.35342587550585064,0.134586732176995,0.18171391959590694
P26,269.0,-0.1035347906273149,0.3403583288577652,O4_B_C_boundary,B-side boundary projection dominates current C-state,0.322703737204032,0.1275131074392084,0.3548298419448481,0.1275131074392084,0.2683488955293628,0.0807186243261017,0.8452870644127987,0.32270373720403206,0.20503667777857845,,,0.2050366777785784,0.051332210187406,0.8750266518915503,0.05069908859902644,,,1.2806690118492259,-0.4599267226178977,O5_full_TFC,1.2806690118492259,,False,0.0,0.0,q4,high,high,mid,high,high,high,mid,B_side,far,phase=q4|str=high|ab=high|ac=mid|bc=high|tfc=high|mem=high|dphi=mid|side=B_side|dist=far,side=B_side|tfc=high,0.3492936059443809,0.9313754059048449,good,-1.0,0.0,0.6820603825928653,-0.6311789399316106,,-1.0,0.0,0.6820603825928653,0.14472093436455669,,-1.0,0.0,0.6820603825928653,,,-1.0,0.0,0.6820603825928653,,,-1.0,0.0,0.6820603825928653,-0.4209035561818272,,-1.0,0.0,0.6820603825928653,0.7027525708113371,,-1.0,0.0,0.6820603825928653,1.451184107497442,,-1.22525000917611,-1.2234195444572022,-1.2234195444572022,-1.2234195444572022,-1.2234195444572022,-1.22525000917611,-1.2234195444572022,-1.4053469322555197,-1.4097593353646567,-1.4097593353646567,-1.4097593353646567,-1.4097593353646567,-1.4053469322555197,-1.4097593353646567,-0.7731466589740443,-0.7686008140520936,-0.7686008140520936,-0.7686008140520936,-0.7686008140520936,-0.7731466589740443,-0.7686008140520936,-0.356845365223862,0.12969863914477076,,,-0.29481340005510553,0.4424646856915246,0.9777700129312282,-0.940147241407384,-0.8180202636822954,-1.1339265646246508,-1.1339265646246508,-0.9241482734822645,-0.7403197286785373,-0.6060024202356811
P26,346.0,0.2277722404703566,0.2782768869249952,O1_lag0_AB,default immediate AB readout,0.0727167376240051,0.0819752096554798,0.0138791989554402,0.0138791989554402,0.0561903820783084,0.0174247511147217,0.7900044274825309,0.07271673762400514,0.058445894301278556,,,0.0584458943012785,0.0092777774907293,-0.965869116430002,-1.0046112676270873,,,-0.4731349214640348,-0.9666866074432021,O7_suppress_event,0.0,-0.965869116430002,False,0.0,0.0,q1,high,low,low,low,low,high,low,A_side,near,phase=q1|str=high|ab=low|ac=low|bc=low|tfc=low|mem=high|dphi=low|side=A_side|dist=near,side=A_side|tfc=low,-0.6820603825928653,0.6820603825928653,bad,1.5,1.0,1.190915600989421,-1.0824655271978738,,1.5,1.0,1.190915600989421,-0.11857750446967745,,1.5,1.0,1.190915600989421,,,1.5,1.0,1.190915600989421,,,1.5,1.0,1.190915600989421,0.7708638217113901,,1.5,1.0,1.190915600989421,-1.103614411376919,,1.5,1.0,1.190915600989421,-1.0104824706496984,,1.026560818498903,1.043940126308194,1.043940126308194,1.043940126308194,1.043940126308194,1.026560818498903,1.043940126308194,0.7115680669648201,0.7093409314018366,0.7093409314018366,0.7093409314018366,0.7093409314018366,0.7115680669648201,0.7093409314018366,-0.05216353272193374,-0.06557784904819922,-0.06557784904819922,-0.06557784904819922,-0.06557784904819922,-0.05216353272193374,-0.06557784904819922,-0.6201365481931319,-0.046575008066536125,,,0.47336791169940845,-0.6667278699545813,-0.6649854107104438,0.2664572011371644,0.4102820501488238,0.5625677362206104,0.5625677362206104,0.54026778009031,0.25480937069680204,0.2556794494878469
P26,396.0,-0.1457709600060007,0.25156563008495,O4_B_C_boundary,B-side boundary projection dominates current C-state,0.0911290140832592,0.1046828844931992,0.2622652641564811,0.0911290140832592,0.1526923875776465,0.0910439985478208,0.9817184807324503,0.09112901408325921,0.18546955894661343,,,0.1854695589466134,0.0191392578039224,-0.8302817383825419,-0.09016504115765318,,,1.0465690967176429,-0.8478548385363383,O5_full_TFC,1.0465690967176429,,False,0.0,0.0,q4,mid,low,mid,high,mid,high,high,B_side,mid,phase=q4|str=mid|ab=low|ac=mid|bc=high|tfc=mid|mem=high|dphi=high|side=B_side|dist=mid,side=B_side|tfc=mid,-0.14434650427177811,1.190915600989421,neutral,,,,,,,,,,,,,,,,,,,,,,,,,,,,,,,,,,,,,,,,,,,,,,,,,,,,,,,,,,,,,,,,,,,,,,
P3,18.0,0.0297431116473838,0.2679824627634686,O4_B_C_boundary,B-side boundary projection dominates current C-state,0.0731505931662142,0.0694608766002305,0.2326418717457353,0.0694608766002305,0.1250844471707266,0.0472626494009714,0.2288314383089023,0.07315059316621421,0.1606175608143169,0.0606631554481965,0.2233340577061021,0.0606631554481965,0.1064243038628025,-0.9626742189631047,-0.26907513618409684,-0.7950829635803959,0.7523059234217412,-0.4466077331346974,0.20393820803268367,O4_B_C_boundary,0.7523059234217412,0.7523059234217412,True,0.0,0.0,q1,high,low,low,high,mid,low,mid,B_side,far,phase=q1|str=high|ab=low|ac=low|bc=high|tfc=mid|mem=low|dphi=mid|side=B_side|dist=far,side=B_side|tfc=mid,-0.21674227434398144,0.9690481977657226,neutral,0.25,1.0,1.0997039882226176,0.3086596522046085,,0.25,1.0,0.9462046017066694,-0.5672647704509237,,0.25,1.0,0.9462046017066694,0.026960071865489654,,0.25,1.0,0.9462046017066694,0.23655115042666736,,0.25,1.0,0.9462046017066694,0.010885788843113198,,0.25,1.0,1.0997039882226176,-0.8758625416955803,,0.25,1.0,0.9462046017066694,0.6359590132139307,,-0.09934459533860351,-0.0897397090745041,-0.0897397090745041,-0.0897397090745041,-0.0897397090745041,-0.09934459533860351,-0.0897397090745041,0.7115680669648201,0.7093409314018366,0.7093409314018366,0.7093409314018366,0.7093409314018366,0.7115680669648201,0.7093409314018366,-0.18139878735944812,-0.40366508106466537,-0.40366508106466537,-0.40366508106466537,-0.40366508106466537,-0.18139878735944812,-0.40366508106466537,0.19147851965534868,-0.3469631956378955,0.020774164970795005,0.12356746977518575,-0.016493560449124246,-0.5268777282746249,0.43374205357572565,0.15557580098052928,-0.032756763593807095,0.05917757655836554,0.08487590275946322,0.04986064520338572,-0.024013261001964104,0.16241954870959818
P3,19.0,-0.0366426830052549,0.0663857946526387,O4_B_C_boundary,B-side boundary projection dominates current C-state,0.1313227636647569,0.0818578598184078,0.2145613062831004,0.0818578598184078,0.1425806432554217,0.1514495102221069,0.061154483249816,0.13132276366475698,0.14675861910025328,0.0541462177668711,0.2280105877250197,0.0541462177668711,0.0439714858329554,-0.5342963325739947,-0.3688459701359479,-0.8573803144624486,0.8107008572147187,-0.5245760110001048,-0.5486241460975151,O4_B_C_boundary,0.8107008572147187,0.8107008572147187,True,0.0,0.0,q4,low,mid,low,mid,mid,low,high,B_side,mid,phase=q4|str=low|ab=mid|ac=low|bc=mid|tfc=mid|mem=low|dphi=high|side=B_side|dist=mid,side=B_side|tfc=mid,-0.2890031310078989,1.0997039882226176,neutral,0.25,1.0,0.9462046017066694,0.3472841018377968,,0.25,1.0,0.9462046017066694,-0.40909900270609495,,0.25,1.0,0.9462046017066694,0.1476523565405199,,0.25,1.0,0.9462046017066694,0.23655115042666736,,0.25,1.0,0.9462046017066694,0.14724900050149803,,0.25,1.0,0.9462046017066694,-0.0894958479956589,,0.25,1.0,0.9462046017066694,0.6943539470069082,,-0.09934459533860351,-0.0897397090745041,-0.0897397090745041,-0.0897397090745041,-0.0897397090745041,-0.09934459533860351,-0.0897397090745041,0.7115680669648201,0.7093409314018366,0.7093409314018366,0.7093409314018366,0.7093409314018366,0.7115680669648201,0.7093409314018366,-0.39888789539450187,-0.40366508106466537,-0.40366508106466537,-0.40366508106466537,-0.40366508106466537,-0.39888789539450187,-0.40366508106466537,0.21401292976725178,-0.24107401198834771,0.1000373756295688,0.12356746977518575,0.07140251117516741,-0.04401234640002857,0.47271101673799687,0.10683712649974163,-0.0062844676814201444,0.07899337922305899,0.08487590275946322,0.07183466310945863,0.04233080745792154,0.172161789500166
P3,25.0,0.1635294555214143,0.1917859980942992,O4_B_C_boundary,B-side boundary projection dominates current C-state,0.108129200665589,0.0497234519539163,0.235490166082509,0.0497234519539163,0.1311142729006714,0.0181331951629949,0.7946791608674708,0.10812920066558908,0.0343832014855046,0.0263319156169774,0.1856953381770517,0.0263319156169774,0.0010377967929758,-0.7050929421944849,-1.177839135879161,-1.1232655239430696,0.2823184485075823,-0.857344766004412,-1.0659791528800657,O4_B_C_boundary,0.2823184485075823,0.2823184485075823,True,0.0,0.0,q1,mid,low,low,high,mid,high,low,B_side,far,phase=q1|str=mid|ab=low|ac=low|bc=high|tfc=mid|mem=high|dphi=low|side=B_side|dist=far,side=B_side|tfc=mid,-0.6638861531990872,0.9462046017066694,neutral,-1.0,0.0,1.7717705227456895,-2.159490177974199,,-1.0,0.0,1.7717705227456895,-1.3889100449754428,,-1.0,0.0,1.7717705227456895,-0.3806519510035062,,-1.0,0.0,1.7717705227456895,-1.2738106297417042,,-1.0,0.0,1.7717705227456895,-1.0229486337837566,,-1.0,0.0,1.7717705227456895,1.7912402320740703,,-1.0,0.0,1.7717705227456895,-1.3443902418686013,,-1.22525000917611,-1.2234195444572022,-1.2234195444572022,-1.2234195444572022,-1.2234195444572022,-1.22525000917611,-1.2234195444572022,-1.4053469322555197,-1.4097593353646567,-1.4097593353646567,-1.4097593353646567,-1.4097593353646567,-1.4053469322555197,-1.4097593353646567,0.7708340159843371,0.7369182924219712,0.7369182924219712,0.7369182924219712,0.7369182924219712,0.7708340159843371,0.7369182924219712,-1.2484979983034452,-0.8970401725300998,-0.2469201431012304,-0.705552069030969,-0.6828755219309038,1.1108462619107011,-0.8878136389666135,-0.7770652309376844,-0.6983251899824969,-0.5357951826252795,-0.6504531641077141,-0.6447840273326979,-0.18722916588414784,-0.6960185565916253
P3,40.0,-0.2653264849037983,0.3777132979280357,O1_lag0_AB,default immediate AB readout,0.0387289128831025,0.0162318667902576,0.1349126440099947,0.0162318667902576,0.0632911412277849,0.0141055342674119,0.7305071852104357,0.038728912883102505,0.06215808109383141,0.1304863956726112,0.1856953381770518,0.0621580810938314,0.2269032642817553,-1.2161543026400659,-0.9778871511888019,-0.12762178646237948,0.28231844850758364,-0.42872252633565366,1.6557210568500849,O6_phase_only,1.6557210568500849,-1.2161543026400659,False,0.0,0.0,q4,high,low,low,mid,low,mid,low,B_side,mid,phase=q4|str=high|ab=low|ac=low|bc=mid|tfc=low|mem=mid|dphi=low|side=B_side|dist=mid,side=B_side|tfc=low,-0.11604946589560468,1.7717705227456895,bad,-1.0,0.0,1.2115748663175647,3.1747690760695417,,-1.0,0.0,1.2115748663175647,2.3544514275911723,,-1.0,0.0,1.2115748663175647,0.6474049966625136,,-1.0,0.0,1.2115748663175647,-0.521377560051038,,-1.0,0.0,1.2115748663175647,1.1746941283347623,,-1.0,0.0,1.2115748663175647,-2.9456766055927166,,-1.0,0.0,1.2115748663175647,0.037104131982638025,,-1.22525000917611,-1.2234195444572022,-1.2234195444572022,-1.2234195444572022,-1.2234195444572022,-1.22525000917611,-1.2234195444572022,-1.4053469322555197,-1.4097593353646567,-1.4097593353646567,-1.4097593353646567,-1.4097593353646567,-1.4053469322555197,-1.4097593353646567,-0.0228919812788884,-0.037035471097237406,-0.037035471097237406,-0.037035471097237406,-0.037035471097237406,-0.0228919812788884,-0.037035471097237406,1.863634001385936,1.6090741155801838,0.4282439291630043,-0.29250072734852894,0.7336661044696798,-1.7978389304469145,0.03410543631398995,-0.1974637303311455,-0.2652850588347282,-0.560492605439023,-0.7406787695669064,-0.48413706161235415,-1.1128319632893582,-0.6590272286512766
P3,69.0,0.0970397141830567,0.2681223073387012,O3_A_C_boundary,A-side boundary projection dominates current C-state,0.4126256434427075,0.2097139009576556,0.040560249854307,0.040560249854307,0.22096659808489,0.0681171825293471,0.6877944448907671,0.4126256434427075,0.34684329381666074,0.1842314548124813,0.1453928820348698,0.1453928820348698,0.0013972469473436,1.5372085131574704,1.071568115535786,0.3861432625739969,-0.22093059482087407,0.5670939760131763,-1.061647744580216,O1_lag0_AB,1.5372085131574704,0.3861432625739969,False,0.0,0.0,q1,high,high,high,low,low,mid,mid,A_side,far,phase=q1|str=high|ab=high|ac=high|bc=low|tfc=low|mem=mid|dphi=mid|side=A_side|dist=far,side=A_side|tfc=low,0.32563364683990564,1.2115748663175647,bad,-1.0,0.0,0.7721850236314056,-1.9785716697210056,,-1.0,0.0,0.7721850236314056,0.13895732726143697,,-1.0,0.0,0.7721850236314056,0.5446247848935464,,-1.0,0.0,0.7721850236314056,1.2507478143110717,,-1.0,0.0,0.7721850236314056,1.1631607930521455,,-1.0,0.0,0.7721850236314056,1.4787872812734144,,-1.0,0.0,0.7721850236314056,0.4780225677325047,,-1.22525000917611,-1.2234195444572022,-1.2234195444572022,-1.2234195444572022,-1.2234195444572022,-1.22525000917611,-1.2234195444572022,-1.4053469322555197,-1.4097593353646567,-1.4097593353646567,-1.4097593353646567,-1.4097593353646567,-1.4053469322555197,-1.4097593353646567,-0.6454515050301227,-0.6440866299144564,-0.6440866299144564,-0.6440866299144564,-0.6440866299144564,-0.6454515050301227,-0.6440866299144564,-1.1429458959297172,0.12584000614391375,0.36074425758969386,0.6803150525462737,0.7262320256463719,0.9189857538106767,0.32834558977006084,-1.1047485855978674,-0.7878563758981004,-0.7291303130366553,-0.6492376142975104,-0.6377583710224859,-0.5892656731627689,-0.7372299799915636
P3,86.0,-0.0706929304994496,0.3231455925887229,O3_A_C_boundary,A-side boundary projection dominates current C-state,0.1039988669305828,0.2204715395371415,0.0148712174890761,0.0148712174890761,0.1131138746522668,0.2499212406753449,0.12163061578960489,0.1039988669305828,0.27939444059386137,0.1817263672846687,0.1984381679895921,0.1817263672846687,0.0854581085756128,-0.7355085794368318,0.5860023000517746,0.3621963837880308,0.44143572140615445,1.0017857610662537,-0.048706424831444994,O5_full_TFC,1.0017857610662537,0.3621963837880308,False,0.0,0.0,q4,high,low,high,low,low,low,high,A_side,far,phase=q4|str=high|ab=low|ac=high|bc=low|tfc=low|mem=low|dphi=high|side=A_side|dist=far,side=A_side|tfc=low,0.2296007374348481,0.7721850236314056,bad,-1.0,0.0,1.1869652581523837,0.9191288560984012,,1.75,1.0,0.883365313084786,-0.8595950590866559,,1.75,1.0,0.883365313084786,0.8604307055494194,,1.75,1.0,0.883365313084786,-1.009715752086287,,1.75,1.0,0.883365313084786,-0.5775407915495276,,-1.0,0.0,1.1869652581523837,-1.5426833554312622,,1.75,1.0,0.883365313084786,-0.11314160387535631,,-1.22525000917611,1.2706760933847336,1.2706760933847336,1.2706760933847336,1.2706760933847336,-1.22525000917611,1.2706760933847336,-1.4053469322555197,0.7093409314018366,0.7093409314018366,0.7093409314018366,0.7093409314018366,-1.4053469322555197,0.7093409314018366,-0.05776066610181632,-0.4904824338372255,-0.4904824338372255,-0.4904824338372255,-0.4904824338372255,-0.05776066610181632,-0.4904824338372255,0.5476405758625993,-0.5426731527356533,0.5681460089413545,-0.5605760599463657,-0.39577756400719344,-0.9363364317599469,-0.0661587504165825,-0.5351792579177117,0.23671535955342285,0.5144201499726748,0.23223963275074475,0.2734392567355378,-0.9061735098233482,0.35584396013319053
P3,89.0,0.2600450153079371,0.4124264590921558,O2_lag5_AB,current AB is active; read short-lag future AB,0.278686432166621,0.1280259009088244,0.0084103807466107,0.0084103807466107,0.1383742379406854,0.1236894968269247,0.33866479974460373,0.278686432166621,0.17610080359994792,0.2947695784424927,0.164933805040096,0.164933805040096,0.0173742514397758,0.5508847136610827,-0.15761092218615533,1.442810152815307,0.023073164489531013,0.8008804857390369,-0.8691233318783386,O3_A_C_boundary,1.442810152815307,-0.15761092218615533,False,0.0,0.0,q1,high,high,mid,low,low,low,high,A_side,mid,phase=q1|str=high|ab=high|ac=mid|bc=low|tfc=low|mem=low|dphi=high|side=A_side|dist=mid,side=A_side|tfc=low,0.25584489466292337,1.1869652581523837,bad,1.75,1.0,0.883365313084786,0.699154887429541,,-1.0,0.0,1.1743239437897592,-0.5850940944984727,,-1.0,0.0,1.1743239437897592,0.2837864396109408,,-1.0,0.0,1.1743239437897592,0.7446652142966507,,-1.0,0.0,1.1743239437897592,0.17193638796984223,,1.75,1.0,0.883365313084786,0.6382179848922882,,-1.0,0.0,1.1743239437897592,-1.075097843552989,,1.2517419012664042,-1.2234195444572022,-1.2234195444572022,-1.2234195444572022,-1.2234195444572022,1.2517419012664042,-1.2234195444572022,0.7115680669648201,-1.4097593353646567,-1.4097593353646567,-1.4097593353646567,-1.4097593353646567,0.7115680669648201,-1.4097593353646567,-0.4879231752228728,-0.08850051077423923,-0.08850051077423923,-0.08850051077423923,-0.08850051077423923,-0.4879231752228728,-0.08850051077423923,0.41930260157421734,-0.3588996126979009,0.18944180221162846,0.4024988515331626,0.08731533950140459,0.40283747649818635,-0.7081054884780045,0.4736723486456422,-0.7701447508234998,-0.6330593970961174,-0.5797951347657339,-0.6585910127736734,0.46955606737663447,-0.8574462197685256
P3,92.0,-0.0965243494525921,0.1966665479565804,O5_full_TFC,full triadic projection is already active,0.3040587297316552,0.340489528846439,0.2518383899999349,0.2518383899999349,0.2987955495260097,0.1261741642524001,0.568777679449226,0.3040587297316552,0.1801638549163812,0.25562494784285,0.1339263692690696,0.1339263692690696,0.0524024270902215,0.7377254505735414,-0.12836092412762004,1.0686149545702452,-0.36411074144382094,0.4299092587136659,-0.44703050788779775,O3_A_C_boundary,1.0686149545702452,0.4299092587136659,False,0.0,0.0,q4,mid,high,high,high,high,mid,high,A_side,mid,phase=q4|str=mid|ab=high|ac=high|bc=high|tfc=high|mem=mid|dphi=high|side=A_side|dist=mid,side=A_side|tfc=high,0.18524964148545914,0.883365313084786,good,-1.0,0.0,1.1743239437897592,-2.618257309086207,,-1.0,0.0,1.1743239437897592,-0.9885392908020697,,-1.0,0.0,1.1743239437897592,0.2837864396109408,,-1.0,0.0,1.1743239437897592,0.7576539219849409,,-1.0,0.0,1.1743239437897592,0.16871241675015147,,-1.0,0.0,1.1743239437897592,1.809226448405483,,-1.0,0.0,1.1743239437897592,-1.4492930417980507,,-1.22525000917611,-1.2234195444572022,-1.2234195444572022,-1.2234195444572022,-1.2234195444572022,-1.22525000917611,-1.2234195444572022,-1.4053469322555197,-1.4097593353646567,-1.4097593353646567,-1.4097593353646567,-1.4097593353646567,-1.4053469322555197,-1.4097593353646567,-0.0756718007813824,-0.08850051077423923,-0.08850051077423923,-0.08850051077423923,-0.08850051077423923,-0.0756718007813824,-0.08850051077423923,-1.5161535060587246,-0.6289990349245931,0.18944180221162846,0.4096290579973401,0.08523725405743236,1.1218906274553344,-0.957818913063892,-1.055605562067934,-0.8376696063801727,-0.6330593970961174,-0.5780125831496895,-0.6591105341346665,-0.3960945286894194,-0.9198745759149975
P3,121.0,0.1790197833407238,0.2591582861644079,O1_lag0_AB,default immediate AB readout,0.1570297371755878,0.0105646056145644,0.075255589752336,0.0105646056145644,0.0809499775141628,0.0402936405534947,0.8926333674947721,0.15702973717558788,0.2349317324654274,0.3783055636417055,0.2811521196060028,0.2349317324654274,0.2761535114796519,-0.3449910533716923,0.26591426149468883,2.2413555487833894,1.4742689778713365,1.6383317738094945,2.2491911858525886,O6_phase_only,2.2491911858525886,-0.3449910533716923,False,0.0,0.0,q1,mid,mid,low,low,low,high,low,B_side,near,phase=q1|str=mid|ab=mid|ac=low|bc=low|tfc=low|mem=high|dphi=low|side=B_side|dist=near,side=B_side|tfc=low,1.0748672420628294,1.1743239437897592,bad,1.75,1.0,1.7911768087063389,0.10662418462172546,,1.75,1.0,1.7911768087063389,2.4310711265344844,,1.75,1.0,1.7911768087063389,-1.950865559195562,,1.75,1.0,1.7911768087063389,-1.916010544196243,,1.75,1.0,1.7911768087063389,-1.0776264596676655,,1.75,1.0,1.7911768087063389,-2.161509545174255,,1.75,1.0,1.7911768087063389,0.25034674266145807,,1.2517419012664042,1.2706760933847336,1.2706760933847336,1.2706760933847336,1.2706760933847336,1.2517419012664042,1.2706760933847336,0.7115680669648201,0.7093409314018366,0.7093409314018366,0.7093409314018366,0.7093409314018366,0.7115680669648201,0.7093409314018366,0.7983302550225062,0.7637295821612404,0.7637295821612404,0.7637295821612404,0.7637295821612404,0.7983302550225062,0.7637295821612404,0.07360628776855911,1.6603696486671573,-1.2781391008044107,-1.0580904501561468,-0.7181193830992111,-1.3163242247555105,0.17640962094804824,0.7088116277555724,1.1010290639037421,0.36640187653585005,0.42141403919791603,0.5064068059621499,0.361328999624555,0.7300390569739648
P3,132.0,-0.0775596431922038,0.3327786238048322,O5_full_TFC,full triadic projection is already active,0.1507858414700386,0.3788734386672379,0.5389669043979529,0.1507858414700386,0.3562087281784098,0.0403577013839149,0.7322189682550674,0.15078584147003862,0.4698798302786696,0.1471964490737874,0.1187455559344108,0.1187455559344108,0.0787008456107895,-0.3909708891291398,1.9573109162941722,0.03211459754109548,-0.5536706471890918,0.24828685718429677,-0.13013208158649986,O2_lag5_AB,1.9573109162941722,0.24828685718429677,False,0.0,0.0,q4,high,mid,high,high,high,mid,low,B_side,mid,phase=q4|str=high|ab=mid|ac=high|bc=high|tfc=high|mem=mid|dphi=low|side=B_side|dist=mid,side=B_side|tfc=high,0.16613410758783326,1.7911768087063389,good,-1.0,0.0,1.6348332330390591,-0.8217256883393638,,-1.0,0.0,1.6348332330390591,-1.6912612890878471,,-1.0,0.0,1.6348332330390591,0.12806059456132626,,-1.0,0.0,1.6348332330390591,2.9196898717430284,,-1.0,0.0,1.6348332330390591,0.5001785767236786,,-1.0,0.0,1.6348332330390591,-0.48754574835547604,,-1.0,0.0,1.6348332330390591,0.5470087124256124,,-1.22525000917611,-1.2234195444572022,-1.2234195444572022,-1.2234195444572022,-1.2234195444572022,-1.22525000917611,-1.2234195444572022,-1.4053469322555197,-1.4097593353646567,-1.4097593353646567,-1.4097593353646567,-1.4097593353646567,-1.4053469322555197,-1.4097593353646567,0.5768112926952218,0.547728802074388,0.547728802074388,0.547728802074388,0.547728802074388,0.5768112926952218,0.547728802074388,-0.46801480879880447,-1.0994589820549212,0.08717072088759707,1.5964879106795888,0.2988914572970097,-0.2884333254194345,0.37438243503447177,-0.6304501143838032,-0.796227264950598,-0.49956983921496845,-0.12224054176697052,-0.4466396551126153,-0.5855547435389606,-0.4277669106782498
P3,164.0,0.0064664643535837,0.1096840395048339,O4_B_C_boundary,B-side boundary projection dominates current C-state,0.0127089762123108,0.1171606107753297,0.5165061653875102,0.0127089762123108,0.2154585841250502,0.0516489455753002,0.4764228617014964,0.012708976212310862,0.16677226691312413,0.1114635526453994,0.2796256632265084,0.1114635526453994,0.0121771218716033,-1.4077642319152928,-0.22476726817542989,-0.30946681625855255,1.4552084097026596,0.16116537718589036,-0.9317492338940707,O4_B_C_boundary,1.4552084097026596,1.4552084097026596,True,0.0,0.0,q1,low,low,mid,high,low,low,mid,B_side,far,phase=q1|str=low|ab=low|ac=mid|bc=high|tfc=low|mem=low|dphi=mid|side=B_side|dist=far,side=B_side|tfc=low,-0.17962482333639943,1.6348332330390591,bad,1.5,1.0,0.6801190974217818,2.56330673382489,,1.5,1.0,0.6801190974217818,0.24394461581262625,,1.5,1.0,0.6801190974217818,,,1.5,1.0,0.6801190974217818,,,1.5,1.0,0.6801190974217818,0.2905014094902886,,1.5,1.0,0.6801190974217818,1.5555709750173832,,1.5,1.0,0.6801190974217818,1.6252381840581052,,1.026560818498903,1.043940126308194,1.043940126308194,1.043940126308194,1.043940126308194,1.026560818498903,1.043940126308194,0.7115680669648201,0.7093409314018366,0.7093409314018366,0.7093409314018366,0.7093409314018366,0.7115680669648201,0.7093409314018366,-0.7758972131611568,-0.7712828501353506,-0.7712828501353506,-0.7712828501353506,-0.7712828501353506,-0.7758972131611568,-0.7712828501353506,1.5068925249640635,0.1961271386680653,,,0.16373917476427866,0.9661344795876764,1.0939223305583319,0.6172810493166574,0.2945313365606863,0.3273327358582267,0.3273327358582267,0.2864343455847397,0.48209153797256066,0.518980134533253
P3,196.0,-0.2246918344641556,0.2449139953770757,O3_A_C_boundary,A-side boundary projection dominates current C-state,0.1528518943803547,0.1391411745759486,0.0634353789844644,0.0634353789844644,0.1184761493135893,0.0100351523744162,0.8124370768850983,0.15285189438035474,0.019518748363047282,,,0.0195187483630472,0.0230165456122464,-0.37575654571880657,-1.284848669136727,,,-0.9388571179055409,-0.8011331543478343,O7_suppress_event,0.0,,False,0.0,0.0,q4,mid,mid,mid,low,mid,high,low,A_side,mid,phase=q4|str=mid|ab=mid|ac=mid|bc=low|tfc=mid|mem=high|dphi=low|side=A_side|dist=mid,side=A_side|tfc=mid,-0.6801190974217818,0.6801190974217818,neutral,0.0,1.0,0.9483588093190214,-0.6529250142018173,,0.0,1.0,0.9483588093190214,1.1525643359628344,,0.0,1.0,0.9483588093190214,,,0.0,1.0,0.9483588093190214,,,0.0,1.0,0.9483588093190214,-0.538984090598475,,0.0,1.0,0.9483588093190214,1.0382228566775895,,0.0,1.0,0.9483588093190214,-0.13484954815419736,,-0.32452567810610483,-0.3164756761510437,-0.3164756761510437,-0.3164756761510437,-0.3164756761510437,-0.32452567810610483,-0.3164756761510437,0.7115680669648201,0.7093409314018366,0.7093409314018366,0.7093409314018366,0.7093409314018366,0.7115680669648201,0.7093409314018366,-0.39583565718842884,-0.40068887610868237,-0.40068887610868237,-0.40068887610868237,-0.40068887610868237,-0.39583565718842884,-0.40068887610868237,-0.3695325351533379,0.8044319683819641,,,-0.3709249479153977,0.6484588980483902,-0.08064521398429228,-0.09458145087076286,0.19915208688101865,-0.0026078736192964858,-0.0026078736192964858,-0.09468714219332179,0.15991640742966917,-0.022117208710545434
P3,237.0,0.2372675051949022,0.3006387111992882,O4_B_C_boundary,B-side boundary projection dominates current C-state,0.1067749484592976,0.092724309748591,0.5020421089887177,0.092724309748591,0.2338471223988688,0.0144267578629367,0.1442336039501235,0.10677494845929768,0.1982792442157945,0.0254558462265963,0.0081900251854342,0.0081900251854342,0.1141929726451581,-0.7150656094131411,0.002052171984243954,-1.1316401325212655,-1.9341563646801585,-1.0743933282798548,0.29755140038716216,O6_phase_only,0.29755140038716216,-1.9341563646801585,False,0.0,0.0,q1,high,low,mid,high,mid,low,low,B_side,far,phase=q1|str=high|ab=low|ac=mid|bc=high|tfc=mid|mem=low|dphi=low|side=B_side|dist=far,side=B_side|tfc=mid,-0.6508074089318592,0.9483588093190214,neutral,0.25,1.0,2.2258974432660086,-2.5202986688821927,,0.25,1.0,2.2258974432660086,-3.306904491645043,,0.25,1.0,2.2258974432660086,-0.4708395772361036,,0.25,1.0,2.2258974432660086,0.3695195158404273,,0.25,1.0,2.2258974432660086,-1.653186667048292,,0.25,1.0,2.2258974432660086,0.5564743608165021,,0.25,1.0,2.2258974432660086,-1.9175349094742091,,-0.09934459533860351,-0.0897397090745041,-0.0897397090745041,-0.0897397090745041,-0.0897397090745041,-0.09934459533860351,-0.0897397090745041,0.7115680669648201,0.7093409314018366,0.7093409314018366,0.7093409314018366,0.7093409314018366,0.7115680669648201,0.7093409314018366,1.4142741047068301,1.3643298676796682,1.3643298676796682,1.3643298676796682,1.3643298676796682,1.4142741047068301,1.3643298676796682,-1.4590021370858222,-2.1811035264276777,-0.30614978512960833,0.19656102089336544,-1.089110067439763,0.3526431249680463,-1.2702929396154836,0.1418738598118061,-0.049293109105169264,0.41944532621934805,0.5451230277250915,0.22370525564180943,0.5947851753252732,0.17840953759787925
P3,265.0,-0.066128637643468,0.2735945353229653,O4_B_C_boundary,B-side boundary projection dominates current C-state,0.0607131001161485,0.1895299839001226,0.2488741383486587,0.0607131001161485,0.1663724074549766,0.0208181124889939,0.6916788717712936,0.060713100116148576,0.04382687348890526,0.1702033222562952,0.1856953381770517,0.0438268734889052,0.2735026899845049,-1.0542634950568996,-1.1098539281492723,0.2520441597734719,0.2823184485075823,-0.6480360686831502,2.2172485365422987,O6_phase_only,2.2172485365422987,0.2823184485075823,False,0.0,0.0,q4,high,low,high,high,mid,mid,low,B_side,near,phase=q4|str=high|ab=low|ac=high|bc=high|tfc=mid|mem=mid|dphi=low|side=B_side|dist=near,side=B_side|tfc=mid,-0.008648906723709882,2.2258974432660086,neutral,1.75,1.0,2.143726494177729,1.6229368683067746,,1.75,1.0,2.143726494177729,1.423332466890996,,1.75,1.0,2.143726494177729,,,1.75,1.0,2.143726494177729,,,1.75,1.0,2.143726494177729,3.401216228769881,,1.75,1.0,2.143726494177729,-4.371938145512248,,1.75,1.0,2.143726494177729,-1.1130322512855308,,1.2517419012664042,1.2706760933847336,1.2706760933847336,1.2706760933847336,1.2706760933847336,1.2517419012664042,1.2706760933847336,0.7115680669648201,0.7093409314018366,0.7093409314018366,0.7093409314018366,0.7093409314018366,0.7115680669648201,0.7093409314018366,1.297848320674482,1.250804326078153,1.250804326078153,1.250804326078153,1.250804326078153,1.297848320674482,1.250804326078153,0.958258682729269,0.9857064423158746,,,2.168822578366648,-2.6736292311346745,-0.7334204334825277,1.054854242908744,1.0541319482951494,1.0769404502882411,1.0769404502882411,1.3499109823078428,0.14688226444275798,0.6243502293455488
P3,276.0,0.1612711216017024,0.1984272256650259,O5_full_TFC,full triadic projection is already active,0.3865739189752936,0.1662796685082454,0.2415790849656754,0.1662796685082454,0.2648108908164048,0.0642886918390351,0.7199017896243786,0.38657391897529364,0.3565169010291932,,,0.3565169010291932,0.0203449705461589,1.3453644996283247,1.1412086320218036,,,3.0929699290978094,-0.8333258861475346,O5_full_TFC,3.0929699290978094,3.0929699290978094,True,0.0,0.0,q1,mid,high,mid,high,high,mid,mid,B_side,mid,phase=q1|str=mid|ab=high|ac=mid|bc=high|tfc=high|mem=mid|dphi=mid|side=B_side|dist=mid,side=B_side|tfc=high,0.9492434349200807,2.143726494177729,good,-1.0,0.0,1.2593705284372971,0.6756510139798441,,-1.0,0.0,1.2593705284372971,-0.0011671430656812198,,-1.0,0.0,1.2593705284372971,,,-1.0,0.0,1.2593705284372971,,,-1.0,0.0,1.2593705284372971,-1.442871284980741,,-1.0,0.0,1.2593705284372971,2.092886497893476,,-1.0,0.0,1.2593705284372971,2.1532405551319185,,-1.22525000917611,-1.2234195444572022,-1.2234195444572022,-1.2234195444572022,-1.2234195444572022,-1.22525000917611,-1.2234195444572022,-1.4053469322555197,-1.4097593353646567,-1.4097593353646567,-1.4097593353646567,-1.4097593353646567,-1.4053469322555197,-1.4097593353646567,0.04482839310375052,0.028997944465679472,0.028997944465679472,0.028997944465679472,0.028997944465679472,0.04482839310375052,0.028997944465679472,0.4055898903624402,0.03202915197601529,,,-0.953546408729448,1.2960709675128883,1.4462766121970878,-0.5450446644913598,-0.643037945845041,-0.8680603117853932,-0.8680603117853932,-0.8894318360214069,-0.32242439520374777,-0.28947608078977294
P3,321.0,-0.088308155070438,0.2589266668518064,O1_lag0_AB,default immediate AB readout,0.1895137301443868,0.0363899941523469,0.0619589902205824,0.0363899941523469,0.0959542381724387,0.0344825389148953,0.7921590617088553,0.1895137301443868,0.08540122237174458,0.0643487464288705,0.2434634354997215,0.0643487464288705,0.03016912024165,-0.10578003321899965,-0.8105592529406369,-0.7598513002197481,1.0036576048601722,-0.40251352881187996,-0.7149439547087818,O4_B_C_boundary,1.0036576048601722,-0.10578003321899965,False,0.0,0.0,q4,mid,mid,low,low,low,high,low,B_side,near,phase=q4|str=mid|ab=mid|ac=low|bc=low|tfc=low|mem=high|dphi=low|side=B_side|dist=near,side=B_side|tfc=low,-0.2557129235771249,1.2593705284372971,bad,-1.0,0.0,1.073530775025312,-1.319703600242291,,-1.0,0.0,1.073530775025312,0.16352190173891495,,-1.0,0.0,1.073530775025312,2.031891598836248,,-1.0,0.0,1.073530775025312,-0.37247760230479265,,-1.0,0.0,1.073530775025312,0.6281998578592618,,-1.0,0.0,1.073530775025312,-0.12445492493506011,,-1.0,0.0,1.073530775025312,0.29390104293161434,,-1.22525000917611,-1.2234195444572022,-1.2234195444572022,-1.2234195444572022,-1.2234195444572022,-1.22525000917611,-1.2234195444572022,-1.4053469322555197,-1.4097593353646567,-1.4097593353646567,-1.4097593353646567,-1.4097593353646567,-1.4053469322555197,-1.4097593353646567,-0.21848290164743497,-0.22775409370929284,-0.22775409370929284,-0.22775409370929284,-0.22775409370929284,-0.21848290164743497,-0.22775409370929284,-0.7585468060197426,0.14228555422429923,1.3374889028398533,-0.2107614606934496,0.3814105440747293,-0.06547883038462238,0.20547491501625265,-0.9019066622747017,-0.6796618548267132,-0.3808610176728246,-0.7679236085561503,-0.6198806073641057,-0.7286396683659218,-0.6638645146287248
P3,352.0,0.2455402269912544,0.2749227471048594,O4_B_C_boundary,B-side boundary projection dominates current C-state,0.0170892912149722,0.208379605209921,0.3111065446852445,0.0170892912149722,0.1788584803700459,0.1534506228845209,1.06185276563536,0.01708929121497229,0.09343127606490156,0.2256956012574451,0.1846946596592329,0.0934312760649015,0.014260864534193,-1.3755077411143244,-0.752750715306669,0.7825114045479087,0.26982316769901216,-0.05457177110738598,-0.9066399380603649,O3_A_C_boundary,0.7825114045479087,0.26982316769901216,False,0.0,0.0,q1,high,low,high,high,low,high,high,B_side,mid,phase=q1|str=high|ab=low|ac=high|bc=high|tfc=low|mem=high|dphi=high|side=B_side|dist=mid,side=B_side|tfc=low,-0.2910193704774033,1.073530775025312,bad,1.75,1.0,2.1076938051094274,-0.6953480543121908,,1.75,1.0,2.1076938051094274,2.0621855711319346,,1.75,1.0,2.1076938051094274,-2.732204261938918,,1.75,1.0,2.1076938051094274,-3.012346917162731,,1.75,1.0,2.1076938051094274,-1.6289899543883584,,1.75,1.0,2.1076938051094274,-0.5316713925218423,,1.75,1.0,2.1076938051094274,-0.7007662013967012,,1.2517419012664042,1.2706760933847336,1.2706760933847336,1.2706760933847336,1.2706760933847336,1.2517419012664042,1.2706760933847336,0.7115680669648201,0.7093409314018366,0.7093409314018366,0.7093409314018366,0.7093409314018366,0.7115680669648201,0.7093409314018366,1.2467945830443634,1.201022370445108,1.201022370445108,1.201022370445108,1.201022370445108,1.2467945830443634,1.201022370445108,-0.3942831320710851,1.4134072946848235,-1.7912739242784461,-1.6599289764389387,-1.0735135149446666,-0.3155285040321056,-0.45830101014130464,0.7039553548011257,1.1486116724791255,0.347441367738308,0.3802776046981849,0.5268814700717529,0.7236440118108706,0.6806845962725934
P3,372.0,-0.1748627801887699,0.2060521643773059,O4_B_C_boundary,B-side boundary projection dominates current C-state,0.0550357001798303,0.1969717136164534,0.2755510081656683,0.0550357001798303,0.1758528073206507,0.103039166027574,0.3218813429112988,0.05503570017983035,0.4213801807810423,0.0393165716117562,0.0322754695457947,0.0322754695457947,0.0405348358115245,-1.0960716752238508,1.6081608457775733,-0.9991413247954466,-1.6334060384536142,-0.7862364192792344,-0.590036103348405,O2_lag5_AB,1.6081608457775733,-1.6334060384536142,False,0.0,0.0,q4,mid,low,high,high,mid,low,high,B_side,mid,phase=q4|str=mid|ab=low|ac=high|bc=high|tfc=mid|mem=low|dphi=high|side=B_side|dist=mid,side=B_side|tfc=mid,-0.4995329593318539,2.1076938051094274,neutral,0.0,1.0,1.293851210014547,3.027695323505061,,0.0,1.0,1.293851210014547,-1.7008176370247066,,0.0,1.0,1.293851210014547,1.1527962118293322,,0.0,1.0,1.293851210014547,1.4459720135196388,,0.0,1.0,1.293851210014547,1.5721972594899434,,0.0,1.0,1.293851210014547,0.3882078739001245,,0.0,1.0,1.293851210014547,-0.1891528795552309,,-0.32452567810610483,-0.3164756761510437,-0.3164756761510437,-0.3164756761510437,-0.3164756761510437,-0.32452567810610483,-0.3164756761510437,0.7115680669648201,0.7093409314018366,0.7093409314018366,0.7093409314018366,0.7093409314018366,0.7115680669648201,0.7093409314018366,0.09368313350948908,0.07663568133350167,0.07663568133350167,0.07663568133350167,0.07663568133350167,0.09368313350948908,0.07663568133350167,1.777827723537078,-1.1058567879527033,0.7601535492412207,0.7874842090602604,0.9898859695050135,0.24931974910215718,-0.1168837090643221,0.5646383114763206,-0.15908896284210217,0.30741362145637885,0.3142462864111387,0.364846726522327,0.1825113178675904,0.08815430687999312
P3,379.0,0.1402066226616969,0.2191057867447912,O2_lag5_AB,current AB is active; read short-lag future AB,0.4342733138494289,0.0574290679327826,0.0571777232100234,0.0571777232100234,0.1829600349974116,0.1084790104588256,0.4046530250266393,0.4342733138494289,0.20871742497093748,0.1725258832800648,0.1631961247382587,0.1631961247382587,0.0886585934489204,1.6966212222691528,0.07719687064647814,0.27424621327129317,0.0013750836970044071,0.7800909758127519,-0.010140279914439517,O1_lag0_AB,1.6966212222691528,0.07719687064647814,False,0.0,0.0,q1,mid,high,low,low,mid,low,high,A_side,near,phase=q1|str=mid|ab=high|ac=low|bc=low|tfc=mid|mem=low|dphi=high|side=A_side|dist=near,side=A_side|tfc=mid,0.4027700122546058,1.293851210014547,neutral,1.75,1.0,1.1393900285268395,-1.9352245941592559,,1.75,1.0,1.1393900285268395,0.40913763893987615,,1.75,1.0,1.1393900285268395,0.3685402050345389,,1.75,1.0,1.1393900285268395,1.9800936457038583,,1.75,1.0,1.1393900285268395,0.6065863860950265,,1.75,1.0,1.1393900285268395,-0.7589583820951424,,1.75,1.0,1.1393900285268395,0.4110533708950507,,1.2517419012664042,1.2706760933847336,1.2706760933847336,1.2706760933847336,1.2706760933847336,1.2517419012664042,1.2706760933847336,0.7115680669648201,0.7093409314018366,0.7093409314018366,0.7093409314018366,0.7093409314018366,0.7115680669648201,0.7093409314018366,-0.12516871567566562,-0.13676442514406953,-0.13676442514406953,-0.13676442514406953,-0.13676442514406953,-0.12516871567566562,-0.13676442514406953,-1.1176561950501789,0.3067209454882978,0.2451028213147393,1.0806925563302785,0.3674790794286924,-0.45509318790631775,0.2836547237127818,0.18012126437634496,0.5374933862826996,0.52208885523931,0.7309862889931948,0.5526829197677983,0.3457620161623102,0.5317268308388206
P3,386.0,-0.0085337740451212,0.214533635350916,O3_A_C_boundary,A-side boundary projection dominates current C-state,0.1333014444900549,0.1756703068650771,0.1685866487197014,0.1333014444900549,0.1591861333582778,0.0870176344703572,0.610843229443301,0.13330144449005496,0.20635988829565752,0.1632302453422472,0.2636987651487451,0.1632302453422472,0.0111503753584922,-0.5197253942281229,0.060224910953042894,0.18538643792862525,1.2563322868046496,0.7804991928101821,-0.9441216263237059,O4_B_C_boundary,1.2563322868046496,0.18538643792862525,False,0.0,0.0,q4,mid,mid,high,mid,high,mid,high,A_side,near,phase=q4|str=mid|ab=mid|ac=high|bc=mid|tfc=high|mem=mid|dphi=high|side=A_side|dist=near,side=A_side|tfc=high,0.11694225827781014,1.1393900285268395,good,1.0,1.0,0.5000683941704624,1.9010747795753882,,1.0,1.0,0.5000683941704624,,,1.0,1.0,0.5000683941704624,0.059169283161843694,,1.0,1.0,0.5000683941704624,,,1.0,1.0,0.5000683941704624,0.06338123698434595,,1.0,1.0,0.5000683941704624,1.6681321314586728,,1.0,1.0,0.5000683941704624,0.5875234218037063,,0.5761986529639004,0.5904681921551147,0.5904681921551147,0.5904681921551147,0.5904681921551147,0.5761986529639004,0.5904681921551147,0.7115680669648201,0.7093409314018366,0.7093409314018366,0.7093409314018366,0.7093409314018366,0.7115680669648201,0.7093409314018366,-1.0310061601089355,-1.0200368663556068,-1.0200368663556068,-1.0200368663556068,-1.0200368663556068,-1.0310061601089355,-1.0200368663556068,1.1205308657562996,,0.041927178247575345,,0.017343598515203822,1.0352522159118578,0.401419304754751,0.34432285639402116,0.09325741906711486,0.08042485886222998,0.09325741906711486,0.0742789639291371,0.3230031939329107,0.17029789048902388
P3,402.0,0.1225316456020449,0.2252609660404127,O5_full_TFC,full triadic projection is already active,0.2901172368495673,0.182467497751277,0.506297464344966,0.182467497751277,0.3262940663152701,0.1788026069885935,1.073230182203938,0.29011723684956736,,0.1151346020070914,,0.1151346020070914,0.0985614159836074,0.6350607708348471,,-0.2743741605705899,,0.2050856063926574,0.10918966666500841,O1_lag0_AB,0.6350607708348471,0.2050856063926574,False,0.0,0.0,q1,mid,high,high,high,high,high,high,B_side,far,phase=q1|str=mid|ab=high|ac=high|bc=high|tfc=high|mem=high|dphi=high|side=B_side|dist=far,side=B_side|tfc=high,0.13499237666438463,0.5000683941704624,good,-1.0,0.0,0.0,,,-1.0,0.0,0.0,,,-1.0,0.0,0.0,,,-1.0,0.0,0.0,,,-1.0,0.0,0.0,,,-1.0,0.0,0.0,,,-1.0,0.0,0.0,0.6350607708348471,,-1.22525000917611,-1.2234195444572022,-1.2234195444572022,-1.2234195444572022,-1.2234195444572022,-1.22525000917611,-1.2234195444572022,-1.4053469322555197,-1.4097593353646567,-1.4097593353646567,-1.4097593353646567,-1.4097593353646567,-1.4053469322555197,-1.4097593353646567,-1.7395394739756702,-1.710920151943691,-1.710920151943691,-1.710920151943691,-1.710920151943691,-1.7395394739756702,-1.710920151943691,,,,,,,0.43314262530502334,-1.4567121384691,-1.4480330105885166,-1.4480330105885166,-1.4480330105885166,-1.4480330105885166,-1.4567121384691,-0.9777391016151317
P3,416.0,-0.0580048809586029,0.2977705592876419,O1_lag0_AB,default immediate AB readout,,,,,,0.0382186244887522,0.615837530976159,,,,,,,,,,,,,O7_suppress_event,0.0,,False,0.0,0.0,q4,high,missing,missing,missing,missing,mid,low,missing,missing,phase=q4|str=high|ab=missing|ac=missing|bc=missing|tfc=missing|mem=mid|dphi=low|side=missing|dist=missing,side=missing|tfc=missing,0.0,0.0,bad,,,,,,,,,,,,,,,,,,,,,,,,,,,,,,,,,,,,,,,,,,,,,,,,,,,,,,,,,,,,,,,,,,,,,,
P4,46.0,-0.0697558435556886,0.2648866242884835,O2_lag5_AB,current AB is active; read short-lag future AB,0.3092510567784998,0.0487722655054681,0.0404423907502454,0.0404423907502454,0.1328219043447378,0.0856240563564526,0.8707094894484974,0.3092510567784998,0.3002384955549364,0.0681241033943471,0.148066612578363,0.0681241033943471,0.0423763776046393,0.7759615704691195,0.7360591217998834,-0.7237615370389127,-0.18754423411411977,-0.357345369268345,-0.5678453508607704,O1_lag0_AB,0.7759615704691195,0.7360591217998834,False,0.0,0.0,q4,high,high,low,low,low,high,high,A_side,near,phase=q4|str=high|ab=high|ac=low|bc=low|tfc=low|mem=high|dphi=high|side=A_side|dist=near,side=A_side|tfc=low,-0.046353685573306415,0.822315256042426,bad,1.5,1.0,1.3311337089726485,0.3327834272431621,,1.5,1.0,1.3311337089726485,-2.457727428387895,,1.5,1.0,1.3311337089726485,,,1.5,1.0,1.3311337089726485,,,1.5,1.0,1.3311337089726485,-0.3001960101617497,,1.5,1.0,1.3311337089726485,0.132358480365059,,1.5,1.0,1.3311337089726485,-1.0699091337161086,,1.026560818498903,1.043940126308194,1.043940126308194,1.043940126308194,1.043940126308194,1.026560818498903,1.043940126308194,0.7115680669648201,0.7093409314018366,0.7093409314018366,0.7093409314018366,0.7093409314018366,0.7115680669648201,0.7093409314018366,0.1465076927976975,0.12814434629889285,0.12814434629889285,0.12814434629889285,0.12814434629889285,0.1465076927976975,0.12814434629889285,0.20555289599802035,-1.6125945039994682,,,-0.21700855092062982,0.09221643317911962,-0.7046428825743838,0.5225473685648602,0.06720772500236383,0.6271418013363078,0.6271418013363078,0.4161042132720734,0.494213252860135,0.29419563035863494
P4,75.0,0.0674351507271623,0.2734386818911624,O4_B_C_boundary,B-side boundary projection dominates current C-state,0.4405609695500123,0.1256205151408027,0.1856953381770518,0.1256205151408027,0.2506256076226222,0.2498373664924196,1.5138587867018853,0.4405609695500123,0.12556666324079407,,,0.125566663240794,0.1316190942048014,1.7429233051427122,-0.5214073382975222,,,0.3298942034288112,0.5075378105763177,O1_lag0_AB,1.7429233051427122,,False,0.0,0.0,q1,high,high,mid,mid,high,high,high,B_side,near,phase=q1|str=high|ab=high|ac=mid|bc=mid|tfc=high|mem=high|dphi=high|side=B_side|dist=near,side=B_side|tfc=high,0.41178959617006383,1.3311337089726485,good,0.0,1.0,0.7048370551227586,-0.5530821819919047,,0.0,1.0,0.7048370551227586,1.6874106566375178,,0.0,1.0,0.7048370551227586,,,0.0,1.0,0.7048370551227586,,,0.0,1.0,0.7048370551227586,0.3147294948428818,,0.0,1.0,0.7048370551227586,0.45948352299013884,,0.0,1.0,0.7048370551227586,1.8019475009865311,,-0.32452567810610483,-0.3164756761510437,-0.3164756761510437,-0.3164756761510437,-0.3164756761510437,-0.32452567810610483,-0.3164756761510437,0.7115680669648201,0.7093409314018366,0.7093409314018366,0.7093409314018366,0.7093409314018366,0.7115680669648201,0.7093409314018366,-0.7408750108263279,-0.7371330737676466,-0.7371330737676466,-0.7371330737676466,-0.7371330737676466,-0.7408750108263279,-0.7371330737676466,-0.31128188435781534,1.1625021189696416,,,0.17935594925625759,0.293086281677789,1.211846582107737,-0.166278626581357,0.20455857511319697,-0.1147559395056179,-0.1147559395056179,-0.04122796731514902,-0.015186585072455905,0.21689469089772084
P4,111.0,-0.0359898413951997,0.1098754577328733,O3_A_C_boundary,A-side boundary projection dominates current C-state,0.1373808076906784,0.2251916598232802,0.0657941002458069,0.0657941002458069,0.1427888559199218,0.1052992005549761,0.2573353238380125,0.13738080769067842,0.1273241229637237,0.153643936670258,0.0206051857174762,0.0206051857174762,0.0340697553014049,-0.4896851022685789,-0.5087553461172286,0.09374805434949655,-1.7791306352685938,-0.9258590421718705,-0.6679409339360597,O3_A_C_boundary,0.09374805434949655,0.09374805434949655,True,0.0,0.0,q4,low,mid,high,low,mid,low,high,A_side,mid,phase=q4|str=low|ab=mid|ac=high|bc=low|tfc=mid|mem=low|dphi=high|side=A_side|dist=mid,side=A_side|tfc=mid,-0.6110890007732621,0.7048370551227586,neutral,0.25,1.0,0.9207821647949761,-0.909392876015321,,0.25,1.0,0.9207821647949761,0.8326989416654691,,0.25,1.0,0.9207821647949761,-0.4146913203300855,,0.25,1.0,0.9207821647949761,-0.5650050363205721,,0.25,1.0,0.9207821647949761,-0.3454633744744725,,0.25,1.0,0.9207821647949761,-0.1381728471776582,,0.25,1.0,0.9207821647949761,0.028410744947119843,,-0.09934459533860351,-0.0897397090745041,-0.0897397090745041,-0.0897397090745041,-0.0897397090745041,-0.09934459533860351,-0.0897397090745041,0.7115680669648201,0.7093409314018366,0.7093409314018366,0.7093409314018366,0.7093409314018366,0.7115680669648201,0.7093409314018366,-0.4349082551724685,-0.43878815012073397,-0.43878815012073397,-0.43878815012073397,-0.43878815012073397,-0.4349082551724685,-0.43878815012073397,-0.5191619029116928,0.5902877451229073,-0.2692750907177176,-0.31645021645692006,-0.2461866807658089,-0.07390226669654462,0.0283040378511799,-0.08546167161448619,0.19277520433237644,-0.022115504627779767,-0.03390928606258038,-0.016343402139802593,0.025853237439300868,0.05227927751444461
P4,137.0,0.1465594768753612,0.2148743669364178,O3_A_C_boundary,A-side boundary projection dominates current C-state,0.0488000245551973,0.1683369340581236,0.0751850691759079,0.0488000245551973,0.0974406759297429,0.057100267928687,0.0490428071704455,0.04880002455519735,0.23083562347296588,0.1146001435096812,0.0110826163602144,0.0110826163602144,0.0340964200789708,-1.141990978584816,0.2364262804808966,-0.27948320874216703,-1.8980371332290287,-1.0397865292747703,-0.6676196208486701,O2_lag5_AB,0.2364262804808966,-0.27948320874216703,False,0.0,0.0,q1,mid,low,mid,low,mid,low,mid,A_side,mid,phase=q1|str=mid|ab=low|ac=mid|bc=low|tfc=mid|mem=low|dphi=mid|side=A_side|dist=mid,side=A_side|tfc=mid,-0.6843558843140795,0.9207821647949761,neutral,-1.0,0.0,0.7473432518770705,1.56525307203498,,-1.0,0.0,0.7473432518770705,-0.07836901057683493,,-1.0,0.0,0.7473432518770705,-0.9944811865025143,,-1.0,0.0,0.7473432518770705,1.408471665239263,,-1.0,0.0,0.7473432518770705,0.2948251718685045,,-1.0,0.0,0.7473432518770705,-0.33018357309267315,,-1.0,0.0,0.7473432518770705,-0.6514437485453877,,-1.22525000917611,-1.2234195444572022,-1.2234195444572022,-1.2234195444572022,-1.2234195444572022,-1.22525000917611,-1.2234195444572022,-1.4053469322555197,-1.4097593353646567,-1.4097593353646567,-1.4097593353646567,-1.4097593353646567,-1.4053469322555197,-1.4097593353646567,-0.6806491361314001,-0.6784074650032941,-0.6784074650032941,-0.6784074650032941,-0.6784074650032941,-0.6806491361314001,-0.6784074650032941,0.9246046026234085,-0.019656132668922615,-0.6500451326801034,0.7668982329851579,0.16652615611401517,-0.19180569932635083,-0.4253864279439902,-0.5966603687349054,-0.8328106193735189,-0.9904078693763141,-0.6361720279599987,-0.7862650471777844,-0.8757629442223451,-0.9342431931922858
P4,143.0,-0.4245279512219441,0.4289376871158155,O6_phase_only,phase or closed-loop memory is high,0.3206312156483286,0.1241878010093984,0.0018850454548944,0.0018850454548944,0.1489013540375404,0.0074093731046374,1.3062693086409387,0.3206312156483286,0.2879509514617576,0.0917393326824446,0.1734571568455988,0.0917393326824446,0.0665054660898107,0.8597646735964415,0.6476008147595594,-0.4980165173594348,0.1295026244444977,-0.07481408708870248,-0.27708755631676457,O1_lag0_AB,0.8597646735964415,-0.27708755631676457,False,0.0,0.0,q4,high,high,mid,low,low,high,low,A_side,mid,phase=q4|str=high|ab=high|ac=mid|bc=low|tfc=low|mem=high|dphi=low|side=A_side|dist=mid,side=A_side|tfc=low,0.11242142171937099,0.7473432518770705,bad,1.5,1.0,0.7092434904380298,-0.2851962079201279,,1.5,1.0,0.7092434904380298,-0.8662490405283252,,1.5,1.0,0.7092434904380298,0.7366624099558382,,1.5,1.0,0.7092434904380298,-0.018858978495240056,,1.5,1.0,0.7092434904380298,1.1118896332946515,,1.5,1.0,0.7092434904380298,-0.20165210968772113,,1.5,1.0,0.7092434904380298,-0.2098973765457906,,1.026560818498903,1.043940126308194,1.043940126308194,1.043940126308194,1.043940126308194,1.026560818498903,1.043940126308194,0.7115680669648201,0.7093409314018366,0.7093409314018366,0.7093409314018366,0.7093409314018366,0.7115680669648201,0.7093409314018366,-0.7346316524124301,-0.731045241495431,-0.731045241495431,-0.731045241495431,-0.731045241495431,-0.7346316524124301,-0.731045241495431,-0.15499092201946696,-0.5471278756059923,0.48686266499831754,-0.016641009463838216,0.6931840101625852,-0.1128814586926086,-0.13072723086556068,0.2121265777579565,0.11877698515215185,0.37727462030322934,0.25139870168769035,0.42885495659429623,0.2226539435896711,0.22287714633725975
P4,162.0,0.1372295300383631,0.2155012112356108,O4_B_C_boundary,B-side boundary projection dominates current C-state,0.2891003803017405,0.0773922459271149,0.3912480816463573,0.0773922459271149,0.2525802359584043,0.0451889234251002,0.6864707496303125,0.28910038030174057,0.19702173303330567,0.1813746920475085,0.1836222999820773,0.1813746920475085,0.0716517929634544,0.6275726737776833,-0.007000679378380063,0.3588346153137552,0.25643281799603856,0.9975783382013916,-0.21507383156695614,O5_full_TFC,0.9975783382013916,0.25643281799603856,False,0.0,0.0,q1,mid,high,low,high,mid,mid,mid,B_side,far,phase=q1|str=mid|ab=high|ac=low|bc=high|tfc=mid|mem=mid|dphi=mid|side=B_side|dist=far,side=B_side|tfc=mid,0.28833484776336177,0.7092434904380298,neutral,1.75,1.0,0.40266990573176004,-0.21484135650147498,,1.75,1.0,0.40266990573176004,1.1052464940127118,,1.75,1.0,0.40266990573176004,0.005053420597442265,,1.75,1.0,0.40266990573176004,0.5972029121282288,,1.75,1.0,0.40266990573176004,0.014676698220195947,,1.75,1.0,0.40266990573176004,0.1267812475936062,,1.75,1.0,0.40266990573176004,0.5118956768931785,,1.2517419012664042,1.2706760933847336,1.2706760933847336,1.2706760933847336,1.2706760933847336,1.2517419012664042,1.2706760933847336,0.7115680669648201,0.7093409314018366,0.7093409314018366,0.7093409314018366,0.7093409314018366,0.7115680669648201,0.7093409314018366,-1.1690074307022549,-1.1546004350359855,-1.1546004350359855,-1.1546004350359855,-1.1546004350359855,-1.1690074307022549,-1.1546004350359855,-0.1139442510562213,0.7727535102200169,0.006387234447747476,0.32154879203712183,-0.014050041863158353,0.08879175528575663,0.3509502894817442,0.17008957161818702,0.3995425249926504,0.20795095604958305,0.28674134544692664,0.2028416369718566,0.22077357320368152,0.29409171980808224
P4,191.0,-0.0035102366707842,0.3521966995453168,O4_B_C_boundary,B-side boundary projection dominates current C-state,0.1931053471457038,0.1062800987641369,0.2379517873157357,0.1062800987641369,0.1791124110751921,0.0403612487008318,0.6668310244682246,0.19310534714570388,0.2631530426807546,0.1314504490423413,0.1849804712776971,0.1314504490423413,0.0496538925437093,-0.07933148769357622,0.46908011019292245,-0.1184061127855849,0.27339204258487104,0.4002874876227272,-0.48015060869322274,O2_lag5_AB,0.46908011019292245,0.27339204258487104,False,0.0,0.0,q4,high,mid,mid,high,high,mid,low,B_side,mid,phase=q4|str=high|ab=mid|ac=mid|bc=high|tfc=high|mem=mid|dphi=low|side=B_side|dist=mid,side=B_side|tfc=high,0.0664102044611624,0.40266990573176004,good,-1.0,0.0,1.381688540895252,-2.006685975657551,,-1.0,0.0,1.381688540895252,0.14367299138697737,,-1.0,0.0,1.381688540895252,-1.735294500921931,,-1.0,0.0,1.381688540895252,-2.2758216843264134,,-1.0,0.0,1.381688540895252,-1.9543738430986857,,-1.0,0.0,1.381688540895252,1.2946528541099582,,-1.0,0.0,1.381688540895252,-0.31928028763679783,,-1.22525000917611,-1.2234195444572022,-1.2234195444572022,-1.2234195444572022,-1.2234195444572022,-1.22525000917611,-1.2234195444572022,-1.4053469322555197,-1.4097593353646567,-1.4097593353646567,-1.4097593353646567,-1.4097593353646567,-1.4053469322555197,-1.4097593353646567,0.21813745986889505,0.19798976902148072,0.19798976902148072,0.19798976902148072,0.19798976902148072,0.21813745986889505,0.19798976902148072,-1.1593484416229831,0.12899705985875123,-1.136565393339308,-1.2556103096223912,-1.2832472491362732,0.8059187315157684,-0.20372223841191833,-0.8929519807964295,-0.5765480127354067,-0.8929386260349215,-0.9226998551056923,-0.9296090899841628,-0.40163518751174154,-0.659727837303074
P4,215.0,0.1438164784339478,0.1441007134416144,O1_lag0_AB,default immediate AB readout,0.011945052445269,0.0577116604557885,0.0185549004889606,0.011945052445269,0.029403871130006,0.0126176515176062,0.6520580072321854,0.01194505244526903,0.3015675078623494,0.0154241340688064,0.0552506405089453,0.0154241340688064,0.1647713834651581,-1.4133897405714635,0.7456267113733581,-1.2275362608565743,-1.3465194832837957,-0.9878448542713286,0.9070260264428266,O6_phase_only,0.9070260264428266,-1.4133897405714635,False,0.0,0.0,q1,low,low,low,low,low,mid,low,A_side,near,phase=q1|str=low|ab=low|ac=low|bc=low|tfc=low|mem=mid|dphi=low|side=A_side|dist=near,side=A_side|tfc=low,-0.4746625144524253,1.381688540895252,bad,-1.0,0.0,0.7968483259980744,2.5196278485138084,,-1.0,0.0,0.7968483259980744,-0.2780310025096154,,-1.0,0.0,0.7968483259980744,0.06884555792754465,,-1.0,0.0,0.7968483259980744,1.8459387629852082,,-1.0,0.0,0.7968483259980744,0.18170209178498284,,-1.0,0.0,0.7968483259980744,-0.40950169604623965,,-1.0,0.0,0.7968483259980744,0.16529994162455297,,-1.22525000917611,-1.2234195444572022,-1.2234195444572022,-1.2234195444572022,-1.2234195444572022,-1.22525000917611,-1.2234195444572022,-1.4053469322555197,-1.4097593353646567,-1.4097593353646567,-1.4097593353646567,-1.4097593353646567,-1.4053469322555197,-1.4097593353646567,-0.6105067423527271,-0.610012364131668,-0.610012364131668,-0.610012364131668,-0.610012364131668,-0.6105067423527271,-0.610012364131668,1.4814092384919386,-0.15332630436949884,0.04828195566529548,1.007047661478741,0.09361005045429405,-0.2405106814121834,0.11965494307777855,-0.4399236113231046,-0.8491293870807565,-0.7987273220720579,-0.5590358956186965,-0.7873952983748083,-0.8704035912991351,-0.7808840752189371
P4,227.0,-0.039195125425648,0.1517510774289366,O2_lag5_AB,current AB is active; read short-lag future AB,0.3060990816909708,0.0176772392735035,0.1763869450556019,0.0176772392735035,0.1667210886733587,0.031965138100211,0.464713889920687,0.30609908169097083,0.23158716068111873,0.0330346051573085,0.1844922302489706,0.0330346051573085,0.1115563219884117,0.7527505330542338,0.24183661379135182,-1.059192515642866,0.2672954704614876,-0.777154163288719,0.26577951101762715,O1_lag0_AB,0.7527505330542338,0.24183661379135182,False,0.0,0.0,q4,low,high,low,mid,low,low,low,B_side,mid,phase=q4|str=low|ab=high|ac=low|bc=mid|tfc=low|mem=low|dphi=low|side=B_side|dist=mid,side=B_side|tfc=low,-0.04409779294384068,0.7968483259980744,bad,-1.0,0.0,1.4535468214586613,-2.5578075776613103,,-1.0,0.0,1.4535468214586613,-1.3831406328228015,,-1.0,0.0,1.4535468214586613,2.1753297540617655,,-1.0,0.0,1.4535468214586613,-2.5569343334282286,,-1.0,0.0,1.4535468214586613,-0.45123586781362346,,-1.0,0.0,1.4535468214586613,0.37016798666263695,,-1.0,0.0,1.4535468214586613,-0.19326879722254778,,-1.22525000917611,-1.2234195444572022,-1.2234195444572022,-1.2234195444572022,-1.2234195444572022,-1.22525000917611,-1.2234195444572022,-1.4053469322555197,-1.4097593353646567,-1.4097593353646567,-1.4097593353646567,-1.4097593353646567,-1.4053469322555197,-1.4097593353646567,0.31995150420740315,0.29726755892202683,0.29726755892202683,0.29726755892202683,0.29726755892202683,0.31995150420740315,0.29726755892202683,-1.4808857144909569,-0.893177653151276,1.4316901912217799,-1.4099282968995128,-0.31436479520996413,0.23824242714830018,-0.11963040357253475,-0.9478827879287959,-0.807272243512777,-0.22605528241951311,-0.9364599044498363,-0.6625690290274491,-0.5181007525189816,-0.6138854311180918
P4,239.0,0.2335857760314573,0.2621130311885552,O4_B_C_boundary,B-side boundary projection dominates current C-state,0.0287782565181425,0.0084455466644375,0.2280789485533652,0.0084455466644375,0.0884342505786484,0.0281516663416062,0.7415065455974371,0.028778256518142527,0.09264263259293956,0.2534187057593695,0.0287765759022959,0.0287765759022959,0.1445513767163525,-1.289430597907623,-0.7584281774471214,1.0475248285131575,-1.6770960525953544,-0.8280969871038357,0.6633730359222495,O3_A_C_boundary,1.0475248285131575,-1.6770960525953544,False,0.0,0.0,q1,high,low,low,high,low,mid,low,B_side,far,phase=q1|str=high|ab=low|ac=low|bc=high|tfc=low|mem=mid|dphi=low|side=B_side|dist=far,side=B_side|tfc=low,-0.4060219929455039,1.4535468214586613,bad,-1.0,0.0,3.5798644584079233,-2.3846184109919037,,-1.0,0.0,3.5798644584079233,2.70091912056226,,-1.0,0.0,3.5798644584079233,-4.475286968452579,,-1.0,0.0,3.5798644584079233,-2.3158651866543725,,-1.0,0.0,3.5798644584079233,-2.1716013546671133,,-1.0,0.0,3.5798644584079233,-3.8337975291060293,,-1.0,0.0,3.5798644584079233,-2.403973129335094,,-1.22525000917611,-1.2234195444572022,-1.2234195444572022,-1.2234195444572022,-1.2234195444572022,-1.22525000917611,-1.2234195444572022,-1.4053469322555197,-1.4097593353646567,-1.4097593353646567,-1.4097593353646567,-1.4097593353646567,-1.4053469322555197,-1.4097593353646567,3.332673162292016,3.234940349973553,3.234940349973553,3.234940349973553,3.234940349973553,3.332673162292016,3.234940349973553,-1.379843091340834,1.8410281072229182,-2.936022589315872,-1.2775923609549134,-1.4232662812738983,-2.3431860977656793,-1.5949100226261885,-0.1694417176201119,0.6106973943436531,-0.5835652797910444,-0.16895772270080478,-0.20537620278055102,-0.41027746922632324,-0.24828713811862357
P4,255.0,-0.0518678813636519,0.1498301775235,O3_A_C_boundary,A-side boundary projection dominates current C-state,0.0659009012743387,0.2745425221926681,0.0290179729675828,0.0290179729675828,0.1231537988115298,0.059343763779919,0.14301896649923979,0.0659009012743387,0.6810002053858011,0.0581579250106152,0.0612833266544224,0.0581579250106152,0.0386157647302354,-1.0160607036515465,3.477171257960186,-0.819031208483462,-1.2711904879317066,-0.4765801699486841,-0.613161091078949,O2_lag5_AB,3.477171257960186,-0.819031208483462,False,0.0,0.0,q4,low,low,high,low,low,low,mid,A_side,far,phase=q4|str=low|ab=low|ac=high|bc=low|tfc=low|mem=low|dphi=mid|side=A_side|dist=far,side=A_side|tfc=low,-0.10269320044773744,3.5798644584079233,bad,1.75,1.0,0.9704353252419432,4.735840792922218,,1.75,1.0,0.9704353252419432,-1.1491970324467096,,1.75,1.0,0.9704353252419432,3.138540957665849,,1.75,1.0,0.9704353252419432,3.8096156944959336,,1.75,1.0,0.9704353252419432,3.6014426820226455,,1.75,1.0,0.9704353252419432,2.286316109595188,,1.75,1.0,0.9704353252419432,1.8434447279067376,,1.2517419012664042,1.2706760933847336,1.2706760933847336,1.2706760933847336,1.2706760933847336,1.2517419012664042,1.2706760933847336,0.7115680669648201,0.7093409314018366,0.7093409314018366,0.7093409314018366,0.7093409314018366,0.7115680669648201,0.7093409314018366,-0.3645560419041093,-0.37018845650014637,-0.37018845650014637,-0.37018845650014637,-0.37018845650014637,-0.3645560419041093,-0.37018845650014637,2.7743998664204024,-0.7365565510185715,2.064267598681835,2.085016485370033,2.2978831839519134,1.414845661391065,1.239539119835803,1.0932884481868794,0.2183180043169631,0.9185240417420647,0.9237112634141142,0.9769279380595843,0.753399896929545,0.7123419220305567
P4,263.0,0.0912396829842632,0.1398018851845855,O2_lag5_AB,current AB is active; read short-lag future AB,0.4077179314831503,0.1202507737658317,0.0915664854117192,0.0915664854117192,0.2065117302202337,0.1146746782394163,0.25470827393102946,0.4077179314831503,0.25183810214338276,0.1836779366124235,0.2076117421240108,0.1836779366124235,0.0781946515750678,1.5010682890911473,0.38762359808539104,0.38085201702051935,0.5559843829259916,1.0251342273337791,-0.13623176751239874,O1_lag0_AB,1.5010682890911473,0.38762359808539104,False,0.0,0.0,q1,low,high,mid,low,mid,low,high,A_side,near,phase=q1|str=low|ab=high|ac=mid|bc=low|tfc=mid|mem=low|dphi=high|side=A_side|dist=near,side=A_side|tfc=mid,0.5306329638492041,0.9704353252419432,neutral,-1.0,0.0,0.6681306195027314,-0.41607697132881427,,0.0,1.0,1.5565515915908672,-0.5547669571041558,,0.0,1.0,1.5565515915908672,-1.1412760108614581,,0.0,1.0,1.5565515915908672,-1.0725566258783843,,0.0,1.0,1.5565515915908672,-1.3521193457139373,,-1.0,0.0,0.6681306195027314,-0.15914935552638632,,0.0,1.0,1.5565515915908672,0.24199722681370955,,-1.22525000917611,-0.3164756761510437,-0.3164756761510437,-0.3164756761510437,-0.3164756761510437,-1.22525000917611,-0.3164756761510437,-1.4053469322555197,0.7093409314018366,0.7093409314018366,0.7093409314018366,0.7093409314018366,-1.4053469322555197,0.7093409314018366,-0.7928833616304948,0.43957664073919406,0.43957664073919406,0.43957664073919406,0.43957664073919406,-0.7928833616304948,0.43957664073919406,-0.2313498300795078,-0.33859613068090233,-0.7464508732633529,-0.5950728255430635,-0.8950501408810376,-0.08678280931788487,0.17083769964666917,-0.913707533285408,0.12346144132727116,0.021497755681658515,0.059342267611730865,-0.015652061222762664,-0.8775657780950024,0.250819898909164
P4,267.0,-0.0739538168085068,0.1032980605768089,O4_B_C_boundary,B-side boundary projection dominates current C-state,0.2723962389462973,0.010952055449204,0.3412155121763469,0.010952055449204,0.2081879355239494,0.0972794064191365,0.7419978200746147,0.2723962389462973,0.2814288172082593,0.1902039793609255,0.1791574723309033,0.1791574723309033,0.0397300367472931,0.5045639445784011,0.6006478231788872,0.4432364059551732,0.20068137108290474,0.9710516455419989,-0.5997340080624934,O5_full_TFC,0.9710516455419989,0.20068137108290474,False,0.0,0.0,q4,low,high,low,high,low,mid,high,B_side,far,phase=q4|str=low|ab=high|ac=low|bc=high|tfc=low|mem=mid|dphi=high|side=B_side|dist=far,side=B_side|tfc=low,0.30292102603926735,0.6681306195027314,bad,1.75,1.0,1.5565515915908672,-1.784042405235908,,1.75,1.0,1.5565515915908672,-1.2978078257468004,,1.75,1.0,1.5565515915908672,-1.7336770433452604,,1.75,1.0,1.5565515915908672,-1.2472702575844459,,1.75,1.0,1.5565515915908672,-1.8280534074713055,,1.75,1.0,1.5565515915908672,1.959923551502209,,1.75,1.0,1.5565515915908672,-0.2880194167354389,,1.2517419012664042,1.2706760933847336,1.2706760933847336,1.2706760933847336,1.2706760933847336,1.2517419012664042,1.2706760933847336,0.7115680669648201,0.7093409314018366,0.7093409314018366,0.7093409314018366,0.7093409314018366,0.7115680669648201,0.7093409314018366,0.46589616293137565,0.43957664073919406,0.43957664073919406,0.43957664073919406,0.43957664073919406,0.46589616293137565,0.43957664073919406,-1.0294529590385875,-0.8360488482990165,-1.1355031474718404,-0.6909826185776368,-1.2018244817895258,1.2144255921444211,-0.18286077582520893,0.34993829303100316,0.3958862043066869,0.32102262951348093,0.4321527617370319,0.3044422959340596,0.9109079308267554,0.5591832224251388
P4,290.0,0.0421503889556875,0.2220404386982802,O4_B_C_boundary,B-side boundary projection dominates current C-state,0.0961690296380518,0.1440536894366067,0.2673324560932646,0.0961690296380518,0.1691850583893077,0.0523990371003584,0.6646801688560037,0.09616902963805189,0.15252794419511073,0.0599461558553374,0.1144862666586508,0.0599461558553374,0.198923907695423,-0.7931672351376543,-0.32731246866597935,-0.8019369765237186,-0.6068555758128817,-0.45518587615509415,1.3185671681401236,O6_phase_only,1.3185671681401236,-0.6068555758128817,False,0.0,0.0,q1,mid,low,mid,high,mid,mid,mid,B_side,mid,phase=q1|str=mid|ab=low|ac=mid|bc=high|tfc=mid|mem=mid|dphi=mid|side=B_side|dist=mid,side=B_side|tfc=mid,-0.2379844234507435,1.5565515915908672,neutral,-1.0,0.0,1.956285129389203,-1.21838780638766,,-1.0,0.0,1.956285129389203,-1.1052015116676246,,-1.0,0.0,1.956285129389203,2.609575427011143,,-1.0,0.0,1.956285129389203,-0.1996128954559823,,-1.0,0.0,1.956285129389203,-0.14158759455760722,,-1.0,0.0,1.956285129389203,-2.307220361902865,,-1.0,0.0,1.956285129389203,-0.43570002162775423,,-1.22525000917611,-1.2234195444572022,-1.2234195444572022,-1.2234195444572022,-1.2234195444572022,-1.22525000917611,-1.2234195444572022,-1.4053469322555197,-1.4097593353646567,-1.4097593353646567,-1.4097593353646567,-1.4097593353646567,-1.4053469322555197,-1.4097593353646567,1.0322677463019965,0.9918395375215145,0.9918395375215145,0.9918395375215145,0.9918395375215145,1.0322677463019965,0.9918395375215145,-0.6994367948424822,-0.7071023281108062,1.7168758296022628,-0.1158666428423456,-0.11477381701686945,-1.4057973798708117,-0.2814131617604876,-0.5744414974930289,-0.5871104176027877,0.018884121825479605,-0.4393014962856725,-0.4390282898293035,-0.7510316437501112,-0.480688126015208
P4,304.0,-0.0107232546775996,0.0449362444391181,O3_A_C_boundary,A-side boundary projection dominates current C-state,0.0326819385752245,0.3611995738965857,0.1087757603454067,0.0326819385752245,0.1675524242724056,0.0556230463266251,0.6063819894698232,0.03268193857522455,0.08722203705603791,0.3315777850896098,0.1393317523086336,0.0872220370560379,0.0527898074722036,-1.2606840159180481,-0.79745116696468,1.794670777692143,-0.2966147597128877,-0.12885875926795767,-0.4423625377079897,O3_A_C_boundary,1.794670777692143,1.794670777692143,True,0.0,0.0,q4,low,low,high,low,low,mid,mid,A_side,far,phase=q4|str=low|ab=low|ac=high|bc=low|tfc=low|mem=mid|dphi=mid|side=A_side|dist=far,side=A_side|tfc=low,-0.16161435169706004,1.956285129389203,bad,1.75,1.0,1.2664498311470909,1.0029603684396835,,1.75,1.0,1.2664498311470909,2.9087344024435953,,1.75,1.0,1.2664498311470909,-1.3880520855517233,,1.75,1.0,1.2664498311470909,0.5602820216571537,,1.75,1.0,1.2664498311470909,1.3369171818188053,,1.75,1.0,1.2664498311470909,0.4618958715032791,,1.75,1.0,1.2664498311470909,-0.05389067261600808,,1.2517419012664042,1.2706760933847336,1.2706760933847336,1.2706760933847336,1.2706760933847336,1.2517419012664042,1.2706760933847336,0.7115680669648201,0.7093409314018366,0.7093409314018366,0.7093409314018366,0.7093409314018366,0.7115680669648201,0.7093409314018366,0.05485886466985812,0.03877855042444698,0.03877855042444698,0.03877855042444698,0.03877855042444698,0.05485886466985812,0.03877855042444698,0.5965498469937097,1.9801567623173435,-0.9085181010599492,0.30128091179701283,0.8382307370764976,0.2945675748141138,-0.026618550477979685,0.6536796699736981,0.9997380843820902,0.27756936853776704,0.5800191217520075,0.7142565780718788,0.5781841019287991,0.4980442561832594
P4,329.0,0.2159341082255085,0.32587396722447,O5_full_TFC,full triadic projection is already active,0.1817344510740605,0.436514032797409,0.2598685431249541,0.1817344510740605,0.2927056756654746,0.4453102456796978,1.2804554591516972,0.18173445107406055,0.4386017243720046,0.1823761124713642,0.1834311806589456,0.1823761124713642,0.094374688496462,-0.16306637988988545,1.732139126475939,0.368407491805142,0.2540463476482191,1.0095592761334844,0.058739205129038005,O2_lag5_AB,1.732139126475939,1.0095592761334844,False,0.0,0.0,q1,high,mid,high,high,high,high,high,A_side,far,phase=q1|str=high|ab=mid|ac=high|bc=high|tfc=high|mem=high|dphi=high|side=A_side|dist=far,side=A_side|tfc=high,0.4656892953288482,1.2664498311470909,good,0.0,1.0,1.2409369944686728,1.8586991255520262,,0.0,1.0,1.2409369944686728,-2.1238869884274125,,0.0,1.0,1.2409369944686728,-1.2955952765339758,,0.0,1.0,1.2409369944686728,1.788327027444888,,0.0,1.0,1.2409369944686728,-1.6289960576438858,,0.0,1.0,1.2409369944686728,1.0051558585275482,,0.0,1.0,1.2409369944686728,0.5748861678297383,,-0.32452567810610483,-0.3164756761510437,-0.3164756761510437,-0.3164756761510437,-0.3164756761510437,-0.32452567810610483,-0.3164756761510437,0.7115680669648201,0.7093409314018366,0.7093409314018366,0.7093409314018366,0.7093409314018366,0.7115680669648201,0.7093409314018366,0.018710419919841802,0.0035305870767589455,0.0035305870767589455,0.0035305870767589455,0.0035305870767589455,0.018710419919841802,0.0035305870767589455,1.0958079149934739,-1.3890942348789577,-0.8477982004487058,0.9754214536203247,-1.0735174489396089,0.628154237618228,0.3929860271980078,0.37539018094300775,-0.24817459813785145,-0.11285058953028848,0.3429543239869691,-0.16928040165301425,0.25847676159919625,0.19734546738138992
P4,355.0,-0.0580393545799149,0.3119160693574135,O4_B_C_boundary,B-side boundary projection dominates current C-state,0.3256329482215116,0.0840560076805274,0.2092050299679817,0.0840560076805274,0.2062979952900069,0.0891605708092828,0.8397558961213963,0.3256329482215116,0.09057581779001865,0.0181311422790866,0.257104404195674,0.0181311422790866,0.1219651703558649,0.896597262265922,-0.7733072238249697,-1.2016591620468577,1.173989765810695,-0.9554583594721117,0.3912071166614783,O4_B_C_boundary,1.173989765810695,1.173989765810695,True,0.0,0.0,q4,high,high,low,mid,mid,high,high,B_side,mid,phase=q4|str=high|ab=high|ac=low|bc=mid|tfc=mid|mem=high|dphi=high|side=B_side|dist=mid,side=B_side|tfc=mid,-0.06694722865797768,1.2409369944686728,neutral,-1.0,0.0,1.606180528321325,-3.066156049301066,,-1.0,0.0,1.606180528321325,-0.3978790660688848,,-1.0,0.0,1.606180528321325,0.8745425306506074,,-1.0,0.0,1.606180528321325,-1.4921700914869107,,-1.0,0.0,1.606180528321325,0.8255771089094716,,-1.0,0.0,1.606180528321325,1.1843277812295478,,-1.0,0.0,1.606180528321325,-0.48494695090133244,,-1.22525000917611,-1.2234195444572022,-1.2234195444572022,-1.2234195444572022,-1.2234195444572022,-1.22525000917611,-1.2234195444572022,-1.4053469322555197,-1.4097593353646567,-1.4097593353646567,-1.4097593353646567,-1.4097593353646567,-1.4053469322555197,-1.4097593353646567,0.5362140542743092,0.5081428674159673,0.5081428674159673,0.5081428674159673,0.5081428674159673,0.5362140542743092,0.5081428674159673,-1.7774681395734968,-0.23356246288354668,0.5774137808522681,-0.8254214265540144,0.5086346302804481,0.738174053525794,-0.3142773444568953,-0.9679627566827043,-0.5896496188223596,-0.38690555788840586,-0.7376143597399765,-0.40410034553136087,-0.33905220840788164,-0.6098283392156967
P4,369.0,0.1156515542879178,0.15595315531161,O1_lag0_AB,default immediate AB readout,0.020866912154879,0.0196087670267636,0.0168836457446108,0.0168836457446108,0.0191197749754178,0.0129243269042647,0.5535837228737573,0.020866912154879035,0.12173501350004914,0.1570454626454261,0.1737703414197367,0.1217350135000491,0.2262945074073455,-1.347689468907049,-0.5489914711940176,0.1262642556040659,0.13341330018009342,0.28405256027095377,1.648385479033887,O6_phase_only,1.648385479033887,-1.347689468907049,False,0.0,0.0,q1,low,low,low,low,low,low,low,A_side,near,phase=q1|str=low|ab=low|ac=low|bc=low|tfc=low|mem=low|dphi=low|side=A_side|dist=near,side=A_side|tfc=low,0.04220495071256192,1.606180528321325,bad,1.5,1.0,0.3601384457455572,3.0861095593773253,,1.5,1.0,0.3601384457455572,1.3742302096842387,,1.5,1.0,0.3601384457455572,,,1.5,1.0,0.3601384457455572,,,1.5,1.0,0.3601384457455572,1.4369872400600388,,1.5,1.0,0.3601384457455572,-1.2231598988012342,,1.5,1.0,0.3601384457455572,1.7313109569175065,,1.026560818498903,1.043940126308194,1.043940126308194,1.043940126308194,1.043940126308194,1.026560818498903,1.043940126308194,0.7115680669648201,0.7093409314018366,0.7093409314018366,0.7093409314018366,0.7093409314018366,0.7115680669648201,0.7093409314018366,-1.2292691001836946,-1.2133609469153055,-1.2133609469153055,-1.2133609469153055,-1.2133609469153055,-1.2292691001836946,-1.2133609469153055,1.8119079592432197,0.9528333497048241,,,0.9027332146850005,-0.7401343073062558,1.1647083681405008,0.5801919361308121,0.3731883651248873,0.17997337026490837,0.17997337026490837,0.3606633313699314,-0.057818630506556834,0.4261571197338065
P4,381.0,-0.1167681805889658,0.1871290350863829,O4_B_C_boundary,B-side boundary projection dominates current C-state,0.2046505925200748,0.1373430216028563,0.2819461870814407,0.1373430216028563,0.2079799337347906,0.0493685837388619,0.7894840995987324,0.20465059252007484,0.09730582158296877,,,0.0973058215829687,0.0027897209517631,0.005687306842215966,-0.7248577747418281,,,-0.008216925269210938,-1.044868301347883,O1_lag0_AB,0.005687306842215966,,False,0.0,0.0,q4,mid,mid,mid,high,high,high,mid,B_side,mid,phase=q4|str=mid|ab=mid|ac=mid|bc=high|tfc=high|mem=high|dphi=mid|side=B_side|dist=mid,side=B_side|tfc=high,-0.35445113890334123,0.3601384457455572,good,,,,,,,,,,,,,,,,,,,,,,,,,,,,,,,,,,,,,,,,,,,,,,,,,,,,,,,,,,,,,,,,,,,,,,
P5,6.0,0.0953145550234252,0.1046287703830438,O2_lag5_AB,current AB is active; read short-lag future AB,0.542432409453266,0.0266846083323376,0.0554165550307397,0.0266846083323376,0.2081778576054478,0.114499912489234,0.20750203325968292,0.542432409453266,0.4228752193375232,0.1796365914117015,0.0946255908217837,0.0946255908217837,0.0606753899128224,2.493101126172516,1.6189236620623773,0.34221959297167165,-0.8548520274310996,-0.04028305616536884,-0.34734052473231086,O1_lag0_AB,2.493101126172516,1.6189236620623773,False,0.0,0.0,q1,low,high,low,low,low,low,high,B_side,near,phase=q1|str=low|ab=high|ac=low|bc=low|tfc=low|mem=low|dphi=high|side=B_side|dist=near,side=B_side|tfc=low,0.45882411041111226,2.0342770157614036,bad,1.5,1.0,0.6649956871820463,-0.3822070469237876,,1.5,1.0,0.6649956871820463,0.8214924192980408,,1.5,1.0,0.6649956871820463,0.43627333270548063,,1.5,1.0,0.6649956871820463,3.514202075399127,,1.5,1.0,0.6649956871820463,1.4035629682256805,,1.5,1.0,0.6649956871820463,2.6123924542654464,,1.5,1.0,0.6649956871820463,1.1792530970855124,,1.026560818498903,1.043940126308194,1.043940126308194,1.043940126308194,1.043940126308194,1.026560818498903,1.043940126308194,0.7115680669648201,0.7093409314018366,0.7093409314018366,0.7093409314018366,0.7093409314018366,0.7115680669648201,0.7093409314018366,-0.7973251620158354,-0.7921770147686853,-0.7921770147686853,-0.7921770147686853,-0.7921770147686853,-0.7973251620158354,-0.7921770147686853,-0.21158932153503884,0.582785176634435,0.28958574067959414,1.922847919640505,0.8811888248498414,1.6150715610265858,0.7963010251421533,0.18230360047821223,0.3859723048939451,0.31267244590523485,0.7209879906454626,0.4605732169477967,0.6389688211186184,0.4393512670208747
P5,13.0,-0.1832687104593711,0.1882076120249009,O3_A_C_boundary,A-side boundary projection dominates current C-state,0.3050890624551877,0.1830977505429088,0.0577933089765346,0.0577933089765346,0.1819933739915437,0.0182779139015697,0.6904380774894603,0.30508906245518774,0.33814242815608075,0.1102980569580666,0.2579122803689715,0.1102980569580666,0.1615857685527001,0.7453127857305726,1.0089303874199245,-0.3206081371266881,1.184077560706012,0.14722145197983932,0.8686390659580984,O4_B_C_boundary,1.184077560706012,-0.3206081371266881,False,0.0,0.0,q4,mid,high,high,low,mid,mid,low,A_side,mid,phase=q4|str=mid|ab=high|ac=high|bc=low|tfc=mid|mem=mid|dphi=low|side=A_side|dist=mid,side=A_side|tfc=mid,0.5190818735239656,0.6649956871820463,neutral,1.5,1.0,0.7295439064510874,0.6211507515882111,,1.5,1.0,0.7295439064510874,-0.5318184637960104,,1.5,1.0,0.7295439064510874,0.050802489262954414,,1.5,1.0,0.7295439064510874,-0.3446355237340216,,1.5,1.0,0.7295439064510874,0.23803275707178273,,1.5,1.0,0.7295439064510874,-0.33696512102640147,,1.5,1.0,0.7295439064510874,-0.1484044242498005,,1.026560818498903,1.043940126308194,1.043940126308194,1.043940126308194,1.043940126308194,1.026560818498903,1.043940126308194,0.7115680669648201,0.7093409314018366,0.7093409314018366,0.7093409314018366,0.7093409314018366,0.7115680669648201,0.7093409314018366,-0.7058685448089891,-0.7029986417154712,-0.7029986417154712,-0.7029986417154712,-0.7029986417154712,-0.7058685448089891,-0.7029986417154712,0.37379315861343665,-0.3232325203558984,0.03643238668627675,-0.19547743295446043,0.12991928760467994,-0.1959698822183213,-0.08969085258560246,0.3515133748170427,0.18176247390966527,0.27167870067020905,0.21370124576002475,0.29505042589980984,0.2090726146091032,0.24014789085223923
P5,24.0,0.0127674353848437,0.2620211430587334,O4_B_C_boundary,B-side boundary projection dominates current C-state,0.368449157106762,0.1095911708981018,0.2409781015681275,0.1095911708981018,0.2396728098576638,0.0637731575845156,0.6625323856553813,0.36844915710676207,0.26750543467258575,0.1336770909326417,0.2263749665343648,0.1336770909326417,0.1346501812230571,1.2118943692548674,0.5004130782989716,-0.09712097889114651,0.7902771689774326,0.42692690664113814,0.5440626953451979,O1_lag0_AB,1.2118943692548674,0.7902771689774326,False,0.0,0.0,q1,high,high,mid,high,high,mid,mid,B_side,mid,phase=q1|str=high|ab=high|ac=mid|bc=high|tfc=high|mem=mid|dphi=mid|side=B_side|dist=mid,side=B_side|tfc=high,0.4823504628037801,0.7295439064510874,good,0.25,1.0,1.3698680849759486,-2.6854096415808217,,0.25,1.0,1.3698680849759486,-1.9449845872733242,,0.25,1.0,1.3698680849759486,1.651482369390001,,0.25,1.0,1.3698680849759486,-0.515221622620842,,0.25,1.0,1.3698680849759486,-0.859357062175988,,0.25,1.0,1.3698680849759486,0.5854918715107654,,0.25,1.0,1.3698680849759486,-0.7142705769238192,,-0.09934459533860351,-0.0897397090745041,-0.0897397090745041,-0.0897397090745041,-0.0897397090745041,-0.09934459533860351,-0.0897397090745041,0.7115680669648201,0.7093409314018366,0.7093409314018366,0.7093409314018366,0.7093409314018366,0.7115680669648201,0.7093409314018366,0.20138937720349717,0.18165889204969268,0.18165889204969268,0.18165889204969268,0.18165889204969268,0.20138937720349717,0.18165889204969268,-1.555331752345094,-1.2693222419802623,1.0876597031414086,-0.2891213992497508,-0.5774287792185874,0.3704612135197245,-0.46731294796302414,-0.18542972587884507,-0.1170155319008093,0.47222995437960846,0.1280346787818186,0.055957833789609446,0.2960185155873596,0.08348679160350025
P5,37.0,-0.1774183662242015,0.2143852257998627,O4_B_C_boundary,B-side boundary projection dominates current C-state,0.1213961258136736,0.0914237694802062,0.2805273753873867,0.0914237694802062,0.1644490902270888,0.0147188862090718,0.6992421930817824,0.12139612581367365,0.11683861621974202,0.3336945509594642,0.2264697649503989,0.116838616219742,0.2119107724795091,-0.6073957563217082,-0.5842407456404268,1.814905573938139,0.7914608986243279,0.22547233711117556,1.475060115023826,O3_A_C_boundary,1.814905573938139,0.7914608986243279,False,0.0,0.0,q4,mid,mid,mid,high,mid,mid,low,B_side,far,phase=q4|str=mid|ab=mid|ac=mid|bc=high|tfc=mid|mem=mid|dphi=low|side=B_side|dist=far,side=B_side|tfc=mid,0.4450374889621905,1.3698680849759486,neutral,1.5,1.0,1.8351953479062817,0.43357652707067784,,1.5,1.0,1.8351953479062817,0.1318474760998313,,1.5,1.0,1.8351953479062817,0.4587988369765704,,1.5,1.0,1.8351953479062817,-1.039383681913123,,1.5,1.0,1.8351953479062817,0.48923902499466204,,1.5,1.0,1.8351953479062817,-3.2247447164567453,,1.5,1.0,1.8351953479062817,-0.5066243072842056,,1.026560818498903,1.043940126308194,1.043940126308194,1.043940126308194,1.043940126308194,1.026560818498903,1.043940126308194,0.7115680669648201,0.7093409314018366,0.7093409314018366,0.7093409314018366,0.7093409314018366,0.7115680669648201,0.7093409314018366,0.8606989266172096,0.8245446093530563,0.8245446093530563,0.8245446093530563,0.8245446093530563,0.8606989266172096,0.8245446093530563,0.26435795521656236,0.12108008656013373,0.3043790954913113,-0.5768623965170764,0.2918401154386196,-1.969199608615213,-0.32874339566151534,0.7157964418243737,0.6747264384058052,0.7205511906385995,0.5002408176365026,0.7174164456254266,0.15740705086642992,0.5622705678503929
P5,47.0,0.0481193007814335,0.2119107724795091,O5_full_TFC,full triadic projection is already active,0.2400332593009429,0.3192129339605967,0.2508447006471092,0.2400332593009429,0.2700302979695496,0.0474667778799841,0.8455588116364463,0.24003325930094294,0.20402067062609267,0.3765175062130066,0.1796603909286156,0.1796603909286156,0.0069739260099552,0.26624406242654025,0.04338483019488817,2.224262974559132,0.20696121919632818,0.9770685355120345,-0.9944482353189708,O3_A_C_boundary,2.224262974559132,0.9770685355120345,False,0.0,0.0,q1,mid,mid,high,high,high,high,mid,A_side,near,phase=q1|str=mid|ab=mid|ac=high|bc=high|tfc=high|mem=high|dphi=mid|side=A_side|dist=near,side=A_side|tfc=high,0.38906762665285033,1.8351953479062817,good,1.25,1.0,1.5825484458006294,2.353656023582749,,1.25,1.0,1.5825484458006294,-0.6233878236718136,,1.25,1.0,1.5825484458006294,,,1.25,1.0,1.5825484458006294,,,1.25,1.0,1.5825484458006294,-1.0811377115595615,,1.25,1.0,1.5825484458006294,1.3067725198523317,,1.25,1.0,1.5825484458006294,0.9604204427743154,,0.8013797357314016,0.8172041592316543,0.8172041592316543,0.8172041592316543,0.8172041592316543,0.8013797357314016,0.8172041592316543,0.7115680669648201,0.7093409314018366,0.7093409314018366,0.7093409314018366,0.7093409314018366,0.7115680669648201,0.7093409314018366,0.5027303989640458,0.47549331186012966,0.47549331186012966,0.47549331186012966,0.47549331186012966,0.5027303989640458,0.47549331186012966,1.3845773818431957,-0.3845365869868238,,,-0.7203826419652034,0.8133607646966864,0.6502664106533773,0.8500638958758657,0.40437545387669915,0.6673461341645401,0.6673461341645401,0.3204139401321042,0.7072597415892384,0.6630762032867494
P5,65.0,-0.0329143566747852,0.1256439716279342,O5_full_TFC,full triadic projection is already active,0.3841593525566494,0.409089196503375,0.2524493163149009,0.2524493163149009,0.3485659551249751,0.0652788406788474,0.5388740901167691,0.38415935255664946,0.026812783039779364,,,0.0268127830397793,0.046473310171501,1.3275837145879792,-1.2323387490009927,,,-0.8515916950574737,-0.5184769265927635,O1_lag0_AB,1.3275837145879792,-0.8515916950574737,False,0.0,0.0,q4,low,high,high,high,high,low,mid,A_side,mid,phase=q4|str=low|ab=high|ac=high|bc=high|tfc=high|mem=low|dphi=mid|side=A_side|dist=mid,side=A_side|tfc=high,-0.2549647312126501,1.5825484458006294,good,0.0,1.0,0.6258513392441123,-1.00602214715567,,0.0,1.0,0.6258513392441123,2.7163852984,,0.0,1.0,0.6258513392441123,,,0.0,1.0,0.6258513392441123,,,0.0,1.0,0.6258513392441123,1.8839510577348995,,0.0,1.0,0.6258513392441123,0.41554845708347793,,0.0,1.0,0.6258513392441123,1.1975898907346367,,-0.32452567810610483,-0.3164756761510437,-0.3164756761510437,-0.3164756761510437,-0.3164756761510437,-0.32452567810610483,-0.3164756761510437,0.7115680669648201,0.7093409314018366,0.7093409314018366,0.7093409314018366,0.7093409314018366,0.7115680669648201,0.7093409314018366,-0.8527877245111619,-0.8462579685558671,-0.8462579685558671,-0.8462579685558671,-0.8462579685558671,-0.8527877245111619,-0.8462579685558671,-0.5755376867835722,1.8513824396980665,,,1.190834112676726,0.2661081268974939,0.808537803057857,-0.2603207556090047,0.3494974315982481,-0.15113090443502472,-0.15113090443502472,0.18436034984291294,-0.04990930218873818,0.08878627243819572
P5,109.0,0.0817627670906324,0.1140009402106132,O1_lag0_AB,default immediate AB readout,0.1087090897560232,0.0931793461135443,0.1373056838685287,0.0931793461135443,0.1130647065793654,0.0589786263477383,0.39259747469047385,0.10870908975602324,0.22982702077773107,0.1248213283892774,0.086944063240632,0.086944063240632,0.0031593125082331,-0.7008226586418622,0.2291653269314963,-0.1817758541515009,-0.9507697896855383,-0.13218442244576892,-1.040414688195138,O2_lag5_AB,0.2291653269314963,-0.7008226586418622,False,0.0,0.0,q1,low,low,mid,mid,mid,low,mid,B_side,near,phase=q1|str=low|ab=low|ac=mid|bc=mid|tfc=mid|mem=low|dphi=mid|side=B_side|dist=near,side=B_side|tfc=mid,-0.39668601231261597,0.6258513392441123,neutral,0.0,1.0,2.038391446248581,-0.8435640973232013,,0.0,1.0,2.038391446248581,-3.3520421671946634,,0.0,1.0,2.038391446248581,0.9205390426451425,,0.0,1.0,2.038391446248581,-2.94779693031235,,0.0,1.0,2.038391446248581,-2.6917916906109065,,0.0,1.0,2.038391446248581,0.5104494761751845,,0.0,1.0,2.038391446248581,-1.483574382410487,,-0.32452567810610483,-0.3164756761510437,-0.3164756761510437,-0.3164756761510437,-0.3164756761510437,-0.32452567810610483,-0.3164756761510437,0.7115680669648201,0.7093409314018366,0.7093409314018366,0.7093409314018366,0.7093409314018366,0.7115680669648201,0.7093409314018366,1.1486019546861734,1.1052757846841514,1.1052757846841514,1.1052757846841514,1.1052757846841514,1.1486019546861734,1.1052757846841514,-0.48075584896654344,-2.2113224017502975,0.6076214385298755,-1.624493985941917,-1.7585670304299375,0.3243817251960148,-0.9806960397717565,0.26372212364458636,-0.17829534045383827,0.526440619616205,-0.03158823650174314,-0.06510649762374826,0.4650065171852259,0.129361250040797
P5,131.0,-0.0460991070957624,0.0621345260713988,O3_A_C_boundary,A-side boundary projection dominates current C-state,0.1972717961489146,0.3366705429153707,0.0793401506770382,0.0793401506770382,0.2044274965804412,0.0132249085603924,0.0410933955778945,0.19727179614891469,0.015824733383669926,0.3298202584852673,0.0083632075199904,0.0083632075199904,0.1528097601705959,-0.04864989884366095,-1.311441966282144,1.777870056723303,-1.931993870069921,-1.0723213845169506,0.762887336312427,O3_A_C_boundary,1.777870056723303,1.777870056723303,True,0.0,0.0,q4,low,mid,high,low,mid,low,low,A_side,far,phase=q4|str=low|ab=mid|ac=high|bc=low|tfc=mid|mem=low|dphi=low|side=A_side|dist=far,side=A_side|tfc=mid,-0.2605213895252781,2.038391446248581,neutral,0.25,1.0,1.1103914702046165,1.711291726952601,,0.25,1.0,1.1103914702046165,1.3717337511079122,,0.25,1.0,1.1103914702046165,-2.315600704660054,,0.25,1.0,1.1103914702046165,3.987461794344378,,0.25,1.0,1.1103914702046165,0.9108754450205527,,0.25,1.0,1.1103914702046165,0.13833967952325105,,0.25,1.0,1.1103914702046165,0.691898140019112,,-0.09934459533860351,-0.0897397090745041,-0.0897397090745041,-0.0897397090745041,-0.0897397090745041,-0.09934459533860351,-0.0897397090745041,0.7115680669648201,0.7093409314018366,0.7093409314018366,0.7093409314018366,0.7093409314018366,0.7115680669648201,0.7093409314018366,-0.166255984667112,-0.1768281833909979,-0.1768281833909979,-0.1768281833909979,-0.1768281833909979,-0.166255984667112,-0.1768281833909979,1.0098069802199205,0.9511620148487976,-1.5176745338062163,2.1826458601469674,0.5636156516943089,0.09588916504674183,0.4710721716220771,0.3639436167947563,0.34848376344628307,-0.2687253737174704,0.6563547247708255,0.2515971726576609,0.1354641630014616,0.2284613026396029
P5,150.0,0.060026158738193,0.1632959942157869,O3_A_C_boundary,A-side boundary projection dominates current C-state,0.3093370674963276,0.2921757404572512,0.0770003909414051,0.0770003909414051,0.2261710662983279,0.0725605340766517,0.46605014765708613,0.30933706749632767,0.12780616923282445,0.0409315745177654,0.2504466629620463,0.0409315745177654,0.1033973477158669,0.7765949504718622,-0.5052850841546751,-0.9837030303646905,1.0908558274042761,-0.6826752636124082,0.16746310065325276,O4_B_C_boundary,1.0908558274042761,-0.9837030303646905,False,0.0,0.0,q1,mid,high,high,low,mid,low,mid,A_side,far,phase=q1|str=mid|ab=high|ac=high|bc=low|tfc=mid|mem=low|dphi=mid|side=A_side|dist=far,side=A_side|tfc=mid,-0.019535642800340387,1.1103914702046165,neutral,-1.0,0.0,0.7874709552364589,-0.9755347815827446,,-1.0,0.0,0.7874709552364589,-0.2707906324042906,,-1.0,0.0,0.7874709552364589,1.9815201058476164,,-1.0,0.0,0.7874709552364589,0.19686773880911473,,-1.0,0.0,0.7874709552364589,0.2695392615045715,,-1.0,0.0,0.7874709552364589,0.12377845410202565,,-1.0,0.0,0.7874709552364589,0.9350634585008099,,-1.22525000917611,-1.2234195444572022,-1.2234195444572022,-1.2234195444572022,-1.2234195444572022,-1.22525000917611,-1.2234195444572022,-1.4053469322555197,-1.4097593353646567,-1.4097593353646567,-1.4097593353646567,-1.4097593353646567,-1.4053469322555197,-1.4097593353646567,-0.6237932840708977,-0.6229679294053136,-0.6229679294053136,-0.6229679294053136,-0.6229679294053136,-0.6237932840708977,-0.6229679294053136,-0.5577506424223887,-0.14847900466169908,1.3044080288576836,0.10178309177342504,0.15022753597003138,0.08694790172784399,0.633344816229387,-0.9530352169812291,-0.8511564534722179,-0.48793469509237225,-0.7885909293634369,-0.7764798183142853,-0.791860580943671,-0.6557004982494464
P5,157.0,-0.0386364369084607,0.2746695737672948,O4_B_C_boundary,B-side boundary projection dominates current C-state,0.0806834344618134,0.0436678446241689,0.2514161074097375,0.0436678446241689,0.1252557954985733,0.0697899872485031,0.7285875579683907,0.08068343446181347,0.007841792179163035,0.1490886691508046,0.1856800931013568,0.007841792179163,0.04675707588128,-0.9072026316893539,-1.3689113400478203,0.050202893585692715,0.28212808617006474,-1.0785595684869171,-0.5150575229964253,O4_B_C_boundary,0.28212808617006474,0.28212808617006474,True,0.0,0.0,q4,high,low,low,high,low,mid,mid,B_side,far,phase=q4|str=high|ab=low|ac=low|bc=high|tfc=low|mem=mid|dphi=mid|side=B_side|dist=far,side=B_side|tfc=low,-0.5053428690663943,0.7874709552364589,bad,-1.0,0.0,1.7844669265210957,-1.8855945905465572,,-1.0,0.0,1.7844669265210957,2.097156157848159,,-1.0,0.0,1.7844669265210957,-2.9430383315236956,,-1.0,0.0,1.7844669265210957,-1.9815461116915507,,-1.0,0.0,1.7844669265210957,-1.4541350673437674,,-1.0,0.0,1.7844669265210957,0.7872151869808273,,-1.0,0.0,1.7844669265210957,-1.5990290427158733,,-1.22525000917611,-1.2234195444572022,-1.2234195444572022,-1.2234195444572022,-1.2234195444572022,-1.22525000917611,-1.2234195444572022,-1.4053469322555197,-1.4097593353646567,-1.4097593353646567,-1.4097593353646567,-1.4097593353646567,-1.4053469322555197,-1.4097593353646567,0.7888232053553259,0.7544593593195434,0.7544593593195434,0.7544593593195434,0.7544593593195434,0.7888232053553259,0.7544593593195434,-1.0887008865374381,1.436819483883063,-1.92973667122653,-1.0940664793503254,-0.9608067409649577,0.4943286236450966,-1.0577429360025763,-0.7326186556534355,-0.11047500915481312,-0.9521140479322114,-0.7431964999631602,-0.7098815653668182,-0.3368612781078018,-0.734115614126223
P5,173.0,0.0368132246183534,0.1556149865193024,O4_B_C_boundary,B-side boundary projection dominates current C-state,0.0741907494264016,0.0239861424877842,0.2017122851227805,0.0239861424877842,0.0999630590123221,0.0391934646771134,0.6673491077160072,0.07419074942640165,0.4566152756552848,0.0355606691913712,0.1566543193332024,0.0355606691913712,0.2137272935432668,-0.9550145436160302,1.8618190884129697,-1.0350451161777032,-0.08031118624449003,-0.7469324744918489,1.4969493653602204,O2_lag5_AB,1.8618190884129697,-0.08031118624449003,False,0.0,0.0,q1,low,low,low,mid,low,mid,low,B_side,far,phase=q1|str=low|ab=low|ac=low|bc=mid|tfc=low|mem=mid|dphi=low|side=B_side|dist=far,side=B_side|tfc=low,0.07735216189187397,1.7844669265210957,bad,1.75,1.0,1.5637348200155725,0.4885205424988801,,1.75,1.0,1.5637348200155725,-2.993198046413796,,1.75,1.0,1.5637348200155725,0.834473417308194,,1.75,1.0,1.5637348200155725,2.333063979661353,,1.75,1.0,1.5637348200155725,0.6755002475904666,,1.75,1.0,1.5637348200155725,0.6800687926622986,,1.75,1.0,1.5637348200155725,-0.4733041877687322,,1.2517419012664042,1.2706760933847336,1.2706760933847336,1.2706760933847336,1.2706760933847336,1.2517419012664042,1.2706760933847336,0.7115680669648201,0.7093409314018366,0.7093409314018366,0.7093409314018366,0.7093409314018366,0.7115680669648201,0.7093409314018366,0.47607388401783024,0.4495008281364452,0.4495008281364452,0.4495008281364452,0.4495008281364452,0.47607388401783024,0.4495008281364452,0.29641358289830855,-1.971082610620348,0.5510988711600575,1.2744571260815525,0.4118991076184381,0.42853580075012615,-0.3065077251055003,0.6839493587868408,0.11460881057566685,0.7451541810207682,0.9259937447511419,0.7103542401353634,0.7169799132497953,0.5307525319543788
P5,200.0,-0.2473589307846776,1.009411290221355,O2_lag5_AB,current AB is active; read short-lag future AB,0.2046181157921046,0.1112697878182107,0.19617807369071,0.1112697878182107,0.1706886591003418,0.1243620817955977,0.9003684026610259,0.2046181157921046,0.12486483492293819,0.1666614128171556,0.3377379653126823,0.1248648349229381,0.2654537356345213,0.005448149321265714,-0.5264598161856751,0.21818599111937825,2.180845584948476,0.32149756869387985,2.120257876633001,O4_B_C_boundary,2.180845584948476,-0.5264598161856751,False,0.0,0.0,q4,high,mid,mid,mid,high,high,high,B_side,mid,phase=q4|str=high|ab=mid|ac=mid|bc=mid|tfc=high|mem=high|dphi=high|side=B_side|dist=mid,side=B_side|tfc=high,0.6171107649329036,1.5637348200155725,good,1.25,1.0,1.3536241032752256,1.01259054018588,,1.25,1.0,1.3536241032752256,-0.18269352271081152,,1.25,1.0,1.3536241032752256,0.09560961623318454,,1.25,1.0,1.3536241032752256,0.3384060258188064,,1.25,1.0,1.3536241032752256,-0.30139528777518754,,1.25,1.0,1.3536241032752256,0.059715650788511154,,1.25,1.0,1.3536241032752256,0.44854199464204325,,0.8013797357314016,0.8172041592316543,0.8172041592316543,0.8172041592316543,0.8172041592316543,0.8013797357314016,0.8172041592316543,0.7115680669648201,0.7093409314018366,0.7093409314018366,0.7093409314018366,0.7093409314018366,0.7115680669648201,0.7093409314018366,0.1783737211073022,0.1592165710006991,0.1592165710006991,0.1592165710006991,0.1592165710006991,0.1783737211073022,0.1592165710006991,0.6021683151308036,-0.08949954810585936,0.06585893001187963,0.17948113789043324,-0.21778157312893787,0.047610388791745915,0.30867218161383836,0.5733724597335819,0.3990655283820827,0.43790514791151747,0.46631069988115587,0.3669950221263131,0.43473297814881745,0.49860846081200716
P5,209.0,0.1221557254353834,0.2246548777379833,O5_full_TFC,full triadic projection is already active,0.265746752975387,0.1825214468733561,0.4244449181290141,0.1825214468733561,0.2909043726592524,0.0529078696967415,1.1619499550922385,0.265746752975387,0.06934390166620602,0.1325602588518004,0.2957514239954029,0.069343901666206,0.204449014450294,0.45559735589208206,-0.926156266830824,-0.10779710983158453,1.6565676929001913,-0.34275177097868076,1.385145226223575,O4_B_C_boundary,1.6565676929001913,-0.34275177097868076,False,0.0,0.0,q1,mid,high,high,high,high,high,mid,B_side,far,phase=q1|str=mid|ab=high|ac=high|bc=high|tfc=high|mem=high|dphi=mid|side=B_side|dist=far,side=B_side|tfc=high,0.3029435896249656,1.3536241032752256,good,0.25,1.0,0.7389542648267869,0.09978009173929861,,0.25,1.0,0.7389542648267869,1.361478952951447,,0.25,1.0,0.7389542648267869,1.4531287097301169,,0.25,1.0,0.7389542648267869,-1.1140014680965584,,0.25,1.0,0.7389542648267869,1.3429919374303678,,0.25,1.0,0.7389542648267869,-0.6819956137224888,,0.25,1.0,0.7389542648267869,1.841306259106888,,-0.09934459533860351,-0.0897397090745041,-0.0897397090745041,-0.0897397090745041,-0.0897397090745041,-0.09934459533860351,-0.0897397090745041,0.7115680669648201,0.7093409314018366,0.7093409314018366,0.7093409314018366,0.7093409314018366,0.7115680669648201,0.7093409314018366,-0.6925352638371562,-0.6899975014935429,-0.6899975014935429,-0.6899975014935429,-0.6899975014935429,-0.6925352638371562,-0.6899975014935429,0.06961328340678194,0.9442966088841463,0.9573933157505927,-0.6178241483830759,0.8421463617368466,-0.40783450205641986,1.2381120454909558,-0.002674627201039427,0.218475082429484,0.22174925914609558,-0.17205510688732156,0.19293752064265907,-0.12203657356683988,0.2919289415811863
P5,221.0,-0.0329177592519444,0.3193087096598767,O4_B_C_boundary,B-side boundary projection dominates current C-state,0.0641786845356433,0.1532199564881649,0.3202410051261108,0.0641786845356433,0.1792132153833063,0.0621124221454451,0.6841432869674049,0.06417868453564339,0.041752573800154506,0.1023297324682925,0.0798788280154382,0.0417525738001545,0.0139384289508304,-1.028743049180406,-1.124786858389012,-0.39677972736668443,-1.038992027442604,-0.6728528741241608,-0.9105253172846415,O7_suppress_event,0.0,-1.038992027442604,False,0.0,0.0,q4,high,low,mid,high,mid,mid,mid,B_side,far,phase=q4|str=high|ab=low|ac=mid|bc=high|tfc=mid|mem=mid|dphi=mid|side=B_side|dist=far,side=B_side|tfc=mid,-0.7389542648267869,0.7389542648267869,neutral,0.25,1.0,0.4939344028849206,-0.06709336349197416,,0.25,1.0,0.4939344028849206,0.2985832350245794,,0.25,1.0,0.4939344028849206,,,0.25,1.0,0.4939344028849206,,,0.25,1.0,0.4939344028849206,0.7135822159905694,,0.25,1.0,0.4939344028849206,0.19868039630921264,,0.25,1.0,0.4939344028849206,0.12348360072123014,,-0.09934459533860351,-0.0897397090745041,-0.0897397090745041,-0.0897397090745041,-0.0897397090745041,-0.09934459533860351,-0.0897397090745041,0.7115680669648201,0.7093409314018366,0.7093409314018366,0.7093409314018366,0.7093409314018366,0.7115680669648201,0.7093409314018366,-1.0396972456153175,-1.0285114512374482,-1.0285114512374482,-1.0285114512374482,-1.0285114512374482,-1.0396972456153175,-1.0285114512374482,-0.02774460551290027,0.23270672770673942,,,0.4364457238309907,0.13294114535932447,0.09174944952897812,-0.11380459487550029,-0.04405087530084408,-0.13630340963670526,-0.13630340963670526,0.006883873730218731,-0.07363315715744412,-0.0792901948452844
P5,242.0,0.1022409668228355,0.2115794605477499,O6_phase_only,phase or closed-loop memory is high,0.0714148719894533,0.0720811039425059,0.1852901099878141,0.0714148719894533,0.1095953619732578,0.10890760465516,1.0241001937846819,0.07141487198945337,0.09245905186211252,,,0.0924590518621125,0.0340430431935976,-0.9754560107148882,-0.7597497792685302,,,-0.06620340708385727,-0.6682628173573272,O7_suppress_event,0.0,-0.6682628173573272,False,0.0,0.0,q1,mid,low,low,mid,mid,high,high,B_side,mid,phase=q1|str=mid|ab=low|ac=low|bc=mid|tfc=mid|mem=high|dphi=high|side=B_side|dist=mid,side=B_side|tfc=mid,-0.4939344028849206,0.4939344028849206,neutral,-1.0,0.0,0.8941395228508265,-1.3339997195635505,,-1.0,0.0,0.8941395228508265,0.13117522595494627,,-1.0,0.0,0.8941395228508265,,,-1.0,0.0,0.8941395228508265,,,-1.0,0.0,0.8941395228508265,-0.4761908670331402,,-1.0,0.0,0.8941395228508265,-0.7083476863360476,,-1.0,0.0,0.8941395228508265,-0.536473072397491,,-1.22525000917611,-1.2234195444572022,-1.2234195444572022,-1.2234195444572022,-1.2234195444572022,-1.22525000917611,-1.2234195444572022,-1.4053469322555197,-1.4097593353646567,-1.4097593353646567,-1.4097593353646567,-1.4097593353646567,-1.4053469322555197,-1.4097593353646567,-0.47265749029093174,-0.4755970271017623,-0.4755970271017623,-0.4755970271017623,-0.4755970271017623,-0.47265749029093174,-0.4755970271017623,-0.766887497443269,0.12063002697982676,,,-0.3304501188988618,-0.42401588881615565,-0.3486625111153081,-0.9675354822914576,-0.7470364699859486,-1.0362586356412071,-1.0362586356412071,-0.8598065064556207,-0.8818175801346793,-0.8643596045097324
P5,336.0,-0.2598186276289039,0.3619238306873963,O6_phase_only,phase or closed-loop memory is high,0.0112665612999775,0.0562608725207345,0.0590101932417882,0.0112665612999775,0.0421792090208334,0.1997696858910856,0.1754512147258581,0.011266561299977523,0.1877592942967685,0.0975966925429127,0.2117778971868537,0.0975966925429127,0.0337237819874274,-1.4183861263047581,-0.0736811847328743,-0.4420242675768928,0.6080063624881581,-0.004736961375605152,-0.672109945036707,O4_B_C_boundary,0.6080063624881581,-0.672109945036707,False,0.0,0.0,q4,high,low,low,low,low,low,high,B_side,near,phase=q4|str=high|ab=low|ac=low|bc=low|tfc=low|mem=low|dphi=high|side=B_side|dist=near,side=B_side|tfc=low,-0.28613316036266845,0.8941395228508265,bad,1.75,1.0,1.2329846470357158,-0.16608836484087217,,1.75,1.0,1.2329846470357158,-1.643432484208029,,1.75,1.0,1.2329846470357158,0.3439151963534477,,1.75,1.0,1.2329846470357158,-0.6119038211990903,,1.75,1.0,1.2329846470357158,-0.31709837374320654,,1.75,1.0,1.2329846470357158,1.588362469283794,,1.75,1.0,1.2329846470357158,-1.56567049094027,,1.2517419012664042,1.2706760933847336,1.2706760933847336,1.2706760933847336,1.2706760933847336,1.2517419012664042,1.2706760933847336,0.7115680669648201,0.7093409314018366,0.7093409314018366,0.7093409314018366,0.7093409314018366,0.7115680669648201,0.7093409314018366,0.007442955018286784,-0.007456197904390026,-0.007456197904390026,-0.007456197904390026,-0.007456197904390026,0.007442955018286784,-0.007456197904390026,-0.08550061189253932,-1.0674384432501645,0.22893064215830908,-0.3421955043737735,-0.22790336149239443,0.9862699679394139,-1.0354816182673976,0.4713130778392429,0.22628059590800392,0.5503728672601224,0.4075913306271017,0.43616436634744643,0.7392557227972313,0.23426980215369564
P5,342.0,0.0808160321504082,0.2394327534218737,O4_B_C_boundary,B-side boundary projection dominates current C-state,0.2018354645071217,0.0971007008440031,0.2060935604028723,0.0971007008440031,0.168343241917999,0.0724401793910465,0.5666580824232752,0.20183546450712178,0.18116487716275792,0.2666544375186441,0.2631450719340769,0.1811648771627579,0.2542737846918957,-0.01504320016428835,-0.12115454240050649,1.17404913577346,1.2494184257834702,0.9950681246571665,1.9855384121498856,O6_phase_only,1.9855384121498856,1.2494184257834702,False,0.0,0.0,q1,mid,mid,mid,mid,mid,mid,mid,B_side,mid,phase=q1|str=mid|ab=mid|ac=mid|bc=mid|tfc=mid|mem=mid|dphi=mid|side=B_side|dist=mid,side=B_side|tfc=mid,0.7525537651141697,1.2329846470357158,neutral,1.5,1.0,1.077418426296804,0.9775592123547163,,1.5,1.0,1.077418426296804,0.49297142040612296,,1.5,1.0,1.077418426296804,-1.0720017070622774,,1.5,1.0,1.077418426296804,1.0054745929406164,,1.5,1.0,1.077418426296804,-0.6355759952065447,,1.5,1.0,1.077418426296804,-1.483570298547418,,1.5,1.0,1.077418426296804,1.8041063202871672,,1.026560818498903,1.043940126308194,1.043940126308194,1.043940126308194,1.043940126308194,1.026560818498903,1.043940126308194,0.7115680669648201,0.7093409314018366,0.7093409314018366,0.7093409314018366,0.7093409314018366,0.7115680669648201,0.7093409314018366,-0.21297459424256923,-0.2223830018446997,-0.2223830018446997,-0.2223830018446997,-0.2223830018446997,-0.21297459424256923,-0.2223830018446997,0.5817302165790079,0.3628461792116722,-0.7009558049575463,0.5456712719273668,-0.43318550090843516,-0.9000382911918463,1.2132872370470635,0.5267211269500405,0.47343605876925077,0.20748556272694615,0.5191423319481744,0.27442813873922395,0.15627900000732692,0.6860463232280987
P5,351.0,-0.165439468211973,0.235244395566741,O3_A_C_boundary,A-side boundary projection dominates current C-state,0.11245033626911,0.3062464795657015,0.2969797726859184,0.11245033626911,0.2385588628402433,0.080357286381659,0.8758171465469484,0.11245033626911,0.03882930258061487,0.0013947723843519,0.1919668295337094,0.0013947723843519,0.0030517716784832,-0.6732722464773913,-1.1458315538252406,-1.3616471132607875,0.3606293587495356,-1.1556913526692363,-1.0417105653477594,O4_B_C_boundary,0.3606293587495356,-1.3616471132607875,False,0.0,0.0,q4,mid,low,high,high,high,high,mid,A_side,near,phase=q4|str=mid|ab=low|ac=high|bc=high|tfc=high|mem=high|dphi=mid|side=A_side|dist=near,side=A_side|tfc=high,-0.7167890675472685,1.077418426296804,good,0.0,1.0,0.4803985310939928,1.1540012380004252,,0.0,1.0,0.4803985310939928,0.1578686866388054,,0.0,1.0,0.4803985310939928,1.6169204706558706,,0.0,1.0,0.4803985310939928,-0.5032478425717085,,0.0,1.0,0.4803985310939928,0.7483492612414887,,0.0,1.0,0.4803985310939928,0.6109518757545906,,0.0,1.0,0.4803985310939928,0.3942955767002072,,-0.32452567810610483,-0.3164756761510437,-0.3164756761510437,-0.3164756761510437,-0.3164756761510437,-0.32452567810610483,-0.3164756761510437,0.7115680669648201,0.7093409314018366,0.7093409314018366,0.7093409314018366,0.7093409314018366,0.7115680669648201,0.7093409314018366,-1.0588758543974437,-1.0472123083306633,-1.0472123083306633,-1.0472123083306633,-1.0472123083306633,-1.0588758543974437,-1.0472123083306633,0.684670633973562,0.13850082671669056,1.0649615906025103,-0.2825483416403367,0.45885562942338287,0.38609482919828325,0.2724716668576285,0.003209292108708406,-0.12896155659079495,0.10265363438066,-0.23422384868005175,-0.048872855914121854,-0.07143465908511128,-0.09546884655556044
P5,369.0,0.1003824813571049,0.2254254183781731,O4_B_C_boundary,B-side boundary projection dominates current C-state,0.213268153344444,0.044445002389389,0.2500103240901111,0.044445002389389,0.1692411599413147,0.0357608224517822,0.7844158398652348,0.21326815334444404,0.04438905717571882,0.1322024223738478,0.1286871996212071,0.0443890571757188,0.0347251460913276,0.06914673185826126,-1.105806755109314,-0.11121777544409917,-0.4295312484179041,-0.6413101345023637,-0.6600434130347009,O1_lag0_AB,0.06914673185826126,-0.4295312484179041,False,0.0,0.0,q1,mid,mid,low,high,mid,high,low,B_side,far,phase=q1|str=mid|ab=mid|ac=low|bc=high|tfc=mid|mem=high|dphi=low|side=B_side|dist=far,side=B_side|tfc=mid,-0.4112517992357315,0.4803985310939928,neutral,1.75,1.0,2.014130028857996,-0.5016749950993933,,1.75,1.0,2.014130028857996,-1.6401097758505148,,1.75,1.0,2.014130028857996,-2.6940042026712465,,1.75,1.0,2.014130028857996,-3.3099146728816313,,1.75,1.0,2.014130028857996,-2.042641286076115,,1.75,1.0,2.014130028857996,1.2327226521074612,,1.75,1.0,2.014130028857996,-1.7804982038765826,,1.2517419012664042,1.2706760933847336,1.2706760933847336,1.2706760933847336,1.2706760933847336,1.2517419012664042,1.2706760933847336,0.7115680669648201,0.7093409314018366,0.7093409314018366,0.7093409314018366,0.7093409314018366,0.7115680669648201,0.7093409314018366,1.1142266119065707,1.0717567541770616,1.0717567541770616,1.0717567541770616,1.0717567541770616,1.1142266119065707,1.0717567541770616,-0.2812897254238608,-1.0652139487814856,-1.7661864934367504,-1.823280064651548,-1.3401420772624493,0.7678907340445047,-1.1788435965740995,0.6990617136784836,0.49663995754553664,0.32139682138172043,0.30712342857802105,0.4279079254252957,0.9613568285455749,0.46823254559738314
P5,382.0,-0.066800265974899,0.4703567630344892,O5_full_TFC,full triadic projection is already active,0.3503178381230874,0.1387196509356429,0.1963756180035707,0.1387196509356429,0.2284710356874337,0.0419227661249499,0.7611874183147995,0.3503178381230874,0.09071091420780242,0.0580796963698639,0.0375808977220318,0.0375808977220318,0.2457264277841244,1.0783759525083605,-0.7723346616665969,-0.8197790193910106,-1.5671581739383622,-0.722762573361517,1.8825419543594744,O6_phase_only,1.8825419543594744,-0.722762573361517,False,0.0,0.0,q4,high,high,mid,mid,high,mid,mid,B_side,near,phase=q4|str=high|ab=high|ac=mid|bc=mid|tfc=high|mem=mid|dphi=mid|side=B_side|dist=near,side=B_side|tfc=high,-0.13158807449852164,2.014130028857996,good,0.25,1.0,1.364714379746802,-1.4694602112185091,,0.25,1.0,1.364714379746802,0.6468502364872759,,0.25,1.0,1.364714379746802,0.3078946084666331,,0.25,1.0,1.364714379746802,3.790878723234537,,0.25,1.0,1.364714379746802,0.5977441825967402,,0.25,1.0,1.364714379746802,-0.0036780016650828085,,0.25,1.0,1.364714379746802,0.675680005876764,,-0.09934459533860351,-0.0897397090745041,-0.0897397090745041,-0.0897397090745041,-0.0897397090745041,-0.09934459533860351,-0.0897397090745041,0.7115680669648201,0.7093409314018366,0.7093409314018366,0.7093409314018366,0.7093409314018366,0.7115680669648201,0.7093409314018366,0.19408723236237604,0.1745386484126762,0.1745386484126762,0.1745386484126762,0.1745386484126762,0.19408723236237604,0.1745386484126762,-0.8459183264104725,0.4658653245559399,0.20527455301049838,2.074730745109086,0.3617796320297198,0.008683765314847826,0.4602492486234053,-0.009901905605469968,0.31500129882398714,0.24985360593762676,0.7172176539622737,0.2889798756924321,0.2037486173258601,0.3135972798408535
P5,391.0,0.094875584735776,0.2781723755357622,O1_lag0_AB,default immediate AB readout,0.0879880879505687,0.0544547856913935,0.0907340060118194,0.0544547856913935,0.0777256265512605,0.016711891383816,0.6669262491143557,0.08798808795056877,0.10896382505304496,0.0444518639880316,0.262265264156481,0.0444518639880316,0.1693789101010953,-0.8534114116695299,-0.640931544844868,-0.9500515334409134,1.2384324347355287,-0.6405587173132326,0.962547157454102,O4_B_C_boundary,1.2384324347355287,-0.8534114116695299,False,0.0,0.0,q1,high,low,low,low,mid,mid,low,B_side,near,phase=q1|str=high|ab=low|ac=low|bc=low|tfc=mid|mem=mid|dphi=low|side=B_side|dist=near,side=B_side|tfc=mid,-0.12628194501127332,1.364714379746802,neutral,-1.0,0.0,0.44833748079005,1.1453576559090322,,-1.0,0.0,0.44833748079005,,,-1.0,0.0,0.44833748079005,,,-1.0,0.0,0.44833748079005,,,-1.0,0.0,0.44833748079005,,,-1.0,0.0,0.44833748079005,-0.2347253447902089,,-1.0,0.0,0.44833748079005,1.3505168049330412,,-1.22525000917611,-1.2234195444572022,-1.2234195444572022,-1.2234195444572022,-1.2234195444572022,-1.22525000917611,-1.2234195444572022,-1.4053469322555197,-1.4097593353646567,-1.4097593353646567,-1.4097593353646567,-1.4097593353646567,-1.4053469322555197,-1.4097593353646567,-1.1043022850271649,-1.0915071368613427,-1.0915071368613427,-1.0915071368613427,-1.0915071368613427,-1.1043022850271649,-1.0915071368613427,0.6796277653881677,,,,,-0.13318994889894128,0.9105912330188326,-0.7638178652676566,-1.2415620055610672,-1.2415620055610672,-1.2415620055610672,-1.2415620055610672,-0.9670222938394339,-0.7035236959160922
P5,402.0,-0.1007125196285535,0.1213985797696458,O4_B_C_boundary,B-side boundary projection dominates current C-state,0.0888782282776853,0.0209030468867637,0.53748384988657,0.0209030468867637,0.215755041683673,0.072299143722753,0.7045934671510617,0.08887822827768532,,,,,0.0481596814203171,-0.8468564485548314,,,,,-0.49815599381531844,O7_suppress_event,0.0,,False,0.0,0.0,q4,low,low,low,high,low,mid,mid,B_side,far,phase=q4|str=low|ab=low|ac=low|bc=high|tfc=low|mem=mid|dphi=mid|side=B_side|dist=far,side=B_side|tfc=low,-0.44833748079005,0.44833748079005,bad,,,,,,,,,,,,,,,,,,,,,,,,,,,,,,,,,,,,,,,,,,,,,,,,,,,,,,,,,,,,,,,,,,,,,,
P6,19.0,-0.0118403697951708,0.0676691263773437,O5_full_TFC,full triadic projection is already active,0.2914734345852014,0.4281620709908194,0.228311477698321,0.228311477698321,0.3159823277581139,0.0791570964367157,0.41578263792223136,0.2914734345852014,0.1542535079798105,,,0.1542535079798105,0.0795971336666427,0.6450477648654579,-0.3148900960643323,,,0.673102009159823,-0.1193317258848675,O5_full_TFC,0.673102009159823,0.673102009159823,True,0.0,0.0,q4,low,high,high,high,high,low,mid,A_side,far,phase=q4|str=low|ab=high|ac=high|bc=high|tfc=high|mem=low|dphi=mid|side=A_side|dist=far,side=A_side|tfc=high,0.17678559041521621,0.49631641874460675,good,-1.0,0.0,1.9527027191265538,-3.895568931370254,,-1.0,0.0,1.9527027191265538,-1.5701151620477796,,-1.0,0.0,1.9527027191265538,,,-1.0,0.0,1.9527027191265538,,,-1.0,0.0,1.9527027191265538,-1.1989474447131536,,-1.0,0.0,1.9527027191265538,-1.3270056419229117,,-1.0,0.0,1.9527027191265538,-1.678992875414433,,-1.22525000917611,-1.2234195444572022,-1.2234195444572022,-1.2234195444572022,-1.2234195444572022,-1.22525000917611,-1.2234195444572022,-1.4053469322555197,-1.4097593353646567,-1.4097593353646567,-1.4097593353646567,-1.4097593353646567,-1.4053469322555197,-1.4097593353646567,1.0271919265849043,0.9868901597935156,0.9868901597935156,0.9868901597935156,0.9868901597935156,1.0271919265849043,0.9868901597935156,-2.2613670744228584,-1.0183537930024276,,,-0.7963196385889559,-0.8039003782884468,-1.1111055729359696,-0.966193022317396,-0.6661606282576927,-0.5487629066761145,-0.5487629066761145,-0.6106520896543248,-0.6018263482837931,-0.6893485732410782
P6,59.0,0.0234756192485516,0.3346577580511805,O3_A_C_boundary,A-side boundary projection dominates current C-state,0.0331519818970118,0.3433449241606048,0.1867818447285562,0.0331519818970118,0.187759583595391,0.0819708694912758,0.3786911784079813,0.03315198189701189,0.17510080895906516,0.3815339285215343,0.1853310663531781,0.1751008089590651,0.1049459916334802,-1.2572226328722906,-0.164809906158143,2.2722164514847156,0.277769856078645,0.9225179518888821,0.18612440608532307,O3_A_C_boundary,2.2722164514847156,2.2722164514847156,True,0.0,0.0,q1,high,low,high,mid,low,low,high,A_side,mid,phase=q1|str=high|ab=low|ac=high|bc=mid|tfc=low|mem=low|dphi=high|side=A_side|dist=mid,side=A_side|tfc=low,0.3195137323581618,1.9527027191265538,bad,1.75,1.0,2.7922241203542124,-0.846270442945161,,1.75,1.0,2.7922241203542124,-1.6167881766686034,,1.75,1.0,2.7922241203542124,0.6980560300885531,,1.75,1.0,2.7922241203542124,0.03525564379601376,,1.75,1.0,2.7922241203542124,-1.9474889393756092,,1.75,1.0,2.7922241203542124,-1.534157319943239,,1.75,1.0,2.7922241203542124,-0.6652566035455634,,1.2517419012664042,1.2706760933847336,1.2706760933847336,1.2706760933847336,1.2706760933847336,1.2517419012664042,1.2706760933847336,0.7115680669648201,0.7093409314018366,0.7093409314018366,0.7093409314018366,0.7093409314018366,0.7115680669648201,0.7093409314018366,2.216686978477973,2.146754111931158,2.146754111931158,2.146754111931158,2.146754111931158,2.216686978477973,2.146754111931158,-0.48233479449790945,-1.0496005506740098,0.4615083879752863,0.013065443166201124,-1.278809424715667,-0.9311010531321591,-0.43460422480931293,0.924415538052822,0.7692926465109297,1.1470698811732536,1.0349591449709823,0.7119904280005154,0.8122239733942596,0.9230417279771039
P6,66.0,-0.0483026127238776,0.2369135141252776,O3_A_C_boundary,A-side boundary projection dominates current C-state,0.0476324201394773,0.4240072418666795,0.1781538847039594,0.0476324201394773,0.216597848903372,0.087617371831944,0.6760857373026128,0.04763242013947734,0.07393939823051088,0.4480876441704374,0.2257622009608406,0.0739393982305108,0.0441709114775714,-1.1505891778175104,-0.8930731834249465,2.9084232680950657,0.7826256827361779,-0.2877715071529309,-0.5462210482498818,O3_A_C_boundary,2.9084232680950657,2.9084232680950657,True,0.0,0.0,q4,mid,low,high,mid,mid,mid,high,A_side,far,phase=q4|str=mid|ab=low|ac=high|bc=mid|tfc=mid|mem=mid|dphi=high|side=A_side|dist=far,side=A_side|tfc=mid,0.11619914774085345,2.7922241203542124,neutral,1.75,1.0,0.9067027638283034,3.2074919650389355,,1.75,1.0,0.9067027638283034,2.532983970692501,,1.75,1.0,0.9067027638283034,-1.3513248767201875,,1.75,1.0,0.9067027638283034,1.1626582869875217,,1.75,1.0,0.9067027638283034,2.571487569401298,,1.75,1.0,0.9067027638283034,3.6813200073020234,,1.75,1.0,0.9067027638283034,1.3940325729792702,,1.2517419012664042,1.2706760933847336,1.2706760933847336,1.2706760933847336,1.2706760933847336,1.2517419012664042,1.2706760933847336,0.7115680669648201,0.7093409314018366,0.7093409314018366,0.7093409314018366,0.7093409314018366,0.7115680669648201,0.7093409314018366,-0.4548569756684385,-0.4582399349412941,-0.4582399349412941,-0.4582399349412941,-0.4582399349412941,-0.4548569756684385,-0.4582399349412941,1.8827253025458361,1.7285984950551192,-0.8843979470802552,0.6319579309432548,1.6340017217320053,2.271442329560492,0.9396308131985668,0.8477945737771555,0.8125938962250989,0.15934478569125526,0.5384337551971328,0.7889447028943204,0.9449738305308195,0.6153519757609608
P6,86.0,0.1807751509753095,0.2131035705219789,O5_full_TFC,full triadic projection is already active,0.2758905824527416,0.4136850080672289,0.4085158384875321,0.2758905824527416,0.3660304763358342,0.0348149089500516,0.5532099060665221,0.2758905824527416,0.22531769256482306,0.1574836118702919,0.1984033629376818,0.1574836118702919,0.2050886677480438,0.5302961713937241,0.19670257143062733,0.13045265471648648,0.4410011173955436,0.7117467914152775,1.3928531088582972,O6_phase_only,1.3928531088582972,0.7117467914152775,False,0.0,0.0,q1,mid,high,high,high,high,low,low,A_side,near,phase=q1|str=mid|ab=high|ac=high|bc=high|tfc=high|mem=low|dphi=low|side=A_side|dist=near,side=A_side|tfc=high,0.4861503450299937,0.9067027638283034,good,1.0,1.0,0.8050222627021677,0.4222344704039705,,1.0,1.0,0.8050222627021677,-0.1477442545807412,,1.0,1.0,0.8050222627021677,,,1.0,1.0,0.8050222627021677,,,1.0,1.0,0.8050222627021677,0.8823618831185616,,1.0,1.0,0.8050222627021677,-1.0232657179995774,,1.0,1.0,0.8050222627021677,-0.026030793259491827,,0.5761986529639004,0.5904681921551147,0.5904681921551147,0.5904681921551147,0.5904681921551147,0.5761986529639004,0.5904681921551147,0.7115680669648201,0.7093409314018366,0.7093409314018366,0.7093409314018366,0.7093409314018366,0.7115680669648201,0.7093409314018366,-0.5989253136365704,-0.5987194363798934,-0.5987194363798934,-0.5987194363798934,-0.5987194363798934,-0.5989253136365704,-0.5987194363798934,0.2577407332530832,-0.06610163132393737,,,0.5452365738717679,-0.6173900701448909,-0.008026687420161417,0.23664553488630835,0.15874701396328011,0.23369656239235262,0.23369656239235262,0.3115815652622065,0.017862834036814823,0.1732657499392241
P6,96.0,-0.0499208150108653,0.2050886677480438,O5_full_TFC,full triadic projection is already active,0.3101863649487859,0.1626103219300901,0.2827422141551868,0.1626103219300901,0.2518463003446876,0.0869524395308657,0.6575150800986405,0.31018636494878593,0.2063274362698665,,,0.2063274362698665,0.1157650057135519,0.7828491480457491,0.05999128808750245,,,1.2961115742346647,0.31649454729456933,O5_full_TFC,1.2961115742346647,1.2961115742346647,True,0.0,0.0,q4,mid,high,mid,high,high,mid,high,B_side,mid,phase=q4|str=mid|ab=high|ac=mid|bc=high|tfc=high|mem=mid|dphi=high|side=B_side|dist=mid,side=B_side|tfc=high,0.4910893115324971,0.8050222627021677,good,0.25,1.0,0.7555355079936097,-0.47480549919863074,,0.25,1.0,0.7555355079936097,0.51141630741552,,0.25,1.0,0.7555355079936097,,,0.25,1.0,0.7555355079936097,,,0.25,1.0,0.7555355079936097,-0.7245593441123812,,0.25,1.0,0.7555355079936097,-0.13702049487331572,,0.25,1.0,0.7555355079936097,1.137763143626653,,-0.09934459533860351,-0.0897397090745041,-0.0897397090745041,-0.0897397090745041,-0.0897397090745041,-0.09934459533860351,-0.0897397090745041,0.7115680669648201,0.7093409314018366,0.7093409314018366,0.7093409314018366,0.7093409314018366,0.7115680669648201,0.7093409314018366,-0.6690417511377428,-0.6670892275618686,-0.6670892275618686,-0.6670892275618686,-0.6670892275618686,-0.6690417511377428,-0.6670892275618686,-0.26561343111085106,0.3751947047857028,,,-0.49054178280938154,-0.07319466928690313,0.7686133412469268,-0.08060792765559431,0.08192667488779168,-0.015829335078178703,-0.015829335078178703,-0.13450744701097941,-0.03250323719960733,0.18028133400309768
P6,134.0,0.1375392764647919,0.3616714659547978,O4_B_C_boundary,B-side boundary projection dominates current C-state,0.1137399471443409,0.0958359822717358,0.3062543536293484,0.0958359822717358,0.1719434276818084,0.0393744762372116,0.7435461119461154,0.1137399471443409,0.13505724328848429,0.1728961649394925,0.0601314747886573,0.0601314747886573,0.0258797498476249,-0.6637755958236279,-0.4530844384989046,0.2777858460851311,-1.285573441354133,-0.45296873080349576,-0.7666312729643197,O3_A_C_boundary,0.2777858460851311,-1.285573441354133,False,0.0,0.0,q1,high,low,mid,high,mid,mid,low,B_side,far,phase=q1|str=high|ab=low|ac=mid|bc=high|tfc=mid|mem=mid|dphi=low|side=B_side|dist=far,side=B_side|tfc=mid,-0.47774966190847856,0.7555355079936097,neutral,0.25,1.0,2.0974823778514633,-0.15142687645110967,,0.25,1.0,2.0974823778514633,-1.0501300437660044,,0.25,1.0,2.0974823778514633,0.5243705944628658,,0.25,1.0,2.0974823778514633,-2.775195870301915,,0.25,1.0,2.0974823778514633,-2.5292506550292977,,0.25,1.0,2.0974823778514633,-1.8607729366649968,,0.25,1.0,2.0974823778514633,-1.5512223012545163,,-0.09934459533860351,-0.0897397090745041,-0.0897397090745041,-0.0897397090745041,-0.0897397090745041,-0.09934459533860351,-0.0897397090745041,0.7115680669648201,0.7093409314018366,0.7093409314018366,0.7093409314018366,0.7093409314018366,0.7115680669648201,0.7093409314018366,1.2323262893494653,1.1869144914094232,1.1869144914094232,1.1869144914094232,1.1869144914094232,1.2323262893494653,1.1869144914094232,-0.07694675558226256,-0.6702329545312283,0.34744256090582876,-1.5297438981468245,-1.6537974350851277,-1.131658090654327,-1.0258398405470612,0.4419007513483548,0.28407068980138184,0.5384895686606461,0.06919295389748276,0.038179569662906976,0.1782229175803387,0.19516896829742358
P6,166.0,-0.1807195258461392,0.7784775864653423,O4_B_C_boundary,B-side boundary projection dominates current C-state,0.2838373453377978,0.09721114174728,0.1987009162218559,0.09721114174728,0.1932498011023113,0.0716732188614533,0.9456676319305395,0.28383734533779786,0.20332910799144763,0.3407868518615993,0.0023053153417153,0.0023053153417153,0.0180529021534254,0.5888158631838232,0.038406255191685876,1.8827029934420108,-2.0076376083212253,-1.1447976676626213,-0.8609455266998403,O3_A_C_boundary,1.8827029934420108,-2.0076376083212253,False,0.0,0.0,q4,high,high,mid,mid,mid,high,mid,B_side,mid,phase=q4|str=high|ab=high|ac=mid|bc=mid|tfc=mid|mem=high|dphi=mid|side=B_side|dist=mid,side=B_side|tfc=mid,-0.21477938440945246,2.0974823778514633,neutral,0.0,1.0,0.7589475024807781,0.31770714853128346,,0.0,1.0,0.7589475024807781,0.6554085817615364,,0.0,1.0,0.7589475024807781,-0.05913261092027572,,0.0,1.0,0.7589475024807781,1.659122356078354,,0.0,1.0,0.7589475024807781,1.8711227039627318,,0.0,1.0,0.7589475024807781,2.85307607911896,,0.0,1.0,0.7589475024807781,2.0724398690622055,,-0.32452567810610483,-0.3164756761510437,-0.3164756761510437,-0.3164756761510437,-0.3164756761510437,-0.32452567810610483,-0.3164756761510437,0.7115680669648201,0.7093409314018366,0.7093409314018366,0.7093409314018366,0.7093409314018366,0.7115680669648201,0.7093409314018366,-0.6642073889003557,-0.6623752924498251,-0.6623752924498251,-0.6623752924498251,-0.6623752924498251,-0.6642073889003557,-0.6623752924498251,0.19675704128212793,0.4715949853251681,-0.03576617205406958,0.9044939983962662,1.1825652996422769,1.7628623962144796,1.3923555140055945,-0.02010198968987812,0.05052123703153398,-0.07631905231327543,0.15874599029930853,0.22826381561081116,0.3714243490432098,0.2807113692016406
P6,195.0,0.0299545374513759,0.3205714629171292,O3_A_C_boundary,A-side boundary projection dominates current C-state,0.0772164366311466,0.3022594867315376,0.1387464124118173,0.0772164366311466,0.1727407785915005,0.0880350972513191,0.2973657005884831,0.07721643663114666,0.04479282440953046,0.12300950762032,0.0079811862008002,0.0079811862008002,0.0841684067741339,-0.9327334858776789,-1.1029000256871864,-0.1990955892323762,-1.9367640970440612,-1.076891866209676,-0.06424745331446821,O7_suppress_event,0.0,-0.1990955892323762,False,0.0,0.0,q1,high,low,high,mid,mid,low,high,A_side,far,phase=q1|str=high|ab=low|ac=high|bc=mid|tfc=mid|mem=low|dphi=high|side=A_side|dist=far,side=A_side|tfc=mid,-0.7589475024807781,0.7589475024807781,neutral,-1.0,0.0,0.5465460655302011,-0.8990251637526501,,-1.0,0.0,0.5465460655302011,0.29095331494302057,,-1.0,0.0,0.5465460655302011,,,-1.0,0.0,0.5465460655302011,,,-1.0,0.0,0.5465460655302011,1.2135283825922263,,-1.0,0.0,0.5465460655302011,-0.17579425836088824,,-1.0,0.0,0.5465460655302011,0.014380228016295321,,-1.22525000917611,-1.2234195444572022,-1.2234195444572022,-1.2234195444572022,-1.2234195444572022,-1.22525000917611,-1.2234195444572022,-1.4053469322555197,-1.4097593353646567,-1.4097593353646567,-1.4097593353646567,-1.4097593353646567,-1.4053469322555197,-1.4097593353646567,-0.9651532110059389,-0.95582435728719,-0.95582435728719,-0.95582435728719,-0.95582435728719,-0.9651532110059389,-0.95582435728719,-0.5131131363333211,0.2275986311807516,,,0.7586976239842037,-0.0970035465742295,0.01894098763584298,-1.0272158221927223,-0.8403511514820743,-1.1963344123696829,-1.1963344123696829,-0.7075764032812113,-0.9231884247529495,-0.8925155623683014
P6,202.0,-0.0156159875242356,0.1401589816078362,O1_lag0_AB,default immediate AB readout,0.0033190808637493,0.1228236971117146,0.0154729547614582,0.0033190808637493,0.0472052442456407,0.0687068017425896,0.588622875873205,0.0033190808637493015,0.1061676112591587,,,0.1061676112591587,0.0726091530811752,-1.4769111021172994,-0.6610615510083689,,,0.09780503069300397,-0.20353755175332144,O5_full_TFC,0.09780503069300397,-1.4769111021172994,False,0.0,0.0,q4,low,low,mid,low,low,mid,mid,A_side,mid,phase=q4|str=low|ab=low|ac=mid|bc=low|tfc=low|mem=mid|dphi=mid|side=A_side|dist=mid,side=A_side|tfc=low,-0.4487410348371972,0.5465460655302011,bad,-1.0,0.0,1.3534079667034646,-0.9593634984482131,,-1.0,0.0,1.3534079667034646,-0.8074353432538726,,-1.0,0.0,1.3534079667034646,,,-1.0,0.0,1.3534079667034646,,,-1.0,0.0,1.3534079667034646,-2.09701160960361,,-1.0,0.0,1.3534079667034646,0.06673294010976771,,-1.0,0.0,1.3534079667034646,-0.8654616635397756,,-1.22525000917611,-1.2234195444572022,-1.2234195444572022,-1.2234195444572022,-1.2234195444572022,-1.22525000917611,-1.2234195444572022,-1.4053469322555197,-1.4097593353646567,-1.4097593353646567,-1.4097593353646567,-1.4097593353646567,-1.4053469322555197,-1.4097593353646567,0.17806748307421943,0.15891796155732146,0.15891796155732146,0.15891796155732146,0.15891796155732146,0.17806748307421943,0.15891796155732146,-0.5483159364356368,-0.5077531456590499,,,-1.3751877306530482,0.05191932775747237,-0.568208000018199,-0.7502113486982618,-0.7455035159808968,-0.8247536394215125,-0.8247536394215125,-0.9623621622293964,-0.6001525326499845,-0.7606172295706841
P6,297.0,0.0218679479367967,0.2001732519462867,O4_B_C_boundary,B-side boundary projection dominates current C-state,0.0332296958966116,0.0392475018876054,0.2632816178086038,0.0332296958966116,0.1119196051976069,0.086342153537256,0.44900983298473895,0.03322969589661168,0.13098116964577677,0.0221818488797038,0.2464776039727804,0.0221818488797038,0.1378752967128893,-1.2566503496205899,-0.4824281845779727,-1.162937249584504,1.0412949487269165,-0.9069959322966643,0.5829256415169775,O4_B_C_boundary,1.0412949487269165,1.0412949487269165,True,0.0,0.0,q1,mid,low,low,high,low,low,high,B_side,far,phase=q1|str=mid|ab=low|ac=low|bc=high|tfc=low|mem=low|dphi=high|side=B_side|dist=far,side=B_side|tfc=low,-0.31211301797654806,1.3534079667034646,bad,1.75,1.0,0.7455957967116822,1.2589870932528142,,1.75,1.0,0.7455957967116822,0.4607009516310836,,1.75,1.0,0.7455957967116822,2.1570759544376417,,1.75,1.0,0.7455957967116822,-1.9148729548760244,,1.75,1.0,0.7455957967116822,1.0948720142980684,,1.75,1.0,0.7455957967116822,-0.02977176670594253,,1.75,1.0,0.7455957967116822,1.227693897904837,,1.2517419012664042,1.2706760933847336,1.2706760933847336,1.2706760933847336,1.2706760933847336,1.2517419012664042,1.2706760933847336,0.7115680669648201,0.7093409314018366,0.7093409314018366,0.7093409314018366,0.7093409314018366,0.7115680669648201,0.7093409314018366,-0.6831250578525079,-0.6808217098949035,-0.6808217098949035,-0.6808217098949035,-0.6808217098949035,-0.6831250578525079,-0.6808217098949035,0.7459218450762157,0.34124167121162263,1.4197022272121027,-1.0574659656485836,0.6822149090391401,-0.007339008693697367,0.8286272503823674,0.506526688863733,0.4101092465258223,0.6797243855259423,0.060432337310770745,0.49535255598270167,0.3182114754212548,0.5319556413185085
P6,305.0,-0.0838896332613518,0.1766979379223001,O1_lag0_AB,default immediate AB readout,0.0707590144399476,0.0863006277056111,0.1132351299917585,0.0707590144399476,0.0900982573791057,0.0743623766365316,0.7318590081292874,0.0707590144399476,0.05915076262316193,0.1242911325354956,0.028462526822837,0.028462526822837,0.0447177146431336,-0.98028572341809,-0.999536904681381,-0.18684415444135977,-1.681017523243156,-0.8318542527227464,-0.5396320184750417,O7_suppress_event,0.0,-0.98028572341809,False,0.0,0.0,q4,mid,low,low,low,mid,mid,mid,B_side,near,phase=q4|str=mid|ab=low|ac=low|bc=low|tfc=mid|mem=mid|dphi=mid|side=B_side|dist=near,side=B_side|tfc=mid,-0.7455957967116822,0.7455957967116822,neutral,0.0,1.0,0.7958833621464267,-0.03463668401320381,,0.0,1.0,0.7958833621464267,1.1985077452179878,,0.0,1.0,0.7958833621464267,-1.1925459248620758,,0.0,1.0,0.7958833621464267,0.61576367506535,,0.0,1.0,0.7958833621464267,-0.04497643098662381,,0.0,1.0,0.7958833621464267,-0.24237852312785116,,0.0,1.0,0.7958833621464267,-0.6517468153367958,,-0.32452567810610483,-0.3164756761510437,-0.3164756761510437,-0.3164756761510437,-0.3164756761510437,-0.32452567810610483,-0.3164756761510437,0.7115680669648201,0.7093409314018366,0.7093409314018366,0.7093409314018366,0.7093409314018366,0.7115680669648201,0.7093409314018366,-0.6118739734025992,-0.6113455365618233,-0.6113455365618233,-0.6113455365618233,-0.6113455365618233,-0.6118739734025992,-0.6113455365618233,-0.008808617215561578,0.8351902681675023,-0.78012177447158,0.3317378019871755,-0.05250085021248892,-0.13788935301939378,-0.4255886749175369,-0.058410050439861375,0.15417749671411796,-0.24965051394565263,0.02831438016903627,-0.06774528288087983,-0.09068023439081943,-0.16101723905714183
P6,318.0,0.0673637988806888,0.3799641557433497,O1_lag0_AB,default immediate AB readout,0.1644239293280476,0.1349276277196139,0.0867072319595307,0.0867072319595307,0.1286862630023974,0.0312822554057902,0.8460106491649685,0.16442392932804767,0.29253119964117186,0.0829418151517082,0.1365935933031429,0.0829418151517082,0.0808519574334488,-0.2905404736755984,0.680574124698722,-0.5821146111733118,-0.330805626272808,-0.18006709469805945,-0.10421098101287762,O2_lag5_AB,0.680574124698722,-0.2905404736755984,False,0.0,0.0,q1,high,mid,mid,low,mid,high,low,A_side,near,phase=q1|str=high|ab=mid|ac=mid|bc=low|tfc=mid|mem=high|dphi=low|side=A_side|dist=near,side=A_side|tfc=mid,-0.11530923744770474,0.7958833621464267,neutral,0.0,1.0,0.9029057978817647,-1.0532496984764204,,0.0,1.0,0.9029057978817647,-1.1841448638072576,,0.0,1.0,0.9029057978817647,,,0.0,1.0,0.9029057978817647,,,0.0,1.0,0.9029057978817647,1.0863676688672226,,0.0,1.0,0.9029057978817647,0.30778813528357474,,0.0,1.0,0.9029057978817647,-0.3741751830945192,,-0.32452567810610483,-0.3164756761510437,-0.3164756761510437,-0.3164756761510437,-0.3164756761510437,-0.32452567810610483,-0.3164756761510437,0.7115680669648201,0.7093409314018366,0.7093409314018366,0.7093409314018366,0.7093409314018366,0.7115680669648201,0.7093409314018366,-0.460236793501563,-0.4634857379934192,-0.4634857379934192,-0.4634857379934192,-0.4634857379934192,-0.460236793501563,-0.4634857379934192,-0.6030913482635348,-0.7599535059087139,,,0.6767332358956535,0.1999383242421747,-0.24035550468930778,-0.16907143822659565,-0.20764349716283503,-0.023540160914208758,-0.023540160914208758,0.15152818828825682,0.03168597989983175,-0.07774399685798351
P6,334.0,-0.1294601572400954,0.211523989972578,O1_lag0_AB,default immediate AB readout,0.098542104671728,0.0741849809977931,0.1218420768754258,0.0741849809977931,0.0981897208483156,0.0397808875432385,0.5788368013332298,0.09854210467172804,0.1836149455520324,,,0.1836149455520324,0.1278568049563161,-0.7756919912459996,-0.10351644481121315,,,1.024380605810946,0.4622018698921731,O5_full_TFC,1.024380605810946,-0.7756919912459996,False,0.0,0.0,q4,mid,low,low,low,mid,mid,low,B_side,near,phase=q4|str=mid|ab=low|ac=low|bc=low|tfc=mid|mem=mid|dphi=low|side=B_side|dist=near,side=B_side|tfc=mid,0.12147480792918124,0.9029057978817647,neutral,1.5,1.0,2.9948924115769406,0.16241455856243808,,1.5,1.0,2.9948924115769406,-0.9895296306865069,,1.5,1.0,2.9948924115769406,,,1.5,1.0,2.9948924115769406,,,1.5,1.0,2.9948924115769406,-4.036010334563313,,1.5,1.0,2.9948924115769406,1.310901838813008,,1.5,1.0,2.9948924115769406,-3.48773411888369,,1.026560818498903,1.043940126308194,1.043940126308194,1.043940126308194,1.043940126308194,1.026560818498903,1.043940126308194,0.7115680669648201,0.7093409314018366,0.7093409314018366,0.7093409314018366,0.7093409314018366,0.7115680669648201,0.7093409314018366,2.503842170987098,2.426756080775347,2.426756080775347,2.426756080775347,2.426756080775347,2.503842170987098,2.426756080775347,0.10615570086352763,-0.6296620499587174,,,-2.6250143425066033,0.8158963567974244,-2.3181412917659223,1.0870316893285872,0.887593772131665,1.3933457128284592,1.3933457128284592,0.38875569899469353,1.2644668533120615,0.46547396167986377
P6,375.0,0.1082965075262304,0.2629978276206481,O5_full_TFC,full triadic projection is already active,0.5161509495850456,0.3256755196745073,0.2412086878132463,0.2412086878132463,0.3610117190242665,0.0375105304531577,1.225024624553805,0.5161509495850456,0.4641067574367769,0.1550150015226868,0.1298285779085848,0.1298285779085848,0.4387646087644832,2.299565348960103,1.9157504347087762,0.10685447217493681,-0.4152790765608763,0.38088351210505855,4.208670262071097,O6_phase_only,4.208670262071097,0.38088351210505855,False,0.0,0.0,q1,high,high,high,high,high,high,low,A_side,mid,phase=q1|str=high|ab=high|ac=high|bc=high|tfc=high|mem=high|dphi=low|side=A_side|dist=mid,side=A_side|tfc=high,1.2137778504941565,2.9948924115769406,good,1.0,1.0,1.8351639075422086,0.9876008536570817,,1.0,1.0,1.8351639075422086,0.28607361896198386,,1.0,1.0,1.8351639075422086,,,1.0,1.0,1.8351639075422086,,,1.0,1.0,1.8351639075422086,4.286577726851591,,1.0,1.0,1.8351639075422086,-3.23371882326175,,1.0,1.0,1.8351639075422086,0.7361288385904998,,0.5761986529639004,0.5904681921551147,0.5904681921551147,0.5904681921551147,0.5904681921551147,0.5761986529639004,0.5904681921551147,0.7115680669648201,0.7093409314018366,0.7093409314018366,0.7093409314018366,0.7093409314018366,0.7115680669648201,0.7093409314018366,0.8606543796200277,0.8245011720507109,0.8245011720507109,0.8245011720507109,0.8245011720507109,0.8606543796200277,0.8245011720507109,0.587588745708953,0.22433176104028246,,,2.739502871844431,-1.974710123676569,0.5005888497191968,0.6840024613144253,0.5871605141619862,0.7081034318692208,0.7081034318692208,1.2159532918630234,0.04342774396804483,0.6562247863317148
P6,397.0,-0.1985207244957633,0.3325714196968434,O5_full_TFC,full triadic projection is already active,0.4810156084765976,0.1611549363160732,0.2850438562747844,0.1611549363160732,0.309071467022485,0.1493294606845836,1.2687257926719384,0.4810156084765976,0.3608713171758661,,,0.3608713171758661,0.1053554219596917,2.040829891221348,1.1725561720642081,,,3.1450659202929194,0.19105808017507783,O5_full_TFC,3.1450659202929194,3.1450659202929194,True,0.0,0.0,q4,high,high,mid,high,high,high,high,B_side,mid,phase=q4|str=high|ab=high|ac=mid|bc=high|tfc=high|mem=high|dphi=high|side=B_side|dist=mid,side=B_side|tfc=high,1.3099020127507108,1.8351639075422086,good,,,,,,,,,,,,,,,,,,,,,,,,,,,,,,,,,,,,,,,,,,,,,,,,,,,,,,,,,,,,,,,,,,,,,,
P7,20.0,-0.0034300199083365,0.1849040184198434,O3_A_C_boundary,A-side boundary projection dominates current C-state,0.3029096346823718,0.2004861208276035,0.1137099429462216,0.1137099429462216,0.205701899485399,0.0536898467773712,0.4781216567125529,0.3029096346823718,0.09955314316082527,0.1541623727626556,0.1509978668485717,0.0995531431608252,0.0299488651260951,0.729263553686188,-0.7086792560203586,0.09870393957309823,-0.15094222400260623,0.0186699043743104,-0.7175980496479726,O1_lag0_AB,0.729263553686188,0.09870393957309823,False,0.0,0.0,q4,mid,high,high,low,high,low,mid,A_side,mid,phase=q4|str=mid|ab=high|ac=high|bc=low|tfc=high|mem=low|dphi=mid|side=A_side|dist=mid,side=A_side|tfc=high,-0.1043688760053344,0.8336324296915224,good,1.0,1.0,1.8252602353649132,0.4563150588412283,,1.0,1.0,1.8252602353649132,1.5262949944435935,,1.0,1.0,1.8252602353649132,-2.544278246287395,,1.0,1.0,1.8252602353649132,-1.8317317179642159,,1.0,1.0,1.8252602353649132,-2.0936253162749043,,1.0,1.0,1.8252602353649132,-1.2609474610754232,,1.0,1.0,1.8252602353649132,-1.1934219513966184,,0.5761986529639004,0.5904681921551147,0.5904681921551147,0.5904681921551147,0.5904681921551147,0.5761986529639004,0.5904681921551147,0.7115680669648201,0.7093409314018366,0.7093409314018366,0.7093409314018366,0.7093409314018366,0.7115680669648201,0.7093409314018366,0.8466221357329307,0.8108184805369083,0.8108184805369083,0.8108184805369083,0.8108184805369083,0.8466221357329307,0.8108184805369083,0.27762414813649566,1.0546380331682517,-1.6678557670452987,-1.0118252291646352,-1.3730050167279286,-0.7633376116092216,-0.787067266499945,0.6030032509495368,0.7913164093155278,0.11069295926214018,0.27470059373230604,0.1844056468414827,0.3427628110131074,0.3308900843984786
P7,48.0,0.0812933444290876,0.1592138195118957,O4_B_C_boundary,B-side boundary projection dominates current C-state,0.4623260273650185,0.1621350748741336,0.2028226072212802,0.1621350748741336,0.2757612364868108,0.029138766730176,0.4877233750318987,0.4623260273650185,0.4214731525801217,0.0390466187977574,0.1125205107921554,0.0390466187977574,0.0373761266112027,1.9032004511392278,1.6088301518558825,-1.001721884254143,-0.6314015924561631,-0.7052267684031802,-0.628098847461422,O1_lag0_AB,1.9032004511392278,-0.6314015924561631,False,0.0,0.0,q1,low,high,mid,mid,high,low,low,B_side,near,phase=q1|str=low|ab=high|ac=mid|bc=mid|tfc=high|mem=low|dphi=low|side=B_side|dist=near,side=B_side|tfc=high,0.07794021577431451,1.8252602353649132,good,0.25,1.0,0.43530298575671467,0.05712113385269885,,0.25,1.0,0.43530298575671467,-0.5002361811481473,,0.25,1.0,0.43530298575671467,1.7004761196535216,,0.25,1.0,0.43530298575671467,2.2722325146252316,,0.25,1.0,0.43530298575671467,1.8302318807324034,,0.25,1.0,0.43530298575671467,2.6401250450398286,,0.25,1.0,0.43530298575671467,1.7297502345018527,,-0.09934459533860351,-0.0897397090745041,-0.0897397090745041,-0.0897397090745041,-0.0897397090745041,-0.09934459533860351,-0.0897397090745041,0.7115680669648201,0.7093409314018366,0.7093409314018366,0.7093409314018366,0.7093409314018366,0.7115680669648201,0.7093409314018366,-1.1227705067108582,-1.1095153030633893,-1.1095153030633893,-1.1095153030633893,-1.1095153030633893,-1.1227705067108582,-1.1095153030633893,0.044725046523348265,-0.30208874079440196,1.1198357611102923,1.2410634339887683,1.1562081708850487,1.6321006495446126,1.1636668439812687,-0.11645549714032334,-0.1980007053826147,0.15748042009355886,0.18778733831317787,0.16657352253724797,0.28038840361499273,0.16843819081130298
P7,78.0,-0.0314491440461382,0.040251469799723,O1_lag0_AB,default immediate AB readout,0.2289268823971886,0.0590042577374778,0.1621978910864322,0.0590042577374778,0.1500430104070329,0.1012801988624431,0.8759331061793093,0.22892688239718864,0.12896744815069666,0.0575547854645838,0.1573891537414534,0.0575547854645838,0.1082402699178108,0.18445708039205908,-0.496925011035294,-0.8247967992819792,-0.07113544986622744,-0.4837960977381038,0.22582077046124294,O6_phase_only,0.22582077046124294,0.18445708039205908,False,0.0,0.0,q4,low,mid,low,mid,mid,high,high,B_side,mid,phase=q4|str=low|ab=mid|ac=low|bc=mid|tfc=mid|mem=high|dphi=high|side=B_side|dist=mid,side=B_side|tfc=mid,-0.20948221529547176,0.43530298575671467,neutral,0.25,1.0,1.1225881809661147,0.32201073531071256,,-1.0,0.0,3.752280327031771,-4.4673009720346375,,-1.0,0.0,3.752280327031771,1.988687651501165,,-1.0,0.0,3.752280327031771,-5.064250969594385,,-1.0,0.0,3.752280327031771,-3.9352333029222826,,0.25,1.0,1.1225881809661147,-0.2782889346196552,,-1.0,0.0,3.752280327031771,-3.5284473360939455,,-0.09934459533860351,-1.2234195444572022,-1.2234195444572022,-1.2234195444572022,-1.2234195444572022,-0.09934459533860351,-1.2234195444572022,0.7115680669648201,-1.4097593353646567,-1.4097593353646567,-1.4097593353646567,-1.4097593353646567,0.7115680669648201,-1.4097593353646567,-0.14897479674390046,3.4731462497884538,3.4731462497884538,3.4731462497884538,3.4731462497884538,-0.14897479674390046,3.4731462497884538,0.19926785477878137,-2.957968443345074,1.309115228514839,-2.786330454525175,-2.5600561687918755,-0.15994000025202032,-2.3453106326424553,0.16562913241527438,-0.5295002683446198,0.5372706496203585,-0.486590771139645,-0.43002219970632016,0.07582716865757395,-0.3763358156689651
P7,79.0,0.0789401883236049,0.1103893323697431,O2_lag5_AB,current AB is active; read short-lag future AB,0.3467710969226007,0.0555589202048533,0.1587492116229989,0.0555589202048533,0.1870264095834843,0.068842492716854,0.9502295989418588,0.3467710969226007,0.08756044680917785,0.0568582319880747,0.1605970395466433,0.0568582319880747,0.1397162321175149,1.0522578708550083,-0.7950149475198757,-0.8314553617013417,-0.031079194811362246,-0.4921296245662338,0.6051090869660612,O1_lag0_AB,1.0522578708550083,-0.7950149475198757,False,0.0,0.0,q1,low,high,low,mid,mid,high,mid,B_side,mid,phase=q1|str=low|ab=high|ac=low|bc=mid|tfc=mid|mem=high|dphi=mid|side=B_side|dist=mid,side=B_side|tfc=mid,-0.07033031011110627,1.1225881809661147,neutral,-1.0,0.0,3.752280327031771,-5.291798226150301,,-1.0,0.0,3.752280327031771,-3.34277393515629,,-1.0,0.0,3.752280327031771,2.8217833143142927,,-1.0,0.0,3.752280327031771,-4.277870124255485,,-1.0,0.0,3.752280327031771,-3.100462675700387,,-1.0,0.0,3.752280327031771,-2.514713139811243,,-1.0,0.0,3.752280327031771,-2.70201023570018,,-1.22525000917611,-1.2234195444572022,-1.2234195444572022,-1.2234195444572022,-1.2234195444572022,-1.22525000917611,-1.2234195444572022,-1.4053469322555197,-1.4097593353646567,-1.4097593353646567,-1.4097593353646567,-1.4097593353646567,-1.4053469322555197,-1.4097593353646567,3.5769645196010798,3.4731462497884538,3.4731462497884538,3.4731462497884538,3.4731462497884538,3.5769645196010798,3.4731462497884538,-3.07596000293392,-2.205117484349958,1.8562408148625245,-2.3546433366608053,-2.0219853948065594,-1.5332075057620065,-1.7938005130256767,-0.5323981061911175,-0.3412875285958408,0.6740520462072799,-0.3786689916735526,-0.29550450620999114,-0.1467099818981391,-0.23845828576477046
P7,93.0,-0.0762909745334113,0.2833522961803364,O3_A_C_boundary,A-side boundary projection dominates current C-state,0.0368454450596999,0.42410077023295,0.1928115573028378,0.0368454450596999,0.2179192575318292,0.0818792553228675,0.7474443622113364,0.03684544505969993,0.03844156053157518,0.5365300446136161,0.0601332506356384,0.0384415605315751,0.1421075709992436,-1.23002409567609,-1.1486229175807885,3.753870550650505,-1.2855512666933337,-0.712465651653153,0.6339249462839986,O3_A_C_boundary,3.753870550650505,3.753870550650505,True,0.0,0.0,q4,high,low,high,mid,low,mid,high,A_side,far,phase=q4|str=high|ab=low|ac=high|bc=mid|tfc=low|mem=mid|dphi=high|side=A_side|dist=far,side=A_side|tfc=low,0.0015902236187340657,3.752280327031771,bad,1.75,1.0,0.8354767910900738,3.4216544793229557,,1.75,1.0,0.8354767910900738,4.042463164811273,,1.75,1.0,0.8354767910900738,-1.2154431440640114,,1.75,1.0,0.8354767910900738,5.248291015116357,,1.75,1.0,0.8354767910900738,3.8428823672834325,,1.75,1.0,0.8354767910900738,2.1672210129410163,,1.75,1.0,0.8354767910900738,2.9105558561808564,,1.2517419012664042,1.2706760933847336,1.2706760933847336,1.2706760933847336,1.2706760933847336,1.2517419012664042,1.2706760933847336,0.7115680669648201,0.7093409314018366,0.7093409314018366,0.7093409314018366,0.7093409314018366,0.7115680669648201,0.7093409314018366,-0.5557751202380727,-0.5566441425221899,-0.5566441425221899,-0.5566441425221899,-0.5566441425221899,-0.5557751202380727,-0.5566441425221899,2.007672737999405,2.7391681137546744,-0.795159248606649,2.8747834365647518,2.453508734351772,1.3417157847240693,1.9516593594988656,0.8538018964981391,1.0406352490047637,0.15705340841443283,1.0745390797072831,0.9692204041540381,0.6873126581793052,0.8437580604408115
P7,121.0,0.2032430423717018,0.2179240887036676,O3_A_C_boundary,A-side boundary projection dominates current C-state,0.125776289741975,0.2628066557719345,0.0483850087765533,0.0483850087765533,0.1456559847634876,0.0715504461375583,0.4222650945155879,0.125776289741975,0.19613663957297198,0.1126941928338811,0.2304969121616824,0.1126941928338811,0.0822364331782066,-0.5751403780271926,-0.013372487160298303,-0.29770275967549065,0.8417471137937333,0.17588868755953885,-0.08752791756467351,O4_B_C_boundary,0.8417471137937333,-0.29770275967549065,False,0.0,0.0,q1,mid,mid,high,low,mid,low,mid,A_side,far,phase=q1|str=mid|ab=mid|ac=high|bc=low|tfc=mid|mem=low|dphi=mid|side=A_side|dist=far,side=A_side|tfc=mid,0.00627032270365959,0.8354767910900738,neutral,1.5,1.0,0.7448034062050516,1.3760909984918952,,1.5,1.0,0.7448034062050516,1.0413204525052946,,1.5,1.0,0.7448034062050516,0.42166721052092687,,1.5,1.0,0.7448034062050516,-1.5211789798020552,,1.5,1.0,0.7448034062050516,0.12597827246263285,,1.5,1.0,0.7448034062050516,-0.3167723783762755,,1.5,1.0,0.7448034062050516,-0.49239188160726344,,1.026560818498903,1.043940126308194,1.043940126308194,1.043940126308194,1.043940126308194,1.026560818498903,1.043940126308194,0.7115680669648201,0.7093409314018366,0.7093409314018366,0.7093409314018366,0.7093409314018366,0.7115680669648201,0.7093409314018366,-0.6842477744210501,-0.6819164588593885,-0.6819164588593885,-0.6819164588593885,-0.6819164588593885,-0.6842477744210501,-0.6819164588593885,0.8142430108513632,0.729956156243345,0.27999334508662554,-0.8413459794769906,0.057691969948779676,-0.18357060784802443,-0.3192456047421733,0.467031030473509,0.4503301887734968,0.3378394859843169,0.05750465484341288,0.28226414219985546,0.21757762579866213,0.18802974852711724
P7,129.0,-0.2466179844086483,0.2808952017958423,O4_B_C_boundary,B-side boundary projection dominates current C-state,0.3443832709645442,0.1285554107797504,0.2775944098950114,0.1285554107797504,0.250177697213102,0.081028670898727,0.5316204549025452,0.34438327096454424,0.3669437673146791,0.1954186571307422,0.1511027965032666,0.1511027965032666,0.0953484620615356,1.0346740016575728,1.2162718775618078,0.4930850659621598,-0.1496319875208467,0.6354070733035482,0.07047326853305165,O2_lag5_AB,1.2162718775618078,-0.1496319875208467,False,0.0,0.0,q4,high,high,mid,high,high,low,mid,B_side,mid,phase=q4|str=high|ab=high|ac=mid|bc=high|tfc=high|mem=low|dphi=mid|side=B_side|dist=mid,side=B_side|tfc=high,0.4714684713567562,0.7448034062050516,good,1.0,1.0,1.2873661947653192,0.4806004905671046,,1.0,1.0,1.2873661947653192,-1.012681831993453,,1.0,1.0,1.2873661947653192,-1.6637298550062816,,1.0,1.0,1.2873661947653192,-0.25272987312773876,,1.0,1.0,1.2873661947653192,-0.9436873367240239,,1.0,1.0,1.2873661947653192,1.467640157720086,,1.0,1.0,1.2873661947653192,-1.8733512713575684,,0.5761986529639004,0.5904681921551147,0.5904681921551147,0.5904681921551147,0.5904681921551147,0.5761986529639004,0.5904681921551147,0.7115680669648201,0.7093409314018366,0.7093409314018366,0.7093409314018366,0.7093409314018366,0.7115680669648201,0.7093409314018366,0.08449469169117782,0.06767612961076669,0.06767612961076669,0.06767612961076669,0.06767612961076669,0.08449469169117782,0.06767612961076669,0.2917928387832948,-0.6451620391854487,-1.0895661703135282,-0.14502543420495145,-0.6317858140935031,0.9121409063438342,-1.2408076665908303,0.4160135626007983,0.18058080349556732,0.06947977071354744,0.3056149547406916,0.18392485976855372,0.5711005794909332,0.031669396644221914
P7,138.0,0.1096007552439234,0.1326559323666271,O5_full_TFC,full triadic projection is already active,0.5720087932037657,0.2232563483437275,0.1752073400934018,0.1752073400934018,0.3234908272136317,0.0738062192281433,0.7665865489801966,0.5720087932037657,0.42879677204389555,0.2026451415631994,0.2573287820104185,0.2026451415631994,0.3159856119975702,2.7109006108657967,1.6615530535407386,0.5621651858507574,1.1767915285671864,1.2520568063496742,2.729171758088565,O6_phase_only,2.729171758088565,1.2520568063496742,False,0.0,0.0,q1,low,high,high,mid,high,mid,mid,A_side,near,phase=q1|str=low|ab=high|ac=high|bc=mid|tfc=high|mem=mid|dphi=mid|side=A_side|dist=near,side=A_side|tfc=high,1.4418055633232456,1.2873661947653192,good,1.0,1.0,0.5418284457363346,-0.8263457103688514,,1.0,1.0,0.5418284457363346,-0.4697449987030333,,1.0,1.0,0.5418284457363346,1.9799103190604592,,1.0,1.0,0.5418284457363346,1.6878373409554621,,1.0,1.0,0.5418284457363346,1.0466298239689216,,1.0,1.0,0.5418284457363346,0.021501038120820076,,1.0,1.0,0.5418284457363346,1.7789764301691156,,0.5761986529639004,0.5904681921551147,0.5904681921551147,0.5904681921551147,0.5904681921551147,0.5761986529639004,0.5904681921551147,0.7115680669648201,0.7093409314018366,0.7093409314018366,0.7093409314018366,0.7093409314018366,0.7115680669648201,0.7093409314018366,-0.9718374782483357,-0.9623421150606013,-0.9623421150606013,-0.9623421150606013,-0.9623421150606013,-0.9718374782483357,-0.9623421150606013,-0.4707102380444563,-0.2816754335177514,1.3033508206892435,0.9202572117738449,0.6511192860707831,0.024144855870770067,1.1965171904236003,-0.03869524909101783,0.013947893744649664,0.4102044572963984,0.31443105506754876,0.24714657364178327,0.08501852438778876,0.3834960497299876
P7,148.0,-0.0568602986405863,0.3159856119975702,O5_full_TFC,full triadic projection is already active,0.215348016882553,0.1715612579913719,0.2526137836744824,0.1715612579913719,0.2131743528494691,0.0273711404850032,0.7641680948641503,0.215348016882553,0.13274439294733795,0.2076992859940453,0.2326411620832355,0.1327443929473379,0.1540105604310753,0.08446277626226388,-0.4697347002651281,0.6104792597936807,0.8685219514828264,0.4157681601195842,0.7773570928322155,O4_B_C_boundary,0.8685219514828264,0.4157681601195842,False,0.0,0.0,q4,high,mid,high,high,high,mid,low,B_side,mid,phase=q4|str=high|ab=mid|ac=high|bc=high|tfc=high|mem=mid|dphi=low|side=B_side|dist=mid,side=B_side|tfc=high,0.3266935057464918,0.5418284457363346,good,1.0,1.0,1.4098963044862154,-2.0520578589861485,,1.0,1.0,1.4098963044862154,-0.3992101028480337,,1.0,1.0,1.4098963044862154,0.6105167678106995,,1.0,1.0,1.4098963044862154,-1.8843718929805018,,1.0,1.0,1.4098963044862154,-0.4846610489536761,,1.0,1.0,1.4098963044862154,-0.21774613205953092,,1.0,1.0,1.4098963044862154,-1.6489447432319737,,0.5761986529639004,0.5904681921551147,0.5904681921551147,0.5904681921551147,0.5904681921551147,0.5761986529639004,0.5904681921551147,0.7115680669648201,0.7093409314018366,0.7093409314018366,0.7093409314018366,0.7093409314018366,0.7115680669648201,0.7093409314018366,0.25810427330254293,0.23696098299141147,0.23696098299141147,0.23696098299141147,0.23696098299141147,0.25810427330254293,0.23696098299141147,-1.1858194628591672,-0.23445356846196103,0.40401802721589075,-1.0407222776766234,-0.3359097711592039,-0.12276392996297468,-1.0910534129272853,0.09001288259302409,0.3255791345216004,0.48519703344106335,0.12401195721793484,0.30021508384728973,0.35577676581707224,0.11142917340526937
P7,160.0,0.1762613279926825,0.2430370323841283,O5_full_TFC,full triadic projection is already active,0.1692610241794577,0.2551046682729868,0.2391886955836951,0.1692610241794577,0.2211847960120465,0.0674737258756164,0.7911144274400933,0.16926102417945774,0.28467260881277345,0.3840169732595527,0.2036468745291833,0.2036468745291833,0.2361250597689395,-0.254920271593529,0.6239999520950493,2.295952616669083,0.5064758413874386,1.2640414835183054,1.7668445632037266,O3_A_C_boundary,2.295952616669083,1.2640414835183054,False,0.0,0.0,q1,mid,mid,high,high,high,high,mid,A_side,near,phase=q1|str=mid|ab=mid|ac=high|bc=high|tfc=high|mem=high|dphi=mid|side=A_side|dist=near,side=A_side|tfc=high,0.8860563121828677,1.4098963044862154,good,0.25,1.0,0.4322355906757604,2.2941225556357363,,0.25,1.0,0.4322355906757604,1.1266588634081136,,0.25,1.0,0.4322355906757604,-0.5141303822664846,,0.25,1.0,0.4322355906757604,1.7451702767521766,,0.25,1.0,0.4322355906757604,1.1399700308197178,,0.25,1.0,0.4322355906757604,-0.9820617097854116,,0.25,1.0,0.4322355906757604,2.0338953621093365,,-0.09934459533860351,-0.0897397090745041,-0.0897397090745041,-0.0897397090745041,-0.0897397090745041,-0.09934459533860351,-0.0897397090745041,0.7115680669648201,0.7093409314018366,0.7093409314018366,0.7093409314018366,0.7093409314018366,0.7115680669648201,0.7093409314018366,-1.1271166154171528,-1.1137531473591518,-1.1137531473591518,-1.1137531473591518,-1.1137531473591518,-1.1271166154171528,-1.1137531473591518,1.34984415988554,0.7870887127585308,-0.33458050220444135,0.9517303713243174,0.7112838818368092,-0.5920889106216093,1.3666334286466264,0.20873775402365094,0.07323419693167788,-0.20718310680906515,0.11439461157312453,0.054282989201247495,-0.2767455136031364,0.21812037590370179
P7,172.0,-0.3249057879322087,0.4257511569199539,O3_A_C_boundary,A-side boundary projection dominates current C-state,0.2044548054545735,0.3429390933060547,0.0769418426993831,0.0769418426993831,0.2081119138200038,0.057049950672768,0.8778659202381841,0.2044548054545735,0.16651918128986778,0.1227414008127169,0.1770367729775707,0.1227414008127169,0.0065721223838089,0.004245537546296594,-0.2265892372849389,-0.20165850216539052,0.17420060482422275,0.2960929217829492,-0.9992900069528174,O5_full_TFC,0.2960929217829492,-0.20165850216539052,False,0.0,0.0,q4,high,mid,high,low,mid,high,mid,A_side,far,phase=q4|str=high|ab=mid|ac=high|bc=low|tfc=mid|mem=high|dphi=mid|side=A_side|dist=far,side=A_side|tfc=mid,-0.13614266889281118,0.4322355906757604,neutral,0.25,1.0,0.6087526067383113,-0.04163033008083028,,0.25,1.0,0.6087526067383113,0.6748703107524658,,0.25,1.0,0.6087526067383113,-0.190419541369861,,0.25,1.0,0.6087526067383113,-0.3454860435936938,,0.25,1.0,0.6087526067383113,0.030658612262910834,,0.25,1.0,0.6087526067383113,-0.8394286210048978,,0.25,1.0,0.6087526067383113,-0.5241834994039505,,-0.09934459533860351,-0.0897397090745041,-0.0897397090745041,-0.0897397090745041,-0.0897397090745041,-0.09934459533860351,-0.0897397090745041,0.7115680669648201,0.7093409314018366,0.7093409314018366,0.7093409314018366,0.7093409314018366,0.7115680669648201,0.7093409314018366,-0.8770144537875701,-0.8698811941600284,-0.8698811941600284,-0.8698811941600284,-0.8698811941600284,-0.8770144537875701,-0.8698811941600284,-0.012888874414358703,0.4846242686185224,-0.12198728927783013,-0.19594432945770635,-0.003748528395501889,-0.5045056222731357,-0.34046125312667563,-0.06941996414392806,0.05858607419645663,-0.09306681527763151,-0.11155607532260056,-0.06350712505704945,-0.1923241511086223,-0.14768530623984288
P7,190.0,0.0716254081457439,0.2030879873294256,O1_lag0_AB,default immediate AB readout,0.2567626823957927,0.1673182814046971,0.0916796052355324,0.0916796052355324,0.1719201896786741,0.0250629337843008,0.8801003719792748,0.25676268239579275,0.30606047155129773,0.1548925963574671,0.1856953381770518,0.1548925963574671,0.0022287459702533,0.3894389654955335,0.7779716582971821,0.1056843646949592,0.28231844850758364,0.6807480267598485,-1.0516281028430117,O2_lag5_AB,0.7779716582971821,0.3894389654955335,False,0.0,0.0,q1,mid,mid,mid,low,mid,high,low,A_side,mid,phase=q1|str=mid|ab=mid|ac=mid|bc=low|tfc=mid|mem=high|dphi=low|side=A_side|dist=mid,side=A_side|tfc=mid,0.16921905155887074,0.6087526067383113,neutral,1.5,1.0,0.7831764417866611,0.5843268032483139,,1.5,1.0,0.7831764417866611,-1.7269164962622225,,1.5,1.0,0.7831764417866611,,,1.5,1.0,0.7831764417866611,,,1.5,1.0,0.7831764417866611,-0.84299659527917,,1.5,1.0,0.7831764417866611,1.0410648205136466,,1.5,1.0,0.7831764417866611,0.12196700262248435,,1.026560818498903,1.043940126308194,1.043940126308194,1.043940126308194,1.043940126308194,1.026560818498903,1.043940126308194,0.7115680669648201,0.7093409314018366,0.7093409314018366,0.7093409314018366,0.7093409314018366,0.7115680669648201,0.7093409314018366,-0.6298780634360844,-0.6289011329366433,-0.6289011329366433,-0.6289011329366433,-0.6289011329366433,-0.6298780634360844,-0.6289011329366433,0.3523092031988911,-1.1233295125393759,,,-0.5668832607266052,0.6502039947875651,0.09073737105567223,0.36514000630663246,0.0002626030585028971,0.37479330825779583,0.37479330825779583,0.13937416601169555,0.43961370420380097,0.3037793239572649
P7,221.0,-0.0141887453558267,0.4687431752395072,O4_B_C_boundary,B-side boundary projection dominates current C-state,0.2964152346930342,0.1560033448284266,0.2736818349580224,0.1560033448284266,0.2420334714931611,0.098648120344193,0.9383971545728328,0.2964152346930342,0.07898782121994066,,,0.0789878212199406,0.0807014816873492,0.6814390128970904,-0.8567294724700197,,,-0.22737245691344482,-0.10602422796147969,O1_lag0_AB,0.6814390128970904,,False,0.0,0.0,q4,high,high,mid,high,high,high,high,B_side,mid,phase=q4|str=high|ab=high|ac=mid|bc=high|tfc=high|mem=high|dphi=high|side=B_side|dist=mid,side=B_side|tfc=high,-0.10173742888957076,0.7831764417866611,good,1.0,1.0,1.4608569246172105,-1.249102869706356,,1.0,1.0,1.4608569246172105,-0.4493726286970992,,1.0,1.0,1.4608569246172105,,,1.0,1.0,1.4608569246172105,,,1.0,1.0,1.4608569246172105,-0.9550719936789394,,1.0,1.0,1.4608569246172105,1.1526774720128727,,1.0,1.0,1.4608569246172105,-1.048020317718955,,0.5761986529639004,0.5904681921551147,0.5904681921551147,0.5904681921551147,0.5904681921551147,0.5761986529639004,0.5904681921551147,0.7115680669648201,0.7093409314018366,0.7093409314018366,0.7093409314018366,0.7093409314018366,0.7115680669648201,0.7093409314018366,0.3303089906552849,0.3073670336079729,0.3073670336079729,0.3073670336079729,0.3073670336079729,0.3303089906552849,0.3073670336079729,-0.7173566834107282,-0.26803649217353354,,,-0.6391240588514375,0.7187393053748368,-0.6900357170404211,0.22517975679331934,0.3347849162478477,0.5357253857216414,0.5357253857216414,0.24201302457837165,0.5842037539897106,0.22928511003112576
P7,295.0,0.0759487902608268,0.0778334396130921,O3_A_C_boundary,A-side boundary projection dominates current C-state,0.2560628154002823,0.1885577799930593,0.1081453964627461,0.1081453964627461,0.1842553306186959,0.1280238717378443,0.41148647488825724,0.25606281540028236,0.16931453446176709,0.0890040123696412,0.1856953381770517,0.0890040123696412,0.2285644788636894,0.38428516872775176,-0.20646542675853113,-0.5241642600008625,0.2823184485075823,-0.10753930629874317,1.6757388494162786,O6_phase_only,1.6757388494162786,-0.5241642600008625,False,0.0,0.0,q1,low,mid,high,low,high,low,high,A_side,mid,phase=q1|str=low|ab=mid|ac=high|bc=low|tfc=high|mem=low|dphi=high|side=A_side|dist=mid,side=A_side|tfc=high,0.214881924799068,1.4608569246172105,good,1.25,1.0,1.3202117092625534,-0.10094933789601407,,0.0,1.0,0.797386626227054,0.7181579788639001,,0.0,1.0,0.797386626227054,,,0.0,1.0,0.797386626227054,,,0.0,1.0,0.797386626227054,1.982624812271785,,1.25,1.0,1.3202117092625534,0.33005292731563834,,0.0,1.0,0.797386626227054,0.7113093608764152,,0.8013797357314016,-0.3164756761510437,-0.3164756761510437,-0.3164756761510437,-0.3164756761510437,0.8013797357314016,-0.3164756761510437,0.7115680669648201,0.7093409314018366,0.7093409314018366,0.7093409314018366,0.7093409314018366,0.7115680669648201,0.7093409314018366,0.13103260831153962,-0.6092686605999799,-0.6092686605999799,-0.6092686605999799,-0.6092686605999799,0.13103260831153962,-0.6092686605999799,-0.04749697529950255,0.513604596686776,,,1.25443657033913,0.2136099324029133,0.4840259520511239,0.3991208589270647,0.07430029783439727,-0.07213446844972898,-0.07213446844972898,0.25950829124748576,0.46439758585266866,0.06690563667548424
P7,298.0,-0.0879600527926847,0.1171662657881876,O1_lag0_AB,default immediate AB readout,0.2145131244859252,0.1779573201217748,0.12689751070823,0.12689751070823,0.1731226517719767,0.0071333454117892,0.5953803079935801,0.21451312448592527,0.27380977120035155,0.0821726876361145,0.1351218938851259,0.0821726876361145,0.2103522202709292,0.07831465702991228,0.5457981391402357,-0.5894669304764845,-0.3491824547611575,-0.1892688932700452,1.4562794137500557,O6_phase_only,1.4562794137500557,0.07831465702991228,False,0.0,0.0,q4,low,mid,high,low,high,mid,low,A_side,near,phase=q4|str=low|ab=mid|ac=high|bc=low|tfc=high|mem=mid|dphi=low|side=A_side|dist=near,side=A_side|tfc=high,0.13606770448750233,1.3202117092625534,good,0.0,1.0,0.797386626227054,1.1898183224542473,,0.0,1.0,0.797386626227054,-0.2535650227010896,,0.0,1.0,0.797386626227054,,,0.0,1.0,0.797386626227054,,,0.0,1.0,0.797386626227054,1.8448949635768643,,0.0,1.0,0.797386626227054,-1.8696575675753648,,0.0,1.0,0.797386626227054,0.4918499252101923,,-0.32452567810610483,-0.3164756761510437,-0.3164756761510437,-0.3164756761510437,-0.3164756761510437,-0.32452567810610483,-0.3164756761510437,0.7115680669648201,0.7093409314018366,0.7093409314018366,0.7093409314018366,0.7093409314018366,0.7115680669648201,0.7093409314018366,-0.6097440393914115,-0.6092686605999799,-0.6092686605999799,-0.6092686605999799,-0.6092686605999799,-0.6097440393914115,-0.6092686605999799,0.7055671613742159,-0.13694676367589753,,,1.1656596011077278,-1.137113663393763,0.3375730646412519,0.12071637771037992,-0.08833754225627112,-0.07213446844972898,-0.07213446844972898,0.2373140489396352,-0.3399538284816148,0.030292414823016242
P7,306.0,0.0347180478143185,0.2244447141563064,O2_lag5_AB,current AB is active; read short-lag future AB,0.2882114258513886,0.0625163597339996,0.1015361897015552,0.0625163597339996,0.1507546584289811,0.0413580449100271,0.7503112034633883,0.28821142585138865,0.17581152476861697,,,0.1758115247686169,0.0294024450442043,0.6210264434191739,-0.15969344701683688,,,0.9310209160773015,-0.7241824632284011,O5_full_TFC,0.9310209160773015,-0.15969344701683688,False,0.0,0.0,q1,mid,high,low,low,mid,mid,mid,B_side,near,phase=q1|str=mid|ab=high|ac=low|bc=low|tfc=mid|mem=mid|dphi=mid|side=B_side|dist=near,side=B_side|tfc=mid,0.13363428985024747,0.797386626227054,neutral,0.25,1.0,0.7547553614709388,0.49868331302586233,,0.25,1.0,0.7547553614709388,-0.551957672573207,,0.25,1.0,0.7547553614709388,,,0.25,1.0,0.7547553614709388,,,0.25,1.0,0.7547553614709388,-1.1456661876117034,,0.25,1.0,0.7547553614709388,0.7033485608640235,,0.25,1.0,0.7547553614709388,0.7969359005851563,,-0.09934459533860351,-0.0897397090745041,-0.0897397090745041,-0.0897397090745041,-0.0897397090745041,-0.09934459533860351,-0.0897397090745041,0.7115680669648201,0.7093409314018366,0.7093409314018366,0.7093409314018366,0.7093409314018366,0.7115680669648201,0.7093409314018366,-0.6701471195382523,-0.6681670605125334,-0.6681670605125334,-0.6681670605125334,-0.6681670605125334,-0.6701471195382523,-0.6681670605125334,0.30234278165979456,-0.3367153643819559,,,-0.7619759682289934,0.44283065104418956,0.5411675096295994,0.0611047834369397,-0.09632030064178919,-0.016188612728400293,-0.016188612728400293,-0.20263545160354857,0.09622675078303845,0.12315041786109962
P7,347.0,-0.2003168514279574,0.2376008841119722,O4_B_C_boundary,B-side boundary projection dominates current C-state,0.2389434962947477,0.0982702658136691,0.2218957603976707,0.0982702658136691,0.1863698408353625,0.0957087903882965,0.8468099040169834,0.2389434962947477,0.030350642891651118,0.1583842526842637,0.0667695735418975,0.0303506428916511,0.0352087581255053,0.258219084687904,-1.2068696161401602,0.13906214886087248,-1.202684774834587,-0.8092649376956463,-0.654215842359627,O1_lag0_AB,0.258219084687904,-1.202684774834587,False,0.0,0.0,q4,mid,mid,mid,mid,mid,high,high,B_side,mid,phase=q4|str=mid|ab=mid|ac=mid|bc=mid|tfc=mid|mem=high|dphi=high|side=B_side|dist=mid,side=B_side|tfc=mid,-0.49653627678303486,0.7547553614709388,neutral,-1.0,0.0,1.1612282667678495,-0.986841575306536,,-1.0,0.0,1.1612282667678495,1.7553957675200267,,-1.0,0.0,1.1612282667678495,-1.8817436876742302,,-1.0,0.0,1.1612282667678495,1.6849763149769685,,-1.0,0.0,1.1612282667678495,-0.26458037595291567,,-1.0,0.0,1.1612282667678495,-1.4764706403173506,,-1.0,0.0,1.1612282667678495,-1.6760461403243383,,-1.22525000917611,-1.2234195444572022,-1.2234195444572022,-1.2234195444572022,-1.2234195444572022,-1.22525000917611,-1.2234195444572022,-1.4053469322555197,-1.4097593353646567,-1.4097593353646567,-1.4097593353646567,-1.4097593353646567,-1.4053469322555197,-1.4097593353646567,-0.09422670956151864,-0.10659320464045716,-0.10659320464045716,-0.10659320464045716,-0.10659320464045716,-0.09422670956151864,-0.10659320464045716,-0.5643472911576415,1.208016948090485,-1.2327441405691644,0.9186866393646724,-0.19405166762862677,-0.8956787739209524,-1.1091391144828788,-0.8222927355376974,-0.3829387840929578,-0.9931290562578701,-0.4552713612744109,-0.7334559380227357,-0.9051256062285252,-0.9622277997362987
P7,363.0,0.0494906395671183,0.0935083233008764,O2_lag5_AB,current AB is active; read short-lag future AB,0.3068036458758074,0.1574820437677269,0.019278866305326,0.019278866305326,0.1611881853162868,0.0867309406059495,0.5590493406425525,0.3068036458758074,0.44520244086394367,0.1382603416083394,0.3013655449031568,0.1382603416083394,0.0593167491771128,0.7579389197645648,1.7796578333633637,-0.05330831879121546,1.7266701443733758,0.48176066134062084,-0.36371227388211147,O2_lag5_AB,1.7796578333633637,1.7796578333633637,True,0.0,0.0,q1,low,high,mid,low,low,low,high,A_side,mid,phase=q1|str=low|ab=high|ac=mid|bc=low|tfc=low|mem=low|dphi=high|side=A_side|dist=mid,side=A_side|tfc=low,0.6184295665955142,1.1612282667678495,bad,1.5,1.0,1.1505107050400891,1.309346589858821,,1.5,1.0,1.1505107050400891,-1.1036452514338617,,1.5,1.0,1.1505107050400891,0.16177265076211625,,1.5,1.0,1.1505107050400891,-2.198206110709888,,1.5,1.0,1.1505107050400891,0.045693349909499525,,1.5,1.0,1.1505107050400891,1.722065560878143,,1.5,1.0,1.1505107050400891,0.13799614282949363,,1.026560818498903,1.043940126308194,1.043940126308194,1.043940126308194,1.043940126308194,1.026560818498903,1.043940126308194,0.7115680669648201,0.7093409314018366,0.7093409314018366,0.7093409314018366,0.7093409314018366,0.7115680669648201,0.7093409314018366,-0.10941213142793801,-0.12140034771585845,-0.12140034771585845,-0.12140034771585845,-0.12140034771585845,-0.10941213142793801,-0.12140034771585845,0.7753027569164106,-0.7060604394135929,0.10931070953375174,-1.213002909563622,0.005942460552071322,1.0683698265648554,0.10143417185117107,0.601004877738049,0.2314550676451448,0.435297854881981,0.10471945010763756,0.40945579263656084,0.6742716451501601,0.4333287204613358
P7,397.0,-0.0252583671138663,0.8228765022487687,O5_full_TFC,full triadic projection is already active,0.4134707016990324,0.2397983387006529,0.2879100487310497,0.2397983387006529,0.3137263630435783,0.0393095925699722,0.7783662639500761,0.41347070169903244,0.257781902552841,0.1413654722749565,0.1240347345892084,0.1240347345892084,0.1705190304519324,1.5434314934351139,0.4304131512800066,-0.02362544868687438,-0.4876256873328044,0.3115662947365015,0.9762857153332303,O1_lag0_AB,1.5434314934351139,0.3115662947365015,False,0.0,0.0,q4,high,high,high,high,high,mid,low,B_side,near,phase=q4|str=high|ab=high|ac=high|bc=high|tfc=high|mem=mid|dphi=low|side=B_side|dist=near,side=B_side|tfc=high,0.3929207883950248,1.1505107050400891,good,1.25,1.0,0.33638517055061856,,,1.25,1.0,0.33638517055061856,,,1.25,1.0,0.33638517055061856,,,1.25,1.0,0.33638517055061856,,,1.25,1.0,0.33638517055061856,,,1.25,1.0,0.33638517055061856,-0.18972085563700816,,1.25,1.0,0.33638517055061856,1.6275277860727686,,0.8013797357314016,0.8172041592316543,0.8172041592316543,0.8172041592316543,0.8172041592316543,0.8013797357314016,0.8172041592316543,0.7115680669648201,0.7093409314018366,0.7093409314018366,0.7093409314018366,0.7093409314018366,0.7115680669648201,0.7093409314018366,-1.2629244700995974,-1.2461779395536428,-1.2461779395536428,-1.2461779395536428,-1.2461779395536428,-1.2629244700995974,-1.2461779395536428,,,,,,-0.10555511897146215,1.095450261335375,0.08334111086554145,0.09345571702661608,0.09345571702661608,0.09345571702661608,0.09345571702661608,0.03611705340629055,0.3439543531038058
P7,406.0,0.1625544204349782,0.2236205808244069,O6_phase_only,phase or closed-loop memory is high,,0.1289192329947337,,0.1289192329947337,0.1289192329947337,0.1827583962569994,1.0625391841538046,,,,,,0.0336689777642034,,,,,,-0.6727703411012371,O7_suppress_event,0.0,-0.6727703411012371,True,0.0,0.0,q1,mid,missing,mid,missing,high,high,high,B_side,missing,phase=q1|str=mid|ab=missing|ac=mid|bc=missing|tfc=high|mem=high|dphi=high|side=B_side|dist=missing,side=B_side|tfc=high,-0.33638517055061856,0.33638517055061856,good,,,,,,,,,,,,,,,,,,,,,,,,,,,,,,,,,,,,,,,,,,,,,,,,,,,,,,,,,,,,,,,,,,,,,,
P8,6.0,0.0128632865575088,0.0525135287264142,O2_lag5_AB,current AB is active; read short-lag future AB,0.2605222828265023,0.0252013370499775,0.1333147492912587,0.0252013370499775,0.1396794563892462,0.0193109303559781,0.1648505135952995,0.26052228282650236,0.08000904103204581,0.0012599118232381,0.1668611609579,0.0012599118232381,0.0159629357795584,0.41712453528556415,-0.8493776880117236,-1.362936285584766,0.04713968833528556,-1.1573048168783748,-0.8861298188420881,O1_lag0_AB,0.41712453528556415,-0.8493776880117236,False,0.0,0.0,q1,low,mid,low,low,low,low,low,B_side,mid,phase=q1|str=low|ab=mid|ac=low|bc=low|tfc=low|mem=low|dphi=low|side=B_side|dist=mid,side=B_side|tfc=low,-0.5416406265280147,0.9587651618135788,bad,-1.0,0.0,0.8068822430794282,-0.12365376135474362,,-1.0,0.0,4.054722067514034,-3.05140273788357,,-1.0,0.0,4.054722067514034,-4.502931865061673,,-1.0,0.0,4.054722067514034,-4.570879876173915,,-1.0,0.0,4.054722067514034,-4.4088566817742985,,-1.0,0.0,0.8068822430794282,0.34546167578957465,,-1.0,0.0,4.054722067514034,-4.331815121713261,,-1.22525000917611,-1.2234195444572022,-1.2234195444572022,-1.2234195444572022,-1.2234195444572022,-1.22525000917611,-1.2234195444572022,-1.4053469322555197,-1.4097593353646567,-1.4097593353646567,-1.4097593353646567,-1.4097593353646567,-1.4053469322555197,-1.4097593353646567,-0.5962899580016404,3.890992979954204,3.890992979954204,3.890992979954204,3.890992979954204,-0.5962899580016404,3.890992979954204,-0.06074326863007998,-2.0100496219539976,-2.9541780436555314,-2.5154922892536287,-2.865341105427174,0.2230716139259053,-2.881425798977645,-0.8219075420158375,-0.1880588804554132,-0.42409098588079663,-0.31441954728032095,-0.4018817513237073,-0.7509538213768412,-0.40590292471132505
P8,8.0,-0.0218952910550433,0.0299748882962982,O6_phase_only,phase or closed-loop memory is high,0.2039444615548134,0.014749890779954,0.1462870715976069,0.014749890779954,0.1216604746441248,0.1781190394529562,0.4581989807073373,0.20394446155481347,0.030587657185583542,0.0155833186311825,0.1839709897367191,0.0155833186311825,0.0341624668374668,0.0004873824140885131,-1.2051633448929011,-1.2260145681502335,0.26078684011376907,-0.9859403790717594,-0.6668237511725786,O4_B_C_boundary,0.26078684011376907,-0.6668237511725786,False,0.0,0.0,q4,low,mid,low,mid,low,low,high,B_side,mid,phase=q4|str=low|ab=mid|ac=low|bc=mid|tfc=low|mem=low|dphi=high|side=B_side|dist=mid,side=B_side|tfc=low,-0.5460954029656592,0.8068822430794282,bad,-1.0,0.0,4.054722067514034,-2.862447470602951,,-1.0,0.0,4.054722067514034,-2.8519547761741877,,-1.0,0.0,4.054722067514034,-4.796191277668,,-1.0,0.0,4.054722067514034,-4.940864723124194,,-1.0,0.0,4.054722067514034,-4.736558814752709,,-1.0,0.0,4.054722067514034,1.9412911081648563,,-1.0,0.0,4.054722067514034,-4.488152816885056,,-1.22525000917611,-1.2234195444572022,-1.2234195444572022,-1.2234195444572022,-1.2234195444572022,-1.22525000917611,-1.2234195444572022,-1.4053469322555197,-1.4097593353646567,-1.4097593353646567,-1.4097593353646567,-1.4097593353646567,-1.4053469322555197,-1.4097593353646567,4.00548600012975,3.890992979954204,3.890992979954204,3.890992979954204,3.890992979954204,4.00548600012975,3.890992979954204,-1.6586197754080216,-1.8765227397019226,-3.146772646215844,-2.7185970484554165,-3.0765691177437384,1.202984413443151,-2.985755361292462,-0.07093267917747537,-0.15467715989239444,-0.47223963652087475,-0.3651957370807679,-0.4546887544028484,0.6444683680353178,-0.43198531529002926
P8,24.0,0.1209078495042393,0.1879784148756692,O6_phase_only,phase or closed-loop memory is high,0.3805431582955639,0.0086654055726079,0.0055798715548147,0.0055798715548147,0.1315961451409955,0.1473023617499176,0.7476790441028602,0.3805431582955639,0.24589342824917632,0.0154548724873361,0.1507898209782378,0.0154548724873361,0.472077698521212,1.3009541829569553,0.344827756654374,-1.227242423146542,-0.15354005290029452,-0.9874771015515298,4.610096139101867,O6_phase_only,4.610096139101867,4.610096139101867,True,0.0,0.0,q1,mid,high,low,low,low,mid,high,A_side,near,phase=q1|str=mid|ab=high|ac=low|bc=low|tfc=low|mem=mid|dphi=high|side=A_side|dist=near,side=A_side|tfc=low,0.5553740715878329,4.054722067514034,bad,1.5,1.0,0.4418465566295205,2.166040947622937,,1.5,1.0,0.4418465566295205,3.8536532836322523,,1.5,1.0,0.4418465566295205,5.116938165008834,,1.5,1.0,0.4418465566295205,4.585164396264027,,1.5,1.0,0.4418465566295205,5.3537675097992645,,1.5,1.0,0.4418465566295205,-0.5059935043949652,,1.5,1.0,0.4418465566295205,4.720557778259248,,1.026560818498903,1.043940126308194,1.043940126308194,1.043940126308194,1.043940126308194,1.026560818498903,1.043940126308194,0.7115680669648201,0.7093409314018366,0.7093409314018366,0.7093409314018366,0.7093409314018366,0.7115680669648201,0.7093409314018366,-1.1134990990212723,-1.1004748522034986,-1.1004748522034986,-1.1004748522034986,-1.1004748522034986,-1.1134990990212723,-1.1004748522034986,1.2751183447564511,2.6127632382365444,3.363556240326049,2.5107572518372505,3.4273848046466,-0.29976109761032604,3.15953637285709,0.4749370327997255,0.8163923609357691,1.0040906114581452,0.7908908643359456,1.020047752538283,0.0812171722080312,0.9530856445909055
P8,34.0,-0.445103804351627,0.472077698521212,O4_B_C_boundary,B-side boundary projection dominates current C-state,0.0676948510952278,0.0464680448656171,0.2414525432504705,0.0464680448656171,0.1185384797371051,0.0145017141492231,1.0626352981278975,0.06769485109522784,0.13997777907830902,0.0743036268763211,0.1445747263572126,0.0743036268763211,0.0485739419894838,-1.002850118143484,-0.417661390378097,-0.6646896291175647,-0.2311467479164119,-0.28341389600920996,-0.4931641148418762,O7_suppress_event,0.0,-0.2311467479164119,True,0.0,0.0,q4,high,low,low,high,mid,high,low,B_side,far,phase=q4|str=high|ab=low|ac=low|bc=high|tfc=mid|mem=high|dphi=low|side=B_side|dist=far,side=B_side|tfc=mid,-0.4418465566295205,0.4418465566295205,neutral,0.25,1.0,1.934427366311947,-2.6190504099588363,,0.25,1.0,1.934427366311947,-1.1642669889725088,,0.25,1.0,1.934427366311947,,,0.25,1.0,1.934427366311947,,,0.25,1.0,1.934427366311947,0.7670207375871967,,0.25,1.0,1.934427366311947,-2.0156161460518645,,0.25,1.0,1.934427366311947,-2.443134504791054,,-0.09934459533860351,-0.0897397090745041,-0.0897397090745041,-0.0897397090745041,-0.0897397090745041,-0.09934459533860351,-0.0897397090745041,0.7115680669648201,0.7093409314018366,0.7093409314018366,0.7093409314018366,0.7093409314018366,0.7115680669648201,0.7093409314018366,1.0012980759781347,0.9616413419417457,0.9616413419417457,0.9616413419417457,0.9616413419417457,1.0012980759781347,0.9616413419417457,-1.5166162197153246,-0.7466456203342878,,,0.47089076266976754,-1.2267389556379218,-1.6210437657165986,0.024226331972256654,0.20864923598369758,0.5270808547563594,0.5270808547563594,0.5130333317347114,0.09669564799160735,-0.009950300361880104
P8,50.0,0.0217065630669016,0.2109859066390532,O1_lag0_AB,default immediate AB readout,0.0758205403498849,0.0686211993309535,0.1188622811965274,0.0686211993309535,0.087768006959122,0.0380539670747184,0.45996436096173143,0.07582054034988496,0.29369674337889035,,,0.2936967433788903,0.0851419135386678,-0.9430128186490132,0.6889649003523585,,,2.3413930770952325,-0.05251660488214962,O5_full_TFC,2.3413930770952325,-0.9430128186490132,False,0.0,0.0,q1,mid,low,low,low,mid,low,low,B_side,near,phase=q1|str=mid|ab=low|ac=low|bc=low|tfc=mid|mem=low|dphi=low|side=B_side|dist=near,side=B_side|tfc=mid,0.4069657107832857,1.934427366311947,neutral,-1.0,0.0,0.4020252550832935,3.3101277271559773,,-1.0,0.0,0.4020252550832935,1.5930548253888623,,-1.0,0.0,0.4020252550832935,,,-1.0,0.0,0.4020252550832935,,,-1.0,0.0,0.4020252550832935,-0.46802424878766796,,-1.0,0.0,0.4020252550832935,2.4944159957482053,,-1.0,0.0,0.4020252550832935,1.9617779326071414,,-1.22525000917611,-1.2234195444572022,-1.2234195444572022,-1.2234195444572022,-1.2234195444572022,-1.22525000917611,-1.2234195444572022,-1.4053469322555197,-1.4097593353646567,-1.4097593353646567,-1.4097593353646567,-1.4097593353646567,-1.4053469322555197,-1.4097593353646567,-1.1699208186819172,-1.1554910699236551,-1.1554910699236551,-1.1554910699236551,-1.1554910699236551,-1.1699208186819172,-1.1554910699236551,1.9426054141761084,1.0993325590455647,,,-0.32518613564778864,1.542628579717056,1.3185069685055464,-0.4644780864843596,-0.6723343476749872,-1.2628899832485045,-1.2628899832485045,-1.0284640213483256,-0.5644722950991228,-0.6175407453099919
P8,91.0,-0.1146679824896549,0.1658216217878622,O2_lag5_AB,current AB is active; read short-lag future AB,0.247912915209136,0.043288832218782,0.0466432435457158,0.043288832218782,0.1126149969912112,0.0759865469371812,0.4196667826148456,0.24791291520913603,0.23358143429415779,0.0920809260256064,0.121075395034219,0.0920809260256064,0.121375137630326,0.3242695807198584,0.25619343450726323,-0.49475112471667493,-0.5245783930110506,-0.07072728343966153,0.3840971666071315,O6_phase_only,0.3840971666071315,0.25619343450726323,False,0.0,0.0,q4,mid,mid,low,low,low,low,mid,B_side,near,phase=q4|str=mid|ab=mid|ac=low|bc=low|tfc=low|mem=low|dphi=mid|side=B_side|dist=near,side=B_side|tfc=low,-0.017928088476161983,0.4020252550832935,bad,1.75,1.0,1.598319044335649,-0.49040705475681895,,1.75,1.0,1.598319044335649,-1.1942266967029522,,1.75,1.0,1.598319044335649,-1.2861296536817166,,1.75,1.0,1.598319044335649,-2.570232412443215,,1.75,1.0,1.598319044335649,-1.973740965512575,,1.75,1.0,1.598319044335649,0.39957976108391224,,1.75,1.0,1.598319044335649,-1.2588995027531227,,1.2517419012664042,1.2706760933847336,1.2706760933847336,1.2706760933847336,1.2706760933847336,1.2517419012664042,1.2706760933847336,0.7115680669648201,0.7093409314018366,0.7093409314018366,0.7093409314018366,0.7093409314018366,0.7115680669648201,0.7093409314018366,0.5250753313211792,0.49728161733710186,0.49728161733710186,0.49728161733710186,0.49728161733710186,0.5250753313211792,0.49728161733710186,-0.2747157446627771,-0.7667031146909289,-0.8415817661490712,-1.4172283340725167,-1.295730777194502,0.25630261179411384,-0.8307627058305772,0.5534173887224065,0.42764888185818584,0.40892921899365026,0.2650175770127889,0.2953919662322926,0.6861719778366293,0.4116339840732738
P8,99.0,0.1285978892548599,0.155625672951122,O2_lag5_AB,current AB is active; read short-lag future AB,0.3225927876264129,0.0928717020169257,0.1309471193258637,0.0928717020169257,0.1821372029897341,0.0161655860674871,0.5113996203579653,0.32259278762641297,0.2336508267616835,0.1001532868092483,0.0454635471163289,0.0454635471163289,0.2251057752548951,0.8742096229729298,0.25669299244594707,-0.4175850205162149,-1.468729042160914,-0.6284549969592909,1.6340611443553332,O6_phase_only,1.6340611443553332,0.25669299244594707,False,0.0,0.0,q1,low,high,mid,low,mid,low,low,B_side,near,phase=q1|str=low|ab=high|ac=mid|bc=low|tfc=mid|mem=low|dphi=low|side=B_side|dist=near,side=B_side|tfc=mid,0.035742100019684316,1.598319044335649,neutral,0.0,1.0,1.5709826834807399,0.3749798054776903,,0.0,1.0,1.5709826834807399,1.770113822779571,,0.0,1.0,1.5709826834807399,-1.8790084363253585,,0.0,1.0,1.5709826834807399,2.806958902745984,,0.0,1.0,1.5709826834807399,-1.3780142594757596,,0.0,1.0,1.5709826834807399,-0.7792284382173156,,0.0,1.0,1.5709826834807399,-0.724446871000448,,-0.32452567810610483,-0.3164756761510437,-0.3164756761510437,-0.3164756761510437,-0.3164756761510437,-0.32452567810610483,-0.3164756761510437,0.7115680669648201,0.7093409314018366,0.7093409314018366,0.7093409314018366,0.7093409314018366,0.7115680669648201,0.7093409314018366,0.48634318473607985,0.45951431385696395,0.45951431385696395,0.45951431385696395,0.45951431385696395,0.48634318473607985,0.45951431385696395,0.23017125305952263,1.2178704257333615,-1.2309477970460132,1.5346037646085853,-0.9117413082936676,-0.4675399363106794,-0.4741039416887209,0.2758892066635794,0.5175624987102796,-0.09464205698456407,0.5967458334290856,-0.014840434796477675,0.10146140932102891,0.09456890685475901
P8,109.0,-0.1581841682698981,0.2251057752548951,O2_lag5_AB,current AB is active; read short-lag future AB,0.4182884243865707,0.0806985269729115,0.0730828001375746,0.0730828001375746,0.1906899171656856,0.023490087162638,0.6395082537769452,0.4182884243865707,0.5037305413874408,0.0122668931217398,0.2952367762580264,0.0122668931217398,0.1943477189535076,1.5789090395608545,2.201002948980773,-1.2577172686729006,1.6501413852684144,-1.0256179083476822,1.2634236617107726,O2_lag5_AB,2.201002948980773,2.201002948980773,True,0.0,0.0,q4,mid,high,low,low,mid,mid,low,A_side,near,phase=q4|str=mid|ab=high|ac=low|bc=low|tfc=mid|mem=mid|dphi=low|side=A_side|dist=near,side=A_side|tfc=mid,0.6300202655000332,1.5709826834807399,neutral,-1.0,0.0,2.4393918869793456,1.231941881164755,,-1.0,0.0,2.4393918869793456,0.3099966749168849,,-1.0,0.0,2.4393918869793456,-0.47655605568030457,,-1.0,0.0,2.4393918869793456,-3.998169910431205,,-1.0,0.0,2.4393918869793456,-0.3758773018807732,,-1.0,0.0,2.4393918869793456,-2.438508925162204,,-1.0,0.0,2.4393918869793456,-0.3316907874173925,,-1.22525000917611,-1.2234195444572022,-1.2234195444572022,-1.2234195444572022,-1.2234195444572022,-1.22525000917611,-1.2234195444572022,-1.4053469322555197,-1.4097593353646567,-1.4097593353646567,-1.4097593353646567,-1.4097593353646567,-1.4053469322555197,-1.4097593353646567,1.7167685783823288,1.6592890061634158,1.6592890061634158,1.6592890061634158,1.6592890061634158,1.7167685783823288,1.6592890061634158,0.7301430338169336,0.24034782381787262,-0.3099040137977378,-2.2011007117513497,-0.2657906832615644,-1.4864146068488646,-0.2120041950366132,-0.04592133230809184,-0.18338551246014262,-0.32094847186404524,-0.7937476463524482,-0.3099201392300019,-0.6000607424745414,-0.2964735171737641
P8,119.0,0.1093271917182303,0.1943477189535076,O4_B_C_boundary,B-side boundary projection dominates current C-state,0.5452749321248929,0.0378107461936963,0.4870304213150015,0.0378107461936963,0.3567053665445303,0.0526474902666544,0.6632504586410107,0.5452749321248929,0.5138915569334953,0.0264573949528858,0.0339040561141527,0.0264573949528858,0.0335075483464745,2.5140333665144015,2.2741523290520402,-1.1220660295486498,-1.6130701901963185,-0.8558435382488502,-0.674715580827231,O1_lag0_AB,2.5140333665144015,-1.6130701901963185,False,0.0,0.0,q1,mid,high,low,high,low,mid,mid,B_side,far,phase=q1|str=mid|ab=high|ac=low|bc=high|tfc=low|mem=mid|dphi=mid|side=B_side|dist=far,side=B_side|tfc=low,0.07464147953505605,2.4393918869793456,bad,-1.0,0.0,2.0130911093703605,-1.5491482106038332,,-1.0,0.0,2.0130911093703605,-1.653310511172426,,-1.0,0.0,2.0130911093703605,,,-1.0,0.0,2.0130911093703605,,,-1.0,0.0,2.0130911093703605,3.8731496821058418,,-1.0,0.0,2.0130911093703605,-0.6832618103056245,,-1.0,0.0,2.0130911093703605,-0.7403444407941128,,-1.22525000917611,-1.2234195444572022,-1.2234195444572022,-1.2234195444572022,-1.2234195444572022,-1.22525000917611,-1.2234195444572022,-1.4053469322555197,-1.4097593353646567,-1.4097593353646567,-1.4097593353646567,-1.4097593353646567,-1.4053469322555197,-1.4097593353646567,1.1127545951264735,1.0703214062977582,1.0703214062977582,1.0703214062977582,1.0703214062977582,1.1127545951264735,1.0703214062977582,-0.8924101748691491,-1.0740516075665778,,,2.473018234305251,-0.4086120050986296,-0.4847129409874487,-0.6025631302935763,-0.6592272702726696,-0.5209524911747002,-0.5209524911747002,0.22754019019528754,-0.48161358785094643,-0.5118926036278874
P8,152.0,-0.4285457178712455,0.5505397484053434,O4_B_C_boundary,B-side boundary projection dominates current C-state,0.3891294953732612,0.0264484930038899,0.2079978785829086,0.0264484930038899,0.2078586223200199,0.1507492064391171,1.6388476159451353,0.3891294953732612,0.3492576342742298,,,0.3492576342742298,0.0484957479607748,1.3641836773637448,1.0889490069389816,,,3.0061204677208835,-0.4941063602709944,O5_full_TFC,3.0061204677208835,,False,0.0,0.0,q4,high,high,low,mid,low,high,high,B_side,far,phase=q4|str=high|ab=high|ac=low|bc=mid|tfc=low|mem=high|dphi=high|side=B_side|dist=far,side=B_side|tfc=low,0.9930293583505231,2.0130911093703605,bad,-1.0,0.0,0.9883585683973347,1.2630124966317822,,-1.0,0.0,0.9883585683973347,0.8010164601503231,,-1.0,0.0,0.9883585683973347,,,-1.0,0.0,0.9883585683973347,,,-1.0,0.0,0.9883585683973347,-1.7860165583813679,,-1.0,0.0,0.9883585683973347,2.826000967675728,,-1.0,0.0,0.9883585683973347,2.6608344275880045,,-1.22525000917611,-1.2234195444572022,-1.2234195444572022,-1.2234195444572022,-1.2234195444572022,-1.22525000917611,-1.2234195444572022,-1.4053469322555197,-1.4097593353646567,-1.4097593353646567,-1.4097593353646567,-1.4097593353646567,-1.4053469322555197,-1.4097593353646567,-0.3391610859017511,-0.34542610546188024,-0.34542610546188024,-0.34542610546188024,-0.34542610546188024,-0.3391610859017511,-0.34542610546188024,0.7482703598503799,0.5690768841922216,,,-1.1747286554773309,1.7462370302992207,1.7850115953937735,-0.5553719168707502,-0.6023820252728794,-0.9928683284279131,-0.9928683284279131,-1.0383334101902675,-0.30588024925853996,-0.29839834747249144
P8,214.0,0.0419736255718689,0.1223066035444555,O3_A_C_boundary,A-side boundary projection dominates current C-state,0.2002239140612705,0.1912218542655536,0.0400343005736385,0.0400343005736385,0.1438266896334875,0.066916138476758,0.08906398487717321,0.20022391406127057,0.11233044548929434,0.1934117608395601,0.0016544641761827,0.0016544641761827,0.0676619466685538,-0.026910602873982,-0.6166951683989599,0.47390054578577023,-2.0157646620483725,-1.1525844145987911,-0.2631518561466166,O3_A_C_boundary,0.47390054578577023,0.47390054578577023,True,0.0,0.0,q1,low,mid,high,low,low,low,mid,A_side,mid,phase=q1|str=low|ab=mid|ac=high|bc=low|tfc=low|mem=low|dphi=mid|side=A_side|dist=mid,side=A_side|tfc=low,-0.5144580226115645,0.9883585683973347,bad,-1.0,0.0,0.431520858048294,-0.23873736503275714,,-1.0,0.0,0.431520858048294,0.08852990903970977,,-1.0,0.0,0.431520858048294,0.1078802145120735,,-1.0,0.0,0.431520858048294,2.5422171460072995,,-1.0,0.0,0.431520858048294,1.6554779948858993,,-1.0,0.0,0.431520858048294,-0.4310583502933888,,-1.0,0.0,0.431520858048294,0.17355442332444918,,-1.22525000917611,-1.2234195444572022,-1.2234195444572022,-1.2234195444572022,-1.2234195444572022,-1.22525000917611,-1.2234195444572022,-1.4053469322555197,-1.4097593353646567,-1.4097593353646567,-1.4097593353646567,-1.4097593353646567,-1.4053469322555197,-1.4097593353646567,-1.128129300647755,-1.1147406059382932,-1.1147406059382932,-1.1147406059382932,-1.1147406059382932,-1.128129300647755,-1.1147406059382932,-0.1278857430747575,0.09207974167462812,0.07391749828662522,1.389272648493187,1.0435664995707377,-0.2537474603454483,0.12516344479861757,-0.9716529962885355,-0.913959936021381,-0.9185004968683818,-0.5896617093167413,-0.6760882465473537,-1.0031184256062082,-0.9056890102403836
P8,220.0,-0.0819735464436474,0.1413001895993945,O3_A_C_boundary,A-side boundary projection dominates current C-state,0.1561645974393408,0.1878686099916031,0.008578687988211,0.008578687988211,0.1175372984730516,0.0537489042259454,0.6468452490561655,0.15616459743934083,0.12001474177387927,0.1780006425160125,0.1856953381770517,0.1200147417738792,0.0318896255067979,-0.3513619129849506,-0.5613757461469594,0.32658106957871563,0.2823184485075823,0.2634713255701272,-0.6942117038115636,O3_A_C_boundary,0.32658106957871563,0.32658106957871563,True,0.0,0.0,q4,low,mid,high,low,low,mid,mid,A_side,far,phase=q4|str=low|ab=mid|ac=high|bc=low|tfc=low|mem=mid|dphi=mid|side=A_side|dist=far,side=A_side|tfc=low,-0.10493978846957834,0.431520858048294,bad,-1.0,0.0,2.187788413444015,-2.896295403600931,,-1.0,0.0,2.187788413444015,-1.6686915417621773,,-1.0,0.0,2.187788413444015,-2.6247888408369784,,-1.0,0.0,2.187788413444015,0.591209724432137,,-1.0,0.0,2.187788413444015,-2.0773652666887688,,-1.0,0.0,2.187788413444015,-2.1199094806626073,,-1.0,0.0,2.187788413444015,-1.4980320786507204,,-1.22525000917611,-1.2234195444572022,-1.2234195444572022,-1.2234195444572022,-1.2234195444572022,-1.22525000917611,-1.2234195444572022,-1.4053469322555197,-1.4097593353646567,-1.4097593353646567,-1.4097593353646567,-1.4097593353646567,-1.4053469322555197,-1.4097593353646567,1.3602784563059453,1.3116792861973714,1.3116792861973714,1.3116792861973714,1.3116792861973714,1.3602784563059453,1.3116792861973714,-1.6783674536496636,-1.0843489354654001,-1.7207301345595878,0.3182588060987804,-1.3625242245431721,-1.290779868417232,-0.9903441615453736,-0.737171484693837,-0.6014621322724719,-0.7605574320460189,-0.2508101968814268,-0.6710059545419149,-0.640274588385729,-0.5779609387924654
P8,238.0,0.1845955053616414,0.1891297163955621,O4_B_C_boundary,B-side boundary projection dominates current C-state,0.013804043945397,0.1666375263549235,0.2248785070989796,0.013804043945397,0.1351066924664334,0.0154647275156244,0.5806379787087177,0.013804043945397092,0.11664589258869229,0.0768717102675004,0.3150262060571665,0.0768717102675004,0.0021255781632392,-1.399700190348129,-0.585628167406733,-0.6401405540860337,1.897248201272352,-0.2526894899743369,-1.0528712846587605,O4_B_C_boundary,1.897248201272352,1.897248201272352,True,0.0,0.0,q1,mid,low,mid,mid,low,mid,low,B_side,near,phase=q1|str=mid|ab=low|ac=mid|bc=mid|tfc=low|mem=mid|dphi=low|side=B_side|dist=near,side=B_side|tfc=low,-0.290540212171663,2.187788413444015,bad,1.75,1.0,1.9537614403620858,-0.20288157857696665,,1.75,1.0,1.9537614403620858,2.9713167287696063,,1.75,1.0,1.9537614403620858,0.25411369152895114,,1.75,1.0,1.9537614403620858,-1.1490048146143643,,1.75,1.0,1.9537614403620858,0.78620033522477,,1.75,1.0,1.9537614403620858,0.294460953259875,,1.75,1.0,1.9537614403620858,-1.316016504018369,,1.2517419012664042,1.2706760933847336,1.2706760933847336,1.2706760933847336,1.2706760933847336,1.2517419012664042,1.2706760933847336,0.7115680669648201,0.7093409314018366,0.7093409314018366,0.7093409314018366,0.7093409314018366,0.7115680669648201,0.7093409314018366,1.0286919999233062,0.9883528653239052,0.9883528653239052,0.9883528653239052,0.9883528653239052,1.0286919999233062,0.9883528653239052,-0.1069666360181398,2.022054522749563,0.16995458073446248,-0.6370393846943919,0.4832534172829524,0.19175482042806005,-0.8688788603267135,0.7212588330340977,1.2476061032150096,0.7845811177112345,0.5828326263540209,0.862905826848357,0.7959391971456476,0.5248727574459405
P8,272.0,-0.2185022019922277,0.2241103372990828,O4_B_C_boundary,B-side boundary projection dominates current C-state,0.1727466540189634,0.0598261348677248,0.1814270348569835,0.0598261348677248,0.1379999412478906,0.153587830340976,0.33226869442630635,0.1727466540189634,0.6093505888022693,0.2216660490426917,0.2953382054818598,0.2216660490426917,0.1265193107232236,-0.2292522119253813,2.9613640523049938,0.7439917131690292,1.6514079125410852,1.4796218794150415,0.44608493809558675,O2_lag5_AB,2.9613640523049938,1.6514079125410852,False,0.0,0.0,q4,mid,mid,low,mid,mid,low,high,B_side,mid,phase=q4|str=mid|ab=mid|ac=low|bc=mid|tfc=mid|mem=low|dphi=high|side=B_side|dist=mid,side=B_side|tfc=mid,1.007602611942908,1.9537614403620858,neutral,1.75,1.0,1.0080821099428172,3.2451089432892575,,1.75,1.0,1.0080821099428172,0.2520205274857043,,1.75,1.0,1.0080821099428172,-0.33395407247919573,,1.75,1.0,1.0080821099428172,-0.5196318155988084,,1.75,1.0,1.0080821099428172,-0.8162752071968511,,1.75,1.0,1.0080821099428172,2.6639496907014264,,1.75,1.0,1.0080821099428172,2.1285372467333477,,1.2517419012664042,1.2706760933847336,1.2706760933847336,1.2706760933847336,1.2706760933847336,1.2517419012664042,1.2706760933847336,0.7115680669648201,0.7093409314018366,0.7093409314018366,0.7093409314018366,0.7093409314018366,0.7115680669648201,0.7093409314018366,-0.31121533604969137,-0.31817650251710583,-0.31817650251710583,-0.31817650251710583,-0.31817650251710583,-0.31121533604969137,-0.31817650251710583,1.9046719302159667,0.20153381867525696,-0.21625187136574617,-0.2915423934883166,-0.5496593701169594,1.6467300797043345,1.4297912383394347,0.8891916405993749,0.4658435852361803,0.36139716272592953,0.34257453219528694,0.2780452880381262,0.8247061779714668,0.7729079401522247
P8,306.0,0.19369161299566,0.3272462636485769,O5_full_TFC,full triadic projection is already active,0.3002741029661159,0.1392250339085814,0.1421096281086988,0.1392250339085814,0.1938695883277987,0.0522227464771404,0.7593239513127523,0.3002741029661159,0.3185491403246448,1.8879379537439783e-05,0.099225894300429,1.8879379537439783e-05,0.1546612451929239,0.7098555877044226,0.8678778664458802,-1.3747996848348119,-0.7974089198328569,-1.1721524596121258,0.7851979056509325,O2_lag5_AB,0.8678778664458802,-1.1721524596121258,False,0.0,0.0,q1,high,high,mid,mid,high,mid,mid,B_side,near,phase=q1|str=high|ab=high|ac=mid|bc=mid|tfc=high|mem=mid|dphi=mid|side=B_side|dist=near,side=B_side|tfc=high,-0.14020424349693703,1.0080821099428172,good,-1.0,0.0,2.0578053722420493,-1.648529625410718,,-1.0,0.0,2.0578053722420493,-3.285856550334867,,-1.0,0.0,2.0578053722420493,2.757128894341204,,-1.0,0.0,2.0578053722420493,-1.1297056987171237,,-1.0,0.0,2.0578053722420493,-0.7724238506787313,,-1.0,0.0,2.0578053722420493,-2.394945358166905,,-1.0,0.0,2.0578053722420493,-0.8737306471274827,,-1.22525000917611,-1.2234195444572022,-1.2234195444572022,-1.2234195444572022,-1.2234195444572022,-1.22525000917611,-1.2234195444572022,-1.4053469322555197,-1.4097593353646567,-1.4097593353646567,-1.4097593353646567,-1.4097593353646567,-1.4053469322555197,-1.4097593353646567,1.1761090186791574,1.1320976297215306,1.1320976297215306,1.1320976297215306,1.1320976297215306,1.1761090186791574,1.1320976297215306,-0.9503916239261008,-2.167012302045712,1.8137797998594005,-0.626445052738837,-0.5213939609463769,-1.4596645695170043,-0.5737261793513784,-0.6012198866696432,-0.9170233880365102,0.07817463743976805,-0.5318815757097913,-0.5056188027616764,-0.7285381230673691,-0.5187018573629267
P8,332.0,-0.1692316580444729,0.3841544420405019,O1_lag0_AB,default immediate AB readout,0.1968230143900019,0.0410862214044141,0.0657041593912642,0.0410862214044141,0.1012044650618934,0.0862018131597679,0.9317749831839515,0.19682301439000197,0.026387769729160748,0.332642414245806,0.095598205281324,0.0263877697291607,0.0406363004967689,-0.0519547124630502,-1.2353984294092035,1.8048478853071002,-0.8427071771379984,-0.8566765305306998,-0.5888134443107917,O3_A_C_boundary,1.8048478853071002,-0.0519547124630502,False,0.0,0.0,q4,high,mid,low,low,low,high,high,B_side,near,phase=q4|str=high|ab=mid|ac=low|bc=low|tfc=low|mem=high|dphi=high|side=B_side|dist=near,side=B_side|tfc=low,-0.25295748693494907,2.0578053722420493,bad,-1.0,0.0,1.492707600554013,-0.837065125460164,,-1.0,0.0,1.492707600554013,0.7926460818524418,,-1.0,0.0,1.492707600554013,0.37317690013850324,,-1.0,0.0,1.492707600554013,1.5780769979116336,,-1.0,0.0,1.492707600554013,1.3042558436584253,,-1.0,0.0,1.492707600554013,0.2730104559550809,,-1.0,0.0,1.492707600554013,0.47158324776033245,,-1.22525000917611,-1.2234195444572022,-1.2234195444572022,-1.2234195444572022,-1.2234195444572022,-1.22525000917611,-1.2234195444572022,-1.4053469322555197,-1.4097593353646567,-1.4097593353646567,-1.4097593353646567,-1.4097593353646567,-1.4053469322555197,-1.4097593353646567,0.37543734756301106,0.35137121362803303,0.35137121362803303,0.35137121362803303,0.35137121362803303,0.37543734756301106,0.35137121362803303,-0.4769641963046098,0.5634730639886584,0.2481479152225694,0.8600038034854284,0.8171781138405337,0.17858322674859542,0.32404840837971505,-0.6830309475433071,-0.4295836505512919,-0.5084149377428142,-0.35545096567709944,-0.3661573880883231,-0.5191440917800058,-0.48943981445352774
P8,354.0,0.0124664855542792,0.1700993676431134,O1_lag0_AB,default immediate AB readout,0.0560662870490201,0.0014492311794103,0.0615640532447728,0.0014492311794103,0.0396931904910677,0.0837522247446113,0.6655480613374494,0.05606628704902014,0.09638754393294957,0.2866458730460449,0.1799861778808077,0.0963875439329495,0.0372259085823525,-1.0884824685468375,-0.7314684762536753,1.3651532301482168,0.21102925841064218,-0.01920314770608549,-0.6299089888928348,O3_A_C_boundary,1.3651532301482168,-1.0884824685468375,False,0.0,0.0,q1,mid,low,low,low,low,mid,high,B_side,near,phase=q1|str=mid|ab=low|ac=low|bc=low|tfc=low|mem=mid|dphi=high|side=B_side|dist=near,side=B_side|tfc=low,-0.1275543704057963,1.492707600554013,bad,1.5,1.0,1.1780918416491375,0.9045684413819347,,1.5,1.0,1.1780918416491375,0.850637150890043,,1.5,1.0,1.1780918416491375,,,1.5,1.0,1.1780918416491375,,,1.5,1.0,1.1780918416491375,1.6788793382665865,,1.5,1.0,1.1780918416491375,-0.08090905104973942,,1.5,1.0,1.1780918416491375,0.051194144406004276,,1.026560818498903,1.043940126308194,1.043940126308194,1.043940126308194,1.043940126308194,1.026560818498903,1.043940126308194,0.7115680669648201,0.7093409314018366,0.7093409314018366,0.7093409314018366,0.7093409314018366,0.7115680669648201,0.7093409314018366,-0.0703331687307701,-0.0832948675398456,-0.0832948675398456,-0.0832948675398456,-0.0832948675398456,-0.0703331687307701,-0.0832948675398456,0.5391456883046853,0.6022970588828186,,,1.0586503783447754,-0.038739657437500796,0.043508189933485174,0.5517353512594096,0.568070812263251,0.5566620633900617,0.5566620633900617,0.6821591421287401,0.4072640148238631,0.4283735950259176
P8,382.0,-0.0168797983536923,0.1154032029274124,O3_A_C_boundary,A-side boundary projection dominates current C-state,0.1783368040281014,0.6176210148646151,0.0774533525461846,0.0774533525461846,0.2911370571463004,0.1200525566856054,0.6563952978930907,0.1783368040281014,0.2055479326827655,,,0.2055479326827655,0.0389104797321225,-0.18808653725672542,0.05437962418429077,,,1.2867856369235975,-0.6096097474788628,O5_full_TFC,1.2867856369235975,,False,0.0,0.0,q4,low,mid,high,low,mid,mid,high,A_side,far,phase=q4|str=low|ab=mid|ac=high|bc=low|tfc=mid|mem=mid|dphi=high|side=A_side|dist=far,side=A_side|tfc=mid,0.10869379527446002,1.1780918416491375,neutral,,,,,,,,,,,,,,,,,,,,,,,,,,,,,,,,,,,,,,,,,,,,,,,,,,,,,,,,,,,,,,,,,,,,,,
P9,15.0,-0.0178936062970058,0.1548823854808386,O4_B_C_boundary,B-side boundary projection dominates current C-state,0.0019048857710591,0.1005556633599145,0.1856953381770517,0.0019048857710591,0.0960519624360085,0.1062359660204965,0.6861640017761157,0.0019048857710591317,0.05500591530436555,0.3347823974571038,0.071389747792143,0.0550059153043655,0.0196236718798332,-1.487325186714051,-1.0293757540056239,1.8253046230442038,-1.1449935447208648,-0.514290637752537,-0.8420176031826508,O3_A_C_boundary,1.8253046230442038,-1.1449935447208648,False,0.0,0.0,q4,low,low,mid,mid,low,mid,high,B_side,mid,phase=q4|str=low|ab=low|ac=mid|bc=mid|tfc=low|mem=mid|dphi=high|side=B_side|dist=mid,side=B_side|tfc=low,-0.45609972904736046,2.281404352091564,bad,1.5,1.0,1.639981993313091,1.4802279538675998,,1.5,1.0,1.639981993313091,1.3853195229791464,,1.5,1.0,1.639981993313091,,,1.5,1.0,1.639981993313091,,,1.5,1.0,1.639981993313091,2.7495907591250135,,1.5,1.0,1.639981993313091,-0.5915395831893546,,1.5,1.0,1.639981993313091,-0.22397632247197846,,1.026560818498903,1.043940126308194,1.043940126308194,1.043940126308194,1.043940126308194,1.026560818498903,1.043940126308194,0.7115680669648201,0.7093409314018366,0.7093409314018366,0.7093409314018366,0.7093409314018366,0.7115680669648201,0.7093409314018366,0.5841064311638642,0.554842213872247,0.554842213872247,0.554842213872247,0.554842213872247,0.5841064311638642,0.554842213872247,0.8749989538493107,0.9602574487926006,,,1.748802264562341,-0.35229033153626094,-0.14012259942794789,0.7993085676192245,0.8170951800937196,0.7693744238607593,0.7693744238607593,1.0142313840361545,0.4924862462728316,0.5420001680385824
P9,46.0,0.0222626530368972,0.3027480503565237,O5_full_TFC,full triadic projection is already active,0.2274393947208534,0.3100705285674394,0.1971760552951298,0.1971760552951298,0.2448953261944742,0.0447673759921644,0.7943187220684607,0.22743939472085342,0.26243849608792424,,,0.2624384960879242,0.0091966093568848,0.17350327170042204,0.4639360731564006,,,1.967421155075564,-0.9676646911200217,O5_full_TFC,1.967421155075564,1.967421155075564,True,0.0,0.0,q1,high,mid,high,mid,high,high,mid,A_side,mid,phase=q1|str=high|ab=mid|ac=high|bc=mid|tfc=high|mem=high|dphi=mid|side=A_side|dist=mid,side=A_side|tfc=high,0.32743916176247295,1.639981993313091,good,1.0,1.0,1.5849354499714134,0.4681713533887818,,1.0,1.0,1.5849354499714134,-0.7522225399103881,,1.0,1.0,1.5849354499714134,,,1.0,1.0,1.5849354499714134,,,1.0,1.0,1.5849354499714134,-0.9984881648578879,,1.0,1.0,1.5849354499714134,-0.025868174384150344,,1.0,1.0,1.5849354499714134,-0.010782607357407922,,0.5761986529639004,0.5904681921551147,0.5904681921551147,0.5904681921551147,0.5904681921551147,0.5761986529639004,0.5904681921551147,0.7115680669648201,0.7093409314018366,0.7093409314018366,0.7093409314018366,0.7093409314018366,0.7115680669648201,0.7093409314018366,0.5061124802854318,0.47879114332368267,0.47879114332368267,0.47879114332368267,0.47879114332368267,0.5061124802854318,0.47879114332368267,0.284541388544564,-0.47078915050128145,,,-0.6671089592156019,-0.004942023149617075,0.0021489555014721265,0.5196051471896791,0.3269527790948381,0.592866755626878,0.592866755626878,0.27787282691625803,0.4472342942661338,0.44518730559552655
P9,84.0,-0.1888312211642533,0.614003828337809,O5_full_TFC,full triadic projection is already active,0.2747593461837277,0.3021338565426621,0.328784803130492,0.2747593461837277,0.3018926686189606,0.0600135150979932,0.9478901044333685,0.27475934618372777,0.1671562330193627,0.3425492308650054,0.1635038411759724,0.1635038411759724,0.0242557846844433,0.5219657859572895,-0.22200308751726378,1.8995500999406603,0.005217479861385382,0.7837724780600672,-0.7862002065174111,O3_A_C_boundary,1.8995500999406603,0.7837724780600672,False,0.0,0.0,q4,high,high,high,high,high,high,mid,B_side,near,phase=q4|str=high|ab=high|ac=high|bc=high|tfc=high|mem=high|dphi=mid|side=B_side|dist=near,side=B_side|tfc=high,0.31461464996924676,1.5849354499714134,good,0.25,1.0,0.5063717718965545,-0.07082236161215469,,0.25,1.0,0.5063717718965545,1.8879196785728567,,0.25,1.0,0.5063717718965545,-0.19245574365599938,,0.25,1.0,0.5063717718965545,1.0313283657990275,,0.25,1.0,0.5063717718965545,1.2423705648547316,,0.25,1.0,0.5063717718965545,2.2298414431760145,,0.25,1.0,0.5063717718965545,1.421763799389537,,-0.09934459533860351,-0.0897397090745041,-0.0897397090745041,-0.0897397090745041,-0.0897397090745041,-0.09934459533860351,-0.0897397090745041,0.7115680669648201,0.7093409314018366,0.7093409314018366,0.7093409314018366,0.7093409314018366,0.7115680669648201,0.7093409314018366,-1.02207507555953,-1.0113282609638796,-1.0113282609638796,-1.0113282609638796,-1.0113282609638796,-1.02207507555953,-1.0113282609638796,-0.029920190504911647,1.2967393622734886,-0.12332454071179402,0.5598638107682101,0.7772885216839219,1.38016761413244,0.9581368216865196,-0.10994294860955627,0.22625308090923538,-0.12876289483708528,0.04203419303291575,0.0963903707618437,0.24257900254978162,0.14160244576249312
P9,104.0,0.2824507506821972,0.3901687357996972,O4_B_C_boundary,B-side boundary projection dominates current C-state,0.09843288244172,0.3032699804633415,0.3924510551472063,0.09843288244172,0.2647179726840893,0.1186344740354108,0.674554991444472,0.09843288244172,0.22512595291020518,0.167715721841497,0.1384060070737386,0.1384060070737386,0.0909525364474949,-0.7764963000355216,0.19532223333284504,0.22826444551609917,-0.30817436298329925,0.4835033948202096,0.017501949815253038,O5_full_TFC,0.4835033948202096,-0.30817436298329925,False,0.0,0.0,q1,high,low,high,high,mid,mid,high,B_side,mid,phase=q1|str=high|ab=low|ac=high|bc=high|tfc=mid|mem=mid|dphi=high|side=B_side|dist=mid,side=B_side|tfc=mid,-0.022868377076344863,0.5063717718965545,neutral,1.5,1.0,0.49645833263316314,1.2066146165012857,,1.5,1.0,0.49645833263316314,-0.14113371582576364,,1.5,1.0,0.49645833263316314,-0.36517764285899573,,1.5,1.0,0.49645833263316314,0.7587420351715244,,1.5,1.0,0.49645833263316314,0.12411458315829078,,1.5,1.0,0.49645833263316314,-1.1425744141897758,,1.5,1.0,0.49645833263316314,-0.3711913871128262,,1.026560818498903,1.043940126308194,1.043940126308194,1.043940126308194,1.043940126308194,1.026560818498903,1.043940126308194,0.7115680669648201,0.7093409314018366,0.7093409314018366,0.7093409314018366,0.7093409314018366,0.7115680669648201,0.7093409314018366,-1.0361211581654086,-1.0250244464649274,-1.0250244464649274,-1.0250244464649274,-1.0250244464649274,-1.0361211581654086,-1.0250244464649274,0.7153665133911533,-0.06167599256386404,-0.23675757679005616,0.41022638237039755,0.05649068577112145,-0.6906511067686322,-0.2383643142188031,0.35434356017236696,0.1666451546703098,0.12287475861376176,0.2846207484038752,0.19618682425405617,0.0028391551324205844,0.12247307425657503
P9,111.0,-0.1150088493227619,0.4081070359012468,O3_A_C_boundary,A-side boundary projection dominates current C-state,0.2909302487535276,0.1832041273559108,0.1208445953082379,0.1208445953082379,0.1983263238058921,0.0499683212553684,0.8104585273442153,0.29093024875352763,0.24526503280722234,0.1634432436018499,0.2157341431560905,0.1634432436018499,0.0394503000390951,0.6410477628628721,0.34030392369592605,0.18742255181594367,0.6574072474408411,0.7830474920730612,-0.6031048618093573,O5_full_TFC,0.7830474920730612,0.18742255181594367,False,0.0,0.0,q4,high,high,high,low,high,high,mid,A_side,near,phase=q4|str=high|ab=high|ac=high|bc=low|tfc=high|mem=high|dphi=mid|side=A_side|dist=near,side=A_side|tfc=high,0.2865891594398981,0.49645833263316314,good,-1.0,0.0,1.3930771543206861,-0.6670580850627602,,-1.0,0.0,1.3930771543206861,0.7910128569573067,,-1.0,0.0,1.3930771543206861,-2.540767154139053,,-1.0,0.0,1.3930771543206861,-1.0228907598269743,,-1.0,0.0,1.3930771543206861,-2.8620693989477157,,-1.0,0.0,1.3930771543206861,0.7438223622271454,,-1.0,0.0,1.3930771543206861,-0.7183815730206109,,-1.22525000917611,-1.2234195444572022,-1.2234195444572022,-1.2234195444572022,-1.2234195444572022,-1.22525000917611,-1.2234195444572022,-1.4053469322555197,-1.4097593353646567,-1.4097593353646567,-1.4097593353646567,-1.4097593353646567,-1.4053469322555197,-1.4097593353646567,0.23427367664391371,0.2137240220824219,0.2137240220824219,0.2137240220824219,0.2137240220824219,0.23427367664391371,0.2137240220824219,-0.37777810027971886,0.5623796488121141,-1.6655498993807187,-0.5678085366186161,-1.868323477685572,0.467683429916559,-0.4700563581366543,-0.6935253412668587,-0.46426880223183076,-1.021251189280039,-0.7468158485895133,-1.0719445838562522,-0.48215995871778927,-0.7223778039690228
P9,145.0,0.0163899775750308,0.1494476641317562,O2_lag5_AB,current AB is active; read short-lag future AB,0.2790954898660498,0.0135340183210867,0.1226316330460244,0.0135340183210867,0.1384203804110536,0.001008233851592,0.4200782814072615,0.2790954898660498,0.40354412569106235,0.0070099010782055,0.1856953381770517,0.0070099010782055,0.1465352800778394,0.5538970006565783,1.479758682939075,-1.3079704234419987,0.2823184485075823,-1.0885122670832346,0.6872792587507193,O2_lag5_AB,1.479758682939075,1.479758682939075,True,0.0,0.0,q1,low,high,low,low,low,low,low,B_side,mid,phase=q1|str=low|ab=high|ac=low|bc=low|tfc=low|mem=low|dphi=low|side=B_side|dist=mid,side=B_side|tfc=low,0.08668152861838882,1.3930771543206861,bad,-1.0,0.0,0.4088190779145053,1.0280664517611229,,-1.0,0.0,0.4088190779145053,-0.887015284204085,,-1.0,0.0,0.4088190779145053,,,-1.0,0.0,0.4088190779145053,,,-1.0,0.0,0.4088190779145053,2.6691478021742587,,-1.0,0.0,0.4088190779145053,-0.4476045794794913,,-1.0,0.0,0.4088190779145053,1.3596809596079051,,-1.22525000917611,-1.2234195444572022,-1.2234195444572022,-1.2234195444572022,-1.2234195444572022,-1.22525000917611,-1.2234195444572022,-1.4053469322555197,-1.4097593353646567,-1.4097593353646567,-1.4097593353646567,-1.4097593353646567,-1.4053469322555197,-1.4097593353646567,-1.160294835795302,-1.14610487656681,-1.14610487656681,-1.14610487656681,-1.14610487656681,-1.160294835795302,-1.14610487656681,0.6111973250352558,-0.5610305084047743,,,1.6969508904283364,-0.2639076074352751,0.9167067910431672,-0.794923613047919,-1.0850785661983608,-1.2597612521295563,-1.2597612521295563,-0.5205832164900832,-1.0136998461655518,-0.7156442413363755
P9,156.0,-0.2658752768525554,0.3459197159754734,O1_lag0_AB,default immediate AB readout,0.228026404837472,0.0292157218326389,0.1084987935259471,0.0292157218326389,0.1219136400653527,0.0653190474503011,0.9131587222965445,0.22802640483747205,0.11276732697948803,,,0.112767326979488,0.01514342307849,0.17782599424783693,-0.6135500486983322,,,0.1767636603864953,-0.8960050242693418,O1_lag0_AB,0.17782599424783693,0.17782599424783693,True,0.0,0.0,q4,high,mid,low,low,low,high,mid,B_side,mid,phase=q4|str=high|ab=mid|ac=low|bc=low|tfc=low|mem=high|dphi=mid|side=B_side|dist=mid,side=B_side|tfc=low,-0.23099308366666835,0.4088190779145053,bad,1.75,1.0,0.6533560363260659,0.16333900908151647,,1.75,1.0,0.6533560363260659,0.0814638498120934,,1.75,1.0,0.6533560363260659,,,1.75,1.0,0.6533560363260659,,,1.75,1.0,0.6533560363260659,-0.5839667130283939,,1.75,1.0,0.6533560363260659,0.7544268208038529,,1.75,1.0,0.6533560363260659,-0.5856254277812777,,1.2517419012664042,1.2706760933847336,1.2706760933847336,1.2706760933847336,1.2706760933847336,1.2517419012664042,1.2706760933847336,0.7115680669648201,0.7093409314018366,0.7093409314018366,0.7093409314018366,0.7093409314018366,0.7115680669648201,0.7093409314018366,-0.8138170669020064,-0.8082580955172852,-0.8082580955172852,-0.8082580955172852,-0.8082580955172852,-0.8138170669020064,-0.8082580955172852,0.10669504698555429,0.08734914001600143,,,-0.39991954077416386,0.4741950560844002,-0.38146358137733133,0.31404698707869305,0.31477701732132163,0.3905863097564284,0.3905863097564284,0.19295984712378034,0.4059219893534045,0.19757383697298847
P9,214.0,0.0596336093988162,0.2243388095768831,O5_full_TFC,full triadic projection is already active,0.3045621125974884,0.1461523102022314,0.2664470422569257,0.1461523102022314,0.2390538216855485,0.1216351827507697,0.8311605148460647,0.30456211259748844,0.20394379253954284,0.1436410207465112,0.1099233016227317,0.1099233016227317,0.1189801865083076,0.7414323448885048,0.042831383116031116,-0.0018728021965168722,-0.6638324454350806,0.14273790011150336,0.35523777945263113,O1_lag0_AB,0.7414323448885048,0.14273790011150336,False,0.0,0.0,q1,mid,high,mid,high,high,high,high,B_side,mid,phase=q1|str=mid|ab=high|ac=mid|bc=high|tfc=high|mem=high|dphi=high|side=B_side|dist=mid,side=B_side|tfc=high,0.08807630856243899,0.6533560363260659,good,-1.0,0.0,1.3971809861516382,0.34929524653790955,,-1.0,0.0,1.3971809861516382,0.48647424041671145,,-1.0,0.0,1.3971809861516382,-1.9042899680187233,,-1.0,0.0,1.3971809861516382,0.16994733801426756,,-1.0,0.0,1.3971809861516382,-1.6495548550085593,,-1.0,0.0,1.3971809861516382,-1.8904367983341681,,-1.0,0.0,1.3971809861516382,-0.7682098523864433,,-1.22525000917611,-1.2234195444572022,-1.2234195444572022,-1.2234195444572022,-1.2234195444572022,-1.22525000917611,-1.2234195444572022,-1.4053469322555197,-1.4097593353646567,-1.4097593353646567,-1.4097593353646567,-1.4097593353646567,-1.4053469322555197,-1.4097593353646567,0.24008828440683724,0.21939378416281174,0.21939378416281174,0.21939378416281174,0.21939378416281174,0.24008828440683724,0.21939378416281174,0.2151862787702051,0.35849643213989824,-1.2475511398179495,0.08700502297919724,-1.0867690987335548,-1.1498730684853,-0.5033084958979612,-0.5438305945636468,-0.5138221658797872,-0.9153340588692491,-0.5816950181699625,-0.8751385485981504,-0.8850954313775231,-0.729273397889252
P9,229.0,-0.017821791413987,0.1517997239837292,O4_B_C_boundary,B-side boundary projection dominates current C-state,0.4058278719665271,0.0168574779252788,0.2018728610116137,0.0168574779252788,0.2081860703011399,0.0452495529919008,0.6203307946180139,0.40582787196652714,0.3421821423122415,0.0486037586352636,0.1806613334024054,0.0486037586352636,0.0385800602699974,1.4871499550502862,1.0380123807353487,-0.9103623342630377,0.21945979597250426,-0.5908856820084902,-0.6135913331960751,O1_lag0_AB,1.4871499550502862,0.21945979597250426,False,0.0,0.0,q4,low,high,low,mid,low,mid,mid,B_side,far,phase=q4|str=low|ab=high|ac=low|bc=mid|tfc=low|mem=mid|dphi=mid|side=B_side|dist=far,side=B_side|tfc=low,0.08996896889864799,1.3971809861516382,bad,-1.0,0.0,1.6757326360185778,-2.8535560730977267,,-1.0,0.0,1.6757326360185778,-0.48897811961697013,,-1.0,0.0,1.6757326360185778,0.11826235301866968,,-1.0,0.0,1.6757326360185778,-0.9525419769300529,,-1.0,0.0,1.6757326360185778,0.479344773412389,,-1.0,0.0,1.6757326360185778,2.5196744472510058,,-1.0,0.0,1.6757326360185778,-0.772066953105892,,-1.22525000917611,-1.2234195444572022,-1.2234195444572022,-1.2234195444572022,-1.2234195444572022,-1.22525000917611,-1.2234195444572022,-1.4053469322555197,-1.4097593353646567,-1.4097593353646567,-1.4097593353646567,-1.4097593353646567,-1.4053469322555197,-1.4097593353646567,0.6347605449696441,0.6042345005717996,0.6042345005717996,0.6042345005717996,0.6042345005717996,0.6347605449696441,0.6042345005717996,-1.6534323254960233,-0.2945516677474961,0.08073584325169617,-0.5291902723080828,0.28546254604018895,1.5581384327260581,-0.5058824728868253,-0.9123171804895023,-0.5808740117493889,-0.4870521339995908,-0.6395336628895356,-0.4358704583024676,-0.10942449093398188,-0.6337067130342212
P9,254.0,0.078185215851324,0.1913682563295854,O3_A_C_boundary,A-side boundary projection dominates current C-state,0.1393109863868309,0.1936843651262223,0.0197152054857486,0.0197152054857486,0.1175701856662673,0.0038101221630459,0.7810413747367794,0.1393109863868309,0.3448031357188803,0.1421604078432782,0.1655836631177459,0.1421604078432782,0.2673012047345539,-0.47547133195323893,1.0568809713794165,-0.016026422510780843,0.031187817718674665,0.5284208356078328,2.142520053728658,O6_phase_only,2.142520053728658,-0.016026422510780843,False,0.0,0.0,q1,mid,mid,high,low,low,high,low,A_side,far,phase=q1|str=mid|ab=mid|ac=high|bc=low|tfc=low|mem=high|dphi=low|side=A_side|dist=far,side=A_side|tfc=low,0.46678741771008037,1.6757326360185778,bad,1.5,1.0,1.5805157314508487,1.4262318568635695,,1.5,1.0,1.5805157314508487,-0.6801478478736718,,1.5,1.0,1.5805157314508487,,,1.5,1.0,1.5805157314508487,,,1.5,1.0,1.5805157314508487,2.0092281509835375,,1.5,1.0,1.5805157314508487,-2.569063415393046,,1.5,1.0,1.5805157314508487,-0.6285776619540113,,1.026560818498903,1.043940126308194,1.043940126308194,1.043940126308194,1.043940126308194,1.026560818498903,1.043940126308194,0.7115680669648201,0.7093409314018366,0.7093409314018366,0.7093409314018366,0.7093409314018366,0.7115680669648201,0.7093409314018366,0.49985030125904345,0.4726849592727438,0.4726849592727438,0.4726849592727438,0.4726849592727438,0.49985030125904345,0.4726849592727438,0.8434963640160201,-0.42253641913988366,,,1.271584369488298,-1.566581079164915,-0.4101270958724157,0.7703688876846967,0.4508573994607227,0.7419886723275915,0.7419886723275915,0.8743875966177681,0.16784952688946292,0.4539597302775897
P9,264.0,-0.088653942648784,0.2673012047345539,O2_lag5_AB,current AB is active; read short-lag future AB,0.3754530161893996,0.1367893893605711,0.1445329376340901,0.1367893893605711,0.2189251143946869,0.067001159468667,0.7344123764790467,0.3754530161893996,0.30971054624954775,,,0.3097105462495477,0.1029130643386941,1.2634705494914735,0.8042486283678048,,,2.5329813188363053,0.16162744023169895,O5_full_TFC,2.5329813188363053,0.8042486283678048,False,0.0,0.0,q4,high,high,mid,mid,high,mid,mid,B_side,near,phase=q4|str=high|ab=high|ac=mid|bc=mid|tfc=high|mem=mid|dphi=mid|side=B_side|dist=near,side=B_side|tfc=high,0.9524655873854566,1.5805157314508487,good,0.25,1.0,1.2654383576576038,-0.30815779629054874,,0.25,1.0,1.2654383576576038,2.0450922798829017,,0.25,1.0,1.2654383576576038,,,0.25,1.0,1.2654383576576038,,,0.25,1.0,1.2654383576576038,-1.0174179976967581,,0.25,1.0,1.2654383576576038,-0.0400631243430804,,0.25,1.0,1.2654383576576038,1.1198563832275188,,-0.09934459533860351,-0.0897397090745041,-0.0897397090745041,-0.0897397090745041,-0.0897397090745041,-0.09934459533860351,-0.0897397090745041,0.7115680669648201,0.7093409314018366,0.7093409314018366,0.7093409314018366,0.7093409314018366,0.7115680669648201,0.7093409314018366,0.05342573537844701,0.03738112132105148,0.03738112132105148,0.03738112132105148,0.03738112132105148,0.05342573537844701,0.03738112132105148,-0.16838725139305544,1.401963638563455,,,-0.6793106221333798,-0.01365837645847827,0.7566635394229645,0.12431548890290203,0.5147364955529597,0.2189941145494613,0.2189941145494613,-0.005582069621248964,0.16299770763654634,0.3534114707678371
P9,299.0,0.0702270064341771,0.083319763014842,O4_B_C_boundary,B-side boundary projection dominates current C-state,0.1860027320272673,0.0693420760998162,0.3961766847041602,0.0693420760998162,0.2171738309437479,0.0707846965384705,0.3756072011092003,0.18600273202726736,0.39018522005899836,0.1244525947503579,0.1825033667343788,0.1244525947503579,0.0232239714123559,-0.13163490402127523,1.38358762001855,-0.18530068897562524,0.24246091304647135,0.3165655503296227,-0.7986336538711202,O2_lag5_AB,1.38358762001855,0.24246091304647135,False,0.0,0.0,q1,low,mid,low,high,mid,low,mid,B_side,far,phase=q1|str=low|ab=mid|ac=low|bc=high|tfc=mid|mem=low|dphi=mid|side=B_side|dist=far,side=B_side|tfc=mid,0.11814926236094622,1.2654383576576038,neutral,-1.0,0.0,1.784438520223539,-0.7277206623739487,,-1.0,0.0,1.784438520223539,-2.0292131467034356,,-1.0,0.0,1.784438520223539,-1.0619837630317674,,-1.0,0.0,1.784438520223539,-1.047932940595989,,-1.0,0.0,1.784438520223539,-1.1239556849034953,,-1.0,0.0,1.784438520223539,2.628330903945555,,-1.0,0.0,1.784438520223539,-0.2705258442984658,,-1.22525000917611,-1.2234195444572022,-1.2234195444572022,-1.2234195444572022,-1.2234195444572022,-1.22525000917611,-1.2234195444572022,-1.4053469322555197,-1.4097593353646567,-1.4097593353646567,-1.4097593353646567,-1.4097593353646567,-1.4053469322555197,-1.4097593353646567,0.7887829572445133,0.7544201138154962,0.7544201138154962,0.7544201138154962,0.7544201138154962,0.7887829572445133,0.7544201138154962,-0.41317007113127896,-1.3257117725670635,-0.6943766403473465,-0.5815555485216789,-0.7479819600369555,1.6248585034962164,-0.1711867086485987,-0.5637460138295989,-0.8011176346433566,-0.6432838515884273,-0.6150785786320104,-0.6566851815108296,-0.054238870172724996,-0.5124863686637403
P9,330.0,-0.2850471646590365,0.2863468030447178,O4_B_C_boundary,B-side boundary projection dominates current C-state,0.1399095163459203,0.026982784380171,0.2127077866827589,0.026982784380171,0.1265333624696168,0.1963362813362907,1.558442224902893,0.13990951634592036,0.15631078034524745,0.0620938124980589,0.128813276820514,0.0620938124980589,0.2289329096764993,-0.47106377767740654,-0.3000797459091357,-0.7814068861671416,-0.42795694660084127,-0.4294914322203253,1.6801784754983204,O6_phase_only,1.6801784754983204,-0.42795694660084127,False,0.0,0.0,q4,high,mid,low,mid,low,high,high,B_side,far,phase=q4|str=high|ab=mid|ac=low|bc=mid|tfc=low|mem=high|dphi=high|side=B_side|dist=far,side=B_side|tfc=low,-0.10426004472521859,1.784438520223539,bad,1.75,1.0,1.4410032844283007,0.8619854541832809,,1.75,1.0,1.4410032844283007,-0.5749425888118148,,1.75,1.0,1.4410032844283007,0.5088959639417808,,1.75,1.0,1.4410032844283007,1.3260587830670856,,1.75,1.0,1.4410032844283007,1.0604593899787922,,1.75,1.0,1.4410032844283007,0.3602508211070752,,1.75,1.0,1.4410032844283007,-1.1386611728995315,,1.2517419012664042,1.2706760933847336,1.2706760933847336,1.2706760933847336,1.2706760933847336,1.2517419012664042,1.2706760933847336,0.7115680669648201,0.7093409314018366,0.7093409314018366,0.7093409314018366,0.7093409314018366,0.7115680669648201,0.7093409314018366,0.3021789075719479,0.2799376892932791,0.2799376892932791,0.2799376892932791,0.2799376892932791,0.3021789075719479,0.2799376892932791,0.5143017745030021,-0.35210335921460506,0.33727978287770505,0.7216573299409453,0.660033453680605,0.23215283056255354,-0.7505235011185909,0.6949476625765436,0.4769628387163111,0.6493086242393886,0.7454030110051987,0.7299970419401136,0.6244104265914314,0.37735780324031465
P9,346.0,0.3264939356373912,0.4217036152059885,O2_lag5_AB,current AB is active; read short-lag future AB,0.3700477400239633,0.0754703076061027,0.1410963328165634,0.0754703076061027,0.1955381268155431,0.0679457247414473,0.758299660166642,0.37004774002396335,0.22729136315813345,0.2163234484282791,0.2935765459333596,0.2163234484282791,0.3005583982358724,1.2236662795243247,0.21091107054286465,0.6929202005393366,1.6294104074926206,1.4157033045263987,2.5432723756039417,O6_phase_only,2.5432723756039417,0.21091107054286465,False,0.0,0.0,q1,high,high,low,mid,mid,mid,mid,B_side,near,phase=q1|str=high|ab=high|ac=low|bc=mid|tfc=mid|mem=mid|dphi=mid|side=B_side|dist=near,side=B_side|tfc=mid,1.102269091175641,1.4410032844283007,neutral,1.75,1.0,0.7095277818463157,0.27074511508309523,,1.75,1.0,0.7095277818463157,1.4943973523577916,,1.75,1.0,0.7095277818463157,0.35250221146425864,,1.75,1.0,0.7095277818463157,1.0912439135729,,1.75,1.0,0.7095277818463157,-0.01731618426011783,,1.75,1.0,0.7095277818463157,-0.43900015057507336,,1.75,1.0,0.7095277818463157,2.367756260431041,,1.2517419012664042,1.2706760933847336,1.2706760933847336,1.2706760933847336,1.2706760933847336,1.2517419012664042,1.2706760933847336,0.7115680669648201,0.7093409314018366,0.7093409314018366,0.7093409314018366,0.7093409314018366,0.7115680669648201,0.7093409314018366,-0.7342288476441928,-0.7306524708574329,-0.7306524708574329,-0.7306524708574329,-0.7306524708574329,-0.7342288476441928,-0.7306524708574329,0.1693582891585231,1.0332831260415705,0.23457006135971803,0.5927547061747751,-0.0346717964827394,-0.2586240916378346,1.5894303769939824,0.3496098524363886,0.570661919992677,0.3709836538222139,0.4605298150259781,0.3036731893615995,0.24261425723729918,0.70969873273078
P9,355.0,-0.085817981315599,0.3419894925004375,O4_B_C_boundary,B-side boundary projection dominates current C-state,0.1090006128265397,0.2131849991908692,0.3453948171741632,0.1090006128265397,0.2225268097305241,0.061534239557715,0.8034056178038248,0.10900061282653978,0.1243788725838607,0.0331732593626873,0.1856953381770518,0.0331732593626873,0.0720075248851623,-0.6986758926588968,-0.5299582700243078,-1.0578670787419566,0.28231844850758364,-0.7754953121318081,-0.21078722832173818,O4_B_C_boundary,0.28231844850758364,0.28231844850758364,True,0.0,0.0,q4,high,low,high,high,high,high,mid,B_side,mid,phase=q4|str=high|ab=low|ac=high|bc=high|tfc=high|mem=high|dphi=mid|side=B_side|dist=mid,side=B_side|tfc=high,-0.427209333338732,0.7095277818463157,good,1.25,1.0,0.8573458492350097,0.6715850460580556,,1.25,1.0,0.8573458492350097,1.026613180840644,,1.25,1.0,0.8573458492350097,-0.08652038109825674,,1.25,1.0,0.8573458492350097,-1.2120359470110347,,1.25,1.0,0.8573458492350097,0.2730244987189726,,1.25,1.0,0.8573458492350097,-0.7366554371966065,,1.25,1.0,0.8573458492350097,-0.9707374320326331,,0.8013797357314016,0.8172041592316543,0.8172041592316543,0.8172041592316543,0.8172041592316543,0.8013797357314016,0.8172041592316543,0.7115680669648201,0.7093409314018366,0.7093409314018366,0.7093409314018366,0.7093409314018366,0.7115680669648201,0.7093409314018366,-0.5247894462398599,-0.5264303419300655,-0.5264303419300655,-0.5264303419300655,-0.5264303419300655,-0.5247894462398599,-0.5264303419300655,0.4032177092822807,0.7201098980264945,-0.053752761693469396,-0.6716405935632572,0.1524740264721184,-0.44139815212766714,-0.6384621689641242,0.3478440164346606,0.43005616168247995,0.236590496752489,0.08211853878504205,0.288147193793886,0.1366900510821737,0.0904131449348253
P9,378.0,0.0485505292687089,0.14655849641098,O4_B_C_boundary,B-side boundary projection dominates current C-state,0.306393316521455,0.1344545111794702,0.2726382327438768,0.1344545111794702,0.237828686814934,0.1440696497644036,0.7396745799604406,0.306393316521455,0.36105991253101133,0.1293044850862269,0.165714051049337,0.1293044850862269,0.091046632257581,0.7549172683454334,1.1739138742791753,-0.13892002224606423,0.03281594682334552,0.37461329489583794,0.018635813211430603,O2_lag5_AB,1.1739138742791753,0.03281594682334552,False,0.0,0.0,q1,low,high,mid,high,high,mid,high,B_side,mid,phase=q1|str=low|ab=high|ac=mid|bc=high|tfc=high|mem=mid|dphi=high|side=B_side|dist=mid,side=B_side|tfc=high,0.31656802504416554,0.8573458492350097,good,1.25,1.0,2.0661088646755097,0.060992861503224804,,1.25,1.0,2.0661088646755097,-2.0278247891143444,,1.25,1.0,2.0661088646755097,,,1.25,1.0,2.0661088646755097,,,1.25,1.0,2.0661088646755097,1.3158277955522149,,1.25,1.0,2.0661088646755097,-3.6935196313926735,,1.25,1.0,2.0661088646755097,-2.4385314392619697,,0.8013797357314016,0.8172041592316543,0.8172041592316543,0.8172041592316543,0.8172041592316543,0.8013797357314016,0.8172041592316543,0.7115680669648201,0.7093409314018366,0.7093409314018366,0.7093409314018366,0.7093409314018366,0.7115680669648201,0.7093409314018366,1.187874011386418,1.1435695487653272,1.1435695487653272,1.1435695487653272,1.1435695487653272,1.187874011386418,1.1435695487653272,0.04698390327204299,-1.3247822917203629,,,0.8246370838964568,-2.257049005248161,-1.6179719805567365,0.6869514293386707,0.33633308691961383,0.8900382131329394,0.8900382131329394,0.8736879308238188,0.11094320220861975,0.2630356647105204
P9,398.0,-0.0380912693601416,0.1093025299853994,O5_full_TFC,full triadic projection is already active,0.557431409847572,0.1561349577120446,0.3126409456585231,0.1561349577120446,0.3420691044060466,0.1754380559028265,1.0691050306172734,0.557431409847572,0.37408703455760994,,,0.3740870345576099,0.007419261290823,2.6035532552885026,1.2676964195414406,,,3.303178023768018,-0.9890819031354183,O5_full_TFC,3.303178023768018,3.303178023768018,True,0.0,0.0,q4,low,high,mid,high,high,high,high,B_side,mid,phase=q4|str=low|ab=high|ac=mid|bc=high|tfc=high|mem=high|dphi=high|side=B_side|dist=mid,side=B_side|tfc=high,1.2370691590925085,2.0661088646755097,good,,,,,,,,,,,,,,,,,,,,,,,,,,,,,,,,,,,,,,,,,,,,,,,,,,,,,,,,,,,,,,,,,,,,,,
