topology_class,topology_name,topology_role,n_nodes,n_directed_edges,edge_convention,event_class,condition,mu_sector,closed_walk_count,closed_walks_per_node,n_seed_events,mean_seed_strength,total_impulse_budget,effect_vs_time_shifted,effect_vs_random_event,mu_p_value,notes,mu_differentiated_recovery,mu_differentiated_recovery_sd,mu_late_window_stability,mu_late_window_stability_sd,mu_post_event_score,mu_post_event_score_sd,mu_recovery_improvement,mu_recovery_improvement_sd,n_events_evaluated,n_events_evaluated_sd,mu_q_value,directional_endogenous_gt_both_controls,mu_diagnostic_interpretation
standalone Cn(k) directed rings,"C12(1,2)",primary,12,48,bidirectional 1-jump and 2-jump; 48 directed arrows,high_boundary_impulse_J,endogenous,2,48,4.0,57,0.09331239298409179,5.318806400093232,-0.0031755390282556866,0.003393701016557083,0.484472049689441,primary Luke/D12RG normalized readout candidate,0.005410561923731951,0.003486030113733758,0.8173662247272576,0.006190990703841451,0.6498158937240974,0.02544401756893098,0.012609180407092233,0.0063591920795564765,21.0,0.0,0.8575270538515719,False,no_directional_mu_sector_advantage
standalone Cn(k) directed rings,"C12(1,2)",primary,12,48,bidirectional 1-jump and 2-jump; 48 directed arrows,high_boundary_impulse_J,time_shifted,2,48,4.0,57,0.09331239298409179,5.318806400093232,,,,primary Luke/D12RG normalized readout candidate,0.008586100951987637,0.003270256780331602,0.8384132167542659,0.0056178219082322735,0.6474740315984796,0.016111234556173235,0.020604779133047778,0.005756327374813743,23.0,0.0,,False,control_condition
standalone Cn(k) directed rings,"C12(1,2)",primary,12,48,bidirectional 1-jump and 2-jump; 48 directed arrows,high_boundary_impulse_J,random_event,2,48,4.0,57,0.09331239298409179,5.318806400093232,,,,primary Luke/D12RG normalized readout candidate,0.002016860907174868,0.0033960659106055204,0.7306593407096712,0.011186524489502319,0.6412828668902077,0.021013183353452505,0.008127363592846323,0.006872946486477365,56.0,0.0,,False,control_condition
standalone Cn(k) directed rings,"C12(1,2)",primary,12,48,bidirectional 1-jump and 2-jump; 48 directed arrows,high_boundary_impulse_J,endogenous,3,72,6.0,57,0.09331239298409179,5.318806400093232,0.005657012481450627,-0.0024411159088634014,0.37888198757763975,primary Luke/D12RG normalized readout candidate,0.0033185284996504667,0.0035112438988176577,0.8361988890262178,0.004890030240511164,0.4645863592245371,0.01785320414354957,0.004574229462215601,0.006495202221721521,21.0,0.0,0.8575270538515719,False,no_directional_mu_sector_advantage
standalone Cn(k) directed rings,"C12(1,2)",primary,12,48,bidirectional 1-jump and 2-jump; 48 directed arrows,high_boundary_impulse_J,time_shifted,3,72,6.0,57,0.09331239298409179,5.318806400093232,,,,primary Luke/D12RG normalized readout candidate,-0.0023384839818001604,0.0032352243953570584,0.7781317337629299,0.008057394425719632,0.4737185933439628,0.012670740406848891,-0.007159681062520127,0.006135944944039529,23.0,0.0,,False,control_condition
standalone Cn(k) directed rings,"C12(1,2)",primary,12,48,bidirectional 1-jump and 2-jump; 48 directed arrows,high_boundary_impulse_J,random_event,3,72,6.0,57,0.09331239298409179,5.318806400093232,,,,primary Luke/D12RG normalized readout candidate,0.005759644408513868,0.004324870792237357,0.7976558683098618,0.006499635789583218,0.4661494824258948,0.016654186765198205,0.010036096551890538,0.008442385140861831,56.0,0.0,,False,control_condition
standalone Cn(k) directed rings,"C12(1,2)",primary,12,48,bidirectional 1-jump and 2-jump; 48 directed arrows,high_boundary_impulse_J,endogenous,4,432,36.0,57,0.09331239298409179,5.318806400093232,-0.0019154718269554854,0.0009274517569917622,0.5403726708074534,primary Luke/D12RG normalized readout candidate,-0.0017666491703037409,0.003858819362341851,0.883427106557642,0.01978900800225914,0.49373252138464385,0.014563845815094865,-0.0038316373637758165,0.0069695501436541725,21.0,0.0,0.8575270538515719,False,no_directional_mu_sector_advantage
standalone Cn(k) directed rings,"C12(1,2)",primary,12,48,bidirectional 1-jump and 2-jump; 48 directed arrows,high_boundary_impulse_J,time_shifted,4,432,36.0,57,0.09331239298409179,5.318806400093232,,,,primary Luke/D12RG normalized readout candidate,0.00014882265665174462,0.0035098736960670145,0.861862147441669,0.01671233442715192,0.48563087921798365,0.012007276608939743,0.00022913378669658121,0.006944528633230745,23.0,0.0,,False,control_condition
standalone Cn(k) directed rings,"C12(1,2)",primary,12,48,bidirectional 1-jump and 2-jump; 48 directed arrows,high_boundary_impulse_J,random_event,4,432,36.0,57,0.09331239298409179,5.318806400093232,,,,primary Luke/D12RG normalized readout candidate,-0.002694100927295503,0.004596797211302827,0.6851765829620247,0.023221878643305677,0.5030749637861347,0.01229142260907767,-0.00871113703637333,0.008629549996849891,56.0,0.0,,False,control_condition
standalone Cn(k) directed rings,"C12(1,2)",primary,12,48,bidirectional 1-jump and 2-jump; 48 directed arrows,high_boundary_impulse_J,endogenous,5,1200,100.0,57,0.09331239298409179,5.318806400093232,0.0010549087436202964,-0.0009798719419297787,0.4720496894409938,primary Luke/D12RG normalized readout candidate,0.0011422062598245813,0.0038030375550255767,0.8747047863558777,0.03003770281757805,0.5072132100992159,0.014120401082500733,0.0032402328835623275,0.006754592108025184,21.0,0.0,0.8575270538515719,False,no_directional_mu_sector_advantage
standalone Cn(k) directed rings,"C12(1,2)",primary,12,48,bidirectional 1-jump and 2-jump; 48 directed arrows,high_boundary_impulse_J,time_shifted,5,1200,100.0,57,0.09331239298409179,5.318806400093232,,,,primary Luke/D12RG normalized readout candidate,8.729751620428487e-05,0.0033168028165755105,0.9283507586174483,0.01461825317171469,0.5066159837788369,0.012121491985435195,0.0013629688506073372,0.006414319814690802,23.0,0.0,,False,control_condition
standalone Cn(k) directed rings,"C12(1,2)",primary,12,48,bidirectional 1-jump and 2-jump; 48 directed arrows,high_boundary_impulse_J,random_event,5,1200,100.0,57,0.09331239298409179,5.318806400093232,,,,primary Luke/D12RG normalized readout candidate,0.00212207820175436,0.005186732052089042,0.6558071943172485,0.029585744759730432,0.49981270862401594,0.010386811443381314,0.007268291580495375,0.009629419070256759,56.0,0.0,,False,control_condition
standalone Cn(k) directed rings,"C12(1,2)",primary,12,48,bidirectional 1-jump and 2-jump; 48 directed arrows,high_boundary_impulse_J,endogenous,6,5184,432.0,57,0.09331239298409179,5.318806400093232,-0.0012881708710927567,0.0009354640135414893,0.5279503105590062,primary Luke/D12RG normalized readout candidate,-0.00042112656679605163,0.0037850384305165314,0.952932330338184,0.0297772398236862,0.49951804304211295,0.012736674267785277,-0.0011551735208895695,0.006829044874855533,21.0,0.0,0.8575270538515719,False,no_directional_mu_sector_advantage
standalone Cn(k) directed rings,"C12(1,2)",primary,12,48,bidirectional 1-jump and 2-jump; 48 directed arrows,high_boundary_impulse_J,time_shifted,6,5184,432.0,57,0.09331239298409179,5.318806400093232,,,,primary Luke/D12RG normalized readout candidate,0.000867044304296705,0.0033266367782619106,0.9489326550624044,0.018907646154083694,0.5039347941339228,0.008710423533696991,0.001223349674523895,0.006571455170287486,23.0,0.0,,False,control_condition
standalone Cn(k) directed rings,"C12(1,2)",primary,12,48,bidirectional 1-jump and 2-jump; 48 directed arrows,high_boundary_impulse_J,random_event,6,5184,432.0,57,0.09331239298409179,5.318806400093232,,,,primary Luke/D12RG normalized readout candidate,-0.001356590580337541,0.005333136780380918,0.7719701300438169,0.0245411341573263,0.49878584395469955,0.009379093622884768,-0.0035774085152439753,0.010125463213361644,56.0,0.0,,False,control_condition
standalone Cn(k) directed rings,"C12(1,2)",primary,12,48,bidirectional 1-jump and 2-jump; 48 directed arrows,high_boundary_impulse_J,endogenous,8,72768,6064.0,57,0.09331239298409179,5.318806400093232,-0.002176015856142503,-0.0016644895882454505,0.7080745341614907,primary Luke/D12RG normalized readout candidate,-0.0013610707825770295,0.0033585577588722245,0.8658840281598679,0.022424124472768522,0.5095205434813433,0.01124795707221435,-0.0021495170673102087,0.006389043454036118,21.0,0.0,0.8908179301055152,False,no_directional_mu_sector_advantage
standalone Cn(k) directed rings,"C12(1,2)",primary,12,48,bidirectional 1-jump and 2-jump; 48 directed arrows,high_boundary_impulse_J,time_shifted,8,72768,6064.0,57,0.09331239298409179,5.318806400093232,,,,primary Luke/D12RG normalized readout candidate,0.0008149450735654736,0.003599334802146737,0.7693178631667952,0.04655557908730504,0.5081673992167659,0.009993584442153636,0.002513593805041626,0.0069112188576977455,23.0,0.0,,False,control_condition
standalone Cn(k) directed rings,"C12(1,2)",primary,12,48,bidirectional 1-jump and 2-jump; 48 directed arrows,high_boundary_impulse_J,random_event,8,72768,6064.0,57,0.09331239298409179,5.318806400093232,,,,primary Luke/D12RG normalized readout candidate,0.00030341880566842104,0.004061905792620036,0.7809831100920746,0.025277889066866878,0.5030791788176459,0.00783960639453874,0.0004029425349652235,0.007829238289740331,56.0,0.0,,False,control_condition
standalone Cn(k) directed rings,"C12(1,2)",primary,12,48,bidirectional 1-jump and 2-jump; 48 directed arrows,high_boundary_impulse_J,endogenous,9,277056,23088.0,57,0.09331239298409179,5.318806400093232,0.0010063353727910703,0.0014434503602326668,0.37267080745341613,primary Luke/D12RG normalized readout candidate,0.00063963566214875,0.0029282969660014584,0.8901405319995845,0.0390038724648004,0.49148321263822303,0.00958175819664187,0.001260849578258837,0.005305998095273211,21.0,0.0,0.8575270538515719,True,directional_mu_sector_signal_not_fdr_confirmed
standalone Cn(k) directed rings,"C12(1,2)",primary,12,48,bidirectional 1-jump and 2-jump; 48 directed arrows,high_boundary_impulse_J,time_shifted,9,277056,23088.0,57,0.09331239298409179,5.318806400093232,,,,primary Luke/D12RG normalized readout candidate,-0.0003666997106423201,0.0037225394240785474,0.7182487109774377,0.03700212458124527,0.4935560670671033,0.010785794441509776,-0.00023477780782586694,0.007152612087107632,23.0,0.0,,False,control_condition
standalone Cn(k) directed rings,"C12(1,2)",primary,12,48,bidirectional 1-jump and 2-jump; 48 directed arrows,high_boundary_impulse_J,random_event,9,277056,23088.0,57,0.09331239298409179,5.318806400093232,,,,primary Luke/D12RG normalized readout candidate,-0.0008038146980839168,0.003561909897419894,0.6844174948518835,0.025342579477827615,0.49759919001365516,0.007350957185554662,-0.0015089730487008288,0.006810426844816201,56.0,0.0,,False,control_condition
standalone Cn(k) directed rings,"C12(1,2)",primary,12,48,bidirectional 1-jump and 2-jump; 48 directed arrows,high_boundary_impulse_J,endogenous,10,1099008,91584.0,57,0.09331239298409179,5.318806400093232,-0.001527871035484879,-0.0026671821049621697,0.6832298136645962,primary Luke/D12RG normalized readout candidate,-0.001923503590061432,0.0037646704966937854,0.8445657638660243,0.021056245897996956,0.5015907271799434,0.010014799747903216,-0.004399639372225272,0.006937301667983196,21.0,0.0,0.8863521907000167,False,no_directional_mu_sector_advantage
standalone Cn(k) directed rings,"C12(1,2)",primary,12,48,bidirectional 1-jump and 2-jump; 48 directed arrows,high_boundary_impulse_J,time_shifted,10,1099008,91584.0,57,0.09331239298409179,5.318806400093232,,,,primary Luke/D12RG normalized readout candidate,-0.0003956325545765529,0.0037480540327497645,0.6743436164028489,0.04316666345130698,0.5004758735002561,0.01213051160408149,-0.0020640142077838148,0.006952758487104985,23.0,0.0,,False,control_condition
standalone Cn(k) directed rings,"C12(1,2)",primary,12,48,bidirectional 1-jump and 2-jump; 48 directed arrows,high_boundary_impulse_J,random_event,10,1099008,91584.0,57,0.09331239298409179,5.318806400093232,,,,primary Luke/D12RG normalized readout candidate,0.0007436785149007378,0.0038440538540879432,0.7338545717917108,0.023960013156870717,0.5012943573394419,0.007881893139048787,0.0005634370674701604,0.007463186164647501,56.0,0.0,,False,control_condition
standalone Cn(k) directed rings,"C12(1,2)",primary,12,48,bidirectional 1-jump and 2-jump; 48 directed arrows,high_boundary_impulse_J,endogenous,12,17139456,1428288.0,57,0.09331239298409179,5.318806400093232,-0.0021372924636689668,-0.0005826631940813468,0.6149068322981367,primary Luke/D12RG normalized readout candidate,-0.0009899239351422908,0.003701322906729349,0.7462750317667215,0.01950506589317952,0.49324062319458084,0.01042443590138376,-0.0016468109136348868,0.007038072332336579,21.0,0.0,0.8855543939487116,False,no_directional_mu_sector_advantage
standalone Cn(k) directed rings,"C12(1,2)",primary,12,48,bidirectional 1-jump and 2-jump; 48 directed arrows,high_boundary_impulse_J,time_shifted,12,17139456,1428288.0,57,0.09331239298409179,5.318806400093232,,,,primary Luke/D12RG normalized readout candidate,0.0011473685285266762,0.0034244721190323387,0.8073252857210044,0.02811737806926599,0.5007871323248512,0.012424474759623426,0.002771947267614773,0.006521694104016213,23.0,0.0,,False,control_condition
standalone Cn(k) directed rings,"C12(1,2)",primary,12,48,bidirectional 1-jump and 2-jump; 48 directed arrows,high_boundary_impulse_J,random_event,12,17139456,1428288.0,57,0.09331239298409179,5.318806400093232,,,,primary Luke/D12RG normalized readout candidate,-0.00040726074106094406,0.003881982140599097,0.6780548203927903,0.044542039322255964,0.495436630211035,0.00874241511061128,-0.0011820086581087693,0.007433482812157955,56.0,0.0,,False,control_condition
standalone Cn(k) directed rings,"C12(1,2)",primary,12,48,bidirectional 1-jump and 2-jump; 48 directed arrows,high_boundary_impulse_J,endogenous,16,4314498048,359541504.0,57,0.09331239298409179,5.318806400093232,-0.0027469851191045578,-0.0010339172093186673,0.6832298136645962,primary Luke/D12RG normalized readout candidate,-0.002434911476742766,0.0036783980367812584,0.6728063520960965,0.06219350103240487,0.4986058236022347,0.012617074176649734,-0.005028938767826724,0.0070138532914864925,21.0,0.0,0.8863521907000167,False,no_directional_mu_sector_advantage
standalone Cn(k) directed rings,"C12(1,2)",primary,12,48,bidirectional 1-jump and 2-jump; 48 directed arrows,high_boundary_impulse_J,time_shifted,16,4314498048,359541504.0,57,0.09331239298409179,5.318806400093232,,,,primary Luke/D12RG normalized readout candidate,0.0003120736423617918,0.00335192392933026,0.8152983223805841,0.04930950586120399,0.5019909799519642,0.010493188925727466,0.0006369013474898738,0.00612918863254019,23.0,0.0,,False,control_condition
standalone Cn(k) directed rings,"C12(1,2)",primary,12,48,bidirectional 1-jump and 2-jump; 48 directed arrows,high_boundary_impulse_J,random_event,16,4314498048,359541504.0,57,0.09331239298409179,5.318806400093232,,,,primary Luke/D12RG normalized readout candidate,-0.0014009942674240987,0.003959088171078748,0.4975577215628138,0.06793645086447142,0.4967133060475787,0.008490021954126238,-0.003767215022083789,0.007519880842406411,56.0,0.0,,False,control_condition
standalone Cn(k) directed rings,"C12(1,2)",primary,12,48,bidirectional 1-jump and 2-jump; 48 directed arrows,high_boundary_impulse_J,endogenous,20,1100589330432,91715777536.0,57,0.09331239298409179,5.318806400093232,0.0035421055015843585,0.006712251446976686,0.12422360248447205,primary Luke/D12RG normalized readout candidate,0.003385598615501983,0.004046310200694489,0.5751667660940406,0.09441664188675791,0.5087549577644314,0.01353463348233949,0.006787108508003815,0.007866932405666178,21.0,0.0,0.8575270538515719,True,directional_mu_sector_signal_not_fdr_confirmed
standalone Cn(k) directed rings,"C12(1,2)",primary,12,48,bidirectional 1-jump and 2-jump; 48 directed arrows,high_boundary_impulse_J,time_shifted,20,1100589330432,91715777536.0,57,0.09331239298409179,5.318806400093232,,,,primary Luke/D12RG normalized readout candidate,-0.00015650688608237552,0.003920539389058117,0.6659149260658073,0.06986397551908642,0.4958388122049767,0.015065076989796674,0.0009643355918312798,0.007561720328559562,23.0,0.0,,False,control_condition
standalone Cn(k) directed rings,"C12(1,2)",primary,12,48,bidirectional 1-jump and 2-jump; 48 directed arrows,high_boundary_impulse_J,random_event,20,1100589330432,91715777536.0,57,0.09331239298409179,5.318806400093232,,,,primary Luke/D12RG normalized readout candidate,-0.0033266528314747036,0.004465326423559161,0.49716232536653704,0.07595156881875728,0.48384946425072606,0.010756000337986722,-0.007810540799390642,0.009347356365615022,56.0,0.0,,False,control_condition
standalone Cn(k) directed rings,"C12(1,2)",primary,12,48,bidirectional 1-jump and 2-jump; 48 directed arrows,high_boundary_impulse_J,endogenous,24,281534851989504,23461237665792.0,57,0.09331239298409179,5.318806400093232,-0.0012594736388163723,-0.0019773239102723154,0.6708074534161491,primary Luke/D12RG normalized readout candidate,-0.004149432219402732,0.004025974816814648,0.13121576691393325,0.05895381310320796,0.5005414853610507,0.010655128995461918,-0.011358376418496222,0.007981857819048059,21.0,0.0,0.8863521907000167,False,no_directional_mu_sector_advantage
standalone Cn(k) directed rings,"C12(1,2)",primary,12,48,bidirectional 1-jump and 2-jump; 48 directed arrows,high_boundary_impulse_J,time_shifted,24,281534851989504,23461237665792.0,57,0.09331239298409179,5.318806400093232,,,,primary Luke/D12RG normalized readout candidate,-0.0028899585805863596,0.00420247565592442,0.222688434145848,0.13501475654372888,0.48882629926500076,0.011685227719997854,-0.007768874032504503,0.008136520876156707,23.0,0.0,,False,control_condition
standalone Cn(k) directed rings,"C12(1,2)",primary,12,48,bidirectional 1-jump and 2-jump; 48 directed arrows,high_boundary_impulse_J,random_event,24,281534851989504,23461237665792.0,57,0.09331239298409179,5.318806400093232,,,,primary Luke/D12RG normalized readout candidate,-0.0021721083091304164,0.004609355064741937,0.3763576387240615,0.07646609147313624,0.5045032246155594,0.010513734821905865,-0.006498718111503908,0.00890925945573272,56.0,0.0,,False,control_condition
standalone Cn(k) directed rings,"C12(1,2)",primary,12,48,bidirectional 1-jump and 2-jump; 48 directed arrows,residual_contraction_low_distance,endogenous,2,48,4.0,57,0.09102846804812097,5.188622678742895,0.004744388692813542,0.002770110372109577,0.18012422360248448,primary Luke/D12RG normalized readout candidate,0.0048102975578734565,0.004531913780366772,0.8823705014552891,0.016851124300796546,0.4700321028511931,0.02502151851315657,0.006844395300345136,0.006796705438591069,23.0,0.0,0.8575270538515719,True,directional_mu_sector_signal_not_fdr_confirmed
standalone Cn(k) directed rings,"C12(1,2)",primary,12,48,bidirectional 1-jump and 2-jump; 48 directed arrows,residual_contraction_low_distance,time_shifted,2,48,4.0,57,0.09102846804812097,5.188622678742895,,,,primary Luke/D12RG normalized readout candidate,6.590886505991452e-05,0.004591939695083042,0.9107507853453789,0.01086603263417234,0.4765244467264317,0.015684434273250586,0.0009289174033524904,0.006779546952775416,25.0,0.0,,False,control_condition
standalone Cn(k) directed rings,"C12(1,2)",primary,12,48,bidirectional 1-jump and 2-jump; 48 directed arrows,residual_contraction_low_distance,random_event,2,48,4.0,57,0.09102846804812097,5.188622678742895,,,,primary Luke/D12RG normalized readout candidate,0.0020401871857638793,0.004022287076856896,0.9225237550897951,0.0073210363958347595,0.5103786478173682,0.022113619538869273,0.004469929124100182,0.006713363284874504,56.0,0.0,,False,control_condition
standalone Cn(k) directed rings,"C12(1,2)",primary,12,48,bidirectional 1-jump and 2-jump; 48 directed arrows,residual_contraction_low_distance,endogenous,3,72,6.0,57,0.09102846804812097,5.188622678742895,-0.0007797089486529041,-0.0049083909390491174,0.7701863354037267,primary Luke/D12RG normalized readout candidate,-0.004988578060015325,0.0046074670819655,0.9236458910808679,0.019540523249277502,0.47286941976198504,0.02547806894873186,-0.006491942020916344,0.008066014162462377,23.0,0.0,0.8908179301055152,False,no_directional_mu_sector_advantage
standalone Cn(k) directed rings,"C12(1,2)",primary,12,48,bidirectional 1-jump and 2-jump; 48 directed arrows,residual_contraction_low_distance,time_shifted,3,72,6.0,57,0.09102846804812097,5.188622678742895,,,,primary Luke/D12RG normalized readout candidate,-0.004208869111362421,0.0038703746607824945,0.9528256158760218,0.016639025369669182,0.4588851947571991,0.016867244801213408,-0.005545963542465595,0.005670756041430617,25.0,0.0,,False,control_condition
standalone Cn(k) directed rings,"C12(1,2)",primary,12,48,bidirectional 1-jump and 2-jump; 48 directed arrows,residual_contraction_low_distance,random_event,3,72,6.0,57,0.09102846804812097,5.188622678742895,,,,primary Luke/D12RG normalized readout candidate,-8.018712096620772e-05,0.0035214348877154623,0.9134824902375744,0.005521016089712001,0.4874257763012345,0.02089396240267153,0.0007805219031711326,0.005906341901831733,56.0,0.0,,False,control_condition
standalone Cn(k) directed rings,"C12(1,2)",primary,12,48,bidirectional 1-jump and 2-jump; 48 directed arrows,residual_contraction_low_distance,endogenous,4,432,36.0,57,0.09102846804812097,5.188622678742895,-0.0012427703821562594,0.0010695883915301616,0.515527950310559,primary Luke/D12RG normalized readout candidate,-0.00047006861149104603,0.0036193094021060054,0.8767277791434056,0.025233179386696565,0.5097993509481251,0.019951161266650263,0.0002118067535039852,0.006569272830820328,23.0,0.0,0.8575270538515719,False,no_directional_mu_sector_advantage
standalone Cn(k) directed rings,"C12(1,2)",primary,12,48,bidirectional 1-jump and 2-jump; 48 directed arrows,residual_contraction_low_distance,time_shifted,4,432,36.0,57,0.09102846804812097,5.188622678742895,,,,primary Luke/D12RG normalized readout candidate,0.0007727017706652134,0.0029992572539252666,0.8736310479330065,0.025017628210163123,0.5005516951910172,0.0132080614204496,0.0021472828868276117,0.004500644761608518,25.0,0.0,,False,control_condition
standalone Cn(k) directed rings,"C12(1,2)",primary,12,48,bidirectional 1-jump and 2-jump; 48 directed arrows,residual_contraction_low_distance,random_event,4,432,36.0,57,0.09102846804812097,5.188622678742895,,,,primary Luke/D12RG normalized readout candidate,-0.0015396570030212077,0.0037316388930719504,0.9271948754682156,0.011114001683760807,0.5080955262335399,0.01800289386440072,-0.001478704563425252,0.0066762453134835325,56.0,0.0,,False,control_condition
standalone Cn(k) directed rings,"C12(1,2)",primary,12,48,bidirectional 1-jump and 2-jump; 48 directed arrows,residual_contraction_low_distance,endogenous,5,1200,100.0,57,0.09102846804812097,5.188622678742895,0.0003468650633774476,0.0001239211339685507,0.5093167701863354,primary Luke/D12RG normalized readout candidate,-0.00036566052963468915,0.0032775070442824087,0.9251237455730544,0.029057228496199426,0.49736812031006494,0.01866960397875181,-0.00031701480853726525,0.00549186979923855,23.0,0.0,0.8575270538515719,True,directional_mu_sector_signal_not_fdr_confirmed
standalone Cn(k) directed rings,"C12(1,2)",primary,12,48,bidirectional 1-jump and 2-jump; 48 directed arrows,residual_contraction_low_distance,time_shifted,5,1200,100.0,57,0.09102846804812097,5.188622678742895,,,,primary Luke/D12RG normalized readout candidate,-0.0007125255930121368,0.0034760616938732994,0.9445231096215576,0.01779282788746283,0.4887669120040787,0.013802418427653486,-0.0007967726360053244,0.005652713301450548,25.0,0.0,,False,control_condition
standalone Cn(k) directed rings,"C12(1,2)",primary,12,48,bidirectional 1-jump and 2-jump; 48 directed arrows,residual_contraction_low_distance,random_event,5,1200,100.0,57,0.09102846804812097,5.188622678742895,,,,primary Luke/D12RG normalized readout candidate,-0.0004895816636032399,0.003281979568730003,0.9242895001583463,0.018237493326209574,0.4937839532973616,0.01576582647189142,-0.001257925651657408,0.0060204423005896035,56.0,0.0,,False,control_condition
standalone Cn(k) directed rings,"C12(1,2)",primary,12,48,bidirectional 1-jump and 2-jump; 48 directed arrows,residual_contraction_low_distance,endogenous,6,5184,432.0,57,0.09102846804812097,5.188622678742895,1.6949946336266067e-05,-0.0014342308560715755,0.5279503105590062,primary Luke/D12RG normalized readout candidate,-0.00026557614013347644,0.0036839117501973767,0.9418037786139501,0.031216354653049453,0.49816739053205084,0.014857309068460039,-0.000921285601497046,0.006256815077109903,23.0,0.0,0.8575270538515719,False,no_directional_mu_sector_advantage
standalone Cn(k) directed rings,"C12(1,2)",primary,12,48,bidirectional 1-jump and 2-jump; 48 directed arrows,residual_contraction_low_distance,time_shifted,6,5184,432.0,57,0.09102846804812097,5.188622678742895,,,,primary Luke/D12RG normalized readout candidate,-0.0002825260864697425,0.0036454278025358864,0.9371984719569291,0.03463826524454225,0.49925313053616016,0.010796839660446918,-9.265871092483641e-05,0.005919807271722577,25.0,0.0,,False,control_condition
standalone Cn(k) directed rings,"C12(1,2)",primary,12,48,bidirectional 1-jump and 2-jump; 48 directed arrows,residual_contraction_low_distance,random_event,6,5184,432.0,57,0.09102846804812097,5.188622678742895,,,,primary Luke/D12RG normalized readout candidate,0.001168654715938099,0.0032516868279037522,0.9745429341415139,0.017322946276444703,0.5026539365905508,0.013437478395193764,0.0020581645722324822,0.005949761337386493,56.0,0.0,,False,control_condition
standalone Cn(k) directed rings,"C12(1,2)",primary,12,48,bidirectional 1-jump and 2-jump; 48 directed arrows,residual_contraction_low_distance,endogenous,8,72768,6064.0,57,0.09102846804812097,5.188622678742895,0.0014588839217795826,-0.0014568192600140236,0.5341614906832298,primary Luke/D12RG normalized readout candidate,0.0006317568705135335,0.0034422786343355953,0.8706385220594314,0.039645964905224915,0.4900195799499537,0.017908765534962286,0.0008236690621699379,0.00583980855425123,23.0,0.0,0.8575270538515719,False,no_directional_mu_sector_advantage
standalone Cn(k) directed rings,"C12(1,2)",primary,12,48,bidirectional 1-jump and 2-jump; 48 directed arrows,residual_contraction_low_distance,time_shifted,8,72768,6064.0,57,0.09102846804812097,5.188622678742895,,,,primary Luke/D12RG normalized readout candidate,-0.0008271270512660491,0.002711031848589739,0.9192952121477826,0.036661854027242105,0.49299101973919096,0.011990401417808046,-0.000991552527863849,0.004091339020021546,25.0,0.0,,False,control_condition
standalone Cn(k) directed rings,"C12(1,2)",primary,12,48,bidirectional 1-jump and 2-jump; 48 directed arrows,residual_contraction_low_distance,random_event,8,72768,6064.0,57,0.09102846804812097,5.188622678742895,,,,primary Luke/D12RG normalized readout candidate,0.002088576130527557,0.0034436683787171882,0.8856696528797727,0.03934242291687689,0.4981006330371892,0.009697390593070721,0.00185377223700294,0.006211497000837431,56.0,0.0,,False,control_condition
standalone Cn(k) directed rings,"C12(1,2)",primary,12,48,bidirectional 1-jump and 2-jump; 48 directed arrows,residual_contraction_low_distance,endogenous,9,277056,23088.0,57,0.09102846804812097,5.188622678742895,-9.683916301179041e-05,-0.001960818457219549,0.6521739130434783,primary Luke/D12RG normalized readout candidate,-0.0003844143674389726,0.0038423281203284407,0.8661039632063503,0.05480742856401032,0.5098759240306205,0.015245247693600769,-0.00032990502375591316,0.006315307592024808,23.0,0.0,0.8863521907000167,False,no_directional_mu_sector_advantage
standalone Cn(k) directed rings,"C12(1,2)",primary,12,48,bidirectional 1-jump and 2-jump; 48 directed arrows,residual_contraction_low_distance,time_shifted,9,277056,23088.0,57,0.09102846804812097,5.188622678742895,,,,primary Luke/D12RG normalized readout candidate,-0.0002875752044271822,0.0033038295811143054,0.8732294651563978,0.03742535754308072,0.5113593065878999,0.010049560401371855,-0.0003917103929188872,0.0051912031569747675,25.0,0.0,,False,control_condition
standalone Cn(k) directed rings,"C12(1,2)",primary,12,48,bidirectional 1-jump and 2-jump; 48 directed arrows,residual_contraction_low_distance,random_event,9,277056,23088.0,57,0.09102846804812097,5.188622678742895,,,,primary Luke/D12RG normalized readout candidate,0.0015764040897805764,0.0031982797579321403,0.8706821077230895,0.05083279476457537,0.5075509822983234,0.009459672952553823,0.0017894440689203283,0.005502630375247904,56.0,0.0,,False,control_condition
standalone Cn(k) directed rings,"C12(1,2)",primary,12,48,bidirectional 1-jump and 2-jump; 48 directed arrows,residual_contraction_low_distance,endogenous,10,1099008,91584.0,57,0.09102846804812097,5.188622678742895,0.004346259009943378,0.0018843671379431331,0.2236024844720497,primary Luke/D12RG normalized readout candidate,0.005360125995613486,0.0035545620217265596,0.5924167261773065,0.09337811996977347,0.49610802031129203,0.014623784818132207,0.006828428797524525,0.005761264440939396,23.0,0.0,0.8575270538515719,True,directional_mu_sector_signal_not_fdr_confirmed
standalone Cn(k) directed rings,"C12(1,2)",primary,12,48,bidirectional 1-jump and 2-jump; 48 directed arrows,residual_contraction_low_distance,time_shifted,10,1099008,91584.0,57,0.09102846804812097,5.188622678742895,,,,primary Luke/D12RG normalized readout candidate,0.0010138669856701089,0.003682594066909424,0.703630694914865,0.07819093745843901,0.48895340130547404,0.011261839432635496,0.0014570858968495383,0.005627053097029383,25.0,0.0,,False,control_condition
standalone Cn(k) directed rings,"C12(1,2)",primary,12,48,bidirectional 1-jump and 2-jump; 48 directed arrows,residual_contraction_low_distance,random_event,10,1099008,91584.0,57,0.09102846804812097,5.188622678742895,,,,primary Luke/D12RG normalized readout candidate,0.003475758857670353,0.0038381803813416597,0.7326599603949469,0.05108113068704056,0.4969022349887509,0.009785866737402947,0.0035092949442501304,0.006530138195241197,56.0,0.0,,False,control_condition
standalone Cn(k) directed rings,"C12(1,2)",primary,12,48,bidirectional 1-jump and 2-jump; 48 directed arrows,residual_contraction_low_distance,endogenous,12,17139456,1428288.0,57,0.09102846804812097,5.188622678742895,-0.008509911316557506,-0.0011210267797018584,0.7701863354037267,primary Luke/D12RG normalized readout candidate,-0.006416477682062468,0.004238345886667168,0.27267550077286984,0.1622431910331314,0.49602963281252654,0.016280641618123856,-0.006077758361777442,0.006833725989703701,23.0,0.0,0.8908179301055152,False,no_directional_mu_sector_advantage
standalone Cn(k) directed rings,"C12(1,2)",primary,12,48,bidirectional 1-jump and 2-jump; 48 directed arrows,residual_contraction_low_distance,time_shifted,12,17139456,1428288.0,57,0.09102846804812097,5.188622678742895,,,,primary Luke/D12RG normalized readout candidate,0.002093433634495038,0.004058772093775831,0.30650101807824043,0.14681740890107683,0.4909424026081394,0.01511891525686478,0.00406914237144157,0.0060573198376439995,25.0,0.0,,False,control_condition
standalone Cn(k) directed rings,"C12(1,2)",primary,12,48,bidirectional 1-jump and 2-jump; 48 directed arrows,residual_contraction_low_distance,random_event,12,17139456,1428288.0,57,0.09102846804812097,5.188622678742895,,,,primary Luke/D12RG normalized readout candidate,-0.00529545090236061,0.004215126828706188,0.47731366966837196,0.07970866694264683,0.4776042796741663,0.00823668009425764,-0.006280519574876821,0.006267596292415361,56.0,0.0,,False,control_condition
standalone Cn(k) directed rings,"C12(1,2)",primary,12,48,bidirectional 1-jump and 2-jump; 48 directed arrows,residual_contraction_low_distance,endogenous,16,4314498048,359541504.0,57,0.09102846804812097,5.188622678742895,0.0007224993150470962,0.00407765361541079,0.3105590062111801,primary Luke/D12RG normalized readout candidate,0.002946745044264693,0.004458137708498209,0.718566217603175,0.14478136680333745,0.5104043723413388,0.015777141965020648,0.003173142602267315,0.006434771329951776,23.0,0.0,0.8575270538515719,True,directional_mu_sector_signal_not_fdr_confirmed
standalone Cn(k) directed rings,"C12(1,2)",primary,12,48,bidirectional 1-jump and 2-jump; 48 directed arrows,residual_contraction_low_distance,time_shifted,16,4314498048,359541504.0,57,0.09102846804812097,5.188622678742895,,,,primary Luke/D12RG normalized readout candidate,0.0022242457292175966,0.004147491328168552,0.7709558284334825,0.09659614682965731,0.5109055983163077,0.015642038087904032,0.0035650034578573685,0.00609523798986742,25.0,0.0,,False,control_condition
standalone Cn(k) directed rings,"C12(1,2)",primary,12,48,bidirectional 1-jump and 2-jump; 48 directed arrows,residual_contraction_low_distance,random_event,16,4314498048,359541504.0,57,0.09102846804812097,5.188622678742895,,,,primary Luke/D12RG normalized readout candidate,-0.001130908571146097,0.004297568934524262,0.7613428279210115,0.08167817502378098,0.5066228121873705,0.0075650631376276796,-0.00030684283233147744,0.006935316215271161,56.0,0.0,,False,control_condition
standalone Cn(k) directed rings,"C12(1,2)",primary,12,48,bidirectional 1-jump and 2-jump; 48 directed arrows,residual_contraction_low_distance,endogenous,20,1100589330432,91715777536.0,57,0.09102846804812097,5.188622678742895,0.003135589447178699,0.0026891282806241878,0.2484472049689441,primary Luke/D12RG normalized readout candidate,0.0010809787836399928,0.004571034740752393,0.7837058324523074,0.0793260023715801,0.4987074373014061,0.013603868443022199,0.0015185424325211637,0.006789287948338613,23.0,0.0,0.8575270538515719,True,directional_mu_sector_signal_not_fdr_confirmed
standalone Cn(k) directed rings,"C12(1,2)",primary,12,48,bidirectional 1-jump and 2-jump; 48 directed arrows,residual_contraction_low_distance,time_shifted,20,1100589330432,91715777536.0,57,0.09102846804812097,5.188622678742895,,,,primary Luke/D12RG normalized readout candidate,-0.0020546106635387063,0.004181517463763804,0.714511028190105,0.1606278905734391,0.49815369677118343,0.009159215655558274,-0.002663995830744135,0.005962017027267923,25.0,0.0,,False,control_condition
standalone Cn(k) directed rings,"C12(1,2)",primary,12,48,bidirectional 1-jump and 2-jump; 48 directed arrows,residual_contraction_low_distance,random_event,20,1100589330432,91715777536.0,57,0.09102846804812097,5.188622678742895,,,,primary Luke/D12RG normalized readout candidate,-0.0016081494969841952,0.003965571330665889,0.8016991043532216,0.07223426003516187,0.49379714567871574,0.0075695809507663105,-0.0025868374219147933,0.006394338117783368,56.0,0.0,,False,control_condition
standalone Cn(k) directed rings,"C12(1,2)",primary,12,48,bidirectional 1-jump and 2-jump; 48 directed arrows,residual_contraction_low_distance,endogenous,24,281534851989504,23461237665792.0,57,0.09102846804812097,5.188622678742895,0.005842577846191032,0.004419585304402826,0.15527950310559005,primary Luke/D12RG normalized readout candidate,-0.0004940755432535371,0.004367339787579901,0.3951646917251593,0.18216525108646667,0.4969150352415671,0.009415556675897349,0.0005391910434189867,0.006539258739242303,23.0,0.0,0.8575270538515719,True,directional_mu_sector_signal_not_fdr_confirmed
standalone Cn(k) directed rings,"C12(1,2)",primary,12,48,bidirectional 1-jump and 2-jump; 48 directed arrows,residual_contraction_low_distance,time_shifted,24,281534851989504,23461237665792.0,57,0.09102846804812097,5.188622678742895,,,,primary Luke/D12RG normalized readout candidate,-0.006336653389444569,0.0054590957320483175,0.48494780250199343,0.21704846530997932,0.4972584346510235,0.00868244862429032,-0.007593757229323742,0.007161307891553529,25.0,0.0,,False,control_condition
standalone Cn(k) directed rings,"C12(1,2)",primary,12,48,bidirectional 1-jump and 2-jump; 48 directed arrows,residual_contraction_low_distance,random_event,24,281534851989504,23461237665792.0,57,0.09102846804812097,5.188622678742895,,,,primary Luke/D12RG normalized readout candidate,-0.004913660847656363,0.005280798993999974,0.5436318293699999,0.11006713941274031,0.494442054088983,0.009297406640275457,-0.00570678905423146,0.00730003842621557,56.0,0.0,,False,control_condition
standalone Cn(k) directed rings,"C12(1,2)",primary,12,48,bidirectional 1-jump and 2-jump; 48 directed arrows,FES_phase_transition,endogenous,2,48,4.0,192,0.09999999999999999,19.2,0.00014874919706716152,-0.0010638055112142193,0.5714285714285714,primary Luke/D12RG normalized readout candidate,0.0014569847964492515,0.003545368257188815,0.8491262974704661,0.002303279264850737,0.5722442288703588,0.005193461878326687,0.005451524704686143,0.006407637204931308,24.0,0.0,0.8575270538515719,False,no_directional_mu_sector_advantage
standalone Cn(k) directed rings,"C12(1,2)",primary,12,48,bidirectional 1-jump and 2-jump; 48 directed arrows,FES_phase_transition,time_shifted,2,48,4.0,192,0.09999999999999999,19.2,,,,primary Luke/D12RG normalized readout candidate,0.00130823559938209,0.003425120762745435,0.876029667991548,0.0026721876063100338,0.5700056310680989,0.006134254702948418,0.0047035697361509695,0.006220071312705491,25.0,0.0,,False,control_condition
standalone Cn(k) directed rings,"C12(1,2)",primary,12,48,bidirectional 1-jump and 2-jump; 48 directed arrows,FES_phase_transition,random_event,2,48,4.0,192,0.09999999999999999,19.2,,,,primary Luke/D12RG normalized readout candidate,0.002520790307663471,0.0029731755388631076,0.8809911724157024,0.0040750057112711865,0.5598641492315002,0.004427660039376804,0.006281821630386407,0.005577428552126179,190.0,0.0,,False,control_condition
standalone Cn(k) directed rings,"C12(1,2)",primary,12,48,bidirectional 1-jump and 2-jump; 48 directed arrows,FES_phase_transition,endogenous,3,72,6.0,192,0.09999999999999999,19.2,0.0010286859671310446,1.1256629559845514e-05,0.4782608695652174,primary Luke/D12RG normalized readout candidate,0.0028012842037834964,0.0025208083070374673,0.8475516813197359,0.0037834543523949903,0.527982071639868,0.004667149858664276,0.005355713767499758,0.0047085324947082315,24.0,0.0,0.8575270538515719,True,directional_mu_sector_signal_not_fdr_confirmed
standalone Cn(k) directed rings,"C12(1,2)",primary,12,48,bidirectional 1-jump and 2-jump; 48 directed arrows,FES_phase_transition,time_shifted,3,72,6.0,192,0.09999999999999999,19.2,,,,primary Luke/D12RG normalized readout candidate,0.0017725982366524518,0.002749427556101494,0.9243588068481475,0.0029493325640774747,0.5272176090471369,0.006531190942500336,0.0036061725488306627,0.005118084565169303,25.0,0.0,,False,control_condition
standalone Cn(k) directed rings,"C12(1,2)",primary,12,48,bidirectional 1-jump and 2-jump; 48 directed arrows,FES_phase_transition,random_event,3,72,6.0,192,0.09999999999999999,19.2,,,,primary Luke/D12RG normalized readout candidate,0.002790027574223651,0.0021913898608802774,0.7705408743261172,0.008704677788760055,0.532626329754181,0.0041534955418754205,0.006238877169099749,0.004294662963747626,190.0,0.0,,False,control_condition
standalone Cn(k) directed rings,"C12(1,2)",primary,12,48,bidirectional 1-jump and 2-jump; 48 directed arrows,FES_phase_transition,endogenous,4,432,36.0,192,0.09999999999999999,19.2,-0.0003091347850367034,0.0005999640588170421,0.42857142857142855,primary Luke/D12RG normalized readout candidate,-0.00025139180116486807,0.0028091606412349703,0.8745268038285985,0.009089474545676239,0.47769651569059934,0.003990235070407194,-0.0014836790641622546,0.0053637808184200005,24.0,0.0,0.8575270538515719,False,no_directional_mu_sector_advantage
standalone Cn(k) directed rings,"C12(1,2)",primary,12,48,bidirectional 1-jump and 2-jump; 48 directed arrows,FES_phase_transition,time_shifted,4,432,36.0,192,0.09999999999999999,19.2,,,,primary Luke/D12RG normalized readout candidate,5.774298387183534e-05,0.002995102681219356,0.9268865182516745,0.006726971191630223,0.48142312038321294,0.006182271788226559,-0.0007848623891355931,0.005707184867099113,25.0,0.0,,False,control_condition
standalone Cn(k) directed rings,"C12(1,2)",primary,12,48,bidirectional 1-jump and 2-jump; 48 directed arrows,FES_phase_transition,random_event,4,432,36.0,192,0.09999999999999999,19.2,,,,primary Luke/D12RG normalized readout candidate,-0.0008513558599819102,0.001724386098754425,0.795799715389715,0.009754968263176336,0.4800233332556755,0.00404764038733498,-0.0027132156260106987,0.0034391393062327643,190.0,0.0,,False,control_condition
standalone Cn(k) directed rings,"C12(1,2)",primary,12,48,bidirectional 1-jump and 2-jump; 48 directed arrows,FES_phase_transition,endogenous,5,1200,100.0,192,0.09999999999999999,19.2,0.0016530933540344008,0.001074333594941317,0.2795031055900621,primary Luke/D12RG normalized readout candidate,0.0006950509865917732,0.00265785255420947,0.8354258842487304,0.007416786469987745,0.5130422955145829,0.003187846543815432,0.0014372668503151967,0.005094808240846988,24.0,0.0,0.8575270538515719,True,directional_mu_sector_signal_not_fdr_confirmed
standalone Cn(k) directed rings,"C12(1,2)",primary,12,48,bidirectional 1-jump and 2-jump; 48 directed arrows,FES_phase_transition,time_shifted,5,1200,100.0,192,0.09999999999999999,19.2,,,,primary Luke/D12RG normalized readout candidate,-0.0009580423674426274,0.0029627886212502488,0.8616905347011279,0.008533737197957905,0.5061288597522932,0.005314038257634051,-0.0021716478433695266,0.005595418546250372,25.0,0.0,,False,control_condition
standalone Cn(k) directed rings,"C12(1,2)",primary,12,48,bidirectional 1-jump and 2-jump; 48 directed arrows,FES_phase_transition,random_event,5,1200,100.0,192,0.09999999999999999,19.2,,,,primary Luke/D12RG normalized readout candidate,-0.0003792826083495438,0.0015402772127035924,0.8753478458982814,0.006028372257647519,0.5003936957907479,0.0035575614100404615,-0.00030364272301397244,0.0030712999362301585,190.0,0.0,,False,control_condition
standalone Cn(k) directed rings,"C12(1,2)",primary,12,48,bidirectional 1-jump and 2-jump; 48 directed arrows,FES_phase_transition,endogenous,6,5184,432.0,192,0.09999999999999999,19.2,0.0002513568272967087,-0.0003100231130932412,0.5279503105590062,primary Luke/D12RG normalized readout candidate,0.00047428652178702475,0.002581174072222273,0.8303653925588261,0.008036317244818592,0.4952381745658753,0.003225771881500589,0.0008121347320189647,0.0051275999296916215,24.0,0.0,0.8575270538515719,False,no_directional_mu_sector_advantage
standalone Cn(k) directed rings,"C12(1,2)",primary,12,48,bidirectional 1-jump and 2-jump; 48 directed arrows,FES_phase_transition,time_shifted,6,5184,432.0,192,0.09999999999999999,19.2,,,,primary Luke/D12RG normalized readout candidate,0.00022292969449031605,0.0027677019233809928,0.9022606905697866,0.006831689897127053,0.4989604950867876,0.004605427892114883,0.0006118390025549201,0.0053263374398201035,25.0,0.0,,False,control_condition
standalone Cn(k) directed rings,"C12(1,2)",primary,12,48,bidirectional 1-jump and 2-jump; 48 directed arrows,FES_phase_transition,random_event,6,5184,432.0,192,0.09999999999999999,19.2,,,,primary Luke/D12RG normalized readout candidate,0.0007843096348802659,0.0016708449010900371,0.893205546752035,0.010163538656471677,0.503924450154234,0.003139761445163597,0.0013078810135649106,0.0033020051426848455,190.0,0.0,,False,control_condition
standalone Cn(k) directed rings,"C12(1,2)",primary,12,48,bidirectional 1-jump and 2-jump; 48 directed arrows,FES_phase_transition,endogenous,8,72768,6064.0,192,0.09999999999999999,19.2,0.0013656935176324819,-0.0006818777086156564,0.4658385093167702,primary Luke/D12RG normalized readout candidate,-0.00044590301004613297,0.002661235700608494,0.7292150848105754,0.017908763469067567,0.49285650715341145,0.004356226138545947,-0.00028092274950103894,0.005371828358169093,24.0,0.0,0.8575270538515719,False,no_directional_mu_sector_advantage
standalone Cn(k) directed rings,"C12(1,2)",primary,12,48,bidirectional 1-jump and 2-jump; 48 directed arrows,FES_phase_transition,time_shifted,8,72768,6064.0,192,0.09999999999999999,19.2,,,,primary Luke/D12RG normalized readout candidate,-0.0018115965276786147,0.0027177677179467535,0.7589095781181046,0.025758268568179844,0.4936452248461406,0.004963961626619134,-0.0028444698738828073,0.005287289162111128,25.0,0.0,,False,control_condition
standalone Cn(k) directed rings,"C12(1,2)",primary,12,48,bidirectional 1-jump and 2-jump; 48 directed arrows,FES_phase_transition,random_event,8,72768,6064.0,192,0.09999999999999999,19.2,,,,primary Luke/D12RG normalized readout candidate,0.00023597469856952348,0.0014806913933285365,0.7191861934372085,0.016196984172651918,0.5033876809692399,0.002228895972739021,0.0008749206709262134,0.002891092438787333,190.0,0.0,,False,control_condition
standalone Cn(k) directed rings,"C12(1,2)",primary,12,48,bidirectional 1-jump and 2-jump; 48 directed arrows,FES_phase_transition,endogenous,9,277056,23088.0,192,0.09999999999999999,19.2,-0.0009104652923659169,0.0015988681677391425,0.38509316770186336,primary Luke/D12RG normalized readout candidate,0.0013603433537185442,0.00260700610549612,0.7028277005350652,0.024010222797455086,0.5076737415445672,0.004399770501208935,0.0017709119758424,0.005061293635421573,24.0,0.0,0.8575270538515719,False,no_directional_mu_sector_advantage
standalone Cn(k) directed rings,"C12(1,2)",primary,12,48,bidirectional 1-jump and 2-jump; 48 directed arrows,FES_phase_transition,time_shifted,9,277056,23088.0,192,0.09999999999999999,19.2,,,,primary Luke/D12RG normalized readout candidate,0.002270808646084461,0.0030150627463186286,0.5760789040570453,0.030305097068937515,0.5088296940333216,0.0044287442316693956,0.003285826976158298,0.005902545700757857,25.0,0.0,,False,control_condition
standalone Cn(k) directed rings,"C12(1,2)",primary,12,48,bidirectional 1-jump and 2-jump; 48 directed arrows,FES_phase_transition,random_event,9,277056,23088.0,192,0.09999999999999999,19.2,,,,primary Luke/D12RG normalized readout candidate,-0.00023852481402059835,0.001315022863757132,0.7268690383610422,0.02146711358656664,0.49879605623746703,0.001991688763490677,-0.0005682662200759322,0.0026395805344859424,190.0,0.0,,False,control_condition
standalone Cn(k) directed rings,"C12(1,2)",primary,12,48,bidirectional 1-jump and 2-jump; 48 directed arrows,FES_phase_transition,endogenous,10,1099008,91584.0,192,0.09999999999999999,19.2,0.00013520431991155725,0.0008455971645348749,0.36645962732919257,primary Luke/D12RG normalized readout candidate,0.00042168516009033605,0.0026612681039218265,0.7308269498069351,0.019347367691549676,0.502702401955092,0.00467542177947571,0.0006999282137200298,0.005169748068031614,24.0,0.0,0.8575270538515719,True,directional_mu_sector_signal_not_fdr_confirmed
standalone Cn(k) directed rings,"C12(1,2)",primary,12,48,bidirectional 1-jump and 2-jump; 48 directed arrows,FES_phase_transition,time_shifted,10,1099008,91584.0,192,0.09999999999999999,19.2,,,,primary Luke/D12RG normalized readout candidate,0.0002864808401787788,0.002817291661327378,0.6662980817911682,0.02614361608151886,0.49828427862947516,0.004539765019051152,0.0003233670956773136,0.005426680363965218,25.0,0.0,,False,control_condition
standalone Cn(k) directed rings,"C12(1,2)",primary,12,48,bidirectional 1-jump and 2-jump; 48 directed arrows,FES_phase_transition,random_event,10,1099008,91584.0,192,0.09999999999999999,19.2,,,,primary Luke/D12RG normalized readout candidate,-0.00042391200444453884,0.0014343532564351012,0.8147904793284912,0.019689460633550548,0.4984616802149241,0.001934013392113048,-0.000834283937318042,0.002834782356038638,190.0,0.0,,False,control_condition
standalone Cn(k) directed rings,"C12(1,2)",primary,12,48,bidirectional 1-jump and 2-jump; 48 directed arrows,FES_phase_transition,endogenous,12,17139456,1428288.0,192,0.09999999999999999,19.2,-0.006126423078446437,-0.0055018862288733076,0.9937888198757764,primary Luke/D12RG normalized readout candidate,-0.005168801449196287,0.002756051998450332,0.47716414853128075,0.02830576727144055,0.5005979207728501,0.003949911350482491,-0.007989197398852529,0.005350804801733282,24.0,0.0,1.0,False,no_directional_mu_sector_advantage
standalone Cn(k) directed rings,"C12(1,2)",primary,12,48,bidirectional 1-jump and 2-jump; 48 directed arrows,FES_phase_transition,time_shifted,12,17139456,1428288.0,192,0.09999999999999999,19.2,,,,primary Luke/D12RG normalized readout candidate,0.0009576216292501497,0.0029534335104666972,0.6504031172470881,0.023896729276430873,0.5036588081924975,0.005123438232827212,0.0028296252325905767,0.005775932661005869,25.0,0.0,,False,control_condition
standalone Cn(k) directed rings,"C12(1,2)",primary,12,48,bidirectional 1-jump and 2-jump; 48 directed arrows,FES_phase_transition,random_event,12,17139456,1428288.0,192,0.09999999999999999,19.2,,,,primary Luke/D12RG normalized readout candidate,0.0003330847796770212,0.0013599347095368667,0.3597593660812718,0.03658336258305362,0.501246997892342,0.001733425680249851,0.0008285113665000194,0.0026653864898637854,190.0,0.0,,False,control_condition
standalone Cn(k) directed rings,"C12(1,2)",primary,12,48,bidirectional 1-jump and 2-jump; 48 directed arrows,FES_phase_transition,endogenous,16,4314498048,359541504.0,192,0.09999999999999999,19.2,-0.0021205970207036637,-0.0018164868257901257,0.8819875776397516,primary Luke/D12RG normalized readout candidate,-0.00206492273530209,0.0025906899004596693,0.7221565203448573,0.0377418877651951,0.4720542976011147,0.006533494258088634,-0.004558944838069921,0.004999562612250365,24.0,0.0,0.9513573871170354,False,no_directional_mu_sector_advantage
standalone Cn(k) directed rings,"C12(1,2)",primary,12,48,bidirectional 1-jump and 2-jump; 48 directed arrows,FES_phase_transition,time_shifted,16,4314498048,359541504.0,192,0.09999999999999999,19.2,,,,primary Luke/D12RG normalized readout candidate,5.567428540157384e-05,0.0027894089127129458,0.43262302288572496,0.05324388406437941,0.48766941271735914,0.006596615859409145,8.343398986488953e-05,0.005389163316995962,25.0,0.0,,False,control_condition
standalone Cn(k) directed rings,"C12(1,2)",primary,12,48,bidirectional 1-jump and 2-jump; 48 directed arrows,FES_phase_transition,random_event,16,4314498048,359541504.0,192,0.09999999999999999,19.2,,,,primary Luke/D12RG normalized readout candidate,-0.00024843590951196414,0.0011447916036490106,0.7410246875078486,0.03495099166050463,0.4936115007745684,0.001407172742091507,-0.0007753697862548496,0.0022770269074211735,190.0,0.0,,False,control_condition
standalone Cn(k) directed rings,"C12(1,2)",primary,12,48,bidirectional 1-jump and 2-jump; 48 directed arrows,FES_phase_transition,endogenous,20,1100589330432,91715777536.0,192,0.09999999999999999,19.2,0.0003787258565241603,0.0007166388436459928,0.32298136645962733,primary Luke/D12RG normalized readout candidate,0.0007017024858491214,0.002471096542666448,0.7320419367513032,0.04335612611205673,0.5069841610465277,0.005433932151644941,0.0011137806613123306,0.004619026594685946,24.0,0.0,0.8575270538515719,True,directional_mu_sector_signal_not_fdr_confirmed
standalone Cn(k) directed rings,"C12(1,2)",primary,12,48,bidirectional 1-jump and 2-jump; 48 directed arrows,FES_phase_transition,time_shifted,20,1100589330432,91715777536.0,192,0.09999999999999999,19.2,,,,primary Luke/D12RG normalized readout candidate,0.00032297662932496106,0.00274388929059954,0.7564016567991734,0.03360485466608851,0.5038137265975131,0.005807492803956048,0.00018412932749341422,0.005351704355772823,25.0,0.0,,False,control_condition
standalone Cn(k) directed rings,"C12(1,2)",primary,12,48,bidirectional 1-jump and 2-jump; 48 directed arrows,FES_phase_transition,random_event,20,1100589330432,91715777536.0,192,0.09999999999999999,19.2,,,,primary Luke/D12RG normalized readout candidate,-1.4936357796871467e-05,0.0011544224809280712,0.7668680634882092,0.023408419969319944,0.5015846083157127,0.0009849064035416459,-6.334348184207014e-06,0.0022016425176542673,190.0,0.0,,False,control_condition
standalone Cn(k) directed rings,"C12(1,2)",primary,12,48,bidirectional 1-jump and 2-jump; 48 directed arrows,FES_phase_transition,endogenous,24,281534851989504,23461237665792.0,192,0.09999999999999999,19.2,0.0020715102546213756,0.0010401381056065547,0.19875776397515527,primary Luke/D12RG normalized readout candidate,0.0005508657308205534,0.002216791077121158,0.668582650439839,0.034076760928025196,0.49899881546853003,0.0065378153492599905,0.0016076166606506937,0.004326195167276085,24.0,0.0,0.8575270538515719,True,directional_mu_sector_signal_not_fdr_confirmed
standalone Cn(k) directed rings,"C12(1,2)",primary,12,48,bidirectional 1-jump and 2-jump; 48 directed arrows,FES_phase_transition,time_shifted,24,281534851989504,23461237665792.0,192,0.09999999999999999,19.2,,,,primary Luke/D12RG normalized readout candidate,-0.0015206445238008224,0.0023386584195812855,0.5480175963636854,0.041780633429969356,0.4983960329224697,0.005820433613653253,-0.002680028029251736,0.004484211529184245,25.0,0.0,,False,control_condition
standalone Cn(k) directed rings,"C12(1,2)",primary,12,48,bidirectional 1-jump and 2-jump; 48 directed arrows,FES_phase_transition,random_event,24,281534851989504,23461237665792.0,192,0.09999999999999999,19.2,,,,primary Luke/D12RG normalized readout candidate,-0.0004892723747860013,0.0013806480621287368,0.6995440689441315,0.05007630137029867,0.4993992732649293,0.0017506014817452056,-0.0007736564220329584,0.002743570728283848,190.0,0.0,,False,control_condition
standalone Cn(k) directed rings,"C12(1,2)",primary,12,48,bidirectional 1-jump and 2-jump; 48 directed arrows,h_zero_crossing,endogenous,2,48,4.0,1309,0.06571604327262921,86.02230064387163,0.0014707593965549654,0.0012493232391028305,0.2795031055900621,primary Luke/D12RG normalized readout candidate,-0.00287483474404832,0.0026555676501930233,0.8677377074537823,0.0005586456127727382,0.38499666120814047,0.00035746029740506096,-0.0038786739909446475,0.0034844905736762517,234.0,0.0,0.8575270538515719,True,directional_mu_sector_signal_not_fdr_confirmed
standalone Cn(k) directed rings,"C12(1,2)",primary,12,48,bidirectional 1-jump and 2-jump; 48 directed arrows,h_zero_crossing,time_shifted,2,48,4.0,1309,0.06571604327262921,86.02230064387163,,,,primary Luke/D12RG normalized readout candidate,-0.0043455941406032855,0.0022751924492686033,0.7301643733396919,0.000561422544674186,0.38461968376774436,0.0003553298178457212,-0.005937237348687256,0.00314800373836587,234.0,0.0,,False,control_condition
standalone Cn(k) directed rings,"C12(1,2)",primary,12,48,bidirectional 1-jump and 2-jump; 48 directed arrows,h_zero_crossing,random_event,2,48,4.0,1309,0.06571604327262921,86.02230064387163,,,,primary Luke/D12RG normalized readout candidate,-0.004124157983151151,0.0021242354829584527,0.820922905243011,0.0006393025715570328,0.380933285746438,0.0003912397154977131,-0.005640536562622053,0.002909519886939722,238.0,0.0,,False,control_condition
standalone Cn(k) directed rings,"C12(1,2)",primary,12,48,bidirectional 1-jump and 2-jump; 48 directed arrows,h_zero_crossing,endogenous,3,72,6.0,1309,0.06571604327262921,86.02230064387163,-0.003388580673904134,-0.005217700633325018,0.937888198757764,primary Luke/D12RG normalized readout candidate,-0.006144873073392474,0.0023423218452236555,0.717275311133269,0.0009314023346090883,0.48973514114799893,0.0006100389365694967,-0.0075391340678537646,0.003063114226123202,234.0,0.0,0.9996346364632809,False,no_directional_mu_sector_advantage
standalone Cn(k) directed rings,"C12(1,2)",primary,12,48,bidirectional 1-jump and 2-jump; 48 directed arrows,h_zero_crossing,time_shifted,3,72,6.0,1309,0.06571604327262921,86.02230064387163,,,,primary Luke/D12RG normalized readout candidate,-0.00275629239948834,0.002490305912480475,0.5651520058589126,0.0011117842592916827,0.48800861044531185,0.00048761149088325857,-0.003144634096604876,0.003434462785220914,234.0,0.0,,False,control_condition
standalone Cn(k) directed rings,"C12(1,2)",primary,12,48,bidirectional 1-jump and 2-jump; 48 directed arrows,h_zero_crossing,random_event,3,72,6.0,1309,0.06571604327262921,86.02230064387163,,,,primary Luke/D12RG normalized readout candidate,-0.0009271724400674558,0.00247177649153536,0.736827221721908,0.0007643826003484324,0.4889558921685522,0.0005923066633290702,-0.0011433092962631949,0.0033821624905692373,238.0,0.0,,False,control_condition
standalone Cn(k) directed rings,"C12(1,2)",primary,12,48,bidirectional 1-jump and 2-jump; 48 directed arrows,h_zero_crossing,endogenous,4,432,36.0,1309,0.06571604327262921,86.02230064387163,0.0005263802179893553,-0.00012838537986359475,0.4782608695652174,primary Luke/D12RG normalized readout candidate,0.001196913088596942,0.002057766901340409,0.7428871716673451,0.0006587579853771393,0.5190192896705728,0.0006977617416716955,0.0017682286833828093,0.0026862705805870287,234.0,0.0,0.8575270538515719,False,no_directional_mu_sector_advantage
standalone Cn(k) directed rings,"C12(1,2)",primary,12,48,bidirectional 1-jump and 2-jump; 48 directed arrows,h_zero_crossing,time_shifted,4,432,36.0,1309,0.06571604327262921,86.02230064387163,,,,primary Luke/D12RG normalized readout candidate,0.0006705328706075867,0.0018686866417145208,0.5895530193173742,0.0008522736936933898,0.5204833945040521,0.0005681564200467291,0.0008997030840922854,0.002574166241679927,234.0,0.0,,False,control_condition
standalone Cn(k) directed rings,"C12(1,2)",primary,12,48,bidirectional 1-jump and 2-jump; 48 directed arrows,h_zero_crossing,random_event,4,432,36.0,1309,0.06571604327262921,86.02230064387163,,,,primary Luke/D12RG normalized readout candidate,0.0013252984684605368,0.0021580497523518323,0.6458565044652411,0.0008874729899228729,0.5289920586887525,0.0005268674265236857,0.0018222579168286803,0.0029549431372374686,238.0,0.0,,False,control_condition
standalone Cn(k) directed rings,"C12(1,2)",primary,12,48,bidirectional 1-jump and 2-jump; 48 directed arrows,h_zero_crossing,endogenous,5,1200,100.0,1309,0.06571604327262921,86.02230064387163,8.062627802492544e-05,0.0005508069529347623,0.4409937888198758,primary Luke/D12RG normalized readout candidate,0.0005913238906056176,0.0020644211313604033,0.6971413110450289,0.0011330828685764596,0.5080109651396044,0.000922928993416063,0.0010968271033957701,0.0026988265160274214,234.0,0.0,0.8575270538515719,True,directional_mu_sector_signal_not_fdr_confirmed
standalone Cn(k) directed rings,"C12(1,2)",primary,12,48,bidirectional 1-jump and 2-jump; 48 directed arrows,h_zero_crossing,time_shifted,5,1200,100.0,1309,0.06571604327262921,86.02230064387163,,,,primary Luke/D12RG normalized readout candidate,0.0005106976125806922,0.001704372690465473,0.6483322783426471,0.0007883675261310793,0.5081854990337498,0.0007363360124950465,0.0009014973612980909,0.002344579816417361,234.0,0.0,,False,control_condition
standalone Cn(k) directed rings,"C12(1,2)",primary,12,48,bidirectional 1-jump and 2-jump; 48 directed arrows,h_zero_crossing,random_event,5,1200,100.0,1309,0.06571604327262921,86.02230064387163,,,,primary Luke/D12RG normalized readout candidate,4.051693767085532e-05,0.001967873761416894,0.630479822100573,0.0009650276548623595,0.5039190836111992,0.0007601511342081323,9.301904526953187e-05,0.002697394544952753,238.0,0.0,,False,control_condition
standalone Cn(k) directed rings,"C12(1,2)",primary,12,48,bidirectional 1-jump and 2-jump; 48 directed arrows,h_zero_crossing,endogenous,6,5184,432.0,1309,0.06571604327262921,86.02230064387163,-0.0013872310321407576,-0.0011979031342045554,0.8012422360248447,primary Luke/D12RG normalized readout candidate,-0.00036274664733434623,0.001876134948407029,0.7234822613489411,0.001986737507332735,0.5006440578848093,0.0005744955448547815,-0.0003362789001566147,0.0024609146887982604,234.0,0.0,0.9228039041703637,False,no_directional_mu_sector_advantage
standalone Cn(k) directed rings,"C12(1,2)",primary,12,48,bidirectional 1-jump and 2-jump; 48 directed arrows,h_zero_crossing,time_shifted,6,5184,432.0,1309,0.06571604327262921,86.02230064387163,,,,primary Luke/D12RG normalized readout candidate,0.0010244843848064113,0.0016983733864208794,0.6809971618662338,0.0016417141776238237,0.4995944175335053,0.0005106433381015846,0.0015683297773065436,0.0023491916205276146,234.0,0.0,,False,control_condition
standalone Cn(k) directed rings,"C12(1,2)",primary,12,48,bidirectional 1-jump and 2-jump; 48 directed arrows,h_zero_crossing,random_event,6,5184,432.0,1309,0.06571604327262921,86.02230064387163,,,,primary Luke/D12RG normalized readout candidate,0.0008351564868702092,0.0016225992877752023,0.6724647340819935,0.0006911448145104621,0.5039090468653671,0.0005914061237852885,0.0012491235266296721,0.0022239726277181746,238.0,0.0,,False,control_condition
standalone Cn(k) directed rings,"C12(1,2)",primary,12,48,bidirectional 1-jump and 2-jump; 48 directed arrows,h_zero_crossing,endogenous,8,72768,6064.0,1309,0.06571604327262921,86.02230064387163,-0.0011011227709529676,0.0006754182664324559,0.5900621118012422,primary Luke/D12RG normalized readout candidate,-0.0004231773512796977,0.001690722828288905,0.6785334304465968,0.003661544761992252,0.5047490050449861,0.0012256750668812003,-0.000788641892297531,0.002206858277895824,234.0,0.0,0.8626288741053694,False,no_directional_mu_sector_advantage
standalone Cn(k) directed rings,"C12(1,2)",primary,12,48,bidirectional 1-jump and 2-jump; 48 directed arrows,h_zero_crossing,time_shifted,8,72768,6064.0,1309,0.06571604327262921,86.02230064387163,,,,primary Luke/D12RG normalized readout candidate,0.00067794541967327,0.0014526580523015478,0.6856009005899002,0.001595913190304699,0.5060951362016084,0.0008998838038293828,0.0007191900754830486,0.002013506464927533,234.0,0.0,,False,control_condition
standalone Cn(k) directed rings,"C12(1,2)",primary,12,48,bidirectional 1-jump and 2-jump; 48 directed arrows,h_zero_crossing,random_event,8,72768,6064.0,1309,0.06571604327262921,86.02230064387163,,,,primary Luke/D12RG normalized readout candidate,-0.0010985956177121535,0.0017051592294888103,0.6570083348231229,0.0008036250200014653,0.49309088248035593,0.0008323541888783047,-0.001408501492200062,0.0023344656570937574,238.0,0.0,,False,control_condition
standalone Cn(k) directed rings,"C12(1,2)",primary,12,48,bidirectional 1-jump and 2-jump; 48 directed arrows,h_zero_crossing,endogenous,9,277056,23088.0,1309,0.06571604327262921,86.02230064387163,-0.000850045113389505,-0.0009033824392328357,0.6770186335403726,primary Luke/D12RG normalized readout candidate,-0.0015638150849504834,0.0017311300666281286,0.672614238698284,0.001834531949878051,0.5069127780935232,0.0010770455685218602,-0.0021488730338522846,0.002264747270956464,234.0,0.0,0.8863521907000167,False,no_directional_mu_sector_advantage
standalone Cn(k) directed rings,"C12(1,2)",primary,12,48,bidirectional 1-jump and 2-jump; 48 directed arrows,h_zero_crossing,time_shifted,9,277056,23088.0,1309,0.06571604327262921,86.02230064387163,,,,primary Luke/D12RG normalized readout candidate,-0.0007137699715609783,0.001820907701038506,0.7190503233902888,0.0023140431193554834,0.5091697249845601,0.0009080284447447931,-0.0010402005186486533,0.0025185563848088306,234.0,0.0,,False,control_condition
standalone Cn(k) directed rings,"C12(1,2)",primary,12,48,bidirectional 1-jump and 2-jump; 48 directed arrows,h_zero_crossing,random_event,9,277056,23088.0,1309,0.06571604327262921,86.02230064387163,,,,primary Luke/D12RG normalized readout candidate,-0.0006604326457176476,0.001553951856471956,0.7281325317313798,0.0017551069481217233,0.5008271307543928,0.0008099564329394097,-0.0009755247450774007,0.002130207099100183,238.0,0.0,,False,control_condition
standalone Cn(k) directed rings,"C12(1,2)",primary,12,48,bidirectional 1-jump and 2-jump; 48 directed arrows,h_zero_crossing,endogenous,10,1099008,91584.0,1309,0.06571604327262921,86.02230064387163,-0.0010295413353377748,-0.002929634321501745,0.8322981366459627,primary Luke/D12RG normalized readout candidate,-0.0005052151986452765,0.0016582349165225945,0.677738610078431,0.003958076912470061,0.5022851296299993,0.0009934002259008273,-0.0006715490858261482,0.0021709327592432082,234.0,0.0,0.9363354037267081,False,no_directional_mu_sector_advantage
standalone Cn(k) directed rings,"C12(1,2)",primary,12,48,bidirectional 1-jump and 2-jump; 48 directed arrows,h_zero_crossing,time_shifted,10,1099008,91584.0,1309,0.06571604327262921,86.02230064387163,,,,primary Luke/D12RG normalized readout candidate,0.0005243261366924983,0.0016727660622934215,0.6292549183630254,0.0030529377967378163,0.5027093872750102,0.001088151741220992,0.0005668637860838211,0.00229695302841522,234.0,0.0,,False,control_condition
standalone Cn(k) directed rings,"C12(1,2)",primary,12,48,bidirectional 1-jump and 2-jump; 48 directed arrows,h_zero_crossing,random_event,10,1099008,91584.0,1309,0.06571604327262921,86.02230064387163,,,,primary Luke/D12RG normalized readout candidate,0.0024244191228564686,0.001797276746748375,0.6306872279544272,0.0024147327558424296,0.5143334272602634,0.0008504296029034483,0.0032343375556230874,0.002463478165733244,238.0,0.0,,False,control_condition
standalone Cn(k) directed rings,"C12(1,2)",primary,12,48,bidirectional 1-jump and 2-jump; 48 directed arrows,h_zero_crossing,endogenous,12,17139456,1428288.0,1309,0.06571604327262921,86.02230064387163,0.0014319557822478433,0.005601335812782922,0.09937888198757763,primary Luke/D12RG normalized readout candidate,0.010367375923256672,0.0015012500306791905,0.09731379938459808,0.004081545591602384,0.604198722958906,0.0008160019607759402,0.01352218433115231,0.0019613260668201815,234.0,0.0,0.8575270538515719,True,directional_mu_sector_signal_not_fdr_confirmed
standalone Cn(k) directed rings,"C12(1,2)",primary,12,48,bidirectional 1-jump and 2-jump; 48 directed arrows,h_zero_crossing,time_shifted,12,17139456,1428288.0,1309,0.06571604327262921,86.02230064387163,,,,primary Luke/D12RG normalized readout candidate,0.008935420141008829,0.0015522923724175933,0.05244441516532735,0.0028738745007146588,0.6105926932355725,0.0007581787739691267,0.011817677852933835,0.002124350116997477,234.0,0.0,,False,control_condition
standalone Cn(k) directed rings,"C12(1,2)",primary,12,48,bidirectional 1-jump and 2-jump; 48 directed arrows,h_zero_crossing,random_event,12,17139456,1428288.0,1309,0.06571604327262921,86.02230064387163,,,,primary Luke/D12RG normalized readout candidate,0.00476604011047375,0.001651437060925883,0.0,0.0,0.580069601320726,0.0006433917377478061,0.0060907464149286715,0.0022747592726961923,238.0,0.0,,False,control_condition
standalone Cn(k) directed rings,"C12(1,2)",primary,12,48,bidirectional 1-jump and 2-jump; 48 directed arrows,h_zero_crossing,endogenous,16,4314498048,359541504.0,1309,0.06571604327262921,86.02230064387163,-0.0015858851725449833,0.0015425135229034214,0.515527950310559,primary Luke/D12RG normalized readout candidate,-0.0010281133648768158,0.0014545461421390364,0.5973387210071955,0.00622878588933526,0.5093615106541698,0.0008885480638173029,-0.0015649225018814887,0.001897769089816837,234.0,0.0,0.8575270538515719,False,no_directional_mu_sector_advantage
standalone Cn(k) directed rings,"C12(1,2)",primary,12,48,bidirectional 1-jump and 2-jump; 48 directed arrows,h_zero_crossing,time_shifted,16,4314498048,359541504.0,1309,0.06571604327262921,86.02230064387163,,,,primary Luke/D12RG normalized readout candidate,0.0005577718076681675,0.0013711726142305776,0.5342574186428355,0.0034163591898673847,0.5118331810915924,0.0009123095110013537,0.00039823209405739186,0.0018944313310496758,234.0,0.0,,False,control_condition
standalone Cn(k) directed rings,"C12(1,2)",primary,12,48,bidirectional 1-jump and 2-jump; 48 directed arrows,h_zero_crossing,random_event,16,4314498048,359541504.0,1309,0.06571604327262921,86.02230064387163,,,,primary Luke/D12RG normalized readout candidate,-0.0025706268877802372,0.0015673882296500785,0.5030004099713785,0.004859206673110206,0.50403572655822,0.0005879382643157614,-0.00326419395850603,0.002148299261042876,238.0,0.0,,False,control_condition
standalone Cn(k) directed rings,"C12(1,2)",primary,12,48,bidirectional 1-jump and 2-jump; 48 directed arrows,h_zero_crossing,endogenous,20,1100589330432,91715777536.0,1309,0.06571604327262921,86.02230064387163,0.0009858418579607028,0.00035828448268842954,0.33540372670807456,primary Luke/D12RG normalized readout candidate,0.0003106977028811768,0.0016014357223645087,0.6644145523025853,0.007720639707228054,0.5023336428368745,0.0007428267975384134,0.0005276619393222253,0.0020945712457378757,234.0,0.0,0.8575270538515719,True,directional_mu_sector_signal_not_fdr_confirmed
standalone Cn(k) directed rings,"C12(1,2)",primary,12,48,bidirectional 1-jump and 2-jump; 48 directed arrows,h_zero_crossing,time_shifted,20,1100589330432,91715777536.0,1309,0.06571604327262921,86.02230064387163,,,,primary Luke/D12RG normalized readout candidate,-0.0006751441550795261,0.001722317886809815,0.6736963759046205,0.005052692186591935,0.5015460661245038,0.0007136883598172539,-0.0007637287040564298,0.002357504537818259,234.0,0.0,,False,control_condition
standalone Cn(k) directed rings,"C12(1,2)",primary,12,48,bidirectional 1-jump and 2-jump; 48 directed arrows,h_zero_crossing,random_event,20,1100589330432,91715777536.0,1309,0.06571604327262921,86.02230064387163,,,,primary Luke/D12RG normalized readout candidate,-4.758677980725273e-05,0.0016396251956426369,0.6866605931502041,0.004166839862201917,0.5042801265068105,0.0005037461822579139,-8.376280205232302e-06,0.0022449227029642587,238.0,0.0,,False,control_condition
standalone Cn(k) directed rings,"C12(1,2)",primary,12,48,bidirectional 1-jump and 2-jump; 48 directed arrows,h_zero_crossing,endogenous,24,281534851989504,23461237665792.0,1309,0.06571604327262921,86.02230064387163,-0.006169732923506003,-0.0047369388078989825,1.0,primary Luke/D12RG normalized readout candidate,-0.001275095154451599,0.0016271228494813626,0.0,0.0,0.5034319104858049,0.000694641090084721,-0.0018551047779238653,0.002127103961178828,234.0,0.0,1.0,False,no_directional_mu_sector_advantage
standalone Cn(k) directed rings,"C12(1,2)",primary,12,48,bidirectional 1-jump and 2-jump; 48 directed arrows,h_zero_crossing,time_shifted,24,281534851989504,23461237665792.0,1309,0.06571604327262921,86.02230064387163,,,,primary Luke/D12RG normalized readout candidate,0.004894637769054404,0.0016755948425758581,0.0,0.0,0.5079024955820599,0.0004257870244291923,0.006263829958484744,0.00231462334179201,234.0,0.0,,False,control_condition
standalone Cn(k) directed rings,"C12(1,2)",primary,12,48,bidirectional 1-jump and 2-jump; 48 directed arrows,h_zero_crossing,random_event,24,281534851989504,23461237665792.0,1309,0.06571604327262921,86.02230064387163,,,,primary Luke/D12RG normalized readout candidate,0.0034618436534473835,0.0014923428905040243,0.039415982191520205,0.004040327209953431,0.5035600625581695,0.0005570180427464062,0.004431890270559277,0.0020562602383900367,238.0,0.0,,False,control_condition
standalone Cn(k) directed rings,"C12(1,2)",primary,12,48,bidirectional 1-jump and 2-jump; 48 directed arrows,eps72_restoration_onset,endogenous,2,48,4.0,147,0.1174504040771272,17.2652093993377,-0.003914161053080729,0.0028449179654536803,0.5527950310559007,primary Luke/D12RG normalized readout candidate,-0.004785390969751344,0.0018611289969242442,0.8964807080596584,0.0033826259333631457,0.411156106494844,0.0016914981870420087,-0.005899450149824519,0.002408793673284516,25.0,0.0,0.8575270538515719,False,no_directional_mu_sector_advantage
standalone Cn(k) directed rings,"C12(1,2)",primary,12,48,bidirectional 1-jump and 2-jump; 48 directed arrows,eps72_restoration_onset,time_shifted,2,48,4.0,147,0.1174504040771272,17.2652093993377,,,,primary Luke/D12RG normalized readout candidate,-0.0008712299166706145,0.0028413390826514577,0.8149487071339271,0.002533627449228814,0.4221681658266103,0.006702898973743562,-0.002727270706218423,0.004140738181248211,27.0,0.0,,False,control_condition
standalone Cn(k) directed rings,"C12(1,2)",primary,12,48,bidirectional 1-jump and 2-jump; 48 directed arrows,eps72_restoration_onset,random_event,2,48,4.0,147,0.1174504040771272,17.2652093993377,,,,primary Luke/D12RG normalized readout candidate,-0.007630308935205024,0.0032182221857202558,0.8352587369617627,0.0019035748913794736,0.41947860993846975,0.00612835690328016,-0.009542146568341644,0.004719320644575757,147.0,0.0,,False,control_condition
standalone Cn(k) directed rings,"C12(1,2)",primary,12,48,bidirectional 1-jump and 2-jump; 48 directed arrows,eps72_restoration_onset,endogenous,3,72,6.0,147,0.1174504040771272,17.2652093993377,-0.001992730024103274,-0.004891610577022029,0.8198757763975155,primary Luke/D12RG normalized readout candidate,-0.003980607392956606,0.0023801973113362724,0.7918984648489955,0.0096760219953589,0.47697231942381535,0.001985205733115958,-0.005378868523953842,0.0030808124803242344,25.0,0.0,0.9296229275688366,False,no_directional_mu_sector_advantage
standalone Cn(k) directed rings,"C12(1,2)",primary,12,48,bidirectional 1-jump and 2-jump; 48 directed arrows,eps72_restoration_onset,time_shifted,3,72,6.0,147,0.1174504040771272,17.2652093993377,,,,primary Luke/D12RG normalized readout candidate,-0.0019878773688533323,0.0035562322686654123,0.8424418329508168,0.002333845314693573,0.4852252795821833,0.009768714912245503,-0.0019458778451903705,0.0047493182200044485,27.0,0.0,,False,control_condition
standalone Cn(k) directed rings,"C12(1,2)",primary,12,48,bidirectional 1-jump and 2-jump; 48 directed arrows,eps72_restoration_onset,random_event,3,72,6.0,147,0.1174504040771272,17.2652093993377,,,,primary Luke/D12RG normalized readout candidate,0.0009110031840654235,0.0023676395423966345,0.7809371928822036,0.0014836374154257484,0.46899734600694537,0.006078257610553267,0.0014293089919775038,0.0035924879461761336,147.0,0.0,,False,control_condition
standalone Cn(k) directed rings,"C12(1,2)",primary,12,48,bidirectional 1-jump and 2-jump; 48 directed arrows,eps72_restoration_onset,endogenous,4,432,36.0,147,0.1174504040771272,17.2652093993377,0.004553009332620858,0.004972124267024123,0.055900621118012424,primary Luke/D12RG normalized readout candidate,0.0008627558854960547,0.0037532026975679264,0.822240195010479,0.004589658892519633,0.5017961399278671,0.0028010364205394945,0.0011889633595655365,0.0048722061953852345,25.0,0.0,0.8575270538515719,True,directional_mu_sector_signal_not_fdr_confirmed
standalone Cn(k) directed rings,"C12(1,2)",primary,12,48,bidirectional 1-jump and 2-jump; 48 directed arrows,eps72_restoration_onset,time_shifted,4,432,36.0,147,0.1174504040771272,17.2652093993377,,,,primary Luke/D12RG normalized readout candidate,-0.0036902534471248034,0.003360357718336832,0.7291346340162616,0.005965978017651943,0.5018458402624278,0.008313324272896633,-0.0038675963203299636,0.0050958026450029685,27.0,0.0,,False,control_condition
standalone Cn(k) directed rings,"C12(1,2)",primary,12,48,bidirectional 1-jump and 2-jump; 48 directed arrows,eps72_restoration_onset,random_event,4,432,36.0,147,0.1174504040771272,17.2652093993377,,,,primary Luke/D12RG normalized readout candidate,-0.004109368381528068,0.0025430135503925885,0.7555165824730949,0.0017997910088341797,0.498384216318979,0.006813467479726338,-0.004680514498470879,0.0036377817922969846,147.0,0.0,,False,control_condition
standalone Cn(k) directed rings,"C12(1,2)",primary,12,48,bidirectional 1-jump and 2-jump; 48 directed arrows,eps72_restoration_onset,endogenous,5,1200,100.0,147,0.1174504040771272,17.2652093993377,-0.0014890131378045984,2.33169683574049e-05,0.6211180124223602,primary Luke/D12RG normalized readout candidate,0.002040707065255636,0.004030495228345427,0.6678339388162324,0.014803414220496134,0.5229565767922828,0.003663313767664003,0.0030682071163664767,0.0052348299754178896,25.0,0.0,0.8855543939487116,False,no_directional_mu_sector_advantage
standalone Cn(k) directed rings,"C12(1,2)",primary,12,48,bidirectional 1-jump and 2-jump; 48 directed arrows,eps72_restoration_onset,time_shifted,5,1200,100.0,147,0.1174504040771272,17.2652093993377,,,,primary Luke/D12RG normalized readout candidate,0.0035297202030602345,0.0035222399775552407,0.8097824647167691,0.011741331736584636,0.5198381732779442,0.007845830139802163,0.004321195157115848,0.004981684322027465,27.0,0.0,,False,control_condition
standalone Cn(k) directed rings,"C12(1,2)",primary,12,48,bidirectional 1-jump and 2-jump; 48 directed arrows,eps72_restoration_onset,random_event,5,1200,100.0,147,0.1174504040771272,17.2652093993377,,,,primary Luke/D12RG normalized readout candidate,0.002017390096898231,0.002178067632162841,0.7317445309034729,0.003037198848127534,0.5173963462569077,0.006153235148280004,0.0028488660974244663,0.003358807098016053,147.0,0.0,,False,control_condition
standalone Cn(k) directed rings,"C12(1,2)",primary,12,48,bidirectional 1-jump and 2-jump; 48 directed arrows,eps72_restoration_onset,endogenous,6,5184,432.0,147,0.1174504040771272,17.2652093993377,-0.0003562350703396659,-0.0016925639294935566,0.6211180124223602,primary Luke/D12RG normalized readout candidate,-0.0007610847789916762,0.0043268553347432116,0.825631923031333,0.021240471183194044,0.5042038043029642,0.0034416047925193574,-0.0010816773780805745,0.005606161190993068,25.0,0.0,0.8855543939487116,False,no_directional_mu_sector_advantage
standalone Cn(k) directed rings,"C12(1,2)",primary,12,48,bidirectional 1-jump and 2-jump; 48 directed arrows,eps72_restoration_onset,time_shifted,6,5184,432.0,147,0.1174504040771272,17.2652093993377,,,,primary Luke/D12RG normalized readout candidate,-0.00040484970865201027,0.0036218890870134564,0.8313191004790594,0.014844042616260234,0.5034307653860159,0.007487669628091381,-0.0005847235552315702,0.005285716336742458,27.0,0.0,,False,control_condition
standalone Cn(k) directed rings,"C12(1,2)",primary,12,48,bidirectional 1-jump and 2-jump; 48 directed arrows,eps72_restoration_onset,random_event,6,5184,432.0,147,0.1174504040771272,17.2652093993377,,,,primary Luke/D12RG normalized readout candidate,0.0009314791505018804,0.002237674946816335,0.7642897554547579,0.003749823566740622,0.5177548935937948,0.006490548730181206,0.001224270098027985,0.0032932908383608646,147.0,0.0,,False,control_condition
standalone Cn(k) directed rings,"C12(1,2)",primary,12,48,bidirectional 1-jump and 2-jump; 48 directed arrows,eps72_restoration_onset,endogenous,8,72768,6064.0,147,0.1174504040771272,17.2652093993377,-0.0026613669936700985,-0.0028448436841020377,0.8695652173913043,primary Luke/D12RG normalized readout candidate,-8.497279073403128e-05,0.004730605634213244,0.8969581219529189,0.010412509408260762,0.5044697446825007,0.004164235030537095,-5.3000676030331765e-05,0.006141667355460058,25.0,0.0,0.9414841451454724,False,no_directional_mu_sector_advantage
standalone Cn(k) directed rings,"C12(1,2)",primary,12,48,bidirectional 1-jump and 2-jump; 48 directed arrows,eps72_restoration_onset,time_shifted,8,72768,6064.0,147,0.1174504040771272,17.2652093993377,,,,primary Luke/D12RG normalized readout candidate,0.0025763942029360673,0.0033501256141739485,0.6185681810657282,0.020375162418904105,0.5035331974161025,0.00808392237503874,0.0035748554102346683,0.004982898639297264,27.0,0.0,,False,control_condition
standalone Cn(k) directed rings,"C12(1,2)",primary,12,48,bidirectional 1-jump and 2-jump; 48 directed arrows,eps72_restoration_onset,random_event,8,72768,6064.0,147,0.1174504040771272,17.2652093993377,,,,primary Luke/D12RG normalized readout candidate,0.0027598708933680065,0.0019702093416421613,0.7792105755858832,0.0025551072826652805,0.5101789585729621,0.006704307450445493,0.0034809200256900436,0.002853659714206246,147.0,0.0,,False,control_condition
standalone Cn(k) directed rings,"C12(1,2)",primary,12,48,bidirectional 1-jump and 2-jump; 48 directed arrows,eps72_restoration_onset,endogenous,9,277056,23088.0,147,0.1174504040771272,17.2652093993377,0.0026664333033618367,0.0028642540671947273,0.16770186335403728,primary Luke/D12RG normalized readout candidate,0.0007392627735685278,0.004563949896466949,0.6471309178717293,0.02569014387736941,0.49388940956977534,0.004309875099067323,0.0011107432401019624,0.005946285417859496,25.0,0.0,0.8575270538515719,True,directional_mu_sector_signal_not_fdr_confirmed
standalone Cn(k) directed rings,"C12(1,2)",primary,12,48,bidirectional 1-jump and 2-jump; 48 directed arrows,eps72_restoration_onset,time_shifted,9,277056,23088.0,147,0.1174504040771272,17.2652093993377,,,,primary Luke/D12RG normalized readout candidate,-0.0019271705297933088,0.003410202650148433,0.6538383536975568,0.015311756479301742,0.4971091345311188,0.007730170615938897,-0.002637385245929131,0.0051541493539271725,27.0,0.0,,False,control_condition
standalone Cn(k) directed rings,"C12(1,2)",primary,12,48,bidirectional 1-jump and 2-jump; 48 directed arrows,eps72_restoration_onset,random_event,9,277056,23088.0,147,0.1174504040771272,17.2652093993377,,,,primary Luke/D12RG normalized readout candidate,-0.0021249912936261994,0.001825780616598911,0.7317335590769357,0.005436220053010672,0.4858344674672912,0.00666983175420129,-0.0027115477518367646,0.0028555568816817645,147.0,0.0,,False,control_condition
standalone Cn(k) directed rings,"C12(1,2)",primary,12,48,bidirectional 1-jump and 2-jump; 48 directed arrows,eps72_restoration_onset,endogenous,10,1099008,91584.0,147,0.1174504040771272,17.2652093993377,0.0007570003258378121,0.006725557519339322,0.19875776397515527,primary Luke/D12RG normalized readout candidate,0.0012607483308378134,0.004582784345798183,0.7389093016778393,0.047264624469714585,0.49930130621622937,0.0037284979299993253,0.0019275624457138012,0.00594672077078358,25.0,0.0,0.8575270538515719,True,directional_mu_sector_signal_not_fdr_confirmed
standalone Cn(k) directed rings,"C12(1,2)",primary,12,48,bidirectional 1-jump and 2-jump; 48 directed arrows,eps72_restoration_onset,time_shifted,10,1099008,91584.0,147,0.1174504040771272,17.2652093993377,,,,primary Luke/D12RG normalized readout candidate,0.0005037480050000013,0.004266878388915928,0.8036893200140106,0.023007747337869366,0.5040007137954275,0.008546909331219923,0.0009104489741385072,0.00594070511984473,27.0,0.0,,False,control_condition
standalone Cn(k) directed rings,"C12(1,2)",primary,12,48,bidirectional 1-jump and 2-jump; 48 directed arrows,eps72_restoration_onset,random_event,10,1099008,91584.0,147,0.1174504040771272,17.2652093993377,,,,primary Luke/D12RG normalized readout candidate,-0.005464809188501508,0.002070019478704504,0.697299090362322,0.017593796565643992,0.48554326819130544,0.006254513599056263,-0.006659263624914499,0.0031624394436029148,147.0,0.0,,False,control_condition
standalone Cn(k) directed rings,"C12(1,2)",primary,12,48,bidirectional 1-jump and 2-jump; 48 directed arrows,eps72_restoration_onset,endogenous,12,17139456,1428288.0,147,0.1174504040771272,17.2652093993377,-0.02023331788482017,-0.0038298906797674705,0.9875776397515528,primary Luke/D12RG normalized readout candidate,-0.014890677165984485,0.0038460803030692927,0.30909194254443273,0.0786179222969031,0.531986325795583,0.00493677276645777,-0.018556643671111157,0.004975655041469316,25.0,0.0,1.0,False,no_directional_mu_sector_advantage
standalone Cn(k) directed rings,"C12(1,2)",primary,12,48,bidirectional 1-jump and 2-jump; 48 directed arrows,eps72_restoration_onset,time_shifted,12,17139456,1428288.0,147,0.1174504040771272,17.2652093993377,,,,primary Luke/D12RG normalized readout candidate,0.005342640718835686,0.0038713753456667355,0.33335544102233483,0.017944789867756127,0.5643228728964799,0.009127162938364916,0.007316824336153847,0.005548298622744759,27.0,0.0,,False,control_condition
standalone Cn(k) directed rings,"C12(1,2)",primary,12,48,bidirectional 1-jump and 2-jump; 48 directed arrows,eps72_restoration_onset,random_event,12,17139456,1428288.0,147,0.1174504040771272,17.2652093993377,,,,primary Luke/D12RG normalized readout candidate,-0.011060786486217014,0.0020680675066371106,0.2690792887254599,0.02088737871998966,0.5141014877611105,0.008986294389262168,-0.011810444883497672,0.0028335330046072725,147.0,0.0,,False,control_condition
standalone Cn(k) directed rings,"C12(1,2)",primary,12,48,bidirectional 1-jump and 2-jump; 48 directed arrows,eps72_restoration_onset,endogenous,16,4314498048,359541504.0,147,0.1174504040771272,17.2652093993377,-0.006514830834953868,-1.9815615177014865e-05,0.7329192546583851,primary Luke/D12RG normalized readout candidate,-0.00128384262039643,0.0038974213494614007,0.6407898164320522,0.03456423043399979,0.5151046565539124,0.00393601239600847,-0.0011887978594965747,0.005121650823392509,25.0,0.0,0.8908179301055152,False,no_directional_mu_sector_advantage
standalone Cn(k) directed rings,"C12(1,2)",primary,12,48,bidirectional 1-jump and 2-jump; 48 directed arrows,eps72_restoration_onset,time_shifted,16,4314498048,359541504.0,147,0.1174504040771272,17.2652093993377,,,,primary Luke/D12RG normalized readout candidate,0.0052309882145574384,0.00382709970924344,0.451988309925954,0.043538970199234195,0.5264859423086341,0.007950370645329205,0.007215724021239045,0.005313688595893549,27.0,0.0,,False,control_condition
standalone Cn(k) directed rings,"C12(1,2)",primary,12,48,bidirectional 1-jump and 2-jump; 48 directed arrows,eps72_restoration_onset,random_event,16,4314498048,359541504.0,147,0.1174504040771272,17.2652093993377,,,,primary Luke/D12RG normalized readout candidate,-0.0012640270052194152,0.0021244583873457185,0.5767670293369866,0.035332506110287126,0.5121093498131858,0.006298504709353934,-0.0008553247316595963,0.003055146893612812,147.0,0.0,,False,control_condition
standalone Cn(k) directed rings,"C12(1,2)",primary,12,48,bidirectional 1-jump and 2-jump; 48 directed arrows,eps72_restoration_onset,endogenous,20,1100589330432,91715777536.0,147,0.1174504040771272,17.2652093993377,0.00499299308380961,-0.0013638089623053311,0.4409937888198758,primary Luke/D12RG normalized readout candidate,0.0019520053492859853,0.0035535355297220362,0.6033511687729376,0.06959980444392652,0.4930994357166406,0.0036949419852944365,0.0024166462454192714,0.004628223001226236,25.0,0.0,0.8575270538515719,False,no_directional_mu_sector_advantage
standalone Cn(k) directed rings,"C12(1,2)",primary,12,48,bidirectional 1-jump and 2-jump; 48 directed arrows,eps72_restoration_onset,time_shifted,20,1100589330432,91715777536.0,147,0.1174504040771272,17.2652093993377,,,,primary Luke/D12RG normalized readout candidate,-0.003040987734523625,0.0044193691281529425,0.8655908064103321,0.031495723376348754,0.4889216190081485,0.007021258447529071,-0.004305938769530465,0.006013451101008557,27.0,0.0,,False,control_condition
standalone Cn(k) directed rings,"C12(1,2)",primary,12,48,bidirectional 1-jump and 2-jump; 48 directed arrows,eps72_restoration_onset,random_event,20,1100589330432,91715777536.0,147,0.1174504040771272,17.2652093993377,,,,primary Luke/D12RG normalized readout candidate,0.0033158143115913164,0.0023894749751334726,0.6784619318138099,0.030116470484476028,0.5061839753941368,0.004961032885216516,0.0038792195224034527,0.003487236888656645,147.0,0.0,,False,control_condition
standalone Cn(k) directed rings,"C12(1,2)",primary,12,48,bidirectional 1-jump and 2-jump; 48 directed arrows,eps72_restoration_onset,endogenous,24,281534851989504,23461237665792.0,147,0.1174504040771272,17.2652093993377,0.00755294942452855,0.013548172761076867,0.024844720496894408,primary Luke/D12RG normalized readout candidate,0.007806207722552236,0.0039888322847864595,0.33529027505098397,0.10320188193484152,0.49545614625191803,0.0030030607382040306,0.010688019154492598,0.005247670065965584,25.0,0.0,0.8575270538515719,True,directional_mu_sector_signal_not_fdr_confirmed
standalone Cn(k) directed rings,"C12(1,2)",primary,12,48,bidirectional 1-jump and 2-jump; 48 directed arrows,eps72_restoration_onset,time_shifted,24,281534851989504,23461237665792.0,147,0.1174504040771272,17.2652093993377,,,,primary Luke/D12RG normalized readout candidate,0.0002532582980236854,0.00446201326908858,0.3494150600759551,0.05094921781897379,0.49351592540754813,0.007071482327689221,0.0008840976415641728,0.0064171298288555265,27.0,0.0,,False,control_condition
standalone Cn(k) directed rings,"C12(1,2)",primary,12,48,bidirectional 1-jump and 2-jump; 48 directed arrows,eps72_restoration_onset,random_event,24,281534851989504,23461237665792.0,147,0.1174504040771272,17.2652093993377,,,,primary Luke/D12RG normalized readout candidate,-0.005741965038524631,0.0017510119296554915,0.46315838873057097,0.04116520743602476,0.48642799269097636,0.004856224612042528,-0.007336217769848595,0.00266418264735047,147.0,0.0,,False,control_condition
standalone Cn(k) directed rings,"C12(1,2)",primary,12,48,bidirectional 1-jump and 2-jump; 48 directed arrows,ricci_phase_sync_high_lock_session,endogenous,2,48,4.0,7,0.13775013979131107,0.9642509785391775,-0.008113838306378917,-0.00795078917103662,0.6335403726708074,primary Luke/D12RG normalized readout candidate,-0.0157897311061385,0.011843799209873995,0.8821035047371654,0.052292963956076535,0.6339384465320306,0.10334724525777114,-0.03581194018615656,0.026233451353597493,2.0,0.0,0.8863521907000167,False,no_directional_mu_sector_advantage
standalone Cn(k) directed rings,"C12(1,2)",primary,12,48,bidirectional 1-jump and 2-jump; 48 directed arrows,ricci_phase_sync_high_lock_session,time_shifted,2,48,4.0,7,0.13775013979131107,0.9642509785391775,,,,primary Luke/D12RG normalized readout candidate,-0.007675892799759582,0.041299631889159506,0.9013542620773481,0.046636907688375376,0.5431990711391297,0.10255640198272546,-0.012542382305170727,0.07090404101088968,4.0,0.0,,False,control_condition
standalone Cn(k) directed rings,"C12(1,2)",primary,12,48,bidirectional 1-jump and 2-jump; 48 directed arrows,ricci_phase_sync_high_lock_session,random_event,2,48,4.0,7,0.13775013979131107,0.9642509785391775,,,,primary Luke/D12RG normalized readout candidate,-0.007838941935101878,0.013529920772246488,0.8248364316963596,0.0737341594151283,0.5063454002368422,0.09924368678656932,-0.014725146864865719,0.025451535665786038,7.0,0.0,,False,control_condition
standalone Cn(k) directed rings,"C12(1,2)",primary,12,48,bidirectional 1-jump and 2-jump; 48 directed arrows,ricci_phase_sync_high_lock_session,endogenous,3,72,6.0,7,0.13775013979131107,0.9642509785391775,0.0182990482194584,0.012978400025449761,0.2919254658385093,primary Luke/D12RG normalized readout candidate,0.01830834388324662,0.017073049074080488,0.8362897120949471,0.07768677472260649,0.4749862513088445,0.09172019547437783,0.04495440250342807,0.04430898360004066,2.0,0.0,0.8575270538515719,True,directional_mu_sector_signal_not_fdr_confirmed
standalone Cn(k) directed rings,"C12(1,2)",primary,12,48,bidirectional 1-jump and 2-jump; 48 directed arrows,ricci_phase_sync_high_lock_session,time_shifted,3,72,6.0,7,0.13775013979131107,0.9642509785391775,,,,primary Luke/D12RG normalized readout candidate,9.295663788218278e-06,0.04468861674545822,0.8764682096094276,0.08015932179194661,0.4950130815523483,0.07869832971478812,0.005873846675853389,0.07794307772805824,4.0,0.0,,False,control_condition
standalone Cn(k) directed rings,"C12(1,2)",primary,12,48,bidirectional 1-jump and 2-jump; 48 directed arrows,ricci_phase_sync_high_lock_session,random_event,3,72,6.0,7,0.13775013979131107,0.9642509785391775,,,,primary Luke/D12RG normalized readout candidate,0.005329943857796859,0.018967467055869346,0.7833466292996975,0.13209342121111714,0.5257470649132918,0.07785054705583998,0.013447650590976,0.03840353404494019,7.0,0.0,,False,control_condition
standalone Cn(k) directed rings,"C12(1,2)",primary,12,48,bidirectional 1-jump and 2-jump; 48 directed arrows,ricci_phase_sync_high_lock_session,endogenous,4,432,36.0,7,0.13775013979131107,0.9642509785391775,-0.018366403886584018,-0.008054842654014852,0.6770186335403726,primary Luke/D12RG normalized readout candidate,-0.01311653934566625,0.02417407194849493,0.8175615267188465,0.10213017325880352,0.4810288373291229,0.07660168407899107,-0.03500627473776256,0.06505981263623112,2.0,0.0,0.8863521907000167,False,no_directional_mu_sector_advantage
standalone Cn(k) directed rings,"C12(1,2)",primary,12,48,bidirectional 1-jump and 2-jump; 48 directed arrows,ricci_phase_sync_high_lock_session,time_shifted,4,432,36.0,7,0.13775013979131107,0.9642509785391775,,,,primary Luke/D12RG normalized readout candidate,0.005249864540917769,0.03502329697338416,0.8618603485581197,0.10207407405658403,0.49284683402615814,0.06228359825315269,0.004702287603738814,0.06352635216016177,4.0,0.0,,False,control_condition
standalone Cn(k) directed rings,"C12(1,2)",primary,12,48,bidirectional 1-jump and 2-jump; 48 directed arrows,ricci_phase_sync_high_lock_session,random_event,4,432,36.0,7,0.13775013979131107,0.9642509785391775,,,,primary Luke/D12RG normalized readout candidate,-0.0050616966916513986,0.01865916707241754,0.7724496183864243,0.16414071366523986,0.4701701601010013,0.07004894757335882,-0.01170186960540681,0.039880731161557555,7.0,0.0,,False,control_condition
standalone Cn(k) directed rings,"C12(1,2)",primary,12,48,bidirectional 1-jump and 2-jump; 48 directed arrows,ricci_phase_sync_high_lock_session,endogenous,5,1200,100.0,7,0.13775013979131107,0.9642509785391775,0.008729631927194682,0.00680670402436968,0.42857142857142855,primary Luke/D12RG normalized readout candidate,0.006237212269961902,0.029095050667606995,0.8232207019037304,0.12763382996402212,0.5187981812699181,0.08935284348766674,0.017436035591818354,0.07695139667102939,2.0,0.0,0.8575270538515719,True,directional_mu_sector_signal_not_fdr_confirmed
standalone Cn(k) directed rings,"C12(1,2)",primary,12,48,bidirectional 1-jump and 2-jump; 48 directed arrows,ricci_phase_sync_high_lock_session,time_shifted,5,1200,100.0,7,0.13775013979131107,0.9642509785391775,,,,primary Luke/D12RG normalized readout candidate,-0.00249241965723278,0.03698606463108862,0.8378229446702598,0.12234792473942485,0.49949093698082025,0.062495350497042454,-0.0006989335420346618,0.07061923935720042,4.0,0.0,,False,control_condition
standalone Cn(k) directed rings,"C12(1,2)",primary,12,48,bidirectional 1-jump and 2-jump; 48 directed arrows,ricci_phase_sync_high_lock_session,random_event,5,1200,100.0,7,0.13775013979131107,0.9642509785391775,,,,primary Luke/D12RG normalized readout candidate,-0.0005694917544077782,0.02009406318031401,0.7308513806288659,0.14789338160801052,0.4985693716808498,0.06140620754578758,-0.0005944886752379333,0.03970179516848828,7.0,0.0,,False,control_condition
standalone Cn(k) directed rings,"C12(1,2)",primary,12,48,bidirectional 1-jump and 2-jump; 48 directed arrows,ricci_phase_sync_high_lock_session,endogenous,6,5184,432.0,7,0.13775013979131107,0.9642509785391775,-0.0001895933813917494,-0.0019121640792394434,0.4906832298136646,primary Luke/D12RG normalized readout candidate,-0.0016530665204846882,0.027870657177354298,0.8101198165113438,0.12219934557052797,0.497029295155104,0.09605336535713892,-0.004294369387138071,0.07157469143150734,2.0,0.0,0.8575270538515719,False,no_directional_mu_sector_advantage
standalone Cn(k) directed rings,"C12(1,2)",primary,12,48,bidirectional 1-jump and 2-jump; 48 directed arrows,ricci_phase_sync_high_lock_session,time_shifted,6,5184,432.0,7,0.13775013979131107,0.9642509785391775,,,,primary Luke/D12RG normalized readout candidate,-0.0014634731390929388,0.038109413031069315,0.8442513312708249,0.12293981360822334,0.5020888191888051,0.06646597038857803,-0.00692717003403427,0.07264935280169958,4.0,0.0,,False,control_condition
standalone Cn(k) directed rings,"C12(1,2)",primary,12,48,bidirectional 1-jump and 2-jump; 48 directed arrows,ricci_phase_sync_high_lock_session,random_event,6,5184,432.0,7,0.13775013979131107,0.9642509785391775,,,,primary Luke/D12RG normalized readout candidate,0.0002590975587547551,0.022249155182099488,0.7091614629373083,0.17086056968226526,0.5072244809986736,0.045504562521571916,6.871619186516741e-05,0.044368160262578046,7.0,0.0,,False,control_condition
standalone Cn(k) directed rings,"C12(1,2)",primary,12,48,bidirectional 1-jump and 2-jump; 48 directed arrows,ricci_phase_sync_high_lock_session,endogenous,8,72768,6064.0,7,0.13775013979131107,0.9642509785391775,0.00047357306978118097,-0.002816909083938227,0.5217391304347826,primary Luke/D12RG normalized readout candidate,-0.003071302309549536,0.029756366118705368,0.8007190619074764,0.10804290898370228,0.4984400802149656,0.08421410344995604,-0.005835171774627841,0.07320487998194578,2.0,0.0,0.8575270538515719,False,no_directional_mu_sector_advantage
standalone Cn(k) directed rings,"C12(1,2)",primary,12,48,bidirectional 1-jump and 2-jump; 48 directed arrows,ricci_phase_sync_high_lock_session,time_shifted,8,72768,6064.0,7,0.13775013979131107,0.9642509785391775,,,,primary Luke/D12RG normalized readout candidate,-0.003544875379330717,0.036688488064194086,0.8124538647430903,0.10898219756142379,0.49791792794569434,0.05633165036972815,-0.011941310757913794,0.06749571432357854,4.0,0.0,,False,control_condition
standalone Cn(k) directed rings,"C12(1,2)",primary,12,48,bidirectional 1-jump and 2-jump; 48 directed arrows,ricci_phase_sync_high_lock_session,random_event,8,72768,6064.0,7,0.13775013979131107,0.9642509785391775,,,,primary Luke/D12RG normalized readout candidate,-0.00025439322561130893,0.01938069369977932,0.6814931021568632,0.1933442769571528,0.49988247443006817,0.047127083999232953,0.0003446389592783594,0.0395610161125774,7.0,0.0,,False,control_condition
standalone Cn(k) directed rings,"C12(1,2)",primary,12,48,bidirectional 1-jump and 2-jump; 48 directed arrows,ricci_phase_sync_high_lock_session,endogenous,9,277056,23088.0,7,0.13775013979131107,0.9642509785391775,-0.004293246080265653,0.00544279785458128,0.4720496894409938,primary Luke/D12RG normalized readout candidate,0.00262611455197738,0.031409424544660065,0.7720532712744512,0.12576941336677422,0.5053422470804233,0.07022581246233593,0.007329808579132671,0.08005143234194369,2.0,0.0,0.8575270538515719,False,no_directional_mu_sector_advantage
standalone Cn(k) directed rings,"C12(1,2)",primary,12,48,bidirectional 1-jump and 2-jump; 48 directed arrows,ricci_phase_sync_high_lock_session,time_shifted,9,277056,23088.0,7,0.13775013979131107,0.9642509785391775,,,,primary Luke/D12RG normalized readout candidate,0.006919360632243033,0.04008279312352188,0.7765340538086858,0.12802937657271302,0.5092290449749111,0.04678510632120486,0.015588637296811352,0.07423887140235179,4.0,0.0,,False,control_condition
standalone Cn(k) directed rings,"C12(1,2)",primary,12,48,bidirectional 1-jump and 2-jump; 48 directed arrows,ricci_phase_sync_high_lock_session,random_event,9,277056,23088.0,7,0.13775013979131107,0.9642509785391775,,,,primary Luke/D12RG normalized readout candidate,-0.0028166833026039002,0.01984055291599871,0.6528854351555214,0.1798365922492294,0.4934506515724909,0.037126885310754726,-0.00670815997646723,0.040138512023249605,7.0,0.0,,False,control_condition
standalone Cn(k) directed rings,"C12(1,2)",primary,12,48,bidirectional 1-jump and 2-jump; 48 directed arrows,ricci_phase_sync_high_lock_session,endogenous,10,1099008,91584.0,7,0.13775013979131107,0.9642509785391775,0.0014825886007114137,-0.006199800639058626,0.5279503105590062,primary Luke/D12RG normalized readout candidate,0.0006139007363921027,0.03246750425053718,0.7372102592241798,0.12864787068051614,0.4993017236996355,0.0673488884924637,-0.003423942638042663,0.08261960658507986,2.0,0.0,0.8575270538515719,False,no_directional_mu_sector_advantage
standalone Cn(k) directed rings,"C12(1,2)",primary,12,48,bidirectional 1-jump and 2-jump; 48 directed arrows,ricci_phase_sync_high_lock_session,time_shifted,10,1099008,91584.0,7,0.13775013979131107,0.9642509785391775,,,,primary Luke/D12RG normalized readout candidate,-0.0008686878643193111,0.03862747973615535,0.7559615133504769,0.13974801069341922,0.4883125769176875,0.05273708591931375,-0.005573824141735532,0.07443783649426042,4.0,0.0,,False,control_condition
standalone Cn(k) directed rings,"C12(1,2)",primary,12,48,bidirectional 1-jump and 2-jump; 48 directed arrows,ricci_phase_sync_high_lock_session,random_event,10,1099008,91584.0,7,0.13775013979131107,0.9642509785391775,,,,primary Luke/D12RG normalized readout candidate,0.006813701375450729,0.023182398706126026,0.6610193229234007,0.19609500159988624,0.5110656688157222,0.037517540915220395,0.013247474094789116,0.04435189480652343,7.0,0.0,,False,control_condition
standalone Cn(k) directed rings,"C12(1,2)",primary,12,48,bidirectional 1-jump and 2-jump; 48 directed arrows,ricci_phase_sync_high_lock_session,endogenous,12,17139456,1428288.0,7,0.13775013979131107,0.9642509785391775,0.00237840665170295,0.005149744421723866,0.4472049689440994,primary Luke/D12RG normalized readout candidate,0.00046874057665804547,0.031818271673238106,0.7487563736199757,0.1232386828544513,0.5021571872982558,0.0596066438490744,-0.003761116630518932,0.07952090632326415,2.0,0.0,0.8575270538515719,True,directional_mu_sector_signal_not_fdr_confirmed
standalone Cn(k) directed rings,"C12(1,2)",primary,12,48,bidirectional 1-jump and 2-jump; 48 directed arrows,ricci_phase_sync_high_lock_session,time_shifted,12,17139456,1428288.0,7,0.13775013979131107,0.9642509785391775,,,,primary Luke/D12RG normalized readout candidate,-0.0019096660750449045,0.03322601807000645,0.7760241639873532,0.12031638490547407,0.5028499877601098,0.047092436365888724,-0.002863330638626032,0.05812956312195809,4.0,0.0,,False,control_condition
standalone Cn(k) directed rings,"C12(1,2)",primary,12,48,bidirectional 1-jump and 2-jump; 48 directed arrows,ricci_phase_sync_high_lock_session,random_event,12,17139456,1428288.0,7,0.13775013979131107,0.9642509785391775,,,,primary Luke/D12RG normalized readout candidate,-0.004681003845065821,0.020078480018208007,0.6355515156895135,0.1749108067679533,0.4938723020500785,0.03640343046737485,-0.010952340383409555,0.04008327071222721,7.0,0.0,,False,control_condition
standalone Cn(k) directed rings,"C12(1,2)",primary,12,48,bidirectional 1-jump and 2-jump; 48 directed arrows,ricci_phase_sync_high_lock_session,endogenous,16,4314498048,359541504.0,7,0.13775013979131107,0.9642509785391775,-0.0006643008107479796,-0.007968020526831017,0.577639751552795,primary Luke/D12RG normalized readout candidate,-0.00478710347651974,0.029499945727527017,0.7459410064878199,0.11981997770873538,0.48992957333683657,0.047480405832486514,-0.014992349920636671,0.06803249266784492,2.0,0.0,0.8575270538515719,False,no_directional_mu_sector_advantage
standalone Cn(k) directed rings,"C12(1,2)",primary,12,48,bidirectional 1-jump and 2-jump; 48 directed arrows,ricci_phase_sync_high_lock_session,time_shifted,16,4314498048,359541504.0,7,0.13775013979131107,0.9642509785391775,,,,primary Luke/D12RG normalized readout candidate,-0.004122802665771761,0.03404935304883529,0.7099543769683636,0.13781912995919812,0.49251612515654025,0.04825217739255167,-0.010708261010663769,0.06523541908659981,4.0,0.0,,False,control_condition
standalone Cn(k) directed rings,"C12(1,2)",primary,12,48,bidirectional 1-jump and 2-jump; 48 directed arrows,ricci_phase_sync_high_lock_session,random_event,16,4314498048,359541504.0,7,0.13775013979131107,0.9642509785391775,,,,primary Luke/D12RG normalized readout candidate,0.003180917050311277,0.02098548771035621,0.6015388949763064,0.1969105473112661,0.5072257779718382,0.03092661782688515,0.006719497598121083,0.040549452715563115,7.0,0.0,,False,control_condition
standalone Cn(k) directed rings,"C12(1,2)",primary,12,48,bidirectional 1-jump and 2-jump; 48 directed arrows,ricci_phase_sync_high_lock_session,endogenous,20,1100589330432,91715777536.0,7,0.13775013979131107,0.9642509785391775,0.004109960191878858,0.00548272103768903,0.4472049689440994,primary Luke/D12RG normalized readout candidate,0.004379944047533576,0.032500340851944726,0.7043086109466059,0.14916725729789493,0.501641133352454,0.05834868267893466,0.010741192913055163,0.0703148470157973,2.0,0.0,0.8575270538515719,True,directional_mu_sector_signal_not_fdr_confirmed
standalone Cn(k) directed rings,"C12(1,2)",primary,12,48,bidirectional 1-jump and 2-jump; 48 directed arrows,ricci_phase_sync_high_lock_session,time_shifted,20,1100589330432,91715777536.0,7,0.13775013979131107,0.9642509785391775,,,,primary Luke/D12RG normalized readout candidate,0.0002699838556547182,0.03388525900662102,0.6818589087523923,0.1541259120546956,0.5012230648977092,0.0454605971046218,0.0002562565536176089,0.05933758835910624,4.0,0.0,,False,control_condition
standalone Cn(k) directed rings,"C12(1,2)",primary,12,48,bidirectional 1-jump and 2-jump; 48 directed arrows,ricci_phase_sync_high_lock_session,random_event,20,1100589330432,91715777536.0,7,0.13775013979131107,0.9642509785391775,,,,primary Luke/D12RG normalized readout candidate,-0.0011027769901554543,0.023591095803899363,0.5949947269275034,0.15401923969588013,0.4959025298268996,0.031049929568216235,-0.0009043151159263818,0.04148466194443717,7.0,0.0,,False,control_condition
standalone Cn(k) directed rings,"C12(1,2)",primary,12,48,bidirectional 1-jump and 2-jump; 48 directed arrows,ricci_phase_sync_high_lock_session,endogenous,24,281534851989504,23461237665792.0,7,0.13775013979131107,0.9642509785391775,0.010919984902727543,0.004945334081121753,0.40372670807453415,primary Luke/D12RG normalized readout candidate,0.0035157644751591414,0.028183113024695387,0.6987158935229972,0.147825640361736,0.5006750354150149,0.056205115240601296,0.008292945973778214,0.06810517533284108,2.0,0.0,0.8575270538515719,True,directional_mu_sector_signal_not_fdr_confirmed
standalone Cn(k) directed rings,"C12(1,2)",primary,12,48,bidirectional 1-jump and 2-jump; 48 directed arrows,ricci_phase_sync_high_lock_session,time_shifted,24,281534851989504,23461237665792.0,7,0.13775013979131107,0.9642509785391775,,,,primary Luke/D12RG normalized readout candidate,-0.007404220427568402,0.0277060682463207,0.668429784105708,0.15963902312811007,0.48798927183236895,0.042704691092210346,-0.013149737488312916,0.047638501182238946,4.0,0.0,,False,control_condition
standalone Cn(k) directed rings,"C12(1,2)",primary,12,48,bidirectional 1-jump and 2-jump; 48 directed arrows,ricci_phase_sync_high_lock_session,random_event,24,281534851989504,23461237665792.0,7,0.13775013979131107,0.9642509785391775,,,,primary Luke/D12RG normalized readout candidate,-0.0014295696059626122,0.02322600481500677,0.5778385915005397,0.17014553415905156,0.5014646590524444,0.033751925859889426,-0.0026950659796297015,0.044357963765002846,7.0,0.0,,False,control_condition
standalone Cn(k) directed rings,C8(1),secondary_or_exploratory,8,8,directed clockwise 1-jump,high_boundary_impulse_J,endogenous,2,0,0.0,57,0.09331239298409179,5.318806400093232,-0.0019624522272160085,-0.0013350407879827524,0.7267080745341615,primary non-D12 contrast,0.002577939142724114,0.003442997056568481,0.8776394279180533,0.00735414336792992,0.612956672675975,0.033372604257425956,0.009322209234502209,0.007479684229968416,21.0,0.0,0.8908179301055152,False,no_directional_mu_sector_advantage
standalone Cn(k) directed rings,C8(1),secondary_or_exploratory,8,8,directed clockwise 1-jump,high_boundary_impulse_J,time_shifted,2,0,0.0,57,0.09331239298409179,5.318806400093232,,,,primary non-D12 contrast,0.004540391369940122,0.0033264746655615007,0.8572121963362068,0.006483398135189947,0.599907800767261,0.028744445768076603,0.01571333831027056,0.007524284750578482,23.0,0.0,,False,control_condition
standalone Cn(k) directed rings,C8(1),secondary_or_exploratory,8,8,directed clockwise 1-jump,high_boundary_impulse_J,random_event,2,0,0.0,57,0.09331239298409179,5.318806400093232,,,,primary non-D12 contrast,0.003912979930706866,0.0033668943396952316,0.9326040482173225,0.00946377722692675,0.6203937703315459,0.02836713432335104,0.010524731853671828,0.00787358394289124,57.0,0.0,,False,control_condition
standalone Cn(k) directed rings,C8(1),secondary_or_exploratory,8,8,directed clockwise 1-jump,high_boundary_impulse_J,endogenous,3,0,0.0,57,0.09331239298409179,5.318806400093232,0.0028994507646931053,-0.0010380406108075756,0.38509316770186336,primary non-D12 contrast,0.002570519476958385,0.0031388548591944226,0.8616435719914189,0.021927207781374226,0.5132755416162536,0.02928599662235213,0.004995103609937557,0.007107173641457058,21.0,0.0,0.8575270538515719,False,no_directional_mu_sector_advantage
standalone Cn(k) directed rings,C8(1),secondary_or_exploratory,8,8,directed clockwise 1-jump,high_boundary_impulse_J,time_shifted,3,0,0.0,57,0.09331239298409179,5.318806400093232,,,,primary non-D12 contrast,-0.00032893128773472046,0.003463239777238566,0.8244211859926718,0.01687332697252759,0.5237569841241084,0.018005858536091716,-0.002236095567719848,0.007545425388597486,23.0,0.0,,False,control_condition
standalone Cn(k) directed rings,C8(1),secondary_or_exploratory,8,8,directed clockwise 1-jump,high_boundary_impulse_J,random_event,3,0,0.0,57,0.09331239298409179,5.318806400093232,,,,primary non-D12 contrast,0.0036085600877659605,0.002815727079303292,0.8989060723259836,0.014195665840390162,0.5197074172355223,0.02059399936421639,0.009461427220516587,0.006385597832467633,57.0,0.0,,False,control_condition
standalone Cn(k) directed rings,C8(1),secondary_or_exploratory,8,8,directed clockwise 1-jump,high_boundary_impulse_J,endogenous,4,0,0.0,57,0.09331239298409179,5.318806400093232,0.0005373380712766328,0.0038154722791721198,0.30434782608695654,primary non-D12 contrast,-3.741193946287763e-05,0.0036467409989485444,0.7455967398264656,0.04507144417318148,0.45354565764539306,0.0206188595506605,-0.0040555731953150044,0.008131740757651898,21.0,0.0,0.8575270538515719,True,directional_mu_sector_signal_not_fdr_confirmed
standalone Cn(k) directed rings,C8(1),secondary_or_exploratory,8,8,directed clockwise 1-jump,high_boundary_impulse_J,time_shifted,4,0,0.0,57,0.09331239298409179,5.318806400093232,,,,primary non-D12 contrast,-0.0005747500107395104,0.0037548807852594876,0.8208536937548263,0.024329044834421262,0.4446419489326696,0.015585378394930105,-0.006920869505554072,0.00830603874365357,23.0,0.0,,False,control_condition
standalone Cn(k) directed rings,C8(1),secondary_or_exploratory,8,8,directed clockwise 1-jump,high_boundary_impulse_J,random_event,4,0,0.0,57,0.09331239298409179,5.318806400093232,,,,primary non-D12 contrast,-0.0038528842186349973,0.0032814765395305966,0.8434352423832643,0.020084473003440212,0.4156771545059681,0.014366997017569688,-0.013166917591865376,0.007609143948863315,57.0,0.0,,False,control_condition
standalone Cn(k) directed rings,C8(1),secondary_or_exploratory,8,8,directed clockwise 1-jump,high_boundary_impulse_J,endogenous,5,0,0.0,57,0.09331239298409179,5.318806400093232,-0.001167907249936298,-0.005384448732065072,0.7515527950310559,primary non-D12 contrast,-0.002276502366560338,0.0034939562377203173,0.6621339532165477,0.0448099268682507,0.5249948721881061,0.017588412555318643,-0.0006123151192440866,0.007347842682611244,21.0,0.0,0.8908179301055152,False,no_directional_mu_sector_advantage
standalone Cn(k) directed rings,C8(1),secondary_or_exploratory,8,8,directed clockwise 1-jump,high_boundary_impulse_J,time_shifted,5,0,0.0,57,0.09331239298409179,5.318806400093232,,,,primary non-D12 contrast,-0.0011085951166240403,0.004039311840247707,0.75429242629759,0.036289224783537466,0.5339101666567776,0.013248472844065289,0.004010203505290956,0.008724815100129438,23.0,0.0,,False,control_condition
standalone Cn(k) directed rings,C8(1),secondary_or_exploratory,8,8,directed clockwise 1-jump,high_boundary_impulse_J,random_event,5,0,0.0,57,0.09331239298409179,5.318806400093232,,,,primary non-D12 contrast,0.0031079463655047336,0.0031258836057734907,0.6474159129314088,0.043734284609433814,0.5712369252728499,0.020367454015302787,0.010738796692785766,0.00758559279465815,57.0,0.0,,False,control_condition
standalone Cn(k) directed rings,C8(1),secondary_or_exploratory,8,8,directed clockwise 1-jump,high_boundary_impulse_J,endogenous,6,0,0.0,57,0.09331239298409179,5.318806400093232,0.000890841003931911,0.0019126223814854362,0.34782608695652173,primary non-D12 contrast,0.0010479653473790419,0.003172164290934252,0.8455288207427121,0.057823847208230306,0.4936020843614429,0.015108835335727534,0.0018829719360131305,0.007281066295120494,21.0,0.0,0.8575270538515719,True,directional_mu_sector_signal_not_fdr_confirmed
standalone Cn(k) directed rings,C8(1),secondary_or_exploratory,8,8,directed clockwise 1-jump,high_boundary_impulse_J,time_shifted,6,0,0.0,57,0.09331239298409179,5.318806400093232,,,,primary non-D12 contrast,0.0001571243434471309,0.004131730178474449,0.751970125796391,0.019698419327538755,0.48297382070797823,0.015495627880222382,-0.00162726054458973,0.009453350881571409,23.0,0.0,,False,control_condition
standalone Cn(k) directed rings,C8(1),secondary_or_exploratory,8,8,directed clockwise 1-jump,high_boundary_impulse_J,random_event,6,0,0.0,57,0.09331239298409179,5.318806400093232,,,,primary non-D12 contrast,-0.0008646570341063944,0.002752262246809892,0.47852576972741784,0.038487103761348104,0.47594945604132805,0.019171501412954175,-0.004394924218391591,0.006569230071077536,57.0,0.0,,False,control_condition
standalone Cn(k) directed rings,C8(1),secondary_or_exploratory,8,8,directed clockwise 1-jump,high_boundary_impulse_J,endogenous,8,8,1.0,57,0.09331239298409179,5.318806400093232,-0.004895019104855606,0.0029020418606199765,0.4782608695652174,primary non-D12 contrast,0.0005143158688889176,0.0036688358654615194,0.657776163506349,0.049154747116216466,0.5164044051809256,0.010700854147265073,0.005004712177116832,0.008585801744859178,21.0,0.0,0.8575270538515719,False,no_directional_mu_sector_advantage
standalone Cn(k) directed rings,C8(1),secondary_or_exploratory,8,8,directed clockwise 1-jump,high_boundary_impulse_J,time_shifted,8,8,1.0,57,0.09331239298409179,5.318806400093232,,,,primary non-D12 contrast,0.005409334973744524,0.005039349662847683,0.4277173394461757,0.06721315624491073,0.521092014605627,0.016479990146167942,0.01884171348261842,0.011652349857801473,23.0,0.0,,False,control_condition
standalone Cn(k) directed rings,C8(1),secondary_or_exploratory,8,8,directed clockwise 1-jump,high_boundary_impulse_J,random_event,8,8,1.0,57,0.09331239298409179,5.318806400093232,,,,primary non-D12 contrast,-0.002387725991731059,0.0028455701986582066,0.6090654318802159,0.041053505925238834,0.5170580729715495,0.011274573976444189,-0.006326452219541765,0.006932650955992793,57.0,0.0,,False,control_condition
standalone Cn(k) directed rings,C8(1),secondary_or_exploratory,8,8,directed clockwise 1-jump,high_boundary_impulse_J,endogenous,9,0,0.0,57,0.09331239298409179,5.318806400093232,0.005366136445489295,-0.002730000879272825,0.42857142857142855,primary non-D12 contrast,0.0001636580982158363,0.0038587851778675115,0.5926111154975636,0.03662930413374202,0.47455412397781016,0.010175560381346285,-5.669882811747233e-05,0.008801784717255878,21.0,0.0,0.8575270538515719,False,no_directional_mu_sector_advantage
standalone Cn(k) directed rings,C8(1),secondary_or_exploratory,8,8,directed clockwise 1-jump,high_boundary_impulse_J,time_shifted,9,0,0.0,57,0.09331239298409179,5.318806400093232,,,,primary non-D12 contrast,-0.005202478347273459,0.004375541524450311,0.3406268774050605,0.04217560921443434,0.4675053110931492,0.016969854073685797,-0.014228978829829667,0.0093261540373831,23.0,0.0,,False,control_condition
standalone Cn(k) directed rings,C8(1),secondary_or_exploratory,8,8,directed clockwise 1-jump,high_boundary_impulse_J,random_event,9,0,0.0,57,0.09331239298409179,5.318806400093232,,,,primary non-D12 contrast,0.002893658977488661,0.0032712546341693645,0.6156607423700331,0.03823387521628287,0.49461605787300417,0.011378711128679287,0.008763040162774714,0.007883236645574162,57.0,0.0,,False,control_condition
standalone Cn(k) directed rings,C8(1),secondary_or_exploratory,8,8,directed clockwise 1-jump,high_boundary_impulse_J,endogenous,10,0,0.0,57,0.09331239298409179,5.318806400093232,-0.0020673095468082096,0.0008389005503753089,0.5527950310559007,primary non-D12 contrast,0.00021299628313675264,0.003790990162295701,0.31094530360256456,0.03531775482442331,0.5273438938445857,0.011159967968534376,-0.0020948017991248213,0.008892992709344459,21.0,0.0,0.8575270538515719,False,no_directional_mu_sector_advantage
standalone Cn(k) directed rings,C8(1),secondary_or_exploratory,8,8,directed clockwise 1-jump,high_boundary_impulse_J,time_shifted,10,0,0.0,57,0.09331239298409179,5.318806400093232,,,,primary non-D12 contrast,0.0022803058299449624,0.004893152427791247,0.22398379802393512,0.047312169108566504,0.5270507378560694,0.016623832250114393,0.003123354918994918,0.010836325546780339,23.0,0.0,,False,control_condition
standalone Cn(k) directed rings,C8(1),secondary_or_exploratory,8,8,directed clockwise 1-jump,high_boundary_impulse_J,random_event,10,0,0.0,57,0.09331239298409179,5.318806400093232,,,,primary non-D12 contrast,-0.0006259042672385562,0.0027817367304988814,0.6105693087926223,0.04830808603149361,0.4938119152137418,0.010621913273365285,-0.004927962041777577,0.006633249290445602,57.0,0.0,,False,control_condition
standalone Cn(k) directed rings,C8(1),secondary_or_exploratory,8,8,directed clockwise 1-jump,high_boundary_impulse_J,endogenous,12,0,0.0,57,0.09331239298409179,5.318806400093232,-0.001132769756407651,-0.0002974892681595272,0.577639751552795,primary non-D12 contrast,-0.0011198880547092004,0.004473097127366639,0.5452542462613502,0.07731150250889768,0.5086029820929888,0.01040139770254183,-0.003437137987654164,0.010158988877494696,21.0,0.0,0.8575270538515719,False,no_directional_mu_sector_advantage
standalone Cn(k) directed rings,C8(1),secondary_or_exploratory,8,8,directed clockwise 1-jump,high_boundary_impulse_J,time_shifted,12,0,0.0,57,0.09331239298409179,5.318806400093232,,,,primary non-D12 contrast,1.2881701698450715e-05,0.004182419106639737,0.45341335898124546,0.15824254198949086,0.5041138561326781,0.016320114990302313,-0.0010772011801505074,0.009399009550946618,23.0,0.0,,False,control_condition
standalone Cn(k) directed rings,C8(1),secondary_or_exploratory,8,8,directed clockwise 1-jump,high_boundary_impulse_J,random_event,12,0,0.0,57,0.09331239298409179,5.318806400093232,,,,primary non-D12 contrast,-0.0008223987865496732,0.002796282145838984,0.43345033595856686,0.08225156365791597,0.48370538706254057,0.010315478382064277,-0.006577198414549371,0.007041270777803929,57.0,0.0,,False,control_condition
standalone Cn(k) directed rings,C8(1),secondary_or_exploratory,8,8,directed clockwise 1-jump,high_boundary_impulse_J,endogenous,16,8,1.0,57,0.09331239298409179,5.318806400093232,-0.003207587732659593,-0.0005816469787346409,0.7142857142857143,primary non-D12 contrast,-0.0013638697867917754,0.0033051842903353366,0.3243897596958834,0.10022692333409855,0.5047478550484481,0.013570087835712898,-0.00311932017117009,0.007458928495939048,21.0,0.0,0.8908179301055152,False,no_directional_mu_sector_advantage
standalone Cn(k) directed rings,C8(1),secondary_or_exploratory,8,8,directed clockwise 1-jump,high_boundary_impulse_J,time_shifted,16,8,1.0,57,0.09331239298409179,5.318806400093232,,,,primary non-D12 contrast,0.0018437179458678176,0.0034029055104498546,0.5047418758696929,0.08624817617527522,0.5041278249973067,0.012057839765974533,0.003973375285867874,0.00800868705906039,23.0,0.0,,False,control_condition
standalone Cn(k) directed rings,C8(1),secondary_or_exploratory,8,8,directed clockwise 1-jump,high_boundary_impulse_J,random_event,16,8,1.0,57,0.09331239298409179,5.318806400093232,,,,primary non-D12 contrast,-0.0007822228080571345,0.0027793343166165755,0.5979471559162371,0.07408528090831176,0.4971917435012948,0.009029363213080947,-0.0012852849545561449,0.0066411321328450745,57.0,0.0,,False,control_condition
standalone Cn(k) directed rings,C8(1),secondary_or_exploratory,8,8,directed clockwise 1-jump,high_boundary_impulse_J,endogenous,20,0,0.0,57,0.09331239298409179,5.318806400093232,-0.0008929062332880249,-0.003143722726762916,0.7391304347826086,primary non-D12 contrast,-0.004425830419377811,0.003851917997735794,0.054056425483156326,0.07523182439708691,0.49128580269800926,0.01278571981313633,-0.010985844269783626,0.009244256018295005,21.0,0.0,0.8908179301055152,False,no_directional_mu_sector_advantage
standalone Cn(k) directed rings,C8(1),secondary_or_exploratory,8,8,directed clockwise 1-jump,high_boundary_impulse_J,time_shifted,20,0,0.0,57,0.09331239298409179,5.318806400093232,,,,primary non-D12 contrast,-0.0035329241860897857,0.004161159254249201,0.21169457625288474,0.12103307259265503,0.4779337467785411,0.014517042955030925,-0.007836257468734533,0.009468795811364988,23.0,0.0,,False,control_condition
standalone Cn(k) directed rings,C8(1),secondary_or_exploratory,8,8,directed clockwise 1-jump,high_boundary_impulse_J,random_event,20,0,0.0,57,0.09331239298409179,5.318806400093232,,,,primary non-D12 contrast,-0.0012821076926148945,0.003102309764180752,0.14320724344788646,0.09390964334662745,0.5071240722069901,0.008548838285560613,-0.002912825193870065,0.0073379888824789555,57.0,0.0,,False,control_condition
standalone Cn(k) directed rings,C8(1),secondary_or_exploratory,8,8,directed clockwise 1-jump,high_boundary_impulse_J,endogenous,24,8,1.0,57,0.09331239298409179,5.318806400093232,0.0005748733349940917,-0.0024493703958996917,0.6211180124223602,primary non-D12 contrast,-0.000688464002394085,0.0029101256609479743,0.62121438518258,0.10398946831839057,0.5044368847327725,0.012393051415026628,-0.0009019745873850623,0.007556012648327961,21.0,0.0,0.8855543939487116,False,no_directional_mu_sector_advantage
standalone Cn(k) directed rings,C8(1),secondary_or_exploratory,8,8,directed clockwise 1-jump,high_boundary_impulse_J,time_shifted,24,8,1.0,57,0.09331239298409179,5.318806400093232,,,,primary non-D12 contrast,-0.0012633373373881767,0.004185689506654919,0.25141340337192714,0.08264359696993473,0.5053653783458547,0.014263238271315383,-0.0008960362404683523,0.009394665810593136,23.0,0.0,,False,control_condition
standalone Cn(k) directed rings,C8(1),secondary_or_exploratory,8,8,directed clockwise 1-jump,high_boundary_impulse_J,random_event,24,8,1.0,57,0.09331239298409179,5.318806400093232,,,,primary non-D12 contrast,0.0017609063935056068,0.002940870629787305,0.26091721473505525,0.09128831265836852,0.5089389123475965,0.008706418892034275,0.006462012571290176,0.007327617461193044,57.0,0.0,,False,control_condition
standalone Cn(k) directed rings,C8(1),secondary_or_exploratory,8,8,directed clockwise 1-jump,residual_contraction_low_distance,endogenous,2,0,0.0,57,0.09102846804812097,5.188622678742895,0.005210374140664872,-0.0024615547446263726,0.42857142857142855,primary non-D12 contrast,0.0008131059877266592,0.005182433313653675,0.8155956601025581,0.06722598753611751,0.46618102974371994,0.03669388499043835,0.0014878142069694933,0.009820689167162886,23.0,0.0,0.8575270538515719,False,no_directional_mu_sector_advantage
standalone Cn(k) directed rings,C8(1),secondary_or_exploratory,8,8,directed clockwise 1-jump,residual_contraction_low_distance,time_shifted,2,0,0.0,57,0.09102846804812097,5.188622678742895,,,,primary non-D12 contrast,-0.0043972681529382135,0.00493134569121231,0.8287747776852374,0.054135870492399485,0.47713817543858905,0.025770783995095563,-0.0070531480048011295,0.00863127338243388,25.0,0.0,,False,control_condition
standalone Cn(k) directed rings,C8(1),secondary_or_exploratory,8,8,directed clockwise 1-jump,residual_contraction_low_distance,random_event,2,0,0.0,57,0.09102846804812097,5.188622678742895,,,,primary non-D12 contrast,0.003274660732353032,0.0048139306198387,0.8708001330646813,0.06575037490611407,0.47651970603779115,0.028221777105113276,0.005497089884376151,0.008985752270879927,56.0,0.0,,False,control_condition
standalone Cn(k) directed rings,C8(1),secondary_or_exploratory,8,8,directed clockwise 1-jump,residual_contraction_low_distance,endogenous,3,0,0.0,57,0.09102846804812097,5.188622678742895,-0.0014867127245832197,0.003268479664021622,0.40993788819875776,primary non-D12 contrast,0.0021740568665414043,0.004199538389909087,0.7556346102178418,0.16609526846968758,0.542434100392037,0.028386078291032676,0.004559025226121488,0.008544153359398428,23.0,0.0,0.8575270538515719,False,no_directional_mu_sector_advantage
standalone Cn(k) directed rings,C8(1),secondary_or_exploratory,8,8,directed clockwise 1-jump,residual_contraction_low_distance,time_shifted,3,0,0.0,57,0.09102846804812097,5.188622678742895,,,,primary non-D12 contrast,0.003660769591124624,0.004752057881960234,0.7844811111920901,0.049940340150499925,0.5184072095728959,0.017634874537681967,0.005719172376260749,0.007779727449416169,25.0,0.0,,False,control_condition
standalone Cn(k) directed rings,C8(1),secondary_or_exploratory,8,8,directed clockwise 1-jump,residual_contraction_low_distance,random_event,3,0,0.0,57,0.09102846804812097,5.188622678742895,,,,primary non-D12 contrast,-0.0010944227974802173,0.004604733713095685,0.7727999722424824,0.08749640325454379,0.5214377401349901,0.02416057915693019,-0.00038740781725538043,0.008127825243114216,56.0,0.0,,False,control_condition
standalone Cn(k) directed rings,C8(1),secondary_or_exploratory,8,8,directed clockwise 1-jump,residual_contraction_low_distance,endogenous,4,0,0.0,57,0.09102846804812097,5.188622678742895,-0.0030137919844709935,-0.0010315658200304423,0.6583850931677019,primary non-D12 contrast,-0.004344217137913203,0.004335379153397534,0.7428859462975984,0.07845828338303282,0.4792724266732031,0.027907353859382436,-0.007203548440671617,0.009307455727580042,23.0,0.0,0.8863521907000167,False,no_directional_mu_sector_advantage
standalone Cn(k) directed rings,C8(1),secondary_or_exploratory,8,8,directed clockwise 1-jump,residual_contraction_low_distance,time_shifted,4,0,0.0,57,0.09102846804812097,5.188622678742895,,,,primary non-D12 contrast,-0.0013304251534422091,0.004155545901996912,0.7800414888138759,0.03970083494014116,0.5044348112563679,0.022109291596830463,-0.0014733895634823,0.0076444132847093916,25.0,0.0,,False,control_condition
standalone Cn(k) directed rings,C8(1),secondary_or_exploratory,8,8,directed clockwise 1-jump,residual_contraction_low_distance,random_event,4,0,0.0,57,0.09102846804812097,5.188622678742895,,,,primary non-D12 contrast,-0.0033126513178827603,0.0035049292642621503,0.6354403489698675,0.0670593422466279,0.47328318591363183,0.017540902638070524,-0.006121465254589054,0.0068224811634150315,56.0,0.0,,False,control_condition
standalone Cn(k) directed rings,C8(1),secondary_or_exploratory,8,8,directed clockwise 1-jump,residual_contraction_low_distance,endogenous,5,0,0.0,57,0.09102846804812097,5.188622678742895,0.0006206450861810011,-0.00034359417533166305,0.453416149068323,primary non-D12 contrast,0.00146144488414177,0.0041173661483381715,0.7929164166096838,0.11095199354588423,0.5025724571307757,0.023601943363496483,0.0021388622040391025,0.00857376475302169,23.0,0.0,0.8575270538515719,False,no_directional_mu_sector_advantage
standalone Cn(k) directed rings,C8(1),secondary_or_exploratory,8,8,directed clockwise 1-jump,residual_contraction_low_distance,time_shifted,5,0,0.0,57,0.09102846804812097,5.188622678742895,,,,primary non-D12 contrast,0.000840799797960769,0.0033705479210425797,0.788485399746219,0.06314906146702653,0.49556126747986173,0.015189915338310458,0.0016539887731004507,0.006462072528814312,25.0,0.0,,False,control_condition
standalone Cn(k) directed rings,C8(1),secondary_or_exploratory,8,8,directed clockwise 1-jump,residual_contraction_low_distance,random_event,5,0,0.0,57,0.09102846804812097,5.188622678742895,,,,primary non-D12 contrast,0.0018050390594734332,0.0030076964177020876,0.7318012781757276,0.12335393919011121,0.5197021801792513,0.016336656056463637,0.0036110539581282733,0.005891880659671878,56.0,0.0,,False,control_condition
standalone Cn(k) directed rings,C8(1),secondary_or_exploratory,8,8,directed clockwise 1-jump,residual_contraction_low_distance,endogenous,6,0,0.0,57,0.09102846804812097,5.188622678742895,0.001363713239120471,0.0023130947501791947,0.33540372670807456,primary non-D12 contrast,-6.213795717857046e-05,0.00359565339688481,0.7613890599913915,0.09166749245967704,0.49862724494224747,0.02234458524237262,-0.0005730586888206223,0.00765486382899073,23.0,0.0,0.8575270538515719,True,directional_mu_sector_signal_not_fdr_confirmed
standalone Cn(k) directed rings,C8(1),secondary_or_exploratory,8,8,directed clockwise 1-jump,residual_contraction_low_distance,time_shifted,6,0,0.0,57,0.09102846804812097,5.188622678742895,,,,primary non-D12 contrast,-0.0014258511962990414,0.003889514277524101,0.7839219670296549,0.060229446211898664,0.499333233416289,0.01770593471759611,-0.003352442128319192,0.0073399708868204135,25.0,0.0,,False,control_condition
standalone Cn(k) directed rings,C8(1),secondary_or_exploratory,8,8,directed clockwise 1-jump,residual_contraction_low_distance,random_event,6,0,0.0,57,0.09102846804812097,5.188622678742895,,,,primary non-D12 contrast,-0.0023752327073577654,0.0032220680285352183,0.7163956204963495,0.057300155667122814,0.4666555725936371,0.01705721747193259,-0.0041424554234560235,0.0061710139951407636,56.0,0.0,,False,control_condition
standalone Cn(k) directed rings,C8(1),secondary_or_exploratory,8,8,directed clockwise 1-jump,residual_contraction_low_distance,endogenous,8,8,1.0,57,0.09102846804812097,5.188622678742895,-0.005933703992529821,-0.011612913399034091,0.968944099378882,primary non-D12 contrast,-0.004177590087444191,0.004001256106144693,0.5848547977448607,0.11417323822100744,0.4931356093752132,0.01761936944379304,-0.006854427562079687,0.008627731827971502,23.0,0.0,1.0,False,no_directional_mu_sector_advantage
standalone Cn(k) directed rings,C8(1),secondary_or_exploratory,8,8,directed clockwise 1-jump,residual_contraction_low_distance,time_shifted,8,8,1.0,57,0.09102846804812097,5.188622678742895,,,,primary non-D12 contrast,0.0017561139050856298,0.0035550889104629334,0.6588719328707479,0.08218128834307617,0.48455997489332603,0.016034481472197746,0.002635896882520799,0.0069329324335764475,25.0,0.0,,False,control_condition
standalone Cn(k) directed rings,C8(1),secondary_or_exploratory,8,8,directed clockwise 1-jump,residual_contraction_low_distance,random_event,8,8,1.0,57,0.09102846804812097,5.188622678742895,,,,primary non-D12 contrast,0.0074353233115899,0.00331801122139497,0.49977601221492274,0.08850924314527886,0.5212782752537267,0.017735814720186253,0.013108744891254461,0.00605204298260542,56.0,0.0,,False,control_condition
standalone Cn(k) directed rings,C8(1),secondary_or_exploratory,8,8,directed clockwise 1-jump,residual_contraction_low_distance,endogenous,9,0,0.0,57,0.09102846804812097,5.188622678742895,-0.005896259173275224,0.008353993940231763,0.4658385093167702,primary non-D12 contrast,-0.0001675448475801824,0.005981761560070051,0.40730651818084845,0.13402770347568738,0.5027504620100041,0.027780785038564293,-0.001654530288574544,0.011361902937744773,23.0,0.0,0.8575270538515719,False,no_directional_mu_sector_advantage
standalone Cn(k) directed rings,C8(1),secondary_or_exploratory,8,8,directed clockwise 1-jump,residual_contraction_low_distance,time_shifted,9,0,0.0,57,0.09102846804812097,5.188622678742895,,,,primary non-D12 contrast,0.0057287143256950415,0.005053692681512655,0.5060964995059877,0.09691733526931637,0.5182816597009194,0.018963846063149315,0.009987568107137976,0.008971913608598881,25.0,0.0,,False,control_condition
standalone Cn(k) directed rings,C8(1),secondary_or_exploratory,8,8,directed clockwise 1-jump,residual_contraction_low_distance,random_event,9,0,0.0,57,0.09102846804812097,5.188622678742895,,,,primary non-D12 contrast,-0.008521538787811945,0.0036842688100513807,0.2913568226497763,0.125953794838525,0.44540266021758923,0.016864337576263676,-0.01494682724921972,0.007409556486376921,56.0,0.0,,False,control_condition
standalone Cn(k) directed rings,C8(1),secondary_or_exploratory,8,8,directed clockwise 1-jump,residual_contraction_low_distance,endogenous,10,0,0.0,57,0.09102846804812097,5.188622678742895,0.008035920104720807,-0.0060728880615084635,0.5279503105590062,primary non-D12 contrast,-0.0003248762073301427,0.005064315987427264,0.1703340945640745,0.18964744425923732,0.49856937612666796,0.02392130507258508,-0.001082533847278477,0.009879965436316317,23.0,0.0,0.8575270538515719,False,no_directional_mu_sector_advantage
standalone Cn(k) directed rings,C8(1),secondary_or_exploratory,8,8,directed clockwise 1-jump,residual_contraction_low_distance,time_shifted,10,0,0.0,57,0.09102846804812097,5.188622678742895,,,,primary non-D12 contrast,-0.00836079631205095,0.005645465252638008,0.17717183862446145,0.1418249795871893,0.490475386532707,0.01622455394282462,-0.014233716516809353,0.009981258028315239,25.0,0.0,,False,control_condition
standalone Cn(k) directed rings,C8(1),secondary_or_exploratory,8,8,directed clockwise 1-jump,residual_contraction_low_distance,random_event,10,0,0.0,57,0.09102846804812097,5.188622678742895,,,,primary non-D12 contrast,0.005748011854178321,0.002908800500740521,0.1381869984242826,0.1885043503473779,0.5388358225764758,0.022312654696144966,0.010453439988786251,0.005865455953932922,56.0,0.0,,False,control_condition
standalone Cn(k) directed rings,C8(1),secondary_or_exploratory,8,8,directed clockwise 1-jump,residual_contraction_low_distance,endogenous,12,0,0.0,57,0.09102846804812097,5.188622678742895,-0.0013077065619857926,-0.005077857439235185,0.7639751552795031,primary non-D12 contrast,-0.002212528589458545,0.0050392829502392406,0.5141350620308642,0.17881740199930724,0.4950451191991476,0.017211838969893405,-0.0034378369173626256,0.009995633487981036,23.0,0.0,0.8908179301055152,False,no_directional_mu_sector_advantage
standalone Cn(k) directed rings,C8(1),secondary_or_exploratory,8,8,directed clockwise 1-jump,residual_contraction_low_distance,time_shifted,12,0,0.0,57,0.09102846804812097,5.188622678742895,,,,primary non-D12 contrast,-0.0009048220274727525,0.005522012448880203,0.5633582175664996,0.13104330783503051,0.4984768995389839,0.013740906935950882,-0.0010601790719897662,0.010318249349806394,25.0,0.0,,False,control_condition
standalone Cn(k) directed rings,C8(1),secondary_or_exploratory,8,8,directed clockwise 1-jump,residual_contraction_low_distance,random_event,12,0,0.0,57,0.09102846804812097,5.188622678742895,,,,primary non-D12 contrast,0.0028653288497766404,0.0034117967980384903,0.46858439379432293,0.17563170556333801,0.5005987648633944,0.015844706244444853,0.004777943794990859,0.00645080692250323,56.0,0.0,,False,control_condition
standalone Cn(k) directed rings,C8(1),secondary_or_exploratory,8,8,directed clockwise 1-jump,residual_contraction_low_distance,endogenous,16,8,1.0,57,0.09102846804812097,5.188622678742895,0.0001859596389316278,-0.00020622508209260223,0.4906832298136646,primary non-D12 contrast,-0.0003481475269778856,0.0037955211577998475,0.560491381588003,0.08182597013594722,0.4977139625337542,0.015985515384568976,-0.001040627487885875,0.008024033906672685,23.0,0.0,0.8575270538515719,False,no_directional_mu_sector_advantage
standalone Cn(k) directed rings,C8(1),secondary_or_exploratory,8,8,directed clockwise 1-jump,residual_contraction_low_distance,time_shifted,16,8,1.0,57,0.09102846804812097,5.188622678742895,,,,primary non-D12 contrast,-0.0005341071659095134,0.0036369381967014842,0.4932421812035271,0.10327196448249615,0.5060414132039368,0.012313176172675244,-0.000250324798480188,0.006877113711991119,25.0,0.0,,False,control_condition
standalone Cn(k) directed rings,C8(1),secondary_or_exploratory,8,8,directed clockwise 1-jump,residual_contraction_low_distance,random_event,16,8,1.0,57,0.09102846804812097,5.188622678742895,,,,primary non-D12 contrast,-0.00014192244488528334,0.0028350484636556093,0.3170589926038744,0.19097492479256353,0.4906648899001816,0.01354663918757132,0.00029901837601457236,0.005079888183326956,56.0,0.0,,False,control_condition
standalone Cn(k) directed rings,C8(1),secondary_or_exploratory,8,8,directed clockwise 1-jump,residual_contraction_low_distance,endogenous,20,0,0.0,57,0.09102846804812097,5.188622678742895,0.001959241544219694,0.002170912791093737,0.2919254658385093,primary non-D12 contrast,0.0019929736945000845,0.003873300553663455,0.3573930564173309,0.12094735765042396,0.5072558800935709,0.015695235444654027,0.004504164404315431,0.007652289082151949,23.0,0.0,0.8575270538515719,True,directional_mu_sector_signal_not_fdr_confirmed
standalone Cn(k) directed rings,C8(1),secondary_or_exploratory,8,8,directed clockwise 1-jump,residual_contraction_low_distance,time_shifted,20,0,0.0,57,0.09102846804812097,5.188622678742895,,,,primary non-D12 contrast,3.37321502803906e-05,0.004780336259190781,0.4442927582731423,0.11048337409017717,0.5023226972950487,0.011840920498471673,0.0002937207720532981,0.008943521341988938,25.0,0.0,,False,control_condition
standalone Cn(k) directed rings,C8(1),secondary_or_exploratory,8,8,directed clockwise 1-jump,residual_contraction_low_distance,random_event,20,0,0.0,57,0.09102846804812097,5.188622678742895,,,,primary non-D12 contrast,-0.00017793909659365273,0.0029942981040673145,0.5117686830023482,0.1259420130466979,0.5026062905064272,0.013518006362006616,-0.00019351600221361446,0.005280033207377651,56.0,0.0,,False,control_condition
standalone Cn(k) directed rings,C8(1),secondary_or_exploratory,8,8,directed clockwise 1-jump,residual_contraction_low_distance,endogenous,24,8,1.0,57,0.09102846804812097,5.188622678742895,-0.0023445980480809358,-0.0050872340358117775,0.84472049689441,primary non-D12 contrast,-0.002683090957267306,0.003943685402715784,0.4368406363563338,0.1346204469586354,0.4883737290962209,0.012114868361539292,-0.004445166015200027,0.0075987515018004805,23.0,0.0,0.9382866518223368,False,no_directional_mu_sector_advantage
standalone Cn(k) directed rings,C8(1),secondary_or_exploratory,8,8,directed clockwise 1-jump,residual_contraction_low_distance,time_shifted,24,8,1.0,57,0.09102846804812097,5.188622678742895,,,,primary non-D12 contrast,-0.00033849290918637026,0.004380368618475592,0.4165285132022481,0.15244600168527625,0.49380055365353936,0.010498768062180669,-0.000495053940925445,0.008269877660039083,25.0,0.0,,False,control_condition
standalone Cn(k) directed rings,C8(1),secondary_or_exploratory,8,8,directed clockwise 1-jump,residual_contraction_low_distance,random_event,24,8,1.0,57,0.09102846804812097,5.188622678742895,,,,primary non-D12 contrast,0.0024041430785444714,0.0035383019433887545,0.5094191537922226,0.12463050318823657,0.5037102904267894,0.013719391780440546,0.004244552949337881,0.0065652223462931755,56.0,0.0,,False,control_condition
standalone Cn(k) directed rings,C8(1),secondary_or_exploratory,8,8,directed clockwise 1-jump,FES_phase_transition,endogenous,2,0,0.0,192,0.09999999999999999,19.2,0.0018308980092076154,0.0004903673955495838,0.36024844720496896,primary non-D12 contrast,0.0015360276447974096,0.003723668440379318,0.8524557227384293,0.0032916718300338363,0.5389840353935874,0.0071268259487366195,0.004957843949621857,0.008070654634298307,24.0,0.0,0.8575270538515719,True,directional_mu_sector_signal_not_fdr_confirmed
standalone Cn(k) directed rings,C8(1),secondary_or_exploratory,8,8,directed clockwise 1-jump,FES_phase_transition,time_shifted,2,0,0.0,192,0.09999999999999999,19.2,,,,primary non-D12 contrast,-0.00029487036441020576,0.0030420810871474024,0.9446584586281326,0.002016735724617868,0.5393409547661747,0.006587275656678163,0.0006780424381152096,0.006775353638263528,25.0,0.0,,False,control_condition
standalone Cn(k) directed rings,C8(1),secondary_or_exploratory,8,8,directed clockwise 1-jump,FES_phase_transition,random_event,2,0,0.0,192,0.09999999999999999,19.2,,,,primary non-D12 contrast,0.0010456602492478258,0.0026605178756473388,0.9648317265240933,0.004271681383209572,0.5329887966118483,0.005965656637753718,0.0031697113754171483,0.005435751596983635,191.0,0.0,,False,control_condition
standalone Cn(k) directed rings,C8(1),secondary_or_exploratory,8,8,directed clockwise 1-jump,FES_phase_transition,endogenous,3,0,0.0,192,0.09999999999999999,19.2,0.00018334723023535828,0.0014043462360268585,0.35403726708074534,primary non-D12 contrast,0.0020458921210242727,0.0032187629617130334,0.6459012496794694,0.006428020442871278,0.5413289305418548,0.007078354638954663,0.005740654603228153,0.007306966845770302,24.0,0.0,0.8575270538515719,True,directional_mu_sector_signal_not_fdr_confirmed
standalone Cn(k) directed rings,C8(1),secondary_or_exploratory,8,8,directed clockwise 1-jump,FES_phase_transition,time_shifted,3,0,0.0,192,0.09999999999999999,19.2,,,,primary non-D12 contrast,0.0018625448907889145,0.0029502458957086507,0.8420748930246333,0.009867540353043984,0.5400468943320773,0.00681095444399791,0.0049411715016828076,0.006706418832486522,25.0,0.0,,False,control_condition
standalone Cn(k) directed rings,C8(1),secondary_or_exploratory,8,8,directed clockwise 1-jump,FES_phase_transition,random_event,3,0,0.0,192,0.09999999999999999,19.2,,,,primary non-D12 contrast,0.0006415458849974142,0.0023437648226885405,0.7974684125488735,0.0060268402417637795,0.542559732556844,0.006086558846272795,0.0019824922756539612,0.004867946476206443,191.0,0.0,,False,control_condition
standalone Cn(k) directed rings,C8(1),secondary_or_exploratory,8,8,directed clockwise 1-jump,FES_phase_transition,endogenous,4,0,0.0,192,0.09999999999999999,19.2,-0.0003709978799698853,4.570870627600344e-05,0.5403726708074534,primary non-D12 contrast,-0.00040261216342205887,0.00307395878929564,0.8535101365589612,0.00971021440270624,0.47976740479012114,0.005615376366800637,-0.001442859915777898,0.006917492084169241,24.0,0.0,0.8575270538515719,False,no_directional_mu_sector_advantage
standalone Cn(k) directed rings,C8(1),secondary_or_exploratory,8,8,directed clockwise 1-jump,FES_phase_transition,time_shifted,4,0,0.0,192,0.09999999999999999,19.2,,,,primary non-D12 contrast,-3.161428345217357e-05,0.0027983372535290356,0.9192216540499276,0.008075019434036313,0.4844719204831242,0.006809293191081487,-0.000607266734833354,0.006239417326677722,25.0,0.0,,False,control_condition
standalone Cn(k) directed rings,C8(1),secondary_or_exploratory,8,8,directed clockwise 1-jump,FES_phase_transition,random_event,4,0,0.0,192,0.09999999999999999,19.2,,,,primary non-D12 contrast,-0.0004483208696980623,0.0016181590247803395,0.9318961502404889,0.009626681688051641,0.4832364123119007,0.004478093477725076,-0.0014884177175973033,0.003539631597233981,191.0,0.0,,False,control_condition
standalone Cn(k) directed rings,C8(1),secondary_or_exploratory,8,8,directed clockwise 1-jump,FES_phase_transition,endogenous,5,0,0.0,192,0.09999999999999999,19.2,0.003744248324075176,0.0011394667446862853,0.18012422360248448,primary non-D12 contrast,0.0021615653837030505,0.0025466058421058264,0.7015988557329959,0.011540664797255143,0.5126287810740205,0.005152882563697189,0.004018096556391554,0.005635869508216784,24.0,0.0,0.8575270538515719,True,directional_mu_sector_signal_not_fdr_confirmed
standalone Cn(k) directed rings,C8(1),secondary_or_exploratory,8,8,directed clockwise 1-jump,FES_phase_transition,time_shifted,5,0,0.0,192,0.09999999999999999,19.2,,,,primary non-D12 contrast,-0.0015826829403721254,0.0026303805217347104,0.6948714335517963,0.01606773169733393,0.49694411600425725,0.006081811381147677,-0.004029368415189851,0.006128098698872243,25.0,0.0,,False,control_condition
standalone Cn(k) directed rings,C8(1),secondary_or_exploratory,8,8,directed clockwise 1-jump,FES_phase_transition,random_event,5,0,0.0,192,0.09999999999999999,19.2,,,,primary non-D12 contrast,0.0010220986390167652,0.0015816880939790842,0.8167742652207209,0.013451504941785918,0.4966748168489744,0.0037403010990972995,0.0017068010146604959,0.003449630312686815,191.0,0.0,,False,control_condition
standalone Cn(k) directed rings,C8(1),secondary_or_exploratory,8,8,directed clockwise 1-jump,FES_phase_transition,endogenous,6,0,0.0,192,0.09999999999999999,19.2,-0.0016121140747358059,-0.001920207664833027,0.84472049689441,primary non-D12 contrast,-0.0004703168104933833,0.002917560416644372,0.6924654536961544,0.01009062032487394,0.49359450168825897,0.005000200684293683,-0.0011954720061601025,0.006674568945452454,24.0,0.0,0.9382866518223368,False,no_directional_mu_sector_advantage
standalone Cn(k) directed rings,C8(1),secondary_or_exploratory,8,8,directed clockwise 1-jump,FES_phase_transition,time_shifted,6,0,0.0,192,0.09999999999999999,19.2,,,,primary non-D12 contrast,0.0011417972642424226,0.002543536627856511,0.7724295298878667,0.014630980610617563,0.5081195590169612,0.006027022013186931,0.002478569940770787,0.005838593129525382,25.0,0.0,,False,control_condition
standalone Cn(k) directed rings,C8(1),secondary_or_exploratory,8,8,directed clockwise 1-jump,FES_phase_transition,random_event,6,0,0.0,192,0.09999999999999999,19.2,,,,primary non-D12 contrast,0.0014498908543396436,0.0012579002698174017,0.8612495365177104,0.020025927797008108,0.5140168124789033,0.003540581144517352,0.003218029484712884,0.002800808041725215,191.0,0.0,,False,control_condition
standalone Cn(k) directed rings,C8(1),secondary_or_exploratory,8,8,directed clockwise 1-jump,FES_phase_transition,endogenous,8,8,1.0,192,0.09999999999999999,19.2,-0.005658112203890617,-0.0008139317267472196,0.8509316770186336,primary non-D12 contrast,-0.0020734250011210766,0.0026611284183072166,0.2857378656504007,0.022335804397296814,0.4863761438239881,0.005991401544052892,-0.0060661767301448555,0.005860519932379871,24.0,0.0,0.9382866518223368,False,no_directional_mu_sector_advantage
standalone Cn(k) directed rings,C8(1),secondary_or_exploratory,8,8,directed clockwise 1-jump,FES_phase_transition,time_shifted,8,8,1.0,192,0.09999999999999999,19.2,,,,primary non-D12 contrast,0.0035846872027695403,0.0032799390120460755,0.318357042598627,0.010987755227593654,0.5054163125026252,0.006266225393139947,0.007002802958177888,0.00744423727480069,25.0,0.0,,False,control_condition
standalone Cn(k) directed rings,C8(1),secondary_or_exploratory,8,8,directed clockwise 1-jump,FES_phase_transition,random_event,8,8,1.0,192,0.09999999999999999,19.2,,,,primary non-D12 contrast,-0.001259493274373857,0.0013056029265502318,0.7241760624841017,0.028518671758405837,0.5011847463896422,0.003637557644921486,-0.001960356186937341,0.0027268960507768553,191.0,0.0,,False,control_condition
standalone Cn(k) directed rings,C8(1),secondary_or_exploratory,8,8,directed clockwise 1-jump,FES_phase_transition,endogenous,9,0,0.0,192,0.09999999999999999,19.2,0.00533128658563007,0.0023113359317933502,0.049689440993788817,primary non-D12 contrast,0.002506907199061344,0.0031897884910888842,0.21028846174472465,0.018514601859606884,0.5137144396698803,0.006415507071384262,0.006650128162366688,0.007179358474574906,24.0,0.0,0.8575270538515719,True,directional_mu_sector_signal_not_fdr_confirmed
standalone Cn(k) directed rings,C8(1),secondary_or_exploratory,8,8,directed clockwise 1-jump,FES_phase_transition,time_shifted,9,0,0.0,192,0.09999999999999999,19.2,,,,primary non-D12 contrast,-0.002824379386568726,0.0032584087847008867,0.3299349057798088,0.013186392162777852,0.4996495673500137,0.00597224964779422,-0.0053243874255297615,0.007419188693461634,25.0,0.0,,False,control_condition
standalone Cn(k) directed rings,C8(1),secondary_or_exploratory,8,8,directed clockwise 1-jump,FES_phase_transition,random_event,9,0,0.0,192,0.09999999999999999,19.2,,,,primary non-D12 contrast,0.00019557126726799378,0.0012672032498605643,0.5724692345749516,0.02817301332479482,0.49685273156091014,0.0035744047458790167,-0.0003322376483512137,0.002718824109917545,191.0,0.0,,False,control_condition
standalone Cn(k) directed rings,C8(1),secondary_or_exploratory,8,8,directed clockwise 1-jump,FES_phase_transition,endogenous,10,0,0.0,192,0.09999999999999999,19.2,-0.002338612345341232,0.0006746509055429692,0.577639751552795,primary non-D12 contrast,0.0009912786614046831,0.0026518898940959164,0.30892695532217423,0.02629462165571959,0.5015957856401709,0.005623677552301067,0.000330242061121672,0.005939426353940437,24.0,0.0,0.8575270538515719,False,no_directional_mu_sector_advantage
standalone Cn(k) directed rings,C8(1),secondary_or_exploratory,8,8,directed clockwise 1-jump,FES_phase_transition,time_shifted,10,0,0.0,192,0.09999999999999999,19.2,,,,primary non-D12 contrast,0.003329891006745915,0.002583678880771508,0.7105744651954413,0.02568298115082301,0.5023561029613987,0.005831629530786739,0.006210044937084563,0.0058873347025746765,25.0,0.0,,False,control_condition
standalone Cn(k) directed rings,C8(1),secondary_or_exploratory,8,8,directed clockwise 1-jump,FES_phase_transition,random_event,10,0,0.0,192,0.09999999999999999,19.2,,,,primary non-D12 contrast,0.0003166277558617139,0.001356290917004948,0.8668076078340041,0.01677184911233771,0.5112423406671649,0.0025226183047557032,0.0010784680089347533,0.002878707096630157,191.0,0.0,,False,control_condition
standalone Cn(k) directed rings,C8(1),secondary_or_exploratory,8,8,directed clockwise 1-jump,FES_phase_transition,endogenous,12,0,0.0,192,0.09999999999999999,19.2,0.0013371042563144681,-0.00040237013794205956,0.4968944099378882,primary non-D12 contrast,-0.0008397300160534027,0.0028893619792742667,0.7887665432169245,0.024052459001988446,0.49848424780387895,0.00562088508106883,-0.0009777921649264023,0.006518449224565395,24.0,0.0,0.8575270538515719,False,no_directional_mu_sector_advantage
standalone Cn(k) directed rings,C8(1),secondary_or_exploratory,8,8,directed clockwise 1-jump,FES_phase_transition,time_shifted,12,0,0.0,192,0.09999999999999999,19.2,,,,primary non-D12 contrast,-0.0021768342723678708,0.002615597093718272,0.45423238417741746,0.032978804876356904,0.49912399115322137,0.006206245029671442,-0.004457675949625605,0.0057439218688703835,25.0,0.0,,False,control_condition
standalone Cn(k) directed rings,C8(1),secondary_or_exploratory,8,8,directed clockwise 1-jump,FES_phase_transition,random_event,12,0,0.0,192,0.09999999999999999,19.2,,,,primary non-D12 contrast,-0.0004373598781113431,0.0011439102265713799,0.7191322127509091,0.03402770272355432,0.4979431409462185,0.00197222140954202,-0.0011731012582872772,0.0024953591723753327,191.0,0.0,,False,control_condition
standalone Cn(k) directed rings,C8(1),secondary_or_exploratory,8,8,directed clockwise 1-jump,FES_phase_transition,endogenous,16,8,1.0,192,0.09999999999999999,19.2,0.0012383598514713746,-0.002321780289609649,0.6583850931677019,primary non-D12 contrast,-0.0010786748633017137,0.002786790974862602,0.2812081316919741,0.029425562492721418,0.5001267970850959,0.007064831011616806,-0.0031035847747888394,0.0064934096651911135,24.0,0.0,0.8863521907000167,False,no_directional_mu_sector_advantage
standalone Cn(k) directed rings,C8(1),secondary_or_exploratory,8,8,directed clockwise 1-jump,FES_phase_transition,time_shifted,16,8,1.0,192,0.09999999999999999,19.2,,,,primary non-D12 contrast,-0.0023170347147730883,0.0026589015384473696,0.008999323332061437,0.018472048063724725,0.5145862079931077,0.006412684541183656,-0.00554867771386147,0.005840233600667668,25.0,0.0,,False,control_condition
standalone Cn(k) directed rings,C8(1),secondary_or_exploratory,8,8,directed clockwise 1-jump,FES_phase_transition,random_event,16,8,1.0,192,0.09999999999999999,19.2,,,,primary non-D12 contrast,0.0012431054263079353,0.001101520698610297,0.0,0.0,0.5077568517785871,0.0018540973828576695,0.0030873413276912365,0.002386788747714146,191.0,0.0,,False,control_condition
standalone Cn(k) directed rings,C8(1),secondary_or_exploratory,8,8,directed clockwise 1-jump,FES_phase_transition,endogenous,20,0,0.0,192,0.09999999999999999,19.2,0.0010893254121380862,0.0018741677783328072,0.16149068322981366,primary non-D12 contrast,0.000759276725581892,0.0017515353482171299,0.6423284916641578,0.027379647761013797,0.5089038565191939,0.005872664877327115,0.0015133383357995005,0.004129176012715275,24.0,0.0,0.8575270538515719,True,directional_mu_sector_signal_not_fdr_confirmed
standalone Cn(k) directed rings,C8(1),secondary_or_exploratory,8,8,directed clockwise 1-jump,FES_phase_transition,time_shifted,20,0,0.0,192,0.09999999999999999,19.2,,,,primary non-D12 contrast,-0.00033004868655619405,0.002047009343425522,0.5270328849843907,0.04111059704088116,0.5144301728492543,0.004742015191053797,-0.0009916902629564972,0.0046342336840582265,25.0,0.0,,False,control_condition
standalone Cn(k) directed rings,C8(1),secondary_or_exploratory,8,8,directed clockwise 1-jump,FES_phase_transition,random_event,20,0,0.0,192,0.09999999999999999,19.2,,,,primary non-D12 contrast,-0.0011148910527509152,0.0010843601932796199,0.6981563318783477,0.05104576425246684,0.4970416001120313,0.0017687750954525027,-0.0020500072805104737,0.0023726785669013137,191.0,0.0,,False,control_condition
standalone Cn(k) directed rings,C8(1),secondary_or_exploratory,8,8,directed clockwise 1-jump,FES_phase_transition,endogenous,24,8,1.0,192,0.09999999999999999,19.2,-0.0014245612746549626,0.0018226659880271607,0.40372670807453415,primary non-D12 contrast,7.524295526478318e-05,0.002023122809633669,0.21237357987487648,0.07041397142125862,0.49739508673481747,0.008067119170344516,3.2393615482586676e-05,0.004569411295111689,24.0,0.0,0.8575270538515719,False,no_directional_mu_sector_advantage
standalone Cn(k) directed rings,C8(1),secondary_or_exploratory,8,8,directed clockwise 1-jump,FES_phase_transition,time_shifted,24,8,1.0,192,0.09999999999999999,19.2,,,,primary non-D12 contrast,0.0014998042299197458,0.002129594616159854,0.0780061682750158,0.0625892667777279,0.5097653528507102,0.0057547465471843254,0.0028638202495786117,0.004675440144598474,25.0,0.0,,False,control_condition
standalone Cn(k) directed rings,C8(1),secondary_or_exploratory,8,8,directed clockwise 1-jump,FES_phase_transition,random_event,24,8,1.0,192,0.09999999999999999,19.2,,,,primary non-D12 contrast,-0.0017474230327623776,0.0010655359193861586,0.3908409963105598,0.06595432699313902,0.4926838695999868,0.0023939779002888077,-0.0035220755255451477,0.002388805320115932,191.0,0.0,,False,control_condition
standalone Cn(k) directed rings,C8(1),secondary_or_exploratory,8,8,directed clockwise 1-jump,h_zero_crossing,endogenous,2,0,0.0,1309,0.06571604327262921,86.02230064387163,0.001486023651693918,0.00036583472999579476,0.38509316770186336,primary non-D12 contrast,0.000705982528071087,0.0022877784757122472,0.8363553051695657,0.0007633348596642868,0.46353063882834905,0.0005154232735438676,0.0011003411040358048,0.004071610617530566,234.0,0.0,0.8575270538515719,True,directional_mu_sector_signal_not_fdr_confirmed
standalone Cn(k) directed rings,C8(1),secondary_or_exploratory,8,8,directed clockwise 1-jump,h_zero_crossing,time_shifted,2,0,0.0,1309,0.06571604327262921,86.02230064387163,,,,primary non-D12 contrast,-0.0007800411236228308,0.0023357640913373046,0.8153721991448162,0.00032732954397679266,0.4632680384748461,0.0005744048123360795,-0.001459926270058722,0.00421734602930579,234.0,0.0,,False,control_condition
standalone Cn(k) directed rings,C8(1),secondary_or_exploratory,8,8,directed clockwise 1-jump,h_zero_crossing,random_event,2,0,0.0,1309,0.06571604327262921,86.02230064387163,,,,primary non-D12 contrast,0.0003401477980752923,0.002097014089340529,0.8444268140322482,0.0004916137186927145,0.458689866545793,0.000566865085053498,0.0007181520485214467,0.0037318385647815717,236.0,0.0,,False,control_condition
standalone Cn(k) directed rings,C8(1),secondary_or_exploratory,8,8,directed clockwise 1-jump,h_zero_crossing,endogenous,3,0,0.0,1309,0.06571604327262921,86.02230064387163,-5.786413921983117e-06,-0.0006564127307821335,0.577639751552795,primary non-D12 contrast,-0.0001405467027417358,0.0021346988307305785,0.717767913932897,0.000685507809580023,0.494565910759831,0.0007228874626221758,-0.0005228042747890675,0.0037942039000169086,234.0,0.0,0.8575270538515719,False,no_directional_mu_sector_advantage
standalone Cn(k) directed rings,C8(1),secondary_or_exploratory,8,8,directed clockwise 1-jump,h_zero_crossing,time_shifted,3,0,0.0,1309,0.06571604327262921,86.02230064387163,,,,primary non-D12 contrast,-0.0001347602888197527,0.0022973169878154256,0.6281495355657538,0.0007517802754320046,0.49408669086531426,0.0007472415406898781,-0.0002987100994202634,0.0041454550394819,234.0,0.0,,False,control_condition
standalone Cn(k) directed rings,C8(1),secondary_or_exploratory,8,8,directed clockwise 1-jump,h_zero_crossing,random_event,3,0,0.0,1309,0.06571604327262921,86.02230064387163,,,,primary non-D12 contrast,0.0005158660280403977,0.00174756148879741,0.6039111065956269,0.00042321107386666316,0.48930600979432837,0.0006170079110471954,0.0007605291238718048,0.0031148913675553874,236.0,0.0,,False,control_condition
standalone Cn(k) directed rings,C8(1),secondary_or_exploratory,8,8,directed clockwise 1-jump,h_zero_crossing,endogenous,4,0,0.0,1309,0.06571604327262921,86.02230064387163,-0.00024616885732202983,-0.002167574705371423,0.7329192546583851,primary non-D12 contrast,-0.0009829555323025668,0.0018791983534979975,0.6517028503459906,0.000921730174667968,0.4828539557541123,0.0008257535279288065,-0.0017266670487961096,0.0033426230690917786,234.0,0.0,0.8908179301055152,False,no_directional_mu_sector_advantage
standalone Cn(k) directed rings,C8(1),secondary_or_exploratory,8,8,directed clockwise 1-jump,h_zero_crossing,time_shifted,4,0,0.0,1309,0.06571604327262921,86.02230064387163,,,,primary non-D12 contrast,-0.000736786674980537,0.001905649434582002,0.6005015885526965,0.0012204568278272284,0.48378597007086876,0.000895731465131802,-0.0013165530477520083,0.003435142373528824,234.0,0.0,,False,control_condition
standalone Cn(k) directed rings,C8(1),secondary_or_exploratory,8,8,directed clockwise 1-jump,h_zero_crossing,random_event,4,0,0.0,1309,0.06571604327262921,86.02230064387163,,,,primary non-D12 contrast,0.0011846191730688564,0.001507390958496084,0.7259837326023535,0.0004944152408527686,0.48853340204441265,0.0008199053508940491,0.0021251037927220565,0.00268848779161036,236.0,0.0,,False,control_condition
standalone Cn(k) directed rings,C8(1),secondary_or_exploratory,8,8,directed clockwise 1-jump,h_zero_crossing,endogenous,5,0,0.0,1309,0.06571604327262921,86.02230064387163,0.001969335392538609,0.004924290286517439,0.08074534161490683,primary non-D12 contrast,0.0012541125623479665,0.001667695042127014,0.5941308555774951,0.0011979644631804802,0.4839100543451327,0.0008137962279783814,0.002139330189034775,0.002966077582348967,234.0,0.0,0.8575270538515719,True,directional_mu_sector_signal_not_fdr_confirmed
standalone Cn(k) directed rings,C8(1),secondary_or_exploratory,8,8,directed clockwise 1-jump,h_zero_crossing,time_shifted,5,0,0.0,1309,0.06571604327262921,86.02230064387163,,,,primary non-D12 contrast,-0.0007152228301906423,0.001886814079018398,0.6211998236765712,0.0009951844479513213,0.4812981529170347,0.0009166877538983686,-0.001452016607032924,0.003412168035811745,234.0,0.0,,False,control_condition
standalone Cn(k) directed rings,C8(1),secondary_or_exploratory,8,8,directed clockwise 1-jump,h_zero_crossing,random_event,5,0,0.0,1309,0.06571604327262921,86.02230064387163,,,,primary non-D12 contrast,-0.0036701777241694724,0.0016409718060194992,0.6504323047042542,0.0018333699611101644,0.46676164423022276,0.0009053382780052726,-0.006445886441755043,0.002933895572549414,236.0,0.0,,False,control_condition
standalone Cn(k) directed rings,C8(1),secondary_or_exploratory,8,8,directed clockwise 1-jump,h_zero_crossing,endogenous,6,0,0.0,1309,0.06571604327262921,86.02230064387163,-0.00023558266809482108,-0.0004438244705566063,0.5838509316770186,primary non-D12 contrast,-0.0005943311026116738,0.001642382638317747,0.6434283619359926,0.003282253527699672,0.4987282479782024,0.0010213946321074518,-0.0011475624577223958,0.002911110572265084,234.0,0.0,0.8623029144768274,False,no_directional_mu_sector_advantage
standalone Cn(k) directed rings,C8(1),secondary_or_exploratory,8,8,directed clockwise 1-jump,h_zero_crossing,time_shifted,6,0,0.0,1309,0.06571604327262921,86.02230064387163,,,,primary non-D12 contrast,-0.00035874843451685277,0.001483402029421417,0.6096838305823146,0.001905863479207498,0.4978391529329825,0.0008655691647596401,-0.0007295234332418221,0.002679037343916106,234.0,0.0,,False,control_condition
standalone Cn(k) directed rings,C8(1),secondary_or_exploratory,8,8,directed clockwise 1-jump,h_zero_crossing,random_event,6,0,0.0,1309,0.06571604327262921,86.02230064387163,,,,primary non-D12 contrast,-0.00015050663205506753,0.0013958713754387837,0.6308610425253931,0.0008163497839593984,0.493035749029073,0.0008770262405418532,-9.380889626265636e-05,0.0024958500037355223,236.0,0.0,,False,control_condition
standalone Cn(k) directed rings,C8(1),secondary_or_exploratory,8,8,directed clockwise 1-jump,h_zero_crossing,endogenous,8,8,1.0,1309,0.06571604327262921,86.02230064387163,0.002721694912957928,0.007741800148096244,0.024844720496894408,primary non-D12 contrast,0.0009568047310088186,0.0017869663595388066,0.16099454709878083,0.0006142481886648894,0.4924752089013971,0.001542405738030282,0.0018238203480503003,0.0031688676115456194,234.0,0.0,0.8575270538515719,True,directional_mu_sector_signal_not_fdr_confirmed
standalone Cn(k) directed rings,C8(1),secondary_or_exploratory,8,8,directed clockwise 1-jump,h_zero_crossing,time_shifted,8,8,1.0,1309,0.06571604327262921,86.02230064387163,,,,primary non-D12 contrast,-0.0017648901819491095,0.0015146016123325427,0.13544711457985734,0.00301544347703933,0.49558137746032893,0.0016538555660123324,-0.003291965048352924,0.002742993473717403,234.0,0.0,,False,control_condition
standalone Cn(k) directed rings,C8(1),secondary_or_exploratory,8,8,directed clockwise 1-jump,h_zero_crossing,random_event,8,8,1.0,1309,0.06571604327262921,86.02230064387163,,,,primary non-D12 contrast,-0.006784995417087425,0.0012642477459493722,0.07267973376928212,0.003560710276193266,0.5097570489061581,0.0013380976655008071,-0.01321171232552674,0.002259626909844781,236.0,0.0,,False,control_condition
standalone Cn(k) directed rings,C8(1),secondary_or_exploratory,8,8,directed clockwise 1-jump,h_zero_crossing,endogenous,9,0,0.0,1309,0.06571604327262921,86.02230064387163,-0.0031319327014393177,-0.006145581244416002,0.9937888198757764,primary non-D12 contrast,-0.003162080902296497,0.0018134073250264198,0.44415756439927334,0.003041643716407417,0.4424903158130338,0.0013303433681282103,-0.005517702604989058,0.003209711480660995,234.0,0.0,1.0,False,no_directional_mu_sector_advantage
standalone Cn(k) directed rings,C8(1),secondary_or_exploratory,8,8,directed clockwise 1-jump,h_zero_crossing,time_shifted,9,0,0.0,1309,0.06571604327262921,86.02230064387163,,,,primary non-D12 contrast,-3.0148200857179355e-05,0.0014992666055221543,0.2589446160631877,0.00565580198013966,0.44327425268397286,0.0012446653252027923,0.0001168434151070353,0.002718116330714388,234.0,0.0,,False,control_condition
standalone Cn(k) directed rings,C8(1),secondary_or_exploratory,8,8,directed clockwise 1-jump,h_zero_crossing,random_event,9,0,0.0,1309,0.06571604327262921,86.02230064387163,,,,primary non-D12 contrast,0.002983500342119505,0.0015296414765671416,0.28566846612841196,0.005966721761297087,0.4576594896153046,0.0010615801642789029,0.005803081994209179,0.002733090370638564,236.0,0.0,,False,control_condition
standalone Cn(k) directed rings,C8(1),secondary_or_exploratory,8,8,directed clockwise 1-jump,h_zero_crossing,endogenous,10,0,0.0,1309,0.06571604327262921,86.02230064387163,-0.0028039642484355976,-0.005413937289092667,0.9937888198757764,primary non-D12 contrast,-0.0036130128494041985,0.0017151978800707033,0.4386595700228913,0.003875610088916286,0.4669609757802843,0.0012811897004304012,-0.006086440342178876,0.003037902922070781,234.0,0.0,1.0,False,no_directional_mu_sector_advantage
standalone Cn(k) directed rings,C8(1),secondary_or_exploratory,8,8,directed clockwise 1-jump,h_zero_crossing,time_shifted,10,0,0.0,1309,0.06571604327262921,86.02230064387163,,,,primary non-D12 contrast,-0.000809048600968601,0.0013865984838238273,0.35296319241187685,0.0030564998521955804,0.4662748153767395,0.0012005011034422416,-0.001185892539687915,0.002496904933049398,234.0,0.0,,False,control_condition
standalone Cn(k) directed rings,C8(1),secondary_or_exploratory,8,8,directed clockwise 1-jump,h_zero_crossing,random_event,10,0,0.0,1309,0.06571604327262921,86.02230064387163,,,,primary non-D12 contrast,0.0018009244396884685,0.0013294175618860963,0.42658441204641767,0.003905694106295002,0.4744940304724876,0.0010966969164289168,0.0038232912425371773,0.0023743352121957926,236.0,0.0,,False,control_condition
standalone Cn(k) directed rings,C8(1),secondary_or_exploratory,8,8,directed clockwise 1-jump,h_zero_crossing,endogenous,12,0,0.0,1309,0.06571604327262921,86.02230064387163,-0.001062721305718927,-0.003066937836833548,0.8633540372670807,primary non-D12 contrast,-0.000178781912461696,0.0016384876353392245,0.6062783662202545,0.0015543857511703155,0.518341712302292,0.0013513696116903046,-0.00015725992478414077,0.0029048510241858516,234.0,0.0,0.9382866518223368,False,no_directional_mu_sector_advantage
standalone Cn(k) directed rings,C8(1),secondary_or_exploratory,8,8,directed clockwise 1-jump,h_zero_crossing,time_shifted,12,0,0.0,1309,0.06571604327262921,86.02230064387163,,,,primary non-D12 contrast,0.0008839393932572309,0.0014269892172933158,0.4592421747696388,0.004393918408564037,0.5218858389483112,0.0013317236751813186,0.0017145313706369812,0.002582573711333843,234.0,0.0,,False,control_condition
standalone Cn(k) directed rings,C8(1),secondary_or_exploratory,8,8,directed clockwise 1-jump,h_zero_crossing,random_event,12,0,0.0,1309,0.06571604327262921,86.02230064387163,,,,primary non-D12 contrast,0.002888155924371852,0.001618382478014093,0.5645851779941669,0.002828608396229807,0.5259977366455224,0.0010759074470276255,0.005206132413190793,0.002888825967452959,236.0,0.0,,False,control_condition
standalone Cn(k) directed rings,C8(1),secondary_or_exploratory,8,8,directed clockwise 1-jump,h_zero_crossing,endogenous,16,8,1.0,1309,0.06571604327262921,86.02230064387163,0.0002905304503151764,-0.00605277059776291,0.6956521739130435,primary non-D12 contrast,-0.0059661833884121955,0.0013723314446326485,0.22764671910933448,0.0036438929156572255,0.43167979693557257,0.000754426187089746,-0.009722567043730503,0.0024359364482781243,234.0,0.0,0.8908179301055152,False,no_directional_mu_sector_advantage
standalone Cn(k) directed rings,C8(1),secondary_or_exploratory,8,8,directed clockwise 1-jump,h_zero_crossing,time_shifted,16,8,1.0,1309,0.06571604327262921,86.02230064387163,,,,primary non-D12 contrast,-0.006256713838727372,0.001247504160458063,0.0,0.0,0.4277246576291029,0.0006899198182527364,-0.010227022383833186,0.0022593768729305217,234.0,0.0,,False,control_condition
standalone Cn(k) directed rings,C8(1),secondary_or_exploratory,8,8,directed clockwise 1-jump,h_zero_crossing,random_event,16,8,1.0,1309,0.06571604327262921,86.02230064387163,,,,primary non-D12 contrast,8.65872093507148e-05,0.0014875869925510782,0.0,0.0,0.45924993221139976,0.0007380031367153451,0.00027958468021568135,0.002658876597836931,236.0,0.0,,False,control_condition
standalone Cn(k) directed rings,C8(1),secondary_or_exploratory,8,8,directed clockwise 1-jump,h_zero_crossing,endogenous,20,0,0.0,1309,0.06571604327262921,86.02230064387163,0.0014167011890657243,0.0019449395274999078,0.10559006211180125,primary non-D12 contrast,0.001718089647406534,0.0015775504117893301,0.512879358974591,0.005243562540779499,0.5121891307055013,0.0007482341284097013,0.0029439473024675295,0.0027976882430741285,234.0,0.0,0.8575270538515719,True,directional_mu_sector_signal_not_fdr_confirmed
standalone Cn(k) directed rings,C8(1),secondary_or_exploratory,8,8,directed clockwise 1-jump,h_zero_crossing,time_shifted,20,0,0.0,1309,0.06571604327262921,86.02230064387163,,,,primary non-D12 contrast,0.00030138845834080973,0.0013998722072299978,0.5418734921175876,0.007732055079685368,0.5108699685858756,0.0009442579686053015,0.0004398565311867903,0.002525404816199497,234.0,0.0,,False,control_condition
standalone Cn(k) directed rings,C8(1),secondary_or_exploratory,8,8,directed clockwise 1-jump,h_zero_crossing,random_event,20,0,0.0,1309,0.06571604327262921,86.02230064387163,,,,primary non-D12 contrast,-0.00022684988009337366,0.0014554921261821397,0.4268487048425193,0.006734663800278426,0.5066926642167072,0.0006394089328269225,-0.0005903131360390855,0.002593950158491189,236.0,0.0,,False,control_condition
standalone Cn(k) directed rings,C8(1),secondary_or_exploratory,8,8,directed clockwise 1-jump,h_zero_crossing,endogenous,24,8,1.0,1309,0.06571604327262921,86.02230064387163,-0.009158477389029276,-0.008768790468502643,1.0,primary non-D12 contrast,-0.010141634160740312,0.001526558063650519,0.0,0.0,0.4815615856491492,0.0010688422436038244,-0.01792734333300634,0.0027014186209993133,234.0,0.0,1.0,False,no_directional_mu_sector_advantage
standalone Cn(k) directed rings,C8(1),secondary_or_exploratory,8,8,directed clockwise 1-jump,h_zero_crossing,time_shifted,24,8,1.0,1309,0.06571604327262921,86.02230064387163,,,,primary non-D12 contrast,-0.0009831567717110367,0.0012748058484133185,0.058644285667327656,0.005619187692179191,0.48426150983665844,0.0008682807148233587,-0.0018643667043831396,0.0022966563780505095,234.0,0.0,,False,control_condition
standalone Cn(k) directed rings,C8(1),secondary_or_exploratory,8,8,directed clockwise 1-jump,h_zero_crossing,random_event,24,8,1.0,1309,0.06571604327262921,86.02230064387163,,,,primary non-D12 contrast,-0.0013728436922376681,0.0014069379076593193,0.0,0.0,0.49068678318232734,0.0005113681812788039,-0.0032421414807689867,0.0024992196608974427,236.0,0.0,,False,control_condition
standalone Cn(k) directed rings,C8(1),secondary_or_exploratory,8,8,directed clockwise 1-jump,eps72_restoration_onset,endogenous,2,0,0.0,147,0.1174504040771272,17.2652093993377,0.003489598267031024,0.003649476247702681,0.13043478260869565,primary non-D12 contrast,-0.00044158033548464474,0.0018668838449184787,0.8866154350837455,0.004079196472358992,0.4184509592222444,0.0019557019366750433,-0.000698209379529239,0.0033362663125956604,25.0,0.0,0.8575270538515719,True,directional_mu_sector_signal_not_fdr_confirmed
standalone Cn(k) directed rings,C8(1),secondary_or_exploratory,8,8,directed clockwise 1-jump,eps72_restoration_onset,time_shifted,2,0,0.0,147,0.1174504040771272,17.2652093993377,,,,primary non-D12 contrast,-0.003931178602515669,0.0029025336668289776,0.7775799124423001,0.005573814271427205,0.42588704067002714,0.00973568664185831,-0.007542244426548897,0.0055336446684314845,27.0,0.0,,False,control_condition
standalone Cn(k) directed rings,C8(1),secondary_or_exploratory,8,8,directed clockwise 1-jump,eps72_restoration_onset,random_event,2,0,0.0,147,0.1174504040771272,17.2652093993377,,,,primary non-D12 contrast,-0.004091056583187326,0.0039060963904703197,0.7319825290547277,0.007293358792762723,0.4206036168957712,0.004110150770167282,-0.0077047314120801845,0.007238435758461132,146.0,0.0,,False,control_condition
standalone Cn(k) directed rings,C8(1),secondary_or_exploratory,8,8,directed clockwise 1-jump,eps72_restoration_onset,endogenous,3,0,0.0,147,0.1174504040771272,17.2652093993377,0.002966634717224887,-0.0009069528766746451,0.39751552795031053,primary non-D12 contrast,-0.0033167817790692527,0.002127051892649824,0.701172280054718,0.004230400317908907,0.48038311633853203,0.0028399939834647986,-0.0060951940829389074,0.0037452907172768977,25.0,0.0,0.8575270538515719,False,no_directional_mu_sector_advantage
standalone Cn(k) directed rings,C8(1),secondary_or_exploratory,8,8,directed clockwise 1-jump,eps72_restoration_onset,time_shifted,3,0,0.0,147,0.1174504040771272,17.2652093993377,,,,primary non-D12 contrast,-0.0062834164962941395,0.002760380099336968,0.6739315735178261,0.008517790775860888,0.4852554325859889,0.009540866750924389,-0.010367987731576305,0.005380082805542437,27.0,0.0,,False,control_condition
standalone Cn(k) directed rings,C8(1),secondary_or_exploratory,8,8,directed clockwise 1-jump,eps72_restoration_onset,random_event,3,0,0.0,147,0.1174504040771272,17.2652093993377,,,,primary non-D12 contrast,-0.0024098289023946075,0.003044488884600331,0.803782529219758,0.0023081583798756577,0.4800573636957074,0.004418465826638747,-0.003955529336366582,0.005686621468248612,146.0,0.0,,False,control_condition
standalone Cn(k) directed rings,C8(1),secondary_or_exploratory,8,8,directed clockwise 1-jump,eps72_restoration_onset,endogenous,4,0,0.0,147,0.1174504040771272,17.2652093993377,0.004547657968968107,0.0030236991007352764,0.11801242236024845,primary non-D12 contrast,0.006697604087605254,0.002599658026346484,0.5450746327322584,0.011136803295449521,0.5512823116980993,0.0021190105299218583,0.013164727725502123,0.004612778883857457,25.0,0.0,0.8575270538515719,True,directional_mu_sector_signal_not_fdr_confirmed
standalone Cn(k) directed rings,C8(1),secondary_or_exploratory,8,8,directed clockwise 1-jump,eps72_restoration_onset,time_shifted,4,0,0.0,147,0.1174504040771272,17.2652093993377,,,,primary non-D12 contrast,0.0021499461186371463,0.0032821539695398155,0.5374542960151951,0.006658669933629279,0.5391837591721877,0.00931585018300566,0.0047992753510279484,0.006296689845640311,27.0,0.0,,False,control_condition
standalone Cn(k) directed rings,C8(1),secondary_or_exploratory,8,8,directed clockwise 1-jump,eps72_restoration_onset,random_event,4,0,0.0,147,0.1174504040771272,17.2652093993377,,,,primary non-D12 contrast,0.0036739049868699776,0.0023008887041964157,0.7731809533242455,0.006671842432899293,0.5452219408504086,0.0035829833837358314,0.0067875669562255615,0.004320523969332167,146.0,0.0,,False,control_condition
standalone Cn(k) directed rings,C8(1),secondary_or_exploratory,8,8,directed clockwise 1-jump,eps72_restoration_onset,endogenous,5,0,0.0,147,0.1174504040771272,17.2652093993377,-0.004696724716979359,-0.004795095676849122,0.9503105590062112,primary non-D12 contrast,-0.0007748752474242692,0.0025030324590618012,0.6269979555014277,0.020755109804295572,0.5332911574707042,0.00374930051307397,-0.001834865193179239,0.004508910185159166,25.0,0.0,1.0,False,no_directional_mu_sector_advantage
standalone Cn(k) directed rings,C8(1),secondary_or_exploratory,8,8,directed clockwise 1-jump,eps72_restoration_onset,time_shifted,5,0,0.0,147,0.1174504040771272,17.2652093993377,,,,primary non-D12 contrast,0.00392184946955509,0.0032020694291647416,0.8262902850025036,0.007398339891872468,0.5291680069492328,0.009389830022345497,0.0057955726818266495,0.006035558980252923,27.0,0.0,,False,control_condition
standalone Cn(k) directed rings,C8(1),secondary_or_exploratory,8,8,directed clockwise 1-jump,eps72_restoration_onset,random_event,5,0,0.0,147,0.1174504040771272,17.2652093993377,,,,primary non-D12 contrast,0.004020220429424853,0.002214051009803809,0.6128531384398341,0.01459194202087521,0.5261592884029773,0.003989950845623507,0.0077719899761046155,0.00423574311021024,146.0,0.0,,False,control_condition
standalone Cn(k) directed rings,C8(1),secondary_or_exploratory,8,8,directed clockwise 1-jump,eps72_restoration_onset,endogenous,6,0,0.0,147,0.1174504040771272,17.2652093993377,-0.00527428916559196,-0.0036494854359387504,0.9627329192546584,primary non-D12 contrast,-0.004401370563506083,0.003528596342917367,0.6696634752817296,0.022287542854398292,0.4766337487954912,0.003223701478778789,-0.008473026363716208,0.006369958706313534,25.0,0.0,1.0,False,no_directional_mu_sector_advantage
standalone Cn(k) directed rings,C8(1),secondary_or_exploratory,8,8,directed clockwise 1-jump,eps72_restoration_onset,time_shifted,6,0,0.0,147,0.1174504040771272,17.2652093993377,,,,primary non-D12 contrast,0.0008729186020858773,0.0030822581323768643,0.7112071254002957,0.012773111044552874,0.4830244340734976,0.01092519282715057,0.0015494961048785967,0.0060473391750264826,27.0,0.0,,False,control_condition
standalone Cn(k) directed rings,C8(1),secondary_or_exploratory,8,8,directed clockwise 1-jump,eps72_restoration_onset,random_event,6,0,0.0,147,0.1174504040771272,17.2652093993377,,,,primary non-D12 contrast,-0.0007518851275673322,0.002112290568632494,0.5951462459822142,0.007515379448497663,0.49903866958943954,0.0038534660624374574,-0.0016072849781365486,0.004006885386436778,146.0,0.0,,False,control_condition
standalone Cn(k) directed rings,C8(1),secondary_or_exploratory,8,8,directed clockwise 1-jump,eps72_restoration_onset,endogenous,8,8,1.0,147,0.1174504040771272,17.2652093993377,-0.00017581771932122757,-0.004556055861515254,0.7639751552795031,primary non-D12 contrast,0.004868257485108202,0.0036907063825457323,0.44894389722240663,0.03620901419658701,0.5731892572820625,0.0037365382100342827,0.009585217663377199,0.006508547849325926,25.0,0.0,0.8908179301055152,False,no_directional_mu_sector_advantage
standalone Cn(k) directed rings,C8(1),secondary_or_exploratory,8,8,directed clockwise 1-jump,eps72_restoration_onset,time_shifted,8,8,1.0,147,0.1174504040771272,17.2652093993377,,,,primary non-D12 contrast,0.005044075204429429,0.0032078186282159618,0.039015375100651485,0.018379329923776295,0.5555048433266276,0.01050738660485,0.009316392425174949,0.006023149943889178,27.0,0.0,,False,control_condition
standalone Cn(k) directed rings,C8(1),secondary_or_exploratory,8,8,directed clockwise 1-jump,eps72_restoration_onset,random_event,8,8,1.0,147,0.1174504040771272,17.2652093993377,,,,primary non-D12 contrast,0.009424313346623456,0.001961713482176404,0.50350527230388,0.018276377017633717,0.5953448125808161,0.0035308317782043945,0.01650539140679246,0.003769169553718715,146.0,0.0,,False,control_condition
standalone Cn(k) directed rings,C8(1),secondary_or_exploratory,8,8,directed clockwise 1-jump,eps72_restoration_onset,endogenous,9,0,0.0,147,0.1174504040771272,17.2652093993377,0.004733659689320815,0.0050346534959522385,0.049689440993788817,primary non-D12 contrast,-0.0014427827287036169,0.003469216970607079,0.498044129019783,0.04373556209686412,0.4315445928319154,0.004958142656233266,-0.0029576066995943276,0.006159954784236573,25.0,0.0,0.8575270538515719,True,directional_mu_sector_signal_not_fdr_confirmed
standalone Cn(k) directed rings,C8(1),secondary_or_exploratory,8,8,directed clockwise 1-jump,eps72_restoration_onset,time_shifted,9,0,0.0,147,0.1174504040771272,17.2652093993377,,,,primary non-D12 contrast,-0.006176442418024432,0.003704990841911187,0.30880823656173967,0.03454492546315597,0.44431012511261053,0.009964096792371797,-0.01174119825374977,0.006570488248198315,27.0,0.0,,False,control_condition
standalone Cn(k) directed rings,C8(1),secondary_or_exploratory,8,8,directed clockwise 1-jump,eps72_restoration_onset,random_event,9,0,0.0,147,0.1174504040771272,17.2652093993377,,,,primary non-D12 contrast,-0.006477436224655855,0.001809917368630833,0.31144864126582084,0.03075592755337832,0.41026316738549246,0.0043250930321404365,-0.011350876625140343,0.0035057700267836626,146.0,0.0,,False,control_condition
standalone Cn(k) directed rings,C8(1),secondary_or_exploratory,8,8,directed clockwise 1-jump,eps72_restoration_onset,endogenous,10,0,0.0,147,0.1174504040771272,17.2652093993377,-0.0007378940913462734,-0.002034060273855282,0.7453416149068323,primary non-D12 contrast,-0.001980585956472525,0.00392989664261659,0.7762345288207089,0.024825718090819977,0.49100502533739016,0.0042529154961930575,-0.0038542646464257762,0.007052640497744906,25.0,0.0,0.8908179301055152,False,no_directional_mu_sector_advantage
standalone Cn(k) directed rings,C8(1),secondary_or_exploratory,8,8,directed clockwise 1-jump,eps72_restoration_onset,time_shifted,10,0,0.0,147,0.1174504040771272,17.2652093993377,,,,primary non-D12 contrast,-0.0012426918651262514,0.0033897846762959314,0.7487667442293547,0.024567691246698956,0.48345755475786956,0.007792884268760457,-0.002311744246770398,0.006445677814204745,27.0,0.0,,False,control_condition
standalone Cn(k) directed rings,C8(1),secondary_or_exploratory,8,8,directed clockwise 1-jump,eps72_restoration_onset,random_event,10,0,0.0,147,0.1174504040771272,17.2652093993377,,,,primary non-D12 contrast,5.34743173827572e-05,0.0021219704923628423,0.5123456705621956,0.026185299709614362,0.4887395135272385,0.0050145416775432845,0.0004966523836345956,0.004023248678409875,146.0,0.0,,False,control_condition
standalone Cn(k) directed rings,C8(1),secondary_or_exploratory,8,8,directed clockwise 1-jump,eps72_restoration_onset,endogenous,12,0,0.0,147,0.1174504040771272,17.2652093993377,-0.0013261075225560245,-0.0004577660449642884,0.6645962732919255,primary non-D12 contrast,-0.0001727933883520156,0.0033738342733831465,0.708367516668617,0.028255545702406532,0.5089261671970243,0.0039057147659547348,0.00044981668947392665,0.0060833432471938936,25.0,0.0,0.8863521907000167,False,no_directional_mu_sector_advantage
standalone Cn(k) directed rings,C8(1),secondary_or_exploratory,8,8,directed clockwise 1-jump,eps72_restoration_onset,time_shifted,12,0,0.0,147,0.1174504040771272,17.2652093993377,,,,primary non-D12 contrast,0.001153314134204009,0.003064220986683428,0.7071763898368976,0.026186289685577086,0.51716427173513,0.007796656500965392,0.002481116689345298,0.006064385539106182,27.0,0.0,,False,control_condition
standalone Cn(k) directed rings,C8(1),secondary_or_exploratory,8,8,directed clockwise 1-jump,eps72_restoration_onset,random_event,12,0,0.0,147,0.1174504040771272,17.2652093993377,,,,primary non-D12 contrast,0.0002849726566122728,0.0019070748695220918,0.41894903793327404,0.044988088527650995,0.5226147928300753,0.004028972926299241,0.0003923385847153462,0.0036246619873269753,146.0,0.0,,False,control_condition
standalone Cn(k) directed rings,C8(1),secondary_or_exploratory,8,8,directed clockwise 1-jump,eps72_restoration_onset,endogenous,16,8,1.0,147,0.1174504040771272,17.2652093993377,-0.013843270321569918,-0.00775525218649515,1.0,primary non-D12 contrast,-0.004815449203688939,0.0030477070330741348,0.018031862913874045,0.0312696001052122,0.5408827231617981,0.004755813393417933,-0.011242339874909996,0.00546133691473043,25.0,0.0,1.0,False,no_directional_mu_sector_advantage
standalone Cn(k) directed rings,C8(1),secondary_or_exploratory,8,8,directed clockwise 1-jump,eps72_restoration_onset,time_shifted,16,8,1.0,147,0.1174504040771272,17.2652093993377,,,,primary non-D12 contrast,0.00902782111788098,0.003945393400840745,0.0010751056244953788,0.008051666168297271,0.5415967320919582,0.006894964565335288,0.015352866003271076,0.007614000746577051,27.0,0.0,,False,control_condition
standalone Cn(k) directed rings,C8(1),secondary_or_exploratory,8,8,directed clockwise 1-jump,eps72_restoration_onset,random_event,16,8,1.0,147,0.1174504040771272,17.2652093993377,,,,primary non-D12 contrast,0.0029398029828062106,0.0020204516769647234,0.0006256281912295853,0.0034614849327886375,0.5133040088951886,0.0036876137055271304,0.004577122712143838,0.0037641018661771324,146.0,0.0,,False,control_condition
standalone Cn(k) directed rings,C8(1),secondary_or_exploratory,8,8,directed clockwise 1-jump,eps72_restoration_onset,endogenous,20,0,0.0,147,0.1174504040771272,17.2652093993377,0.0023979456705623407,0.00011001654341093495,0.3167701863354037,primary non-D12 contrast,0.0010253935045871371,0.0030022189489768013,0.6564552470951224,0.060447474096628616,0.5051829675958024,0.004615426316502279,0.0005568149989595703,0.005374401714670393,25.0,0.0,0.8575270538515719,True,directional_mu_sector_signal_not_fdr_confirmed
standalone Cn(k) directed rings,C8(1),secondary_or_exploratory,8,8,directed clockwise 1-jump,eps72_restoration_onset,time_shifted,20,0,0.0,147,0.1174504040771272,17.2652093993377,,,,primary non-D12 contrast,-0.0013725521659752036,0.0033589565154286414,0.527813972321485,0.01794545621091712,0.503184926239767,0.0058366963169984324,-0.0036934572982928126,0.0065044157711940595,27.0,0.0,,False,control_condition
standalone Cn(k) directed rings,C8(1),secondary_or_exploratory,8,8,directed clockwise 1-jump,eps72_restoration_onset,random_event,20,0,0.0,147,0.1174504040771272,17.2652093993377,,,,primary non-D12 contrast,0.0009153769611762022,0.0018093154801321072,0.5559690282347585,0.027826104683299206,0.499163042143823,0.0037603103931325675,0.0018476481448539057,0.0034643349542672333,146.0,0.0,,False,control_condition
standalone Cn(k) directed rings,C8(1),secondary_or_exploratory,8,8,directed clockwise 1-jump,eps72_restoration_onset,endogenous,24,8,1.0,147,0.1174504040771272,17.2652093993377,-4.1053430467790524e-05,0.002018119340067289,0.35403726708074534,primary non-D12 contrast,-0.0008172996671503144,0.0023146525535186805,0.25521475811115346,0.07447798628690258,0.49552064084838215,0.005230305917501053,-0.0016009022451080005,0.004182994544948518,25.0,0.0,0.8575270538515719,False,no_directional_mu_sector_advantage
standalone Cn(k) directed rings,C8(1),secondary_or_exploratory,8,8,directed clockwise 1-jump,eps72_restoration_onset,time_shifted,24,8,1.0,147,0.1174504040771272,17.2652093993377,,,,primary non-D12 contrast,-0.0007762462366825239,0.00264499368398437,0.13606571114356497,0.0518800273992006,0.4856119645879892,0.005600693072782181,-0.0010653749327696055,0.005107508274417893,27.0,0.0,,False,control_condition
standalone Cn(k) directed rings,C8(1),secondary_or_exploratory,8,8,directed clockwise 1-jump,eps72_restoration_onset,random_event,24,8,1.0,147,0.1174504040771272,17.2652093993377,,,,primary non-D12 contrast,-0.0028354190072176037,0.001858096470052533,0.18227101139959856,0.0398821815070321,0.49152052208924424,0.004119850516781289,-0.006208592901941376,0.003514481074752585,146.0,0.0,,False,control_condition
standalone Cn(k) directed rings,C8(1),secondary_or_exploratory,8,8,directed clockwise 1-jump,ricci_phase_sync_high_lock_session,endogenous,2,0,0.0,7,0.13775013979131107,0.9642509785391775,0.0057442225658561,0.004646449061022506,0.422360248447205,primary non-D12 contrast,0.0029471179800376174,0.01634826339412359,0.9375368577927704,0.05064147427069597,0.6544076851798852,0.15170684826931205,0.012191097457996767,0.04491234479834196,2.0,0.0,0.8575270538515719,True,directional_mu_sector_signal_not_fdr_confirmed
standalone Cn(k) directed rings,C8(1),secondary_or_exploratory,8,8,directed clockwise 1-jump,ricci_phase_sync_high_lock_session,time_shifted,2,0,0.0,7,0.13775013979131107,0.9642509785391775,,,,primary non-D12 contrast,-0.002797104585818482,0.039448467673413375,0.8815857254956946,0.06785153786870322,0.5409992615392724,0.11708008820719333,-0.0010950038753949453,0.08255199571217296,4.0,0.0,,False,control_condition
standalone Cn(k) directed rings,C8(1),secondary_or_exploratory,8,8,directed clockwise 1-jump,ricci_phase_sync_high_lock_session,random_event,2,0,0.0,7,0.13775013979131107,0.9642509785391775,,,,primary non-D12 contrast,-0.0016993310809848884,0.011703608253264514,0.8727712312761671,0.07268473179868751,0.543562686930854,0.10454645388173238,0.0011117782194483507,0.029163301511766285,7.0,0.0,,False,control_condition
standalone Cn(k) directed rings,C8(1),secondary_or_exploratory,8,8,directed clockwise 1-jump,ricci_phase_sync_high_lock_session,endogenous,3,0,0.0,7,0.13775013979131107,0.9642509785391775,-0.003049751483166726,-0.0009911702450723162,0.5527950310559007,primary non-D12 contrast,-0.005016964220619785,0.019046189449105473,0.888891309297232,0.08145167584524758,0.42098519125574896,0.13482069037827543,-0.013501229600380239,0.05451910122438769,2.0,0.0,0.8575270538515719,False,no_directional_mu_sector_advantage
standalone Cn(k) directed rings,C8(1),secondary_or_exploratory,8,8,directed clockwise 1-jump,ricci_phase_sync_high_lock_session,time_shifted,3,0,0.0,7,0.13775013979131107,0.9642509785391775,,,,primary non-D12 contrast,-0.001967212737453059,0.03576153634229658,0.8256901955025636,0.10145245048144468,0.49270864830282585,0.09240987807936701,-0.005129088749463135,0.07585265817075904,4.0,0.0,,False,control_condition
standalone Cn(k) directed rings,C8(1),secondary_or_exploratory,8,8,directed clockwise 1-jump,ricci_phase_sync_high_lock_session,random_event,3,0,0.0,7,0.13775013979131107,0.9642509785391775,,,,primary non-D12 contrast,-0.004025793975547469,0.011555117617817013,0.8239945979550214,0.09328350296706997,0.48356774651538637,0.07519094460109663,-0.009028667376353453,0.028163892264874608,7.0,0.0,,False,control_condition
standalone Cn(k) directed rings,C8(1),secondary_or_exploratory,8,8,directed clockwise 1-jump,ricci_phase_sync_high_lock_session,endogenous,4,0,0.0,7,0.13775013979131107,0.9642509785391775,0.007247206368056478,0.0015691128704092745,0.43478260869565216,primary non-D12 contrast,0.00014783344747438965,0.022396729114703633,0.8455159357268258,0.09280058657974374,0.5343661578831932,0.11914032170398203,-0.0009383419462722757,0.06481975748674394,2.0,0.0,0.8575270538515719,True,directional_mu_sector_signal_not_fdr_confirmed
standalone Cn(k) directed rings,C8(1),secondary_or_exploratory,8,8,directed clockwise 1-jump,ricci_phase_sync_high_lock_session,time_shifted,4,0,0.0,7,0.13775013979131107,0.9642509785391775,,,,primary non-D12 contrast,-0.007099372920582088,0.03439130081880837,0.79612372646691,0.11215843221338102,0.49148189782291773,0.07548158270316468,-0.012677164741750605,0.07445667315245498,4.0,0.0,,False,control_condition
standalone Cn(k) directed rings,C8(1),secondary_or_exploratory,8,8,directed clockwise 1-jump,ricci_phase_sync_high_lock_session,random_event,4,0,0.0,7,0.13775013979131107,0.9642509785391775,,,,primary non-D12 contrast,-0.001421279422934885,0.012223353442170421,0.7928916814014066,0.11739912167169031,0.4949542956622285,0.06179954831069382,-0.0030106795615240773,0.031213855468599356,7.0,0.0,,False,control_condition
standalone Cn(k) directed rings,C8(1),secondary_or_exploratory,8,8,directed clockwise 1-jump,ricci_phase_sync_high_lock_session,endogenous,5,0,0.0,7,0.13775013979131107,0.9642509785391775,-0.0026465586152416157,0.005025303127701678,0.4472049689440994,primary non-D12 contrast,0.001937698936273156,0.02566412432618832,0.7973400246245692,0.1252042022092771,0.49030640427648964,0.10788012871540979,0.009418688975527093,0.07643078213152264,2.0,0.0,0.8575270538515719,False,no_directional_mu_sector_advantage
standalone Cn(k) directed rings,C8(1),secondary_or_exploratory,8,8,directed clockwise 1-jump,ricci_phase_sync_high_lock_session,time_shifted,5,0,0.0,7,0.13775013979131107,0.9642509785391775,,,,primary non-D12 contrast,0.004584257551514772,0.02997474732372566,0.7624720944143913,0.10895473047833783,0.5090297541209132,0.0586972023674818,0.010365012024975324,0.06695323091183576,4.0,0.0,,False,control_condition
standalone Cn(k) directed rings,C8(1),secondary_or_exploratory,8,8,directed clockwise 1-jump,ricci_phase_sync_high_lock_session,random_event,5,0,0.0,7,0.13775013979131107,0.9642509785391775,,,,primary non-D12 contrast,-0.003087604191428522,0.014385714065326599,0.7443880117591389,0.12719223111870603,0.4991953151250037,0.052976559132110294,-0.0071903381026290165,0.03668359832258185,7.0,0.0,,False,control_condition
standalone Cn(k) directed rings,C8(1),secondary_or_exploratory,8,8,directed clockwise 1-jump,ricci_phase_sync_high_lock_session,endogenous,6,0,0.0,7,0.13775013979131107,0.9642509785391775,-0.009818937929813759,-0.001836398397213126,0.6086956521739131,primary non-D12 contrast,-0.0032398194408448863,0.02538180407547208,0.7727992985955913,0.12411385053010547,0.4891499726926041,0.10381621604460589,-0.014258629173432407,0.08112792804248699,2.0,0.0,0.8853754940711464,False,no_directional_mu_sector_advantage
standalone Cn(k) directed rings,C8(1),secondary_or_exploratory,8,8,directed clockwise 1-jump,ricci_phase_sync_high_lock_session,time_shifted,6,0,0.0,7,0.13775013979131107,0.9642509785391775,,,,primary non-D12 contrast,0.0065791184889688725,0.032011828884903094,0.7469634626482398,0.12504534817751967,0.5118691694369264,0.05486945966613685,0.014313011851986242,0.07103571549163885,4.0,0.0,,False,control_condition
standalone Cn(k) directed rings,C8(1),secondary_or_exploratory,8,8,directed clockwise 1-jump,ricci_phase_sync_high_lock_session,random_event,6,0,0.0,7,0.13775013979131107,0.9642509785391775,,,,primary non-D12 contrast,-0.0014034210436317603,0.013310317045434256,0.7167577108465176,0.1402689063001926,0.5001494850698103,0.046603498867233514,-0.0010900420584013363,0.03300623867720388,7.0,0.0,,False,control_condition
standalone Cn(k) directed rings,C8(1),secondary_or_exploratory,8,8,directed clockwise 1-jump,ricci_phase_sync_high_lock_session,endogenous,8,8,1.0,7,0.13775013979131107,0.9642509785391775,-0.0003220213374884526,0.00256360862377145,0.4472049689440994,primary non-D12 contrast,0.0030395811022933443,0.028751376648160524,0.6771792917098128,0.21757872629057706,0.4997485608896115,0.0844889777851056,9.376306863638773e-05,0.08228757244988823,2.0,0.0,0.8575270538515719,False,no_directional_mu_sector_advantage
standalone Cn(k) directed rings,C8(1),secondary_or_exploratory,8,8,directed clockwise 1-jump,ricci_phase_sync_high_lock_session,time_shifted,8,8,1.0,7,0.13775013979131107,0.9642509785391775,,,,primary non-D12 contrast,0.003361602439781797,0.03194940657274279,0.6896228939247523,0.17827835875811562,0.5024834220516813,0.05692214330976569,0.007226280622494791,0.07569459560079483,4.0,0.0,,False,control_condition
standalone Cn(k) directed rings,C8(1),secondary_or_exploratory,8,8,directed clockwise 1-jump,ricci_phase_sync_high_lock_session,random_event,8,8,1.0,7,0.13775013979131107,0.9642509785391775,,,,primary non-D12 contrast,0.00047597247852189427,0.01800996362621606,0.6759740493701807,0.17407521253447233,0.5049112570072622,0.04071179461310804,0.0031050024704770843,0.04163571771119827,7.0,0.0,,False,control_condition
standalone Cn(k) directed rings,C8(1),secondary_or_exploratory,8,8,directed clockwise 1-jump,ricci_phase_sync_high_lock_session,endogenous,9,0,0.0,7,0.13775013979131107,0.9642509785391775,-0.0015714434681899881,-0.0001343408356059726,0.453416149068323,primary non-D12 contrast,-0.002443760859727073,0.028035209657942702,0.6715119116118438,0.21391198228021244,0.5035638379127828,0.08047335365105344,-0.0008433948737861172,0.08208799559378077,2.0,0.0,0.8575270538515719,False,no_directional_mu_sector_advantage
standalone Cn(k) directed rings,C8(1),secondary_or_exploratory,8,8,directed clockwise 1-jump,ricci_phase_sync_high_lock_session,time_shifted,9,0,0.0,7,0.13775013979131107,0.9642509785391775,,,,primary non-D12 contrast,-0.0008723173915370849,0.028249744287557065,0.6756832989187067,0.19526324668397088,0.5008136708687579,0.053513019229875676,-0.003012482035262111,0.0643346891873934,4.0,0.0,,False,control_condition
standalone Cn(k) directed rings,C8(1),secondary_or_exploratory,8,8,directed clockwise 1-jump,ricci_phase_sync_high_lock_session,random_event,9,0,0.0,7,0.13775013979131107,0.9642509785391775,,,,primary non-D12 contrast,-0.0023094200241211005,0.018550292414189158,0.6567083684414696,0.20592553946697903,0.494056546198958,0.033179922729762355,-0.006548322070812991,0.04172593768185523,7.0,0.0,,False,control_condition
standalone Cn(k) directed rings,C8(1),secondary_or_exploratory,8,8,directed clockwise 1-jump,ricci_phase_sync_high_lock_session,endogenous,10,0,0.0,7,0.13775013979131107,0.9642509785391775,-0.0019266636314191634,0.003566099124011698,0.453416149068323,primary non-D12 contrast,0.002308879242011288,0.028235587773073865,0.6635187611259328,0.19293682580559313,0.5072081856992459,0.08033654238966002,0.0005330313965607618,0.08538071460549593,2.0,0.0,0.8575270538515719,False,no_directional_mu_sector_advantage
standalone Cn(k) directed rings,C8(1),secondary_or_exploratory,8,8,directed clockwise 1-jump,ricci_phase_sync_high_lock_session,time_shifted,10,0,0.0,7,0.13775013979131107,0.9642509785391775,,,,primary non-D12 contrast,0.004235542873430451,0.02834694734214086,0.6505856940355562,0.1727820631597007,0.5000596582294816,0.046858222305702774,0.008060873865209992,0.060843918591247534,4.0,0.0,,False,control_condition
standalone Cn(k) directed rings,C8(1),secondary_or_exploratory,8,8,directed clockwise 1-jump,ricci_phase_sync_high_lock_session,random_event,10,0,0.0,7,0.13775013979131107,0.9642509785391775,,,,primary non-D12 contrast,-0.0012572198820004102,0.01936640879249055,0.5973991504455192,0.22850947064468816,0.4985717330931248,0.03707690605851222,-0.0012026166978406161,0.042328108969208314,7.0,0.0,,False,control_condition
standalone Cn(k) directed rings,C8(1),secondary_or_exploratory,8,8,directed clockwise 1-jump,ricci_phase_sync_high_lock_session,endogenous,12,0,0.0,7,0.13775013979131107,0.9642509785391775,0.006587243989493137,0.007251765597044662,0.38509316770186336,primary non-D12 contrast,0.007733453127336312,0.02466428258445636,0.6947179065192826,0.1693518840137864,0.5156223782766046,0.06821847997828333,0.015356472122302673,0.0757987063800931,2.0,0.0,0.8575270538515719,True,directional_mu_sector_signal_not_fdr_confirmed
standalone Cn(k) directed rings,C8(1),secondary_or_exploratory,8,8,directed clockwise 1-jump,ricci_phase_sync_high_lock_session,time_shifted,12,0,0.0,7,0.13775013979131107,0.9642509785391775,,,,primary non-D12 contrast,0.0011462091378431748,0.026575710405436586,0.5576186084740917,0.2200539907996564,0.5039735221263646,0.03892345520693479,0.0008768796727577869,0.054479688516182664,4.0,0.0,,False,control_condition
standalone Cn(k) directed rings,C8(1),secondary_or_exploratory,8,8,directed clockwise 1-jump,ricci_phase_sync_high_lock_session,random_event,12,0,0.0,7,0.13775013979131107,0.9642509785391775,,,,primary non-D12 contrast,0.00048168753029164974,0.014987809672668705,0.576120710063563,0.220644017178363,0.4991118675675306,0.03154087110714074,0.0011586721513857582,0.03537307954921662,7.0,0.0,,False,control_condition
standalone Cn(k) directed rings,C8(1),secondary_or_exploratory,8,8,directed clockwise 1-jump,ricci_phase_sync_high_lock_session,endogenous,16,8,1.0,7,0.13775013979131107,0.9642509785391775,-0.002311709290520035,-5.1599283673759225e-05,0.4906832298136646,primary non-D12 contrast,0.0013630095317314953,0.02431178963050747,0.6048623925821339,0.20059629422020303,0.5042207012344324,0.05881211724864543,0.002022364003670853,0.06969024799521295,2.0,0.0,0.8575270538515719,False,no_directional_mu_sector_advantage
standalone Cn(k) directed rings,C8(1),secondary_or_exploratory,8,8,directed clockwise 1-jump,ricci_phase_sync_high_lock_session,time_shifted,16,8,1.0,7,0.13775013979131107,0.9642509785391775,,,,primary non-D12 contrast,0.0036747188222515303,0.021116780149843105,0.4887865712674242,0.22634050828872543,0.5087166796694405,0.04338841772144086,0.00965061306399117,0.04652257897771868,4.0,0.0,,False,control_condition
standalone Cn(k) directed rings,C8(1),secondary_or_exploratory,8,8,directed clockwise 1-jump,ricci_phase_sync_high_lock_session,random_event,16,8,1.0,7,0.13775013979131107,0.9642509785391775,,,,primary non-D12 contrast,0.0014146088154052545,0.016643614824484884,0.499763682139314,0.1802553243514148,0.503808791231093,0.033693426864481915,0.00679761578809733,0.040142706876418834,7.0,0.0,,False,control_condition
standalone Cn(k) directed rings,C8(1),secondary_or_exploratory,8,8,directed clockwise 1-jump,ricci_phase_sync_high_lock_session,endogenous,20,0,0.0,7,0.13775013979131107,0.9642509785391775,0.007652182682819728,0.0046776326213325,0.391304347826087,primary non-D12 contrast,0.00254217733457634,0.022355201012160108,0.4909644352908211,0.22116988840732854,0.5072178272276426,0.05843862442434619,0.007876306090146432,0.07191380970748215,2.0,0.0,0.8575270538515719,True,directional_mu_sector_signal_not_fdr_confirmed
standalone Cn(k) directed rings,C8(1),secondary_or_exploratory,8,8,directed clockwise 1-jump,ricci_phase_sync_high_lock_session,time_shifted,20,0,0.0,7,0.13775013979131107,0.9642509785391775,,,,primary non-D12 contrast,-0.005110005348243389,0.02230267674567505,0.42027849815395085,0.21417161874042195,0.48844604422814164,0.0403613186684534,-0.010094412444959368,0.05164856058337298,4.0,0.0,,False,control_condition
standalone Cn(k) directed rings,C8(1),secondary_or_exploratory,8,8,directed clockwise 1-jump,ricci_phase_sync_high_lock_session,random_event,20,0,0.0,7,0.13775013979131107,0.9642509785391775,,,,primary non-D12 contrast,-0.0021354552867561606,0.015344985840462013,0.45673083298037154,0.204358755364576,0.49950771533197286,0.02603490476816911,-0.005178016343261644,0.03655199229797666,7.0,0.0,,False,control_condition
standalone Cn(k) directed rings,C8(1),secondary_or_exploratory,8,8,directed clockwise 1-jump,ricci_phase_sync_high_lock_session,endogenous,24,8,1.0,7,0.13775013979131107,0.9642509785391775,0.0032442247526461676,0.0048488586140543535,0.4161490683229814,primary non-D12 contrast,0.0037315025646501203,0.02310102694960449,0.5247314492306329,0.20275281164974904,0.5031852623274418,0.05864567177828948,0.009611156069949715,0.0685876135157901,2.0,0.0,0.8575270538515719,True,directional_mu_sector_signal_not_fdr_confirmed
standalone Cn(k) directed rings,C8(1),secondary_or_exploratory,8,8,directed clockwise 1-jump,ricci_phase_sync_high_lock_session,time_shifted,24,8,1.0,7,0.13775013979131107,0.9642509785391775,,,,primary non-D12 contrast,0.00048727781200395284,0.020486790910609325,0.42975145274931864,0.16073616454725706,0.5004182886134616,0.04167249772920425,-0.0026178242164752383,0.04940560097405501,4.0,0.0,,False,control_condition
standalone Cn(k) directed rings,C8(1),secondary_or_exploratory,8,8,directed clockwise 1-jump,ricci_phase_sync_high_lock_session,random_event,24,8,1.0,7,0.13775013979131107,0.9642509785391775,,,,primary non-D12 contrast,-0.001117356049404233,0.01384286159255317,0.4338641803080147,0.17440319124737996,0.5028388427429697,0.02301358206825154,-0.002488761025715092,0.03311843947929514,7.0,0.0,,False,control_condition
dodecahedral topology,dodecahedron,secondary_or_exploratory,20,60,bidirected LCF dodecahedron edges,high_boundary_impulse_J,endogenous,2,60,3.0,57,0.09331239298409179,5.318806400093232,-0.0035274779151428784,-0.004657813579517954,0.8633540372670807,exploratory FES fivefold-to-12-face bridge family,0.0044070138029080426,0.0028447960976783664,0.8544007279251616,0.00501754883121973,0.6465224485808412,0.016839088989036386,0.008908004003982789,0.004673358245251006,21.0,0.0,0.9382866518223368,False,no_directional_mu_sector_advantage
dodecahedral topology,dodecahedron,secondary_or_exploratory,20,60,bidirected LCF dodecahedron edges,high_boundary_impulse_J,time_shifted,2,60,3.0,57,0.09331239298409179,5.318806400093232,,,,exploratory FES fivefold-to-12-face bridge family,0.007934491718050921,0.0028299502071089753,0.8742347811561334,0.0036181127669769695,0.6391150454552383,0.016980665702619684,0.01563620602220018,0.004513504308280124,23.0,0.0,,False,control_condition
dodecahedral topology,dodecahedron,secondary_or_exploratory,20,60,bidirected LCF dodecahedron edges,high_boundary_impulse_J,random_event,2,60,3.0,57,0.09331239298409179,5.318806400093232,,,,exploratory FES fivefold-to-12-face bridge family,0.009064827382425996,0.0038767267944508073,0.7886503709040487,0.006018135390409935,0.6228201358241724,0.01574494616335607,0.01845333942778698,0.0072570495986612835,57.0,0.0,,False,control_condition
dodecahedral topology,dodecahedron,secondary_or_exploratory,20,60,bidirected LCF dodecahedron edges,high_boundary_impulse_J,endogenous,3,0,0.0,57,0.09331239298409179,5.318806400093232,0.0046880372108978954,0.004867248963407444,0.09316770186335403,exploratory FES fivefold-to-12-face bridge family,0.004980826694144278,0.0029353815345013958,0.8882898215241672,0.0070010758244466184,0.4754035159941262,0.013289539807707203,0.007192563412290448,0.0045169046611347385,21.0,0.0,0.8575270538515719,True,directional_mu_sector_signal_not_fdr_confirmed
dodecahedral topology,dodecahedron,secondary_or_exploratory,20,60,bidirected LCF dodecahedron edges,high_boundary_impulse_J,time_shifted,3,0,0.0,57,0.09331239298409179,5.318806400093232,,,,exploratory FES fivefold-to-12-face bridge family,0.00029278948324638296,0.0027030213632050428,0.8444591479727371,0.007587933390289437,0.48047107571679604,0.012932221259394208,-0.0006059096899913044,0.004752898311569448,23.0,0.0,,False,control_condition
dodecahedral topology,dodecahedron,secondary_or_exploratory,20,60,bidirected LCF dodecahedron edges,high_boundary_impulse_J,random_event,3,0,0.0,57,0.09331239298409179,5.318806400093232,,,,exploratory FES fivefold-to-12-face bridge family,0.0001135777307368344,0.0034461604024829794,0.8458912870286914,0.012178979920632771,0.4850832040964261,0.011622977708638335,0.00010375157581123755,0.006641807784997569,57.0,0.0,,False,control_condition
dodecahedral topology,dodecahedron,secondary_or_exploratory,20,60,bidirected LCF dodecahedron edges,high_boundary_impulse_J,endogenous,4,300,15.0,57,0.09331239298409179,5.318806400093232,0.00017255396528109896,0.002738878870169387,0.3416149068322981,exploratory FES fivefold-to-12-face bridge family,-0.0009204116492203776,0.0029989403466570905,0.8788392273907855,0.024402504231308113,0.4903027820695721,0.011328878872794608,-0.002071939379377515,0.005220043146165794,21.0,0.0,0.8575270538515719,True,directional_mu_sector_signal_not_fdr_confirmed
dodecahedral topology,dodecahedron,secondary_or_exploratory,20,60,bidirected LCF dodecahedron edges,high_boundary_impulse_J,time_shifted,4,300,15.0,57,0.09331239298409179,5.318806400093232,,,,exploratory FES fivefold-to-12-face bridge family,-0.0010929656145014766,0.003261249430451063,0.8753316651616132,0.005426414441696545,0.4932611999074691,0.011512726692690664,-0.002572804617933836,0.00554506911503541,23.0,0.0,,False,control_condition
dodecahedral topology,dodecahedron,secondary_or_exploratory,20,60,bidirected LCF dodecahedron edges,high_boundary_impulse_J,random_event,4,300,15.0,57,0.09331239298409179,5.318806400093232,,,,exploratory FES fivefold-to-12-face bridge family,-0.003659290519389765,0.0035113103647830338,0.7686485303361144,0.021933978176674897,0.4959925865205281,0.012667664479564624,-0.008075010846794644,0.006641625536078686,57.0,0.0,,False,control_condition
dodecahedral topology,dodecahedron,secondary_or_exploratory,20,60,bidirected LCF dodecahedron edges,high_boundary_impulse_J,endogenous,5,120,6.0,57,0.09331239298409179,5.318806400093232,-0.0008121397813822446,-0.0037890338874362666,0.7204968944099379,exploratory FES fivefold-to-12-face bridge family,-0.0010499098075729258,0.003132907954783891,0.8894152108400626,0.027562760919115407,0.5017499576491671,0.011599483009342017,-0.0007616592891853908,0.005182078790710879,21.0,0.0,0.8908179301055152,False,no_directional_mu_sector_advantage
dodecahedral topology,dodecahedron,secondary_or_exploratory,20,60,bidirected LCF dodecahedron edges,high_boundary_impulse_J,time_shifted,5,120,6.0,57,0.09331239298409179,5.318806400093232,,,,exploratory FES fivefold-to-12-face bridge family,-0.00023777002619068108,0.0032053174179467194,0.8555885294448352,0.01286947097399785,0.49526603647278755,0.01192937117466556,0.0009827972929896084,0.005360658137474096,23.0,0.0,,False,control_condition
dodecahedral topology,dodecahedron,secondary_or_exploratory,20,60,bidirected LCF dodecahedron edges,high_boundary_impulse_J,random_event,5,120,6.0,57,0.09331239298409179,5.318806400093232,,,,exploratory FES fivefold-to-12-face bridge family,0.002739124079863341,0.0036704772467603636,0.8104466332284626,0.02735742906329185,0.49287819865891525,0.01023655756295721,0.0054649399767024796,0.006703928699238894,57.0,0.0,,False,control_condition
dodecahedral topology,dodecahedron,secondary_or_exploratory,20,60,bidirected LCF dodecahedron edges,high_boundary_impulse_J,endogenous,6,1740,87.0,57,0.09331239298409179,5.318806400093232,0.0018535335568802946,0.00016242649513466365,0.32298136645962733,exploratory FES fivefold-to-12-face bridge family,0.001073353823161744,0.0030634649978644795,0.9373666971575396,0.014443520191708987,0.5083965895259983,0.009643328787628358,0.0009464467773059477,0.005296477410132341,21.0,0.0,0.8575270538515719,True,directional_mu_sector_signal_not_fdr_confirmed
dodecahedral topology,dodecahedron,secondary_or_exploratory,20,60,bidirected LCF dodecahedron edges,high_boundary_impulse_J,time_shifted,6,1740,87.0,57,0.09331239298409179,5.318806400093232,,,,exploratory FES fivefold-to-12-face bridge family,-0.0007801797337185504,0.0035533268432712314,0.8384487415846144,0.02306674405069593,0.5127307969913878,0.009433608542485018,-0.002400468630916234,0.0058582117349126285,23.0,0.0,,False,control_condition
dodecahedral topology,dodecahedron,secondary_or_exploratory,20,60,bidirected LCF dodecahedron edges,high_boundary_impulse_J,random_event,6,1740,87.0,57,0.09331239298409179,5.318806400093232,,,,exploratory FES fivefold-to-12-face bridge family,0.0009109273280270804,0.003648568858397244,0.8715337739610944,0.02957170574645563,0.5094364535796667,0.007226554425780284,0.001779418702373079,0.0064628481594742795,57.0,0.0,,False,control_condition
dodecahedral topology,dodecahedron,secondary_or_exploratory,20,60,bidirected LCF dodecahedron edges,high_boundary_impulse_J,endogenous,8,11340,567.0,57,0.09331239298409179,5.318806400093232,0.0005876346475378871,-0.0005707300633986296,0.4782608695652174,exploratory FES fivefold-to-12-face bridge family,-0.001346936814868483,0.003149110762518902,0.8570960355050966,0.026952470845211986,0.5019418868087835,0.009532763270005816,-0.0022854856276820603,0.005066934708395392,21.0,0.0,0.8575270538515719,False,no_directional_mu_sector_advantage
dodecahedral topology,dodecahedron,secondary_or_exploratory,20,60,bidirected LCF dodecahedron edges,high_boundary_impulse_J,time_shifted,8,11340,567.0,57,0.09331239298409179,5.318806400093232,,,,exploratory FES fivefold-to-12-face bridge family,-0.00193457146240637,0.0035850045847199852,0.9309154093327837,0.01894614770902238,0.49407222132571516,0.008376086566512085,-0.003964083244254485,0.006093607018222899,23.0,0.0,,False,control_condition
dodecahedral topology,dodecahedron,secondary_or_exploratory,20,60,bidirected LCF dodecahedron edges,high_boundary_impulse_J,random_event,8,11340,567.0,57,0.09331239298409179,5.318806400093232,,,,exploratory FES fivefold-to-12-face bridge family,-0.0007762067514698533,0.003441768566390394,0.8110858556952689,0.023385489348900952,0.5008994581978603,0.006762718017008913,-0.0011728370412605015,0.006022921391107308,57.0,0.0,,False,control_condition
dodecahedral topology,dodecahedron,secondary_or_exploratory,20,60,bidirected LCF dodecahedron edges,high_boundary_impulse_J,endogenous,9,17640,882.0,57,0.09331239298409179,5.318806400093232,0.0006688969157926226,-0.0022849604816371433,0.5652173913043478,exploratory FES fivefold-to-12-face bridge family,0.001069671768810095,0.003093972958416604,0.8166898942754777,0.035209214186591065,0.5058836815281156,0.009123069427824596,0.0013654154134302876,0.004980789411328567,21.0,0.0,0.8575270538515719,False,no_directional_mu_sector_advantage
dodecahedral topology,dodecahedron,secondary_or_exploratory,20,60,bidirected LCF dodecahedron edges,high_boundary_impulse_J,time_shifted,9,17640,882.0,57,0.09331239298409179,5.318806400093232,,,,exploratory FES fivefold-to-12-face bridge family,0.0004007748530174723,0.003149122384361236,0.8496195305764704,0.024330504200407308,0.5048866088373378,0.009213471029485767,0.0011672387580093,0.005311372394156248,23.0,0.0,,False,control_condition
dodecahedral topology,dodecahedron,secondary_or_exploratory,20,60,bidirected LCF dodecahedron edges,high_boundary_impulse_J,random_event,9,17640,882.0,57,0.09331239298409179,5.318806400093232,,,,exploratory FES fivefold-to-12-face bridge family,0.0033546322504472382,0.003094508105702722,0.7215702428917998,0.027670920037094895,0.5049462647056823,0.00587243409176176,0.006302948714188317,0.005453082055608851,57.0,0.0,,False,control_condition
dodecahedral topology,dodecahedron,secondary_or_exploratory,20,60,bidirected LCF dodecahedron edges,high_boundary_impulse_J,endogenous,10,81900,4095.0,57,0.09331239298409179,5.318806400093232,-0.0002817544090458423,0.005851376558946135,0.2670807453416149,exploratory FES fivefold-to-12-face bridge family,0.0016267599860429124,0.0025662238968482297,0.7700095214413352,0.02463774042632245,0.49283197245188176,0.009159967431728925,0.003482953721190129,0.0044611080824964195,21.0,0.0,0.8575270538515719,False,no_directional_mu_sector_advantage
dodecahedral topology,dodecahedron,secondary_or_exploratory,20,60,bidirected LCF dodecahedron edges,high_boundary_impulse_J,time_shifted,10,81900,4095.0,57,0.09331239298409179,5.318806400093232,,,,exploratory FES fivefold-to-12-face bridge family,0.0019085143950887547,0.003180764786682717,0.8003468963065385,0.025500552909698705,0.5007778016169693,0.009991329101963011,0.0029710775414417663,0.005401677541876872,23.0,0.0,,False,control_condition
dodecahedral topology,dodecahedron,secondary_or_exploratory,20,60,bidirected LCF dodecahedron edges,high_boundary_impulse_J,random_event,10,81900,4095.0,57,0.09331239298409179,5.318806400093232,,,,exploratory FES fivefold-to-12-face bridge family,-0.004224616572903223,0.0033970986995662143,0.6628421389168422,0.028399813496482507,0.49322955415770553,0.00541846369011314,-0.007995278837480626,0.005905759283526412,57.0,0.0,,False,control_condition
dodecahedral topology,dodecahedron,secondary_or_exploratory,20,60,bidirected LCF dodecahedron edges,high_boundary_impulse_J,endogenous,12,641580,32079.0,57,0.09331239298409179,5.318806400093232,-0.0009128898200630032,0.0022172382124743695,0.422360248447205,exploratory FES fivefold-to-12-face bridge family,0.0015788573757479708,0.0030825827172883467,0.8291838052098894,0.02994011405652555,0.5038947359002801,0.0080360511696882,0.003734289841122183,0.00502176412683589,21.0,0.0,0.8575270538515719,False,no_directional_mu_sector_advantage
dodecahedral topology,dodecahedron,secondary_or_exploratory,20,60,bidirected LCF dodecahedron edges,high_boundary_impulse_J,time_shifted,12,641580,32079.0,57,0.09331239298409179,5.318806400093232,,,,exploratory FES fivefold-to-12-face bridge family,0.002491747195810974,0.003033620077619953,0.7358778260301767,0.056904862262725835,0.5110075997643487,0.009051489038450084,0.005205061169106804,0.005156112489025083,23.0,0.0,,False,control_condition
dodecahedral topology,dodecahedron,secondary_or_exploratory,20,60,bidirected LCF dodecahedron edges,high_boundary_impulse_J,random_event,12,641580,32079.0,57,0.09331239298409179,5.318806400093232,,,,exploratory FES fivefold-to-12-face bridge family,-0.0006383808367263986,0.0029781915370328976,0.8268375106673288,0.03504731454333675,0.5021129640429762,0.005606946827057641,-0.0012589830760341616,0.005320250420860066,57.0,0.0,,False,control_condition
dodecahedral topology,dodecahedron,secondary_or_exploratory,20,60,bidirected LCF dodecahedron edges,high_boundary_impulse_J,endogenous,16,45652620,2282631.0,57,0.09331239298409179,5.318806400093232,-3.508873223388259e-05,0.00204908259137543,0.36024844720496896,exploratory FES fivefold-to-12-face bridge family,0.0002283339358744424,0.0034608054665295146,0.8026864123125034,0.0530508263544757,0.49989988292454113,0.008947052524415898,0.0004901189572605943,0.0060451672217977145,21.0,0.0,0.8575270538515719,False,no_directional_mu_sector_advantage
dodecahedral topology,dodecahedron,secondary_or_exploratory,20,60,bidirected LCF dodecahedron edges,high_boundary_impulse_J,time_shifted,16,45652620,2282631.0,57,0.09331239298409179,5.318806400093232,,,,exploratory FES fivefold-to-12-face bridge family,0.000263422668108325,0.0035404096742724027,0.6923483390114603,0.044222820248645954,0.49390282162833304,0.009314908731606612,0.0004350469636584597,0.006122345409126592,23.0,0.0,,False,control_condition
dodecahedral topology,dodecahedron,secondary_or_exploratory,20,60,bidirected LCF dodecahedron edges,high_boundary_impulse_J,random_event,16,45652620,2282631.0,57,0.09331239298409179,5.318806400093232,,,,exploratory FES fivefold-to-12-face bridge family,-0.001820748655500988,0.0026668765123250273,0.7731934020653333,0.0457838640473613,0.4993805382253879,0.005332440468242497,-0.003964992770487843,0.004887527269184917,57.0,0.0,,False,control_condition
dodecahedral topology,dodecahedron,secondary_or_exploratory,20,60,bidirected LCF dodecahedron edges,high_boundary_impulse_J,endogenous,20,3549572460,177478623.0,57,0.09331239298409179,5.318806400093232,0.000846184091173392,0.0020781698716172362,0.3105590062111801,exploratory FES fivefold-to-12-face bridge family,0.0015113168245285565,0.003297931270820181,0.5848377186389152,0.07606882414027506,0.4989492427721083,0.008980759741557385,0.0027871262103961875,0.005434300988916806,21.0,0.0,0.8575270538515719,True,directional_mu_sector_signal_not_fdr_confirmed
dodecahedral topology,dodecahedron,secondary_or_exploratory,20,60,bidirected LCF dodecahedron edges,high_boundary_impulse_J,time_shifted,20,3549572460,177478623.0,57,0.09331239298409179,5.318806400093232,,,,exploratory FES fivefold-to-12-face bridge family,0.0006651327333551645,0.0034015060527284847,0.7987476269179525,0.04690040056410207,0.5000167566063831,0.009281105758794777,0.0012039374690845247,0.005786456837793535,23.0,0.0,,False,control_condition
dodecahedral topology,dodecahedron,secondary_or_exploratory,20,60,bidirected LCF dodecahedron edges,high_boundary_impulse_J,random_event,20,3549572460,177478623.0,57,0.09331239298409179,5.318806400093232,,,,exploratory FES fivefold-to-12-face bridge family,-0.0005668530470886799,0.002759993724697192,0.7752768472407123,0.05593980015483865,0.49859041090968964,0.006852242997437158,-0.0009651692502241866,0.005076726099176626,57.0,0.0,,False,control_condition
dodecahedral topology,dodecahedron,secondary_or_exploratory,20,60,bidirected LCF dodecahedron edges,high_boundary_impulse_J,endogenous,24,283961489100,14198074455.0,57,0.09331239298409179,5.318806400093232,-0.0011077084029923081,-0.006507455779202997,0.8074534161490683,exploratory FES fivefold-to-12-face bridge family,-0.0015885873686086766,0.0034932077186244272,0.2436087338392864,0.0641673144776859,0.5051877960993041,0.009545202027404356,-0.002613905726802952,0.0061003894962538135,21.0,0.0,0.9228039041703637,False,no_directional_mu_sector_advantage
dodecahedral topology,dodecahedron,secondary_or_exploratory,20,60,bidirected LCF dodecahedron edges,high_boundary_impulse_J,time_shifted,24,283961489100,14198074455.0,57,0.09331239298409179,5.318806400093232,,,,exploratory FES fivefold-to-12-face bridge family,-0.00048087896561636856,0.0026320948137072025,0.4653460995160817,0.10862859933319613,0.4906425552163163,0.009340282129973197,-0.000526664339983215,0.00453154791138704,23.0,0.0,,False,control_condition
dodecahedral topology,dodecahedron,secondary_or_exploratory,20,60,bidirected LCF dodecahedron edges,high_boundary_impulse_J,random_event,24,283961489100,14198074455.0,57,0.09331239298409179,5.318806400093232,,,,exploratory FES fivefold-to-12-face bridge family,0.0049188684105943205,0.0033521348585544702,0.4306112697583919,0.09169512727489249,0.5105124603002527,0.007198151571024535,0.008796144909410256,0.0059363378166817065,57.0,0.0,,False,control_condition
dodecahedral topology,dodecahedron,secondary_or_exploratory,20,60,bidirected LCF dodecahedron edges,residual_contraction_low_distance,endogenous,2,60,3.0,57,0.09102846804812097,5.188622678742895,0.004475778923418191,0.0013287145116164063,0.2795031055900621,exploratory FES fivefold-to-12-face bridge family,0.006146697849590569,0.003713342153717181,0.9151139547271455,0.014002946130294187,0.4819057420629173,0.024700138607206195,0.008141442858465417,0.005344658546399117,23.0,0.0,0.8575270538515719,True,directional_mu_sector_signal_not_fdr_confirmed
dodecahedral topology,dodecahedron,secondary_or_exploratory,20,60,bidirected LCF dodecahedron edges,residual_contraction_low_distance,time_shifted,2,60,3.0,57,0.09102846804812097,5.188622678742895,,,,exploratory FES fivefold-to-12-face bridge family,0.0016709189261723788,0.0031479247156069854,0.9281566463128257,0.008094825000978008,0.4909159072137423,0.013150499902804577,0.0023975988924956316,0.004618681865688427,25.0,0.0,,False,control_condition
dodecahedral topology,dodecahedron,secondary_or_exploratory,20,60,bidirected LCF dodecahedron edges,residual_contraction_low_distance,random_event,2,60,3.0,57,0.09102846804812097,5.188622678742895,,,,exploratory FES fivefold-to-12-face bridge family,0.004817983337974163,0.005092378181837508,0.9001102452170248,0.013054390597586391,0.5004787018820125,0.02058677693096543,0.006858387966943288,0.007168776836313844,56.0,0.0,,False,control_condition
dodecahedral topology,dodecahedron,secondary_or_exploratory,20,60,bidirected LCF dodecahedron edges,residual_contraction_low_distance,endogenous,3,0,0.0,57,0.09102846804812097,5.188622678742895,-0.0002963469328387024,-6.329722636265207e-05,0.5279503105590062,exploratory FES fivefold-to-12-face bridge family,-0.006083114875038503,0.004127535047760903,0.87949396152689,0.013575276094036259,0.4710768929138184,0.027842350285128162,-0.007719507123023975,0.005764592243571341,23.0,0.0,0.8575270538515719,False,no_directional_mu_sector_advantage
dodecahedral topology,dodecahedron,secondary_or_exploratory,20,60,bidirected LCF dodecahedron edges,residual_contraction_low_distance,time_shifted,3,0,0.0,57,0.09102846804812097,5.188622678742895,,,,exploratory FES fivefold-to-12-face bridge family,-0.005786767942199801,0.0029074806222973214,0.9359303146184731,0.012902190038356067,0.4532680231670863,0.012518260390642402,-0.007496781133160338,0.004192551929087988,25.0,0.0,,False,control_condition
dodecahedral topology,dodecahedron,secondary_or_exploratory,20,60,bidirected LCF dodecahedron edges,residual_contraction_low_distance,random_event,3,0,0.0,57,0.09102846804812097,5.188622678742895,,,,exploratory FES fivefold-to-12-face bridge family,-0.006019817648675851,0.005430559009744219,0.8882636075611323,0.014418394716022437,0.45209426967266764,0.02180867904122089,-0.006812121162557606,0.007719291172307643,56.0,0.0,,False,control_condition
dodecahedral topology,dodecahedron,secondary_or_exploratory,20,60,bidirected LCF dodecahedron edges,residual_contraction_low_distance,endogenous,4,300,15.0,57,0.09102846804812097,5.188622678742895,-0.0014559000781789386,-0.001736063444008549,0.6583850931677019,exploratory FES fivefold-to-12-face bridge family,0.0023090956385270686,0.00324233021462517,0.8540011974897149,0.02495246967511281,0.5207285040672841,0.020583470887364303,0.003627208621111934,0.0049037585684025345,23.0,0.0,0.8863521907000167,False,no_directional_mu_sector_advantage
dodecahedral topology,dodecahedron,secondary_or_exploratory,20,60,bidirected LCF dodecahedron edges,residual_contraction_low_distance,time_shifted,4,300,15.0,57,0.09102846804812097,5.188622678742895,,,,exploratory FES fivefold-to-12-face bridge family,0.003764995716706007,0.0027676784426974837,0.903937480665175,0.016768066660414943,0.5169975788292864,0.01344794326861078,0.005918150478193267,0.004062873304949182,25.0,0.0,,False,control_condition
dodecahedral topology,dodecahedron,secondary_or_exploratory,20,60,bidirected LCF dodecahedron edges,residual_contraction_low_distance,random_event,4,300,15.0,57,0.09102846804812097,5.188622678742895,,,,exploratory FES fivefold-to-12-face bridge family,0.004045159082535618,0.005811709284844663,0.7918687202647622,0.02593282720970656,0.5206254719169292,0.01733251690184884,0.005849304317422187,0.008055522326567031,56.0,0.0,,False,control_condition
dodecahedral topology,dodecahedron,secondary_or_exploratory,20,60,bidirected LCF dodecahedron edges,residual_contraction_low_distance,endogenous,5,120,6.0,57,0.09102846804812097,5.188622678742895,-7.031832441667558e-05,-0.0005618639934802201,0.5341614906832298,exploratory FES fivefold-to-12-face bridge family,-0.0018213399812096339,0.00327893807460888,0.8105611524493403,0.029176530198689123,0.515614781036282,0.021115337352192072,-0.0026432892676865917,0.004729613276780762,23.0,0.0,0.8575270538515719,False,no_directional_mu_sector_advantage
dodecahedral topology,dodecahedron,secondary_or_exploratory,20,60,bidirected LCF dodecahedron edges,residual_contraction_low_distance,time_shifted,5,120,6.0,57,0.09102846804812097,5.188622678742895,,,,exploratory FES fivefold-to-12-face bridge family,-0.0017510216567929583,0.0024971378386498067,0.8293673377475319,0.022122173827371163,0.5251501253944642,0.011202287205151875,-0.002218804335573251,0.003863912070073143,25.0,0.0,,False,control_condition
dodecahedral topology,dodecahedron,secondary_or_exploratory,20,60,bidirected LCF dodecahedron edges,residual_contraction_low_distance,random_event,5,120,6.0,57,0.09102846804812097,5.188622678742895,,,,exploratory FES fivefold-to-12-face bridge family,-0.0012594759877294138,0.00494940622465265,0.7867448499960796,0.03669551514856809,0.4989164051550132,0.015309405793673623,-0.0019373422802771545,0.0067463455301889465,56.0,0.0,,False,control_condition
dodecahedral topology,dodecahedron,secondary_or_exploratory,20,60,bidirected LCF dodecahedron edges,residual_contraction_low_distance,endogenous,6,1740,87.0,57,0.09102846804812097,5.188622678742895,0.0012856178976212952,-0.003416721944563015,0.5527950310559007,exploratory FES fivefold-to-12-face bridge family,0.00013719137821041911,0.0032250252361284487,0.9200472561561213,0.027396675724811477,0.47680909021447226,0.020917437919104262,-6.096914302552081e-05,0.004373785697608503,23.0,0.0,0.8575270538515719,False,no_directional_mu_sector_advantage
dodecahedral topology,dodecahedron,secondary_or_exploratory,20,60,bidirected LCF dodecahedron edges,residual_contraction_low_distance,time_shifted,6,1740,87.0,57,0.09102846804812097,5.188622678742895,,,,exploratory FES fivefold-to-12-face bridge family,-0.001148426519410876,0.002869337624027716,0.9460335538973667,0.023022899980100146,0.48542180454457284,0.010846284889070076,-0.001645582175810037,0.004133344570344547,25.0,0.0,,False,control_condition
dodecahedral topology,dodecahedron,secondary_or_exploratory,20,60,bidirected LCF dodecahedron edges,residual_contraction_low_distance,random_event,6,1740,87.0,57,0.09102846804812097,5.188622678742895,,,,exploratory FES fivefold-to-12-face bridge family,0.0035539133227734344,0.004686623241330257,0.9272929140475092,0.03415362107583529,0.49667432445379534,0.01284374864370013,0.004429067020026276,0.006152239502185198,56.0,0.0,,False,control_condition
dodecahedral topology,dodecahedron,secondary_or_exploratory,20,60,bidirected LCF dodecahedron edges,residual_contraction_low_distance,endogenous,8,11340,567.0,57,0.09102846804812097,5.188622678742895,0.004570200728028753,0.0002370108290480847,0.2670807453416149,exploratory FES fivefold-to-12-face bridge family,0.008053448661853665,0.0038706593514705014,0.3585377489066246,0.061779156723237964,0.4876646970890587,0.01927776620706089,0.009773651629396895,0.005575208875315997,23.0,0.0,0.8575270538515719,True,directional_mu_sector_signal_not_fdr_confirmed
dodecahedral topology,dodecahedron,secondary_or_exploratory,20,60,bidirected LCF dodecahedron edges,residual_contraction_low_distance,time_shifted,8,11340,567.0,57,0.09102846804812097,5.188622678742895,,,,exploratory FES fivefold-to-12-face bridge family,0.0034832479338249124,0.002773975165447263,0.4245936716023504,0.05445199519331659,0.46117774495804476,0.01044211092650922,0.004413087565481555,0.00402249569901836,25.0,0.0,,False,control_condition
dodecahedral topology,dodecahedron,secondary_or_exploratory,20,60,bidirected LCF dodecahedron edges,residual_contraction_low_distance,random_event,8,11340,567.0,57,0.09102846804812097,5.188622678742895,,,,exploratory FES fivefold-to-12-face bridge family,0.00781643783280558,0.004556833796374532,0.3917147395161729,0.05335851574545607,0.5069363551742064,0.010719102413948547,0.00993942082165255,0.006301492561596329,56.0,0.0,,False,control_condition
dodecahedral topology,dodecahedron,secondary_or_exploratory,20,60,bidirected LCF dodecahedron edges,residual_contraction_low_distance,endogenous,9,17640,882.0,57,0.09102846804812097,5.188622678742895,-0.005212258380511904,-0.0022686996876008585,0.8136645962732919,exploratory FES fivefold-to-12-face bridge family,-0.002293831389659471,0.0038985150078773216,0.6224160340940426,0.06330745320043807,0.5379440553080279,0.014759188365948847,-0.0021880320890907126,0.005745224332154348,23.0,0.0,0.9262268922004272,False,no_directional_mu_sector_advantage
dodecahedral topology,dodecahedron,secondary_or_exploratory,20,60,bidirected LCF dodecahedron edges,residual_contraction_low_distance,time_shifted,9,17640,882.0,57,0.09102846804812097,5.188622678742895,,,,exploratory FES fivefold-to-12-face bridge family,0.0029184269908524327,0.003182171575579699,0.6790712646620131,0.040695458435902415,0.5344572297215734,0.009897303654431644,0.003923553906816776,0.004521141166288844,25.0,0.0,,False,control_condition
dodecahedral topology,dodecahedron,secondary_or_exploratory,20,60,bidirected LCF dodecahedron edges,residual_contraction_low_distance,random_event,9,17640,882.0,57,0.09102846804812097,5.188622678742895,,,,exploratory FES fivefold-to-12-face bridge family,-2.5131702058612356e-05,0.004207120003242449,0.601038512500337,0.09643814231346315,0.5181935597327018,0.008634515534220493,9.165235671245226e-05,0.00563178378852738,56.0,0.0,,False,control_condition
dodecahedral topology,dodecahedron,secondary_or_exploratory,20,60,bidirected LCF dodecahedron edges,residual_contraction_low_distance,endogenous,10,81900,4095.0,57,0.09102846804812097,5.188622678742895,0.0007541064315259433,-2.9564849570285802e-05,0.484472049689441,exploratory FES fivefold-to-12-face bridge family,-0.0007240849532830667,0.003966247951719864,0.8445895394099987,0.07171316736501544,0.4910887349493752,0.01569602353641711,-0.0013854873063171773,0.0056292471076786225,23.0,0.0,0.8575270538515719,False,no_directional_mu_sector_advantage
dodecahedral topology,dodecahedron,secondary_or_exploratory,20,60,bidirected LCF dodecahedron edges,residual_contraction_low_distance,time_shifted,10,81900,4095.0,57,0.09102846804812097,5.188622678742895,,,,exploratory FES fivefold-to-12-face bridge family,-0.00147819138480901,0.0028216432188047542,0.7204470024390031,0.0440754963197816,0.5074850393649294,0.010223964507567164,-0.002225895283397629,0.00401461447693513,25.0,0.0,,False,control_condition
dodecahedral topology,dodecahedron,secondary_or_exploratory,20,60,bidirected LCF dodecahedron edges,residual_contraction_low_distance,random_event,10,81900,4095.0,57,0.09102846804812097,5.188622678742895,,,,exploratory FES fivefold-to-12-face bridge family,-0.0006945201037127809,0.004623940776962176,0.853576612919419,0.049716835017394725,0.49156141034169776,0.009219454308432355,-0.0010018514557381714,0.006102066871122946,56.0,0.0,,False,control_condition
dodecahedral topology,dodecahedron,secondary_or_exploratory,20,60,bidirected LCF dodecahedron edges,residual_contraction_low_distance,endogenous,12,641580,32079.0,57,0.09102846804812097,5.188622678742895,0.0001101694364393749,5.535480580437296e-05,0.5279503105590062,exploratory FES fivefold-to-12-face bridge family,-0.0026572134402803476,0.0037894530703619683,0.6266751914953892,0.07836581027174408,0.5040077866693988,0.011429211438619864,-0.0032825067463008867,0.005265757999210589,23.0,0.0,0.8575270538515719,True,directional_mu_sector_signal_not_fdr_confirmed
dodecahedral topology,dodecahedron,secondary_or_exploratory,20,60,bidirected LCF dodecahedron edges,residual_contraction_low_distance,time_shifted,12,641580,32079.0,57,0.09102846804812097,5.188622678742895,,,,exploratory FES fivefold-to-12-face bridge family,-0.0027673828767197225,0.002784443038067476,0.6319775450993645,0.08024384189395886,0.5118888740159854,0.009899466360989897,-0.0032795074600310836,0.003954767615550686,25.0,0.0,,False,control_condition
dodecahedral topology,dodecahedron,secondary_or_exploratory,20,60,bidirected LCF dodecahedron edges,residual_contraction_low_distance,random_event,12,641580,32079.0,57,0.09102846804812097,5.188622678742895,,,,exploratory FES fivefold-to-12-face bridge family,-0.0027125682460847206,0.004280426327184333,0.7447261624195207,0.05511149572494508,0.48994852967104824,0.008533802218572889,-0.003343005602715922,0.005738839012391526,56.0,0.0,,False,control_condition
dodecahedral topology,dodecahedron,secondary_or_exploratory,20,60,bidirected LCF dodecahedron edges,residual_contraction_low_distance,endogenous,16,45652620,2282631.0,57,0.09102846804812097,5.188622678742895,-0.001102795927805439,0.0011396129444096368,0.5403726708074534,exploratory FES fivefold-to-12-face bridge family,-0.003387983529405438,0.004314140805621989,0.6173374205316439,0.1528876117099026,0.5030375650668757,0.009377318360519043,-0.004051902706478648,0.0059808959977154,23.0,0.0,0.8575270538515719,False,no_directional_mu_sector_advantage
dodecahedral topology,dodecahedron,secondary_or_exploratory,20,60,bidirected LCF dodecahedron edges,residual_contraction_low_distance,time_shifted,16,45652620,2282631.0,57,0.09102846804812097,5.188622678742895,,,,exploratory FES fivefold-to-12-face bridge family,-0.002285187601599999,0.003388718644551395,0.5792044005405078,0.11786312642452476,0.4946344368842223,0.007426571480690156,-0.002436804124893572,0.004622278890712497,25.0,0.0,,False,control_condition
dodecahedral topology,dodecahedron,secondary_or_exploratory,20,60,bidirected LCF dodecahedron edges,residual_contraction_low_distance,random_event,16,45652620,2282631.0,57,0.09102846804812097,5.188622678742895,,,,exploratory FES fivefold-to-12-face bridge family,-0.004527596473815075,0.0050697687742603465,0.5156735725119589,0.16687969897137864,0.499792174222383,0.008648038696691097,-0.005321754664113514,0.006714911980022737,56.0,0.0,,False,control_condition
dodecahedral topology,dodecahedron,secondary_or_exploratory,20,60,bidirected LCF dodecahedron edges,residual_contraction_low_distance,endogenous,20,3549572460,177478623.0,57,0.09102846804812097,5.188622678742895,0.0038224434167106816,-0.00011972062478261174,0.2981366459627329,exploratory FES fivefold-to-12-face bridge family,0.0009514474430785133,0.003718978874661993,0.6899869523102548,0.08493498533601668,0.5008852420292678,0.011121882800852436,0.001228381913106757,0.005194455902048165,23.0,0.0,0.8575270538515719,False,no_directional_mu_sector_advantage
dodecahedral topology,dodecahedron,secondary_or_exploratory,20,60,bidirected LCF dodecahedron edges,residual_contraction_low_distance,time_shifted,20,3549572460,177478623.0,57,0.09102846804812097,5.188622678742895,,,,exploratory FES fivefold-to-12-face bridge family,-0.0028709959736321683,0.003601584722186626,0.7724723628827106,0.06395425135985584,0.5021971836088642,0.008204323648518546,-0.0036570403614916646,0.004911332150537738,25.0,0.0,,False,control_condition
dodecahedral topology,dodecahedron,secondary_or_exploratory,20,60,bidirected LCF dodecahedron edges,residual_contraction_low_distance,random_event,20,3549572460,177478623.0,57,0.09102846804812097,5.188622678742895,,,,exploratory FES fivefold-to-12-face bridge family,0.001071168067861125,0.005048778693190321,0.7493409434339565,0.0926235876801707,0.5037788311131561,0.007534074005755918,0.0011569847798610603,0.006561697232430594,56.0,0.0,,False,control_condition
dodecahedral topology,dodecahedron,secondary_or_exploratory,20,60,bidirected LCF dodecahedron edges,residual_contraction_low_distance,endogenous,24,283961489100,14198074455.0,57,0.09102846804812097,5.188622678742895,0.0020086989108498167,-0.00615279897123106,0.5652173913043478,exploratory FES fivefold-to-12-face bridge family,-0.002565611888344431,0.0034512682931342716,0.6214607316581295,0.11393161506065916,0.4925227127765711,0.010497777311622615,-0.003217971173957665,0.004753162431972952,23.0,0.0,0.8575270538515719,False,no_directional_mu_sector_advantage
dodecahedral topology,dodecahedron,secondary_or_exploratory,20,60,bidirected LCF dodecahedron edges,residual_contraction_low_distance,time_shifted,24,283961489100,14198074455.0,57,0.09102846804812097,5.188622678742895,,,,exploratory FES fivefold-to-12-face bridge family,-0.004574310799194248,0.003643757139761355,0.6822555156204348,0.12555095105084396,0.494912524246621,0.006793529476579585,-0.005546779691925985,0.0047399940614342466,25.0,0.0,,False,control_condition
dodecahedral topology,dodecahedron,secondary_or_exploratory,20,60,bidirected LCF dodecahedron edges,residual_contraction_low_distance,random_event,24,283961489100,14198074455.0,57,0.09102846804812097,5.188622678742895,,,,exploratory FES fivefold-to-12-face bridge family,0.0035871870828866293,0.005209764184446011,0.6170934986612722,0.1484387774875349,0.5042170880144691,0.010686057782443976,0.004398246434030993,0.006716772444800374,56.0,0.0,,False,control_condition
dodecahedral topology,dodecahedron,secondary_or_exploratory,20,60,bidirected LCF dodecahedron edges,FES_phase_transition,endogenous,2,60,3.0,192,0.09999999999999999,19.2,0.0014901009153041153,-0.0016204801220388596,0.4968944099378882,exploratory FES fivefold-to-12-face bridge family,0.002489917863823331,0.002776520340335083,0.8625141606788326,0.0028025675385455035,0.5632616478659375,0.004551050853439019,0.006153334477525478,0.004502615930784541,24.0,0.0,0.8575270538515719,False,no_directional_mu_sector_advantage
dodecahedral topology,dodecahedron,secondary_or_exploratory,20,60,bidirected LCF dodecahedron edges,FES_phase_transition,time_shifted,2,60,3.0,192,0.09999999999999999,19.2,,,,exploratory FES fivefold-to-12-face bridge family,0.0009998169485192156,0.002915381634604178,0.9094925147496433,0.0020346331286498374,0.5614479517157202,0.004743772520619391,0.0037672493932196225,0.005015830890256604,25.0,0.0,,False,control_condition
dodecahedral topology,dodecahedron,secondary_or_exploratory,20,60,bidirected LCF dodecahedron edges,FES_phase_transition,random_event,2,60,3.0,192,0.09999999999999999,19.2,,,,exploratory FES fivefold-to-12-face bridge family,0.0041103979858621905,0.002370262646952919,0.7947458236393001,0.0030827786223233135,0.5517304316813505,0.0034583312980153913,0.0078740611718403,0.003792895851481052,190.0,0.0,,False,control_condition
dodecahedral topology,dodecahedron,secondary_or_exploratory,20,60,bidirected LCF dodecahedron edges,FES_phase_transition,endogenous,3,0,0.0,192,0.09999999999999999,19.2,0.0016096805981967526,0.0034420635168530213,0.14285714285714285,exploratory FES fivefold-to-12-face bridge family,0.0035362734963905384,0.0021659989487593386,0.8670351564487975,0.0038823679585351764,0.5289023512537053,0.004246765920878218,0.005995432129254703,0.0037524000637004238,24.0,0.0,0.8575270538515719,True,directional_mu_sector_signal_not_fdr_confirmed
dodecahedral topology,dodecahedron,secondary_or_exploratory,20,60,bidirected LCF dodecahedron edges,FES_phase_transition,time_shifted,3,0,0.0,192,0.09999999999999999,19.2,,,,exploratory FES fivefold-to-12-face bridge family,0.0019265928981937858,0.002509739905378529,0.8997364162552113,0.004986701037362435,0.5292308266336714,0.004717465959462579,0.0032572831026641755,0.004224846484170623,25.0,0.0,,False,control_condition
dodecahedral topology,dodecahedron,secondary_or_exploratory,20,60,bidirected LCF dodecahedron edges,FES_phase_transition,random_event,3,0,0.0,192,0.09999999999999999,19.2,,,,exploratory FES fivefold-to-12-face bridge family,9.420997953751701e-05,0.0019051422089508855,0.831375718969689,0.004252799839203287,0.524053977876818,0.00300643854805576,0.0013094937649082608,0.0032168385827129973,190.0,0.0,,False,control_condition
dodecahedral topology,dodecahedron,secondary_or_exploratory,20,60,bidirected LCF dodecahedron edges,FES_phase_transition,endogenous,4,300,15.0,192,0.09999999999999999,19.2,0.0012361398879364046,-2.817859764828439e-05,0.39751552795031053,exploratory FES fivefold-to-12-face bridge family,0.0010137928715288308,0.0024547742002843627,0.9261571935729748,0.004029652632671834,0.4885924384195732,0.003869785970921682,0.001064264378057314,0.004343671870974132,24.0,0.0,0.8575270538515719,False,no_directional_mu_sector_advantage
dodecahedral topology,dodecahedron,secondary_or_exploratory,20,60,bidirected LCF dodecahedron edges,FES_phase_transition,time_shifted,4,300,15.0,192,0.09999999999999999,19.2,,,,exploratory FES fivefold-to-12-face bridge family,-0.00022234701640757372,0.0022324118587061605,0.9179422952159403,0.005787180555862271,0.4898954068414708,0.004343251590357674,-0.0010670242769741409,0.0037673294362629596,25.0,0.0,,False,control_condition
dodecahedral topology,dodecahedron,secondary_or_exploratory,20,60,bidirected LCF dodecahedron edges,FES_phase_transition,random_event,4,300,15.0,192,0.09999999999999999,19.2,,,,exploratory FES fivefold-to-12-face bridge family,0.0010419714691771152,0.0016403752967949345,0.8321316658986507,0.007389210326159318,0.4953777634057923,0.0026512429670696933,0.0008789017337765817,0.0027837825128093525,190.0,0.0,,False,control_condition
dodecahedral topology,dodecahedron,secondary_or_exploratory,20,60,bidirected LCF dodecahedron edges,FES_phase_transition,endogenous,5,120,6.0,192,0.09999999999999999,19.2,-0.0006000712007698374,-0.0006257090392940842,0.6583850931677019,exploratory FES fivefold-to-12-face bridge family,-0.0005918375601242353,0.0020678641200039182,0.8498491527825174,0.008910228906423949,0.49639227859021806,0.002965637499648066,-0.001297453670586939,0.0036111273289359375,24.0,0.0,0.8863521907000167,False,no_directional_mu_sector_advantage
dodecahedral topology,dodecahedron,secondary_or_exploratory,20,60,bidirected LCF dodecahedron edges,FES_phase_transition,time_shifted,5,120,6.0,192,0.09999999999999999,19.2,,,,exploratory FES fivefold-to-12-face bridge family,8.233640645602022e-06,0.0025755942658786885,0.8723634057886234,0.010447216452554541,0.4926410122190633,0.004398322300039415,-0.00033096054531709133,0.0042498457873105175,25.0,0.0,,False,control_condition
dodecahedral topology,dodecahedron,secondary_or_exploratory,20,60,bidirected LCF dodecahedron edges,FES_phase_transition,random_event,5,120,6.0,192,0.09999999999999999,19.2,,,,exploratory FES fivefold-to-12-face bridge family,3.387147916984886e-05,0.001685742911530451,0.824541036708031,0.00957005079701687,0.49506094689338226,0.0024795679642922075,-0.0003572431631416612,0.002872836584136407,190.0,0.0,,False,control_condition
dodecahedral topology,dodecahedron,secondary_or_exploratory,20,60,bidirected LCF dodecahedron edges,FES_phase_transition,endogenous,6,1740,87.0,192,0.09999999999999999,19.2,0.00045259828399176437,-8.648704040593543e-05,0.4906832298136646,exploratory FES fivefold-to-12-face bridge family,-0.0006467207265429306,0.002055756091030424,0.7624367863146974,0.00860535908845368,0.4972935527659258,0.002710029013063276,-0.0006829829686184379,0.003746329164354527,24.0,0.0,0.8575270538515719,False,no_directional_mu_sector_advantage
dodecahedral topology,dodecahedron,secondary_or_exploratory,20,60,bidirected LCF dodecahedron edges,FES_phase_transition,time_shifted,6,1740,87.0,192,0.09999999999999999,19.2,,,,exploratory FES fivefold-to-12-face bridge family,-0.001099319010534695,0.002061564788352444,0.8167347038458391,0.014968007587151682,0.500056797812923,0.004109916215241122,-0.0012656758890168703,0.0035053286077701747,25.0,0.0,,False,control_condition
dodecahedral topology,dodecahedron,secondary_or_exploratory,20,60,bidirected LCF dodecahedron edges,FES_phase_transition,random_event,6,1740,87.0,192,0.09999999999999999,19.2,,,,exploratory FES fivefold-to-12-face bridge family,-0.0005602336861369951,0.0015375423473875881,0.7696714978872603,0.012269597128980802,0.5014289955518842,0.0023469810853423033,-0.000549206611672925,0.002585629532377674,190.0,0.0,,False,control_condition
dodecahedral topology,dodecahedron,secondary_or_exploratory,20,60,bidirected LCF dodecahedron edges,FES_phase_transition,endogenous,8,11340,567.0,192,0.09999999999999999,19.2,0.0009975780038713015,0.000981504026102769,0.2732919254658385,exploratory FES fivefold-to-12-face bridge family,0.00010522885044570438,0.00217907584117448,0.9561312685330037,0.01001140729164744,0.5009284388332101,0.004148402530726444,0.0003334641267784262,0.003812107754164881,24.0,0.0,0.8575270538515719,True,directional_mu_sector_signal_not_fdr_confirmed
dodecahedral topology,dodecahedron,secondary_or_exploratory,20,60,bidirected LCF dodecahedron edges,FES_phase_transition,time_shifted,8,11340,567.0,192,0.09999999999999999,19.2,,,,exploratory FES fivefold-to-12-face bridge family,-0.0008923491534255972,0.0023621338401370036,0.826152953238022,0.022872977510374485,0.49646270363878636,0.00316895189816673,-0.0014342776315562976,0.0038663743303013563,25.0,0.0,,False,control_condition
dodecahedral topology,dodecahedron,secondary_or_exploratory,20,60,bidirected LCF dodecahedron edges,FES_phase_transition,random_event,8,11340,567.0,192,0.09999999999999999,19.2,,,,exploratory FES fivefold-to-12-face bridge family,-0.0008762751756570646,0.0012164258401566761,0.8878344845420821,0.006871353302532788,0.4994221240126717,0.0011519308349338152,-0.001352264951783339,0.0020826285606033567,190.0,0.0,,False,control_condition
dodecahedral topology,dodecahedron,secondary_or_exploratory,20,60,bidirected LCF dodecahedron edges,FES_phase_transition,endogenous,9,17640,882.0,192,0.09999999999999999,19.2,-0.0009751370001382334,-0.0014204528277363916,0.7701863354037267,exploratory FES fivefold-to-12-face bridge family,-0.0007141916160557011,0.0022587168872375257,0.9101563858949285,0.016373309150370975,0.49629673792176965,0.0035087806563158493,-0.0013839227621983692,0.003948724544720241,24.0,0.0,0.8908179301055152,False,no_directional_mu_sector_advantage
dodecahedral topology,dodecahedron,secondary_or_exploratory,20,60,bidirected LCF dodecahedron edges,FES_phase_transition,time_shifted,9,17640,882.0,192,0.09999999999999999,19.2,,,,exploratory FES fivefold-to-12-face bridge family,0.0002609453840825324,0.0022901581449144086,0.8944602616251025,0.013190839883525663,0.49943709706886336,0.003468881223609523,0.000481499586278443,0.003982605600620936,25.0,0.0,,False,control_condition
dodecahedral topology,dodecahedron,secondary_or_exploratory,20,60,bidirected LCF dodecahedron edges,FES_phase_transition,random_event,9,17640,882.0,192,0.09999999999999999,19.2,,,,exploratory FES fivefold-to-12-face bridge family,0.0007062612116806906,0.0011838438763310062,0.9067208419243553,0.008136969186058022,0.5023613988289668,0.001112267418679729,0.001205795106901175,0.0019918395501143634,190.0,0.0,,False,control_condition
dodecahedral topology,dodecahedron,secondary_or_exploratory,20,60,bidirected LCF dodecahedron edges,FES_phase_transition,endogenous,10,81900,4095.0,192,0.09999999999999999,19.2,0.0012931022942149243,0.001331891233599098,0.2422360248447205,exploratory FES fivefold-to-12-face bridge family,0.0013348360774165587,0.0022211785446595686,0.9257357754096258,0.010996765407396851,0.5037622973100264,0.0031178812976295454,0.002294142728618511,0.0038304363966370648,24.0,0.0,0.8575270538515719,True,directional_mu_sector_signal_not_fdr_confirmed
dodecahedral topology,dodecahedron,secondary_or_exploratory,20,60,bidirected LCF dodecahedron edges,FES_phase_transition,time_shifted,10,81900,4095.0,192,0.09999999999999999,19.2,,,,exploratory FES fivefold-to-12-face bridge family,4.173378320163428e-05,0.0027236737569646626,0.7989396172685492,0.02065867236056279,0.49998550312857565,0.003442531503207236,-5.515291069217209e-05,0.004585869913905631,25.0,0.0,,False,control_condition
dodecahedral topology,dodecahedron,secondary_or_exploratory,20,60,bidirected LCF dodecahedron edges,FES_phase_transition,random_event,10,81900,4095.0,192,0.09999999999999999,19.2,,,,exploratory FES fivefold-to-12-face bridge family,2.9448438174607226e-06,0.0012878630070762352,0.8654057787793192,0.008892638517810803,0.49794484750937207,0.0011462183584710858,-0.00020348174744392998,0.0021679373761387534,190.0,0.0,,False,control_condition
dodecahedral topology,dodecahedron,secondary_or_exploratory,20,60,bidirected LCF dodecahedron edges,FES_phase_transition,endogenous,12,641580,32079.0,192,0.09999999999999999,19.2,-0.0005410761531825365,-0.0004072504580715264,0.6521739130434783,exploratory FES fivefold-to-12-face bridge family,-0.00042935731036486673,0.002213953933171297,0.8762013055233933,0.02165665121718639,0.5030243959639311,0.003760669672487718,-0.0006560788127304725,0.003848100250036361,24.0,0.0,0.8863521907000167,False,no_directional_mu_sector_advantage
dodecahedral topology,dodecahedron,secondary_or_exploratory,20,60,bidirected LCF dodecahedron edges,FES_phase_transition,time_shifted,12,641580,32079.0,192,0.09999999999999999,19.2,,,,exploratory FES fivefold-to-12-face bridge family,0.0001117188428176697,0.0023718212988792725,0.8943603571660305,0.018154614981833437,0.5008346712821865,0.004125992845086205,1.9924936102339074e-05,0.0042251080390029805,25.0,0.0,,False,control_condition
dodecahedral topology,dodecahedron,secondary_or_exploratory,20,60,bidirected LCF dodecahedron edges,FES_phase_transition,random_event,12,641580,32079.0,192,0.09999999999999999,19.2,,,,exploratory FES fivefold-to-12-face bridge family,-2.2106852293340332e-05,0.0010144347268679456,0.840977401237508,0.01694413556075262,0.5002778864498201,0.0012843076086031368,4.760043899991679e-05,0.0017356006748603318,190.0,0.0,,False,control_condition
dodecahedral topology,dodecahedron,secondary_or_exploratory,20,60,bidirected LCF dodecahedron edges,FES_phase_transition,endogenous,16,45652620,2282631.0,192,0.09999999999999999,19.2,0.0024004962333491154,0.0012384678743065619,0.14906832298136646,exploratory FES fivefold-to-12-face bridge family,0.0011197763183414956,0.00241348724492752,0.7951211563205598,0.0225604203151988,0.5029080884041702,0.004833399636171702,0.00199500917327594,0.004265753114992449,24.0,0.0,0.8575270538515719,True,directional_mu_sector_signal_not_fdr_confirmed
dodecahedral topology,dodecahedron,secondary_or_exploratory,20,60,bidirected LCF dodecahedron edges,FES_phase_transition,time_shifted,16,45652620,2282631.0,192,0.09999999999999999,19.2,,,,exploratory FES fivefold-to-12-face bridge family,-0.0012807199150076196,0.0023820311482279197,0.8969709088084438,0.01613889269302119,0.49921047602675356,0.0037745088576021796,-0.001975914084198332,0.003943112554054927,25.0,0.0,,False,control_condition
dodecahedral topology,dodecahedron,secondary_or_exploratory,20,60,bidirected LCF dodecahedron edges,FES_phase_transition,random_event,16,45652620,2282631.0,192,0.09999999999999999,19.2,,,,exploratory FES fivefold-to-12-face bridge family,-0.00011869155596506632,0.001046476096682629,0.8543758818340503,0.018638624190735524,0.4999942663460077,0.0009079607523611683,-0.00018759681565155568,0.0017747071213237093,190.0,0.0,,False,control_condition
dodecahedral topology,dodecahedron,secondary_or_exploratory,20,60,bidirected LCF dodecahedron edges,FES_phase_transition,endogenous,20,3549572460,177478623.0,192,0.09999999999999999,19.2,0.00340343763552573,0.002836426023450448,0.055900621118012424,exploratory FES fivefold-to-12-face bridge family,0.0034024428405821697,0.0023888966889154552,0.29650509751361886,0.015879244792970083,0.5104157213756086,0.004333298065386054,0.0054334414097146465,0.004101668476518572,24.0,0.0,0.8575270538515719,True,directional_mu_sector_signal_not_fdr_confirmed
dodecahedral topology,dodecahedron,secondary_or_exploratory,20,60,bidirected LCF dodecahedron edges,FES_phase_transition,time_shifted,20,3549572460,177478623.0,192,0.09999999999999999,19.2,,,,exploratory FES fivefold-to-12-face bridge family,-9.947949435606365e-07,0.0022566551437327455,0.48514826499580294,0.03532036104783248,0.49434264248917936,0.004744028207171903,-0.0006624589590697666,0.003774894716124281,25.0,0.0,,False,control_condition
dodecahedral topology,dodecahedron,secondary_or_exploratory,20,60,bidirected LCF dodecahedron edges,FES_phase_transition,random_event,20,3549572460,177478623.0,192,0.09999999999999999,19.2,,,,exploratory FES fivefold-to-12-face bridge family,0.0005660168171317216,0.001267229646708904,0.7387459693107497,0.021070664145315676,0.5009802286356941,0.0010020144304423654,0.0006948162556617759,0.0021405432841720418,190.0,0.0,,False,control_condition
dodecahedral topology,dodecahedron,secondary_or_exploratory,20,60,bidirected LCF dodecahedron edges,FES_phase_transition,endogenous,24,283961489100,14198074455.0,192,0.09999999999999999,19.2,0.0032234531823361052,0.0011763302640943778,0.12422360248447205,exploratory FES fivefold-to-12-face bridge family,0.0007588402032952943,0.002092383103534025,0.4520655452939474,0.060863061608073116,0.5045356695902978,0.005447342767382247,0.00202523572162475,0.0036027518380067265,24.0,0.0,0.8575270538515719,True,directional_mu_sector_signal_not_fdr_confirmed
dodecahedral topology,dodecahedron,secondary_or_exploratory,20,60,bidirected LCF dodecahedron edges,FES_phase_transition,time_shifted,24,283961489100,14198074455.0,192,0.09999999999999999,19.2,,,,exploratory FES fivefold-to-12-face bridge family,-0.002464612979040811,0.0023273130740777913,0.39722981571692895,0.04303773060398058,0.49637926996610054,0.005055263101965373,-0.00355898116719279,0.003958579750079378,25.0,0.0,,False,control_condition
dodecahedral topology,dodecahedron,secondary_or_exploratory,20,60,bidirected LCF dodecahedron edges,FES_phase_transition,random_event,24,283961489100,14198074455.0,192,0.09999999999999999,19.2,,,,exploratory FES fivefold-to-12-face bridge family,-0.0004174900607990835,0.00105399530321597,0.4992235409776445,0.04492134982934597,0.5033597555082168,0.0014742176044287873,-0.0006560599462540847,0.0017757828011410847,190.0,0.0,,False,control_condition
dodecahedral topology,dodecahedron,secondary_or_exploratory,20,60,bidirected LCF dodecahedron edges,h_zero_crossing,endogenous,2,60,3.0,1309,0.06571604327262921,86.02230064387163,0.003148609314365201,0.0022249885829178397,0.07453416149068323,exploratory FES fivefold-to-12-face bridge family,-0.00043007240812681683,0.0024583386060206555,0.8287807669449384,0.0007555805655347389,0.4026802710696944,0.0003353564855306295,-0.0009593543289915064,0.0030927725453652995,234.0,0.0,0.8575270538515719,True,directional_mu_sector_signal_not_fdr_confirmed
dodecahedral topology,dodecahedron,secondary_or_exploratory,20,60,bidirected LCF dodecahedron edges,h_zero_crossing,time_shifted,2,60,3.0,1309,0.06571604327262921,86.02230064387163,,,,exploratory FES fivefold-to-12-face bridge family,-0.003578681722492018,0.0018582890815483893,0.7143422146232998,0.000607737516659265,0.40229001538779013,0.00031581562125139966,-0.005054845104933557,0.00253788521210897,234.0,0.0,,False,control_condition
dodecahedral topology,dodecahedron,secondary_or_exploratory,20,60,bidirected LCF dodecahedron edges,h_zero_crossing,random_event,2,60,3.0,1309,0.06571604327262921,86.02230064387163,,,,exploratory FES fivefold-to-12-face bridge family,-0.0026550609910446564,0.002244631066664985,0.8507509849182504,0.000390902025387101,0.397379812900715,0.0003811665502932831,-0.003774249868263866,0.0030076661604983633,237.0,0.0,,False,control_condition
dodecahedral topology,dodecahedron,secondary_or_exploratory,20,60,bidirected LCF dodecahedron edges,h_zero_crossing,endogenous,3,0,0.0,1309,0.06571604327262921,86.02230064387163,-0.00036961176979779034,-0.0017194204808667936,0.7453416149068323,exploratory FES fivefold-to-12-face bridge family,-0.004625640418849432,0.0016392069867837572,0.7306518691249907,0.0006794271426584451,0.4687983888784751,0.0004947835877882072,-0.005268562721970701,0.0020605817479739563,234.0,0.0,0.8908179301055152,False,no_directional_mu_sector_advantage
dodecahedral topology,dodecahedron,secondary_or_exploratory,20,60,bidirected LCF dodecahedron edges,h_zero_crossing,time_shifted,3,0,0.0,1309,0.06571604327262921,86.02230064387163,,,,exploratory FES fivefold-to-12-face bridge family,-0.004256028649051642,0.0019029694686136468,0.5907725083529374,0.0010555055091814,0.46432661471821374,0.00046189062925025955,-0.004879707634812319,0.002582874145761496,234.0,0.0,,False,control_condition
dodecahedral topology,dodecahedron,secondary_or_exploratory,20,60,bidirected LCF dodecahedron edges,h_zero_crossing,random_event,3,0,0.0,1309,0.06571604327262921,86.02230064387163,,,,exploratory FES fivefold-to-12-face bridge family,-0.0029062199379826384,0.0014894823928049718,0.7661759489509211,0.0005875147174012569,0.46910835035344184,0.0004832400758976908,-0.003442564464399323,0.001990592357771541,237.0,0.0,,False,control_condition
dodecahedral topology,dodecahedron,secondary_or_exploratory,20,60,bidirected LCF dodecahedron edges,h_zero_crossing,endogenous,4,300,15.0,1309,0.06571604327262921,86.02230064387163,-0.0027122375021816185,-0.0042267898981759,0.9813664596273292,exploratory FES fivefold-to-12-face bridge family,-0.0036724854525627794,0.0014076650880934392,0.653513831758537,0.0016697877835341842,0.5152992351108707,0.0005750197683290976,-0.003840509733649944,0.0017662348590213425,234.0,0.0,1.0,False,no_directional_mu_sector_advantage
dodecahedral topology,dodecahedron,secondary_or_exploratory,20,60,bidirected LCF dodecahedron edges,h_zero_crossing,time_shifted,4,300,15.0,1309,0.06571604327262921,86.02230064387163,,,,exploratory FES fivefold-to-12-face bridge family,-0.0009602479503811607,0.0013954189291703672,0.6233263516713134,0.0008612401743135721,0.5166849728864389,0.0005359873991801869,-0.000771007459980125,0.0018931831251886976,234.0,0.0,,False,control_condition
dodecahedral topology,dodecahedron,secondary_or_exploratory,20,60,bidirected LCF dodecahedron edges,h_zero_crossing,random_event,4,300,15.0,1309,0.06571604327262921,86.02230064387163,,,,exploratory FES fivefold-to-12-face bridge family,0.0005543044456131201,0.0018825834450729153,0.7362883544244834,0.00046367184913680137,0.5246114597916962,0.0005982253015010598,0.0011659111734552544,0.0025097814114670917,237.0,0.0,,False,control_condition
dodecahedral topology,dodecahedron,secondary_or_exploratory,20,60,bidirected LCF dodecahedron edges,h_zero_crossing,endogenous,5,120,6.0,1309,0.06571604327262921,86.02230064387163,-0.0019355813070099088,0.0005518090555866322,0.6708074534161491,exploratory FES fivefold-to-12-face bridge family,0.0003049027134740845,0.0015349795995589013,0.7807312641204855,0.001005506662644536,0.5130630967247144,0.0007165344850299454,0.00043416937458186177,0.0019319706788433763,234.0,0.0,0.8863521907000167,False,no_directional_mu_sector_advantage
dodecahedral topology,dodecahedron,secondary_or_exploratory,20,60,bidirected LCF dodecahedron edges,h_zero_crossing,time_shifted,5,120,6.0,1309,0.06571604327262921,86.02230064387163,,,,exploratory FES fivefold-to-12-face bridge family,0.0022404840204839935,0.0013684118920906558,0.7173975887530043,0.0007937170137158755,0.5148769245286668,0.0006855184574195355,0.0029600285451221527,0.0018594420208827612,234.0,0.0,,False,control_condition
dodecahedral topology,dodecahedron,secondary_or_exploratory,20,60,bidirected LCF dodecahedron edges,h_zero_crossing,random_event,5,120,6.0,1309,0.06571604327262921,86.02230064387163,,,,exploratory FES fivefold-to-12-face bridge family,-0.0002469063421125476,0.0015701048947592668,0.7832518032331173,0.0008297035850650383,0.5172967820357093,0.0007609104615594669,-0.00020970110036013797,0.0020974691084503917,237.0,0.0,,False,control_condition
dodecahedral topology,dodecahedron,secondary_or_exploratory,20,60,bidirected LCF dodecahedron edges,h_zero_crossing,endogenous,6,1740,87.0,1309,0.06571604327262921,86.02230064387163,0.00043194446872519,0.0012274261832902404,0.33540372670807456,exploratory FES fivefold-to-12-face bridge family,0.0008443818964916144,0.0013782995122525973,0.7729719192225062,0.0008140237568640928,0.5048239715479677,0.0007266081486322477,0.0010155094844439751,0.0017263211352836344,234.0,0.0,0.8575270538515719,True,directional_mu_sector_signal_not_fdr_confirmed
dodecahedral topology,dodecahedron,secondary_or_exploratory,20,60,bidirected LCF dodecahedron edges,h_zero_crossing,time_shifted,6,1740,87.0,1309,0.06571604327262921,86.02230064387163,,,,exploratory FES fivefold-to-12-face bridge family,0.0004124374277664244,0.0014363888136926534,0.7654694731309839,0.0006959722982469382,0.5045107010237617,0.0006364982878882382,0.0004734033870693015,0.0019552231929163815,234.0,0.0,,False,control_condition
dodecahedral topology,dodecahedron,secondary_or_exploratory,20,60,bidirected LCF dodecahedron edges,h_zero_crossing,random_event,6,1740,87.0,1309,0.06571604327262921,86.02230064387163,,,,exploratory FES fivefold-to-12-face bridge family,-0.000383044286798626,0.0015482005683078207,0.781939656667109,0.0007332550996225878,0.5014277164961157,0.0006186306671171966,-0.0006197217833311538,0.0020706333198170375,237.0,0.0,,False,control_condition
dodecahedral topology,dodecahedron,secondary_or_exploratory,20,60,bidirected LCF dodecahedron edges,h_zero_crossing,endogenous,8,11340,567.0,1309,0.06571604327262921,86.02230064387163,-0.00011182289538334313,-0.0005476383047069839,0.5900621118012422,exploratory FES fivefold-to-12-face bridge family,-0.0008981538603398172,0.0014856508296618024,0.8053306788638384,0.000886925516969153,0.49875167558004235,0.000847866903884741,-0.001192811894183104,0.0018655490018173368,234.0,0.0,0.8626288741053694,False,no_directional_mu_sector_advantage
dodecahedral topology,dodecahedron,secondary_or_exploratory,20,60,bidirected LCF dodecahedron edges,h_zero_crossing,time_shifted,8,11340,567.0,1309,0.06571604327262921,86.02230064387163,,,,exploratory FES fivefold-to-12-face bridge family,-0.0007863309649564741,0.0010004577652676149,0.7572131141584768,0.0017128854367476696,0.4990579309540818,0.000839382771022042,-0.0010513197383483178,0.0013444862258140402,234.0,0.0,,False,control_condition
dodecahedral topology,dodecahedron,secondary_or_exploratory,20,60,bidirected LCF dodecahedron edges,h_zero_crossing,random_event,8,11340,567.0,1309,0.06571604327262921,86.02230064387163,,,,exploratory FES fivefold-to-12-face bridge family,-0.0003505155556328334,0.0015568305306298746,0.7458868894178603,0.0010490220099110253,0.49409943033719106,0.0007023574815476706,-0.000608758194251539,0.002078862724050581,237.0,0.0,,False,control_condition
dodecahedral topology,dodecahedron,secondary_or_exploratory,20,60,bidirected LCF dodecahedron edges,h_zero_crossing,endogenous,9,17640,882.0,1309,0.06571604327262921,86.02230064387163,0.00024645542623407193,0.0007102170927656146,0.34782608695652173,exploratory FES fivefold-to-12-face bridge family,0.0016905000807170439,0.0014468053265343588,0.7686737195147754,0.0019066470401648725,0.5076016307632617,0.0006917521971436521,0.0018875954125482629,0.0018105282387919448,234.0,0.0,0.8575270538515719,True,directional_mu_sector_signal_not_fdr_confirmed
dodecahedral topology,dodecahedron,secondary_or_exploratory,20,60,bidirected LCF dodecahedron edges,h_zero_crossing,time_shifted,9,17640,882.0,1309,0.06571604327262921,86.02230064387163,,,,exploratory FES fivefold-to-12-face bridge family,0.001444044654482972,0.0011545064430597588,0.8068029953592493,0.0018845481894790568,0.5082463416413538,0.0007276156356473456,0.0017034854165483549,0.001569471284508624,234.0,0.0,,False,control_condition
dodecahedral topology,dodecahedron,secondary_or_exploratory,20,60,bidirected LCF dodecahedron edges,h_zero_crossing,random_event,9,17640,882.0,1309,0.06571604327262921,86.02230064387163,,,,exploratory FES fivefold-to-12-face bridge family,0.0009802829879514293,0.0016651821501566316,0.7748852794019777,0.0014142394101297458,0.5095420923535856,0.000818678180868283,0.0009385773867659491,0.002221861015760108,237.0,0.0,,False,control_condition
dodecahedral topology,dodecahedron,secondary_or_exploratory,20,60,bidirected LCF dodecahedron edges,h_zero_crossing,endogenous,10,81900,4095.0,1309,0.06571604327262921,86.02230064387163,0.0023514068968211684,7.01641883838781e-05,0.2608695652173913,exploratory FES fivefold-to-12-face bridge family,0.0009257595300182154,0.001521764980854258,0.7641603594672035,0.0011816499680748055,0.5037217742774354,0.001083860935127854,0.001210758174186531,0.001908864158511312,234.0,0.0,0.8575270538515719,True,directional_mu_sector_signal_not_fdr_confirmed
dodecahedral topology,dodecahedron,secondary_or_exploratory,20,60,bidirected LCF dodecahedron edges,h_zero_crossing,time_shifted,10,81900,4095.0,1309,0.06571604327262921,86.02230064387163,,,,exploratory FES fivefold-to-12-face bridge family,-0.001425647366802953,0.001160251444817856,0.7597309053871886,0.001515300292526855,0.502223862790791,0.0009877977581120533,-0.0018109976995240487,0.001584621675936383,234.0,0.0,,False,control_condition
dodecahedral topology,dodecahedron,secondary_or_exploratory,20,60,bidirected LCF dodecahedron edges,h_zero_crossing,random_event,10,81900,4095.0,1309,0.06571604327262921,86.02230064387163,,,,exploratory FES fivefold-to-12-face bridge family,0.0008555953416343373,0.001369899751286049,0.7707863104895064,0.0016732611217234186,0.5028249693633342,0.001124509762714104,0.0010848576422007763,0.0018281999124028403,237.0,0.0,,False,control_condition
dodecahedral topology,dodecahedron,secondary_or_exploratory,20,60,bidirected LCF dodecahedron edges,h_zero_crossing,endogenous,12,641580,32079.0,1309,0.06571604327262921,86.02230064387163,0.0008744392728186094,0.0010499114325925843,0.17391304347826086,exploratory FES fivefold-to-12-face bridge family,-5.028294271827714e-05,0.0013229825405457652,0.8074720910645647,0.0019695594595313184,0.4931580691544205,0.0008552255734073445,4.9063835281645447e-05,0.001664076751777339,234.0,0.0,0.8575270538515719,True,directional_mu_sector_signal_not_fdr_confirmed
dodecahedral topology,dodecahedron,secondary_or_exploratory,20,60,bidirected LCF dodecahedron edges,h_zero_crossing,time_shifted,12,641580,32079.0,1309,0.06571604327262921,86.02230064387163,,,,exploratory FES fivefold-to-12-face bridge family,-0.0009247222155368865,0.001100882463014061,0.7450301256490948,0.0019623195949543854,0.4915899404680477,0.0008199339555284162,-0.0010659287387250363,0.0014897723039229917,234.0,0.0,,False,control_condition
dodecahedral topology,dodecahedron,secondary_or_exploratory,20,60,bidirected LCF dodecahedron edges,h_zero_crossing,random_event,12,641580,32079.0,1309,0.06571604327262921,86.02230064387163,,,,exploratory FES fivefold-to-12-face bridge family,-0.0011001943753108615,0.0011991602704747248,0.7555457214241262,0.001050444003956373,0.4946441557293225,0.0006467717044235477,-0.001189066801323772,0.0016006291329867723,237.0,0.0,,False,control_condition
dodecahedral topology,dodecahedron,secondary_or_exploratory,20,60,bidirected LCF dodecahedron edges,h_zero_crossing,endogenous,16,45652620,2282631.0,1309,0.06571604327262921,86.02230064387163,-0.001540804957953836,-0.0037879253677204493,0.9440993788819876,exploratory FES fivefold-to-12-face bridge family,-0.00254778890121947,0.0012523490321181365,0.7265121999186184,0.005436168903560039,0.49367772078099037,0.0009037474681759701,-0.0030198489284641366,0.001574361796523698,234.0,0.0,0.9996346364632809,False,no_directional_mu_sector_advantage
dodecahedral topology,dodecahedron,secondary_or_exploratory,20,60,bidirected LCF dodecahedron edges,h_zero_crossing,time_shifted,16,45652620,2282631.0,1309,0.06571604327262921,86.02230064387163,,,,exploratory FES fivefold-to-12-face bridge family,-0.0010069839432656341,0.001262920577541027,0.7220210865610269,0.003331226621230647,0.49534942481183536,0.0008154664796195749,-0.0012666859592528907,0.00171245729642112,234.0,0.0,,False,control_condition
dodecahedral topology,dodecahedron,secondary_or_exploratory,20,60,bidirected LCF dodecahedron edges,h_zero_crossing,random_event,16,45652620,2282631.0,1309,0.06571604327262921,86.02230064387163,,,,exploratory FES fivefold-to-12-face bridge family,0.001240136466500979,0.0013810382404102622,0.6888011976601753,0.004113127492649086,0.4958058431402742,0.0006828724322031083,0.0016850384298711934,0.0018437567039169206,237.0,0.0,,False,control_condition
dodecahedral topology,dodecahedron,secondary_or_exploratory,20,60,bidirected LCF dodecahedron edges,h_zero_crossing,endogenous,20,3549572460,177478623.0,1309,0.06571604327262921,86.02230064387163,0.00869515309262868,0.0035099374008125935,0.006211180124223602,exploratory FES fivefold-to-12-face bridge family,0.006524787574975844,0.001356136891970407,0.0,0.0,0.4590728284761057,0.0006530255739864444,0.007718043435407752,0.0016959046950096501,234.0,0.0,0.44720496894409933,True,directional_mu_sector_signal_not_fdr_confirmed
dodecahedral topology,dodecahedron,secondary_or_exploratory,20,60,bidirected LCF dodecahedron edges,h_zero_crossing,time_shifted,20,3549572460,177478623.0,1309,0.06571604327262921,86.02230064387163,,,,exploratory FES fivefold-to-12-face bridge family,-0.0021703655176528356,0.0012728165068184101,0.05497846051976082,0.005314089303705848,0.4542173714275382,0.0003954440169679364,-0.0028778059821290237,0.0017255040104317365,234.0,0.0,,False,control_condition
dodecahedral topology,dodecahedron,secondary_or_exploratory,20,60,bidirected LCF dodecahedron edges,h_zero_crossing,random_event,20,3549572460,177478623.0,1309,0.06571604327262921,86.02230064387163,,,,exploratory FES fivefold-to-12-face bridge family,0.00301485017416325,0.001362173002058733,0.0,0.0,0.46441291732381107,0.0004547923896675501,0.0030955955147075353,0.0018191561256663566,237.0,0.0,,False,control_condition
dodecahedral topology,dodecahedron,secondary_or_exploratory,20,60,bidirected LCF dodecahedron edges,h_zero_crossing,endogenous,24,283961489100,14198074455.0,1309,0.06571604327262921,86.02230064387163,-0.0006124954862905505,-0.0008495323310743063,0.7453416149068323,exploratory FES fivefold-to-12-face bridge family,-0.0009601413987160711,0.0012738199142861236,0.674234191551049,0.005360421958933681,0.4970273985868108,0.0005674003758292498,-0.0011176168343291863,0.0016023191984841942,234.0,0.0,0.8908179301055152,False,no_directional_mu_sector_advantage
dodecahedral topology,dodecahedron,secondary_or_exploratory,20,60,bidirected LCF dodecahedron edges,h_zero_crossing,time_shifted,24,283961489100,14198074455.0,1309,0.06571604327262921,86.02230064387163,,,,exploratory FES fivefold-to-12-face bridge family,-0.0003476459124255206,0.0011415410544060197,0.727620267987132,0.0037386280940444896,0.4977970023100772,0.00048666568651964853,-0.00044041706728374636,0.0015512528821439381,234.0,0.0,,False,control_condition
dodecahedral topology,dodecahedron,secondary_or_exploratory,20,60,bidirected LCF dodecahedron edges,h_zero_crossing,random_event,24,283961489100,14198074455.0,1309,0.06571604327262921,86.02230064387163,,,,exploratory FES fivefold-to-12-face bridge family,-0.00011060906764176481,0.0011233869775847491,0.6940744264079419,0.0036056056028908527,0.5017126911026314,0.0004788457348968932,-0.0002322136124137218,0.0015023611505536364,237.0,0.0,,False,control_condition
dodecahedral topology,dodecahedron,secondary_or_exploratory,20,60,bidirected LCF dodecahedron edges,eps72_restoration_onset,endogenous,2,60,3.0,147,0.1174504040771272,17.2652093993377,-0.001951975211979453,-0.002498812649821504,0.7391304347826086,exploratory FES fivefold-to-12-face bridge family,-0.003104665511063905,0.0017783479681713701,0.8649342799780497,0.005140720460426083,0.425208938699253,0.0016519361732520944,-0.004268008093101942,0.002185952585637103,25.0,0.0,0.8908179301055152,False,no_directional_mu_sector_advantage
dodecahedral topology,dodecahedron,secondary_or_exploratory,20,60,bidirected LCF dodecahedron edges,eps72_restoration_onset,time_shifted,2,60,3.0,147,0.1174504040771272,17.2652093993377,,,,exploratory FES fivefold-to-12-face bridge family,-0.0011526902990844521,0.0027599842864532453,0.8907294866251043,0.0017244663803412154,0.43071793994120533,0.006167305927304038,-0.002847901246942485,0.0037885300355862276,27.0,0.0,,False,control_condition
dodecahedral topology,dodecahedron,secondary_or_exploratory,20,60,bidirected LCF dodecahedron edges,eps72_restoration_onset,random_event,2,60,3.0,147,0.1174504040771272,17.2652093993377,,,,exploratory FES fivefold-to-12-face bridge family,-0.0006058528612424011,0.0030884741748610374,0.8530163122376322,0.0013374711668965242,0.43430307515506117,0.0031661363364170487,-0.0010222973726269444,0.004034196510824888,146.0,0.0,,False,control_condition
dodecahedral topology,dodecahedron,secondary_or_exploratory,20,60,bidirected LCF dodecahedron edges,eps72_restoration_onset,endogenous,3,0,0.0,147,0.1174504040771272,17.2652093993377,0.0017576621799300215,5.9891579585839676e-05,0.40993788819875776,exploratory FES fivefold-to-12-face bridge family,-0.004341537754781499,0.0023248503328930853,0.877507870864954,0.007389829099950953,0.45825353890006515,0.0018329617502599864,-0.005200308337755659,0.0028759929498173267,25.0,0.0,0.8575270538515719,True,directional_mu_sector_signal_not_fdr_confirmed
dodecahedral topology,dodecahedron,secondary_or_exploratory,20,60,bidirected LCF dodecahedron edges,eps72_restoration_onset,time_shifted,3,0,0.0,147,0.1174504040771272,17.2652093993377,,,,exploratory FES fivefold-to-12-face bridge family,-0.0060991999347115205,0.0028338799752202154,0.8460534554245787,0.0013108567916395196,0.47001436007534475,0.0066442855144460185,-0.006552685768728883,0.0036432866796066504,27.0,0.0,,False,control_condition
dodecahedral topology,dodecahedron,secondary_or_exploratory,20,60,bidirected LCF dodecahedron edges,eps72_restoration_onset,random_event,3,0,0.0,147,0.1174504040771272,17.2652093993377,,,,exploratory FES fivefold-to-12-face bridge family,-0.004401429334367339,0.0023264661613656224,0.7903606798191706,0.002081763380722023,0.4551597357429806,0.003737109821523519,-0.0054122018071656305,0.0030861419989889663,146.0,0.0,,False,control_condition
dodecahedral topology,dodecahedron,secondary_or_exploratory,20,60,bidirected LCF dodecahedron edges,eps72_restoration_onset,endogenous,4,300,15.0,147,0.1174504040771272,17.2652093993377,0.011073142183140622,0.009025116934964765,0.006211180124223602,exploratory FES fivefold-to-12-face bridge family,0.005393725498818435,0.002465651008447119,0.7296446806818467,0.010703158812732845,0.5010931946700881,0.0023899560883882186,0.00718481429752255,0.003054531890331112,25.0,0.0,0.44720496894409933,True,directional_mu_sector_signal_not_fdr_confirmed
dodecahedral topology,dodecahedron,secondary_or_exploratory,20,60,bidirected LCF dodecahedron edges,eps72_restoration_onset,time_shifted,4,300,15.0,147,0.1174504040771272,17.2652093993377,,,,exploratory FES fivefold-to-12-face bridge family,-0.005679416684322187,0.0023581024214756976,0.8980148577479075,0.0072696190011052875,0.49554124642387015,0.00691334356305161,-0.006237747247942283,0.003150234307247585,27.0,0.0,,False,control_condition
dodecahedral topology,dodecahedron,secondary_or_exploratory,20,60,bidirected LCF dodecahedron edges,eps72_restoration_onset,random_event,4,300,15.0,147,0.1174504040771272,17.2652093993377,,,,exploratory FES fivefold-to-12-face bridge family,-0.003631391436146331,0.002739360600956157,0.7655881876804326,0.002817223131133751,0.49052549613658325,0.0039862760152318795,-0.00379331627882208,0.0035929800439359993,146.0,0.0,,False,control_condition
dodecahedral topology,dodecahedron,secondary_or_exploratory,20,60,bidirected LCF dodecahedron edges,eps72_restoration_onset,endogenous,5,120,6.0,147,0.1174504040771272,17.2652093993377,-0.004735379270985091,0.0008785502032621082,0.6459627329192547,exploratory FES fivefold-to-12-face bridge family,0.0013929136479894052,0.0026206469515920464,0.7985594347491619,0.01578919360231083,0.521744820390363,0.0024824118722689805,0.0018832889696463804,0.0032223592162013296,25.0,0.0,0.8863521907000167,False,no_directional_mu_sector_advantage
dodecahedral topology,dodecahedron,secondary_or_exploratory,20,60,bidirected LCF dodecahedron edges,eps72_restoration_onset,time_shifted,5,120,6.0,147,0.1174504040771272,17.2652093993377,,,,exploratory FES fivefold-to-12-face bridge family,0.006128292918974496,0.0027295437734880476,0.8321794420415509,0.006616218534303085,0.5160689261307392,0.006739531749335782,0.007116329642388344,0.0036800416148219566,27.0,0.0,,False,control_condition
dodecahedral topology,dodecahedron,secondary_or_exploratory,20,60,bidirected LCF dodecahedron edges,eps72_restoration_onset,random_event,5,120,6.0,147,0.1174504040771272,17.2652093993377,,,,exploratory FES fivefold-to-12-face bridge family,0.000514363444727297,0.0021492659887623494,0.78917208882665,0.004378053313445088,0.5223853256906613,0.004386358925506858,0.0008691642402342261,0.0027903858397076483,146.0,0.0,,False,control_condition
dodecahedral topology,dodecahedron,secondary_or_exploratory,20,60,bidirected LCF dodecahedron edges,eps72_restoration_onset,endogenous,6,1740,87.0,147,0.1174504040771272,17.2652093993377,-0.004320275170725375,-0.003065155910459542,0.9440993788819876,exploratory FES fivefold-to-12-face bridge family,-0.0015193391668430018,0.0034736614826328793,0.7076402053370481,0.012627496634954171,0.535143739120062,0.003051628021749643,-0.002299624464626645,0.004294768980713548,25.0,0.0,0.9996346364632809,False,no_directional_mu_sector_advantage
dodecahedral topology,dodecahedron,secondary_or_exploratory,20,60,bidirected LCF dodecahedron edges,eps72_restoration_onset,time_shifted,6,1740,87.0,147,0.1174504040771272,17.2652093993377,,,,exploratory FES fivefold-to-12-face bridge family,0.002800936003882373,0.0027027354378429016,0.8082517184586557,0.006155033440005404,0.5323926229457505,0.006921627106768073,0.003078617661210284,0.0036098719738398045,27.0,0.0,,False,control_condition
dodecahedral topology,dodecahedron,secondary_or_exploratory,20,60,bidirected LCF dodecahedron edges,eps72_restoration_onset,random_event,6,1740,87.0,147,0.1174504040771272,17.2652093993377,,,,exploratory FES fivefold-to-12-face bridge family,0.00154581674361654,0.00202417942055729,0.7420794849762038,0.007547494629838633,0.5290402237364826,0.0042877800389010835,0.0017567119926160974,0.0026528579868284065,146.0,0.0,,False,control_condition
dodecahedral topology,dodecahedron,secondary_or_exploratory,20,60,bidirected LCF dodecahedron edges,eps72_restoration_onset,endogenous,8,11340,567.0,147,0.1174504040771272,17.2652093993377,0.0003466843313044514,-0.009095797005735104,0.7267080745341615,exploratory FES fivefold-to-12-face bridge family,-0.0015761148434239546,0.0038523076754043966,0.8704751390971952,0.020877428467527395,0.5050520731523949,0.0028455931685296637,-0.0021407749386719637,0.004774699546465898,25.0,0.0,0.8908179301055152,False,no_directional_mu_sector_advantage
dodecahedral topology,dodecahedron,secondary_or_exploratory,20,60,bidirected LCF dodecahedron edges,eps72_restoration_onset,time_shifted,8,11340,567.0,147,0.1174504040771272,17.2652093993377,,,,exploratory FES fivefold-to-12-face bridge family,-0.001922799174728406,0.003699570560209606,0.7736653205990185,0.01491502306591511,0.512863323643149,0.0067115307774188665,-0.002129301929846007,0.004674054438372641,27.0,0.0,,False,control_condition
dodecahedral topology,dodecahedron,secondary_or_exploratory,20,60,bidirected LCF dodecahedron edges,eps72_restoration_onset,random_event,8,11340,567.0,147,0.1174504040771272,17.2652093993377,,,,exploratory FES fivefold-to-12-face bridge family,0.00751968216231115,0.0018317065003051693,0.6962067626055142,0.01062982237298574,0.5173240719108883,0.0033120225003011963,0.008920492261801301,0.0024491868424997795,146.0,0.0,,False,control_condition
dodecahedral topology,dodecahedron,secondary_or_exploratory,20,60,bidirected LCF dodecahedron edges,eps72_restoration_onset,endogenous,9,17640,882.0,147,0.1174504040771272,17.2652093993377,0.009114562632389439,0.008302729230481594,0.006211180124223602,exploratory FES fivefold-to-12-face bridge family,0.005315761706010092,0.0034606222204226016,0.5398591806131676,0.03350622623939307,0.48318125086610547,0.0034034383532628967,0.007534472157939858,0.004333076397222145,25.0,0.0,0.44720496894409933,True,directional_mu_sector_signal_not_fdr_confirmed
dodecahedral topology,dodecahedron,secondary_or_exploratory,20,60,bidirected LCF dodecahedron edges,eps72_restoration_onset,time_shifted,9,17640,882.0,147,0.1174504040771272,17.2652093993377,,,,exploratory FES fivefold-to-12-face bridge family,-0.0037988009263793475,0.003617800172762462,0.8681494362174937,0.014769175140243921,0.47667484817586364,0.0066976211622434886,-0.004260902367460828,0.004429999913751964,27.0,0.0,,False,control_condition
dodecahedral topology,dodecahedron,secondary_or_exploratory,20,60,bidirected LCF dodecahedron edges,eps72_restoration_onset,random_event,9,17640,882.0,147,0.1174504040771272,17.2652093993377,,,,exploratory FES fivefold-to-12-face bridge family,-0.002986967524471502,0.002048422303039876,0.7458374916788042,0.007099127457839638,0.4781925227307644,0.0036401590582070256,-0.0034517039192289837,0.002669029505636337,146.0,0.0,,False,control_condition
dodecahedral topology,dodecahedron,secondary_or_exploratory,20,60,bidirected LCF dodecahedron edges,eps72_restoration_onset,endogenous,10,81900,4095.0,147,0.1174504040771272,17.2652093993377,0.0018429768662901387,0.0052457202394259285,0.15527950310559005,exploratory FES fivefold-to-12-face bridge family,0.0051661856519888555,0.003438751236755691,0.8486767147405649,0.011473967513647909,0.5241988565710638,0.002865466578485783,0.006389921147098332,0.0043048846091742615,25.0,0.0,0.8575270538515719,True,directional_mu_sector_signal_not_fdr_confirmed
dodecahedral topology,dodecahedron,secondary_or_exploratory,20,60,bidirected LCF dodecahedron edges,eps72_restoration_onset,time_shifted,10,81900,4095.0,147,0.1174504040771272,17.2652093993377,,,,exploratory FES fivefold-to-12-face bridge family,0.003323208785698717,0.003724027835764535,0.6995160217871208,0.021584822120635144,0.5099080480564616,0.0059001681749802455,0.003817068554325183,0.004890693177475561,27.0,0.0,,False,control_condition
dodecahedral topology,dodecahedron,secondary_or_exploratory,20,60,bidirected LCF dodecahedron edges,eps72_restoration_onset,random_event,10,81900,4095.0,147,0.1174504040771272,17.2652093993377,,,,exploratory FES fivefold-to-12-face bridge family,-7.953458743707267e-05,0.0017899669937634583,0.6886458523582332,0.018750560748396594,0.5052955928865072,0.003349882656580861,-0.00018634346005558627,0.002306874159652682,146.0,0.0,,False,control_condition
dodecahedral topology,dodecahedron,secondary_or_exploratory,20,60,bidirected LCF dodecahedron edges,eps72_restoration_onset,endogenous,12,641580,32079.0,147,0.1174504040771272,17.2652093993377,0.002685684835949144,0.00517851258260099,0.12422360248447205,exploratory FES fivefold-to-12-face bridge family,0.00017752207128552848,0.0036386087258013593,0.7334245153081473,0.022418360038265462,0.498573277577494,0.0033885332918560515,0.0005132556819428919,0.004537276160932441,25.0,0.0,0.8575270538515719,True,directional_mu_sector_signal_not_fdr_confirmed
dodecahedral topology,dodecahedron,secondary_or_exploratory,20,60,bidirected LCF dodecahedron edges,eps72_restoration_onset,time_shifted,12,641580,32079.0,147,0.1174504040771272,17.2652093993377,,,,exploratory FES fivefold-to-12-face bridge family,-0.0025081627646636154,0.0032417011613789654,0.7501640211629107,0.012360669256223662,0.49539991090953317,0.005739177012153466,-0.0029262957047353723,0.004166376152467474,27.0,0.0,,False,control_condition
dodecahedral topology,dodecahedron,secondary_or_exploratory,20,60,bidirected LCF dodecahedron edges,eps72_restoration_onset,random_event,12,641580,32079.0,147,0.1174504040771272,17.2652093993377,,,,exploratory FES fivefold-to-12-face bridge family,-0.005000990511315462,0.0015596509867936456,0.7343387910093895,0.013793061101488837,0.4983632610642177,0.0033610566988408275,-0.0057358738715905635,0.0020862565414305426,146.0,0.0,,False,control_condition
dodecahedral topology,dodecahedron,secondary_or_exploratory,20,60,bidirected LCF dodecahedron edges,eps72_restoration_onset,endogenous,16,45652620,2282631.0,147,0.1174504040771272,17.2652093993377,-0.003920838651334701,-0.008417730534821581,0.9440993788819876,exploratory FES fivefold-to-12-face bridge family,-0.003915033204159695,0.0033316334066341067,0.7503266106264528,0.03933404611816267,0.4960519794924121,0.003728736027432089,-0.005446477189219723,0.004160233719136246,25.0,0.0,0.9996346364632809,False,no_directional_mu_sector_advantage
dodecahedral topology,dodecahedron,secondary_or_exploratory,20,60,bidirected LCF dodecahedron edges,eps72_restoration_onset,time_shifted,16,45652620,2282631.0,147,0.1174504040771272,17.2652093993377,,,,exploratory FES fivefold-to-12-face bridge family,5.805447175005166e-06,0.0033921077744356043,0.6961870624145923,0.029684540930641025,0.5031886453108456,0.005029668104687075,-0.00030532771286313244,0.004328454200002964,27.0,0.0,,False,control_condition
dodecahedral topology,dodecahedron,secondary_or_exploratory,20,60,bidirected LCF dodecahedron edges,eps72_restoration_onset,random_event,16,45652620,2282631.0,147,0.1174504040771272,17.2652093993377,,,,exploratory FES fivefold-to-12-face bridge family,0.004502697330661887,0.0017500435315154432,0.6474543387330829,0.025453818359871993,0.5049989145635114,0.0026267265140753663,0.005184564595322197,0.002333133884687277,146.0,0.0,,False,control_condition
dodecahedral topology,dodecahedron,secondary_or_exploratory,20,60,bidirected LCF dodecahedron edges,eps72_restoration_onset,endogenous,20,3549572460,177478623.0,147,0.1174504040771272,17.2652093993377,-0.006151880714580879,-0.0058659764507882125,0.968944099378882,exploratory FES fivefold-to-12-face bridge family,-0.004997459535342038,0.0030907979774842838,0.7255906549310154,0.04053384782792553,0.4828534056543991,0.004914829681433093,-0.006668137245454228,0.003877778120798242,25.0,0.0,1.0,False,no_directional_mu_sector_advantage
dodecahedral topology,dodecahedron,secondary_or_exploratory,20,60,bidirected LCF dodecahedron edges,eps72_restoration_onset,time_shifted,20,3549572460,177478623.0,147,0.1174504040771272,17.2652093993377,,,,exploratory FES fivefold-to-12-face bridge family,0.0011544211792388409,0.0038001005492672396,0.49763389843838757,0.043287608815749994,0.4975191465506942,0.004839935765024156,0.0008677004040153258,0.004945139006225571,27.0,0.0,,False,control_condition
dodecahedral topology,dodecahedron,secondary_or_exploratory,20,60,bidirected LCF dodecahedron edges,eps72_restoration_onset,random_event,20,3549572460,177478623.0,147,0.1174504040771272,17.2652093993377,,,,exploratory FES fivefold-to-12-face bridge family,0.000868516915446174,0.0016975382644851993,0.4577744380601564,0.032511534624315205,0.48311032958527117,0.0028779300881014228,0.0012997710057401836,0.002165871010247325,146.0,0.0,,False,control_condition
dodecahedral topology,dodecahedron,secondary_or_exploratory,20,60,bidirected LCF dodecahedron edges,eps72_restoration_onset,endogenous,24,283961489100,14198074455.0,147,0.1174504040771272,17.2652093993377,0.010189952402121647,0.0061915536783794444,0.006211180124223602,exploratory FES fivefold-to-12-face bridge family,0.005674948326780785,0.003103649570557409,0.5650945526065546,0.06166007146500559,0.49652176899635253,0.0040511456813451755,0.007860442362140892,0.0038644276886807562,25.0,0.0,0.44720496894409933,True,directional_mu_sector_signal_not_fdr_confirmed
dodecahedral topology,dodecahedron,secondary_or_exploratory,20,60,bidirected LCF dodecahedron edges,eps72_restoration_onset,time_shifted,24,283961489100,14198074455.0,147,0.1174504040771272,17.2652093993377,,,,exploratory FES fivefold-to-12-face bridge family,-0.004515004075340863,0.0031120640731660443,0.7327201887578159,0.0349178410981356,0.4901054116714384,0.004067864587534737,-0.005329054189340358,0.004028860762533821,27.0,0.0,,False,control_condition
dodecahedral topology,dodecahedron,secondary_or_exploratory,20,60,bidirected LCF dodecahedron edges,eps72_restoration_onset,random_event,24,283961489100,14198074455.0,147,0.1174504040771272,17.2652093993377,,,,exploratory FES fivefold-to-12-face bridge family,-0.0005166053515986599,0.0016273270335004043,0.7302602124385682,0.03350160382465814,0.49710928741233235,0.0025651400560152506,-0.0003951178224784609,0.002113211688055513,146.0,0.0,,False,control_condition
dodecahedral topology,dodecahedron,secondary_or_exploratory,20,60,bidirected LCF dodecahedron edges,ricci_phase_sync_high_lock_session,endogenous,2,60,3.0,7,0.13775013979131107,0.9642509785391775,-0.001503759600240363,-0.012488598567520635,0.6832298136645962,exploratory FES fivefold-to-12-face bridge family,-0.015669171388173746,0.011216948093447898,0.8788877704145739,0.035607643795794904,0.6415864534578298,0.07864899003496202,-0.030517649675625747,0.02115585308569736,2.0,0.0,0.8863521907000167,False,no_directional_mu_sector_advantage
dodecahedral topology,dodecahedron,secondary_or_exploratory,20,60,bidirected LCF dodecahedron edges,ricci_phase_sync_high_lock_session,time_shifted,2,60,3.0,7,0.13775013979131107,0.9642509785391775,,,,exploratory FES fivefold-to-12-face bridge family,-0.014165411787933383,0.03596597064229123,0.9045522800518591,0.03348059828203668,0.533332247338579,0.07378188319834164,-0.023003443616661796,0.05143455642043406,4.0,0.0,,False,control_condition
dodecahedral topology,dodecahedron,secondary_or_exploratory,20,60,bidirected LCF dodecahedron edges,ricci_phase_sync_high_lock_session,random_event,2,60,3.0,7,0.13775013979131107,0.9642509785391775,,,,exploratory FES fivefold-to-12-face bridge family,-0.003180572820653112,0.014843208841310214,0.877349511555017,0.04421980909702754,0.5204751692402254,0.08296740739278455,-0.004037987732675616,0.021122318555610992,7.0,0.0,,False,control_condition
dodecahedral topology,dodecahedron,secondary_or_exploratory,20,60,bidirected LCF dodecahedron edges,ricci_phase_sync_high_lock_session,endogenous,3,0,0.0,7,0.13775013979131107,0.9642509785391775,0.01172415839571788,0.006755716679898252,0.34782608695652173,exploratory FES fivefold-to-12-face bridge family,0.015751110822944836,0.01829663987964867,0.8476508298793892,0.06933269481980237,0.47450264908145207,0.07442490772610996,0.033590393212279676,0.03651005461692961,2.0,0.0,0.8575270538515719,True,directional_mu_sector_signal_not_fdr_confirmed
dodecahedral topology,dodecahedron,secondary_or_exploratory,20,60,bidirected LCF dodecahedron edges,ricci_phase_sync_high_lock_session,time_shifted,3,0,0.0,7,0.13775013979131107,0.9642509785391775,,,,exploratory FES fivefold-to-12-face bridge family,0.0040269524272269555,0.039172426676175584,0.8930019684918362,0.060124696497987525,0.5055751502923893,0.05449299701556532,0.012295222658966976,0.06043992320997095,4.0,0.0,,False,control_condition
dodecahedral topology,dodecahedron,secondary_or_exploratory,20,60,bidirected LCF dodecahedron edges,ricci_phase_sync_high_lock_session,random_event,3,0,0.0,7,0.13775013979131107,0.9642509785391775,,,,exploratory FES fivefold-to-12-face bridge family,0.008995394143046584,0.01262594227956476,0.8534859150613603,0.07871845559547717,0.5016281457015268,0.04798494673083893,0.015324883434688292,0.019466622871734205,7.0,0.0,,False,control_condition
dodecahedral topology,dodecahedron,secondary_or_exploratory,20,60,bidirected LCF dodecahedron edges,ricci_phase_sync_high_lock_session,endogenous,4,300,15.0,7,0.13775013979131107,0.9642509785391775,-0.00205644006927992,-0.006713387694932846,0.5652173913043478,exploratory FES fivefold-to-12-face bridge family,-0.013677897546257556,0.02532829618133356,0.8456780060122207,0.08029687216418532,0.4744720229302846,0.07076431254334076,-0.029204582508894916,0.049828882616270484,2.0,0.0,0.8575270538515719,False,no_directional_mu_sector_advantage
dodecahedral topology,dodecahedron,secondary_or_exploratory,20,60,bidirected LCF dodecahedron edges,ricci_phase_sync_high_lock_session,time_shifted,4,300,15.0,7,0.13775013979131107,0.9642509785391775,,,,exploratory FES fivefold-to-12-face bridge family,-0.011621457476977636,0.03598485519212319,0.8838157778794444,0.06502138133028912,0.47855144969870633,0.04601436994846935,-0.02038178849240547,0.05581085995147467,4.0,0.0,,False,control_condition
dodecahedral topology,dodecahedron,secondary_or_exploratory,20,60,bidirected LCF dodecahedron edges,ricci_phase_sync_high_lock_session,random_event,4,300,15.0,7,0.13775013979131107,0.9642509785391775,,,,exploratory FES fivefold-to-12-face bridge family,-0.00696450985132471,0.015819799910738376,0.8619071162327506,0.08806053089975148,0.4798320275164949,0.04369488167893665,-0.012964269966861095,0.025838815362505114,7.0,0.0,,False,control_condition
dodecahedral topology,dodecahedron,secondary_or_exploratory,20,60,bidirected LCF dodecahedron edges,ricci_phase_sync_high_lock_session,endogenous,5,120,6.0,7,0.13775013979131107,0.9642509785391775,0.011133263821311603,0.004165551496180723,0.38509316770186336,exploratory FES fivefold-to-12-face bridge family,0.009160776472771248,0.027042373132607392,0.8625815641109881,0.07696612261599724,0.5302996269559112,0.07381862284786016,0.0191401246975652,0.052895395127566865,2.0,0.0,0.8575270538515719,True,directional_mu_sector_signal_not_fdr_confirmed
dodecahedral topology,dodecahedron,secondary_or_exploratory,20,60,bidirected LCF dodecahedron edges,ricci_phase_sync_high_lock_session,time_shifted,5,120,6.0,7,0.13775013979131107,0.9642509785391775,,,,exploratory FES fivefold-to-12-face bridge family,-0.0019724873485403548,0.03721489078888612,0.8824076312722685,0.07523229021966366,0.5114416949985393,0.04913522509687178,-0.0007533581527226517,0.05812859150034486,4.0,0.0,,False,control_condition
dodecahedral topology,dodecahedron,secondary_or_exploratory,20,60,bidirected LCF dodecahedron edges,ricci_phase_sync_high_lock_session,random_event,5,120,6.0,7,0.13775013979131107,0.9642509785391775,,,,exploratory FES fivefold-to-12-face bridge family,0.004995224976590525,0.013201056821378112,0.8628768037442509,0.08143590067955797,0.511808952690382,0.04592774299153539,0.009214036365686762,0.021184395162815554,7.0,0.0,,False,control_condition
dodecahedral topology,dodecahedron,secondary_or_exploratory,20,60,bidirected LCF dodecahedron edges,ricci_phase_sync_high_lock_session,endogenous,6,1740,87.0,7,0.13775013979131107,0.9642509785391775,-0.0048032141473914845,-0.003694001491523608,0.5590062111801242,exploratory FES fivefold-to-12-face bridge family,-0.006160640275339272,0.024020674579301418,0.8854828893604025,0.07226637502033025,0.4830900557930806,0.06427370048952581,-0.011711094871636447,0.047958928776409185,2.0,0.0,0.8575270538515719,False,no_directional_mu_sector_advantage
dodecahedral topology,dodecahedron,secondary_or_exploratory,20,60,bidirected LCF dodecahedron edges,ricci_phase_sync_high_lock_session,time_shifted,6,1740,87.0,7,0.13775013979131107,0.9642509785391775,,,,exploratory FES fivefold-to-12-face bridge family,-0.0013574261279477875,0.03340388450731997,0.886759681122222,0.06489467377577107,0.4947419049473861,0.05030456300393389,-0.002477743732435138,0.05035772953120045,4.0,0.0,,False,control_condition
dodecahedral topology,dodecahedron,secondary_or_exploratory,20,60,bidirected LCF dodecahedron edges,ricci_phase_sync_high_lock_session,random_event,6,1740,87.0,7,0.13775013979131107,0.9642509785391775,,,,exploratory FES fivefold-to-12-face bridge family,-0.0024666387838156644,0.013304031925616317,0.8568261703330109,0.08896217450848333,0.4887841823791913,0.03601985320060265,-0.004453144157742639,0.020441450648801547,7.0,0.0,,False,control_condition
dodecahedral topology,dodecahedron,secondary_or_exploratory,20,60,bidirected LCF dodecahedron edges,ricci_phase_sync_high_lock_session,endogenous,8,11340,567.0,7,0.13775013979131107,0.9642509785391775,-0.007802545994247776,0.0007976245921475599,0.5279503105590062,exploratory FES fivefold-to-12-face bridge family,-0.0002564421108427222,0.03014633298240614,0.8832251438641613,0.056702871257883786,0.5009645983295912,0.054115430414548076,0.0010918054276034157,0.05856842751133882,2.0,0.0,0.8575270538515719,False,no_directional_mu_sector_advantage
dodecahedral topology,dodecahedron,secondary_or_exploratory,20,60,bidirected LCF dodecahedron edges,ricci_phase_sync_high_lock_session,time_shifted,8,11340,567.0,7,0.13775013979131107,0.9642509785391775,,,,exploratory FES fivefold-to-12-face bridge family,0.007546103883405054,0.03428684651300649,0.8706083655230128,0.07334373054171216,0.5036292309443944,0.041954623586027154,0.01152060355381411,0.05099211591180672,4.0,0.0,,False,control_condition
dodecahedral topology,dodecahedron,secondary_or_exploratory,20,60,bidirected LCF dodecahedron edges,ricci_phase_sync_high_lock_session,random_event,8,11340,567.0,7,0.13775013979131107,0.9642509785391775,,,,exploratory FES fivefold-to-12-face bridge family,-0.001054066702990282,0.017440946764799535,0.8339229019088805,0.08731489915665061,0.49980645350229186,0.029962491855238336,-0.001313055800004699,0.02772775673006289,7.0,0.0,,False,control_condition
dodecahedral topology,dodecahedron,secondary_or_exploratory,20,60,bidirected LCF dodecahedron edges,ricci_phase_sync_high_lock_session,endogenous,9,17640,882.0,7,0.13775013979131107,0.9642509785391775,0.004089021878802058,-0.00017564507749968895,0.45962732919254656,exploratory FES fivefold-to-12-face bridge family,0.0006115585799417774,0.029171585324258703,0.8695447623281396,0.06921399302051763,0.4986872290965231,0.05571950231424704,-0.00012903086604014355,0.05681224900227951,2.0,0.0,0.8575270538515719,False,no_directional_mu_sector_advantage
dodecahedral topology,dodecahedron,secondary_or_exploratory,20,60,bidirected LCF dodecahedron edges,ricci_phase_sync_high_lock_session,time_shifted,9,17640,882.0,7,0.13775013979131107,0.9642509785391775,,,,exploratory FES fivefold-to-12-face bridge family,-0.0034774632988602804,0.03288016737183819,0.862670560052867,0.060801749052655105,0.4965813378471524,0.03824441497315551,-0.006000091632591818,0.051201229683843205,4.0,0.0,,False,control_condition
dodecahedral topology,dodecahedron,secondary_or_exploratory,20,60,bidirected LCF dodecahedron edges,ricci_phase_sync_high_lock_session,random_event,9,17640,882.0,7,0.13775013979131107,0.9642509785391775,,,,exploratory FES fivefold-to-12-face bridge family,0.0007872036574414664,0.01438001999747144,0.8336814613212967,0.08478792036056715,0.5028953064385349,0.026235297312468823,0.0005445099842964873,0.023953204680898753,7.0,0.0,,False,control_condition
dodecahedral topology,dodecahedron,secondary_or_exploratory,20,60,bidirected LCF dodecahedron edges,ricci_phase_sync_high_lock_session,endogenous,10,81900,4095.0,7,0.13775013979131107,0.9642509785391775,-0.005733681929533365,-0.0024974040161514725,0.5527950310559007,exploratory FES fivefold-to-12-face bridge family,-0.0014800580104688047,0.030341782822727825,0.8555647130302418,0.0753254505376196,0.5025578584554043,0.05858186001394284,-0.0017927933404858279,0.055237282015212,2.0,0.0,0.8575270538515719,False,no_directional_mu_sector_advantage
dodecahedral topology,dodecahedron,secondary_or_exploratory,20,60,bidirected LCF dodecahedron edges,ricci_phase_sync_high_lock_session,time_shifted,10,81900,4095.0,7,0.13775013979131107,0.9642509785391775,,,,exploratory FES fivefold-to-12-face bridge family,0.00425362391906456,0.03340286962197648,0.8549335328629987,0.08172559905984948,0.5091444019935877,0.04289357353409162,0.00772932274137392,0.05093988096443658,4.0,0.0,,False,control_condition
dodecahedral topology,dodecahedron,secondary_or_exploratory,20,60,bidirected LCF dodecahedron edges,ricci_phase_sync_high_lock_session,random_event,10,81900,4095.0,7,0.13775013979131107,0.9642509785391775,,,,exploratory FES fivefold-to-12-face bridge family,0.001017346005682668,0.018110830074955783,0.8247567045492696,0.0982245359707888,0.4965765292624935,0.026268395977344386,0.0021238310597369086,0.02929836616886816,7.0,0.0,,False,control_condition
dodecahedral topology,dodecahedron,secondary_or_exploratory,20,60,bidirected LCF dodecahedron edges,ricci_phase_sync_high_lock_session,endogenous,12,641580,32079.0,7,0.13775013979131107,0.9642509785391775,0.006548167745405321,-0.0004833375169587187,0.4409937888198758,exploratory FES fivefold-to-12-face bridge family,0.0006712549662211371,0.025350262279814188,0.836597436069289,0.08460091344272357,0.5007158521924617,0.04709848333828257,0.0029494578384233502,0.04960654235665851,2.0,0.0,0.8575270538515719,False,no_directional_mu_sector_advantage
dodecahedral topology,dodecahedron,secondary_or_exploratory,20,60,bidirected LCF dodecahedron edges,ricci_phase_sync_high_lock_session,time_shifted,12,641580,32079.0,7,0.13775013979131107,0.9642509785391775,,,,exploratory FES fivefold-to-12-face bridge family,-0.005876912779184184,0.03072024040299126,0.8179602383419299,0.08810598192039718,0.4930087343515332,0.03497768450968689,-0.008065352136277402,0.04540876844290322,4.0,0.0,,False,control_condition
dodecahedral topology,dodecahedron,secondary_or_exploratory,20,60,bidirected LCF dodecahedron edges,ricci_phase_sync_high_lock_session,random_event,12,641580,32079.0,7,0.13775013979131107,0.9642509785391775,,,,exploratory FES fivefold-to-12-face bridge family,0.0011545924831798558,0.020225878348373964,0.7711023075009131,0.13517384208493244,0.49961494100184145,0.02749539240907589,0.0012820872099827366,0.03213158092210353,7.0,0.0,,False,control_condition
dodecahedral topology,dodecahedron,secondary_or_exploratory,20,60,bidirected LCF dodecahedron edges,ricci_phase_sync_high_lock_session,endogenous,16,45652620,2282631.0,7,0.13775013979131107,0.9642509785391775,9.41937781817094e-05,-0.001621064620433732,0.4968944099378882,exploratory FES fivefold-to-12-face bridge family,0.0006139076416814268,0.02710659566615059,0.7952325695184796,0.09440768897622145,0.5007682211285277,0.04887594954864029,0.003094719735942669,0.05471950117845413,2.0,0.0,0.8575270538515719,False,no_directional_mu_sector_advantage
dodecahedral topology,dodecahedron,secondary_or_exploratory,20,60,bidirected LCF dodecahedron edges,ricci_phase_sync_high_lock_session,time_shifted,16,45652620,2282631.0,7,0.13775013979131107,0.9642509785391775,,,,exploratory FES fivefold-to-12-face bridge family,0.0005197138634997174,0.03147750100243123,0.7649339385706663,0.11782621700816948,0.50565151088664,0.03431742210039982,0.0009288644615107089,0.049709977302252614,4.0,0.0,,False,control_condition
dodecahedral topology,dodecahedron,secondary_or_exploratory,20,60,bidirected LCF dodecahedron edges,ricci_phase_sync_high_lock_session,random_event,16,45652620,2282631.0,7,0.13775013979131107,0.9642509785391775,,,,exploratory FES fivefold-to-12-face bridge family,0.0022349722621151586,0.017948086615468418,0.7317569958538388,0.10910808331079638,0.5021052637317517,0.023456243398913078,0.0036798474691385904,0.028390606511221154,7.0,0.0,,False,control_condition
dodecahedral topology,dodecahedron,secondary_or_exploratory,20,60,bidirected LCF dodecahedron edges,ricci_phase_sync_high_lock_session,endogenous,20,3549572460,177478623.0,7,0.13775013979131107,0.9642509785391775,0.006101695254460382,0.005335723111738998,0.37888198757763975,exploratory FES fivefold-to-12-face bridge family,0.004063276284321208,0.028201027984822245,0.7580376844939772,0.11689615997578183,0.4974380581851935,0.04047133539354238,0.0052513679321510714,0.0552456116498442,2.0,0.0,0.8575270538515719,True,directional_mu_sector_signal_not_fdr_confirmed
dodecahedral topology,dodecahedron,secondary_or_exploratory,20,60,bidirected LCF dodecahedron edges,ricci_phase_sync_high_lock_session,time_shifted,20,3549572460,177478623.0,7,0.13775013979131107,0.9642509785391775,,,,exploratory FES fivefold-to-12-face bridge family,-0.002038418970139174,0.027565020595656086,0.7592716842232383,0.10585222727730839,0.4976465477984256,0.0355593043007744,-0.0027700212606323834,0.04228672547755452,4.0,0.0,,False,control_condition
dodecahedral topology,dodecahedron,secondary_or_exploratory,20,60,bidirected LCF dodecahedron edges,ricci_phase_sync_high_lock_session,random_event,20,3549572460,177478623.0,7,0.13775013979131107,0.9642509785391775,,,,exploratory FES fivefold-to-12-face bridge family,-0.0012724468274177897,0.015372484253133053,0.7130044691691294,0.10808415796811659,0.500627569385528,0.023822188385238578,-0.001652898863159342,0.02497852529450024,7.0,0.0,,False,control_condition
dodecahedral topology,dodecahedron,secondary_or_exploratory,20,60,bidirected LCF dodecahedron edges,ricci_phase_sync_high_lock_session,endogenous,24,283961489100,14198074455.0,7,0.13775013979131107,0.9642509785391775,-0.0018208085641746128,0.00034161895447632504,0.5217391304347826,exploratory FES fivefold-to-12-face bridge family,0.00013560921376514786,0.03181663727028781,0.723500697432172,0.13184884397161356,0.49915343960048614,0.0448471340331162,0.0028394891524737955,0.06141090290411975,2.0,0.0,0.8575270538515719,False,no_directional_mu_sector_advantage
dodecahedral topology,dodecahedron,secondary_or_exploratory,20,60,bidirected LCF dodecahedron edges,ricci_phase_sync_high_lock_session,time_shifted,24,283961489100,14198074455.0,7,0.13775013979131107,0.9642509785391775,,,,exploratory FES fivefold-to-12-face bridge family,0.0019564177779397606,0.02682236013928355,0.7051445616243353,0.11754053834285669,0.5058532341573511,0.0332391310018108,0.003295603642045646,0.042624791341896895,4.0,0.0,,False,control_condition
dodecahedral topology,dodecahedron,secondary_or_exploratory,20,60,bidirected LCF dodecahedron edges,ricci_phase_sync_high_lock_session,random_event,24,283961489100,14198074455.0,7,0.13775013979131107,0.9642509785391775,,,,exploratory FES fivefold-to-12-face bridge family,-0.00020600974071117718,0.01714039979118086,0.684528311900286,0.12680594414978802,0.4978148092057159,0.021758908609194275,-0.0009523935064779032,0.026859375804177143,7.0,0.0,,False,control_condition
icosahedral topology,icosahedron,secondary_or_exploratory,12,60,bidirected icosahedron edges,high_boundary_impulse_J,endogenous,2,60,5.0,57,0.09331239298409179,5.318806400093232,-0.0008873990726421047,0.003685704499534864,0.35403726708074534,exploratory 5-12-20 bridge family,0.005741448273191886,0.003438512283803954,0.7937057237824934,0.006400392963091116,0.6509767880152056,0.02399308758486625,0.011813759549899439,0.006296119831688992,21.0,0.0,0.8575270538515719,False,no_directional_mu_sector_advantage
icosahedral topology,icosahedron,secondary_or_exploratory,12,60,bidirected icosahedron edges,high_boundary_impulse_J,time_shifted,2,60,5.0,57,0.09331239298409179,5.318806400093232,,,,exploratory 5-12-20 bridge family,0.006628847345833991,0.003072927471928377,0.8799952005529862,0.0026332926247654345,0.6429405971464828,0.018885767703549602,0.015196958281356157,0.005666051801494158,23.0,0.0,,False,control_condition
icosahedral topology,icosahedron,secondary_or_exploratory,12,60,bidirected icosahedron edges,high_boundary_impulse_J,random_event,2,60,5.0,57,0.09331239298409179,5.318806400093232,,,,exploratory 5-12-20 bridge family,0.002055743773657022,0.0031019605840146617,0.8668096035619417,0.0038307137550107843,0.6581563483598594,0.022244440011408094,0.004199341102127045,0.0062709593470079575,55.0,0.0,,False,control_condition
icosahedral topology,icosahedron,secondary_or_exploratory,12,60,bidirected icosahedron edges,high_boundary_impulse_J,endogenous,3,120,10.0,57,0.09331239298409179,5.318806400093232,0.0021604312752604906,-0.003852578059481111,0.5652173913043478,exploratory 5-12-20 bridge family,0.0018006842866005721,0.0032585324363795303,0.7996811542434609,0.015237006811954635,0.4681240348261543,0.019113937035756062,0.0031788092689676735,0.005611689413383063,21.0,0.0,0.8575270538515719,False,no_directional_mu_sector_advantage
icosahedral topology,icosahedron,secondary_or_exploratory,12,60,bidirected icosahedron edges,high_boundary_impulse_J,time_shifted,3,120,10.0,57,0.09331239298409179,5.318806400093232,,,,exploratory 5-12-20 bridge family,-0.00035974698865991834,0.002949585192167535,0.8139595322893257,0.004098801666132156,0.48096934991320117,0.01596000378204705,-0.0009885799842165375,0.005724390109991174,23.0,0.0,,False,control_condition
icosahedral topology,icosahedron,secondary_or_exploratory,12,60,bidirected icosahedron edges,high_boundary_impulse_J,random_event,3,120,10.0,57,0.09331239298409179,5.318806400093232,,,,exploratory 5-12-20 bridge family,0.005653262346081683,0.0031452969159662305,0.8090856099418717,0.003687582489075308,0.4762691293232765,0.022319821090144708,0.011394462390275003,0.00625707827684256,55.0,0.0,,False,control_condition
icosahedral topology,icosahedron,secondary_or_exploratory,12,60,bidirected icosahedron edges,high_boundary_impulse_J,endogenous,4,780,65.0,57,0.09331239298409179,5.318806400093232,0.0027116408119837593,0.002858632920189069,0.20496894409937888,exploratory 5-12-20 bridge family,0.0010258764015577515,0.0033360767277556365,0.9075851696638828,0.015244899635503526,0.4841176926193258,0.012951182613862538,-0.00038685611643133087,0.006004855610701763,21.0,0.0,0.8575270538515719,True,directional_mu_sector_signal_not_fdr_confirmed
icosahedral topology,icosahedron,secondary_or_exploratory,12,60,bidirected icosahedron edges,high_boundary_impulse_J,time_shifted,4,780,65.0,57,0.09331239298409179,5.318806400093232,,,,exploratory 5-12-20 bridge family,-0.0016857644104260078,0.003082886695461947,0.8179389829116394,0.02235349772342618,0.4754937397375916,0.014967414528680242,-0.0059452992489039645,0.005824129719842993,23.0,0.0,,False,control_condition
icosahedral topology,icosahedron,secondary_or_exploratory,12,60,bidirected icosahedron edges,high_boundary_impulse_J,random_event,4,780,65.0,57,0.09331239298409179,5.318806400093232,,,,exploratory 5-12-20 bridge family,-0.0018327565186313176,0.0032026905069727266,0.7943059679668181,0.013874728078846583,0.4631764326964737,0.02002790350192261,-0.00512838515588669,0.006011985159106201,55.0,0.0,,False,control_condition
icosahedral topology,icosahedron,secondary_or_exploratory,12,60,bidirected icosahedron edges,high_boundary_impulse_J,endogenous,5,3120,260.0,57,0.09331239298409179,5.318806400093232,-0.0020458035380500486,-0.001663828236092583,0.6832298136645962,exploratory 5-12-20 bridge family,-0.0017666792933245744,0.0033619407211805813,0.9194005153846643,0.013936906985914958,0.5159585065360975,0.010451409412115583,-0.0011568469223540735,0.006177507391453506,21.0,0.0,0.8863521907000167,False,no_directional_mu_sector_advantage
icosahedral topology,icosahedron,secondary_or_exploratory,12,60,bidirected icosahedron edges,high_boundary_impulse_J,time_shifted,5,3120,260.0,57,0.09331239298409179,5.318806400093232,,,,exploratory 5-12-20 bridge family,0.000279124244725474,0.0037910026609950702,0.878478663886073,0.03219924271113621,0.5155645445856989,0.01481587370342348,0.0031018620103498485,0.007176505852130826,23.0,0.0,,False,control_condition
icosahedral topology,icosahedron,secondary_or_exploratory,12,60,bidirected icosahedron edges,high_boundary_impulse_J,random_event,5,3120,260.0,57,0.09331239298409179,5.318806400093232,,,,exploratory 5-12-20 bridge family,-0.00010285105723199147,0.0034396841197654546,0.8109452438629164,0.029884979627656703,0.5355353569073319,0.019978993115935397,0.0007544161911422707,0.0063692076142565866,55.0,0.0,,False,control_condition
icosahedral topology,icosahedron,secondary_or_exploratory,12,60,bidirected icosahedron edges,high_boundary_impulse_J,endogenous,6,16380,1365.0,57,0.09331239298409179,5.318806400093232,-0.0002095218047404564,-0.00022455716545225922,0.5093167701863354,exploratory 5-12-20 bridge family,0.0004230421783731345,0.0034123103188293557,0.9535172123599833,0.02709591718397732,0.49468183059251036,0.010975974448886778,-0.00019874362761684348,0.006222251862028709,21.0,0.0,0.8575270538515719,False,no_directional_mu_sector_advantage
icosahedral topology,icosahedron,secondary_or_exploratory,12,60,bidirected icosahedron edges,high_boundary_impulse_J,time_shifted,6,16380,1365.0,57,0.09331239298409179,5.318806400093232,,,,exploratory 5-12-20 bridge family,0.0006325639831135909,0.004034538254908185,0.956823456518681,0.024480999939373603,0.5024250408547031,0.011132407634323169,0.0006444455780851558,0.007809366874691108,23.0,0.0,,False,control_condition
icosahedral topology,icosahedron,secondary_or_exploratory,12,60,bidirected icosahedron edges,high_boundary_impulse_J,random_event,6,16380,1365.0,57,0.09331239298409179,5.318806400093232,,,,exploratory 5-12-20 bridge family,0.0006475993438253937,0.003539954073129155,0.9334890517324534,0.017195769129685873,0.48529903202872415,0.017468719201770757,0.0006323341492194659,0.00643839343332881,55.0,0.0,,False,control_condition
icosahedral topology,icosahedron,secondary_or_exploratory,12,60,bidirected icosahedron edges,high_boundary_impulse_J,endogenous,8,394380,32865.0,57,0.09331239298409179,5.318806400093232,-0.000451120239510154,0.0029081120217198278,0.36645962732919257,exploratory 5-12-20 bridge family,-0.00010301648360957923,0.0030713653047233372,0.897045734247526,0.019991931135061324,0.5127037124185723,0.011208977808633459,0.00024131491298861533,0.005786048462298743,21.0,0.0,0.8575270538515719,False,no_directional_mu_sector_advantage
icosahedral topology,icosahedron,secondary_or_exploratory,12,60,bidirected icosahedron edges,high_boundary_impulse_J,time_shifted,8,394380,32865.0,57,0.09331239298409179,5.318806400093232,,,,exploratory 5-12-20 bridge family,0.00034810375590057477,0.003786288718664789,0.7214593637666044,0.04565933049442067,0.5143732688839587,0.011242776025269914,0.0018773306440023018,0.007139487257983301,23.0,0.0,,False,control_condition
icosahedral topology,icosahedron,secondary_or_exploratory,12,60,bidirected icosahedron edges,high_boundary_impulse_J,random_event,8,394380,32865.0,57,0.09331239298409179,5.318806400093232,,,,exploratory 5-12-20 bridge family,-0.003011128505329407,0.0029233838555151165,0.8068435184195835,0.026350716817261925,0.5022800709745165,0.009266278005989287,-0.006785121997960641,0.005830555088548631,55.0,0.0,,False,control_condition
icosahedral topology,icosahedron,secondary_or_exploratory,12,60,bidirected icosahedron edges,high_boundary_impulse_J,endogenous,9,1953120,162760.0,57,0.09331239298409179,5.318806400093232,-0.002073058045455346,-0.004163729268119701,0.7701863354037267,exploratory 5-12-20 bridge family,-0.0013480519160452397,0.003924370162363438,0.8593739521504613,0.02992687921433018,0.48438834673089576,0.010006359742390123,-0.0016715262630410447,0.006973965184803237,21.0,0.0,0.8908179301055152,False,no_directional_mu_sector_advantage
icosahedral topology,icosahedron,secondary_or_exploratory,12,60,bidirected icosahedron edges,high_boundary_impulse_J,time_shifted,9,1953120,162760.0,57,0.09331239298409179,5.318806400093232,,,,exploratory 5-12-20 bridge family,0.0007250061294101066,0.003525908811202852,0.6254327411204331,0.035345782623331705,0.48826064207471787,0.012072082281276432,0.003770031414631631,0.006902834065619614,23.0,0.0,,False,control_condition
icosahedral topology,icosahedron,secondary_or_exploratory,12,60,bidirected icosahedron edges,high_boundary_impulse_J,random_event,9,1953120,162760.0,57,0.09331239298409179,5.318806400093232,,,,exploratory 5-12-20 bridge family,0.002815677352074461,0.003150689809936176,0.6905524182207057,0.04452633057984564,0.4998840282771081,0.00883590984722991,0.006693114152167713,0.006217359533744118,55.0,0.0,,False,control_condition
icosahedral topology,icosahedron,secondary_or_exploratory,12,60,bidirected icosahedron edges,high_boundary_impulse_J,endogenous,10,9784380,815365.0,57,0.09331239298409179,5.318806400093232,0.0045983597697345025,0.002861907184527583,0.12422360248447205,exploratory 5-12-20 bridge family,0.001914441572860072,0.003387924425579489,0.8218897137705033,0.040177341635571545,0.5104043146373115,0.010573529546280106,9.304321209874536e-06,0.005936389466615324,21.0,0.0,0.8575270538515719,True,directional_mu_sector_signal_not_fdr_confirmed
icosahedral topology,icosahedron,secondary_or_exploratory,12,60,bidirected icosahedron edges,high_boundary_impulse_J,time_shifted,10,9784380,815365.0,57,0.09331239298409179,5.318806400093232,,,,exploratory 5-12-20 bridge family,-0.002683918196874431,0.0034652370374305863,0.5005764429417804,0.04261852359269861,0.5030161547447852,0.011019688851938521,-0.01121705495198217,0.006785161169454121,23.0,0.0,,False,control_condition
icosahedral topology,icosahedron,secondary_or_exploratory,12,60,bidirected icosahedron edges,high_boundary_impulse_J,random_event,10,9784380,815365.0,57,0.09331239298409179,5.318806400093232,,,,exploratory 5-12-20 bridge family,-0.0009474656116675109,0.003217947268511873,0.6380038538577122,0.0502904849807639,0.4994229866138979,0.007725834795547159,-0.002995666449594525,0.006245879192782189,55.0,0.0,,False,control_condition
icosahedral topology,icosahedron,secondary_or_exploratory,12,60,bidirected icosahedron edges,high_boundary_impulse_J,endogenous,12,244234380,20352865.0,57,0.09331239298409179,5.318806400093232,0.008339890587769256,0.0008734554469225515,0.2236024844720497,exploratory 5-12-20 bridge family,0.0034835598041750336,0.003327264002541795,0.7510379520863484,0.03263223444319062,0.49970924025249114,0.010572344451937377,0.0010578870937118464,0.006085299784102562,21.0,0.0,0.8575270538515719,True,directional_mu_sector_signal_not_fdr_confirmed
icosahedral topology,icosahedron,secondary_or_exploratory,12,60,bidirected icosahedron edges,high_boundary_impulse_J,time_shifted,12,244234380,20352865.0,57,0.09331239298409179,5.318806400093232,,,,exploratory 5-12-20 bridge family,-0.0048563307835942215,0.0031781592908407927,0.32793683770367466,0.07235665419635734,0.488093549573337,0.013180413670798754,-0.015301142192512229,0.0063204285615272165,23.0,0.0,,False,control_condition
icosahedral topology,icosahedron,secondary_or_exploratory,12,60,bidirected icosahedron edges,high_boundary_impulse_J,random_event,12,244234380,20352865.0,57,0.09331239298409179,5.318806400093232,,,,exploratory 5-12-20 bridge family,0.002610104357252482,0.0031671868929869823,0.6636499561507186,0.035970302467203924,0.4952086992211381,0.008676658975810323,0.005098805860497678,0.006074185636989708,55.0,0.0,,False,control_condition
icosahedral topology,icosahedron,secondary_or_exploratory,12,60,bidirected icosahedron edges,high_boundary_impulse_J,endogenous,16,152590234380,12715852865.0,57,0.09331239298409179,5.318806400093232,0.0020242457625595095,0.000331105036415056,0.38509316770186336,exploratory 5-12-20 bridge family,0.0009197140153184224,0.0037847200586046117,0.48111094864893345,0.14496665586643537,0.5087647325540162,0.011486207514066298,6.9514952253187235e-06,0.006802634248574454,21.0,0.0,0.8575270538515719,True,directional_mu_sector_signal_not_fdr_confirmed
icosahedral topology,icosahedron,secondary_or_exploratory,12,60,bidirected icosahedron edges,high_boundary_impulse_J,time_shifted,16,152590234380,12715852865.0,57,0.09331239298409179,5.318806400093232,,,,exploratory 5-12-20 bridge family,-0.0011045317472410869,0.004085553415498091,0.5474025329384828,0.12247590894296521,0.5011519621671526,0.01321111319679198,-0.002940839437062709,0.008321996936181766,23.0,0.0,,False,control_condition
icosahedral topology,icosahedron,secondary_or_exploratory,12,60,bidirected icosahedron edges,high_boundary_impulse_J,random_event,16,152590234380,12715852865.0,57,0.09331239298409179,5.318806400093232,,,,exploratory 5-12-20 bridge family,0.0005886089789033664,0.00318644212439825,0.6328924698470568,0.09350135425292558,0.500009216697989,0.008158009204020267,0.00017050379009864487,0.005940759079812429,55.0,0.0,,False,control_condition
icosahedral topology,icosahedron,secondary_or_exploratory,12,60,bidirected icosahedron edges,high_boundary_impulse_J,endogenous,20,95367490234380,7947290852865.0,57,0.09331239298409179,5.318806400093232,0.0002995485350729396,-0.000782908837267513,0.5031055900621118,exploratory 5-12-20 bridge family,-0.0005909433345329158,0.004020812061994873,0.7291663590891321,0.08959134845082761,0.5008440413433322,0.014100602006572907,-0.0013739499091696005,0.007258331637716104,21.0,0.0,0.8575270538515719,False,no_directional_mu_sector_advantage
icosahedral topology,icosahedron,secondary_or_exploratory,12,60,bidirected icosahedron edges,high_boundary_impulse_J,time_shifted,20,95367490234380,7947290852865.0,57,0.09331239298409179,5.318806400093232,,,,exploratory 5-12-20 bridge family,-0.0008904918696058554,0.003981673726444956,0.6591417314908942,0.07247505182871715,0.5088260838429831,0.010770766318195074,-0.00122635323012384,0.00783153861813881,23.0,0.0,,False,control_condition
icosahedral topology,icosahedron,secondary_or_exploratory,12,60,bidirected icosahedron edges,high_boundary_impulse_J,random_event,20,95367490234380,7947290852865.0,57,0.09331239298409179,5.318806400093232,,,,exploratory 5-12-20 bridge family,0.0001919655027345972,0.003368500004192317,0.690703264749251,0.08109380095891201,0.49592438261690663,0.006668937913740311,0.0001665387421363398,0.006937840647828533,55.0,0.0,,False,control_condition
icosahedral topology,icosahedron,secondary_or_exploratory,12,60,bidirected icosahedron edges,high_boundary_impulse_J,endogenous,24,59604646240234380,4967053853352865.0,57,0.09331239298409179,5.318806400093232,-0.0026242680679697764,-0.004336665072065814,0.8633540372670807,exploratory 5-12-20 bridge family,-0.0024977950893320736,0.0035619736241283484,0.5144070561991823,0.09655674973176098,0.4849101326716133,0.01314056696623805,-0.004814075527687036,0.006944576467138794,21.0,0.0,0.9382866518223368,False,no_directional_mu_sector_advantage
icosahedral topology,icosahedron,secondary_or_exploratory,12,60,bidirected icosahedron edges,high_boundary_impulse_J,time_shifted,24,59604646240234380,4967053853352865.0,57,0.09331239298409179,5.318806400093232,,,,exploratory 5-12-20 bridge family,0.0001264729786377028,0.0041513855759740485,0.6332114443343846,0.07117210015715543,0.4939248206712912,0.012493650657663332,0.0002702272558493136,0.008678163139964957,23.0,0.0,,False,control_condition
icosahedral topology,icosahedron,secondary_or_exploratory,12,60,bidirected icosahedron edges,high_boundary_impulse_J,random_event,24,59604646240234380,4967053853352865.0,57,0.09331239298409179,5.318806400093232,,,,exploratory 5-12-20 bridge family,0.0018388699827337409,0.0030466757871069295,0.5846736963507595,0.07841635965309163,0.50259736376243,0.007081957986593315,0.003792976378255662,0.005761955028138413,55.0,0.0,,False,control_condition
icosahedral topology,icosahedron,secondary_or_exploratory,12,60,bidirected icosahedron edges,residual_contraction_low_distance,endogenous,2,60,5.0,57,0.09102846804812097,5.188622678742895,0.003819211874966132,0.015421277219052598,0.08695652173913043,exploratory 5-12-20 bridge family,0.0029555038261985136,0.0049092584059179534,0.8321389874919987,0.013876683166578247,0.4749637089363426,0.0330537112830398,0.005533050188639858,0.007820454734248335,23.0,0.0,0.8575270538515719,True,directional_mu_sector_signal_not_fdr_confirmed
icosahedral topology,icosahedron,secondary_or_exploratory,12,60,bidirected icosahedron edges,residual_contraction_low_distance,time_shifted,2,60,5.0,57,0.09102846804812097,5.188622678742895,,,,exploratory 5-12-20 bridge family,-0.0008637080487676182,0.004087014153721254,0.8293064651784114,0.010155146369284225,0.47288155660574505,0.019730640915262842,-0.00021890009073502465,0.006419440358533514,25.0,0.0,,False,control_condition
icosahedral topology,icosahedron,secondary_or_exploratory,12,60,bidirected icosahedron edges,residual_contraction_low_distance,random_event,2,60,5.0,57,0.09102846804812097,5.188622678742895,,,,exploratory 5-12-20 bridge family,-0.012465773392854084,0.0048170740317951145,0.8049862644553677,0.014241833343830066,0.49261750537019305,0.01873799441554779,-0.016271514779795205,0.006749716732221211,57.0,0.0,,False,control_condition
icosahedral topology,icosahedron,secondary_or_exploratory,12,60,bidirected icosahedron edges,residual_contraction_low_distance,endogenous,3,120,10.0,57,0.09102846804812097,5.188622678742895,0.00017948087497349468,0.00525478859770961,0.32298136645962733,exploratory 5-12-20 bridge family,-0.0002813155193295546,0.0040065969811307195,0.9077097799012576,0.013590844597455727,0.5197034465497435,0.028552378819966143,4.8759827008192524e-05,0.006931500673991012,23.0,0.0,0.8575270538515719,True,directional_mu_sector_signal_not_fdr_confirmed
icosahedral topology,icosahedron,secondary_or_exploratory,12,60,bidirected icosahedron edges,residual_contraction_low_distance,time_shifted,3,120,10.0,57,0.09102846804812097,5.188622678742895,,,,exploratory 5-12-20 bridge family,-0.0004607963943030493,0.004398760253269691,0.9139514594600016,0.009079051373052809,0.5018069574425813,0.016729141056538055,-0.00020385313917122092,0.006982408502461497,25.0,0.0,,False,control_condition
icosahedral topology,icosahedron,secondary_or_exploratory,12,60,bidirected icosahedron edges,residual_contraction_low_distance,random_event,3,120,10.0,57,0.09102846804812097,5.188622678742895,,,,exploratory 5-12-20 bridge family,-0.005536104117039165,0.004347804725989287,0.8454033896576906,0.015546917734340714,0.4913499992952902,0.01564381240459194,-0.007755995818973256,0.006172737284739867,57.0,0.0,,False,control_condition
icosahedral topology,icosahedron,secondary_or_exploratory,12,60,bidirected icosahedron edges,residual_contraction_low_distance,endogenous,4,780,65.0,57,0.09102846804812097,5.188622678742895,-0.0019487461521691912,-0.006281290577640786,0.8322981366459627,exploratory 5-12-20 bridge family,0.0020980229771622124,0.00401405139869905,0.8761618580725674,0.02981675464971824,0.5394666937746628,0.022681209436468817,0.0032595844510052577,0.007008593147313446,23.0,0.0,0.9363354037267081,False,no_directional_mu_sector_advantage
icosahedral topology,icosahedron,secondary_or_exploratory,12,60,bidirected icosahedron edges,residual_contraction_low_distance,time_shifted,4,780,65.0,57,0.09102846804812097,5.188622678742895,,,,exploratory 5-12-20 bridge family,0.004046769129331404,0.003844627293834322,0.8792622718642237,0.02171361559345945,0.5581316714519782,0.01499906949974929,0.006240538163166028,0.0060133600979479715,25.0,0.0,,False,control_condition
icosahedral topology,icosahedron,secondary_or_exploratory,12,60,bidirected icosahedron edges,residual_contraction_low_distance,random_event,4,780,65.0,57,0.09102846804812097,5.188622678742895,,,,exploratory 5-12-20 bridge family,0.008379313554802998,0.003617079755968469,0.8349367193482296,0.023011538421452087,0.5442738093559389,0.012509934971880061,0.013394124094957976,0.005200045394504821,57.0,0.0,,False,control_condition
icosahedral topology,icosahedron,secondary_or_exploratory,12,60,bidirected icosahedron edges,residual_contraction_low_distance,endogenous,5,3120,260.0,57,0.09102846804812097,5.188622678742895,0.0013631773492721341,-0.0018949389083668979,0.5093167701863354,exploratory 5-12-20 bridge family,0.00015203248708790248,0.003740873996954698,0.8801283534245105,0.02927769291861444,0.4858012563210902,0.024305145874460442,-0.0005418524577952519,0.0064608402600050815,23.0,0.0,0.8575270538515719,False,no_directional_mu_sector_advantage
icosahedral topology,icosahedron,secondary_or_exploratory,12,60,bidirected icosahedron edges,residual_contraction_low_distance,time_shifted,5,3120,260.0,57,0.09102846804812097,5.188622678742895,,,,exploratory 5-12-20 bridge family,-0.0012111448621842317,0.0035102189432773294,0.8807023683970527,0.0225375436074316,0.48536893549682014,0.01773234307188878,-0.0027264618595447105,0.0054453508109128185,25.0,0.0,,False,control_condition
icosahedral topology,icosahedron,secondary_or_exploratory,12,60,bidirected icosahedron edges,residual_contraction_low_distance,random_event,5,3120,260.0,57,0.09102846804812097,5.188622678742895,,,,exploratory 5-12-20 bridge family,0.0020469713954548003,0.004073448398855886,0.9060377879416889,0.024934468822276217,0.4868799758293917,0.013511236763351947,0.001900358789053283,0.005258125917071097,57.0,0.0,,False,control_condition
icosahedral topology,icosahedron,secondary_or_exploratory,12,60,bidirected icosahedron edges,residual_contraction_low_distance,endogenous,6,16380,1365.0,57,0.09102846804812097,5.188622678742895,0.001035019280921442,0.002661433096312049,0.3105590062111801,exploratory 5-12-20 bridge family,0.00027753003156278045,0.0033006972573704795,0.9319903646872174,0.032582055305594756,0.4844258980541484,0.022376885272477182,0.0003271748604283222,0.00593679484951289,23.0,0.0,0.8575270538515719,True,directional_mu_sector_signal_not_fdr_confirmed
icosahedral topology,icosahedron,secondary_or_exploratory,12,60,bidirected icosahedron edges,residual_contraction_low_distance,time_shifted,6,16380,1365.0,57,0.09102846804812097,5.188622678742895,,,,exploratory 5-12-20 bridge family,-0.0007574892493586616,0.0032187383240022548,0.8742950735862784,0.03686428193963937,0.4855259754703892,0.01687949537297186,-0.0012782967058630622,0.004962912336686854,25.0,0.0,,False,control_condition
icosahedral topology,icosahedron,secondary_or_exploratory,12,60,bidirected icosahedron edges,residual_contraction_low_distance,random_event,6,16380,1365.0,57,0.09102846804812097,5.188622678742895,,,,exploratory 5-12-20 bridge family,-0.0023839030647492686,0.004285774811729909,0.9419088982907929,0.024722541012505532,0.4891331627159314,0.011521473584251306,-0.003192798484974083,0.005897818374616195,57.0,0.0,,False,control_condition
icosahedral topology,icosahedron,secondary_or_exploratory,12,60,bidirected icosahedron edges,residual_contraction_low_distance,endogenous,8,394380,32865.0,57,0.09102846804812097,5.188622678742895,-0.0005904046701830894,0.001866360996695678,0.42857142857142855,exploratory 5-12-20 bridge family,-0.00034131852089763797,0.0034848275582779935,0.8372509582401815,0.05072752034010147,0.4874593614121883,0.01687276466616699,-0.0006102988716197691,0.00619150722143951,23.0,0.0,0.8575270538515719,False,no_directional_mu_sector_advantage
icosahedral topology,icosahedron,secondary_or_exploratory,12,60,bidirected icosahedron edges,residual_contraction_low_distance,time_shifted,8,394380,32865.0,57,0.09102846804812097,5.188622678742895,,,,exploratory 5-12-20 bridge family,0.0002490861492854514,0.0035910709445666246,0.8423781688688727,0.04646366880812854,0.4896527728166594,0.012807984833516872,0.0003041911409059995,0.0057353810689406825,25.0,0.0,,False,control_condition
icosahedral topology,icosahedron,secondary_or_exploratory,12,60,bidirected icosahedron edges,residual_contraction_low_distance,random_event,8,394380,32865.0,57,0.09102846804812097,5.188622678742895,,,,exploratory 5-12-20 bridge family,-0.002207679517593316,0.003366906915289079,0.7972533873091898,0.05844664348008509,0.4963409118689738,0.007099950112091478,-0.003317269085570325,0.00463818124370308,57.0,0.0,,False,control_condition
icosahedral topology,icosahedron,secondary_or_exploratory,12,60,bidirected icosahedron edges,residual_contraction_low_distance,endogenous,9,1953120,162760.0,57,0.09102846804812097,5.188622678742895,-0.0004896484863430839,-0.0033003548623480507,0.7329192546583851,exploratory 5-12-20 bridge family,-0.0011508872515450257,0.003699915061093848,0.7943510656923796,0.047358504676671395,0.5079988047685122,0.01515541478574867,-0.002007547819552088,0.0064029572486301745,23.0,0.0,0.8908179301055152,False,no_directional_mu_sector_advantage
icosahedral topology,icosahedron,secondary_or_exploratory,12,60,bidirected icosahedron edges,residual_contraction_low_distance,time_shifted,9,1953120,162760.0,57,0.09102846804812097,5.188622678742895,,,,exploratory 5-12-20 bridge family,-0.0006612387652019417,0.0033208346146928027,0.8133620402151397,0.045725268753012374,0.5152031666152717,0.011171478238367984,-0.0007573598388981781,0.005574562429697751,25.0,0.0,,False,control_condition
icosahedral topology,icosahedron,secondary_or_exploratory,12,60,bidirected icosahedron edges,residual_contraction_low_distance,random_event,9,1953120,162760.0,57,0.09102846804812097,5.188622678742895,,,,exploratory 5-12-20 bridge family,0.0021494676108030253,0.003253741435565481,0.883559473979372,0.03999335419134728,0.5056575159740939,0.008264485436171939,0.0029722182637988387,0.004444328620771167,57.0,0.0,,False,control_condition
icosahedral topology,icosahedron,secondary_or_exploratory,12,60,bidirected icosahedron edges,residual_contraction_low_distance,endogenous,10,9784380,815365.0,57,0.09102846804812097,5.188622678742895,0.0015532355481490195,0.006014135461961631,0.20496894409937888,exploratory 5-12-20 bridge family,0.0022882006761933047,0.0033957788599912665,0.7670649598141811,0.06653493178752265,0.4942763914351406,0.015418325821633012,0.003409366167370641,0.005900874492164349,23.0,0.0,0.8575270538515719,True,directional_mu_sector_signal_not_fdr_confirmed
icosahedral topology,icosahedron,secondary_or_exploratory,12,60,bidirected icosahedron edges,residual_contraction_low_distance,time_shifted,10,9784380,815365.0,57,0.09102846804812097,5.188622678742895,,,,exploratory 5-12-20 bridge family,0.0007349651280442852,0.003634353956008578,0.7876812268455827,0.05680315713503493,0.48815588846609276,0.011295775367179227,0.0007533280827520592,0.00592960422415535,25.0,0.0,,False,control_condition
icosahedral topology,icosahedron,secondary_or_exploratory,12,60,bidirected icosahedron edges,residual_contraction_low_distance,random_event,10,9784380,815365.0,57,0.09102846804812097,5.188622678742895,,,,exploratory 5-12-20 bridge family,-0.0037259347857683265,0.0029990822782355103,0.8132336500363669,0.04373039462433273,0.4912891352514892,0.0077789931078537265,-0.0057093455762225655,0.004210348856584388,57.0,0.0,,False,control_condition
icosahedral topology,icosahedron,secondary_or_exploratory,12,60,bidirected icosahedron edges,residual_contraction_low_distance,endogenous,12,244234380,20352865.0,57,0.09102846804812097,5.188622678742895,-0.0026958742940482137,-0.009259725785464334,0.9130434782608695,exploratory 5-12-20 bridge family,-0.003497476862138453,0.004155539915807997,0.5565608615226111,0.08319092622622104,0.49831521076686497,0.01513031040312781,-0.006001450784410252,0.007000015269745373,23.0,0.0,0.9811810512654121,False,no_directional_mu_sector_advantage
icosahedral topology,icosahedron,secondary_or_exploratory,12,60,bidirected icosahedron edges,residual_contraction_low_distance,time_shifted,12,244234380,20352865.0,57,0.09102846804812097,5.188622678742895,,,,exploratory 5-12-20 bridge family,-0.0008016025680902393,0.00334544981608186,0.6653304453862943,0.08487599907409772,0.5139947043551603,0.013104867083670398,-0.002253727254402744,0.005734875935805397,25.0,0.0,,False,control_condition
icosahedral topology,icosahedron,secondary_or_exploratory,12,60,bidirected icosahedron edges,residual_contraction_low_distance,random_event,12,244234380,20352865.0,57,0.09102846804812097,5.188622678742895,,,,exploratory 5-12-20 bridge family,0.005762248923325881,0.0040944817880139515,0.5314528661916226,0.07627021719074402,0.5062883457055387,0.006753297901319241,0.009377261741986217,0.005759922694224441,57.0,0.0,,False,control_condition
icosahedral topology,icosahedron,secondary_or_exploratory,12,60,bidirected icosahedron edges,residual_contraction_low_distance,endogenous,16,152590234380,12715852865.0,57,0.09102846804812097,5.188622678742895,-0.0011699455416919712,-0.00423332511986127,0.7391304347826086,exploratory 5-12-20 bridge family,-0.004232635049364644,0.0046119066230310216,0.5470618614588154,0.16486908655573795,0.49443331515198585,0.015443095246895968,-0.006203892771832816,0.007587932107955122,23.0,0.0,0.8908179301055152,False,no_directional_mu_sector_advantage
icosahedral topology,icosahedron,secondary_or_exploratory,12,60,bidirected icosahedron edges,residual_contraction_low_distance,time_shifted,16,152590234380,12715852865.0,57,0.09102846804812097,5.188622678742895,,,,exploratory 5-12-20 bridge family,-0.0030626895076726725,0.004103779911975959,0.7055415858478999,0.12139219098543606,0.4939918190960695,0.014120833953073963,-0.0034197029161073893,0.006128660848686097,25.0,0.0,,False,control_condition
icosahedral topology,icosahedron,secondary_or_exploratory,12,60,bidirected icosahedron edges,residual_contraction_low_distance,random_event,16,152590234380,12715852865.0,57,0.09102846804812097,5.188622678742895,,,,exploratory 5-12-20 bridge family,6.900704966257033e-07,0.003235116682237197,0.6150347453052591,0.12403919045299798,0.5004466281110587,0.007605916113009808,-0.00039115135530758474,0.0042845448851556766,57.0,0.0,,False,control_condition
icosahedral topology,icosahedron,secondary_or_exploratory,12,60,bidirected icosahedron edges,residual_contraction_low_distance,endogenous,20,95367490234380,7947290852865.0,57,0.09102846804812097,5.188622678742895,0.0005992080397770072,0.0033242805843146585,0.32298136645962733,exploratory 5-12-20 bridge family,0.003484569141115197,0.0037055313359191213,0.606345290495437,0.1464689222840198,0.5043935143993833,0.012125365304414338,0.005125181619285055,0.006161153275236181,23.0,0.0,0.8575270538515719,True,directional_mu_sector_signal_not_fdr_confirmed
icosahedral topology,icosahedron,secondary_or_exploratory,12,60,bidirected icosahedron edges,residual_contraction_low_distance,time_shifted,20,95367490234380,7947290852865.0,57,0.09102846804812097,5.188622678742895,,,,exploratory 5-12-20 bridge family,0.00288536110133819,0.0036006287754939905,0.44963872180380077,0.1708787010925327,0.5042792456953249,0.011489788690580007,0.00444980612769099,0.005277786051404274,25.0,0.0,,False,control_condition
icosahedral topology,icosahedron,secondary_or_exploratory,12,60,bidirected icosahedron edges,residual_contraction_low_distance,random_event,20,95367490234380,7947290852865.0,57,0.09102846804812097,5.188622678742895,,,,exploratory 5-12-20 bridge family,0.00016028855680053853,0.003461661586062259,0.6074850778348123,0.1541857726040025,0.5012179340143501,0.010078926638392584,0.0002594704675180116,0.0048671267134335824,57.0,0.0,,False,control_condition
icosahedral topology,icosahedron,secondary_or_exploratory,12,60,bidirected icosahedron edges,residual_contraction_low_distance,endogenous,24,59604646240234380,4967053853352865.0,57,0.09102846804812097,5.188622678742895,-0.0014618307060141526,-0.003637358898529483,0.7515527950310559,exploratory 5-12-20 bridge family,-0.0006356868449330178,0.004314520391776291,0.4323994336561561,0.1731730878506507,0.4965279655481578,0.011861319102808878,-0.0014100000761474239,0.007299699678101058,23.0,0.0,0.8908179301055152,False,no_directional_mu_sector_advantage
icosahedral topology,icosahedron,secondary_or_exploratory,12,60,bidirected icosahedron edges,residual_contraction_low_distance,time_shifted,24,59604646240234380,4967053853352865.0,57,0.09102846804812097,5.188622678742895,,,,exploratory 5-12-20 bridge family,0.0008261438610811349,0.0037445025220016214,0.5677016371050776,0.1428911611519411,0.49645832195833595,0.01055376525686368,0.0008319514682986163,0.005905200261630152,25.0,0.0,,False,control_condition
icosahedral topology,icosahedron,secondary_or_exploratory,12,60,bidirected icosahedron edges,residual_contraction_low_distance,random_event,24,59604646240234380,4967053853352865.0,57,0.09102846804812097,5.188622678742895,,,,exploratory 5-12-20 bridge family,0.0030016720535964653,0.003727665470468507,0.1886975925197017,0.13863666846793565,0.508949355119766,0.01016191096599733,0.00483436322297724,0.005349627290510228,57.0,0.0,,False,control_condition
icosahedral topology,icosahedron,secondary_or_exploratory,12,60,bidirected icosahedron edges,FES_phase_transition,endogenous,2,60,5.0,192,0.09999999999999999,19.2,0.0013068194789323698,0.00018487744210811483,0.4161490683229814,exploratory 5-12-20 bridge family,0.00237397234832277,0.003583521393236107,0.8332726798814913,0.0020255153090357773,0.569102998428437,0.00712953960075565,0.007192916371135387,0.006127149227091416,24.0,0.0,0.8575270538515719,True,directional_mu_sector_signal_not_fdr_confirmed
icosahedral topology,icosahedron,secondary_or_exploratory,12,60,bidirected icosahedron edges,FES_phase_transition,time_shifted,2,60,5.0,192,0.09999999999999999,19.2,,,,exploratory 5-12-20 bridge family,0.0010671528693904004,0.00364109912827679,0.8841734456528879,0.0020399030461812837,0.5628147145908485,0.006214463638254014,0.0038042800776708872,0.006574681479844517,25.0,0.0,,False,control_condition
icosahedral topology,icosahedron,secondary_or_exploratory,12,60,bidirected icosahedron edges,FES_phase_transition,random_event,2,60,5.0,192,0.09999999999999999,19.2,,,,exploratory 5-12-20 bridge family,0.0021890949062146553,0.0029193414247591903,0.8475154121825916,0.0031710656210706526,0.5591361048024737,0.004172643459187844,0.005046004783454608,0.0053691030469147005,190.0,0.0,,False,control_condition
icosahedral topology,icosahedron,secondary_or_exploratory,12,60,bidirected icosahedron edges,FES_phase_transition,endogenous,3,120,10.0,192,0.09999999999999999,19.2,0.002213414744194287,0.0005959401604341353,0.34782608695652173,exploratory 5-12-20 bridge family,0.003595440493619981,0.0027936590475131575,0.8150682091524765,0.005614609945875774,0.5355397153164297,0.005829479604747885,0.006666374086173488,0.005438994855696662,24.0,0.0,0.8575270538515719,True,directional_mu_sector_signal_not_fdr_confirmed
icosahedral topology,icosahedron,secondary_or_exploratory,12,60,bidirected icosahedron edges,FES_phase_transition,time_shifted,3,120,10.0,192,0.09999999999999999,19.2,,,,exploratory 5-12-20 bridge family,0.001382025749425694,0.0030316581131737685,0.869481028930737,0.0077653449966629375,0.5390407494758709,0.005803871194008548,0.003045693644082571,0.005535306379556397,25.0,0.0,,False,control_condition
icosahedral topology,icosahedron,secondary_or_exploratory,12,60,bidirected icosahedron edges,FES_phase_transition,random_event,3,120,10.0,192,0.09999999999999999,19.2,,,,exploratory 5-12-20 bridge family,0.0029995003331858457,0.0020275680574367064,0.8125166942526618,0.004137641620494067,0.5362261757440521,0.00399350035787457,0.005261758061866291,0.0038738474342760692,190.0,0.0,,False,control_condition
icosahedral topology,icosahedron,secondary_or_exploratory,12,60,bidirected icosahedron edges,FES_phase_transition,endogenous,4,780,65.0,192,0.09999999999999999,19.2,0.0010797834335372132,0.001551031324189586,0.2608695652173913,exploratory 5-12-20 bridge family,0.00015359053158518323,0.002825177796768882,0.8640554276808384,0.011182700775352843,0.4702759695077193,0.004846033985681698,-0.0010789134991515924,0.005447327388105477,24.0,0.0,0.8575270538515719,True,directional_mu_sector_signal_not_fdr_confirmed
icosahedral topology,icosahedron,secondary_or_exploratory,12,60,bidirected icosahedron edges,FES_phase_transition,time_shifted,4,780,65.0,192,0.09999999999999999,19.2,,,,exploratory 5-12-20 bridge family,-0.0009261929019520299,0.0026410694108146785,0.8440383192460106,0.01080001736387075,0.47128141642385357,0.005594015882573719,-0.0031274585497576765,0.004983654752006832,25.0,0.0,,False,control_condition
icosahedral topology,icosahedron,secondary_or_exploratory,12,60,bidirected icosahedron edges,FES_phase_transition,random_event,4,780,65.0,192,0.09999999999999999,19.2,,,,exploratory 5-12-20 bridge family,-0.0013974407926044027,0.0019457109943929152,0.7730662947981839,0.007741827161779572,0.4741830785535498,0.0032415618638394553,-0.002874492447097866,0.0036885625790651832,190.0,0.0,,False,control_condition
icosahedral topology,icosahedron,secondary_or_exploratory,12,60,bidirected icosahedron edges,FES_phase_transition,endogenous,5,3120,260.0,192,0.09999999999999999,19.2,-7.77790048582671e-06,-0.0004215859893845776,0.5714285714285714,exploratory 5-12-20 bridge family,0.00010451172419811217,0.002940985709045802,0.8495232086921888,0.0079791705372172,0.5158027153978164,0.004200765266563938,0.0008421288664592153,0.005598221430593219,24.0,0.0,0.8575270538515719,False,no_directional_mu_sector_advantage
icosahedral topology,icosahedron,secondary_or_exploratory,12,60,bidirected icosahedron edges,FES_phase_transition,time_shifted,5,3120,260.0,192,0.09999999999999999,19.2,,,,exploratory 5-12-20 bridge family,0.00011228962468393888,0.002807083303437491,0.8920972718892057,0.006927249876584272,0.5104000601592442,0.005932022261669428,0.000429056109132212,0.005394463474788023,25.0,0.0,,False,control_condition
icosahedral topology,icosahedron,secondary_or_exploratory,12,60,bidirected icosahedron edges,FES_phase_transition,random_event,5,3120,260.0,192,0.09999999999999999,19.2,,,,exploratory 5-12-20 bridge family,0.0005260977135826898,0.001588897265677318,0.8292033040441762,0.009645248249174534,0.5109928816818318,0.0028620816528596234,0.001464334551751638,0.0030815073401334117,190.0,0.0,,False,control_condition
icosahedral topology,icosahedron,secondary_or_exploratory,12,60,bidirected icosahedron edges,FES_phase_transition,endogenous,6,16380,1365.0,192,0.09999999999999999,19.2,0.0008152317568167296,0.0007495504257896893,0.32919254658385094,exploratory 5-12-20 bridge family,0.0006600891696925757,0.0028808258962820044,0.8124394187516428,0.012833883984635691,0.49344103257358024,0.00417960757097193,0.0007490291075364384,0.005538099905437878,24.0,0.0,0.8575270538515719,True,directional_mu_sector_signal_not_fdr_confirmed
icosahedral topology,icosahedron,secondary_or_exploratory,12,60,bidirected icosahedron edges,FES_phase_transition,time_shifted,6,16380,1365.0,192,0.09999999999999999,19.2,,,,exploratory 5-12-20 bridge family,-0.0001551425871241539,0.0028156085733530233,0.8893981426064904,0.007226812202397261,0.49703386631852914,0.005643117134406418,-0.00046974065129466524,0.005548299057525395,25.0,0.0,,False,control_condition
icosahedral topology,icosahedron,secondary_or_exploratory,12,60,bidirected icosahedron edges,FES_phase_transition,random_event,6,16380,1365.0,192,0.09999999999999999,19.2,,,,exploratory 5-12-20 bridge family,-8.946125609711353e-05,0.0013268426013298962,0.8690679441818642,0.008921169191664531,0.49593658783846645,0.0026002036491185087,-0.0005170325972438577,0.0025382499081943385,190.0,0.0,,False,control_condition
icosahedral topology,icosahedron,secondary_or_exploratory,12,60,bidirected icosahedron edges,FES_phase_transition,endogenous,8,394380,32865.0,192,0.09999999999999999,19.2,0.0008985491590821757,0.00040579818129156235,0.39751552795031053,exploratory 5-12-20 bridge family,0.00019640337210008975,0.0027111923946628856,0.7304829060837571,0.013567542533914624,0.4957885868878947,0.005721243929346807,0.0007383298576516904,0.005033994639379765,24.0,0.0,0.8575270538515719,True,directional_mu_sector_signal_not_fdr_confirmed
icosahedral topology,icosahedron,secondary_or_exploratory,12,60,bidirected icosahedron edges,FES_phase_transition,time_shifted,8,394380,32865.0,192,0.09999999999999999,19.2,,,,exploratory 5-12-20 bridge family,-0.000702145786982086,0.002803020713170921,0.8269655274029908,0.021064771284523064,0.4899861051964921,0.004159359333123931,-0.0010920922456615183,0.005263962550223865,25.0,0.0,,False,control_condition
icosahedral topology,icosahedron,secondary_or_exploratory,12,60,bidirected icosahedron edges,FES_phase_transition,random_event,8,394380,32865.0,192,0.09999999999999999,19.2,,,,exploratory 5-12-20 bridge family,-0.00020939480919147257,0.001329785764350365,0.814838593972306,0.012137955191471313,0.5012952249734905,0.0019183534143254737,-6.566753062662357e-05,0.0025751163393036725,190.0,0.0,,False,control_condition
icosahedral topology,icosahedron,secondary_or_exploratory,12,60,bidirected icosahedron edges,FES_phase_transition,endogenous,9,1953120,162760.0,192,0.09999999999999999,19.2,-0.0013102164379488728,-0.0006416124880670795,0.7391304347826086,exploratory 5-12-20 bridge family,-0.00044913467898171874,0.002548748810497865,0.9027969601304914,0.01674559569103693,0.5040949930089921,0.004736641809624504,-0.000935163103799762,0.004863041176169653,24.0,0.0,0.8908179301055152,False,no_directional_mu_sector_advantage
icosahedral topology,icosahedron,secondary_or_exploratory,12,60,bidirected icosahedron edges,FES_phase_transition,time_shifted,9,1953120,162760.0,192,0.09999999999999999,19.2,,,,exploratory 5-12-20 bridge family,0.0008610817589671541,0.0021157346315531737,0.7671437996057208,0.028289870077319704,0.5131035734905098,0.004670850761146262,0.0019131008781877745,0.004165520324721753,25.0,0.0,,False,control_condition
icosahedral topology,icosahedron,secondary_or_exploratory,12,60,bidirected icosahedron edges,FES_phase_transition,random_event,9,1953120,162760.0,192,0.09999999999999999,19.2,,,,exploratory 5-12-20 bridge family,0.00019247780908536078,0.0011546500682923665,0.855020113331696,0.017544387190321614,0.5005923820099568,0.0017995911730672737,0.00021277170164309703,0.0022391606073837575,190.0,0.0,,False,control_condition
icosahedral topology,icosahedron,secondary_or_exploratory,12,60,bidirected icosahedron edges,FES_phase_transition,endogenous,10,9784380,815365.0,192,0.09999999999999999,19.2,0.0019027942430722654,0.00199967527701764,0.15527950310559005,exploratory 5-12-20 bridge family,0.0028843920572158032,0.002242347343198372,0.7012436638934652,0.027427137302919166,0.5016975423032245,0.004791509901636246,0.004050027287427838,0.0044247165685610285,24.0,0.0,0.8575270538515719,True,directional_mu_sector_signal_not_fdr_confirmed
icosahedral topology,icosahedron,secondary_or_exploratory,12,60,bidirected icosahedron edges,FES_phase_transition,time_shifted,10,9784380,815365.0,192,0.09999999999999999,19.2,,,,exploratory 5-12-20 bridge family,0.0009815978141435378,0.002885549028704275,0.7808591416791051,0.018272880840456193,0.4891347003062624,0.005006047559447302,-0.00012979424759805713,0.005405974522214646,25.0,0.0,,False,control_condition
icosahedral topology,icosahedron,secondary_or_exploratory,12,60,bidirected icosahedron edges,FES_phase_transition,random_event,10,9784380,815365.0,192,0.09999999999999999,19.2,,,,exploratory 5-12-20 bridge family,0.0008847167801981634,0.001166043622871343,0.6746849961884516,0.023955658687077722,0.5024004503643589,0.0017408369960324056,0.0015424686736593297,0.0022073367675630993,190.0,0.0,,False,control_condition
icosahedral topology,icosahedron,secondary_or_exploratory,12,60,bidirected icosahedron edges,FES_phase_transition,endogenous,12,244234380,20352865.0,192,0.09999999999999999,19.2,-0.0007471876427939,-0.003115945209652821,0.8074534161490683,exploratory 5-12-20 bridge family,-0.0019200654696990074,0.0025731797363001377,0.18836711479174612,0.01920351171466979,0.49554099478239627,0.004918861909715197,-0.003591586567902934,0.004922970434718074,24.0,0.0,0.9228039041703637,False,no_directional_mu_sector_advantage
icosahedral topology,icosahedron,secondary_or_exploratory,12,60,bidirected icosahedron edges,FES_phase_transition,time_shifted,12,244234380,20352865.0,192,0.09999999999999999,19.2,,,,exploratory 5-12-20 bridge family,-0.0011728778269051074,0.0030105212944603714,0.4051485665744063,0.022846896323557023,0.48255018838204267,0.006061337688141626,-0.0036312453574914886,0.005834884496421561,25.0,0.0,,False,control_condition
icosahedral topology,icosahedron,secondary_or_exploratory,12,60,bidirected icosahedron edges,FES_phase_transition,random_event,12,244234380,20352865.0,192,0.09999999999999999,19.2,,,,exploratory 5-12-20 bridge family,0.0011958797399538135,0.0009384848357526303,0.2033021503405792,0.03572848743304714,0.501645901876732,0.0013937753857980663,0.0020743989483224777,0.0018074921981773144,190.0,0.0,,False,control_condition
icosahedral topology,icosahedron,secondary_or_exploratory,12,60,bidirected icosahedron edges,FES_phase_transition,endogenous,16,152590234380,12715852865.0,192,0.09999999999999999,19.2,0.0011928947330598991,-0.001658302383099151,0.6273291925465838,exploratory 5-12-20 bridge family,-0.001916051609388833,0.002432389741222583,0.6715320694687523,0.03725519690236541,0.47814458336152493,0.006836550656254819,-0.0039963298440194635,0.00465004893132784,24.0,0.0,0.8856412130069419,False,no_directional_mu_sector_advantage
icosahedral topology,icosahedron,secondary_or_exploratory,12,60,bidirected icosahedron edges,FES_phase_transition,time_shifted,16,152590234380,12715852865.0,192,0.09999999999999999,19.2,,,,exploratory 5-12-20 bridge family,-0.003108946342448732,0.002957571166611764,0.6326028915676704,0.03297535646959301,0.4827849930374433,0.004811040839780889,-0.007098257379657902,0.005838997498843723,25.0,0.0,,False,control_condition
icosahedral topology,icosahedron,secondary_or_exploratory,12,60,bidirected icosahedron edges,FES_phase_transition,random_event,16,152590234380,12715852865.0,192,0.09999999999999999,19.2,,,,exploratory 5-12-20 bridge family,-0.00025774922628968186,0.0013030293868177805,0.4901306656935603,0.04277968688477891,0.4954519318471776,0.001175430375743429,-0.0007607806736292111,0.0025068530420798408,190.0,0.0,,False,control_condition
icosahedral topology,icosahedron,secondary_or_exploratory,12,60,bidirected icosahedron edges,FES_phase_transition,endogenous,20,95367490234380,7947290852865.0,192,0.09999999999999999,19.2,-0.0008262147302921022,-0.00196023420766551,0.7329192546583851,exploratory 5-12-20 bridge family,-0.0018298479936009159,0.0025584538491937496,0.5940791116179754,0.038374141763786014,0.5091337417067636,0.004861651117963242,-0.002917920677285313,0.004991612103968766,24.0,0.0,0.8908179301055152,False,no_directional_mu_sector_advantage
icosahedral topology,icosahedron,secondary_or_exploratory,12,60,bidirected icosahedron edges,FES_phase_transition,time_shifted,20,95367490234380,7947290852865.0,192,0.09999999999999999,19.2,,,,exploratory 5-12-20 bridge family,-0.0010036332633088136,0.0028600243570876148,0.768736609022762,0.023723475973531357,0.5122257882679495,0.005261043829436455,-0.00055493158635387,0.005578587400547996,25.0,0.0,,False,control_condition
icosahedral topology,icosahedron,secondary_or_exploratory,12,60,bidirected icosahedron edges,FES_phase_transition,random_event,20,95367490234380,7947290852865.0,192,0.09999999999999999,19.2,,,,exploratory 5-12-20 bridge family,0.00013038621406459428,0.0014576424387619917,0.7217798660347834,0.03062550272878316,0.5007516226314508,0.000985816310085626,0.0002186692382865384,0.002813333334416576,190.0,0.0,,False,control_condition
icosahedral topology,icosahedron,secondary_or_exploratory,12,60,bidirected icosahedron edges,FES_phase_transition,endogenous,24,59604646240234380,4967053853352865.0,192,0.09999999999999999,19.2,0.0009842750673021649,-0.0008570867570239511,0.546583850931677,exploratory 5-12-20 bridge family,5.491915960069879e-05,0.002548297052047359,0.17378465852149294,0.06011645742163158,0.49331992106829575,0.006426300899122784,6.2687400711349374e-06,0.005275610545924931,24.0,0.0,0.8575270538515719,False,no_directional_mu_sector_advantage
icosahedral topology,icosahedron,secondary_or_exploratory,12,60,bidirected icosahedron edges,FES_phase_transition,time_shifted,24,59604646240234380,4967053853352865.0,192,0.09999999999999999,19.2,,,,exploratory 5-12-20 bridge family,-0.0009293559077014661,0.002312650890950072,0.25571032546019645,0.04893368143127258,0.49255786927413914,0.005052724288196876,-0.0012268151882118086,0.004570244388950224,25.0,0.0,,False,control_condition
icosahedral topology,icosahedron,secondary_or_exploratory,12,60,bidirected icosahedron edges,FES_phase_transition,random_event,24,59604646240234380,4967053853352865.0,192,0.09999999999999999,19.2,,,,exploratory 5-12-20 bridge family,0.0009120059166246499,0.001378266536250381,0.19322024429925283,0.047798491902990896,0.503365894601491,0.0012976977664627299,0.0016798088307214381,0.002646750061291289,190.0,0.0,,False,control_condition
icosahedral topology,icosahedron,secondary_or_exploratory,12,60,bidirected icosahedron edges,h_zero_crossing,endogenous,2,60,5.0,1309,0.06571604327262921,86.02230064387163,0.0011318141703670404,0.0013310090410771224,0.2857142857142857,exploratory 5-12-20 bridge family,-0.0030689525659624585,0.0022316701595876663,0.8639412943566892,0.0005214399196302224,0.3870798697302399,0.00039579604538125243,-0.00413525969496485,0.0029586277282822645,234.0,0.0,0.8575270538515719,True,directional_mu_sector_signal_not_fdr_confirmed
icosahedral topology,icosahedron,secondary_or_exploratory,12,60,bidirected icosahedron edges,h_zero_crossing,time_shifted,2,60,5.0,1309,0.06571604327262921,86.02230064387163,,,,exploratory 5-12-20 bridge family,-0.004200766736329499,0.002066851501492186,0.7213872912227901,0.0006394917338727079,0.38651052916845235,0.0004162717761467689,-0.005744779603034262,0.0028978009812719407,234.0,0.0,,False,control_condition
icosahedral topology,icosahedron,secondary_or_exploratory,12,60,bidirected icosahedron edges,h_zero_crossing,random_event,2,60,5.0,1309,0.06571604327262921,86.02230064387163,,,,exploratory 5-12-20 bridge family,-0.004399961607039581,0.0016411194135678437,0.8623588126463086,0.00027781930685079836,0.3774007194857771,0.00035941122588962256,-0.005827461498422528,0.002225095403418113,237.0,0.0,,False,control_condition
icosahedral topology,icosahedron,secondary_or_exploratory,12,60,bidirected icosahedron edges,h_zero_crossing,endogenous,3,120,10.0,1309,0.06571604327262921,86.02230064387163,-0.002562025593951429,-0.005725372305571612,0.9565217391304348,exploratory 5-12-20 bridge family,-0.005212716034192011,0.001972006565024293,0.7186665918564292,0.0010140681591200619,0.49229368283486996,0.0005421367807194958,-0.006284013200536144,0.0026135824822004034,234.0,0.0,1.0,False,no_directional_mu_sector_advantage
icosahedral topology,icosahedron,secondary_or_exploratory,12,60,bidirected icosahedron edges,h_zero_crossing,time_shifted,3,120,10.0,1309,0.06571604327262921,86.02230064387163,,,,exploratory 5-12-20 bridge family,-0.002650690440240582,0.0018916148104698095,0.5763387946527783,0.0012693029561387159,0.49077617878609264,0.000519843224888792,-0.0029273062367694514,0.0026400407466701118,234.0,0.0,,False,control_condition
icosahedral topology,icosahedron,secondary_or_exploratory,12,60,bidirected icosahedron edges,h_zero_crossing,random_event,3,120,10.0,1309,0.06571604327262921,86.02230064387163,,,,exploratory 5-12-20 bridge family,0.0005126562713796008,0.0016719810596358216,0.7303162763774733,0.000440604684835162,0.4927733624489049,0.0005274809927643904,0.0010191359609727272,0.002266574120497617,237.0,0.0,,False,control_condition
icosahedral topology,icosahedron,secondary_or_exploratory,12,60,bidirected icosahedron edges,h_zero_crossing,endogenous,4,780,65.0,1309,0.06571604327262921,86.02230064387163,0.0007770562110579165,-0.002348115314134957,0.6645962732919255,exploratory 5-12-20 bridge family,0.0010538788260003992,0.001974309156664838,0.7355857543974061,0.0005967551774285116,0.5184567879723787,0.000665773855175014,0.00155665587510942,0.0026037734702377222,234.0,0.0,0.8863521907000167,False,no_directional_mu_sector_advantage
icosahedral topology,icosahedron,secondary_or_exploratory,12,60,bidirected icosahedron edges,h_zero_crossing,time_shifted,4,780,65.0,1309,0.06571604327262921,86.02230064387163,,,,exploratory 5-12-20 bridge family,0.00027682261494248276,0.001875142399315748,0.5930084256872183,0.0011860823737968767,0.5200877997268003,0.000726075376528538,0.0003058343798838322,0.00262048270911772,234.0,0.0,,False,control_condition
icosahedral topology,icosahedron,secondary_or_exploratory,12,60,bidirected icosahedron edges,h_zero_crossing,random_event,4,780,65.0,1309,0.06571604327262921,86.02230064387163,,,,exploratory 5-12-20 bridge family,0.0034019941401353566,0.0017264154936788983,0.7542263985198059,0.0005378922703201534,0.5363904989546692,0.0005703522062469826,0.004708631933198755,0.0023369673179176463,237.0,0.0,,False,control_condition
icosahedral topology,icosahedron,secondary_or_exploratory,12,60,bidirected icosahedron edges,h_zero_crossing,endogenous,5,3120,260.0,1309,0.06571604327262921,86.02230064387163,-0.0012514901561888445,-0.0014373455898540836,0.7577639751552795,exploratory 5-12-20 bridge family,0.00012154820325955473,0.0019992814781731897,0.6962562706470308,0.0011024292066931696,0.5075622494055251,0.0008111795225169588,0.0005552109064931129,0.0026285001990543986,234.0,0.0,0.8908179301055152,False,no_directional_mu_sector_advantage
icosahedral topology,icosahedron,secondary_or_exploratory,12,60,bidirected icosahedron edges,h_zero_crossing,time_shifted,5,3120,260.0,1309,0.06571604327262921,86.02230064387163,,,,exploratory 5-12-20 bridge family,0.0013730383594483992,0.0017641485752065802,0.6424805249853887,0.0009999581733808553,0.5079068517616143,0.0008280753044408053,0.0021749934575803257,0.002451770158858333,234.0,0.0,,False,control_condition
icosahedral topology,icosahedron,secondary_or_exploratory,12,60,bidirected icosahedron edges,h_zero_crossing,random_event,5,3120,260.0,1309,0.06571604327262921,86.02230064387163,,,,exploratory 5-12-20 bridge family,0.0015588937931136383,0.0016120536861435383,0.6474907266596445,0.0009010575588943535,0.5026266252500037,0.0007339219927811067,0.002154522396493956,0.002179799673563539,237.0,0.0,,False,control_condition
icosahedral topology,icosahedron,secondary_or_exploratory,12,60,bidirected icosahedron edges,h_zero_crossing,endogenous,6,16380,1365.0,1309,0.06571604327262921,86.02230064387163,-0.0007654008908865444,0.0009615932757317831,0.484472049689441,exploratory 5-12-20 bridge family,-0.0006662873271982307,0.0017562477752248273,0.7345822619466862,0.0011549604766878047,0.49950671595896806,0.0005673668103751947,-0.0007033527291292044,0.0023225739653965987,234.0,0.0,0.8575270538515719,False,no_directional_mu_sector_advantage
icosahedral topology,icosahedron,secondary_or_exploratory,12,60,bidirected icosahedron edges,h_zero_crossing,time_shifted,6,16380,1365.0,1309,0.06571604327262921,86.02230064387163,,,,exploratory 5-12-20 bridge family,9.911356368831361e-05,0.0015741401699536253,0.7027022609194319,0.0015264061301217104,0.4982565380803522,0.0005638480678344708,0.0003606001966378554,0.002192074424634769,234.0,0.0,,False,control_condition
icosahedral topology,icosahedron,secondary_or_exploratory,12,60,bidirected icosahedron edges,h_zero_crossing,random_event,6,16380,1365.0,1309,0.06571604327262921,86.02230064387163,,,,exploratory 5-12-20 bridge family,-0.0016278806029300138,0.0016467508728398225,0.6743380036437886,0.0009918373777154294,0.4958556464952643,0.0005226320161223269,-0.002315639295850518,0.002223094271488131,237.0,0.0,,False,control_condition
icosahedral topology,icosahedron,secondary_or_exploratory,12,60,bidirected icosahedron edges,h_zero_crossing,endogenous,8,394380,32865.0,1309,0.06571604327262921,86.02230064387163,-0.0013896305419850586,-0.002139398753657469,0.8571428571428571,exploratory 5-12-20 bridge family,-0.0006413180068743305,0.0017635014526718527,0.6885720308378145,0.0029516363363440074,0.5054900448731038,0.0010138378046425645,-0.001152650610135546,0.0023265175275465964,234.0,0.0,0.9382866518223368,False,no_directional_mu_sector_advantage
icosahedral topology,icosahedron,secondary_or_exploratory,12,60,bidirected icosahedron edges,h_zero_crossing,time_shifted,8,394380,32865.0,1309,0.06571604327262921,86.02230064387163,,,,exploratory 5-12-20 bridge family,0.000748312535110728,0.001561293498917866,0.6949391430472567,0.001699731549336509,0.5073940112896376,0.0010558602237119078,0.0007461875247973387,0.0021763528736117887,234.0,0.0,,False,control_condition
icosahedral topology,icosahedron,secondary_or_exploratory,12,60,bidirected icosahedron edges,h_zero_crossing,random_event,8,394380,32865.0,1309,0.06571604327262921,86.02230064387163,,,,exploratory 5-12-20 bridge family,0.0014980807467831385,0.0017138522192428924,0.61519824749981,0.0012595087079022749,0.5107963215209207,0.0008924898036099388,0.0018492511741065383,0.002316749309198142,237.0,0.0,,False,control_condition
icosahedral topology,icosahedron,secondary_or_exploratory,12,60,bidirected icosahedron edges,h_zero_crossing,endogenous,9,1953120,162760.0,1309,0.06571604327262921,86.02230064387163,-0.00046909849527834746,-0.0007828659433219678,0.6273291925465838,exploratory 5-12-20 bridge family,-0.0013159375715081699,0.0019267442520605397,0.6629761914329763,0.0017059133220132935,0.5070745698842851,0.0010456006926484345,-0.0018890623903510429,0.0025411570562109704,234.0,0.0,0.8856412130069419,False,no_directional_mu_sector_advantage
icosahedral topology,icosahedron,secondary_or_exploratory,12,60,bidirected icosahedron edges,h_zero_crossing,time_shifted,9,1953120,162760.0,1309,0.06571604327262921,86.02230064387163,,,,exploratory 5-12-20 bridge family,-0.0008468390762298224,0.001518055331323162,0.7076672265424143,0.002044239222660447,0.5095868267893323,0.0011443479901958229,-0.0012918045896162492,0.0021073769681238,234.0,0.0,,False,control_condition
icosahedral topology,icosahedron,secondary_or_exploratory,12,60,bidirected icosahedron edges,h_zero_crossing,random_event,9,1953120,162760.0,1309,0.06571604327262921,86.02230064387163,,,,exploratory 5-12-20 bridge family,-0.000533071628186202,0.0016898341583257842,0.6252957382637387,0.001411278727569146,0.50215511230221,0.0006929037686725858,-0.0010272469498345549,0.0022842976347140467,237.0,0.0,,False,control_condition
icosahedral topology,icosahedron,secondary_or_exploratory,12,60,bidirected icosahedron edges,h_zero_crossing,endogenous,10,9784380,815365.0,1309,0.06571604327262921,86.02230064387163,-0.0004385479099158272,0.0013476496790039826,0.4409937888198758,exploratory 5-12-20 bridge family,0.0004655345373102645,0.002211193649796599,0.6943542331138767,0.0035461886034320825,0.5017134734031992,0.00111323500934842,0.0005993857662037812,0.002916993032056831,234.0,0.0,0.8575270538515719,False,no_directional_mu_sector_advantage
icosahedral topology,icosahedron,secondary_or_exploratory,12,60,bidirected icosahedron edges,h_zero_crossing,time_shifted,10,9784380,815365.0,1309,0.06571604327262921,86.02230064387163,,,,exploratory 5-12-20 bridge family,0.0009040824472260917,0.0015615023578396663,0.6318663034517671,0.003604447968354416,0.5016783843172303,0.001005055325688538,0.0011017530744393991,0.0021604230084758874,234.0,0.0,,False,control_condition
icosahedral topology,icosahedron,secondary_or_exploratory,12,60,bidirected icosahedron edges,h_zero_crossing,random_event,10,9784380,815365.0,1309,0.06571604327262921,86.02230064387163,,,,exploratory 5-12-20 bridge family,-0.0008821151416937182,0.0015258731563107012,0.5297432376460989,0.0025297592859978837,0.4996847138202732,0.0010435016756446963,-0.00101282892906315,0.0020692457104786095,237.0,0.0,,False,control_condition
icosahedral topology,icosahedron,secondary_or_exploratory,12,60,bidirected icosahedron edges,h_zero_crossing,endogenous,12,244234380,20352865.0,1309,0.06571604327262921,86.02230064387163,0.0010297053160617277,-8.827505329398085e-05,0.4161490683229814,exploratory 5-12-20 bridge family,0.009940508749306038,0.0015739780336723914,0.09647511843946747,0.004520486498401023,0.5984102784269626,0.0008980539877823484,0.012999517682912196,0.002099314937573673,234.0,0.0,0.8575270538515719,False,no_directional_mu_sector_advantage
icosahedral topology,icosahedron,secondary_or_exploratory,12,60,bidirected icosahedron edges,h_zero_crossing,time_shifted,12,244234380,20352865.0,1309,0.06571604327262921,86.02230064387163,,,,exploratory 5-12-20 bridge family,0.00891080343324431,0.0017949699751020473,0.04935539471418997,0.0031234439712212974,0.6051392157787024,0.0008100823975656715,0.011797286595876472,0.0024802867747425214,234.0,0.0,,False,control_condition
icosahedral topology,icosahedron,secondary_or_exploratory,12,60,bidirected icosahedron edges,h_zero_crossing,random_event,12,244234380,20352865.0,1309,0.06571604327262921,86.02230064387163,,,,exploratory 5-12-20 bridge family,0.010028783802600019,0.0016131494605241283,0.09965298491291978,0.0049558406972191665,0.5973096741486089,0.0006668893552036516,0.012533291209134581,0.002185564173553369,237.0,0.0,,False,control_condition
icosahedral topology,icosahedron,secondary_or_exploratory,12,60,bidirected icosahedron edges,h_zero_crossing,endogenous,16,152590234380,12715852865.0,1309,0.06571604327262921,86.02230064387163,-0.0015380967085755165,-0.0013066803669940941,0.8509316770186336,exploratory 5-12-20 bridge family,-0.0009368192708431634,0.00135475115738736,0.6268564390471291,0.003665744378965215,0.5058091339414655,0.0007652039801489011,-0.0014735932892533652,0.0017926155116404542,234.0,0.0,0.9382866518223368,False,no_directional_mu_sector_advantage
icosahedral topology,icosahedron,secondary_or_exploratory,12,60,bidirected icosahedron edges,h_zero_crossing,time_shifted,16,152590234380,12715852865.0,1309,0.06571604327262921,86.02230064387163,,,,exploratory 5-12-20 bridge family,0.0006012774377323532,0.0015186233285074287,0.5916026583412917,0.004244001529027973,0.5078071045228196,0.0009215310035338069,0.0004259456783704753,0.002121847337395321,234.0,0.0,,False,control_condition
icosahedral topology,icosahedron,secondary_or_exploratory,12,60,bidirected icosahedron edges,h_zero_crossing,random_event,16,152590234380,12715852865.0,1309,0.06571604327262921,86.02230064387163,,,,exploratory 5-12-20 bridge family,0.00036986109615093067,0.0015139108407978162,0.601495842447979,0.0031698944803990156,0.5039754426870536,0.0007972338595001595,0.0004998840909792163,0.002053610142678315,237.0,0.0,,False,control_condition
icosahedral topology,icosahedron,secondary_or_exploratory,12,60,bidirected icosahedron edges,h_zero_crossing,endogenous,20,95367490234380,7947290852865.0,1309,0.06571604327262921,86.02230064387163,0.002049401186377599,0.001802447041524827,0.16770186335403728,exploratory 5-12-20 bridge family,0.0023572804764189757,0.001542145698212831,0.6361309974545569,0.00932939199062652,0.5060949859396816,0.0007107177743358949,0.003177118452406795,0.0020358536687777335,234.0,0.0,0.8575270538515719,True,directional_mu_sector_signal_not_fdr_confirmed
icosahedral topology,icosahedron,secondary_or_exploratory,12,60,bidirected icosahedron edges,h_zero_crossing,time_shifted,20,95367490234380,7947290852865.0,1309,0.06571604327262921,86.02230064387163,,,,exploratory 5-12-20 bridge family,0.0003078792900413768,0.0016854728928622777,0.6690772586564459,0.004228451499451902,0.5061032596633883,0.0008302170145033264,0.0005332640186662574,0.0023590497566831174,234.0,0.0,,False,control_condition
icosahedral topology,icosahedron,secondary_or_exploratory,12,60,bidirected icosahedron edges,h_zero_crossing,random_event,20,95367490234380,7947290852865.0,1309,0.06571604327262921,86.02230064387163,,,,exploratory 5-12-20 bridge family,0.0005548334348941487,0.0018188514675225613,0.6934163740665339,0.005136296375764861,0.501580640031807,0.0007479557486030213,0.0007240296780945808,0.0024562330924342893,237.0,0.0,,False,control_condition
icosahedral topology,icosahedron,secondary_or_exploratory,12,60,bidirected icosahedron edges,h_zero_crossing,endogenous,24,59604646240234380,4967053853352865.0,1309,0.06571604327262921,86.02230064387163,-0.004781032895880956,-0.004231089904290336,1.0,exploratory 5-12-20 bridge family,-0.0008648709085972088,0.0012427634859645796,0.0,0.0,0.5011442624960931,0.0006653463689735107,-0.00143432289936525,0.0016468627477928403,234.0,0.0,1.0,False,no_directional_mu_sector_advantage
icosahedral topology,icosahedron,secondary_or_exploratory,12,60,bidirected icosahedron edges,h_zero_crossing,time_shifted,24,59604646240234380,4967053853352865.0,1309,0.06571604327262921,86.02230064387163,,,,exploratory 5-12-20 bridge family,0.003916161987283747,0.001435855945943638,0.0,0.0,0.5056385185642316,0.0005284348429539198,0.0048901576260592435,0.001989709645590683,234.0,0.0,,False,control_condition
icosahedral topology,icosahedron,secondary_or_exploratory,12,60,bidirected icosahedron edges,h_zero_crossing,random_event,24,59604646240234380,4967053853352865.0,1309,0.06571604327262921,86.02230064387163,,,,exploratory 5-12-20 bridge family,0.0033662189956931267,0.001612916455865555,0.10506037149577666,0.010006792265140613,0.5333840250629006,0.0004240063549801725,0.0029095167565435015,0.0021853785717419133,237.0,0.0,,False,control_condition
icosahedral topology,icosahedron,secondary_or_exploratory,12,60,bidirected icosahedron edges,eps72_restoration_onset,endogenous,2,60,5.0,147,0.1174504040771272,17.2652093993377,-0.002696956516404656,0.0019778280207047153,0.546583850931677,exploratory 5-12-20 bridge family,-0.003034858120616829,0.0019160619325313789,0.8815342976624887,0.005996773189655954,0.4442071719411498,0.0019374863167315082,-0.003627624187275183,0.002517000965414973,25.0,0.0,0.8575270538515719,False,no_directional_mu_sector_advantage
icosahedral topology,icosahedron,secondary_or_exploratory,12,60,bidirected icosahedron edges,eps72_restoration_onset,time_shifted,2,60,5.0,147,0.1174504040771272,17.2652093993377,,,,exploratory 5-12-20 bridge family,-0.00033790160421217307,0.0035006317023971133,0.8378092023031272,0.002634173708949993,0.4519647193611064,0.009516115237760598,-0.0015121020950735872,0.004995176820605544,27.0,0.0,,False,control_condition
icosahedral topology,icosahedron,secondary_or_exploratory,12,60,bidirected icosahedron edges,eps72_restoration_onset,random_event,2,60,5.0,147,0.1174504040771272,17.2652093993377,,,,exploratory 5-12-20 bridge family,-0.0050126861413215444,0.0034396541565971527,0.8155606338904551,0.002717683859986068,0.45550453465519514,0.0065022016014902075,-0.0060916464601309984,0.005019632129990445,146.0,0.0,,False,control_condition
icosahedral topology,icosahedron,secondary_or_exploratory,12,60,bidirected icosahedron edges,eps72_restoration_onset,endogenous,3,120,10.0,147,0.1174504040771272,17.2652093993377,0.0022554139257224713,0.00119080251476347,0.2857142857142857,exploratory 5-12-20 bridge family,-0.0005437710053046248,0.002385848077466799,0.8471145155585529,0.006405943782314443,0.48150569384890485,0.0023159740396756076,-0.000995529951526618,0.0031223129672080345,25.0,0.0,0.8575270538515719,True,directional_mu_sector_signal_not_fdr_confirmed
icosahedral topology,icosahedron,secondary_or_exploratory,12,60,bidirected icosahedron edges,eps72_restoration_onset,time_shifted,3,120,10.0,147,0.1174504040771272,17.2652093993377,,,,exploratory 5-12-20 bridge family,-0.0027991849310270963,0.002941054239213212,0.8175135664347867,0.0037548693424196,0.4829148777554223,0.009101763329072829,-0.003245791971900368,0.004466149099070154,27.0,0.0,,False,control_condition
icosahedral topology,icosahedron,secondary_or_exploratory,12,60,bidirected icosahedron edges,eps72_restoration_onset,random_event,3,120,10.0,147,0.1174504040771272,17.2652093993377,,,,exploratory 5-12-20 bridge family,-0.0017345735200680948,0.00266370795349419,0.8249875052583405,0.001289438030051119,0.4715868091025605,0.006326937758696338,-0.002335995610374735,0.004017087094184567,146.0,0.0,,False,control_condition
icosahedral topology,icosahedron,secondary_or_exploratory,12,60,bidirected icosahedron edges,eps72_restoration_onset,endogenous,4,780,65.0,147,0.1174504040771272,17.2652093993377,0.005559259516475302,0.006128456925240817,0.024844720496894408,exploratory 5-12-20 bridge family,0.0011633301955018198,0.003434443926679387,0.6979231353599034,0.016015861349412963,0.4808729808802906,0.00333871615807242,0.0015325655127819025,0.004517274598249277,25.0,0.0,0.8575270538515719,True,directional_mu_sector_signal_not_fdr_confirmed
icosahedral topology,icosahedron,secondary_or_exploratory,12,60,bidirected icosahedron edges,eps72_restoration_onset,time_shifted,4,780,65.0,147,0.1174504040771272,17.2652093993377,,,,exploratory 5-12-20 bridge family,-0.004395929320973482,0.0033420862820581444,0.7145418334080399,0.005118665621569337,0.4872167433466837,0.0108220553199419,-0.004974928807751851,0.004649261151501294,27.0,0.0,,False,control_condition
icosahedral topology,icosahedron,secondary_or_exploratory,12,60,bidirected icosahedron edges,eps72_restoration_onset,random_event,4,780,65.0,147,0.1174504040771272,17.2652093993377,,,,exploratory 5-12-20 bridge family,-0.004965126729738997,0.002430787398420605,0.7376927511465298,0.004664894507638548,0.4739774616395076,0.006732301879764555,-0.0060598003259241875,0.003672472097460638,146.0,0.0,,False,control_condition
icosahedral topology,icosahedron,secondary_or_exploratory,12,60,bidirected icosahedron edges,eps72_restoration_onset,endogenous,5,3120,260.0,147,0.1174504040771272,17.2652093993377,-0.0028675805946660896,-0.0022822934142968246,0.8633540372670807,exploratory 5-12-20 bridge family,-0.00017181236400856163,0.0037188618715164948,0.8210267792770466,0.007886629203448979,0.503531462720411,0.004056562479813681,-0.00012524235567555703,0.004876309487049259,25.0,0.0,0.9382866518223368,False,no_directional_mu_sector_advantage
icosahedral topology,icosahedron,secondary_or_exploratory,12,60,bidirected icosahedron edges,eps72_restoration_onset,time_shifted,5,3120,260.0,147,0.1174504040771272,17.2652093993377,,,,exploratory 5-12-20 bridge family,0.002695768230657528,0.00328112303434955,0.8675333534862905,0.00999012711432927,0.5020677078412271,0.009827398851269514,0.003032453082400482,0.004495833711688932,27.0,0.0,,False,control_condition
icosahedral topology,icosahedron,secondary_or_exploratory,12,60,bidirected icosahedron edges,eps72_restoration_onset,random_event,5,3120,260.0,147,0.1174504040771272,17.2652093993377,,,,exploratory 5-12-20 bridge family,0.002110481050288263,0.002182207098268281,0.7647266142703258,0.0032338490627769737,0.5077946708817009,0.006096610472840526,0.0027028742428566177,0.0034226958926753476,146.0,0.0,,False,control_condition
icosahedral topology,icosahedron,secondary_or_exploratory,12,60,bidirected icosahedron edges,eps72_restoration_onset,endogenous,6,16380,1365.0,147,0.1174504040771272,17.2652093993377,-0.0011234276938362699,-0.002913861806709931,0.7701863354037267,exploratory 5-12-20 bridge family,-0.00232955785146945,0.004252135944101125,0.7660222103795121,0.016199438145634924,0.5039471269110093,0.0040584552842794705,-0.0028876492795398443,0.0056242458526354,25.0,0.0,0.8908179301055152,False,no_directional_mu_sector_advantage
icosahedral topology,icosahedron,secondary_or_exploratory,12,60,bidirected icosahedron edges,eps72_restoration_onset,time_shifted,6,16380,1365.0,147,0.1174504040771272,17.2652093993377,,,,exploratory 5-12-20 bridge family,-0.00120613015763318,0.0034776594215684456,0.9111362634335809,0.005401281385080112,0.5021772480093785,0.008180735196143955,-0.0015762175649213354,0.005193100618478826,27.0,0.0,,False,control_condition
icosahedral topology,icosahedron,secondary_or_exploratory,12,60,bidirected icosahedron edges,eps72_restoration_onset,random_event,6,16380,1365.0,147,0.1174504040771272,17.2652093993377,,,,exploratory 5-12-20 bridge family,0.000584303955240481,0.002541602506689412,0.8151262249180615,0.004474768134978804,0.5011821835290048,0.005401291129296415,0.0010281469937317136,0.0038646464973504115,146.0,0.0,,False,control_condition
icosahedral topology,icosahedron,secondary_or_exploratory,12,60,bidirected icosahedron edges,eps72_restoration_onset,endogenous,8,394380,32865.0,147,0.1174504040771272,17.2652093993377,0.0012520985330641487,0.00032147039053824836,0.42857142857142855,exploratory 5-12-20 bridge family,0.0018967414378486859,0.0042852441294505324,0.7646659314563531,0.01030143036948102,0.5210100892324925,0.005321754804175041,0.0026260429557870895,0.005659561846859234,25.0,0.0,0.8575270538515719,True,directional_mu_sector_signal_not_fdr_confirmed
icosahedral topology,icosahedron,secondary_or_exploratory,12,60,bidirected icosahedron edges,eps72_restoration_onset,time_shifted,8,394380,32865.0,147,0.1174504040771272,17.2652093993377,,,,exploratory 5-12-20 bridge family,0.0006446429047845372,0.004518791198634568,0.7871329905110501,0.014896429904010038,0.5175084746634553,0.009411309585125531,0.0009448787688217403,0.006685642952433565,27.0,0.0,,False,control_condition
icosahedral topology,icosahedron,secondary_or_exploratory,12,60,bidirected icosahedron edges,eps72_restoration_onset,random_event,8,394380,32865.0,147,0.1174504040771272,17.2652093993377,,,,exploratory 5-12-20 bridge family,0.0015752710473104375,0.00211822203790953,0.7359463846431101,0.008788399118768695,0.5042825735325037,0.0059713148636210715,0.0018412347588273794,0.0033300671921720963,146.0,0.0,,False,control_condition
icosahedral topology,icosahedron,secondary_or_exploratory,12,60,bidirected icosahedron edges,eps72_restoration_onset,endogenous,9,1953120,162760.0,147,0.1174504040771272,17.2652093993377,0.0033887536739593913,-0.00037048018263680094,0.4161490683229814,exploratory 5-12-20 bridge family,0.0021676936264882598,0.004828094382038923,0.7927996001145389,0.024579268569379784,0.4993903429236616,0.005916005317186623,0.0024158715043527275,0.006376733818389533,25.0,0.0,0.8575270538515719,False,no_directional_mu_sector_advantage
icosahedral topology,icosahedron,secondary_or_exploratory,12,60,bidirected icosahedron edges,eps72_restoration_onset,time_shifted,9,1953120,162760.0,147,0.1174504040771272,17.2652093993377,,,,exploratory 5-12-20 bridge family,-0.0012210600474711316,0.0034292324149405714,0.8039378093274603,0.0232183215611692,0.4912937407854021,0.010429775268708256,-0.0019350691071755653,0.0052551025280216405,27.0,0.0,,False,control_condition
icosahedral topology,icosahedron,secondary_or_exploratory,12,60,bidirected icosahedron edges,eps72_restoration_onset,random_event,9,1953120,162760.0,147,0.1174504040771272,17.2652093993377,,,,exploratory 5-12-20 bridge family,0.0025381738091250607,0.002309416138692869,0.6936743180098051,0.017304546725294828,0.5023488956567965,0.005272259331759541,0.0023091209380827335,0.0035453972715302827,146.0,0.0,,False,control_condition
icosahedral topology,icosahedron,secondary_or_exploratory,12,60,bidirected icosahedron edges,eps72_restoration_onset,endogenous,10,9784380,815365.0,147,0.1174504040771272,17.2652093993377,-0.006174765781664084,-0.004954377656572778,0.968944099378882,exploratory 5-12-20 bridge family,-0.00597380575658784,0.004665703313694805,0.7291368771344533,0.02489557733595367,0.485914171114419,0.00581513421262503,-0.007388357667766234,0.006136613878202925,25.0,0.0,1.0,False,no_directional_mu_sector_advantage
icosahedral topology,icosahedron,secondary_or_exploratory,12,60,bidirected icosahedron edges,eps72_restoration_onset,time_shifted,10,9784380,815365.0,147,0.1174504040771272,17.2652093993377,,,,exploratory 5-12-20 bridge family,0.000200960025076244,0.0038335619060369413,0.7689253824212001,0.022304526186510444,0.4952756814111515,0.010055087059441465,0.00012149241655367923,0.005547438666856756,27.0,0.0,,False,control_condition
icosahedral topology,icosahedron,secondary_or_exploratory,12,60,bidirected icosahedron edges,eps72_restoration_onset,random_event,10,9784380,815365.0,147,0.1174504040771272,17.2652093993377,,,,exploratory 5-12-20 bridge family,-0.0010194281000150615,0.002013423027240994,0.7476705187531449,0.007688576947642953,0.5052511564285743,0.005946938289120367,-0.001153957929888563,0.003066082175175568,146.0,0.0,,False,control_condition
icosahedral topology,icosahedron,secondary_or_exploratory,12,60,bidirected icosahedron edges,eps72_restoration_onset,endogenous,12,244234380,20352865.0,147,0.1174504040771272,17.2652093993377,-0.00039224133490477556,0.014756652174154856,0.2732919254658385,exploratory 5-12-20 bridge family,0.005603890318669168,0.004168732457512109,0.5946257210921744,0.042985362129533126,0.5536159687392461,0.0062064584189863515,0.007569233573815235,0.00541461038762432,25.0,0.0,0.8575270538515719,False,no_directional_mu_sector_advantage
icosahedral topology,icosahedron,secondary_or_exploratory,12,60,bidirected icosahedron edges,eps72_restoration_onset,time_shifted,12,244234380,20352865.0,147,0.1174504040771272,17.2652093993377,,,,exploratory 5-12-20 bridge family,0.005996131653573943,0.004062190878068944,0.60671643927267,0.016153921766754592,0.5597754652187736,0.008843738069837568,0.008439873294388289,0.005877117892899497,27.0,0.0,,False,control_condition
icosahedral topology,icosahedron,secondary_or_exploratory,12,60,bidirected icosahedron edges,eps72_restoration_onset,random_event,12,244234380,20352865.0,147,0.1174504040771272,17.2652093993377,,,,exploratory 5-12-20 bridge family,-0.009152761855485688,0.0021471956720923715,0.257113456682408,0.034432998856368344,0.5145578676643326,0.0064483226851159816,-0.010029318433704162,0.003098322149859664,146.0,0.0,,False,control_condition
icosahedral topology,icosahedron,secondary_or_exploratory,12,60,bidirected icosahedron edges,eps72_restoration_onset,endogenous,16,152590234380,12715852865.0,147,0.1174504040771272,17.2652093993377,0.0007994421654855155,-0.00018916848824131576,0.515527950310559,exploratory 5-12-20 bridge family,-0.0003664593986597729,0.0036064777775364387,0.6406410074403406,0.028896765191172756,0.4974519999703631,0.006198225727000231,-0.0005739140567858186,0.004781423719557777,25.0,0.0,0.8575270538515719,False,no_directional_mu_sector_advantage
icosahedral topology,icosahedron,secondary_or_exploratory,12,60,bidirected icosahedron edges,eps72_restoration_onset,time_shifted,16,152590234380,12715852865.0,147,0.1174504040771272,17.2652093993377,,,,exploratory 5-12-20 bridge family,-0.0011659015641452884,0.0034923339426766115,0.7470855543530522,0.019171653851954573,0.4929105968275628,0.0076645355284161104,-0.001503512068891457,0.005092345417526488,27.0,0.0,,False,control_condition
icosahedral topology,icosahedron,secondary_or_exploratory,12,60,bidirected icosahedron edges,eps72_restoration_onset,random_event,16,152590234380,12715852865.0,147,0.1174504040771272,17.2652093993377,,,,exploratory 5-12-20 bridge family,-0.00017729091041845715,0.0017416371256355969,0.7507848136024238,0.01483709443668704,0.4993516377061784,0.004976400293488747,-0.00034393987663522505,0.0026882634217359406,146.0,0.0,,False,control_condition
icosahedral topology,icosahedron,secondary_or_exploratory,12,60,bidirected icosahedron edges,eps72_restoration_onset,endogenous,20,95367490234380,7947290852865.0,147,0.1174504040771272,17.2652093993377,0.0005643745457744321,6.41775214475659e-05,0.4409937888198758,exploratory 5-12-20 bridge family,-0.0008239908288105666,0.004271745293026049,0.7095973470759184,0.05550079083252184,0.49037398763435985,0.005195238387077963,-0.0013203571173190133,0.005607900015482515,25.0,0.0,0.8575270538515719,True,directional_mu_sector_signal_not_fdr_confirmed
icosahedral topology,icosahedron,secondary_or_exploratory,12,60,bidirected icosahedron edges,eps72_restoration_onset,time_shifted,20,95367490234380,7947290852865.0,147,0.1174504040771272,17.2652093993377,,,,exploratory 5-12-20 bridge family,-0.0013883653745849988,0.0034473197275878688,0.7230062230859955,0.05193964773803384,0.49104558525380443,0.007779682201589242,-0.0021263261679945224,0.005030916340683176,27.0,0.0,,False,control_condition
icosahedral topology,icosahedron,secondary_or_exploratory,12,60,bidirected icosahedron edges,eps72_restoration_onset,random_event,20,95367490234380,7947290852865.0,147,0.1174504040771272,17.2652093993377,,,,exploratory 5-12-20 bridge family,-0.0008881683502581326,0.0018500784533015983,0.6806716065005339,0.03855995297427052,0.4968696159715531,0.004502069376221183,-0.0008883165849146674,0.002769250042026652,146.0,0.0,,False,control_condition
icosahedral topology,icosahedron,secondary_or_exploratory,12,60,bidirected icosahedron edges,eps72_restoration_onset,endogenous,24,59604646240234380,4967053853352865.0,147,0.1174504040771272,17.2652093993377,-0.009898541440164001,-0.004973581127495974,1.0,exploratory 5-12-20 bridge family,-0.004905762519698341,0.004547608210592971,0.37345141448601893,0.05853165147130815,0.49751618098334927,0.004784070888253265,-0.005610737295982391,0.006063763265325178,25.0,0.0,1.0,False,no_directional_mu_sector_advantage
icosahedral topology,icosahedron,secondary_or_exploratory,12,60,bidirected icosahedron edges,eps72_restoration_onset,time_shifted,24,59604646240234380,4967053853352865.0,147,0.1174504040771272,17.2652093993377,,,,exploratory 5-12-20 bridge family,0.00499277892046566,0.0034613247562774777,0.06657516144705675,0.04628046265939409,0.5108604753462386,0.005799296688079229,0.007005226506157358,0.005226413407641423,27.0,0.0,,False,control_condition
icosahedral topology,icosahedron,secondary_or_exploratory,12,60,bidirected icosahedron edges,eps72_restoration_onset,random_event,24,59604646240234380,4967053853352865.0,147,0.1174504040771272,17.2652093993377,,,,exploratory 5-12-20 bridge family,6.78186077976331e-05,0.001973903854281212,0.3971818296781602,0.054481502731252844,0.4829747931124334,0.004456318661050695,-0.00042832300446624913,0.0028490109401939634,146.0,0.0,,False,control_condition
icosahedral topology,icosahedron,secondary_or_exploratory,12,60,bidirected icosahedron edges,ricci_phase_sync_high_lock_session,endogenous,2,60,5.0,7,0.13775013979131107,0.9642509785391775,-0.006787955070665188,-0.0007316647036105326,0.5652173913043478,exploratory 5-12-20 bridge family,-0.009076562322988596,0.009907933263967515,0.8680112300855771,0.0651385717945928,0.6798982467253897,0.10483640341087927,-0.024745437382407805,0.026205281234609176,2.0,0.0,0.8575270538515719,False,no_directional_mu_sector_advantage
icosahedral topology,icosahedron,secondary_or_exploratory,12,60,bidirected icosahedron edges,ricci_phase_sync_high_lock_session,time_shifted,2,60,5.0,7,0.13775013979131107,0.9642509785391775,,,,exploratory 5-12-20 bridge family,-0.0022886072523234076,0.037007477199463575,0.8736594163135937,0.039609853194688315,0.5902401456859684,0.07910090827118114,-0.005293098446845536,0.0633992654715501,4.0,0.0,,False,control_condition
icosahedral topology,icosahedron,secondary_or_exploratory,12,60,bidirected icosahedron edges,ricci_phase_sync_high_lock_session,random_event,2,60,5.0,7,0.13775013979131107,0.9642509785391775,,,,exploratory 5-12-20 bridge family,-0.008344897619378063,0.0204486160916626,0.7916596543035439,0.08379591792901038,0.5032977191285479,0.0768426976353587,-0.01359502788766843,0.03644707078315478,7.0,0.0,,False,control_condition
icosahedral topology,icosahedron,secondary_or_exploratory,12,60,bidirected icosahedron edges,ricci_phase_sync_high_lock_session,endogenous,3,120,10.0,7,0.13775013979131107,0.9642509785391775,0.01702697186927709,0.006681218899530761,0.34782608695652173,exploratory 5-12-20 bridge family,0.013180035716591312,0.015924973489708293,0.8189481627196089,0.09039891359331072,0.43326370753070265,0.08752719241906946,0.036170602668543016,0.04088746977058772,2.0,0.0,0.8575270538515719,True,directional_mu_sector_signal_not_fdr_confirmed
icosahedral topology,icosahedron,secondary_or_exploratory,12,60,bidirected icosahedron edges,ricci_phase_sync_high_lock_session,time_shifted,3,120,10.0,7,0.13775013979131107,0.9642509785391775,,,,exploratory 5-12-20 bridge family,-0.003846936152685777,0.03604939683474242,0.8222326226195283,0.061258531884020404,0.4667023329475257,0.05412065196372905,-0.00064302417459094,0.06511014640114424,4.0,0.0,,False,control_condition
icosahedral topology,icosahedron,secondary_or_exploratory,12,60,bidirected icosahedron edges,ricci_phase_sync_high_lock_session,random_event,3,120,10.0,7,0.13775013979131107,0.9642509785391775,,,,exploratory 5-12-20 bridge family,0.006498816817060551,0.02345811922728319,0.8586051521667176,0.0816830644181234,0.5079427913262957,0.05394316350647682,0.012523758716631663,0.04334777234355317,7.0,0.0,,False,control_condition
icosahedral topology,icosahedron,secondary_or_exploratory,12,60,bidirected icosahedron edges,ricci_phase_sync_high_lock_session,endogenous,4,780,65.0,7,0.13775013979131107,0.9642509785391775,-0.004453774441930564,-0.008993183242036289,0.5714285714285714,exploratory 5-12-20 bridge family,-0.010391511509982715,0.021367900308713564,0.7842078599241835,0.11106929517403007,0.5117869736115415,0.058976690048994126,-0.03136289693279529,0.05726014347508481,2.0,0.0,0.8575270538515719,False,no_directional_mu_sector_advantage
icosahedral topology,icosahedron,secondary_or_exploratory,12,60,bidirected icosahedron edges,ricci_phase_sync_high_lock_session,time_shifted,4,780,65.0,7,0.13775013979131107,0.9642509785391775,,,,exploratory 5-12-20 bridge family,-0.005937737068052151,0.04013823211159273,0.7811475586183126,0.09493128565317793,0.4962460189516393,0.04632744198552431,-0.015086444112477277,0.07278890863957756,4.0,0.0,,False,control_condition
icosahedral topology,icosahedron,secondary_or_exploratory,12,60,bidirected icosahedron edges,ricci_phase_sync_high_lock_session,random_event,4,780,65.0,7,0.13775013979131107,0.9642509785391775,,,,exploratory 5-12-20 bridge family,-0.0013983282679464264,0.020601897297838442,0.8336260696833737,0.09697242958044992,0.4886581907831826,0.041775186835174526,-0.002227511175093005,0.038358996635808947,7.0,0.0,,False,control_condition
icosahedral topology,icosahedron,secondary_or_exploratory,12,60,bidirected icosahedron edges,ricci_phase_sync_high_lock_session,endogenous,5,3120,260.0,7,0.13775013979131107,0.9642509785391775,0.0035166286368109637,0.010534942580949955,0.34782608695652173,exploratory 5-12-20 bridge family,0.006838266318332287,0.025499813140395056,0.7553305188299209,0.1254359558497687,0.5033962869426265,0.047945288990338425,0.021431300832037335,0.07066871985460663,2.0,0.0,0.8575270538515719,True,directional_mu_sector_signal_not_fdr_confirmed
icosahedral topology,icosahedron,secondary_or_exploratory,12,60,bidirected icosahedron edges,ricci_phase_sync_high_lock_session,time_shifted,5,3120,260.0,7,0.13775013979131107,0.9642509785391775,,,,exploratory 5-12-20 bridge family,0.003321637681521323,0.03852407819916281,0.7713223177595985,0.11633903501311028,0.5101316129401707,0.05031440005213522,0.011068820093037035,0.07425330677893979,4.0,0.0,,False,control_condition
icosahedral topology,icosahedron,secondary_or_exploratory,12,60,bidirected icosahedron edges,ricci_phase_sync_high_lock_session,random_event,5,3120,260.0,7,0.13775013979131107,0.9642509785391775,,,,exploratory 5-12-20 bridge family,-0.003696676262617668,0.02030909863236311,0.7788620817496211,0.1121261278615605,0.4975504998520105,0.04212871017023768,-0.006677681983633554,0.03617223459357315,7.0,0.0,,False,control_condition
icosahedral topology,icosahedron,secondary_or_exploratory,12,60,bidirected icosahedron edges,ricci_phase_sync_high_lock_session,endogenous,6,16380,1365.0,7,0.13775013979131107,0.9642509785391775,0.001461148554269944,-0.0031755037215510933,0.5279503105590062,exploratory 5-12-20 bridge family,-0.0032912473956669833,0.026974933755119983,0.7540351721965302,0.14104260190740806,0.49743609108542375,0.049943696333665834,-0.010001728591319356,0.07744410328684372,2.0,0.0,0.8575270538515719,False,no_directional_mu_sector_advantage
icosahedral topology,icosahedron,secondary_or_exploratory,12,60,bidirected icosahedron edges,ricci_phase_sync_high_lock_session,time_shifted,6,16380,1365.0,7,0.13775013979131107,0.9642509785391775,,,,exploratory 5-12-20 bridge family,-0.004752395949936927,0.03942821052576034,0.7873630514615044,0.11987502852151977,0.4936451002111764,0.04898441494564761,-0.011355110065320567,0.07215928846683065,4.0,0.0,,False,control_condition
icosahedral topology,icosahedron,secondary_or_exploratory,12,60,bidirected icosahedron edges,ricci_phase_sync_high_lock_session,random_event,6,16380,1365.0,7,0.13775013979131107,0.9642509785391775,,,,exploratory 5-12-20 bridge family,-0.00011574367411589011,0.020605333720104195,0.8048233400120715,0.09712110647452865,0.5016922544957569,0.04425835570632234,-0.000864368645346484,0.03807985677738616,7.0,0.0,,False,control_condition
icosahedral topology,icosahedron,secondary_or_exploratory,12,60,bidirected icosahedron edges,ricci_phase_sync_high_lock_session,endogenous,8,394380,32865.0,7,0.13775013979131107,0.9642509785391775,0.007229643780862188,0.0019241115792013239,0.42857142857142855,exploratory 5-12-20 bridge family,0.0025621930915577713,0.030275587892828935,0.7675058353237498,0.1329724918277814,0.5017525061930767,0.060132951222854766,0.0057804936314975195,0.0793819719836236,2.0,0.0,0.8575270538515719,True,directional_mu_sector_signal_not_fdr_confirmed
icosahedral topology,icosahedron,secondary_or_exploratory,12,60,bidirected icosahedron edges,ricci_phase_sync_high_lock_session,time_shifted,8,394380,32865.0,7,0.13775013979131107,0.9642509785391775,,,,exploratory 5-12-20 bridge family,-0.0046674506893044174,0.031532852597795584,0.8012859190418645,0.10640987550237076,0.4929478284802009,0.04727143606625924,-0.007998061974706917,0.057749232764513284,4.0,0.0,,False,control_condition
icosahedral topology,icosahedron,secondary_or_exploratory,12,60,bidirected icosahedron edges,ricci_phase_sync_high_lock_session,random_event,8,394380,32865.0,7,0.13775013979131107,0.9642509785391775,,,,exploratory 5-12-20 bridge family,0.0006380815123564474,0.0191987045469538,0.742766430193327,0.14840011185907875,0.49549998261448086,0.03388377725676763,0.0008567219647959628,0.035235580653314356,7.0,0.0,,False,control_condition
icosahedral topology,icosahedron,secondary_or_exploratory,12,60,bidirected icosahedron edges,ricci_phase_sync_high_lock_session,endogenous,9,1953120,162760.0,7,0.13775013979131107,0.9642509785391775,-0.002713298480377769,-0.00189603148786811,0.5341614906832298,exploratory 5-12-20 bridge family,-0.003155656145277924,0.029196578532618627,0.7799553928492161,0.122209544171961,0.4997207620004346,0.06347513699555006,-0.006739729604962476,0.07271409165963721,2.0,0.0,0.8575270538515719,False,no_directional_mu_sector_advantage
icosahedral topology,icosahedron,secondary_or_exploratory,12,60,bidirected icosahedron edges,ricci_phase_sync_high_lock_session,time_shifted,9,1953120,162760.0,7,0.13775013979131107,0.9642509785391775,,,,exploratory 5-12-20 bridge family,-0.0004423576649001549,0.0354257102181727,0.7956290652379889,0.10023766734160539,0.4996190536045432,0.04749497882266568,-0.0008851128831238918,0.06464629757696272,4.0,0.0,,False,control_condition
icosahedral topology,icosahedron,secondary_or_exploratory,12,60,bidirected icosahedron edges,ricci_phase_sync_high_lock_session,random_event,9,1953120,162760.0,7,0.13775013979131107,0.9642509785391775,,,,exploratory 5-12-20 bridge family,-0.001259624657409814,0.019947800273196425,0.7271293326784328,0.144103963043693,0.49982476528551756,0.035454277103284075,-0.0026770486937884165,0.0347464221301799,7.0,0.0,,False,control_condition
icosahedral topology,icosahedron,secondary_or_exploratory,12,60,bidirected icosahedron edges,ricci_phase_sync_high_lock_session,endogenous,10,9784380,815365.0,7,0.13775013979131107,0.9642509785391775,0.0005617628597642315,0.003983027383736558,0.4906832298136646,exploratory 5-12-20 bridge family,0.0023980999792115763,0.027982336585879432,0.7855142757757708,0.1319164946720599,0.5002082024141635,0.06209793418204869,0.005909894678222149,0.06683016415034158,2.0,0.0,0.8575270538515719,True,directional_mu_sector_signal_not_fdr_confirmed
icosahedral topology,icosahedron,secondary_or_exploratory,12,60,bidirected icosahedron edges,ricci_phase_sync_high_lock_session,time_shifted,10,9784380,815365.0,7,0.13775013979131107,0.9642509785391775,,,,exploratory 5-12-20 bridge family,0.0018363371194473448,0.03295546860436181,0.767958487009363,0.11541970887872463,0.5022975772615176,0.046146079184285725,0.003166941502274101,0.05794470673364226,4.0,0.0,,False,control_condition
icosahedral topology,icosahedron,secondary_or_exploratory,12,60,bidirected icosahedron edges,ricci_phase_sync_high_lock_session,random_event,10,9784380,815365.0,7,0.13775013979131107,0.9642509785391775,,,,exploratory 5-12-20 bridge family,-0.0015849274045249824,0.02091643670015787,0.7246304280572227,0.1432689549908397,0.49860587179816457,0.032639704631454235,-0.002114570208372615,0.038103770365335965,7.0,0.0,,False,control_condition
icosahedral topology,icosahedron,secondary_or_exploratory,12,60,bidirected icosahedron edges,ricci_phase_sync_high_lock_session,endogenous,12,244234380,20352865.0,7,0.13775013979131107,0.9642509785391775,0.00961100262950787,0.0035348599506239333,0.45962732919254656,exploratory 5-12-20 bridge family,0.005027030842769288,0.02832433079301267,0.7646946378503271,0.13341490853577767,0.5064173542425879,0.06008421401992139,0.010244604602136763,0.06657181244027038,2.0,0.0,0.8575270538515719,True,directional_mu_sector_signal_not_fdr_confirmed
icosahedral topology,icosahedron,secondary_or_exploratory,12,60,bidirected icosahedron edges,ricci_phase_sync_high_lock_session,time_shifted,12,244234380,20352865.0,7,0.13775013979131107,0.9642509785391775,,,,exploratory 5-12-20 bridge family,-0.004583971786738581,0.033340869732708674,0.7468729611828756,0.11453214140891796,0.49326422435826556,0.04317155712846926,-0.008587287916098313,0.061847211080768856,4.0,0.0,,False,control_condition
icosahedral topology,icosahedron,secondary_or_exploratory,12,60,bidirected icosahedron edges,ricci_phase_sync_high_lock_session,random_event,12,244234380,20352865.0,7,0.13775013979131107,0.9642509785391775,,,,exploratory 5-12-20 bridge family,0.0014921708921453551,0.019936077076322688,0.7436810247217032,0.14978404515000668,0.49721976312075916,0.029932555234267,0.0032461097084674436,0.0360827253693328,7.0,0.0,,False,control_condition
icosahedral topology,icosahedron,secondary_or_exploratory,12,60,bidirected icosahedron edges,ricci_phase_sync_high_lock_session,endogenous,16,152590234380,12715852865.0,7,0.13775013979131107,0.9642509785391775,-0.004113770974755092,-0.001617053202302891,0.5217391304347826,exploratory 5-12-20 bridge family,-0.0012579279875482411,0.025763460658102044,0.7274616877841262,0.14226166067987311,0.49986036061195627,0.055425421511784985,-0.0028387557736071255,0.06142767601543533,2.0,0.0,0.8575270538515719,False,no_directional_mu_sector_advantage
icosahedral topology,icosahedron,secondary_or_exploratory,12,60,bidirected icosahedron edges,ricci_phase_sync_high_lock_session,time_shifted,16,152590234380,12715852865.0,7,0.13775013979131107,0.9642509785391775,,,,exploratory 5-12-20 bridge family,0.002855842987206851,0.0317826468345596,0.7061805413648579,0.1506543758598893,0.5031132039437676,0.03908025169640582,0.005443238711611774,0.05848396762084328,4.0,0.0,,False,control_condition
icosahedral topology,icosahedron,secondary_or_exploratory,12,60,bidirected icosahedron edges,ricci_phase_sync_high_lock_session,random_event,16,152590234380,12715852865.0,7,0.13775013979131107,0.9642509785391775,,,,exploratory 5-12-20 bridge family,0.0003591252147546499,0.01968797452770961,0.6354617394235043,0.13943467537106577,0.4998469067614032,0.03157307429997098,0.0006716595926959761,0.03674385031532154,7.0,0.0,,False,control_condition
icosahedral topology,icosahedron,secondary_or_exploratory,12,60,bidirected icosahedron edges,ricci_phase_sync_high_lock_session,endogenous,20,95367490234380,7947290852865.0,7,0.13775013979131107,0.9642509785391775,0.0009329732277681218,0.0036033791600821037,0.4658385093167702,exploratory 5-12-20 bridge family,0.0022731607324117083,0.020864135028622752,0.7239818613819607,0.15708669027885858,0.5057884082902626,0.04513973815624933,0.00587771287943432,0.05109436183164058,2.0,0.0,0.8575270538515719,True,directional_mu_sector_signal_not_fdr_confirmed
icosahedral topology,icosahedron,secondary_or_exploratory,12,60,bidirected icosahedron edges,ricci_phase_sync_high_lock_session,time_shifted,20,95367490234380,7947290852865.0,7,0.13775013979131107,0.9642509785391775,,,,exploratory 5-12-20 bridge family,0.0013401875046435865,0.029947070442964633,0.6547382930846752,0.15750285541601483,0.49277198355339935,0.04022493188634717,0.0030429414624764542,0.05722890487355107,4.0,0.0,,False,control_condition
icosahedral topology,icosahedron,secondary_or_exploratory,12,60,bidirected icosahedron edges,ricci_phase_sync_high_lock_session,random_event,20,95367490234380,7947290852865.0,7,0.13775013979131107,0.9642509785391775,,,,exploratory 5-12-20 bridge family,-0.0013302184276703954,0.019343388435557368,0.5826000054539585,0.14953105533623076,0.49937745319517984,0.02935155236603844,-0.0031883704268079807,0.03496290919443196,7.0,0.0,,False,control_condition
icosahedral topology,icosahedron,secondary_or_exploratory,12,60,bidirected icosahedron edges,ricci_phase_sync_high_lock_session,endogenous,24,59604646240234380,4967053853352865.0,7,0.13775013979131107,0.9642509785391775,0.005881317291766427,0.005093995296408883,0.4161490683229814,exploratory 5-12-20 bridge family,0.003732749343741714,0.02592819351272829,0.6969233717511413,0.153231380836792,0.5041382593908109,0.03652274498148543,0.009988059772859981,0.06460577435179521,2.0,0.0,0.8575270538515719,True,directional_mu_sector_signal_not_fdr_confirmed
icosahedral topology,icosahedron,secondary_or_exploratory,12,60,bidirected icosahedron edges,ricci_phase_sync_high_lock_session,time_shifted,24,59604646240234380,4967053853352865.0,7,0.13775013979131107,0.9642509785391775,,,,exploratory 5-12-20 bridge family,-0.0021485679480247127,0.029150828464949898,0.611555501392299,0.13789490090522571,0.49751441656697304,0.043701212480104994,-0.0040641964689824926,0.05405592813101845,4.0,0.0,,False,control_condition
icosahedral topology,icosahedron,secondary_or_exploratory,12,60,bidirected icosahedron edges,ricci_phase_sync_high_lock_session,random_event,24,59604646240234380,4967053853352865.0,7,0.13775013979131107,0.9642509785391775,,,,exploratory 5-12-20 bridge family,-0.0013612459526671692,0.019765905842685255,0.5513043149061818,0.13760025241138882,0.4981763482892994,0.029634840740804292,-0.001724073766488011,0.03491524042841975,7.0,0.0,,False,control_condition
