event_class,event_role,null_index,null_model,n_nodes,n_directed_edges,mean_bounded_differentiated_recovery,sd_bounded_differentiated_recovery,D12_recovery,D24_recovery
hybrid_phi_sign_switch,primary_phi_fes,0,degree-matched directed random graph,12,48,-0.00044949324152724864,0.002587138515294044,0.5274443874854704,0.5138577252699342
hybrid_phi_sign_switch,primary_phi_fes,1,degree-matched directed random graph,12,48,0.004171442913267095,0.0023100925783852483,0.5312488802406582,0.5149193536608998
hybrid_phi_sign_switch,primary_phi_fes,2,degree-matched directed random graph,12,48,-0.0010695540643825977,0.001932472800492785,0.5249230120886039,0.5034367956191246
hybrid_phi_sign_switch,primary_phi_fes,3,degree-matched directed random graph,12,48,0.003784825284837959,0.0020766617712395445,0.5066600550606472,0.4907693990876982
hybrid_phi_sign_switch,primary_phi_fes,4,degree-matched directed random graph,12,48,0.0009391365548177391,0.002782634470370542,0.509740654992138,0.4974849429329645
hybrid_phi_sign_switch,primary_phi_fes,5,degree-matched directed random graph,12,48,0.0030118131407521126,0.0025827324482848254,0.5122190506683997,0.511062191798416
hybrid_phi_sign_switch,primary_phi_fes,6,degree-matched directed random graph,12,48,0.006153123666525031,0.0024223591706088944,0.5296313430506664,0.5034968853986556
hybrid_phi_sign_switch,primary_phi_fes,7,degree-matched directed random graph,12,48,0.0019204354832829695,0.0029688910728058048,0.5173295708488693,0.5080743545060052
hybrid_phi_sign_switch,primary_phi_fes,8,degree-matched directed random graph,12,48,0.0026558349812270754,0.002437286331341711,0.4997890346912532,0.4973861360925573
hybrid_phi_sign_switch,primary_phi_fes,9,degree-matched directed random graph,12,48,0.0033630341647775614,0.002678227018121539,0.532518277741352,0.5091849407023435
hybrid_phi_sign_switch,primary_phi_fes,10,degree-matched directed random graph,12,48,0.0025026948108736115,0.002266034518749445,0.504570550587751,0.501739932795803
hybrid_phi_sign_switch,primary_phi_fes,11,degree-matched directed random graph,12,48,0.0037200341186231552,0.002044660542343106,0.5404036956948797,0.5004925816853629
hybrid_phi_sign_switch,primary_phi_fes,12,degree-matched directed random graph,12,48,0.0026804736209551177,0.0021378455573586347,0.5017253076054796,0.5084215925551476
hybrid_phi_sign_switch,primary_phi_fes,13,degree-matched directed random graph,12,48,0.0013200905625462172,0.0026893774829546543,0.5164146763173656,0.5102252073886187
hybrid_phi_sign_switch,primary_phi_fes,14,degree-matched directed random graph,12,48,-0.0013425236570509585,0.002484969942607822,0.5103499825520439,0.5078983079925077
hybrid_phi_sign_switch,primary_phi_fes,15,degree-matched directed random graph,12,48,0.005010126615786528,0.002094071995662412,0.5039650357436616,0.5106139035064302
hybrid_phi_sign_switch,primary_phi_fes,16,degree-matched directed random graph,12,48,0.0023708392151726497,0.002431206258211393,0.526941925299963,0.5021442971288239
hybrid_phi_sign_switch,primary_phi_fes,17,degree-matched directed random graph,12,48,0.004172267755687014,0.002891034137719428,0.5199448505206895,0.5099812751420507
hybrid_phi_sign_switch,primary_phi_fes,18,degree-matched directed random graph,12,48,0.001859877289607089,0.0025507866264096375,0.5186158986571328,0.4991777673102246
hybrid_phi_sign_switch,primary_phi_fes,19,degree-matched directed random graph,12,48,0.0032681298047860644,0.002491914799831144,0.52734569062488,0.5148237126572477
hybrid_phi_sign_switch,primary_phi_fes,20,degree-matched directed random graph,12,48,-0.0010844808721568228,0.0022443397110034216,0.5062192902571465,0.4751331930828542
hybrid_phi_sign_switch,primary_phi_fes,21,degree-matched directed random graph,12,48,0.003354770754601323,0.003559949819590695,0.5203595529576824,0.5178753869842632
hybrid_phi_sign_switch,primary_phi_fes,22,degree-matched directed random graph,12,48,2.661659364294924e-05,0.0025747498441209184,0.5453862479780731,0.49024846095542957
hybrid_phi_sign_switch,primary_phi_fes,23,degree-matched directed random graph,12,48,0.0010126282020889773,0.002154444263903544,0.5213161525531049,0.5050516286213446
hybrid_phi_sign_switch,primary_phi_fes,24,degree-matched directed random graph,12,48,0.0023771911471900625,0.0025264852888088655,0.5061208595131043,0.5063432072288452
hybrid_phi_sign_switch,primary_phi_fes,25,degree-matched directed random graph,12,48,0.006154122115095795,0.0027243342425744004,0.5087866014781914,0.5229576737881962
hybrid_phi_sign_switch,primary_phi_fes,26,degree-matched directed random graph,12,48,0.005411366739862594,0.0031017600476547593,0.5067991554148361,0.48974617830607264
hybrid_phi_sign_switch,primary_phi_fes,27,degree-matched directed random graph,12,48,0.0023483693689464917,0.0030654317944200896,0.5333050023432757,0.5013712610441904
hybrid_phi_sign_switch,primary_phi_fes,28,degree-matched directed random graph,12,48,0.002831748166177016,0.0025765694066596564,0.5164204254581146,0.5010581636846708
hybrid_phi_sign_switch,primary_phi_fes,29,degree-matched directed random graph,12,48,0.001828145654370853,0.0033252071620778903,0.5308452098284099,0.5128421095669313
hybrid_phi_sign_switch,primary_phi_fes,30,degree-matched directed random graph,12,48,-0.001464421540528956,0.0022918821218984096,0.4973560841215611,0.5018363989998109
hybrid_phi_sign_switch,primary_phi_fes,31,degree-matched directed random graph,12,48,-0.0007304820544826857,0.0028635228927259998,0.48152811810465407,0.5340251482697215
hybrid_phi_sign_switch,primary_phi_fes,32,degree-matched directed random graph,12,48,0.0018066889381254403,0.0017899512136861865,0.532107909615257,0.5085351654923624
hybrid_phi_sign_switch,primary_phi_fes,33,degree-matched directed random graph,12,48,0.0024730827803296517,0.002551342137827466,0.522516181060946,0.5033104870011461
hybrid_phi_sign_switch,primary_phi_fes,34,degree-matched directed random graph,12,48,0.0027293015239028776,0.002293243627693939,0.5216982318986132,0.5271176891945043
hybrid_phi_sign_switch,primary_phi_fes,35,degree-matched directed random graph,12,48,-0.0006483276869316942,0.0025948583244866904,0.516838620518898,0.5075248017985381
hybrid_phi_sign_switch,primary_phi_fes,36,degree-matched directed random graph,12,48,0.002815258763913281,0.003061295475053031,0.5086751592074495,0.5173200127928872
hybrid_phi_sign_switch,primary_phi_fes,37,degree-matched directed random graph,12,48,0.0038746544881033945,0.002087490746376109,0.5235979586173759,0.5088891517867974
hybrid_phi_sign_switch,primary_phi_fes,38,degree-matched directed random graph,12,48,0.00028425279781292453,0.0019914115580949698,0.5079564309258819,0.5054425386234176
hybrid_phi_sign_switch,primary_phi_fes,39,degree-matched directed random graph,12,48,0.002585596234558723,0.00216855751221255,0.52056880548801,0.5139754802085303
hybrid_phi_sign_switch,primary_phi_fes,40,degree-matched directed random graph,12,48,0.0041932140146791926,0.0032281148545439714,0.5035500593993458,0.5165126995764066
hybrid_phi_sign_switch,primary_phi_fes,41,degree-matched directed random graph,12,48,0.003470209026137641,0.001781052115636183,0.4962331596754309,0.4953685819478027
hybrid_phi_sign_switch,primary_phi_fes,42,degree-matched directed random graph,12,48,0.001860517902479012,0.0028134946932220255,0.5131521441237546,0.5063025293524198
hybrid_phi_sign_switch,primary_phi_fes,43,degree-matched directed random graph,12,48,0.00021776189103264634,0.0028866104435094175,0.5235653688756696,0.5079823561789802
hybrid_phi_sign_switch,primary_phi_fes,44,degree-matched directed random graph,12,48,0.004420066985434389,0.001841534624456394,0.519917849953971,0.5093010726519255
hybrid_phi_sign_switch,primary_phi_fes,45,degree-matched directed random graph,12,48,0.0009162066822501412,0.002732319789365767,0.4927201763297067,0.5128410167753907
hybrid_phi_sign_switch,primary_phi_fes,46,degree-matched directed random graph,12,48,-0.0015995121581883535,0.003020564075916115,0.5041301510274437,0.49502879142109174
hybrid_phi_sign_switch,primary_phi_fes,47,degree-matched directed random graph,12,48,-0.0014003404157518823,0.0027527088633929725,0.5033934992386767,0.5092111536924755
hybrid_phi_sign_switch,primary_phi_fes,48,degree-matched directed random graph,12,48,0.0007697418956346014,0.0024368428997951514,0.5314664952920998,0.5302506398133395
hybrid_phi_sign_switch,primary_phi_fes,49,degree-matched directed random graph,12,48,-0.0019533482051371565,0.0022821067771526277,0.5261174444328733,0.5073845059929581
hybrid_phi_sign_switch,primary_phi_fes,50,degree-matched directed random graph,12,48,0.0035470527161079236,0.0024719045307319922,0.5218901990780409,0.5074906762706578
hybrid_phi_sign_switch,primary_phi_fes,51,degree-matched directed random graph,12,48,0.002616250702380442,0.0022521293661434375,0.5119023240712024,0.49762509688436796
hybrid_phi_sign_switch,primary_phi_fes,52,degree-matched directed random graph,12,48,0.004992891608366191,0.002466648871130532,0.5275800835061651,0.5078347579113456
hybrid_phi_sign_switch,primary_phi_fes,53,degree-matched directed random graph,12,48,0.0015160998214338154,0.003496106164064255,0.4896482736571258,0.5049553887853823
hybrid_phi_sign_switch,primary_phi_fes,54,degree-matched directed random graph,12,48,0.001928331844486503,0.00282639391207003,0.5216685394176206,0.509670711685879
hybrid_phi_sign_switch,primary_phi_fes,55,degree-matched directed random graph,12,48,0.0026449554764202635,0.0023388531215453776,0.5192747813530673,0.5036183812257007
hybrid_phi_sign_switch,primary_phi_fes,56,degree-matched directed random graph,12,48,0.001620205534236736,0.0024253828392282488,0.5101184127191831,0.4974367620079559
hybrid_phi_sign_switch,primary_phi_fes,57,degree-matched directed random graph,12,48,-0.00155440408973372,0.0027143989180859833,0.524527676851399,0.49252669390596615
hybrid_phi_sign_switch,primary_phi_fes,58,degree-matched directed random graph,12,48,8.78239030370496e-05,0.002477562953649328,0.5087676823995526,0.49570596321191784
hybrid_phi_sign_switch,primary_phi_fes,59,degree-matched directed random graph,12,48,0.001540631051320769,0.0027342471735434504,0.5146455279830587,0.5032163267317084
hybrid_phi_sign_switch,primary_phi_fes,60,degree-matched directed random graph,12,48,0.0009056634464480403,0.002799706611847799,0.5232897597327295,0.49961626951059734
hybrid_phi_sign_switch,primary_phi_fes,61,degree-matched directed random graph,12,48,0.0023262812258002196,0.0022449461565945683,0.5182593212483441,0.5169293523561245
hybrid_phi_sign_switch,primary_phi_fes,62,degree-matched directed random graph,12,48,0.004176325329471748,0.0033934696782160537,0.5176372944571308,0.5310159156852212
hybrid_phi_sign_switch,primary_phi_fes,63,degree-matched directed random graph,12,48,0.0010378117398371783,0.002902043650256611,0.5279968751375993,0.5066695026769921
hybrid_phi_sign_switch,primary_phi_fes,64,degree-matched directed random graph,12,48,0.003940242721725998,0.0023543824032000067,0.5463941180079652,0.4951819046630243
hybrid_phi_sign_switch,primary_phi_fes,65,degree-matched directed random graph,12,48,0.0012066352918295618,0.001660885846190131,0.5094688243179801,0.5011796851275511
hybrid_phi_sign_switch,primary_phi_fes,66,degree-matched directed random graph,12,48,0.0023437070992375336,0.002426390603849276,0.5270503082007068,0.4921692392692448
hybrid_phi_sign_switch,primary_phi_fes,67,degree-matched directed random graph,12,48,0.001928635081530031,0.0025799679148335885,0.5157167937358624,0.5144841393200364
hybrid_phi_sign_switch,primary_phi_fes,68,degree-matched directed random graph,12,48,0.0018137715036553826,0.002516827130937465,0.5351185032263632,0.4986474266725014
hybrid_phi_sign_switch,primary_phi_fes,69,degree-matched directed random graph,12,48,-0.0027552749344387987,0.003066317034855877,0.5263116049463864,0.5070233307577885
hybrid_phi_sign_switch,primary_phi_fes,70,degree-matched directed random graph,12,48,-0.0003545062453217855,0.00212968400925651,0.506246908885105,0.4986911448413784
hybrid_phi_sign_switch,primary_phi_fes,71,degree-matched directed random graph,12,48,-0.0007328705906952507,0.002603008278253607,0.5290605020611483,0.512409518700115
hybrid_phi_sign_switch,primary_phi_fes,72,degree-matched directed random graph,12,48,0.0036075878246586883,0.0018527494765556282,0.5202395033155547,0.5058830690102112
hybrid_phi_sign_switch,primary_phi_fes,73,degree-matched directed random graph,12,48,0.004391909290151068,0.0029464559459831097,0.5131659483838467,0.5189611735007689
hybrid_phi_sign_switch,primary_phi_fes,74,degree-matched directed random graph,12,48,0.006697748898288797,0.0025711336050688294,0.5440834946498706,0.504058881949859
hybrid_phi_sign_switch,primary_phi_fes,75,degree-matched directed random graph,12,48,-0.002143586588469796,0.002412549871375595,0.5243887215502084,0.5110849414741228
hybrid_phi_sign_switch,primary_phi_fes,76,degree-matched directed random graph,12,48,0.003699179012973666,0.002798103582486909,0.5204387778406795,0.5112362736214534
hybrid_phi_sign_switch,primary_phi_fes,77,degree-matched directed random graph,12,48,0.004068378510735449,0.002371221555642244,0.5219977134647064,0.520782327416166
hybrid_phi_sign_switch,primary_phi_fes,78,degree-matched directed random graph,12,48,0.0032548858808528185,0.0021889125354869125,0.5278950695905845,0.5162214840391541
hybrid_phi_sign_switch,primary_phi_fes,79,degree-matched directed random graph,12,48,-0.0009945809241488828,0.0035284728772875125,0.526290411365466,0.5111186650458899
hybrid_phi_sign_switch,primary_phi_fes,80,degree-matched directed random graph,12,48,-0.00028753031883526313,0.0026693773912009502,0.5208907996761919,0.5127823781024713
hybrid_phi_sign_switch,primary_phi_fes,81,degree-matched directed random graph,12,48,0.00131265541659479,0.0024201506129769208,0.5239493893716316,0.49948356896951596
hybrid_phi_sign_switch,primary_phi_fes,82,degree-matched directed random graph,12,48,0.0020227748075532506,0.0026381164638269263,0.5083707577573565,0.5086837716857242
hybrid_phi_sign_switch,primary_phi_fes,83,degree-matched directed random graph,12,48,0.005269780837531652,0.0027992597081247087,0.518012871218338,0.5249154290428732
hybrid_phi_sign_switch,primary_phi_fes,84,degree-matched directed random graph,12,48,0.0032134953008575674,0.003085490124809758,0.5091872233055521,0.5047966785342016
hybrid_phi_sign_switch,primary_phi_fes,85,degree-matched directed random graph,12,48,-0.0004324869297698009,0.002516755414064733,0.5260918293663187,0.5130517638383327
hybrid_phi_sign_switch,primary_phi_fes,86,degree-matched directed random graph,12,48,0.0050145827527158515,0.0027445161157661512,0.52566728383023,0.5070702807803784
hybrid_phi_sign_switch,primary_phi_fes,87,degree-matched directed random graph,12,48,0.004877972349231667,0.0027895760936816837,0.5289607415392419,0.514838954070841
hybrid_phi_sign_switch,primary_phi_fes,88,degree-matched directed random graph,12,48,0.002271556845629204,0.0019901026409752188,0.5154164374430829,0.5102965346256195
hybrid_phi_sign_switch,primary_phi_fes,89,degree-matched directed random graph,12,48,0.0023126946306401886,0.0018226813461275928,0.5195763218725268,0.49107971179184273
hybrid_phi_sign_switch,primary_phi_fes,90,degree-matched directed random graph,12,48,0.0019959398244161837,0.002746672190489276,0.5229196175234937,0.5168568194952663
hybrid_phi_sign_switch,primary_phi_fes,91,degree-matched directed random graph,12,48,-0.00012481605640479748,0.0023731575611758205,0.5276569625527603,0.4987106684462291
hybrid_phi_sign_switch,primary_phi_fes,92,degree-matched directed random graph,12,48,0.0009581790718659892,0.00260330176382556,0.5001421207957019,0.5137071470967917
hybrid_phi_sign_switch,primary_phi_fes,93,degree-matched directed random graph,12,48,0.002177210983132294,0.002627464460658475,0.5235767054903284,0.48987165702678476
hybrid_phi_sign_switch,primary_phi_fes,94,degree-matched directed random graph,12,48,-0.0009426840036940537,0.003540747087687714,0.49895695544259816,0.49593365961349994
hybrid_phi_sign_switch,primary_phi_fes,95,degree-matched directed random graph,12,48,0.00554011038814686,0.0029017785050399723,0.5081893240890344,0.49723085025291747
hybrid_phi_sign_switch,primary_phi_fes,96,degree-matched directed random graph,12,48,0.0031855816410408483,0.003529686958398826,0.5180951891388879,0.5004787116167414
hybrid_phi_sign_switch,primary_phi_fes,97,degree-matched directed random graph,12,48,0.0039059161181199836,0.002916356690010204,0.5377972255374674,0.5066018325572722
hybrid_phi_sign_switch,primary_phi_fes,98,degree-matched directed random graph,12,48,0.0037458798871068517,0.002123352217158565,0.513563006677228,0.5134555374551593
hybrid_phi_sign_switch,primary_phi_fes,99,degree-matched directed random graph,12,48,0.001921467024594603,0.0019197563776942278,0.5121853265804428,0.49663001228996045
hybrid_phi_sign_switch,primary_phi_fes,100,degree-matched directed random graph,12,48,0.00032971783657092607,0.0022288422273125173,0.512131333722773,0.5123961423821264
hybrid_phi_sign_switch,primary_phi_fes,101,degree-matched directed random graph,12,48,0.0013216713504619923,0.0025581489959510956,0.5221569132520435,0.49808031324977714
hybrid_phi_sign_switch,primary_phi_fes,102,degree-matched directed random graph,12,48,-0.002678549107785572,0.0021050377328450907,0.5278612001426221,0.5006133677836917
hybrid_phi_sign_switch,primary_phi_fes,103,degree-matched directed random graph,12,48,0.0006881055895315633,0.0033436445394494515,0.5181041882961516,0.5071122295349867
hybrid_phi_sign_switch,primary_phi_fes,104,degree-matched directed random graph,12,48,0.0008165475212815907,0.002144249466498613,0.5241130132222467,0.5112632233884578
hybrid_phi_sign_switch,primary_phi_fes,105,degree-matched directed random graph,12,48,-0.0007794462312135802,0.0032009621384695578,0.5234097461592705,0.5099029814360885
hybrid_phi_sign_switch,primary_phi_fes,106,degree-matched directed random graph,12,48,-0.0008793426486370584,0.0018962414318431779,0.5156429936070905,0.5026254229460384
hybrid_phi_sign_switch,primary_phi_fes,107,degree-matched directed random graph,12,48,0.003076304746313691,0.003485635665499118,0.5238988373184064,0.49800643062131733
hybrid_phi_sign_switch,primary_phi_fes,108,degree-matched directed random graph,12,48,0.0033597071340050787,0.002821623848264008,0.48651928426974417,0.5154338280500098
hybrid_phi_sign_switch,primary_phi_fes,109,degree-matched directed random graph,12,48,0.001956197178781002,0.002725155021249163,0.5245168837454646,0.5104695079297116
hybrid_phi_sign_switch,primary_phi_fes,110,degree-matched directed random graph,12,48,0.0032719871917189715,0.002531910872677402,0.5097972083831772,0.5078244433106526
hybrid_phi_sign_switch,primary_phi_fes,111,degree-matched directed random graph,12,48,-0.00016238975338201116,0.0023892924306640096,0.5142147804456022,0.5192038805776807
hybrid_phi_sign_switch,primary_phi_fes,112,degree-matched directed random graph,12,48,-0.0004938635403238475,0.002583983666800813,0.5070776672425866,0.5169141729217279
hybrid_phi_sign_switch,primary_phi_fes,113,degree-matched directed random graph,12,48,0.0012589011766694954,0.003142752711783154,0.508356580521713,0.49567231416788926
hybrid_phi_sign_switch,primary_phi_fes,114,degree-matched directed random graph,12,48,0.003811539387365569,0.002644541456911707,0.5140665312919338,0.5017284862880494
hybrid_phi_sign_switch,primary_phi_fes,115,degree-matched directed random graph,12,48,0.00041618448727516146,0.00252759594350143,0.5316836938101301,0.4989918779205538
hybrid_phi_sign_switch,primary_phi_fes,116,degree-matched directed random graph,12,48,-0.00034141651190472286,0.0022858040623888625,0.5093956458311265,0.49162332706930967
hybrid_phi_sign_switch,primary_phi_fes,117,degree-matched directed random graph,12,48,0.0002941438353670553,0.0024203876820889157,0.5368548745137001,0.4823811883446333
hybrid_phi_sign_switch,primary_phi_fes,118,degree-matched directed random graph,12,48,0.004259311553419269,0.0028173792080909994,0.5183230646700249,0.504637639781913
hybrid_phi_sign_switch,primary_phi_fes,119,degree-matched directed random graph,12,48,0.0014507540552261646,0.0033184197381759322,0.5216902419622435,0.49571157371235613
hybrid_fes_phase_transition,primary_phi_fes,0,degree-matched directed random graph,12,48,0.0018465350313948486,0.0028389066402979826,0.5072811248858913,0.5111676570282542
hybrid_fes_phase_transition,primary_phi_fes,1,degree-matched directed random graph,12,48,-0.00040349931823372104,0.0019442458410091005,0.5090811913631725,0.5071962751274551
hybrid_fes_phase_transition,primary_phi_fes,2,degree-matched directed random graph,12,48,0.0020076175831233185,0.0025833639913015126,0.5178050159811868,0.507386735275697
hybrid_fes_phase_transition,primary_phi_fes,3,degree-matched directed random graph,12,48,0.0007151105451206727,0.001996467396830804,0.5070956422614248,0.5174860912234425
hybrid_fes_phase_transition,primary_phi_fes,4,degree-matched directed random graph,12,48,0.0006368173308232688,0.0029253707496005228,0.5012703814740885,0.49055974055542945
hybrid_fes_phase_transition,primary_phi_fes,5,degree-matched directed random graph,12,48,0.0019317092231056438,0.002764524670888679,0.5174939619142759,0.49902403660145384
hybrid_fes_phase_transition,primary_phi_fes,6,degree-matched directed random graph,12,48,-0.00042491917887642404,0.0027028886897282486,0.49042876000082225,0.4932210845287958
hybrid_fes_phase_transition,primary_phi_fes,7,degree-matched directed random graph,12,48,0.00043842493914459643,0.0019455891745851727,0.5094748483035213,0.4876799651799148
hybrid_fes_phase_transition,primary_phi_fes,8,degree-matched directed random graph,12,48,0.001560762510032495,0.002834737560991996,0.507894863500459,0.497107366885706
hybrid_fes_phase_transition,primary_phi_fes,9,degree-matched directed random graph,12,48,6.405069707872233e-05,0.0027591506699606583,0.5148234326608673,0.5044138871257866
hybrid_fes_phase_transition,primary_phi_fes,10,degree-matched directed random graph,12,48,0.0007221184614132022,0.002105353613423439,0.5096615712092205,0.4989429817206006
hybrid_fes_phase_transition,primary_phi_fes,11,degree-matched directed random graph,12,48,0.0005368084638633841,0.0025268737739068056,0.49581332403760087,0.48905289605980706
hybrid_fes_phase_transition,primary_phi_fes,12,degree-matched directed random graph,12,48,0.0011648994186699013,0.0024963279375801533,0.5036151536744555,0.48063090928161445
hybrid_fes_phase_transition,primary_phi_fes,13,degree-matched directed random graph,12,48,0.0027282612421865816,0.001528953042936375,0.5247549567747943,0.4914580684726706
hybrid_fes_phase_transition,primary_phi_fes,14,degree-matched directed random graph,12,48,0.0009710919434635247,0.0023872220259917613,0.5107452430289472,0.468297887902383
hybrid_fes_phase_transition,primary_phi_fes,15,degree-matched directed random graph,12,48,-0.0018162137830580855,0.002563054304163937,0.5020831060194891,0.5198902383058653
hybrid_fes_phase_transition,primary_phi_fes,16,degree-matched directed random graph,12,48,0.0021980563278007907,0.0025667961486672544,0.507196746578879,0.516145569345991
hybrid_fes_phase_transition,primary_phi_fes,17,degree-matched directed random graph,12,48,-0.0006551431045880171,0.001984875400300787,0.4955264651864447,0.50877241629905
hybrid_fes_phase_transition,primary_phi_fes,18,degree-matched directed random graph,12,48,0.0005102081592307682,0.002629800701698024,0.5083864211092383,0.5037363678584572
hybrid_fes_phase_transition,primary_phi_fes,19,degree-matched directed random graph,12,48,0.002407584419757085,0.0028346632036256483,0.5129300666885702,0.5153727507357369
hybrid_fes_phase_transition,primary_phi_fes,20,degree-matched directed random graph,12,48,0.004574983038580288,0.002501883979474659,0.5066794243615361,0.5193618584835938
hybrid_fes_phase_transition,primary_phi_fes,21,degree-matched directed random graph,12,48,0.00016286068432299456,0.00243529484142593,0.5015483523543027,0.49538540551373184
hybrid_fes_phase_transition,primary_phi_fes,22,degree-matched directed random graph,12,48,0.0037438292577680206,0.0024444016034301606,0.5076307202425575,0.5063014770136045
hybrid_fes_phase_transition,primary_phi_fes,23,degree-matched directed random graph,12,48,-7.654907695638994e-06,0.0020526811453983667,0.5051333992828813,0.4862353345654944
hybrid_fes_phase_transition,primary_phi_fes,24,degree-matched directed random graph,12,48,0.0023344407857530457,0.002213592976262113,0.51353306075815,0.49884013068437594
hybrid_fes_phase_transition,primary_phi_fes,25,degree-matched directed random graph,12,48,0.0010938914431636636,0.0020994576559319657,0.5017278925891613,0.4969515864622796
hybrid_fes_phase_transition,primary_phi_fes,26,degree-matched directed random graph,12,48,0.0015367736919692418,0.0024512217225209566,0.5171721180049853,0.4795856128181943
hybrid_fes_phase_transition,primary_phi_fes,27,degree-matched directed random graph,12,48,0.0020516683700552768,0.002109298198972968,0.5141517309592807,0.5035911958384274
hybrid_fes_phase_transition,primary_phi_fes,28,degree-matched directed random graph,12,48,0.0024675102582279265,0.002537658325563785,0.5012338627347983,0.4982541357010641
hybrid_fes_phase_transition,primary_phi_fes,29,degree-matched directed random graph,12,48,0.0010952765620226704,0.0025951700427895067,0.5151833589096726,0.5093376809679538
hybrid_fes_phase_transition,primary_phi_fes,30,degree-matched directed random graph,12,48,0.001305957722888414,0.002644755117628564,0.4992284976259138,0.5069643097436084
hybrid_fes_phase_transition,primary_phi_fes,31,degree-matched directed random graph,12,48,0.002405144614544048,0.0013851403469147812,0.5213028982468366,0.5047986684058382
hybrid_fes_phase_transition,primary_phi_fes,32,degree-matched directed random graph,12,48,-0.0002136855368365124,0.0024433784327696356,0.5089733157759958,0.49436777433299006
hybrid_fes_phase_transition,primary_phi_fes,33,degree-matched directed random graph,12,48,0.0006356127260297682,0.0017249612156527365,0.5034592222424075,0.4893326462731919
hybrid_fes_phase_transition,primary_phi_fes,34,degree-matched directed random graph,12,48,-0.0005238774707130737,0.0016111216340297643,0.4988294133777385,0.4902880836060291
hybrid_fes_phase_transition,primary_phi_fes,35,degree-matched directed random graph,12,48,0.003233513653680278,0.002131616728209473,0.5061440885097152,0.5037799539857571
hybrid_fes_phase_transition,primary_phi_fes,36,degree-matched directed random graph,12,48,0.003110008658978915,0.002726000611912854,0.5006405030229574,0.5248596255470751
hybrid_fes_phase_transition,primary_phi_fes,37,degree-matched directed random graph,12,48,0.00012142480437865453,0.0026724151742578395,0.5033909549126442,0.5265467949734276
hybrid_fes_phase_transition,primary_phi_fes,38,degree-matched directed random graph,12,48,0.0025589827232897363,0.0016645325132439207,0.5172633556563601,0.5276031714714235
hybrid_fes_phase_transition,primary_phi_fes,39,degree-matched directed random graph,12,48,-0.00020298733273316138,0.0023697785789647124,0.5131814953294057,0.4854783610969079
hybrid_fes_phase_transition,primary_phi_fes,40,degree-matched directed random graph,12,48,0.0020125304319731216,0.001768181921044957,0.5065984621646564,0.4982137248958308
hybrid_fes_phase_transition,primary_phi_fes,41,degree-matched directed random graph,12,48,0.00044667481034412794,0.0022029998216843037,0.5171643315411033,0.503672789256286
hybrid_fes_phase_transition,primary_phi_fes,42,degree-matched directed random graph,12,48,0.0040603572555334465,0.0025317586672495896,0.5012044832363428,0.5237312818868832
hybrid_fes_phase_transition,primary_phi_fes,43,degree-matched directed random graph,12,48,0.002064751477371319,0.0022712145158508504,0.4995338843836246,0.5057846928980885
hybrid_fes_phase_transition,primary_phi_fes,44,degree-matched directed random graph,12,48,0.001522951346520857,0.001916019420162299,0.5110234103431869,0.48719894053806073
hybrid_fes_phase_transition,primary_phi_fes,45,degree-matched directed random graph,12,48,0.0010405427517201065,0.0025200488036346445,0.503316276273152,0.49712580612712365
hybrid_fes_phase_transition,primary_phi_fes,46,degree-matched directed random graph,12,48,0.0010412353250510596,0.0023173506222448955,0.5249436057167883,0.49219859711633246
hybrid_fes_phase_transition,primary_phi_fes,47,degree-matched directed random graph,12,48,0.001084746028783576,0.002415056473204415,0.5018987117624392,0.4995166341928337
hybrid_fes_phase_transition,primary_phi_fes,48,degree-matched directed random graph,12,48,0.0022812699720047985,0.0027808988575527462,0.5066825255860107,0.49510718194129183
hybrid_fes_phase_transition,primary_phi_fes,49,degree-matched directed random graph,12,48,0.002388829418887994,0.002194654411599069,0.4847245162005391,0.49878258467854003
hybrid_fes_phase_transition,primary_phi_fes,50,degree-matched directed random graph,12,48,0.001630227782043758,0.0023135979509240254,0.5169227470064193,0.50266226579607
hybrid_fes_phase_transition,primary_phi_fes,51,degree-matched directed random graph,12,48,0.0008874840462466681,0.001601680628030166,0.5032671866673065,0.4970838961189482
hybrid_fes_phase_transition,primary_phi_fes,52,degree-matched directed random graph,12,48,0.00033068646255202187,0.0024313067006055634,0.5061478531900407,0.5050653107948718
hybrid_fes_phase_transition,primary_phi_fes,53,degree-matched directed random graph,12,48,0.0019888957972766003,0.0022969594677739874,0.5120879012654997,0.5038907774154426
hybrid_fes_phase_transition,primary_phi_fes,54,degree-matched directed random graph,12,48,0.004980505008833744,0.002002057076850484,0.5150691985170429,0.5021893739100114
hybrid_fes_phase_transition,primary_phi_fes,55,degree-matched directed random graph,12,48,0.00059950724526918,0.001983574421970939,0.505326150566836,0.49497142404876543
hybrid_fes_phase_transition,primary_phi_fes,56,degree-matched directed random graph,12,48,0.0004541327771067092,0.002389044143600977,0.5057838595146432,0.4984597389488165
hybrid_fes_phase_transition,primary_phi_fes,57,degree-matched directed random graph,12,48,0.0018743045425332874,0.0030127973158091564,0.5132502578675924,0.5031000979436939
hybrid_fes_phase_transition,primary_phi_fes,58,degree-matched directed random graph,12,48,0.0013043217291504204,0.0019391837167161195,0.4964024813506919,0.49755675022297674
hybrid_fes_phase_transition,primary_phi_fes,59,degree-matched directed random graph,12,48,0.0016397370233861386,0.0019635931419617644,0.4993965055986653,0.5178547382542252
hybrid_fes_phase_transition,primary_phi_fes,60,degree-matched directed random graph,12,48,0.0016189952840938093,0.0018989866546841514,0.501096423891449,0.5004070341944268
hybrid_fes_phase_transition,primary_phi_fes,61,degree-matched directed random graph,12,48,0.0007618499451151992,0.0027542490860712446,0.5229448700420771,0.5139554955624321
hybrid_fes_phase_transition,primary_phi_fes,62,degree-matched directed random graph,12,48,0.003562804611895507,0.0023741738181152295,0.49715608024966007,0.5049620774161585
hybrid_fes_phase_transition,primary_phi_fes,63,degree-matched directed random graph,12,48,0.0029927025512692202,0.002100703195181834,0.4976776156697457,0.49567275011101036
hybrid_fes_phase_transition,primary_phi_fes,64,degree-matched directed random graph,12,48,0.0026117300663664644,0.0031835690788852115,0.5122323001326707,0.5052194048620361
hybrid_fes_phase_transition,primary_phi_fes,65,degree-matched directed random graph,12,48,0.0006707883523112017,0.0026260254696159526,0.5032466256510393,0.4907580395842865
hybrid_fes_phase_transition,primary_phi_fes,66,degree-matched directed random graph,12,48,0.0006786229994462489,0.00220801042930345,0.5072036357837048,0.47603648429367923
hybrid_fes_phase_transition,primary_phi_fes,67,degree-matched directed random graph,12,48,-0.0001290171073794706,0.002263004110188036,0.5013132776301512,0.5032231348837861
hybrid_fes_phase_transition,primary_phi_fes,68,degree-matched directed random graph,12,48,-0.00030778845374350216,0.0027403993974783824,0.49762615004928173,0.49738811413721606
hybrid_fes_phase_transition,primary_phi_fes,69,degree-matched directed random graph,12,48,-0.0011002894254267014,0.0020929740130975366,0.4939853653080303,0.4894943209175279
hybrid_fes_phase_transition,primary_phi_fes,70,degree-matched directed random graph,12,48,0.0009696823137900805,0.0027588779101409507,0.5016361163500411,0.49416302790750444
hybrid_fes_phase_transition,primary_phi_fes,71,degree-matched directed random graph,12,48,0.0012157974586922513,0.002322900614787893,0.4975481370347197,0.5060326100716358
hybrid_fes_phase_transition,primary_phi_fes,72,degree-matched directed random graph,12,48,0.00224620215281219,0.0018080969491523137,0.5013893882678881,0.47694739977750494
hybrid_fes_phase_transition,primary_phi_fes,73,degree-matched directed random graph,12,48,0.0026538646774105137,0.001906776183620634,0.5092658394431582,0.5109578731086115
hybrid_fes_phase_transition,primary_phi_fes,74,degree-matched directed random graph,12,48,0.002981451858566839,0.002269809767965892,0.5038739897947878,0.5038256322916669
hybrid_fes_phase_transition,primary_phi_fes,75,degree-matched directed random graph,12,48,0.00017343101400080303,0.0026416945494758906,0.5017879611457632,0.521048268771948
hybrid_fes_phase_transition,primary_phi_fes,76,degree-matched directed random graph,12,48,0.001858346906345014,0.0023695744247793464,0.5194420263273599,0.5145331304629014
hybrid_fes_phase_transition,primary_phi_fes,77,degree-matched directed random graph,12,48,0.0028571567673788528,0.0022885996054539835,0.5105427637811465,0.5056429748303505
hybrid_fes_phase_transition,primary_phi_fes,78,degree-matched directed random graph,12,48,0.00046290502265328994,0.0018858228448513095,0.5153097814871477,0.5059623030893109
hybrid_fes_phase_transition,primary_phi_fes,79,degree-matched directed random graph,12,48,0.004327395736441685,0.0023891098483926516,0.4972726036002576,0.4913281055597387
hybrid_fes_phase_transition,primary_phi_fes,80,degree-matched directed random graph,12,48,0.002590989382779396,0.0025432178819033294,0.5123073920320919,0.5106278393296264
hybrid_fes_phase_transition,primary_phi_fes,81,degree-matched directed random graph,12,48,-0.00043096216728874764,0.0022493928343440676,0.5061032448589593,0.5005556422835401
hybrid_fes_phase_transition,primary_phi_fes,82,degree-matched directed random graph,12,48,0.001954685473869896,0.0018276796383379038,0.5089877285113573,0.5041016136833473
hybrid_fes_phase_transition,primary_phi_fes,83,degree-matched directed random graph,12,48,0.002166627733404127,0.002544579399311215,0.49996117848810956,0.49547991948949915
hybrid_fes_phase_transition,primary_phi_fes,84,degree-matched directed random graph,12,48,0.0022158920992472945,0.002102485439492949,0.5132952630797409,0.5101001041162072
hybrid_fes_phase_transition,primary_phi_fes,85,degree-matched directed random graph,12,48,0.0018004365681543873,0.0022007199515305218,0.5064338499794079,0.49998221242996493
hybrid_fes_phase_transition,primary_phi_fes,86,degree-matched directed random graph,12,48,0.001047611372986428,0.002400171327002691,0.503656902995136,0.5104041895254451
hybrid_fes_phase_transition,primary_phi_fes,87,degree-matched directed random graph,12,48,0.003359060891674002,0.0021131404825090435,0.5069377002089872,0.5204880574999752
hybrid_fes_phase_transition,primary_phi_fes,88,degree-matched directed random graph,12,48,0.0030315905625475435,0.002666578450686165,0.5003746635161701,0.49042847670933365
hybrid_fes_phase_transition,primary_phi_fes,89,degree-matched directed random graph,12,48,-4.4524092977152686e-05,0.0022101445936912414,0.49890194665434157,0.49491588824802546
hybrid_fes_phase_transition,primary_phi_fes,90,degree-matched directed random graph,12,48,0.0007975842593083282,0.0021255926227962594,0.504438608202376,0.4920835738166533
hybrid_fes_phase_transition,primary_phi_fes,91,degree-matched directed random graph,12,48,-0.0006117019834557174,0.0020464980412725656,0.5048818986789223,0.5128105802736105
hybrid_fes_phase_transition,primary_phi_fes,92,degree-matched directed random graph,12,48,2.997055677902033e-05,0.0025390779196883917,0.5011780787424186,0.4949028606975854
hybrid_fes_phase_transition,primary_phi_fes,93,degree-matched directed random graph,12,48,0.0019170263962552682,0.0024465600993414673,0.5214090366851494,0.5251566414508949
hybrid_fes_phase_transition,primary_phi_fes,94,degree-matched directed random graph,12,48,0.0016006664992633062,0.0022999953914604834,0.5127437651895739,0.5058300875016819
hybrid_fes_phase_transition,primary_phi_fes,95,degree-matched directed random graph,12,48,0.004921756406379282,0.0026117093422156185,0.5164117084450196,0.5008318745025155
hybrid_fes_phase_transition,primary_phi_fes,96,degree-matched directed random graph,12,48,0.001949467729828808,0.0031159988547755308,0.5037117507906614,0.5040786262314163
hybrid_fes_phase_transition,primary_phi_fes,97,degree-matched directed random graph,12,48,-0.0009690562917963705,0.0027050399690786513,0.5125534298461548,0.5004736092901398
hybrid_fes_phase_transition,primary_phi_fes,98,degree-matched directed random graph,12,48,-0.000717776697146242,0.0026951312886106787,0.5020297867071645,0.4986122367350683
hybrid_fes_phase_transition,primary_phi_fes,99,degree-matched directed random graph,12,48,0.0012565416680782391,0.00240361590094357,0.5181819149441317,0.5098990250716134
hybrid_fes_phase_transition,primary_phi_fes,100,degree-matched directed random graph,12,48,0.00029867677050512476,0.002525491478245408,0.5002632450130563,0.4963848175658979
hybrid_fes_phase_transition,primary_phi_fes,101,degree-matched directed random graph,12,48,0.0019128187926784877,0.0018091034133484807,0.4950260072631535,0.5101267040960034
hybrid_fes_phase_transition,primary_phi_fes,102,degree-matched directed random graph,12,48,0.001411496813478478,0.003184648811926363,0.5148035285930451,0.5029620293346395
hybrid_fes_phase_transition,primary_phi_fes,103,degree-matched directed random graph,12,48,0.0014190374227644918,0.0024971192379185853,0.5050960463714688,0.5056671526542842
hybrid_fes_phase_transition,primary_phi_fes,104,degree-matched directed random graph,12,48,0.0027319995596842344,0.0023890906198561004,0.5051078936260257,0.5189207525095676
hybrid_fes_phase_transition,primary_phi_fes,105,degree-matched directed random graph,12,48,0.0008167067683370877,0.0020895424366104646,0.5053453443300776,0.47952337885963253
hybrid_fes_phase_transition,primary_phi_fes,106,degree-matched directed random graph,12,48,0.003560355094308931,0.002151747482993381,0.5017063370228092,0.48918992213323065
hybrid_fes_phase_transition,primary_phi_fes,107,degree-matched directed random graph,12,48,0.0006718796819008202,0.0023944180323904924,0.49891181759255937,0.48838667879530767
hybrid_fes_phase_transition,primary_phi_fes,108,degree-matched directed random graph,12,48,0.0008938555865717346,0.002449139968344398,0.5116665090524735,0.512026259473963
hybrid_fes_phase_transition,primary_phi_fes,109,degree-matched directed random graph,12,48,0.0007680738006560263,0.002526257258129866,0.5096592100623,0.5329829593179608
hybrid_fes_phase_transition,primary_phi_fes,110,degree-matched directed random graph,12,48,-0.0013941207028994706,0.0018665717875112038,0.51238680028509,0.49669802853225903
hybrid_fes_phase_transition,primary_phi_fes,111,degree-matched directed random graph,12,48,0.0038064973210787828,0.0022096750152060408,0.5061419112358988,0.49658431829943017
hybrid_fes_phase_transition,primary_phi_fes,112,degree-matched directed random graph,12,48,0.0010104197082623383,0.0019201957608885776,0.5141282828677329,0.49754124831298446
hybrid_fes_phase_transition,primary_phi_fes,113,degree-matched directed random graph,12,48,0.002840625041110472,0.002462607921519094,0.5120331623524728,0.5034868547578218
hybrid_fes_phase_transition,primary_phi_fes,114,degree-matched directed random graph,12,48,0.0024805354219238126,0.002564451007797152,0.4971757552398886,0.49357720784721665
hybrid_fes_phase_transition,primary_phi_fes,115,degree-matched directed random graph,12,48,0.00256705949134971,0.002972296777796006,0.5050440172695633,0.49290095057642425
hybrid_fes_phase_transition,primary_phi_fes,116,degree-matched directed random graph,12,48,-0.0017237802227413313,0.001901194217513444,0.5072199462486522,0.5005632374503755
hybrid_fes_phase_transition,primary_phi_fes,117,degree-matched directed random graph,12,48,0.0026124903927703703,0.002577877170220508,0.5137126571591771,0.5136244717518994
hybrid_fes_phase_transition,primary_phi_fes,118,degree-matched directed random graph,12,48,7.973045157201558e-05,0.002231514741446162,0.49922778333889284,0.4833696744409766
hybrid_fes_phase_transition,primary_phi_fes,119,degree-matched directed random graph,12,48,0.001967188212443432,0.002255964706820041,0.5099591084053156,0.507652522582227
hybrid_cluster_transition,primary_phi_fes,0,degree-matched directed random graph,12,48,0.004378244933225017,0.0016938253752748897,0.5171247634542652,0.5028820605991555
hybrid_cluster_transition,primary_phi_fes,1,degree-matched directed random graph,12,48,0.0011400763483405104,0.0028995271415972125,0.51263851835913,0.5136392314352989
hybrid_cluster_transition,primary_phi_fes,2,degree-matched directed random graph,12,48,0.0031024846245470395,0.0018986986082571637,0.5000148758759516,0.506408391336157
hybrid_cluster_transition,primary_phi_fes,3,degree-matched directed random graph,12,48,0.0025598644842947404,0.0026419453945573474,0.5143283670040346,0.5088722589828414
hybrid_cluster_transition,primary_phi_fes,4,degree-matched directed random graph,12,48,0.00025795265450432453,0.0021017797090473905,0.5051773004303901,0.4975542775024582
hybrid_cluster_transition,primary_phi_fes,5,degree-matched directed random graph,12,48,0.002271393348302374,0.0021352947425569858,0.5111138831738825,0.518517559557082
hybrid_cluster_transition,primary_phi_fes,6,degree-matched directed random graph,12,48,0.0038735390347494343,0.002808130031633284,0.5057452462167332,0.5101945938744192
hybrid_cluster_transition,primary_phi_fes,7,degree-matched directed random graph,12,48,0.0018772606219249973,0.0018244884197061812,0.5118981540807067,0.5240142883575031
hybrid_cluster_transition,primary_phi_fes,8,degree-matched directed random graph,12,48,0.0008014949597400105,0.0018376308986623176,0.4916317185372301,0.5037255747582471
hybrid_cluster_transition,primary_phi_fes,9,degree-matched directed random graph,12,48,0.001486598452633967,0.0026782780663171172,0.49231121367508834,0.5103839697736416
hybrid_cluster_transition,primary_phi_fes,10,degree-matched directed random graph,12,48,0.0004430381165891357,0.0024653607189889432,0.49132145428237123,0.5065820772444855
hybrid_cluster_transition,primary_phi_fes,11,degree-matched directed random graph,12,48,0.0018043853511238517,0.0024239905616810237,0.5165283730124197,0.4856740105689233
hybrid_cluster_transition,primary_phi_fes,12,degree-matched directed random graph,12,48,-0.00010487742761454453,0.0022565425877239856,0.5057995596459635,0.5194636282255017
hybrid_cluster_transition,primary_phi_fes,13,degree-matched directed random graph,12,48,0.001793493895549448,0.003127960681083075,0.5051588925276255,0.5050414658239785
hybrid_cluster_transition,primary_phi_fes,14,degree-matched directed random graph,12,48,0.0018672365746355932,0.0026497764360462537,0.49845904724587414,0.5017279175995614
hybrid_cluster_transition,primary_phi_fes,15,degree-matched directed random graph,12,48,0.002107392236619009,0.00275948874216505,0.5062163118238159,0.5180503546208867
hybrid_cluster_transition,primary_phi_fes,16,degree-matched directed random graph,12,48,0.0014171231682469428,0.002175817137689262,0.5007296725705008,0.47671137184199247
hybrid_cluster_transition,primary_phi_fes,17,degree-matched directed random graph,12,48,0.0008009230091252992,0.0022964172035766844,0.5100420740448947,0.5096368690882815
hybrid_cluster_transition,primary_phi_fes,18,degree-matched directed random graph,12,48,0.0011609085743658804,0.002964877988105109,0.5150282070287476,0.4894839431465094
hybrid_cluster_transition,primary_phi_fes,19,degree-matched directed random graph,12,48,0.004779248584315042,0.0030117093379479856,0.5209392402791846,0.5296494103252275
hybrid_cluster_transition,primary_phi_fes,20,degree-matched directed random graph,12,48,0.003627441186237373,0.002670866265355943,0.5113182229338862,0.5083301089250536
hybrid_cluster_transition,primary_phi_fes,21,degree-matched directed random graph,12,48,0.001972217389953801,0.0021130835707282966,0.511139357374305,0.4940138462888546
hybrid_cluster_transition,primary_phi_fes,22,degree-matched directed random graph,12,48,-6.412835100507369e-05,0.0023620207040536577,0.5096859546623786,0.49966759089292045
hybrid_cluster_transition,primary_phi_fes,23,degree-matched directed random graph,12,48,-0.0015118231229142925,0.0024238837541383377,0.5101388265521668,0.49442430238317564
hybrid_cluster_transition,primary_phi_fes,24,degree-matched directed random graph,12,48,0.0010961066965744074,0.00292635603198523,0.5079184844430061,0.5035953568199784
hybrid_cluster_transition,primary_phi_fes,25,degree-matched directed random graph,12,48,0.0008108122333508544,0.0028072040626564883,0.5156116227467801,0.5100344987329611
hybrid_cluster_transition,primary_phi_fes,26,degree-matched directed random graph,12,48,-0.0013631874832839297,0.001759277319975346,0.503027154091932,0.4946196102317505
hybrid_cluster_transition,primary_phi_fes,27,degree-matched directed random graph,12,48,0.0028183756478466025,0.002707367236624445,0.5145672850799228,0.5048154356791515
hybrid_cluster_transition,primary_phi_fes,28,degree-matched directed random graph,12,48,0.0005515638922395245,0.002212127285226806,0.5193981788308579,0.5079139861221514
hybrid_cluster_transition,primary_phi_fes,29,degree-matched directed random graph,12,48,0.0016905224420901712,0.0025036577392684015,0.5196605079664619,0.510683690551283
hybrid_cluster_transition,primary_phi_fes,30,degree-matched directed random graph,12,48,0.0006362476188754632,0.0030163571884297942,0.5036256955318058,0.49919416778883097
hybrid_cluster_transition,primary_phi_fes,31,degree-matched directed random graph,12,48,0.0015462354799902003,0.002382153718480446,0.5077822446471372,0.5117326904376679
hybrid_cluster_transition,primary_phi_fes,32,degree-matched directed random graph,12,48,0.0025859872042487335,0.0020712355318742103,0.49891688614724294,0.5040082624794533
hybrid_cluster_transition,primary_phi_fes,33,degree-matched directed random graph,12,48,0.0027855398778928887,0.001858951890441002,0.5008039210298483,0.5009289434833216
hybrid_cluster_transition,primary_phi_fes,34,degree-matched directed random graph,12,48,0.0013023608411303126,0.0025088122619769393,0.5000839170425816,0.4983730874913862
hybrid_cluster_transition,primary_phi_fes,35,degree-matched directed random graph,12,48,0.0035440143435181847,0.002301272065725964,0.5060900712563817,0.4995114159066333
hybrid_cluster_transition,primary_phi_fes,36,degree-matched directed random graph,12,48,0.0032061784596533623,0.002202580281114988,0.5167989542450254,0.5019480631072775
hybrid_cluster_transition,primary_phi_fes,37,degree-matched directed random graph,12,48,0.0020869850952958775,0.002556964411119077,0.5019270035314923,0.4887110861424644
hybrid_cluster_transition,primary_phi_fes,38,degree-matched directed random graph,12,48,0.0009108736712702435,0.0021225070007257364,0.5087324472954522,0.5106294414304307
hybrid_cluster_transition,primary_phi_fes,39,degree-matched directed random graph,12,48,0.0038711031309698195,0.002094125674895394,0.5063952116654189,0.48341118373519865
hybrid_cluster_transition,primary_phi_fes,40,degree-matched directed random graph,12,48,0.0033177710081522278,0.002012396974215966,0.5103774238785789,0.5117981458194736
hybrid_cluster_transition,primary_phi_fes,41,degree-matched directed random graph,12,48,0.0016055115753509782,0.0015933085717757566,0.5006057832426063,0.4905365467282644
hybrid_cluster_transition,primary_phi_fes,42,degree-matched directed random graph,12,48,0.00308724915227503,0.0027053432356592927,0.521878459915215,0.5275856216970136
hybrid_cluster_transition,primary_phi_fes,43,degree-matched directed random graph,12,48,0.0004718511771766459,0.0021444396178302238,0.4927628129898272,0.5004103057440187
hybrid_cluster_transition,primary_phi_fes,44,degree-matched directed random graph,12,48,0.0023002567514804526,0.0026601578251253047,0.5045487730715169,0.521389852720645
hybrid_cluster_transition,primary_phi_fes,45,degree-matched directed random graph,12,48,0.0015473412644392134,0.0022453020949271805,0.5235930254117581,0.49636382187701783
hybrid_cluster_transition,primary_phi_fes,46,degree-matched directed random graph,12,48,0.002947702966586555,0.0022009263895786486,0.5076309562232219,0.5200111546121039
hybrid_cluster_transition,primary_phi_fes,47,degree-matched directed random graph,12,48,0.00016089516494232936,0.0023205915235453524,0.5187959858917269,0.5142682651868499
hybrid_cluster_transition,primary_phi_fes,48,degree-matched directed random graph,12,48,0.0008218109308171844,0.002148019719296719,0.49847030091155986,0.5393274390621172
hybrid_cluster_transition,primary_phi_fes,49,degree-matched directed random graph,12,48,0.002044717962145934,0.0021719354210858023,0.5028743372563288,0.5192426391123904
hybrid_cluster_transition,primary_phi_fes,50,degree-matched directed random graph,12,48,0.0006355800732055738,0.002374913293997363,0.5104838582098771,0.4894452185615824
hybrid_cluster_transition,primary_phi_fes,51,degree-matched directed random graph,12,48,0.0019176821414715831,0.00231837389789133,0.5022034317027155,0.5008605751077584
hybrid_cluster_transition,primary_phi_fes,52,degree-matched directed random graph,12,48,-0.0005780436246130183,0.002229286425972659,0.5031999494069145,0.5172130617184176
hybrid_cluster_transition,primary_phi_fes,53,degree-matched directed random graph,12,48,-0.0004007754956342767,0.0018238749034651372,0.5025307675155348,0.5145377201123753
hybrid_cluster_transition,primary_phi_fes,54,degree-matched directed random graph,12,48,-0.0006106246813591288,0.0022429532518370337,0.5039510824198956,0.495744460936373
hybrid_cluster_transition,primary_phi_fes,55,degree-matched directed random graph,12,48,0.0017347101280708154,0.0017419192255074619,0.5091832279906491,0.5016275006461611
hybrid_cluster_transition,primary_phi_fes,56,degree-matched directed random graph,12,48,0.0003505053293125782,0.0024415043992636583,0.5118703652820052,0.49140315598154954
hybrid_cluster_transition,primary_phi_fes,57,degree-matched directed random graph,12,48,0.0015745662789530316,0.0021916369294346177,0.5027570578285275,0.5025528276468915
hybrid_cluster_transition,primary_phi_fes,58,degree-matched directed random graph,12,48,0.0041773347710999525,0.002947115636078209,0.5092149221775774,0.503161195433608
hybrid_cluster_transition,primary_phi_fes,59,degree-matched directed random graph,12,48,0.00066581666803154,0.0017473156852334712,0.50667505338104,0.5110509133382397
hybrid_cluster_transition,primary_phi_fes,60,degree-matched directed random graph,12,48,9.42776242998533e-05,0.0028582837165780834,0.4997305444535229,0.4967541746320557
hybrid_cluster_transition,primary_phi_fes,61,degree-matched directed random graph,12,48,0.0009263780221165318,0.003155169351496327,0.5126559103182106,0.5141518489994824
hybrid_cluster_transition,primary_phi_fes,62,degree-matched directed random graph,12,48,0.002648770288286056,0.002403100980590489,0.4999901399710199,0.5066902933395238
hybrid_cluster_transition,primary_phi_fes,63,degree-matched directed random graph,12,48,0.0010016498808807619,0.002855389456433115,0.5067291897002981,0.511044311321236
hybrid_cluster_transition,primary_phi_fes,64,degree-matched directed random graph,12,48,0.000660885891973309,0.0020534577327210755,0.49306128708402625,0.5170027246313083
hybrid_cluster_transition,primary_phi_fes,65,degree-matched directed random graph,12,48,0.0003297933622158923,0.0025994274690548528,0.4971020809835091,0.49919598474583715
hybrid_cluster_transition,primary_phi_fes,66,degree-matched directed random graph,12,48,0.0004890792831080384,0.0026725527431348773,0.5071814928964534,0.48221448481037704
hybrid_cluster_transition,primary_phi_fes,67,degree-matched directed random graph,12,48,0.00011786966178416176,0.002036182151416881,0.5043172086693349,0.5141089913538481
hybrid_cluster_transition,primary_phi_fes,68,degree-matched directed random graph,12,48,0.001674741122350991,0.002335896599408814,0.49791332428679375,0.5017364151637548
hybrid_cluster_transition,primary_phi_fes,69,degree-matched directed random graph,12,48,0.001254748877453152,0.0018811747208664375,0.5016115074680202,0.5005217852535513
hybrid_cluster_transition,primary_phi_fes,70,degree-matched directed random graph,12,48,0.0013061315460428833,0.0022668771579071956,0.4950588811703417,0.4942705475444442
hybrid_cluster_transition,primary_phi_fes,71,degree-matched directed random graph,12,48,-0.00011136604442412123,0.0019905987002829966,0.5023366500399173,0.4948828991429135
hybrid_cluster_transition,primary_phi_fes,72,degree-matched directed random graph,12,48,-0.00032306524178261903,0.0024875677565143403,0.505524355167748,0.516515720985548
hybrid_cluster_transition,primary_phi_fes,73,degree-matched directed random graph,12,48,0.0020586035339833384,0.0022979473532153765,0.5028015157685142,0.487796587899587
hybrid_cluster_transition,primary_phi_fes,74,degree-matched directed random graph,12,48,0.0036333603896203997,0.0019149514437657156,0.5222479951184579,0.5208187375981729
hybrid_cluster_transition,primary_phi_fes,75,degree-matched directed random graph,12,48,0.0025661069946206583,0.0024557128985660767,0.5144981957426825,0.5205421249353325
hybrid_cluster_transition,primary_phi_fes,76,degree-matched directed random graph,12,48,0.002428426200327649,0.002536340871841296,0.5005137736973482,0.49907226463461674
hybrid_cluster_transition,primary_phi_fes,77,degree-matched directed random graph,12,48,0.0023687557449170436,0.0018695071415507712,0.5011663369832354,0.5027862630034521
hybrid_cluster_transition,primary_phi_fes,78,degree-matched directed random graph,12,48,0.001368024330567242,0.0019670880311950857,0.5102827006563002,0.5380822419289732
hybrid_cluster_transition,primary_phi_fes,79,degree-matched directed random graph,12,48,-0.0006996318929830566,0.00248319957042544,0.5099728190382844,0.49625476019558035
hybrid_cluster_transition,primary_phi_fes,80,degree-matched directed random graph,12,48,0.0010969956087312444,0.0023200982138305436,0.5081351545115705,0.5013326119358277
hybrid_cluster_transition,primary_phi_fes,81,degree-matched directed random graph,12,48,0.0017325140894606094,0.0028266990451844684,0.5088890948095279,0.483473431746207
hybrid_cluster_transition,primary_phi_fes,82,degree-matched directed random graph,12,48,0.0005798050344024999,0.002658960809903631,0.4972040295148894,0.5218865579901156
hybrid_cluster_transition,primary_phi_fes,83,degree-matched directed random graph,12,48,-0.0016632332039649865,0.0022158575991442302,0.5103291143063253,0.5135693369870806
hybrid_cluster_transition,primary_phi_fes,84,degree-matched directed random graph,12,48,-8.459413330106293e-05,0.002657973241678092,0.49412868664770526,0.5044546464769795
hybrid_cluster_transition,primary_phi_fes,85,degree-matched directed random graph,12,48,0.00010320027944955196,0.0025070518940531867,0.5062613517421769,0.514610483892513
hybrid_cluster_transition,primary_phi_fes,86,degree-matched directed random graph,12,48,0.0018081977358832837,0.002316224992932225,0.5126462971006441,0.5049387570251117
hybrid_cluster_transition,primary_phi_fes,87,degree-matched directed random graph,12,48,-0.0002565532597655388,0.0028294466590972262,0.5029688311573887,0.48852431128884233
hybrid_cluster_transition,primary_phi_fes,88,degree-matched directed random graph,12,48,0.0028374771016807655,0.0027233919096083486,0.5099266446724576,0.5123257847481274
hybrid_cluster_transition,primary_phi_fes,89,degree-matched directed random graph,12,48,0.002601239757239946,0.0022106357950303444,0.5051276494780718,0.5075169098965481
hybrid_cluster_transition,primary_phi_fes,90,degree-matched directed random graph,12,48,0.0016989271566588385,0.0026919838231414107,0.5042833317010794,0.5004048042631417
hybrid_cluster_transition,primary_phi_fes,91,degree-matched directed random graph,12,48,0.0033389794737183577,0.002045280672163585,0.49994210091702457,0.499531347883338
hybrid_cluster_transition,primary_phi_fes,92,degree-matched directed random graph,12,48,0.0015598850245705869,0.002108576901217554,0.5240034471168914,0.5137137760912176
hybrid_cluster_transition,primary_phi_fes,93,degree-matched directed random graph,12,48,0.0009158674235029317,0.002363313865089409,0.5011010612458576,0.5132391665133893
hybrid_cluster_transition,primary_phi_fes,94,degree-matched directed random graph,12,48,0.0028767176686671798,0.0023236815633183197,0.5043669297466219,0.5191976218377524
hybrid_cluster_transition,primary_phi_fes,95,degree-matched directed random graph,12,48,0.0023569063095503786,0.0021231784442079446,0.48716664367355456,0.49761058236227607
hybrid_cluster_transition,primary_phi_fes,96,degree-matched directed random graph,12,48,0.0007056444283824539,0.0023545673690153887,0.5069537750877211,0.5086403607053479
hybrid_cluster_transition,primary_phi_fes,97,degree-matched directed random graph,12,48,0.004206021631978446,0.0027994377158525345,0.5076053516362183,0.4781964351409741
hybrid_cluster_transition,primary_phi_fes,98,degree-matched directed random graph,12,48,0.005194517817333346,0.002878427792899277,0.5056757158521534,0.503165995449388
hybrid_cluster_transition,primary_phi_fes,99,degree-matched directed random graph,12,48,0.003080543443092039,0.0021083202857550176,0.5176923758954535,0.512268576252874
hybrid_cluster_transition,primary_phi_fes,100,degree-matched directed random graph,12,48,0.001994853319253163,0.0024686137679481796,0.5206063771509356,0.5125199643573695
hybrid_cluster_transition,primary_phi_fes,101,degree-matched directed random graph,12,48,0.0020416503646302885,0.0023651110099358608,0.5059019522036291,0.5173374312582165
hybrid_cluster_transition,primary_phi_fes,102,degree-matched directed random graph,12,48,0.0009240254870781081,0.0020876636062060177,0.4965917310369071,0.5059102717347413
hybrid_cluster_transition,primary_phi_fes,103,degree-matched directed random graph,12,48,0.0032778524357480205,0.0021059948981439814,0.5102641021330757,0.5152614644998377
hybrid_cluster_transition,primary_phi_fes,104,degree-matched directed random graph,12,48,-0.0014619469271667253,0.0025597701932374263,0.49976544896942415,0.49503052624156374
hybrid_cluster_transition,primary_phi_fes,105,degree-matched directed random graph,12,48,0.0017675602963868062,0.002517316175228822,0.5118126970854746,0.48345454546662103
hybrid_cluster_transition,primary_phi_fes,106,degree-matched directed random graph,12,48,0.0021168748657813324,0.0024943716672000365,0.5075797603259367,0.5057343710906183
hybrid_cluster_transition,primary_phi_fes,107,degree-matched directed random graph,12,48,0.0006556537014751293,0.002472597890463484,0.5107231303835179,0.49818973761625535
hybrid_cluster_transition,primary_phi_fes,108,degree-matched directed random graph,12,48,-0.0008350149519497715,0.0023492167596227136,0.4975754727575464,0.5043442836863273
hybrid_cluster_transition,primary_phi_fes,109,degree-matched directed random graph,12,48,0.00028979600803957393,0.0025661991179127437,0.508386378297826,0.524907857226212
hybrid_cluster_transition,primary_phi_fes,110,degree-matched directed random graph,12,48,0.00116186664307896,0.0019636443888370724,0.5072140607062495,0.5118044406985367
hybrid_cluster_transition,primary_phi_fes,111,degree-matched directed random graph,12,48,0.003957703928487468,0.0019919909417677444,0.519371211094916,0.4816319381213134
hybrid_cluster_transition,primary_phi_fes,112,degree-matched directed random graph,12,48,0.0027823750834867923,0.00227865004367264,0.5046997333978895,0.5172366127462209
hybrid_cluster_transition,primary_phi_fes,113,degree-matched directed random graph,12,48,0.0032351419337015175,0.0023112017661584376,0.5092260452166508,0.4826254098221379
hybrid_cluster_transition,primary_phi_fes,114,degree-matched directed random graph,12,48,0.003018667012256944,0.0025724951498091067,0.511921331555406,0.497127726190924
hybrid_cluster_transition,primary_phi_fes,115,degree-matched directed random graph,12,48,0.004640273591979157,0.0023022605049498406,0.5052540158772861,0.5095180028257414
hybrid_cluster_transition,primary_phi_fes,116,degree-matched directed random graph,12,48,0.0009183517500514762,0.002752752405513682,0.5117144203199602,0.5071210814091993
hybrid_cluster_transition,primary_phi_fes,117,degree-matched directed random graph,12,48,0.0018377210962647716,0.001860200666421119,0.5112866488944655,0.49533715745024154
hybrid_cluster_transition,primary_phi_fes,118,degree-matched directed random graph,12,48,0.0008027261252924084,0.002352136811481184,0.510427544426198,0.5003538196650983
hybrid_cluster_transition,primary_phi_fes,119,degree-matched directed random graph,12,48,0.000968710326781544,0.0025687810540638172,0.49826997773100035,0.4981307229698529
chapter7_phi_clean_sign_switch,secondary_phi_reference,0,degree-matched directed random graph,12,48,0.007274784584940468,0.0010175899217978637,0.5483238323869184,0.4879468397868407
chapter7_phi_clean_sign_switch,secondary_phi_reference,1,degree-matched directed random graph,12,48,0.008174604384512348,0.000760896000816538,0.5514487728271801,0.4867937057660326
chapter7_phi_clean_sign_switch,secondary_phi_reference,2,degree-matched directed random graph,12,48,0.007972844969838801,0.0010651968916942725,0.5497881490913443,0.4887316527958675
chapter7_phi_clean_sign_switch,secondary_phi_reference,3,degree-matched directed random graph,12,48,0.007686237041702833,0.0008702918569237043,0.5456143107501434,0.49013109380541164
chapter7_phi_clean_sign_switch,secondary_phi_reference,4,degree-matched directed random graph,12,48,0.007735206544609682,0.0008448979152120847,0.548771170152439,0.49014943029002156
chapter7_phi_clean_sign_switch,secondary_phi_reference,5,degree-matched directed random graph,12,48,0.007514028007996059,0.0011926379516488824,0.5511967728164007,0.4881555158898301
chapter7_phi_clean_sign_switch,secondary_phi_reference,6,degree-matched directed random graph,12,48,0.008053332273502474,0.0007606160010743169,0.5488268942890344,0.4896055579372514
chapter7_phi_clean_sign_switch,secondary_phi_reference,7,degree-matched directed random graph,12,48,0.007552394628358563,0.0009057448858383614,0.5495054535362597,0.48899441848817365
chapter7_phi_clean_sign_switch,secondary_phi_reference,8,degree-matched directed random graph,12,48,0.007491547835450804,0.0011580488668499393,0.5460226835463794,0.49022409805349426
chapter7_phi_clean_sign_switch,secondary_phi_reference,9,degree-matched directed random graph,12,48,0.008039697596614798,0.0010725413598677077,0.545479449379719,0.48717241610804934
chapter7_phi_clean_sign_switch,secondary_phi_reference,10,degree-matched directed random graph,12,48,0.007232392407368583,0.000833798291989242,0.5506273581486386,0.4910853185179615
chapter7_phi_clean_sign_switch,secondary_phi_reference,11,degree-matched directed random graph,12,48,0.007081738345211189,0.0009670654495800065,0.5472506458535282,0.4898224728758517
chapter7_phi_clean_sign_switch,secondary_phi_reference,12,degree-matched directed random graph,12,48,0.007192552034830172,0.0009974612820708999,0.5476234449263012,0.4875516445902304
chapter7_phi_clean_sign_switch,secondary_phi_reference,13,degree-matched directed random graph,12,48,0.007944860851352101,0.0010553645221587627,0.5498712902733254,0.4892079589887642
chapter7_phi_clean_sign_switch,secondary_phi_reference,14,degree-matched directed random graph,12,48,0.007415401657229254,0.0008666590198030159,0.5479219846415613,0.48922237080920566
chapter7_phi_clean_sign_switch,secondary_phi_reference,15,degree-matched directed random graph,12,48,0.006954565695863658,0.0009534276348245256,0.5463926258486176,0.4908846238962495
chapter7_phi_clean_sign_switch,secondary_phi_reference,16,degree-matched directed random graph,12,48,0.007529333247064357,0.0009648999532958947,0.5492736011136042,0.4879648477805181
chapter7_phi_clean_sign_switch,secondary_phi_reference,17,degree-matched directed random graph,12,48,0.007853445405744756,0.000985537708901798,0.5490929750728807,0.4895456243975636
chapter7_phi_clean_sign_switch,secondary_phi_reference,18,degree-matched directed random graph,12,48,0.007601052318679773,0.0010166589406634524,0.5476573141460988,0.4896231326172551
chapter7_phi_clean_sign_switch,secondary_phi_reference,19,degree-matched directed random graph,12,48,0.00785304779456562,0.0011828990748739723,0.5478576733324828,0.4876472182642806
chapter7_phi_clean_sign_switch,secondary_phi_reference,20,degree-matched directed random graph,12,48,0.007796607088943708,0.0007963842919120625,0.5481828647964958,0.4893975446869802
chapter7_phi_clean_sign_switch,secondary_phi_reference,21,degree-matched directed random graph,12,48,0.007508081838848878,0.0010878132762253807,0.5456674068123794,0.49043351083454434
chapter7_phi_clean_sign_switch,secondary_phi_reference,22,degree-matched directed random graph,12,48,0.006731125305058494,0.0010227071541714244,0.5476980373760931,0.48927431939030197
chapter7_phi_clean_sign_switch,secondary_phi_reference,23,degree-matched directed random graph,12,48,0.007118940187979127,0.0012261659319597064,0.5463946835865304,0.4881152464940145
chapter7_phi_clean_sign_switch,secondary_phi_reference,24,degree-matched directed random graph,12,48,0.007608558778946411,0.001216668995893245,0.551843883263297,0.49125234723433764
chapter7_phi_clean_sign_switch,secondary_phi_reference,25,degree-matched directed random graph,12,48,0.007436890725990871,0.0005069235766797963,0.5419118093671106,0.4898411198368561
chapter7_phi_clean_sign_switch,secondary_phi_reference,26,degree-matched directed random graph,12,48,0.007580174880907775,0.0010393273109143596,0.5472798465788005,0.4896521948336161
chapter7_phi_clean_sign_switch,secondary_phi_reference,27,degree-matched directed random graph,12,48,0.007390860311115316,0.0011779510296377606,0.5513494580977946,0.48878319783029156
chapter7_phi_clean_sign_switch,secondary_phi_reference,28,degree-matched directed random graph,12,48,0.007535748834341076,0.0011361820914345155,0.5478943362518246,0.48838917540892274
chapter7_phi_clean_sign_switch,secondary_phi_reference,29,degree-matched directed random graph,12,48,0.008048863484013269,0.0012476735955301475,0.5507306736004329,0.4900951597645657
chapter7_phi_clean_sign_switch,secondary_phi_reference,30,degree-matched directed random graph,12,48,0.007345431473990503,0.0009341490165711663,0.5415749409130908,0.48992157172525075
chapter7_phi_clean_sign_switch,secondary_phi_reference,31,degree-matched directed random graph,12,48,0.007991747163849523,0.001089449058810393,0.5521983759882568,0.48825667375338194
chapter7_phi_clean_sign_switch,secondary_phi_reference,32,degree-matched directed random graph,12,48,0.0070899136170289746,0.0011487994858725282,0.5508029422946268,0.4884235964303133
chapter7_phi_clean_sign_switch,secondary_phi_reference,33,degree-matched directed random graph,12,48,0.0070029036794798626,0.001012114951149182,0.5464258651048778,0.4916983569753597
chapter7_phi_clean_sign_switch,secondary_phi_reference,34,degree-matched directed random graph,12,48,0.007829881094932403,0.0008562517170933238,0.5449142620530671,0.48752868146123135
chapter7_phi_clean_sign_switch,secondary_phi_reference,35,degree-matched directed random graph,12,48,0.0073169302415468295,0.0010291017444625235,0.5455254426211504,0.4895296229356574
chapter7_phi_clean_sign_switch,secondary_phi_reference,36,degree-matched directed random graph,12,48,0.00708517183713028,0.0008393384053158317,0.5510708400822282,0.48857272605625446
chapter7_phi_clean_sign_switch,secondary_phi_reference,37,degree-matched directed random graph,12,48,0.007713684905735528,0.0007983861848713419,0.5474908881893442,0.4878830361806355
chapter7_phi_clean_sign_switch,secondary_phi_reference,38,degree-matched directed random graph,12,48,0.007395849650004449,0.0011795831684914323,0.5440887089948625,0.4910187273667944
chapter7_phi_clean_sign_switch,secondary_phi_reference,39,degree-matched directed random graph,12,48,0.008040002542058179,0.001175000890017067,0.5521212623216869,0.4879801157160442
chapter7_phi_clean_sign_switch,secondary_phi_reference,40,degree-matched directed random graph,12,48,0.006677232972441259,0.001067976466883175,0.5385778652773215,0.4913917109188777
chapter7_phi_clean_sign_switch,secondary_phi_reference,41,degree-matched directed random graph,12,48,0.007485106202564696,0.0008281922674663246,0.5509644857059245,0.4871324894508533
chapter7_phi_clean_sign_switch,secondary_phi_reference,42,degree-matched directed random graph,12,48,0.006911811413555223,0.0009964003356827899,0.546603704049526,0.4892995896857875
chapter7_phi_clean_sign_switch,secondary_phi_reference,43,degree-matched directed random graph,12,48,0.007688690948207538,0.00103460130501741,0.5415711789010585,0.4904371170784137
chapter7_phi_clean_sign_switch,secondary_phi_reference,44,degree-matched directed random graph,12,48,0.008196987122002614,0.0008133052204069076,0.5508808278576052,0.48765790356792516
chapter7_phi_clean_sign_switch,secondary_phi_reference,45,degree-matched directed random graph,12,48,0.006828429465847096,0.000925002574265412,0.5425505367666179,0.4902840528706101
chapter7_phi_clean_sign_switch,secondary_phi_reference,46,degree-matched directed random graph,12,48,0.007538450928993382,0.0008792326027782044,0.5557247379719477,0.4879528824833264
chapter7_phi_clean_sign_switch,secondary_phi_reference,47,degree-matched directed random graph,12,48,0.007186986716604341,0.0008785573387496474,0.5420328609468748,0.4881216492528992
chapter7_phi_clean_sign_switch,secondary_phi_reference,48,degree-matched directed random graph,12,48,0.007552791852331094,0.0009477442630181896,0.5544421379277759,0.48713703526592317
chapter7_phi_clean_sign_switch,secondary_phi_reference,49,degree-matched directed random graph,12,48,0.007054652854853786,0.0010404548071193864,0.5423017553695884,0.48958256723361016
chapter7_phi_clean_sign_switch,secondary_phi_reference,50,degree-matched directed random graph,12,48,0.00723032452861302,0.0009630263075151843,0.5455374571080456,0.4899944346799419
chapter7_phi_clean_sign_switch,secondary_phi_reference,51,degree-matched directed random graph,12,48,0.0074683708108976374,0.0009870229635508458,0.5423469682358946,0.4908306908963098
chapter7_phi_clean_sign_switch,secondary_phi_reference,52,degree-matched directed random graph,12,48,0.00760243704616771,0.0007834090911617193,0.5523416926216934,0.4871456194204996
chapter7_phi_clean_sign_switch,secondary_phi_reference,53,degree-matched directed random graph,12,48,0.006951107446316415,0.0009520752437868524,0.5447754878144052,0.4916057978543236
chapter7_phi_clean_sign_switch,secondary_phi_reference,54,degree-matched directed random graph,12,48,0.007811793811545639,0.0009017988686982532,0.5444117567831894,0.4886665947298144
chapter7_phi_clean_sign_switch,secondary_phi_reference,55,degree-matched directed random graph,12,48,0.007553481219318815,0.000958814555303944,0.5442202250392172,0.4885315320993734
chapter7_phi_clean_sign_switch,secondary_phi_reference,56,degree-matched directed random graph,12,48,0.00686136944158616,0.0011711281096327387,0.5537841708621549,0.4884887901659167
chapter7_phi_clean_sign_switch,secondary_phi_reference,57,degree-matched directed random graph,12,48,0.007944111419843747,0.0011201265940062467,0.5445042143913568,0.4885398426802629
chapter7_phi_clean_sign_switch,secondary_phi_reference,58,degree-matched directed random graph,12,48,0.0067648972997213005,0.000968352725845432,0.5395755762940945,0.49123409107652877
chapter7_phi_clean_sign_switch,secondary_phi_reference,59,degree-matched directed random graph,12,48,0.008008321044158816,0.0011675193323410034,0.5487421158898772,0.4919416110177799
chapter7_phi_clean_sign_switch,secondary_phi_reference,60,degree-matched directed random graph,12,48,0.007851163964510422,0.0008180233155482999,0.5474879975204351,0.4868911588261308
chapter7_phi_clean_sign_switch,secondary_phi_reference,61,degree-matched directed random graph,12,48,0.0072018157249479405,0.0009725119491027396,0.544531537280427,0.4901329610690021
chapter7_phi_clean_sign_switch,secondary_phi_reference,62,degree-matched directed random graph,12,48,0.00760414651373644,0.0010737675287533647,0.5516590516347958,0.48844369258483034
chapter7_phi_clean_sign_switch,secondary_phi_reference,63,degree-matched directed random graph,12,48,0.007018307733203055,0.0008331871063272007,0.5434577283454923,0.4881349547101177
chapter7_phi_clean_sign_switch,secondary_phi_reference,64,degree-matched directed random graph,12,48,0.007601316451223269,0.0008596209638382924,0.5493819312793033,0.4881292893369348
chapter7_phi_clean_sign_switch,secondary_phi_reference,65,degree-matched directed random graph,12,48,0.007182725963839088,0.0010983212238009955,0.5511986042277297,0.4901253631749185
chapter7_phi_clean_sign_switch,secondary_phi_reference,66,degree-matched directed random graph,12,48,0.00774174653187846,0.0010229127554733516,0.5499496290418,0.48937590454226465
chapter7_phi_clean_sign_switch,secondary_phi_reference,67,degree-matched directed random graph,12,48,0.007422935280546894,0.0008647386839260984,0.5458164927515111,0.48752141277473326
chapter7_phi_clean_sign_switch,secondary_phi_reference,68,degree-matched directed random graph,12,48,0.007060568181494984,0.0012537040362235181,0.5408259163522491,0.4886092549488373
chapter7_phi_clean_sign_switch,secondary_phi_reference,69,degree-matched directed random graph,12,48,0.00688654861285039,0.000979114119788353,0.5418220733596203,0.48942215170839765
chapter7_phi_clean_sign_switch,secondary_phi_reference,70,degree-matched directed random graph,12,48,0.007410140685818682,0.0009666458616000561,0.5471055705193196,0.4878886476309786
chapter7_phi_clean_sign_switch,secondary_phi_reference,71,degree-matched directed random graph,12,48,0.007640380289802512,0.001044770907936962,0.5441448786609275,0.4901810532019132
chapter7_phi_clean_sign_switch,secondary_phi_reference,72,degree-matched directed random graph,12,48,0.007952244127436437,0.000928381900756006,0.5461029731289395,0.48798621697821687
chapter7_phi_clean_sign_switch,secondary_phi_reference,73,degree-matched directed random graph,12,48,0.007105847843255582,0.0008914043432721679,0.5458619322613755,0.48947990691135423
chapter7_phi_clean_sign_switch,secondary_phi_reference,74,degree-matched directed random graph,12,48,0.00800094067795716,0.0008958423499639815,0.5467807712446418,0.4887454832622856
chapter7_phi_clean_sign_switch,secondary_phi_reference,75,degree-matched directed random graph,12,48,0.007473109764407492,0.0009710143520447007,0.5518272705051974,0.4883577998738962
chapter7_phi_clean_sign_switch,secondary_phi_reference,76,degree-matched directed random graph,12,48,0.007361710545439148,0.0008699594606826353,0.5450795586120057,0.48904010395362135
chapter7_phi_clean_sign_switch,secondary_phi_reference,77,degree-matched directed random graph,12,48,0.007955646046804961,0.0008468607611517618,0.5495490557355002,0.48950922330764485
chapter7_phi_clean_sign_switch,secondary_phi_reference,78,degree-matched directed random graph,12,48,0.008382079461972359,0.001263406453150851,0.5453742124859595,0.4878844988291935
chapter7_phi_clean_sign_switch,secondary_phi_reference,79,degree-matched directed random graph,12,48,0.007851707274093414,0.0011363910025285412,0.5415005151411754,0.4903789636640353
chapter7_phi_clean_sign_switch,secondary_phi_reference,80,degree-matched directed random graph,12,48,0.007060037533515879,0.0008814181728536369,0.5442201514090705,0.4907200459602759
chapter7_phi_clean_sign_switch,secondary_phi_reference,81,degree-matched directed random graph,12,48,0.0071121452893838834,0.0011228930819298032,0.546708677791836,0.49016643944225685
chapter7_phi_clean_sign_switch,secondary_phi_reference,82,degree-matched directed random graph,12,48,0.0074711949083434105,0.0008595773212412731,0.5426983404001678,0.4889585744012343
chapter7_phi_clean_sign_switch,secondary_phi_reference,83,degree-matched directed random graph,12,48,0.007438585261195275,0.0010262891442966385,0.5476608358453933,0.49159536059488995
chapter7_phi_clean_sign_switch,secondary_phi_reference,84,degree-matched directed random graph,12,48,0.007601417123847636,0.0012808998401981928,0.5430391785627043,0.4903051177456404
chapter7_phi_clean_sign_switch,secondary_phi_reference,85,degree-matched directed random graph,12,48,0.0071989086974009195,0.0011884494091252032,0.5444006368395002,0.48957642672964496
chapter7_phi_clean_sign_switch,secondary_phi_reference,86,degree-matched directed random graph,12,48,0.006837163357347421,0.0012468909614924205,0.5487066001945579,0.48888844904405615
chapter7_phi_clean_sign_switch,secondary_phi_reference,87,degree-matched directed random graph,12,48,0.00794159113966307,0.0009233600082711256,0.5424114625377903,0.4887273802557936
chapter7_phi_clean_sign_switch,secondary_phi_reference,88,degree-matched directed random graph,12,48,0.0081055992672604,0.0010945999159821642,0.5576543911705002,0.48814902783764424
chapter7_phi_clean_sign_switch,secondary_phi_reference,89,degree-matched directed random graph,12,48,0.006797132153302592,0.0008437302959381467,0.5417897643532354,0.48946720587470394
chapter7_phi_clean_sign_switch,secondary_phi_reference,90,degree-matched directed random graph,12,48,0.007828946678233051,0.0010869221549628092,0.5495687087666989,0.4886381999437354
chapter7_phi_clean_sign_switch,secondary_phi_reference,91,degree-matched directed random graph,12,48,0.007442441407039957,0.0009257774918424075,0.5463775695132651,0.4890533543667137
chapter7_phi_clean_sign_switch,secondary_phi_reference,92,degree-matched directed random graph,12,48,0.007521252942751851,0.001051320470950825,0.5493514822875191,0.4885494427037779
chapter7_phi_clean_sign_switch,secondary_phi_reference,93,degree-matched directed random graph,12,48,0.007299466730097577,0.0010290155399490751,0.5509288362718491,0.4889433099212807
chapter7_phi_clean_sign_switch,secondary_phi_reference,94,degree-matched directed random graph,12,48,0.007548538346430417,0.0011027006031736064,0.5512399827933249,0.48895628802725893
chapter7_phi_clean_sign_switch,secondary_phi_reference,95,degree-matched directed random graph,12,48,0.007148166533451251,0.0010242028375763246,0.5504988662327561,0.48761173025231114
chapter7_phi_clean_sign_switch,secondary_phi_reference,96,degree-matched directed random graph,12,48,0.007775494623246396,0.0010458190762109906,0.5452034819748005,0.48888916985076414
chapter7_phi_clean_sign_switch,secondary_phi_reference,97,degree-matched directed random graph,12,48,0.0073252934686539005,0.0008318814368996132,0.5460598177072751,0.48808177420189514
chapter7_phi_clean_sign_switch,secondary_phi_reference,98,degree-matched directed random graph,12,48,0.006781600127577379,0.0008995466398405233,0.5451165194381582,0.48996402082278834
chapter7_phi_clean_sign_switch,secondary_phi_reference,99,degree-matched directed random graph,12,48,0.007026352182176754,0.0010777934780725454,0.5433108716671609,0.4908381662511033
chapter7_phi_clean_sign_switch,secondary_phi_reference,100,degree-matched directed random graph,12,48,0.007521397917678556,0.00107572145568084,0.5499217273050958,0.48792071974925477
chapter7_phi_clean_sign_switch,secondary_phi_reference,101,degree-matched directed random graph,12,48,0.007824080960925238,0.000794505734083553,0.5510335019427808,0.487778371922647
chapter7_phi_clean_sign_switch,secondary_phi_reference,102,degree-matched directed random graph,12,48,0.007683277942728155,0.0010911080546036308,0.5465588038106484,0.4884606971802787
chapter7_phi_clean_sign_switch,secondary_phi_reference,103,degree-matched directed random graph,12,48,0.007001259062350579,0.0010023770453770498,0.5419044896396421,0.4909531554225033
chapter7_phi_clean_sign_switch,secondary_phi_reference,104,degree-matched directed random graph,12,48,0.006925076187750265,0.0010454479143935324,0.5456887078474884,0.48832666534324626
chapter7_phi_clean_sign_switch,secondary_phi_reference,105,degree-matched directed random graph,12,48,0.00729513168896183,0.0010962701859330078,0.5427688356651295,0.49153607076816797
chapter7_phi_clean_sign_switch,secondary_phi_reference,106,degree-matched directed random graph,12,48,0.007058491862069116,0.0011771591567868239,0.5522951673952644,0.48649523318466537
chapter7_phi_clean_sign_switch,secondary_phi_reference,107,degree-matched directed random graph,12,48,0.007648056224125966,0.0007383631342141881,0.5504985373763491,0.4880398793843293
chapter7_phi_clean_sign_switch,secondary_phi_reference,108,degree-matched directed random graph,12,48,0.007987659521327978,0.0010357740083819366,0.5423150516054899,0.48872130768931116
chapter7_phi_clean_sign_switch,secondary_phi_reference,109,degree-matched directed random graph,12,48,0.0075078310344322986,0.0011952430834536942,0.5386578694238496,0.49116746719806825
chapter7_phi_clean_sign_switch,secondary_phi_reference,110,degree-matched directed random graph,12,48,0.007937493923283823,0.0010182917610895804,0.5526155791700649,0.4886474562669456
chapter7_phi_clean_sign_switch,secondary_phi_reference,111,degree-matched directed random graph,12,48,0.007848206522374055,0.0010414853264883546,0.5496939117349732,0.4874994686364221
chapter7_phi_clean_sign_switch,secondary_phi_reference,112,degree-matched directed random graph,12,48,0.007247248892137563,0.0010048189797469496,0.5418757646167838,0.4890905634859407
chapter7_phi_clean_sign_switch,secondary_phi_reference,113,degree-matched directed random graph,12,48,0.006411356155681616,0.0006807676674695841,0.5428252472785196,0.49123697298415975
chapter7_phi_clean_sign_switch,secondary_phi_reference,114,degree-matched directed random graph,12,48,0.007532029184635262,0.0011387374355859873,0.5474044982472611,0.48839074852637027
chapter7_phi_clean_sign_switch,secondary_phi_reference,115,degree-matched directed random graph,12,48,0.007731790106881863,0.0010738834734718738,0.5455106687942773,0.48788396728474487
chapter7_phi_clean_sign_switch,secondary_phi_reference,116,degree-matched directed random graph,12,48,0.007348567636010488,0.0009930974180547547,0.5415453761813953,0.4899481094334287
chapter7_phi_clean_sign_switch,secondary_phi_reference,117,degree-matched directed random graph,12,48,0.0067576075012728875,0.001184945761732045,0.5396954290376751,0.48880446024500834
chapter7_phi_clean_sign_switch,secondary_phi_reference,118,degree-matched directed random graph,12,48,0.0067134462071668,0.0009090011201398246,0.5446563498836039,0.4893630890682718
chapter7_phi_clean_sign_switch,secondary_phi_reference,119,degree-matched directed random graph,12,48,0.007880919127263153,0.00096517587284031,0.5478720921560561,0.4906159321709627
chapter7_h_zero_crossing,secondary_phi_reference,0,degree-matched directed random graph,12,48,0.004596500349824785,0.0013342816233317004,0.604776114994865,0.5026547871823404
chapter7_h_zero_crossing,secondary_phi_reference,1,degree-matched directed random graph,12,48,0.008095480237973114,0.0010732829530847887,0.5888971565963245,0.49803903791820614
chapter7_h_zero_crossing,secondary_phi_reference,2,degree-matched directed random graph,12,48,0.005741524838352742,0.0011891193400759437,0.6100061601982963,0.5055906810331884
chapter7_h_zero_crossing,secondary_phi_reference,3,degree-matched directed random graph,12,48,0.005385761306867737,0.0011263127149365245,0.5913562963942931,0.49981916802080745
chapter7_h_zero_crossing,secondary_phi_reference,4,degree-matched directed random graph,12,48,0.0063857970050343335,0.0013167934493761035,0.595757029714213,0.5013430331083292
chapter7_h_zero_crossing,secondary_phi_reference,5,degree-matched directed random graph,12,48,0.008260635393726734,0.001056145474311021,0.5911072390560242,0.49795888005888217
chapter7_h_zero_crossing,secondary_phi_reference,6,degree-matched directed random graph,12,48,0.007634348805096593,0.0012543477397674687,0.6017173944506014,0.5039635580478594
chapter7_h_zero_crossing,secondary_phi_reference,7,degree-matched directed random graph,12,48,0.008410607316465113,0.0011938905028982293,0.5924373030292874,0.4997437658351973
chapter7_h_zero_crossing,secondary_phi_reference,8,degree-matched directed random graph,12,48,0.005365025610811359,0.001124078615502243,0.6020121447458863,0.5036804063308833
chapter7_h_zero_crossing,secondary_phi_reference,9,degree-matched directed random graph,12,48,0.008126847733038636,0.0012280144015994374,0.5786875146956504,0.49512521153903877
chapter7_h_zero_crossing,secondary_phi_reference,10,degree-matched directed random graph,12,48,0.009495179505200825,0.0013601699076781022,0.5968338715830448,0.5025429925627928
chapter7_h_zero_crossing,secondary_phi_reference,11,degree-matched directed random graph,12,48,0.009946862670955355,0.0012899500172854766,0.611930182739573,0.5054536630441778
chapter7_h_zero_crossing,secondary_phi_reference,12,degree-matched directed random graph,12,48,0.00899669053637433,0.0012956124139898086,0.5923589180509548,0.5009323276218646
chapter7_h_zero_crossing,secondary_phi_reference,13,degree-matched directed random graph,12,48,0.008174605144541687,0.001230033691654173,0.6141339490790985,0.5059960218789668
chapter7_h_zero_crossing,secondary_phi_reference,14,degree-matched directed random graph,12,48,0.006623627745408806,0.0015349744723660123,0.592111100760836,0.50140068396144
chapter7_h_zero_crossing,secondary_phi_reference,15,degree-matched directed random graph,12,48,0.007664049683283627,0.0013391077553606115,0.6088594982476961,0.5051727454978612
chapter7_h_zero_crossing,secondary_phi_reference,16,degree-matched directed random graph,12,48,0.007301591091652699,0.0012487489645186464,0.590083137745493,0.49906813976279507
chapter7_h_zero_crossing,secondary_phi_reference,17,degree-matched directed random graph,12,48,0.007459294731079973,0.0011823481069987301,0.5976727792889153,0.5004686238255112
chapter7_h_zero_crossing,secondary_phi_reference,18,degree-matched directed random graph,12,48,0.005019954835257087,0.001329089067687066,0.6011330506496563,0.5037236558104063
chapter7_h_zero_crossing,secondary_phi_reference,19,degree-matched directed random graph,12,48,0.007764120375281608,0.0012846427588061634,0.5875855168407692,0.4963671454322007
chapter7_h_zero_crossing,secondary_phi_reference,20,degree-matched directed random graph,12,48,0.009323440545797207,0.001058238374898926,0.5965914572632582,0.5007277717447418
chapter7_h_zero_crossing,secondary_phi_reference,21,degree-matched directed random graph,12,48,0.005723975726120078,0.00140521274379339,0.6091444000111719,0.5079090592623818
chapter7_h_zero_crossing,secondary_phi_reference,22,degree-matched directed random graph,12,48,0.010145777443453881,0.001393563220253721,0.607189190558637,0.5064476480444641
chapter7_h_zero_crossing,secondary_phi_reference,23,degree-matched directed random graph,12,48,0.008908011480077244,0.0012710324261057827,0.5958880604541101,0.5006241661637468
chapter7_h_zero_crossing,secondary_phi_reference,24,degree-matched directed random graph,12,48,0.007302652128019874,0.0010593901432086896,0.5964572244197603,0.5023084920948192
chapter7_h_zero_crossing,secondary_phi_reference,25,degree-matched directed random graph,12,48,0.008117260990293905,0.0012382948318300545,0.5894040364621437,0.4988834115417235
chapter7_h_zero_crossing,secondary_phi_reference,26,degree-matched directed random graph,12,48,0.007110304387442134,0.001441501852978665,0.5818437454438586,0.49640797679744425
chapter7_h_zero_crossing,secondary_phi_reference,27,degree-matched directed random graph,12,48,0.009602314910790201,0.0010061072968498477,0.5994021784555046,0.5016986745576086
chapter7_h_zero_crossing,secondary_phi_reference,28,degree-matched directed random graph,12,48,0.0056402223135328085,0.0013879264763586815,0.616307358942431,0.5117046929674096
chapter7_h_zero_crossing,secondary_phi_reference,29,degree-matched directed random graph,12,48,0.004878153940482241,0.0013010343046540086,0.6045908440945545,0.50502508843027
chapter7_h_zero_crossing,secondary_phi_reference,30,degree-matched directed random graph,12,48,0.0077444418423867276,0.0013346767037893945,0.5941831572973969,0.4988458455932112
chapter7_h_zero_crossing,secondary_phi_reference,31,degree-matched directed random graph,12,48,0.00770095149051077,0.0013789867554916883,0.6050486519035438,0.5026466615374346
chapter7_h_zero_crossing,secondary_phi_reference,32,degree-matched directed random graph,12,48,0.008887767775331618,0.0013448623165191796,0.6043527240524675,0.5015778048771039
chapter7_h_zero_crossing,secondary_phi_reference,33,degree-matched directed random graph,12,48,0.004858412805785673,0.0014796554527672762,0.606090297235994,0.5052003843594793
chapter7_h_zero_crossing,secondary_phi_reference,34,degree-matched directed random graph,12,48,0.007363423871711726,0.0010755790270392297,0.5957069526435269,0.5021691263860417
chapter7_h_zero_crossing,secondary_phi_reference,35,degree-matched directed random graph,12,48,0.007198496682417323,0.0015542741864547308,0.6038349750594414,0.5021701618908581
chapter7_h_zero_crossing,secondary_phi_reference,36,degree-matched directed random graph,12,48,0.0077001337966324445,0.0009985027646050872,0.5896781712163212,0.5023890465027955
chapter7_h_zero_crossing,secondary_phi_reference,37,degree-matched directed random graph,12,48,0.008701784555310904,0.0015062085434770177,0.5978072781592976,0.5006609442223166
chapter7_h_zero_crossing,secondary_phi_reference,38,degree-matched directed random graph,12,48,0.008316412395141474,0.0010250107654322163,0.6045925000135619,0.5043858974122196
chapter7_h_zero_crossing,secondary_phi_reference,39,degree-matched directed random graph,12,48,0.005662169766107585,0.0009330002503571389,0.5803417595713308,0.49864903147788026
chapter7_h_zero_crossing,secondary_phi_reference,40,degree-matched directed random graph,12,48,0.008360778235137032,0.0009071981687967578,0.5973786579762974,0.4996577745888021
chapter7_h_zero_crossing,secondary_phi_reference,41,degree-matched directed random graph,12,48,0.006334199834917282,0.0013164133031281287,0.5989054282636836,0.5007515752248954
chapter7_h_zero_crossing,secondary_phi_reference,42,degree-matched directed random graph,12,48,0.0064141823638208485,0.0013416750749692104,0.5971847746470128,0.5015307497314135
chapter7_h_zero_crossing,secondary_phi_reference,43,degree-matched directed random graph,12,48,0.008049366002196343,0.0010926193544040803,0.60289104606884,0.5041315197297661
chapter7_h_zero_crossing,secondary_phi_reference,44,degree-matched directed random graph,12,48,0.00705508608073086,0.0010050493877602105,0.6044172586611574,0.504373476930962
chapter7_h_zero_crossing,secondary_phi_reference,45,degree-matched directed random graph,12,48,0.00837750182185665,0.0012743735893948217,0.5907972294686352,0.49918132911769975
chapter7_h_zero_crossing,secondary_phi_reference,46,degree-matched directed random graph,12,48,0.006610703837959685,0.0011347635713448564,0.6092887340579799,0.5069691832177219
chapter7_h_zero_crossing,secondary_phi_reference,47,degree-matched directed random graph,12,48,0.005005472992963989,0.001076145657551771,0.6049916201393204,0.5044358435964434
chapter7_h_zero_crossing,secondary_phi_reference,48,degree-matched directed random graph,12,48,0.00912815572401358,0.0008829784456205725,0.5980879310127097,0.5009025525457118
chapter7_h_zero_crossing,secondary_phi_reference,49,degree-matched directed random graph,12,48,0.008657811372284739,0.0013706467109185223,0.6048074833595805,0.5025433767877435
chapter7_h_zero_crossing,secondary_phi_reference,50,degree-matched directed random graph,12,48,0.00660049461853395,0.0014110680211355774,0.587839105947556,0.5003560339822722
chapter7_h_zero_crossing,secondary_phi_reference,51,degree-matched directed random graph,12,48,0.005238359485028223,0.0011405723389712294,0.5995494566572227,0.5027999573748124
chapter7_h_zero_crossing,secondary_phi_reference,52,degree-matched directed random graph,12,48,0.006278107085711617,0.001302849119879905,0.5991031310937038,0.5018843228237403
chapter7_h_zero_crossing,secondary_phi_reference,53,degree-matched directed random graph,12,48,0.006979291989328121,0.0013826184432826486,0.5979170908886612,0.5013613359610083
chapter7_h_zero_crossing,secondary_phi_reference,54,degree-matched directed random graph,12,48,0.008235774648108162,0.00156693890136021,0.6115924549972481,0.5082302721004678
chapter7_h_zero_crossing,secondary_phi_reference,55,degree-matched directed random graph,12,48,0.009928239823592309,0.001444753285997767,0.6064420656990971,0.5043863096956716
chapter7_h_zero_crossing,secondary_phi_reference,56,degree-matched directed random graph,12,48,0.008678973192394631,0.0012611602867846799,0.5965111053341416,0.49793912401150636
chapter7_h_zero_crossing,secondary_phi_reference,57,degree-matched directed random graph,12,48,0.006839677614358714,0.0011359587882534049,0.6080364257250536,0.5043942754323146
chapter7_h_zero_crossing,secondary_phi_reference,58,degree-matched directed random graph,12,48,0.006632760973334925,0.0014129173221760628,0.5904920460091208,0.49944468340727205
chapter7_h_zero_crossing,secondary_phi_reference,59,degree-matched directed random graph,12,48,0.010235274771499613,0.0013233758673541743,0.5982862145389157,0.5033824213936525
chapter7_h_zero_crossing,secondary_phi_reference,60,degree-matched directed random graph,12,48,0.00501169759769543,0.0010233168816373667,0.6022764106536033,0.504604219172184
chapter7_h_zero_crossing,secondary_phi_reference,61,degree-matched directed random graph,12,48,0.009518657235474763,0.0011117678625489865,0.6033179958989615,0.5023684527683404
chapter7_h_zero_crossing,secondary_phi_reference,62,degree-matched directed random graph,12,48,0.006687005006333248,0.0010918400614899448,0.5917524340231005,0.49923688481057193
chapter7_h_zero_crossing,secondary_phi_reference,63,degree-matched directed random graph,12,48,0.0066205337797848665,0.0014482622646853468,0.5961796213189262,0.5026156608641109
chapter7_h_zero_crossing,secondary_phi_reference,64,degree-matched directed random graph,12,48,0.0056842914043231385,0.0011057736024194457,0.607713999639753,0.505041134721347
chapter7_h_zero_crossing,secondary_phi_reference,65,degree-matched directed random graph,12,48,0.008130408920038997,0.0013157741762238274,0.6000682794652233,0.5017183876662735
chapter7_h_zero_crossing,secondary_phi_reference,66,degree-matched directed random graph,12,48,0.007822794936749214,0.0015137974701099626,0.5968575715718528,0.5008368382212506
chapter7_h_zero_crossing,secondary_phi_reference,67,degree-matched directed random graph,12,48,0.007461749837302401,0.0017483839039492573,0.5955563503179673,0.5015027469835612
chapter7_h_zero_crossing,secondary_phi_reference,68,degree-matched directed random graph,12,48,0.007522985729096752,0.0010475587919703331,0.6097246208711347,0.5078896134088156
chapter7_h_zero_crossing,secondary_phi_reference,69,degree-matched directed random graph,12,48,0.0067143514779262736,0.0011955877481940195,0.6076199261238597,0.5035225147728452
chapter7_h_zero_crossing,secondary_phi_reference,70,degree-matched directed random graph,12,48,0.007517498812754236,0.0009729404697341651,0.5914255701724835,0.4979324611320879
chapter7_h_zero_crossing,secondary_phi_reference,71,degree-matched directed random graph,12,48,0.007892317350755997,0.0009233558770105085,0.6022216425078506,0.5011607605044697
chapter7_h_zero_crossing,secondary_phi_reference,72,degree-matched directed random graph,12,48,0.007768318151572722,0.0012001519734838788,0.6127108894914626,0.5048845943073542
chapter7_h_zero_crossing,secondary_phi_reference,73,degree-matched directed random graph,12,48,0.007808039980761605,0.001116174484084989,0.5985422075035112,0.5026362737705691
chapter7_h_zero_crossing,secondary_phi_reference,74,degree-matched directed random graph,12,48,0.009160082049228637,0.0012849894214957643,0.6069650877999454,0.5077387584361114
chapter7_h_zero_crossing,secondary_phi_reference,75,degree-matched directed random graph,12,48,0.009051825055485399,0.0013889027697353163,0.6029998131149469,0.5018482497349471
chapter7_h_zero_crossing,secondary_phi_reference,76,degree-matched directed random graph,12,48,0.00691549575499328,0.0016048549016051555,0.5966109900924795,0.501345081544861
chapter7_h_zero_crossing,secondary_phi_reference,77,degree-matched directed random graph,12,48,0.00715508332265689,0.0010854036879567213,0.5939338729198925,0.4988843760180245
chapter7_h_zero_crossing,secondary_phi_reference,78,degree-matched directed random graph,12,48,0.005790474572512052,0.001522342174149422,0.6034633641505551,0.5046966559344793
chapter7_h_zero_crossing,secondary_phi_reference,79,degree-matched directed random graph,12,48,0.0069319530019081085,0.0010578934230097393,0.5960471220323305,0.4993959255563887
chapter7_h_zero_crossing,secondary_phi_reference,80,degree-matched directed random graph,12,48,0.0064508874850753364,0.0013931705071723844,0.6046323737145197,0.5074832242360701
chapter7_h_zero_crossing,secondary_phi_reference,81,degree-matched directed random graph,12,48,0.009821911596733506,0.0010219695746228074,0.5996465949774972,0.5013769500170338
chapter7_h_zero_crossing,secondary_phi_reference,82,degree-matched directed random graph,12,48,0.008262696628467698,0.0012678409978437097,0.6014577035618242,0.5024321966078872
chapter7_h_zero_crossing,secondary_phi_reference,83,degree-matched directed random graph,12,48,0.00885660777259802,0.0015046234097533325,0.6042802984585639,0.5059066624107103
chapter7_h_zero_crossing,secondary_phi_reference,84,degree-matched directed random graph,12,48,0.007159339450063875,0.0010475588016555712,0.6018268346817369,0.5045286541082246
chapter7_h_zero_crossing,secondary_phi_reference,85,degree-matched directed random graph,12,48,0.007494650101876113,0.0012728666742439442,0.5977117894151551,0.5021558531246103
chapter7_h_zero_crossing,secondary_phi_reference,86,degree-matched directed random graph,12,48,0.006968961151599978,0.0012417390353694174,0.600637523601533,0.5018022428246849
chapter7_h_zero_crossing,secondary_phi_reference,87,degree-matched directed random graph,12,48,0.006286889059638906,0.0007901979734144383,0.6036996791421879,0.5024905108241993
chapter7_h_zero_crossing,secondary_phi_reference,88,degree-matched directed random graph,12,48,0.007514698609870769,0.0013931834069177522,0.5979020447649578,0.5015577022146068
chapter7_h_zero_crossing,secondary_phi_reference,89,degree-matched directed random graph,12,48,0.006177330229311815,0.0015794224128455724,0.602204757848152,0.503645723423439
chapter7_h_zero_crossing,secondary_phi_reference,90,degree-matched directed random graph,12,48,0.007850475346838817,0.000977503368113824,0.594425331584636,0.5012627034787743
chapter7_h_zero_crossing,secondary_phi_reference,91,degree-matched directed random graph,12,48,0.006448814164472779,0.0011727948490022119,0.6143120341319309,0.5101353267745465
chapter7_h_zero_crossing,secondary_phi_reference,92,degree-matched directed random graph,12,48,0.007660378317195733,0.0011212480154971362,0.599622672772189,0.5012278606185057
chapter7_h_zero_crossing,secondary_phi_reference,93,degree-matched directed random graph,12,48,0.010404420120294635,0.0012339815426849088,0.5990290283946861,0.498988477373632
chapter7_h_zero_crossing,secondary_phi_reference,94,degree-matched directed random graph,12,48,0.009365364612637327,0.0013408143901489575,0.5946425776104971,0.4998152724229557
chapter7_h_zero_crossing,secondary_phi_reference,95,degree-matched directed random graph,12,48,0.007978896599161569,0.0011811987708284127,0.5906575111757089,0.5007007812085855
chapter7_h_zero_crossing,secondary_phi_reference,96,degree-matched directed random graph,12,48,0.004561987733702835,0.0013369301671854975,0.5955115332220307,0.5052361087674369
chapter7_h_zero_crossing,secondary_phi_reference,97,degree-matched directed random graph,12,48,0.007492685049373195,0.001125432268892352,0.5984985542378457,0.5024208234142811
chapter7_h_zero_crossing,secondary_phi_reference,98,degree-matched directed random graph,12,48,0.006476202067274517,0.0014045686360674272,0.5968143373000058,0.5010027274622874
chapter7_h_zero_crossing,secondary_phi_reference,99,degree-matched directed random graph,12,48,0.009161864627727213,0.0012218227332644017,0.5961272206953402,0.5015204337844089
chapter7_h_zero_crossing,secondary_phi_reference,100,degree-matched directed random graph,12,48,0.009078055071623,0.00160481174119407,0.6011567299215224,0.5031678064457467
chapter7_h_zero_crossing,secondary_phi_reference,101,degree-matched directed random graph,12,48,0.00533245211148883,0.0013644815749340095,0.5984971615118555,0.5030046761205988
chapter7_h_zero_crossing,secondary_phi_reference,102,degree-matched directed random graph,12,48,0.00820033274212426,0.0010719350279744463,0.6029829839591887,0.5096576095467199
chapter7_h_zero_crossing,secondary_phi_reference,103,degree-matched directed random graph,12,48,0.0049232818547085035,0.0013860789597230903,0.6153711084268404,0.5084733922314613
chapter7_h_zero_crossing,secondary_phi_reference,104,degree-matched directed random graph,12,48,0.00762866836883137,0.0009118617300295659,0.6018408231321721,0.5069150772580798
chapter7_h_zero_crossing,secondary_phi_reference,105,degree-matched directed random graph,12,48,0.008594968886733393,0.001173248539322235,0.6038867018111067,0.5017874549560952
chapter7_h_zero_crossing,secondary_phi_reference,106,degree-matched directed random graph,12,48,0.006291362335367906,0.001210670433238172,0.6038690177291102,0.503155402357689
chapter7_h_zero_crossing,secondary_phi_reference,107,degree-matched directed random graph,12,48,0.006562672587837321,0.0013473415742610339,0.6052485793994002,0.5026684848840565
chapter7_h_zero_crossing,secondary_phi_reference,108,degree-matched directed random graph,12,48,0.009067886186189067,0.0012076931527049183,0.6080309280910485,0.5028841436004696
chapter7_h_zero_crossing,secondary_phi_reference,109,degree-matched directed random graph,12,48,0.007777068760511621,0.0017979547098231862,0.5918393869039865,0.49721569038131747
chapter7_h_zero_crossing,secondary_phi_reference,110,degree-matched directed random graph,12,48,0.009317410956897856,0.0010075944172211171,0.6008067437552909,0.501542810350082
chapter7_h_zero_crossing,secondary_phi_reference,111,degree-matched directed random graph,12,48,0.008375022477186475,0.0014730055821438241,0.6017159721764824,0.5016540722065299
chapter7_h_zero_crossing,secondary_phi_reference,112,degree-matched directed random graph,12,48,0.007484322792433298,0.0011688369652329013,0.5780329194075681,0.4936848184677158
chapter7_h_zero_crossing,secondary_phi_reference,113,degree-matched directed random graph,12,48,0.006819194492164659,0.001196690222097398,0.5994810097053194,0.5031245836820116
chapter7_h_zero_crossing,secondary_phi_reference,114,degree-matched directed random graph,12,48,0.006833883096185161,0.0009061281415007048,0.6036421510460138,0.5040924156735277
chapter7_h_zero_crossing,secondary_phi_reference,115,degree-matched directed random graph,12,48,0.005866416620411264,0.0014187030331317475,0.6071038887967739,0.5021683194986671
chapter7_h_zero_crossing,secondary_phi_reference,116,degree-matched directed random graph,12,48,0.0060640170538286756,0.001283655647389817,0.597254822590099,0.5040972728870112
chapter7_h_zero_crossing,secondary_phi_reference,117,degree-matched directed random graph,12,48,0.00658662276219233,0.0012981651369958582,0.6012803874593776,0.5023447583317648
chapter7_h_zero_crossing,secondary_phi_reference,118,degree-matched directed random graph,12,48,0.007588890240439481,0.00133563612591665,0.6017590529175834,0.5038264078107062
chapter7_h_zero_crossing,secondary_phi_reference,119,degree-matched directed random graph,12,48,0.007243479527325613,0.0011734915972409468,0.5951461583883451,0.5020870122347041
chapter7_dphi_sign_switch,contrast_switch,0,degree-matched directed random graph,12,48,0.0013732882796655113,0.001014648239345553,0.5093341126175726,0.484098866954246
chapter7_dphi_sign_switch,contrast_switch,1,degree-matched directed random graph,12,48,0.0014751091777608243,0.000771025667683567,0.5097773742163675,0.4847719704437023
chapter7_dphi_sign_switch,contrast_switch,2,degree-matched directed random graph,12,48,0.0005802414760397208,0.0005930842937069,0.5106182559479473,0.4837225899591747
chapter7_dphi_sign_switch,contrast_switch,3,degree-matched directed random graph,12,48,0.000762011004107338,0.0008558322420104145,0.5096154788478579,0.48230418202201414
chapter7_dphi_sign_switch,contrast_switch,4,degree-matched directed random graph,12,48,0.001218296640179012,0.0009069610805363188,0.5100987339096271,0.48478665586526
chapter7_dphi_sign_switch,contrast_switch,5,degree-matched directed random graph,12,48,0.0010196438682600392,0.0007447578080635893,0.5098589003809917,0.4850593192979387
chapter7_dphi_sign_switch,contrast_switch,6,degree-matched directed random graph,12,48,0.001577771869117667,0.0008465920669519081,0.508814373970978,0.4843259597940872
chapter7_dphi_sign_switch,contrast_switch,7,degree-matched directed random graph,12,48,0.0004928739621462943,0.0006177758571131622,0.5102449338609377,0.4835630730149028
chapter7_dphi_sign_switch,contrast_switch,8,degree-matched directed random graph,12,48,0.0011787277824933755,0.000858326514660837,0.5102835435749363,0.48419973541209316
chapter7_dphi_sign_switch,contrast_switch,9,degree-matched directed random graph,12,48,0.0011792892918875769,0.0008152758507570072,0.5096888603247982,0.4824661948343846
chapter7_dphi_sign_switch,contrast_switch,10,degree-matched directed random graph,12,48,0.0014773570636724051,0.0006668975789013571,0.5094062145678072,0.4829971910521072
chapter7_dphi_sign_switch,contrast_switch,11,degree-matched directed random graph,12,48,0.0012849730311840406,0.0007812114016499845,0.5100352563181599,0.4843622235540033
chapter7_dphi_sign_switch,contrast_switch,12,degree-matched directed random graph,12,48,0.000776395096413946,0.0007283385944115096,0.5098862904138517,0.48423910010351184
chapter7_dphi_sign_switch,contrast_switch,13,degree-matched directed random graph,12,48,0.000949049328470854,0.0005970823298888068,0.5098806175114544,0.48352158808989126
chapter7_dphi_sign_switch,contrast_switch,14,degree-matched directed random graph,12,48,0.0013100159220554234,0.0007160088047644049,0.5098692758533895,0.4834996953934707
chapter7_dphi_sign_switch,contrast_switch,15,degree-matched directed random graph,12,48,0.0007165637360381502,0.0007189148222238045,0.5095293813984852,0.4826226239888701
chapter7_dphi_sign_switch,contrast_switch,16,degree-matched directed random graph,12,48,0.0016079574355057553,0.0007114076724418102,0.5084105173538004,0.4835769359775394
chapter7_dphi_sign_switch,contrast_switch,17,degree-matched directed random graph,12,48,0.0006773586992412986,0.000574732644350882,0.511002245088589,0.4856671726058564
chapter7_dphi_sign_switch,contrast_switch,18,degree-matched directed random graph,12,48,0.0011550712452366868,0.0006657671403161511,0.5101279892346264,0.48414192890680224
chapter7_dphi_sign_switch,contrast_switch,19,degree-matched directed random graph,12,48,0.0010319865628768488,0.0007112900206474683,0.5100526833910165,0.4819154672394626
chapter7_dphi_sign_switch,contrast_switch,20,degree-matched directed random graph,12,48,0.0010135594181162554,0.0007460750211437052,0.5099247974310503,0.4834643658174218
chapter7_dphi_sign_switch,contrast_switch,21,degree-matched directed random graph,12,48,0.0008629999507403284,0.0007107219425114503,0.510088322637447,0.48256372172061224
chapter7_dphi_sign_switch,contrast_switch,22,degree-matched directed random graph,12,48,0.0011737287982396393,0.0008286659757591138,0.5093042954199419,0.4847885537781634
chapter7_dphi_sign_switch,contrast_switch,23,degree-matched directed random graph,12,48,0.0012520201736087144,0.000605255340215803,0.5097382888339265,0.4832615667096309
chapter7_dphi_sign_switch,contrast_switch,24,degree-matched directed random graph,12,48,0.0006014458995451424,0.0007738167606919029,0.5102563456626092,0.48336518751700225
chapter7_dphi_sign_switch,contrast_switch,25,degree-matched directed random graph,12,48,0.0009521373302111651,0.000628011592010305,0.5097367896140124,0.48288257337110535
chapter7_dphi_sign_switch,contrast_switch,26,degree-matched directed random graph,12,48,0.0015367711011464483,0.0008039121032316117,0.5094130463247564,0.4834191909858596
chapter7_dphi_sign_switch,contrast_switch,27,degree-matched directed random graph,12,48,0.0012489475516459516,0.0007069448164115545,0.5100145198343834,0.4825275646975189
chapter7_dphi_sign_switch,contrast_switch,28,degree-matched directed random graph,12,48,0.001199664412026238,0.0006229601154751775,0.5100624230621379,0.4837033148360456
chapter7_dphi_sign_switch,contrast_switch,29,degree-matched directed random graph,12,48,0.0017199532809606026,0.0007326037087209351,0.508760190136119,0.4841962334769395
chapter7_dphi_sign_switch,contrast_switch,30,degree-matched directed random graph,12,48,0.0011296041133019923,0.0007139254577316256,0.5105046711888845,0.48465370110132555
chapter7_dphi_sign_switch,contrast_switch,31,degree-matched directed random graph,12,48,0.0017095561091813266,0.0005946629818842507,0.5100679700946255,0.48389710382679696
chapter7_dphi_sign_switch,contrast_switch,32,degree-matched directed random graph,12,48,0.0007839957131724287,0.0006771707837312912,0.5090977440982212,0.4833086047122404
chapter7_dphi_sign_switch,contrast_switch,33,degree-matched directed random graph,12,48,0.001070273013615129,0.0007755371902525136,0.5098873438582205,0.48488614866603685
chapter7_dphi_sign_switch,contrast_switch,34,degree-matched directed random graph,12,48,0.001055591740146837,0.0008337807680483524,0.5104023627228005,0.48420719728836786
chapter7_dphi_sign_switch,contrast_switch,35,degree-matched directed random graph,12,48,0.001466906511468128,0.0006768846074048116,0.5093642052769353,0.48340260991995015
chapter7_dphi_sign_switch,contrast_switch,36,degree-matched directed random graph,12,48,0.0011795426334243032,0.0005058559786427592,0.5098524438228155,0.48366801668991977
chapter7_dphi_sign_switch,contrast_switch,37,degree-matched directed random graph,12,48,0.0010676607917002956,0.0008553413462562532,0.5100559172820148,0.483956776135258
chapter7_dphi_sign_switch,contrast_switch,38,degree-matched directed random graph,12,48,0.0016258499716396146,0.000932344785515799,0.5095260113266136,0.4827934137505362
chapter7_dphi_sign_switch,contrast_switch,39,degree-matched directed random graph,12,48,0.0012673190691880152,0.0006769993465243125,0.5091249311251437,0.48349636061242957
chapter7_dphi_sign_switch,contrast_switch,40,degree-matched directed random graph,12,48,0.0008573047299502729,0.0005823068062585833,0.5100062165554262,0.48314835283039637
chapter7_dphi_sign_switch,contrast_switch,41,degree-matched directed random graph,12,48,0.001036650005913772,0.000926394604270951,0.5098410203981699,0.4840277397142911
chapter7_dphi_sign_switch,contrast_switch,42,degree-matched directed random graph,12,48,0.0004929305708362884,0.0006552873374382536,0.5104724953975306,0.4832816386499756
chapter7_dphi_sign_switch,contrast_switch,43,degree-matched directed random graph,12,48,0.0012420495180477844,0.0007858070367834961,0.5100947177252222,0.4844803132625484
chapter7_dphi_sign_switch,contrast_switch,44,degree-matched directed random graph,12,48,0.001515928723536446,0.0007126897532306778,0.509329762568736,0.48224917938785766
chapter7_dphi_sign_switch,contrast_switch,45,degree-matched directed random graph,12,48,0.0011053720404243241,0.0007028377442798411,0.5102683353196823,0.4841597666118562
chapter7_dphi_sign_switch,contrast_switch,46,degree-matched directed random graph,12,48,0.0013171943114170597,0.0007652615844184941,0.5091455016861444,0.483972986949316
chapter7_dphi_sign_switch,contrast_switch,47,degree-matched directed random graph,12,48,0.0013116566930326406,0.000613470209339409,0.5096741617560496,0.4839003771150935
chapter7_dphi_sign_switch,contrast_switch,48,degree-matched directed random graph,12,48,0.0009836620488591983,0.0007398522739415819,0.509691821698702,0.4827968509587231
chapter7_dphi_sign_switch,contrast_switch,49,degree-matched directed random graph,12,48,0.0011591585578805976,0.0007051060863330802,0.5094288504496609,0.4843444062005453
chapter7_dphi_sign_switch,contrast_switch,50,degree-matched directed random graph,12,48,0.0007680515182399453,0.0006813372927950081,0.5099099914901581,0.4836654650443572
chapter7_dphi_sign_switch,contrast_switch,51,degree-matched directed random graph,12,48,0.0016864017901464942,0.0006278497051393985,0.5094637322844235,0.4846159243793396
chapter7_dphi_sign_switch,contrast_switch,52,degree-matched directed random graph,12,48,0.0011208403177089454,0.0005358532754756686,0.5097762956040923,0.4843643751916909
chapter7_dphi_sign_switch,contrast_switch,53,degree-matched directed random graph,12,48,0.0011638552251704414,0.0007068890970569339,0.5101322386686925,0.4843159996125472
chapter7_dphi_sign_switch,contrast_switch,54,degree-matched directed random graph,12,48,0.0007991938859876716,0.0006636011642831375,0.5102787201838197,0.4829939778517952
chapter7_dphi_sign_switch,contrast_switch,55,degree-matched directed random graph,12,48,0.0008566316454017072,0.000801934083194513,0.5104372050902704,0.48449430366622326
chapter7_dphi_sign_switch,contrast_switch,56,degree-matched directed random graph,12,48,0.0009705730225496828,0.000726251576593842,0.5108081383524535,0.48315954565937735
chapter7_dphi_sign_switch,contrast_switch,57,degree-matched directed random graph,12,48,0.0008372054145461556,0.0006139997831303446,0.5111705433031917,0.48462410408690076
chapter7_dphi_sign_switch,contrast_switch,58,degree-matched directed random graph,12,48,0.0008103191521253956,0.0007594599615144302,0.5105955325842065,0.4843403564462554
chapter7_dphi_sign_switch,contrast_switch,59,degree-matched directed random graph,12,48,0.0011804933115884748,0.0007469103723301081,0.5098785448938069,0.482911129490245
chapter7_dphi_sign_switch,contrast_switch,60,degree-matched directed random graph,12,48,0.0013242020958608438,0.0006978979345505458,0.5093053120698922,0.48383841247128845
chapter7_dphi_sign_switch,contrast_switch,61,degree-matched directed random graph,12,48,0.0014417822255115072,0.0007657816278940241,0.5089011195056515,0.4840685119461585
chapter7_dphi_sign_switch,contrast_switch,62,degree-matched directed random graph,12,48,0.0008770351460155918,0.0007543272871498339,0.5098870694279849,0.4840023657803958
chapter7_dphi_sign_switch,contrast_switch,63,degree-matched directed random graph,12,48,0.0006588382636778795,0.0009002888274812467,0.5105470439920768,0.48406163696628046
chapter7_dphi_sign_switch,contrast_switch,64,degree-matched directed random graph,12,48,0.001013695926424191,0.000729024624084295,0.5099473350864571,0.48229148566954216
chapter7_dphi_sign_switch,contrast_switch,65,degree-matched directed random graph,12,48,0.0008542721366320027,0.0007862700902810433,0.5105210763209442,0.48486218197915426
chapter7_dphi_sign_switch,contrast_switch,66,degree-matched directed random graph,12,48,0.0013976872055893657,0.0008363102938708646,0.5096498813979143,0.4815658711558093
chapter7_dphi_sign_switch,contrast_switch,67,degree-matched directed random graph,12,48,0.0011025300338030803,0.000779944182371826,0.5105598193753916,0.48392808258087155
chapter7_dphi_sign_switch,contrast_switch,68,degree-matched directed random graph,12,48,0.000913303613513165,0.0009179352537784539,0.510682299058817,0.48524508440496433
chapter7_dphi_sign_switch,contrast_switch,69,degree-matched directed random graph,12,48,0.0007222019092583819,0.0007048617304957831,0.5098909410370808,0.4825896282939329
chapter7_dphi_sign_switch,contrast_switch,70,degree-matched directed random graph,12,48,0.0007877565067091073,0.0007071095101489291,0.510226146943856,0.4840193202797721
chapter7_dphi_sign_switch,contrast_switch,71,degree-matched directed random graph,12,48,0.0014033989048219309,0.000717517470765442,0.5098447358854759,0.48430980650927424
chapter7_dphi_sign_switch,contrast_switch,72,degree-matched directed random graph,12,48,0.001071714317218444,0.00091652525123787,0.5093769915668445,0.4835610055138102
chapter7_dphi_sign_switch,contrast_switch,73,degree-matched directed random graph,12,48,0.0011209798465213387,0.0008548828646932822,0.5097421425396933,0.48261434787523894
chapter7_dphi_sign_switch,contrast_switch,74,degree-matched directed random graph,12,48,0.0009545691739925176,0.000670971249932046,0.5100338280670063,0.48344279751881236
chapter7_dphi_sign_switch,contrast_switch,75,degree-matched directed random graph,12,48,0.0011088064577025015,0.0010384591388195629,0.5109616544835814,0.4835486870296913
chapter7_dphi_sign_switch,contrast_switch,76,degree-matched directed random graph,12,48,0.000885307681747608,0.0008508539869144354,0.5099141055023234,0.4834053336107692
chapter7_dphi_sign_switch,contrast_switch,77,degree-matched directed random graph,12,48,0.0007996758164159802,0.0008102839199642264,0.5106708287406305,0.48374378403296975
chapter7_dphi_sign_switch,contrast_switch,78,degree-matched directed random graph,12,48,0.0009032574732139055,0.0008749825385167871,0.5093253049434289,0.48387523617532074
chapter7_dphi_sign_switch,contrast_switch,79,degree-matched directed random graph,12,48,0.0009059938847940982,0.0006051924203075888,0.5099231977726446,0.4842865471852712
chapter7_dphi_sign_switch,contrast_switch,80,degree-matched directed random graph,12,48,0.0006532447254315143,0.0006133402746181378,0.5102828978430619,0.4837807163400569
chapter7_dphi_sign_switch,contrast_switch,81,degree-matched directed random graph,12,48,0.0012236985902567298,0.0007982988516864004,0.5098139188318471,0.48390788430896087
chapter7_dphi_sign_switch,contrast_switch,82,degree-matched directed random graph,12,48,0.0017945817576404278,0.0006359214068597263,0.5088652775317544,0.48412228333352936
chapter7_dphi_sign_switch,contrast_switch,83,degree-matched directed random graph,12,48,0.00137712155975567,0.0006157538618420623,0.5099169302283701,0.48441688585958675
chapter7_dphi_sign_switch,contrast_switch,84,degree-matched directed random graph,12,48,0.0010379686045557225,0.0008390484776827522,0.5103133978172465,0.4832623635786332
chapter7_dphi_sign_switch,contrast_switch,85,degree-matched directed random graph,12,48,0.000864449438943071,0.0007780944609848057,0.5101452339768883,0.4833574190197216
chapter7_dphi_sign_switch,contrast_switch,86,degree-matched directed random graph,12,48,0.0008818678871648263,0.00070427012291057,0.5099605163283631,0.48542165821436434
chapter7_dphi_sign_switch,contrast_switch,87,degree-matched directed random graph,12,48,0.0015717509457243112,0.0007997874905857174,0.5093261365052936,0.4844488143985798
chapter7_dphi_sign_switch,contrast_switch,88,degree-matched directed random graph,12,48,0.000893505195432421,0.0008749078598437313,0.5103867467737873,0.4836029177421288
chapter7_dphi_sign_switch,contrast_switch,89,degree-matched directed random graph,12,48,0.0010936568837027919,0.000608430929799143,0.5093700034233861,0.48332265297469507
chapter7_dphi_sign_switch,contrast_switch,90,degree-matched directed random graph,12,48,0.00036955880738908894,0.0006857779577048581,0.5101909461812615,0.48397017966541883
chapter7_dphi_sign_switch,contrast_switch,91,degree-matched directed random graph,12,48,0.0009216908451596138,0.0007477512662208149,0.5097078697408866,0.48295907438798813
chapter7_dphi_sign_switch,contrast_switch,92,degree-matched directed random graph,12,48,0.0008209488677228086,0.0006753329525705891,0.509841305229444,0.4824668921257617
chapter7_dphi_sign_switch,contrast_switch,93,degree-matched directed random graph,12,48,0.0009264654532192765,0.0006706127304718217,0.5100664810942294,0.4842790881849979
chapter7_dphi_sign_switch,contrast_switch,94,degree-matched directed random graph,12,48,0.0009576212184008817,0.000758157557762906,0.509638364871504,0.4834174093721289
chapter7_dphi_sign_switch,contrast_switch,95,degree-matched directed random graph,12,48,0.001354816551971435,0.0009684915428393951,0.5094731510119124,0.484185428850933
chapter7_dphi_sign_switch,contrast_switch,96,degree-matched directed random graph,12,48,0.0008343788704254114,0.0007518722003656167,0.5104567453859178,0.4844408478241766
chapter7_dphi_sign_switch,contrast_switch,97,degree-matched directed random graph,12,48,0.00108750569586689,0.0006338209180304164,0.5097971460049989,0.4839639704386331
chapter7_dphi_sign_switch,contrast_switch,98,degree-matched directed random graph,12,48,0.0012429222460835054,0.0005379471057105219,0.5093987138846281,0.482847238894402
chapter7_dphi_sign_switch,contrast_switch,99,degree-matched directed random graph,12,48,0.0008887385866394529,0.0008489089383634788,0.5103250899585201,0.4833214920933053
chapter7_dphi_sign_switch,contrast_switch,100,degree-matched directed random graph,12,48,0.0007552353112183902,0.0006289174521472397,0.5104764518634773,0.48386541242346687
chapter7_dphi_sign_switch,contrast_switch,101,degree-matched directed random graph,12,48,0.00121157442785361,0.0008134481925381874,0.5099089252027059,0.4841414117764855
chapter7_dphi_sign_switch,contrast_switch,102,degree-matched directed random graph,12,48,0.0010952345494433357,0.0006939984720728075,0.5103900186285742,0.4835876349517483
chapter7_dphi_sign_switch,contrast_switch,103,degree-matched directed random graph,12,48,0.0007044113175940532,0.0007480023823708651,0.5098239457534681,0.4850274064486941
chapter7_dphi_sign_switch,contrast_switch,104,degree-matched directed random graph,12,48,0.0009959572375573902,0.0007964152392402369,0.5102614303543147,0.4836331415662843
chapter7_dphi_sign_switch,contrast_switch,105,degree-matched directed random graph,12,48,0.0010071762951845012,0.0008900129168638688,0.5105680207864313,0.482092870254212
chapter7_dphi_sign_switch,contrast_switch,106,degree-matched directed random graph,12,48,0.0009705848446319228,0.0007092952722007239,0.5099854369018871,0.4828807527164718
chapter7_dphi_sign_switch,contrast_switch,107,degree-matched directed random graph,12,48,0.0007018479676964253,0.000615661197129236,0.5102893599661075,0.48450864271745436
chapter7_dphi_sign_switch,contrast_switch,108,degree-matched directed random graph,12,48,0.001243803015754536,0.000754592397991152,0.5097649179749937,0.48325510174840114
chapter7_dphi_sign_switch,contrast_switch,109,degree-matched directed random graph,12,48,0.0009213346201006503,0.0006694758432653464,0.5095537390527624,0.48293480393526855
chapter7_dphi_sign_switch,contrast_switch,110,degree-matched directed random graph,12,48,0.0009125606790408053,0.0006907126279306631,0.5100090638837529,0.48114622752703284
chapter7_dphi_sign_switch,contrast_switch,111,degree-matched directed random graph,12,48,0.0009246337328943684,0.0007221284295523271,0.5097910416440681,0.48309656807341683
chapter7_dphi_sign_switch,contrast_switch,112,degree-matched directed random graph,12,48,0.0005032810716058525,0.0005465279785054692,0.5106772535430231,0.48370537621839554
chapter7_dphi_sign_switch,contrast_switch,113,degree-matched directed random graph,12,48,0.0017797585605197463,0.0006275915186923465,0.5088853748472637,0.4837738505038713
chapter7_dphi_sign_switch,contrast_switch,114,degree-matched directed random graph,12,48,0.0016379455453847196,0.0005901463400785058,0.5097796258422594,0.4850904527251383
chapter7_dphi_sign_switch,contrast_switch,115,degree-matched directed random graph,12,48,0.001000620381991546,0.0006399703476686191,0.5094835194310811,0.4827785545177929
chapter7_dphi_sign_switch,contrast_switch,116,degree-matched directed random graph,12,48,0.0011649232749937673,0.000641868779954895,0.5097929682141629,0.48418839954254955
chapter7_dphi_sign_switch,contrast_switch,117,degree-matched directed random graph,12,48,0.000558938839806756,0.0009108818055962996,0.5108519853152884,0.48351148034235875
chapter7_dphi_sign_switch,contrast_switch,118,degree-matched directed random graph,12,48,0.001711678468116558,0.0006637495629050399,0.5091703225510552,0.48327846243603817
chapter7_dphi_sign_switch,contrast_switch,119,degree-matched directed random graph,12,48,0.0011977008505838086,0.0008416182918085323,0.5095817881714896,0.4827829617130616
chapter7_d2phi_curvature_switch,contrast_switch,0,degree-matched directed random graph,12,48,0.0007442396470560985,0.000625010334846099,0.5065486276395207,0.48617002717027374
chapter7_d2phi_curvature_switch,contrast_switch,1,degree-matched directed random graph,12,48,0.0007484373605366448,0.0006147245346434272,0.5059416225098478,0.48766659779729027
chapter7_d2phi_curvature_switch,contrast_switch,2,degree-matched directed random graph,12,48,0.0003936160852113836,0.0006843682067287668,0.5061160284699996,0.4882072561284165
chapter7_d2phi_curvature_switch,contrast_switch,3,degree-matched directed random graph,12,48,0.00034417219949457023,0.0007301539122924792,0.5066007216590822,0.4877644946760293
chapter7_d2phi_curvature_switch,contrast_switch,4,degree-matched directed random graph,12,48,0.0004269135785927888,0.0007759500832748214,0.5057814228686477,0.4895946877702134
chapter7_d2phi_curvature_switch,contrast_switch,5,degree-matched directed random graph,12,48,0.0005824384922811067,0.0007542907849784162,0.5062655634934401,0.48822633563887996
chapter7_d2phi_curvature_switch,contrast_switch,6,degree-matched directed random graph,12,48,0.00015750917834198431,0.0006131631428563348,0.5060477894319271,0.4879330556165663
chapter7_d2phi_curvature_switch,contrast_switch,7,degree-matched directed random graph,12,48,0.0002931565972155218,0.0007785828240567226,0.5061389172031292,0.48560547155278433
chapter7_d2phi_curvature_switch,contrast_switch,8,degree-matched directed random graph,12,48,2.406838147199894e-05,0.001079175204705425,0.5051565545284555,0.49030803661099603
chapter7_d2phi_curvature_switch,contrast_switch,9,degree-matched directed random graph,12,48,0.0003876359168856044,0.0006432307463383187,0.5064729090994521,0.48608636045116826
chapter7_d2phi_curvature_switch,contrast_switch,10,degree-matched directed random graph,12,48,0.0006526724783642614,0.0006496329838757131,0.5066914899986019,0.4893628108385244
chapter7_d2phi_curvature_switch,contrast_switch,11,degree-matched directed random graph,12,48,0.0005618491968973741,0.0007452048495297443,0.5064973861560386,0.4878535456536786
chapter7_d2phi_curvature_switch,contrast_switch,12,degree-matched directed random graph,12,48,0.0003370856365987133,0.0007598469866637939,0.506346963388066,0.487295666039339
chapter7_d2phi_curvature_switch,contrast_switch,13,degree-matched directed random graph,12,48,0.0006371153330303144,0.0008314834761909116,0.5067529514363225,0.48679026156228405
chapter7_d2phi_curvature_switch,contrast_switch,14,degree-matched directed random graph,12,48,0.00020728191036039915,0.0006587931201477683,0.5057784968410581,0.489820382949135
chapter7_d2phi_curvature_switch,contrast_switch,15,degree-matched directed random graph,12,48,0.0002051747356716472,0.0005653936374015287,0.5053990352529351,0.4880968736347132
chapter7_d2phi_curvature_switch,contrast_switch,16,degree-matched directed random graph,12,48,0.00019741922039108657,0.0006523968400288313,0.5058805177927573,0.48992884603468967
chapter7_d2phi_curvature_switch,contrast_switch,17,degree-matched directed random graph,12,48,0.00021327729017386302,0.0006200590373879418,0.5059665761134055,0.48756683798960637
chapter7_d2phi_curvature_switch,contrast_switch,18,degree-matched directed random graph,12,48,0.0005657552827582352,0.0005431723780086754,0.5059776709028931,0.4864555876715096
chapter7_d2phi_curvature_switch,contrast_switch,19,degree-matched directed random graph,12,48,0.00048358186211916703,0.0007906524852509471,0.506001634053506,0.4878712456233554
chapter7_d2phi_curvature_switch,contrast_switch,20,degree-matched directed random graph,12,48,0.0008042651696089534,0.0006045140269142413,0.507238872228699,0.4879517013173973
chapter7_d2phi_curvature_switch,contrast_switch,21,degree-matched directed random graph,12,48,0.00043424431187810903,0.0004990956178326975,0.5063494347141422,0.4871394883220693
chapter7_d2phi_curvature_switch,contrast_switch,22,degree-matched directed random graph,12,48,0.0006869687824305283,0.0006082718534403313,0.5060818226713373,0.4903324175744003
chapter7_d2phi_curvature_switch,contrast_switch,23,degree-matched directed random graph,12,48,0.0004515745023146051,0.0006645910840609097,0.5060725158091763,0.4886753391924139
chapter7_d2phi_curvature_switch,contrast_switch,24,degree-matched directed random graph,12,48,0.00048631007003429433,0.0005297064015152432,0.5055005093703526,0.48795595614559223
chapter7_d2phi_curvature_switch,contrast_switch,25,degree-matched directed random graph,12,48,0.0005926327822734286,0.000786585542102742,0.5060164159450741,0.48850225382796064
chapter7_d2phi_curvature_switch,contrast_switch,26,degree-matched directed random graph,12,48,0.0004438164155654242,0.0006934683154215884,0.5064410513510776,0.49127655532996894
chapter7_d2phi_curvature_switch,contrast_switch,27,degree-matched directed random graph,12,48,0.0003298708108844548,0.0006594311356536062,0.5062288617663324,0.49087478969449166
chapter7_d2phi_curvature_switch,contrast_switch,28,degree-matched directed random graph,12,48,0.0006017995542525649,0.0005677289141608431,0.5068383638700034,0.4875292918418521
chapter7_d2phi_curvature_switch,contrast_switch,29,degree-matched directed random graph,12,48,0.0006044098198514755,0.0008114445558098479,0.5062648712021948,0.48564085110090266
chapter7_d2phi_curvature_switch,contrast_switch,30,degree-matched directed random graph,12,48,0.0008635673858913319,0.0006934121811113548,0.5070870072943799,0.48943603908821376
chapter7_d2phi_curvature_switch,contrast_switch,31,degree-matched directed random graph,12,48,0.0005049432268399913,0.0006669260930220259,0.5067507851442778,0.48995397947226815
chapter7_d2phi_curvature_switch,contrast_switch,32,degree-matched directed random graph,12,48,0.00023956573351225998,0.000834075447741979,0.5068014951974462,0.48766290184817757
chapter7_d2phi_curvature_switch,contrast_switch,33,degree-matched directed random graph,12,48,0.0003372895986544983,0.0007767843728616071,0.5057961387706279,0.4883673890923601
chapter7_d2phi_curvature_switch,contrast_switch,34,degree-matched directed random graph,12,48,0.0006078599127650827,0.0005382262429506152,0.5065631140036586,0.4905107880396747
chapter7_d2phi_curvature_switch,contrast_switch,35,degree-matched directed random graph,12,48,0.0008840098885608987,0.0007328473866513094,0.5068909464753291,0.48761019709835884
chapter7_d2phi_curvature_switch,contrast_switch,36,degree-matched directed random graph,12,48,0.0006081540717113278,0.0008141149519977838,0.5075741608963181,0.48810541954667225
chapter7_d2phi_curvature_switch,contrast_switch,37,degree-matched directed random graph,12,48,-6.647729972959915e-05,0.0006996648312104093,0.5059253558644788,0.48707911173064483
chapter7_d2phi_curvature_switch,contrast_switch,38,degree-matched directed random graph,12,48,0.00039971607289128827,0.0008078448129128122,0.5060396338905647,0.4874407644156259
chapter7_d2phi_curvature_switch,contrast_switch,39,degree-matched directed random graph,12,48,0.00028865349648232795,0.0007565247991652581,0.5061170328647292,0.4882984441787424
chapter7_d2phi_curvature_switch,contrast_switch,40,degree-matched directed random graph,12,48,0.00041367082355379,0.0006710711591655826,0.506165200687482,0.4873129828283183
chapter7_d2phi_curvature_switch,contrast_switch,41,degree-matched directed random graph,12,48,0.00017176395911608767,0.0006380194328588611,0.5056611198931575,0.490087424954968
chapter7_d2phi_curvature_switch,contrast_switch,42,degree-matched directed random graph,12,48,0.000375106664671095,0.0006831361223014851,0.5067038494664239,0.48808744775701285
chapter7_d2phi_curvature_switch,contrast_switch,43,degree-matched directed random graph,12,48,0.0001431335133305629,0.0006525386242994505,0.5055451729937753,0.48986744604557253
chapter7_d2phi_curvature_switch,contrast_switch,44,degree-matched directed random graph,12,48,0.0006137837344992794,0.0007200350388526538,0.5063891216844667,0.4898828172109412
chapter7_d2phi_curvature_switch,contrast_switch,45,degree-matched directed random graph,12,48,0.00048172681557982625,0.0009544698465770572,0.5068708318977645,0.48641097909278597
chapter7_d2phi_curvature_switch,contrast_switch,46,degree-matched directed random graph,12,48,0.0006523644228229566,0.0006256833040327499,0.5065540537023598,0.48602811072202745
chapter7_d2phi_curvature_switch,contrast_switch,47,degree-matched directed random graph,12,48,0.00022953511542016472,0.0006778764382757434,0.5055916268322183,0.4885166056023272
chapter7_d2phi_curvature_switch,contrast_switch,48,degree-matched directed random graph,12,48,0.0004432470607296203,0.0007890765041477967,0.5061829196505482,0.4886449233463801
chapter7_d2phi_curvature_switch,contrast_switch,49,degree-matched directed random graph,12,48,0.0005150358288982268,0.0007228830390403304,0.5068141584733885,0.4899201620255387
chapter7_d2phi_curvature_switch,contrast_switch,50,degree-matched directed random graph,12,48,0.00018574713680322226,0.0005836186060864039,0.5065530278270165,0.48742802688852604
chapter7_d2phi_curvature_switch,contrast_switch,51,degree-matched directed random graph,12,48,0.0005100132277368564,0.0008204195818492943,0.5060786522063015,0.48786879635360075
chapter7_d2phi_curvature_switch,contrast_switch,52,degree-matched directed random graph,12,48,0.00012332329661481566,0.0007975771017803083,0.506187021988483,0.48811448478249486
chapter7_d2phi_curvature_switch,contrast_switch,53,degree-matched directed random graph,12,48,0.0002753458100281637,0.0008875314845839885,0.5062541915320331,0.48744296293387174
chapter7_d2phi_curvature_switch,contrast_switch,54,degree-matched directed random graph,12,48,0.0002467826776676693,0.0007674356469964183,0.5060802360252252,0.4875895223055614
chapter7_d2phi_curvature_switch,contrast_switch,55,degree-matched directed random graph,12,48,0.00010689358131091261,0.0007780330764999377,0.5065117272993106,0.48819772174447984
chapter7_d2phi_curvature_switch,contrast_switch,56,degree-matched directed random graph,12,48,0.0006338898734058458,0.0008076964081855498,0.5067161962182384,0.4883950934921376
chapter7_d2phi_curvature_switch,contrast_switch,57,degree-matched directed random graph,12,48,0.0007784798533155303,0.0007818630363446381,0.5064871525258644,0.48709764374054126
chapter7_d2phi_curvature_switch,contrast_switch,58,degree-matched directed random graph,12,48,0.0008102566180387176,0.0007095523135383383,0.5064320990621018,0.48828431786778176
chapter7_d2phi_curvature_switch,contrast_switch,59,degree-matched directed random graph,12,48,0.0005354293580277351,0.0005714320052800753,0.50650998031206,0.48743042966954037
chapter7_d2phi_curvature_switch,contrast_switch,60,degree-matched directed random graph,12,48,0.0005568876264865726,0.0006964250697450556,0.5063213622096082,0.48801671587353096
chapter7_d2phi_curvature_switch,contrast_switch,61,degree-matched directed random graph,12,48,0.0005957543882645776,0.0005618422228310763,0.5063457511771124,0.48537232129545793
chapter7_d2phi_curvature_switch,contrast_switch,62,degree-matched directed random graph,12,48,0.0003794826703200718,0.0005193481700048571,0.5060625248197604,0.4882417598920872
chapter7_d2phi_curvature_switch,contrast_switch,63,degree-matched directed random graph,12,48,0.0003118760492356111,0.0009091102563664617,0.5066676675491156,0.4902525253566975
chapter7_d2phi_curvature_switch,contrast_switch,64,degree-matched directed random graph,12,48,0.0005503949356460771,0.00048646657495247367,0.506285305466308,0.48996630753915
chapter7_d2phi_curvature_switch,contrast_switch,65,degree-matched directed random graph,12,48,8.062786928375441e-05,0.0005932932960641174,0.5060792277089388,0.49046744207573817
chapter7_d2phi_curvature_switch,contrast_switch,66,degree-matched directed random graph,12,48,0.0005425552171261795,0.0007873880406519413,0.5058223033755368,0.4871655376144562
chapter7_d2phi_curvature_switch,contrast_switch,67,degree-matched directed random graph,12,48,0.0007126164934695972,0.0006811742426233401,0.506349499007467,0.4896601533355397
chapter7_d2phi_curvature_switch,contrast_switch,68,degree-matched directed random graph,12,48,0.0007138395626174674,0.000642463057223099,0.5070821614504785,0.48779789159863624
chapter7_d2phi_curvature_switch,contrast_switch,69,degree-matched directed random graph,12,48,0.00036846285229373457,0.0006092424493644059,0.5065935202298203,0.48853683933862224
chapter7_d2phi_curvature_switch,contrast_switch,70,degree-matched directed random graph,12,48,0.0006287771737851565,0.0007712676566029158,0.50643216990644,0.48708026605551047
chapter7_d2phi_curvature_switch,contrast_switch,71,degree-matched directed random graph,12,48,0.0003872219220618855,0.0006504316124415274,0.5049679905026623,0.48787560648198697
chapter7_d2phi_curvature_switch,contrast_switch,72,degree-matched directed random graph,12,48,0.0003819983010815256,0.0007925055002887335,0.5058789580231458,0.4855298893943359
chapter7_d2phi_curvature_switch,contrast_switch,73,degree-matched directed random graph,12,48,0.00033071326282799906,0.000743003992958772,0.5064191143133631,0.48824908952987306
chapter7_d2phi_curvature_switch,contrast_switch,74,degree-matched directed random graph,12,48,5.418164536568777e-05,0.0006667247453949875,0.5062174719071965,0.4880435245427006
chapter7_d2phi_curvature_switch,contrast_switch,75,degree-matched directed random graph,12,48,0.0001431567326602451,0.000766644291069276,0.5055493296676219,0.48904580029121525
chapter7_d2phi_curvature_switch,contrast_switch,76,degree-matched directed random graph,12,48,0.0003497971833859033,0.0007818603853767973,0.5055574210987908,0.48719713181083274
chapter7_d2phi_curvature_switch,contrast_switch,77,degree-matched directed random graph,12,48,0.00029230190549307887,0.0006949351900117319,0.5056514052891485,0.48995808819271813
chapter7_d2phi_curvature_switch,contrast_switch,78,degree-matched directed random graph,12,48,-2.4658619610253876e-05,0.0007742425606790673,0.5052901734473197,0.4900870632514758
chapter7_d2phi_curvature_switch,contrast_switch,79,degree-matched directed random graph,12,48,0.0002779126547103638,0.0005649033500206044,0.5061772737731164,0.4892182367327458
chapter7_d2phi_curvature_switch,contrast_switch,80,degree-matched directed random graph,12,48,0.0006719082788426578,0.0006446187449952726,0.5062584431935313,0.4874602413747631
chapter7_d2phi_curvature_switch,contrast_switch,81,degree-matched directed random graph,12,48,0.0005767218074510567,0.0006127513886776239,0.5071375897387604,0.48667868431783423
chapter7_d2phi_curvature_switch,contrast_switch,82,degree-matched directed random graph,12,48,0.00011613823644080004,0.0006099219048523977,0.5057086985132496,0.48756966126513773
chapter7_d2phi_curvature_switch,contrast_switch,83,degree-matched directed random graph,12,48,0.0006001648266381356,0.0006445706418201901,0.5065439064826375,0.4888548451765397
chapter7_d2phi_curvature_switch,contrast_switch,84,degree-matched directed random graph,12,48,0.001052467078011248,0.0006040593622546393,0.5072756606211624,0.48915332676995765
chapter7_d2phi_curvature_switch,contrast_switch,85,degree-matched directed random graph,12,48,0.000648452594512996,0.0006344335354452323,0.5066159068379629,0.4879404388662392
chapter7_d2phi_curvature_switch,contrast_switch,86,degree-matched directed random graph,12,48,0.00043214153878724115,0.000593534490563435,0.5064220858796407,0.488498131783177
chapter7_d2phi_curvature_switch,contrast_switch,87,degree-matched directed random graph,12,48,0.0004608203461763821,0.0006114326897614155,0.5060577893364374,0.4895780168242212
chapter7_d2phi_curvature_switch,contrast_switch,88,degree-matched directed random graph,12,48,0.0004298978243950389,0.0008693112876516687,0.5067026169637354,0.4893035920769748
chapter7_d2phi_curvature_switch,contrast_switch,89,degree-matched directed random graph,12,48,0.0004120780613412601,0.0007009182990718484,0.5065080653374973,0.4893833194201546
chapter7_d2phi_curvature_switch,contrast_switch,90,degree-matched directed random graph,12,48,0.000704848524963751,0.0005643275406931561,0.5066991908393993,0.48735482428632976
chapter7_d2phi_curvature_switch,contrast_switch,91,degree-matched directed random graph,12,48,0.00041398627924999707,0.0007573976411399262,0.505732580023561,0.4878369160369529
chapter7_d2phi_curvature_switch,contrast_switch,92,degree-matched directed random graph,12,48,0.00021138044121316707,0.0008063082869300591,0.5061965519425667,0.4904420208842598
chapter7_d2phi_curvature_switch,contrast_switch,93,degree-matched directed random graph,12,48,2.510148563969937e-05,0.0007834934115131158,0.5061633018228242,0.4891273154329093
chapter7_d2phi_curvature_switch,contrast_switch,94,degree-matched directed random graph,12,48,0.0004298052792239978,0.0006940731319372377,0.5062723418981532,0.4885273747142933
chapter7_d2phi_curvature_switch,contrast_switch,95,degree-matched directed random graph,12,48,3.0792354824655734e-05,0.0007483238393852105,0.5061837016197448,0.4885827196629923
chapter7_d2phi_curvature_switch,contrast_switch,96,degree-matched directed random graph,12,48,0.00029121504920422766,0.0005522660605444103,0.5060580288833516,0.487282960333479
chapter7_d2phi_curvature_switch,contrast_switch,97,degree-matched directed random graph,12,48,0.0005719519693476646,0.0005265165887105012,0.5061943569354537,0.48886111594174864
chapter7_d2phi_curvature_switch,contrast_switch,98,degree-matched directed random graph,12,48,0.00038702463201477225,0.0007483023438903133,0.5060413672337539,0.48799357581120456
chapter7_d2phi_curvature_switch,contrast_switch,99,degree-matched directed random graph,12,48,0.0005348012243823986,0.0005880951113567982,0.5059536240622056,0.48993234225843807
chapter7_d2phi_curvature_switch,contrast_switch,100,degree-matched directed random graph,12,48,0.0005520383446506036,0.0006417585143910477,0.5069389912553359,0.48616967465856653
chapter7_d2phi_curvature_switch,contrast_switch,101,degree-matched directed random graph,12,48,0.00046358877913944634,0.0007028222034051502,0.5063695609546477,0.4859039003774088
chapter7_d2phi_curvature_switch,contrast_switch,102,degree-matched directed random graph,12,48,0.00015260617333746803,0.0007221851540138796,0.5057928671506677,0.49058397034568896
chapter7_d2phi_curvature_switch,contrast_switch,103,degree-matched directed random graph,12,48,0.00020540327806486706,0.0006633707643058062,0.5062659431997909,0.48962941040986296
chapter7_d2phi_curvature_switch,contrast_switch,104,degree-matched directed random graph,12,48,0.0002129409936807801,0.000755615814935841,0.5061807115737326,0.4880502556542477
chapter7_d2phi_curvature_switch,contrast_switch,105,degree-matched directed random graph,12,48,0.0005189900898993868,0.0007439566058849413,0.5066922369833555,0.48658410213317543
chapter7_d2phi_curvature_switch,contrast_switch,106,degree-matched directed random graph,12,48,0.0006722613214303414,0.0006100534925552871,0.5059785023045733,0.48847057033764235
chapter7_d2phi_curvature_switch,contrast_switch,107,degree-matched directed random graph,12,48,0.000259497569497213,0.0005671822635119691,0.5061262636415531,0.4922369430608724
chapter7_d2phi_curvature_switch,contrast_switch,108,degree-matched directed random graph,12,48,0.0005928221137991099,0.0008149618601680381,0.506392975479547,0.48795910848765023
chapter7_d2phi_curvature_switch,contrast_switch,109,degree-matched directed random graph,12,48,0.0007732369989872977,0.0005024211124510026,0.5064209494830898,0.48822809944766193
chapter7_d2phi_curvature_switch,contrast_switch,110,degree-matched directed random graph,12,48,0.0006764964031840131,0.0006809964698361473,0.5061383244605171,0.49006514269588947
chapter7_d2phi_curvature_switch,contrast_switch,111,degree-matched directed random graph,12,48,0.0004368362580066605,0.0005988226099612517,0.506387655137084,0.490339824376062
chapter7_d2phi_curvature_switch,contrast_switch,112,degree-matched directed random graph,12,48,0.000343912280135828,0.000594696366945658,0.5061760326642066,0.4902333479206882
chapter7_d2phi_curvature_switch,contrast_switch,113,degree-matched directed random graph,12,48,0.00029844309636812823,0.0005467643523605402,0.5069181620846854,0.4874825379982925
chapter7_d2phi_curvature_switch,contrast_switch,114,degree-matched directed random graph,12,48,0.0008708857298860221,0.0006435886327154166,0.5068229633445841,0.4865954442158754
chapter7_d2phi_curvature_switch,contrast_switch,115,degree-matched directed random graph,12,48,0.0002737487593643271,0.0006045739786766485,0.5059619923820144,0.48801091282350434
chapter7_d2phi_curvature_switch,contrast_switch,116,degree-matched directed random graph,12,48,0.0002792650102273142,0.0006217781984956231,0.5059993021091088,0.48704498920361317
chapter7_d2phi_curvature_switch,contrast_switch,117,degree-matched directed random graph,12,48,0.00032319463222680954,0.00045351186083358386,0.5060675835964006,0.4871291578476701
chapter7_d2phi_curvature_switch,contrast_switch,118,degree-matched directed random graph,12,48,0.0002476872733669761,0.0006354037496577737,0.50633565268696,0.48837131558589575
chapter7_d2phi_curvature_switch,contrast_switch,119,degree-matched directed random graph,12,48,0.00010083320624090543,0.0007295756565909753,0.5056902948031592,0.4887809156405593
chapter7_deps_sign_switch,contrast_switch,0,degree-matched directed random graph,12,48,-0.000511139335528547,0.0005892220281485341,0.5013003947528217,0.5117291054681947
chapter7_deps_sign_switch,contrast_switch,1,degree-matched directed random graph,12,48,-0.0007296058775938987,0.0005493218292748125,0.5022619336324317,0.5123655119391778
chapter7_deps_sign_switch,contrast_switch,2,degree-matched directed random graph,12,48,-0.0006393824450793447,0.0006696568928604489,0.5014639869286821,0.5107968923808826
chapter7_deps_sign_switch,contrast_switch,3,degree-matched directed random graph,12,48,-0.0007307520464215286,0.0006949972463398637,0.5024524277648469,0.5102320108462173
chapter7_deps_sign_switch,contrast_switch,4,degree-matched directed random graph,12,48,-0.0006432236932129684,0.00082619576497437,0.5014166408259403,0.5126016645169384
chapter7_deps_sign_switch,contrast_switch,5,degree-matched directed random graph,12,48,-0.00019829114081204612,0.0005659620229829117,0.501060939111803,0.5131249029437681
chapter7_deps_sign_switch,contrast_switch,6,degree-matched directed random graph,12,48,-0.0005950906997208849,0.0008462816568544521,0.5022281398128743,0.5138483001577159
chapter7_deps_sign_switch,contrast_switch,7,degree-matched directed random graph,12,48,-0.00019477712046058683,0.0007152942339722797,0.502113392999809,0.5125464647019582
chapter7_deps_sign_switch,contrast_switch,8,degree-matched directed random graph,12,48,-0.0005231116552689334,0.0008313852024175608,0.5018652918613251,0.5111592766985382
chapter7_deps_sign_switch,contrast_switch,9,degree-matched directed random graph,12,48,-0.0004765162849422692,0.0007405233067766806,0.5019170711747455,0.509408939713818
chapter7_deps_sign_switch,contrast_switch,10,degree-matched directed random graph,12,48,-0.0003463097491805231,0.0007309342358653565,0.5014540575035454,0.5116209385007945
chapter7_deps_sign_switch,contrast_switch,11,degree-matched directed random graph,12,48,-0.0004493331983807054,0.0009248010149924333,0.5018451652833492,0.5097071688361464
chapter7_deps_sign_switch,contrast_switch,12,degree-matched directed random graph,12,48,-0.0006559778180629879,0.0006776955222851009,0.5016624233775925,0.5105738162455363
chapter7_deps_sign_switch,contrast_switch,13,degree-matched directed random graph,12,48,-0.00048171875620153586,0.0008359957598703813,0.5027630475029824,0.5106637630720656
chapter7_deps_sign_switch,contrast_switch,14,degree-matched directed random graph,12,48,-0.0004547087461126403,0.0006734704257192126,0.5020144872663225,0.5139683924889059
chapter7_deps_sign_switch,contrast_switch,15,degree-matched directed random graph,12,48,-0.0002259740302518229,0.0007713115529089205,0.5016027281863922,0.5140971758083449
chapter7_deps_sign_switch,contrast_switch,16,degree-matched directed random graph,12,48,-0.000592861135786452,0.0006671024002112224,0.5018170536063501,0.511084047921943
chapter7_deps_sign_switch,contrast_switch,17,degree-matched directed random graph,12,48,-0.0007060802082002761,0.0010125539031360562,0.5010044557677844,0.5106714902973091
chapter7_deps_sign_switch,contrast_switch,18,degree-matched directed random graph,12,48,-0.0006797696610098789,0.0005729473432470221,0.5019678309736217,0.509954055798757
chapter7_deps_sign_switch,contrast_switch,19,degree-matched directed random graph,12,48,-0.0008061667540736799,0.0007169887009857637,0.5015382521396757,0.5108605225294225
chapter7_deps_sign_switch,contrast_switch,20,degree-matched directed random graph,12,48,-0.0005226813586836832,0.0007019453294176267,0.5027095996162894,0.5119774202573805
chapter7_deps_sign_switch,contrast_switch,21,degree-matched directed random graph,12,48,-0.0008269848831624424,0.0007851071318131131,0.5016963466332214,0.5108684002707362
chapter7_deps_sign_switch,contrast_switch,22,degree-matched directed random graph,12,48,-0.0006201900322886036,0.0006638367458193104,0.5021186352167113,0.510481674472219
chapter7_deps_sign_switch,contrast_switch,23,degree-matched directed random graph,12,48,-0.0003879266826143433,0.0008559999939043801,0.5019251675323583,0.5114519385023824
chapter7_deps_sign_switch,contrast_switch,24,degree-matched directed random graph,12,48,-0.0004960316628480235,0.0008413533325501489,0.501577611727657,0.5103702375745869
chapter7_deps_sign_switch,contrast_switch,25,degree-matched directed random graph,12,48,-0.00029714639059953246,0.0007371172051692193,0.5024073644010685,0.5118205201024855
chapter7_deps_sign_switch,contrast_switch,26,degree-matched directed random graph,12,48,-0.0009799918325869613,0.0007027824360325638,0.5011818369151121,0.5096286960987403
chapter7_deps_sign_switch,contrast_switch,27,degree-matched directed random graph,12,48,-0.0003996660330534538,0.0008646241011113115,0.5021823286944856,0.5108603340140677
chapter7_deps_sign_switch,contrast_switch,28,degree-matched directed random graph,12,48,-0.0005671120672362594,0.0007945037733130895,0.5010151557010355,0.5112636538479741
chapter7_deps_sign_switch,contrast_switch,29,degree-matched directed random graph,12,48,-0.0006701483913572358,0.000439973888930879,0.5032018521063667,0.510779730087968
chapter7_deps_sign_switch,contrast_switch,30,degree-matched directed random graph,12,48,-0.000517902839372712,0.0007282031246524497,0.5023582855254355,0.5103408982561859
chapter7_deps_sign_switch,contrast_switch,31,degree-matched directed random graph,12,48,-0.00042516059528013405,0.0007412615353287322,0.5016848587899654,0.5117893048979993
chapter7_deps_sign_switch,contrast_switch,32,degree-matched directed random graph,12,48,-0.0006441655942756356,0.0009373441346041969,0.501956358656107,0.5105808429472934
chapter7_deps_sign_switch,contrast_switch,33,degree-matched directed random graph,12,48,-0.0003780800147938999,0.000592468099768762,0.5017716439892321,0.5107241226544823
chapter7_deps_sign_switch,contrast_switch,34,degree-matched directed random graph,12,48,-0.0006103932835757621,0.0008787323283485945,0.502562632742812,0.5124092399164231
chapter7_deps_sign_switch,contrast_switch,35,degree-matched directed random graph,12,48,-0.0006444279941259006,0.0007895754050458707,0.5022501402498374,0.5115083463163299
chapter7_deps_sign_switch,contrast_switch,36,degree-matched directed random graph,12,48,-0.0006174440228798378,0.0009508424089976664,0.502728199650575,0.5100764648926905
chapter7_deps_sign_switch,contrast_switch,37,degree-matched directed random graph,12,48,-0.0004988493801349273,0.0007526691302364264,0.5019250982776352,0.5105114146779097
chapter7_deps_sign_switch,contrast_switch,38,degree-matched directed random graph,12,48,-0.0006278304218049196,0.0008031168627707489,0.5024464231141014,0.5108309899986954
chapter7_deps_sign_switch,contrast_switch,39,degree-matched directed random graph,12,48,-0.0007505892541961962,0.0007738985710425788,0.5017149735749371,0.5105810847814637
chapter7_deps_sign_switch,contrast_switch,40,degree-matched directed random graph,12,48,-0.0005219975144266628,0.0008097301242488806,0.5026349398552172,0.5105716235923702
chapter7_deps_sign_switch,contrast_switch,41,degree-matched directed random graph,12,48,-0.0006191461313014565,0.0009549403716203793,0.5018867164740946,0.5104852783329245
chapter7_deps_sign_switch,contrast_switch,42,degree-matched directed random graph,12,48,-0.0008673420494670074,0.00061805797561946,0.5008719646357263,0.5110132355596684
chapter7_deps_sign_switch,contrast_switch,43,degree-matched directed random graph,12,48,-0.0004177615862155395,0.0008463102352710629,0.5019106210701184,0.5120293492649034
chapter7_deps_sign_switch,contrast_switch,44,degree-matched directed random graph,12,48,0.00010423144560844948,0.0009139249876595891,0.5016743911285206,0.5118708819858004
chapter7_deps_sign_switch,contrast_switch,45,degree-matched directed random graph,12,48,-0.0007422127925083812,0.0009298526617148385,0.5020567460040566,0.5100775416293225
chapter7_deps_sign_switch,contrast_switch,46,degree-matched directed random graph,12,48,-0.0007071462340531314,0.0007126975775575852,0.5010934085897618,0.5073774629457852
chapter7_deps_sign_switch,contrast_switch,47,degree-matched directed random graph,12,48,-0.000393744612828152,0.0009729779678034335,0.5017919571732092,0.5123122958448344
chapter7_deps_sign_switch,contrast_switch,48,degree-matched directed random graph,12,48,-0.0003335753399267515,0.0008587273391370706,0.503182364704093,0.5123769853861012
chapter7_deps_sign_switch,contrast_switch,49,degree-matched directed random graph,12,48,-0.0005667506136318429,0.0008042002936071714,0.5021358781879416,0.5111835409901649
chapter7_deps_sign_switch,contrast_switch,50,degree-matched directed random graph,12,48,-0.0007287930424508947,0.0006449557595463849,0.5010255777634133,0.5124302592317436
chapter7_deps_sign_switch,contrast_switch,51,degree-matched directed random graph,12,48,-0.0006298550034784395,0.0009091942399152314,0.5010428231938101,0.5117171833098557
chapter7_deps_sign_switch,contrast_switch,52,degree-matched directed random graph,12,48,-0.00010044573935854398,0.0009786659219122684,0.5027468516935697,0.5126761419749927
chapter7_deps_sign_switch,contrast_switch,53,degree-matched directed random graph,12,48,-0.0006063465042382257,0.0008543764190691828,0.5019584506006336,0.5101687471570543
chapter7_deps_sign_switch,contrast_switch,54,degree-matched directed random graph,12,48,-0.0006419984205455638,0.0009373184273474112,0.5017411941678244,0.5108784383600672
chapter7_deps_sign_switch,contrast_switch,55,degree-matched directed random graph,12,48,-0.0007345594437078808,0.0005686047168905033,0.5019254914716984,0.508426803170628
chapter7_deps_sign_switch,contrast_switch,56,degree-matched directed random graph,12,48,-0.001115371887894532,0.0006080064943862998,0.5005584515606337,0.5111498411891383
chapter7_deps_sign_switch,contrast_switch,57,degree-matched directed random graph,12,48,-0.0006071861633009879,0.0009639620206115504,0.5021743136743503,0.5109666565445569
chapter7_deps_sign_switch,contrast_switch,58,degree-matched directed random graph,12,48,-0.0005231236162637639,0.0008878953334395151,0.5015365046902844,0.5117291245339874
chapter7_deps_sign_switch,contrast_switch,59,degree-matched directed random graph,12,48,-0.0004795948693325629,0.0007521463828521329,0.5028670741122645,0.5105638429867461
chapter7_deps_sign_switch,contrast_switch,60,degree-matched directed random graph,12,48,-0.0005589203475533602,0.0006167595353821937,0.5014796782163163,0.5080618460037034
chapter7_deps_sign_switch,contrast_switch,61,degree-matched directed random graph,12,48,-0.0005957139480584569,0.0007720360684609078,0.5019655644068508,0.5114143763482262
chapter7_deps_sign_switch,contrast_switch,62,degree-matched directed random graph,12,48,0.00011788179685113125,0.0010002100302841006,0.5015946704123784,0.5132973794579446
chapter7_deps_sign_switch,contrast_switch,63,degree-matched directed random graph,12,48,-0.0003925454571854538,0.0008231385581253229,0.5018292360913881,0.5123942251651541
chapter7_deps_sign_switch,contrast_switch,64,degree-matched directed random graph,12,48,-0.0008067584533874446,0.0005487265527643983,0.5022549292149351,0.5105972839603056
chapter7_deps_sign_switch,contrast_switch,65,degree-matched directed random graph,12,48,-0.0004534278666668437,0.0008675231834116485,0.5017452782738048,0.5111786550403906
chapter7_deps_sign_switch,contrast_switch,66,degree-matched directed random graph,12,48,-0.00038223130284101335,0.0007084453801701242,0.501567427017367,0.5096571727196095
chapter7_deps_sign_switch,contrast_switch,67,degree-matched directed random graph,12,48,-0.0004913216762718337,0.0008114306342152649,0.5021740333843071,0.5097679801295064
chapter7_deps_sign_switch,contrast_switch,68,degree-matched directed random graph,12,48,-0.0006398933511314341,0.0007177014081913266,0.5010276981415968,0.5116416845565123
chapter7_deps_sign_switch,contrast_switch,69,degree-matched directed random graph,12,48,-0.0006835248154946453,0.0008061072414666348,0.5020886166429286,0.5112624051978384
chapter7_deps_sign_switch,contrast_switch,70,degree-matched directed random graph,12,48,-0.0007486145490847042,0.0008287446441786742,0.5019789731709796,0.5129360345371119
chapter7_deps_sign_switch,contrast_switch,71,degree-matched directed random graph,12,48,-0.0005561711966902076,0.000918601654574745,0.5012069271274409,0.5088884709618362
chapter7_deps_sign_switch,contrast_switch,72,degree-matched directed random graph,12,48,-0.0004208750439598782,0.0006966888110727282,0.5016570327839085,0.5107162933805549
chapter7_deps_sign_switch,contrast_switch,73,degree-matched directed random graph,12,48,-0.0003454674562203415,0.0007801364291934002,0.5021488881334535,0.5106409787425217
chapter7_deps_sign_switch,contrast_switch,74,degree-matched directed random graph,12,48,-0.0005576262391725255,0.0006941688035016897,0.5022882911703109,0.510181175451625
chapter7_deps_sign_switch,contrast_switch,75,degree-matched directed random graph,12,48,-0.00016314413740862926,0.0007391199084572108,0.501565860915874,0.5105107841200588
chapter7_deps_sign_switch,contrast_switch,76,degree-matched directed random graph,12,48,-0.0007285482103809953,0.0005866131678309515,0.5012296508836355,0.510526264960041
chapter7_deps_sign_switch,contrast_switch,77,degree-matched directed random graph,12,48,-0.00047915937447222016,0.0008197409081788196,0.5017771538759722,0.5115791103799499
chapter7_deps_sign_switch,contrast_switch,78,degree-matched directed random graph,12,48,-0.0006106053613084842,0.0006722130622274697,0.5006273801626816,0.5125154431576003
chapter7_deps_sign_switch,contrast_switch,79,degree-matched directed random graph,12,48,-0.0003871330011794735,0.0008279446381115647,0.5019810719805631,0.5115804100031177
chapter7_deps_sign_switch,contrast_switch,80,degree-matched directed random graph,12,48,-0.00036154139904832276,0.0006945704842641744,0.5019672748071837,0.5099509650500507
chapter7_deps_sign_switch,contrast_switch,81,degree-matched directed random graph,12,48,-7.473759643035576e-05,0.0008299040171833729,0.503207071781535,0.5116736497473393
chapter7_deps_sign_switch,contrast_switch,82,degree-matched directed random graph,12,48,-0.00045786988629328124,0.000977432637206562,0.5016027727469115,0.5108669122357112
chapter7_deps_sign_switch,contrast_switch,83,degree-matched directed random graph,12,48,-0.00043652584420566403,0.0007660429342146097,0.5016171390310237,0.510066212811333
chapter7_deps_sign_switch,contrast_switch,84,degree-matched directed random graph,12,48,-0.0006579502948706299,0.0008714865686160201,0.5019430662508126,0.5105456667149939
chapter7_deps_sign_switch,contrast_switch,85,degree-matched directed random graph,12,48,-0.0006026157804208922,0.0006737404762302685,0.5021626374545588,0.5122779260614798
chapter7_deps_sign_switch,contrast_switch,86,degree-matched directed random graph,12,48,-0.0007541048367263091,0.0005840537677162861,0.5016605797503928,0.5087229735802077
chapter7_deps_sign_switch,contrast_switch,87,degree-matched directed random graph,12,48,-0.0005816230016905049,0.0007257777077418623,0.5015710515262043,0.5106629121977859
chapter7_deps_sign_switch,contrast_switch,88,degree-matched directed random graph,12,48,-0.0007473594629056751,0.0007222484533404546,0.5016812998859169,0.5118717609404533
chapter7_deps_sign_switch,contrast_switch,89,degree-matched directed random graph,12,48,-0.0007926988007888662,0.0006401375070642078,0.5014789305741837,0.5092098229992985
chapter7_deps_sign_switch,contrast_switch,90,degree-matched directed random graph,12,48,-0.0003938667928746341,0.0008165515496579786,0.5015431809444713,0.5109836118736384
chapter7_deps_sign_switch,contrast_switch,91,degree-matched directed random graph,12,48,-0.00031820146778302493,0.0007891681898885536,0.5023711256567231,0.5100624937638786
chapter7_deps_sign_switch,contrast_switch,92,degree-matched directed random graph,12,48,-0.00039032651270868934,0.000670173548737962,0.5020443313868648,0.5110763961223198
chapter7_deps_sign_switch,contrast_switch,93,degree-matched directed random graph,12,48,-0.00043257806432507785,0.0008324716688630071,0.5019805617594354,0.5115367524912318
chapter7_deps_sign_switch,contrast_switch,94,degree-matched directed random graph,12,48,8.131594662414394e-05,0.0007047334451737549,0.5020418499949642,0.5124639527567335
chapter7_deps_sign_switch,contrast_switch,95,degree-matched directed random graph,12,48,-0.0005796744900400104,0.0009763336063495276,0.5011952394712069,0.5117231031162102
chapter7_deps_sign_switch,contrast_switch,96,degree-matched directed random graph,12,48,-0.0007289756637407782,0.0007966495995212208,0.501923459267446,0.5088642237907522
chapter7_deps_sign_switch,contrast_switch,97,degree-matched directed random graph,12,48,-0.0005242776815556372,0.000800601290016943,0.5008865097334796,0.5096873329904609
chapter7_deps_sign_switch,contrast_switch,98,degree-matched directed random graph,12,48,-0.001036148500998383,0.0006654220524393746,0.5010142384181996,0.5126206452831849
chapter7_deps_sign_switch,contrast_switch,99,degree-matched directed random graph,12,48,-0.0007822188093317967,0.0008601948466246344,0.5016611803124059,0.510093672826965
chapter7_deps_sign_switch,contrast_switch,100,degree-matched directed random graph,12,48,-0.00104307095956347,0.0007615282294996935,0.5013665583748118,0.5100504050491717
chapter7_deps_sign_switch,contrast_switch,101,degree-matched directed random graph,12,48,-0.0005746997289470258,0.0007152414585716615,0.502465479263964,0.5091913980764738
chapter7_deps_sign_switch,contrast_switch,102,degree-matched directed random graph,12,48,-0.000526143578961041,0.0008654781922300221,0.5018936191176523,0.5110999418504902
chapter7_deps_sign_switch,contrast_switch,103,degree-matched directed random graph,12,48,-0.0004956282320193788,0.0007997516889188369,0.5018109076994385,0.5095088147989921
chapter7_deps_sign_switch,contrast_switch,104,degree-matched directed random graph,12,48,-0.000869378643387515,0.0008994897110495371,0.5014549698846029,0.5117463714297212
chapter7_deps_sign_switch,contrast_switch,105,degree-matched directed random graph,12,48,-0.0007549773408147579,0.0006663677501647641,0.5022205755822992,0.5094826635251202
chapter7_deps_sign_switch,contrast_switch,106,degree-matched directed random graph,12,48,-0.0005875003916136547,0.0007624202315588744,0.5013902117109872,0.5082574032704743
chapter7_deps_sign_switch,contrast_switch,107,degree-matched directed random graph,12,48,-0.0004588891253856927,0.0006630054924449459,0.5020311248621036,0.5110815570488859
chapter7_deps_sign_switch,contrast_switch,108,degree-matched directed random graph,12,48,-0.0004046835690937275,0.0008122093137227186,0.5022079703511553,0.5102912475638299
chapter7_deps_sign_switch,contrast_switch,109,degree-matched directed random graph,12,48,-0.0007068480441046489,0.0008264114977855741,0.501918191891556,0.5120246793556281
chapter7_deps_sign_switch,contrast_switch,110,degree-matched directed random graph,12,48,-0.0005032336221149282,0.0006757792358645398,0.5015974525681741,0.5114719136461456
chapter7_deps_sign_switch,contrast_switch,111,degree-matched directed random graph,12,48,-0.0005655812095538358,0.0007423669332608359,0.5011906676927211,0.5103805636121824
chapter7_deps_sign_switch,contrast_switch,112,degree-matched directed random graph,12,48,-0.00035953110328961494,0.0008862509265187003,0.5027999579033403,0.5100287948201735
chapter7_deps_sign_switch,contrast_switch,113,degree-matched directed random graph,12,48,-0.0006078441517769027,0.0006478553977930374,0.5019788254352333,0.5103145186151492
chapter7_deps_sign_switch,contrast_switch,114,degree-matched directed random graph,12,48,-0.0007006476101856704,0.0007191990699236416,0.5027069496858035,0.5091040443657067
chapter7_deps_sign_switch,contrast_switch,115,degree-matched directed random graph,12,48,-0.0006347699336315946,0.0006954709696168744,0.5031625616991082,0.5078245164012133
chapter7_deps_sign_switch,contrast_switch,116,degree-matched directed random graph,12,48,-0.0007159096515385466,0.0008729757488466941,0.5021513043289164,0.5121963342925961
chapter7_deps_sign_switch,contrast_switch,117,degree-matched directed random graph,12,48,-0.00034806019813870095,0.0007899537450880163,0.5024410981322621,0.5092087593790837
chapter7_deps_sign_switch,contrast_switch,118,degree-matched directed random graph,12,48,-0.00038708005537192627,0.000871965914852485,0.5014634832773023,0.5126550759566083
chapter7_deps_sign_switch,contrast_switch,119,degree-matched directed random graph,12,48,-0.0006426365504850751,0.0009245462179571781,0.5013272420392321,0.5118288279203377
