endpoint,fold,label,idx_in_session,ab_history_state,access_readout,baseline_max,access_effect,control_kind
z_reward,0,P10,56.0,ab=mid|lag0=mid|lag5=mid,0.3784427191607081,0.8693910891709757,-0.49094837001026764,ab_history_policy
z_reward,0,P10,64.0,ab=high|lag0=high|lag5=mid,0.4298612937193581,0.5841084582126724,-0.15424716449331433,ab_history_policy
z_reward,0,P10,101.0,ab=mid|lag0=mid|lag5=low,-0.11194639788638265,0.4135186329079951,-0.5254650307943778,ab_history_policy
z_reward,0,P10,106.0,ab=low|lag0=low|lag5=high,1.3971870564253615,1.2044993852344357,0.19268767119092578,ab_history_policy
z_reward,0,P10,132.0,ab=high|lag0=high|lag5=low,1.210609328730511,0.49703481961545826,0.7135745091150528,ab_history_policy
z_reward,0,P10,137.0,ab=low|lag0=low|lag5=low,-0.8217784963880765,-0.7948497572832258,-0.02692873910485072,ab_history_policy
z_reward,0,P10,175.0,ab=high|lag0=high|lag5=low,1.1813237976921827,0.3239918079173721,0.8573319897748106,ab_history_policy
z_reward,0,P10,191.0,ab=mid|lag0=mid|lag5=mid,0.3084024424987037,1.6215682323369736,-1.3131657898382698,ab_history_policy
z_reward,0,P10,228.0,ab=high|lag0=high|lag5=high,-0.06336369287302937,-0.078928644955423,0.015564952082393627,ab_history_policy
z_reward,0,P10,252.0,ab=high|lag0=high|lag5=high,-0.13476605220314566,0.5725589871965876,-0.7073250393997332,ab_history_policy
z_reward,0,P10,268.0,ab=mid|lag0=mid|lag5=high,0.19334197662628716,-0.1504552576601306,0.34379723428641773,ab_history_policy
z_reward,0,P10,289.0,ab=high|lag0=high|lag5=mid,1.5819264763915335,2.68946248047821,-1.1075360040866764,ab_history_policy
z_reward,0,P10,299.0,ab=low|lag0=low|lag5=low,-0.4939237493954405,0.3078374592990177,-0.8017612086944581,ab_history_policy
z_reward,0,P10,310.0,ab=mid|lag0=mid|lag5=high,0.784112022654841,0.28231844850758364,0.5017935741472574,ab_history_policy
z_reward,0,P10,314.0,ab=high|lag0=high|lag5=high,-0.0032078887100314424,-0.026235205361862052,0.02302731665183061,ab_history_policy
z_reward,0,P10,321.0,ab=mid|lag0=mid|lag5=mid,-0.13148298356462068,0.9256776648914815,-1.0571606484561022,ab_history_policy
z_reward,0,P10,350.0,ab=low|lag0=low|lag5=high,0.9587880809670589,2.7958186606378392,-1.8370305796707802,ab_history_policy
z_reward,0,P10,391.0,ab=high|lag0=high|lag5=high,0.5424112492537565,1.901048179312984,-1.3586369300592276,ab_history_policy
z_reward,0,P11,46.0,ab=high|lag0=high|lag5=high,0.49205852969634617,0.4753190350516813,0.016739494644664843,ab_history_policy
z_reward,0,P11,67.0,ab=mid|lag0=mid|lag5=low,-0.44989468639611796,0.15461335465027848,-0.6045080410463964,ab_history_policy
z_reward,0,P11,89.0,ab=high|lag0=high|lag5=high,0.8476813620739856,0.8059086346991228,0.04177272737486282,ab_history_policy
z_reward,0,P11,103.0,ab=high|lag0=high|lag5=high,0.1424660543033889,0.35507938898102465,-0.21261333467763574,ab_history_policy
z_reward,0,P11,120.0,ab=mid|lag0=mid|lag5=high,0.3660671692623264,0.9851281225814976,-0.6190609533191712,ab_history_policy
z_reward,0,P11,146.0,ab=low|lag0=low|lag5=low,-0.40624976311814,0.16934196713132646,-0.5755917302494664,ab_history_policy
z_reward,0,P11,157.0,ab=mid|lag0=mid|lag5=low,-0.09497626392731855,0.49567679722122837,-0.5906530611485469,ab_history_policy
z_reward,0,P11,181.0,ab=low|lag0=low|lag5=high,0.8325200146206418,1.3576013701950582,-0.5250813555744164,ab_history_policy
z_reward,0,P11,211.0,ab=high|lag0=high|lag5=high,-0.08220281572119378,-0.1461863585057079,0.06398354278451412,ab_history_policy
z_reward,0,P11,240.0,ab=low|lag0=low|lag5=low,-0.6845846302521533,-0.6733110173562143,-0.011273612895938978,ab_history_policy
z_reward,0,P11,252.0,ab=mid|lag0=mid|lag5=low,-0.5324529419078714,0.36728602129571986,-0.8997389632035913,ab_history_policy
z_reward,0,P11,263.0,ab=low|lag0=low|lag5=low,-0.6381011921378898,1.155146520052262,-1.7932477121901518,ab_history_policy
z_reward,0,P11,282.0,ab=mid|lag0=mid|lag5=low,-0.22633237815916915,0.36543873978764513,-0.5917711179468143,ab_history_policy
z_reward,0,P11,292.0,ab=high|lag0=high|lag5=high,0.2054571039563553,0.2947108218007237,-0.08925371784436842,ab_history_policy
z_reward,0,P11,309.0,ab=low|lag0=low|lag5=mid,-0.2527896006229251,0.27896826080771486,-0.53175786143064,ab_history_policy
z_reward,0,P11,324.0,ab=low|lag0=low|lag5=low,-0.7713816291272283,-0.4384519888975125,-0.3329296402297158,ab_history_policy
z_reward,0,P11,376.0,ab=low|lag0=low|lag5=low,-0.43149015078298975,-0.012519934258756051,-0.4189702165242337,ab_history_policy
z_reward,0,P16,23.0,ab=mid|lag0=mid|lag5=mid,-0.551017470948996,-0.5730999641938223,0.02208249324482625,ab_history_policy
z_reward,0,P16,35.0,ab=low|lag0=low|lag5=low,-0.5767852698544192,-0.24106237593137428,-0.335722893923045,ab_history_policy
z_reward,0,P16,43.0,ab=mid|lag0=mid|lag5=mid,-0.2093661167721557,0.2960596211065035,-0.5054257378786592,ab_history_policy
z_reward,0,P16,50.0,ab=low|lag0=low|lag5=mid,-0.06392092759329758,0.27921134907883693,-0.34313227667213453,ab_history_policy
z_reward,0,P16,53.0,ab=low|lag0=low|lag5=high,1.2204502806894497,0.2806497709477873,0.9398005097416624,ab_history_policy
z_reward,0,P16,66.0,ab=high|lag0=high|lag5=high,0.10035876638018272,0.06143697274255955,0.03892179363762317,ab_history_policy
z_reward,0,P16,90.0,ab=mid|lag0=mid|lag5=mid,-0.05184671792762835,0.2650488252653049,-0.3168955431929332,ab_history_policy
z_reward,0,P16,101.0,ab=mid|lag0=mid|lag5=mid,-0.1334420262228826,0.1754539107868743,-0.3088959370097569,ab_history_policy
z_reward,0,P16,123.0,ab=high|lag0=high|lag5=high,0.6088972150848965,0.5461268751012853,0.06277033998361115,ab_history_policy
z_reward,0,P16,125.0,ab=high|lag0=high|lag5=high,0.6627389060738318,0.5968239293616064,0.06591497671222535,ab_history_policy
z_reward,0,P16,139.0,ab=low|lag0=low|lag5=mid,-0.42034978910542553,0.38572955582551993,-0.8060793449309455,ab_history_policy
z_reward,0,P16,177.0,ab=mid|lag0=mid|lag5=low,-0.3925831166945186,-0.09647538887847253,-0.2961077278160461,ab_history_policy
z_reward,0,P16,220.0,ab=high|lag0=high|lag5=high,0.94116170828494,4.12019750142936,-3.17903579314442,ab_history_policy
z_reward,0,P16,244.0,ab=mid|lag0=mid|lag5=low,0.14586609295622047,1.2419561227064913,-1.0960900297502707,ab_history_policy
z_reward,0,P16,278.0,ab=high|lag0=high|lag5=high,0.36320881191190946,0.5569776283793197,-0.1937688164674103,ab_history_policy
z_reward,0,P16,298.0,ab=mid|lag0=mid|lag5=low,-0.6501001052461928,-0.8044876188687508,0.15438751362255798,ab_history_policy
z_reward,0,P16,312.0,ab=mid|lag0=mid|lag5=high,1.8399302082803533,0.599195097721843,1.2407351105585103,ab_history_policy
z_reward,0,P16,317.0,ab=high|lag0=high|lag5=high,1.4021487674145323,3.525066593325132,-2.1229178259105996,ab_history_policy
z_reward,0,P16,368.0,ab=high|lag0=high|lag5=high,1.0740315463981664,1.0469603399306688,0.02707120646749761,ab_history_policy
z_reward,0,P16,373.0,ab=high|lag0=high|lag5=high,0.050377950533757376,0.1309568871147392,-0.08057893658098184,ab_history_policy
z_reward,0,P16,392.0,ab=mid|lag0=mid|lag5=high,1.1840717773121248,-0.1064067045913272,1.290478481903452,ab_history_policy
z_reward,0,P16,406.0,nan,0.3989179296466668,0.3989179296466668,0.0,ab_history_policy
z_reward,0,P16,417.0,nan,0.0,0.0,0.0,ab_history_policy
z_reward,0,P17,42.0,ab=mid|lag0=mid|lag5=high,0.7012951941268375,0.4628586697182863,0.23843652440855118,ab_history_policy
z_reward,0,P17,52.0,ab=mid|lag0=mid|lag5=low,-0.4552072825163056,0.12667872673730002,-0.5818860092536056,ab_history_policy
z_reward,0,P17,68.0,ab=low|lag0=low|lag5=mid,-0.04607354499002944,1.227825305377189,-1.2738988503672184,ab_history_policy
z_reward,0,P17,125.0,ab=mid|lag0=mid|lag5=high,0.4100664452842273,0.6381214962750957,-0.22805505099086842,ab_history_policy
z_reward,0,P17,145.0,ab=low|lag0=low|lag5=low,-0.8649797591319273,-0.8091283517312883,-0.055851407400638986,ab_history_policy
z_reward,0,P17,183.0,ab=high|lag0=high|lag5=high,1.2243482812777016,2.9888331373126564,-1.7644848560349549,ab_history_policy
z_reward,0,P17,201.0,ab=high|lag0=high|lag5=mid,1.0046254209442862,0.7521257036066646,0.25249971733762155,ab_history_policy
z_reward,0,P17,222.0,ab=mid|lag0=mid|lag5=high,1.6677850708218382,1.8938501344045284,-0.22606506358269018,ab_history_policy
z_reward,0,P17,226.0,ab=high|lag0=high|lag5=mid,0.8862842052224534,1.8745587775269552,-0.9882745723045018,ab_history_policy
z_reward,0,P17,241.0,ab=low|lag0=low|lag5=low,-0.5342005917550094,0.2056523175637321,-0.7398529093187416,ab_history_policy
z_reward,0,P17,275.0,ab=mid|lag0=mid|lag5=high,0.4017769298556792,-0.5135409269034401,0.9153178567591194,ab_history_policy
z_reward,0,P17,276.0,ab=mid|lag0=mid|lag5=high,0.12532709422117438,-0.5135553892636106,0.6388824834847849,ab_history_policy
z_reward,0,P17,289.0,ab=mid|lag0=mid|lag5=mid,0.09374408735289344,0.42291752509397806,-0.32917343774108465,ab_history_policy
z_reward,0,P17,305.0,ab=mid|lag0=mid|lag5=low,0.10646891133230856,0.6274323137237418,-0.5209634023914332,ab_history_policy
z_reward,0,P17,334.0,ab=low|lag0=low|lag5=low,-0.48377738357436895,0.015299946741997817,-0.49907733031636675,ab_history_policy
z_reward,0,P17,342.0,ab=low|lag0=low|lag5=mid,-0.3101563108167732,0.4379345228246453,-0.7480908336414185,ab_history_policy
z_reward,0,P17,360.0,ab=low|lag0=low|lag5=mid,-0.33181259291488635,-0.42585327608939216,0.09404068317450581,ab_history_policy
z_reward,0,P17,374.0,ab=mid|lag0=mid|lag5=mid,-0.6470077906779172,-0.38002793893789144,-0.2669798517400258,ab_history_policy
z_reward,0,P17,393.0,ab=low|lag0=low|lag5=low,-0.0605754813863733,1.867463911960756,-1.9280393933471291,ab_history_policy
z_reward,0,P17,398.0,ab=low|lag0=low|lag5=mid,-0.30310268387762057,0.37481123294781254,-0.6779139168254331,ab_history_policy
z_reward,0,P21,30.0,ab=low|lag0=low|lag5=low,-0.6544279547402313,0.25393832703550545,-0.9083662817757368,ab_history_policy
z_reward,0,P21,45.0,ab=low|lag0=low|lag5=low,0.12030807315768752,1.9403811725178528,-1.8200730993601653,ab_history_policy
z_reward,0,P21,54.0,ab=low|lag0=low|lag5=low,-0.49740626483333317,-0.22607716637712988,-0.2713290984562033,ab_history_policy
z_reward,0,P21,89.0,ab=low|lag0=low|lag5=high,0.8862157532414632,2.5398547668021063,-1.6536390135606431,ab_history_policy
z_reward,0,P21,106.0,ab=mid|lag0=mid|lag5=low,-0.4256897434614133,0.05785980817095415,-0.48354955163236746,ab_history_policy
z_reward,0,P21,149.0,ab=high|lag0=high|lag5=mid,1.0944057690455207,2.2351493557874265,-1.1407435867419058,ab_history_policy
z_reward,0,P21,180.0,ab=low|lag0=low|lag5=mid,0.0038752160170138703,1.3096571167313362,-1.3057819007143223,ab_history_policy
z_reward,0,P21,192.0,ab=mid|lag0=mid|lag5=low,-0.32799656854143644,2.30176796917263,-2.6297645377140664,ab_history_policy
z_reward,0,P21,205.0,ab=mid|lag0=mid|lag5=low,-0.008885949836081118,0.0978846555754536,-0.10677060541153471,ab_history_policy
z_reward,0,P21,252.0,ab=mid|lag0=mid|lag5=high,0.6893683898298572,1.0462046778284115,-0.3568362879985544,ab_history_policy
z_reward,0,P21,274.0,ab=high|lag0=high|lag5=high,0.7048727755202085,2.7680495371018434,-2.063176761581635,ab_history_policy
z_reward,0,P21,325.0,ab=low|lag0=low|lag5=low,-0.4820395114225463,-0.019367774308399293,-0.462671737114147,ab_history_policy
z_reward,0,P21,366.0,ab=mid|lag0=mid|lag5=low,-0.06414979084794256,0.9390446552728638,-1.0031944461208064,ab_history_policy
z_reward,0,P21,384.0,ab=mid|lag0=mid|lag5=low,-0.3974351542868173,1.193841133149154,-1.5912762874359714,ab_history_policy
z_reward,0,P21,393.0,ab=low|lag0=low|lag5=mid,-0.08539371195051683,0.06566965765571976,-0.1510633696062366,ab_history_policy
z_reward,0,P21,408.0,nan,0.45919486264511217,0.45919486264511217,0.0,ab_history_policy
z_reward,0,P3,18.0,ab=low|lag0=low|lag5=mid,-0.24273885144046103,0.7523059234217412,-0.9950447748622022,ab_history_policy
z_reward,0,P3,19.0,ab=mid|lag0=mid|lag5=mid,-0.3041281435081547,0.8107008572147187,-1.1148290007228734,ab_history_policy
z_reward,0,P3,25.0,ab=low|lag0=low|lag5=low,-0.682434094484085,0.2823184485075823,-0.9647525429916672,ab_history_policy
z_reward,0,P3,40.0,ab=low|lag0=low|lag5=low,-0.14715214517311181,0.28231844850758364,-0.42947059368069546,ab_history_policy
z_reward,0,P3,69.0,ab=high|lag0=high|lag5=high,0.358509072519679,0.5670939760131763,-0.20858490349349734,ab_history_policy
z_reward,0,P3,86.0,ab=low|lag0=low|lag5=high,0.5811612599720503,1.0017857610662537,-0.42062450109420346,ab_history_policy
z_reward,0,P3,89.0,ab=high|lag0=high|lag5=mid,0.46224092033417774,1.442810152815307,-0.9805692324811293,ab_history_policy
z_reward,0,P3,92.0,ab=high|lag0=high|lag5=mid,0.57173581702098,1.0686149545702452,-0.49687913754926527,ab_history_policy
z_reward,0,P3,121.0,ab=mid|lag0=mid|lag5=mid,0.9873174268623763,2.2413555487833894,-1.254038121921013,ab_history_policy
z_reward,0,P3,132.0,ab=mid|lag0=mid|lag5=high,1.48740750712997,0.24828685718429677,1.239120649945673,ab_history_policy
z_reward,0,P3,164.0,ab=low|lag0=low|lag5=mid,-0.20204952946401,1.4552084097026596,-1.6572579391666697,ab_history_policy
z_reward,0,P3,196.0,ab=mid|lag0=mid|lag5=low,-0.4623090570297585,-0.6801190974217817,0.21781004039202317,ab_history_policy
z_reward,0,P3,237.0,ab=low|lag0=low|lag5=mid,-0.3264965680626347,-0.6508074089318591,0.32431084086922435,ab_history_policy
z_reward,0,P3,265.0,ab=low|lag0=low|lag5=low,-0.04839006353855463,0.2823184485075823,-0.33070851204613694,ab_history_policy
z_reward,0,P3,276.0,ab=high|lag0=high|lag5=high,0.9641298033109663,3.0929699290978094,-2.128840125786843,ab_history_policy
z_reward,0,P3,321.0,ab=mid|lag0=mid|lag5=low,-0.15937524493440894,1.0036576048601722,-1.1630328497945812,ab_history_policy
z_reward,0,P3,352.0,ab=low|lag0=low|lag5=low,-0.30768269603819165,0.7825114045479087,-1.0901941005861002,ab_history_policy
z_reward,0,P3,372.0,ab=low|lag0=low|lag5=high,1.5795318181397553,-0.49953295933185393,2.079064777471609,ab_history_policy
z_reward,0,P3,379.0,ab=high|lag0=high|lag5=mid,1.307887662013644,0.7800909758127519,0.527796686200892,ab_history_policy
z_reward,0,P3,386.0,ab=mid|lag0=mid|lag5=mid,0.07768472426879669,1.2563322868046496,-1.1786475625358528,ab_history_policy
z_reward,0,P3,402.0,nan,0.13964127238772725,0.2050856063926574,-0.06544433400493016,ab_history_policy
z_reward,0,P3,416.0,nan,0.0,0.0,0.0,ab_history_policy
z_reward,1,P12,18.0,ab=mid|lag0=mid|lag5=low,-0.09909274390917072,-0.36327674210669164,0.2641839981975209,ab_history_policy
z_reward,1,P12,59.0,ab=high|lag0=high|lag5=high,0.9789145017094427,2.700938671434665,-1.7220241697252223,ab_history_policy
z_reward,1,P12,92.0,ab=high|lag0=high|lag5=high,0.828713688910928,1.1683474783327639,-0.33963378942183586,ab_history_policy
z_reward,1,P12,118.0,ab=high|lag0=high|lag5=high,-0.2940300223151362,-0.36891928898148646,0.07488926666635026,ab_history_policy
z_reward,1,P12,125.0,ab=high|lag0=high|lag5=high,1.150163973862334,3.5129298131909032,-2.3627658393285693,ab_history_policy
z_reward,1,P12,175.0,ab=mid|lag0=mid|lag5=mid,-0.18885159355483416,0.2823184485075823,-0.47117004206241647,ab_history_policy
z_reward,1,P12,188.0,ab=high|lag0=high|lag5=high,0.4889117998415976,0.6479686120600239,-0.15905681221842627,ab_history_policy
z_reward,1,P12,212.0,ab=low|lag0=low|lag5=low,-0.7359458045292696,-0.7344894697796212,-0.001456334749648458,ab_history_policy
z_reward,1,P12,225.0,ab=mid|lag0=mid|lag5=low,0.11376974515670771,1.6839198084516889,-1.5701500632949812,ab_history_policy
z_reward,1,P12,231.0,ab=low|lag0=low|lag5=low,-0.5701383197965704,-0.33591702924080696,-0.2342212905557634,ab_history_policy
z_reward,1,P12,353.0,ab=low|lag0=low|lag5=low,-0.40752557422398694,-0.2275165513197256,-0.18000902290426135,ab_history_policy
z_reward,1,P12,395.0,ab=mid|lag0=mid|lag5=high,1.609895223028729,3.9396800829140135,-2.329784859885285,ab_history_policy
z_reward,1,P14,16.0,ab=mid|lag0=mid|lag5=low,-0.40315937765307136,-0.7518518529159915,0.3486924752629202,ab_history_policy
z_reward,1,P14,59.0,ab=high|lag0=high|lag5=mid,0.6038116790545587,0.43121413494023636,0.17259754411432232,ab_history_policy
z_reward,1,P14,60.0,ab=high|lag0=high|lag5=mid,0.8174773922442834,0.47069249634946825,0.34678489589481515,ab_history_policy
z_reward,1,P14,74.0,ab=low|lag0=low|lag5=low,-0.7468129578235805,-0.05845730263585578,-0.6883556551877247,ab_history_policy
z_reward,1,P14,95.0,ab=mid|lag0=mid|lag5=low,-0.48548721705923975,1.5865365223281203,-2.07202373938736,ab_history_policy
z_reward,1,P14,120.0,ab=mid|lag0=mid|lag5=low,-0.3909704457946163,-0.6267697449805834,0.23579929918596704,ab_history_policy
z_reward,1,P14,192.0,ab=high|lag0=high|lag5=high,0.2659235358963922,0.21996857672880643,0.045954959167585796,ab_history_policy
z_reward,1,P14,210.0,ab=mid|lag0=mid|lag5=mid,0.10562540326385894,1.4056523688142342,-1.3000269655503751,ab_history_policy
z_reward,1,P14,254.0,ab=low|lag0=low|lag5=low,-0.7506503496048755,0.10496686599179567,-0.8556172155966713,ab_history_policy
z_reward,1,P14,271.0,ab=high|lag0=high|lag5=high,0.6524219085258137,1.7945734795237196,-1.142151570997906,ab_history_policy
z_reward,1,P14,283.0,ab=high|lag0=high|lag5=high,0.5437909003056454,0.7725424985577604,-0.228751598252115,ab_history_policy
z_reward,1,P14,290.0,ab=mid|lag0=mid|lag5=low,0.24547019054946043,0.776421959784859,-0.5309517692353986,ab_history_policy
z_reward,1,P14,301.0,ab=low|lag0=low|lag5=mid,-0.20288850108799958,0.4206327190613597,-0.6235212201493593,ab_history_policy
z_reward,1,P14,308.0,ab=mid|lag0=mid|lag5=high,0.6809180841895142,0.8355332000758218,-0.1546151158863076,ab_history_policy
z_reward,1,P14,320.0,ab=low|lag0=low|lag5=mid,-0.5887670875376004,-0.5510239198696597,-0.037743167667940725,ab_history_policy
z_reward,1,P14,336.0,ab=mid|lag0=mid|lag5=high,1.0956979574889572,2.9954844025307317,-1.8997864450417745,ab_history_policy
z_reward,1,P14,340.0,ab=high|lag0=high|lag5=high,0.9322198750052648,2.6756175717026593,-1.7433976966973945,ab_history_policy
z_reward,1,P14,392.0,ab=high|lag0=high|lag5=mid,0.47740057745678055,0.892251347683004,-0.4148507702262234,ab_history_policy
z_reward,1,P20,24.0,ab=high|lag0=high|lag5=high,0.5474057862004907,2.2804139509529744,-1.7330081647524835,ab_history_policy
z_reward,1,P20,73.0,ab=mid|lag0=mid|lag5=mid,-0.4752126253929972,-0.4776585858027774,0.0024459604097802345,ab_history_policy
z_reward,1,P20,98.0,ab=low|lag0=low|lag5=mid,-0.262726292286741,0.2570893337503568,-0.5198156260370979,ab_history_policy
z_reward,1,P20,123.0,ab=high|lag0=high|lag5=low,1.1397758239191682,1.5930989496642007,-0.45332312574503253,ab_history_policy
z_reward,1,P20,133.0,ab=low|lag0=low|lag5=low,-0.5713637402647344,0.14404368670195852,-0.7154074269666929,ab_history_policy
z_reward,1,P20,150.0,ab=low|lag0=low|lag5=high,2.940871938648792,0.6419778958792541,2.298894042769538,ab_history_policy
z_reward,1,P20,162.0,ab=high|lag0=high|lag5=high,0.5849098942265258,0.5581759259809798,0.02673396824554608,ab_history_policy
z_reward,1,P20,172.0,ab=high|lag0=high|lag5=low,1.1143055973868516,0.13353246090492585,0.9807731364819258,ab_history_policy
z_reward,1,P20,194.0,ab=mid|lag0=mid|lag5=low,-0.3136072302613846,1.1396565797238687,-1.4532638099852533,ab_history_policy
z_reward,1,P20,217.0,ab=mid|lag0=mid|lag5=high,0.9756346178396484,0.8791160600097866,0.09651855782986185,ab_history_policy
z_reward,1,P20,234.0,ab=high|lag0=high|lag5=mid,0.4618213457695417,0.27881244830871194,0.18300889746082977,ab_history_policy
z_reward,1,P20,260.0,ab=low|lag0=low|lag5=low,-0.31834975430459544,1.196330476067808,-1.5146802303724034,ab_history_policy
z_reward,1,P20,292.0,ab=low|lag0=low|lag5=mid,-0.3499852333743295,0.653095522464944,-1.0030807558392736,ab_history_policy
z_reward,1,P20,322.0,ab=low|lag0=low|lag5=mid,-0.006437779283879251,0.27471421058957957,-0.2811519898734588,ab_history_policy
z_reward,1,P20,338.0,ab=low|lag0=low|lag5=mid,-0.1019052253123212,0.35562955150935105,-0.45753477682167226,ab_history_policy
z_reward,1,P20,347.0,ab=high|lag0=high|lag5=high,1.3010758343774078,1.131432103712762,0.1696437306646459,ab_history_policy
z_reward,1,P20,359.0,ab=high|lag0=high|lag5=mid,1.6320258658183118,1.005993156459596,0.6260327093587157,ab_history_policy
z_reward,1,P20,396.0,ab=high|lag0=high|lag5=high,0.7004020515644195,2.309536078092184,-1.6091340265277645,ab_history_policy
z_reward,1,P20,401.0,nan,1.042098148345688,3.303242383136422,-2.2611442347907342,ab_history_policy
z_reward,1,P20,415.0,nan,0.0,0.0,0.0,ab_history_policy
z_reward,1,P26,6.0,ab=mid|lag0=mid|lag5=low,-0.35629836395448483,-0.2579086085096559,-0.09838975544482892,ab_history_policy
z_reward,1,P26,66.0,ab=high|lag0=high|lag5=high,0.37733596486698934,1.4916959734608095,-1.1143600085938201,ab_history_policy
z_reward,1,P26,96.0,ab=low|lag0=low|lag5=low,-0.2817268220662183,1.1037072703786326,-1.385434092444851,ab_history_policy
z_reward,1,P26,104.0,ab=low|lag0=low|lag5=low,0.17849770768171752,3.3817210540845726,-3.203223346402855,ab_history_policy
z_reward,1,P26,110.0,ab=low|lag0=low|lag5=low,-0.23688612161526484,1.506276228912227,-1.7431623505274918,ab_history_policy
z_reward,1,P26,127.0,ab=mid|lag0=mid|lag5=mid,0.16239646190929122,1.0400748465759881,-0.8776783846666969,ab_history_policy
z_reward,1,P26,136.0,ab=low|lag0=low|lag5=high,0.3412720057994362,0.478555270862283,-0.13728326506284683,ab_history_policy
z_reward,1,P26,159.0,ab=high|lag0=high|lag5=high,0.5192854902842859,1.1167420646068646,-0.5974565743225787,ab_history_policy
z_reward,1,P26,169.0,ab=low|lag0=low|lag5=mid,-0.18212787540535197,0.46942378054896783,-0.6515516559543197,ab_history_policy
z_reward,1,P26,182.0,ab=mid|lag0=mid|lag5=low,0.12692123189556911,2.112627147228473,-1.9857059153329037,ab_history_policy
z_reward,1,P26,200.0,ab=high|lag0=high|lag5=high,0.289904002498957,0.21442060119227602,0.07548340130668096,ab_history_policy
z_reward,1,P26,210.0,ab=mid|lag0=mid|lag5=mid,0.2537573577854693,1.364959235940718,-1.1112018781552488,ab_history_policy
z_reward,1,P26,217.0,ab=mid|lag0=mid|lag5=high,0.9704769960271519,0.7582129652223599,0.21226403080479195,ab_history_policy
z_reward,1,P26,226.0,ab=mid|lag0=mid|lag5=low,-0.008405015245176645,-0.5123486420346381,0.5039436267894615,ab_history_policy
z_reward,1,P26,237.0,ab=low|lag0=low|lag5=mid,-0.36385825236627467,0.5177882453723899,-0.8816464977386645,ab_history_policy
z_reward,1,P26,253.0,ab=high|lag0=high|lag5=mid,0.5856161345606046,0.5046456340368451,0.08097050052375943,ab_history_policy
z_reward,1,P26,269.0,ab=high|lag0=high|lag5=mid,0.7482121190969663,1.2806690118492259,-0.5324568927522596,ab_history_policy
z_reward,1,P26,346.0,ab=low|lag0=low|lag5=low,-0.6904029894711683,-0.4731349214640348,-0.2172680680071335,ab_history_policy
z_reward,1,P26,396.0,ab=low|lag0=low|lag5=mid,-0.1094930297486735,1.0465690967176429,-1.1560621264663165,ab_history_policy
z_reward,1,P6,19.0,ab=high|lag0=high|lag5=mid,0.5320960504239604,0.673102009159823,-0.14100595873586264,ab_history_policy
z_reward,1,P6,59.0,ab=low|lag0=low|lag5=mid,0.0468657474200314,2.2722164514847156,-2.225350704064684,ab_history_policy
z_reward,1,P6,66.0,ab=low|lag0=low|lag5=low,0.09741440895556566,2.9084232680950657,-2.8110088591395,ab_history_policy
z_reward,1,P6,86.0,ab=high|lag0=high|lag5=mid,0.5166999447767566,0.7117467914152775,-0.1950468466385209,ab_history_policy
z_reward,1,P6,96.0,ab=high|lag0=high|lag5=mid,0.7124723900297231,1.2961115742346647,-0.5836391842049417,ab_history_policy
z_reward,1,P6,134.0,ab=low|lag0=low|lag5=mid,-0.46386447661942143,0.2777858460851311,-0.7416503227045526,ab_history_policy
z_reward,1,P6,166.0,ab=high|lag0=high|lag5=mid,0.34132104896118814,1.8827029934420108,-1.5413819444808226,ab_history_policy
z_reward,1,P6,195.0,ab=low|lag0=low|lag5=low,-0.765349202104813,-0.1990955892323762,-0.5662536128724369,ab_history_policy
z_reward,1,P6,202.0,ab=low|lag0=low|lag5=low,-0.4542325919241559,0.09780503069300397,-0.5520376226171598,ab_history_policy
z_reward,1,P6,297.0,ab=low|lag0=low|lag5=mid,-0.40799123511361457,1.0412949487269165,-1.449286183840531,ab_history_policy
z_reward,1,P6,305.0,ab=low|lag0=low|lag5=low,-0.7503221894133895,-0.18684415444135977,-0.5634780349720296,ab_history_policy
z_reward,1,P6,318.0,ab=mid|lag0=mid|lag5=high,0.5473910413772844,-0.11530923744770474,0.6627002788249892,ab_history_policy
z_reward,1,P6,334.0,ab=low|lag0=low|lag5=mid,-0.02325599933586677,1.024380605810946,-1.0476366051468127,ab_history_policy
z_reward,1,P6,375.0,ab=high|lag0=high|lag5=high,1.3093969705998676,1.2137778504941563,0.09561912010571127,ab_history_policy
z_reward,1,P6,397.0,ab=high|lag0=high|lag5=high,1.396951739927029,3.1450659202929194,-1.7481141803658904,ab_history_policy
z_reward,2,P13,9.0,ab=high|lag0=high|lag5=low,0.8412152410312848,0.47747630065732677,0.363738940373958,ab_history_policy
z_reward,2,P13,10.0,ab=high|lag0=high|lag5=low,0.8157189350216676,0.49146795636470764,0.32425097865695995,ab_history_policy
z_reward,2,P13,39.0,ab=mid|lag0=mid|lag5=mid,-0.078362961468535,2.1221127356144143,-2.200475697082949,ab_history_policy
z_reward,2,P13,41.0,ab=mid|lag0=mid|lag5=mid,-0.2984263076344317,2.029920543994922,-2.328346851629354,ab_history_policy
z_reward,2,P13,47.0,ab=mid|lag0=mid|lag5=low,-0.39971688600492294,1.6626482522196033,-2.0623651382245263,ab_history_policy
z_reward,2,P13,72.0,ab=mid|lag0=mid|lag5=low,-0.5233890166108738,-0.30748069150538926,-0.21590832510548452,ab_history_policy
z_reward,2,P13,102.0,ab=low|lag0=low|lag5=high,0.8578626433447701,1.0669719531826327,-0.20910930983786258,ab_history_policy
z_reward,2,P13,111.0,ab=mid|lag0=mid|lag5=low,0.1903571450927737,0.23761305333914493,-0.047255908246371214,ab_history_policy
z_reward,2,P13,121.0,ab=high|lag0=high|lag5=high,0.30615764256599004,0.21932882533477727,0.08682881723121277,ab_history_policy
z_reward,2,P13,149.0,ab=low|lag0=low|lag5=mid,-0.5336500238645273,0.29658490138117344,-0.8302349252457008,ab_history_policy
z_reward,2,P13,188.0,ab=high|lag0=high|lag5=low,1.1200678960556003,2.2517245603900315,-1.1316566643344312,ab_history_policy
z_reward,2,P13,201.0,ab=low|lag0=low|lag5=low,-0.6180449449194609,-0.41255300633175807,-0.20549193858770287,ab_history_policy
z_reward,2,P13,205.0,ab=low|lag0=low|lag5=low,-0.8631557948257031,-0.5609371981148649,-0.3022185967108383,ab_history_policy
z_reward,2,P13,230.0,ab=low|lag0=low|lag5=low,-0.45744973447943554,1.5513279410564575,-2.0087776755358933,ab_history_policy
z_reward,2,P13,233.0,ab=low|lag0=low|lag5=low,-0.16023394774129635,1.2707017210072333,-1.4309356687485297,ab_history_policy
z_reward,2,P13,242.0,ab=mid|lag0=mid|lag5=low,0.0876476623078304,0.05698642407424685,0.03066123823358355,ab_history_policy
z_reward,2,P13,263.0,ab=high|lag0=high|lag5=high,0.18937624962706484,0.05796106226539946,0.13141518736166538,ab_history_policy
z_reward,2,P13,280.0,ab=low|lag0=low|lag5=low,-0.42646829324307667,0.543643522832662,-0.9701118160757387,ab_history_policy
z_reward,2,P13,308.0,ab=mid|lag0=mid|lag5=mid,-0.0928111499802922,0.5205427007871928,-0.6133538507674849,ab_history_policy
z_reward,2,P13,349.0,ab=mid|lag0=mid|lag5=high,0.5443915949624573,1.2511827564504798,-0.7067911614880226,ab_history_policy
z_reward,2,P13,366.0,ab=high|lag0=high|lag5=mid,0.4313521683764672,1.040453504702549,-0.6091013363260818,ab_history_policy
z_reward,2,P13,382.0,ab=low|lag0=low|lag5=low,-0.6025057260101925,-0.1365255414671396,-0.4659801845430529,ab_history_policy
z_reward,2,P15,10.0,ab=low|lag0=low|lag5=high,0.4153594465765096,1.497584846102921,-1.0822253995264115,ab_history_policy
z_reward,2,P15,16.0,ab=mid|lag0=mid|lag5=low,-0.45721297578916104,0.3607990338342887,-0.8180120096234498,ab_history_policy
z_reward,2,P15,43.0,ab=mid|lag0=mid|lag5=high,1.932677187173497,4.739183753798652,-2.8065065666251545,ab_history_policy
z_reward,2,P15,83.0,ab=mid|lag0=mid|lag5=low,-0.0688654637218479,-0.6711746372143441,0.6023091734924962,ab_history_policy
z_reward,2,P15,106.0,ab=mid|lag0=mid|lag5=mid,-0.6413510702281824,-0.6453377039501696,0.003986633721987265,ab_history_policy
z_reward,2,P15,122.0,ab=mid|lag0=mid|lag5=mid,0.23998874640085574,1.6188479443545458,-1.3788591979536902,ab_history_policy
z_reward,2,P15,176.0,ab=high|lag0=high|lag5=low,1.0305202642691753,0.21840870360583614,0.8121115606633391,ab_history_policy
z_reward,2,P15,189.0,ab=mid|lag0=mid|lag5=low,-0.4545783530042345,0.2364276732300899,-0.6910060262343244,ab_history_policy
z_reward,2,P15,202.0,ab=low|lag0=low|lag5=high,1.2403495002316645,-0.01941819283467683,1.2597676930663413,ab_history_policy
z_reward,2,P15,235.0,ab=low|lag0=low|lag5=low,-0.5871529335279027,0.2827450617506639,-0.8698979952785666,ab_history_policy
z_reward,2,P15,250.0,ab=low|lag0=low|lag5=mid,-0.11219690370337727,2.0664932516567585,-2.178690155360136,ab_history_policy
z_reward,2,P15,262.0,ab=low|lag0=low|lag5=low,0.06672302640297573,2.3908901811204126,-2.3241671547174367,ab_history_policy
z_reward,2,P15,272.0,ab=low|lag0=low|lag5=low,-0.6059966489007246,-0.603127293080406,-0.002869355820318553,ab_history_policy
z_reward,2,P15,292.0,ab=high|lag0=high|lag5=high,1.0067948613260131,3.5071269302745263,-2.500332068948513,ab_history_policy
z_reward,2,P15,297.0,ab=high|lag0=high|lag5=mid,0.2907726458936558,-0.4645401671349031,0.7553128130285589,ab_history_policy
z_reward,2,P15,315.0,ab=mid|lag0=mid|lag5=mid,-0.26768457797594464,0.17711174299323706,-0.4447963209691817,ab_history_policy
z_reward,2,P15,327.0,ab=low|lag0=low|lag5=mid,-0.4024460824478685,-0.40070484014446195,-0.0017412423034065538,ab_history_policy
z_reward,2,P15,341.0,ab=high|lag0=high|lag5=mid,0.5628450798839653,1.0880920839681572,-0.5252470040841919,ab_history_policy
z_reward,2,P15,343.0,ab=mid|lag0=mid|lag5=mid,-0.032633849952750246,1.1065166370177693,-1.1391504869705196,ab_history_policy
z_reward,2,P15,358.0,ab=mid|lag0=mid|lag5=mid,0.25312418411743787,0.25733750464556626,-0.004213320528128395,ab_history_policy
z_reward,2,P15,369.0,ab=high|lag0=high|lag5=low,1.3319035967591124,1.2432200945261855,0.08868350223292687,ab_history_policy
z_reward,2,P15,380.0,ab=mid|lag0=mid|lag5=mid,-0.021930041461971368,0.9594967080490077,-0.9814267495109791,ab_history_policy
z_reward,2,P15,392.0,ab=low|lag0=low|lag5=mid,-0.06079007850167642,0.7460855171557977,-0.8068755956574741,ab_history_policy
z_reward,2,P15,400.0,nan,0.8099784076477128,2.379676750466956,-1.5696983428192433,ab_history_policy
z_reward,2,P15,415.0,nan,0.0,0.0,0.0,ab_history_policy
z_reward,2,P15,417.0,nan,0.0,0.0,0.0,ab_history_policy
z_reward,2,P23,32.0,ab=low|lag0=low|lag5=mid,-0.2381857970883081,0.020324742049355374,-0.2585105391376635,ab_history_policy
z_reward,2,P23,65.0,ab=low|lag0=low|lag5=low,-0.45474882970762254,0.05138837793888116,-0.5061372076465037,ab_history_policy
z_reward,2,P23,68.0,ab=low|lag0=low|lag5=high,1.087666963766022,3.0090381391020333,-1.9213711753360114,ab_history_policy
z_reward,2,P23,106.0,ab=low|lag0=low|lag5=mid,-0.18741904150374034,1.3926713036707172,-1.5800903451744577,ab_history_policy
z_reward,2,P23,133.0,ab=high|lag0=high|lag5=mid,0.4705658477751953,1.1153064812982016,-0.6447406335230064,ab_history_policy
z_reward,2,P23,138.0,ab=mid|lag0=mid|lag5=mid,-0.21365234382108073,0.32209781368231954,-0.5357501575034003,ab_history_policy
z_reward,2,P23,188.0,ab=mid|lag0=mid|lag5=low,-0.32532306668308236,1.9303836600849302,-2.2557067267680124,ab_history_policy
z_reward,2,P23,202.0,ab=low|lag0=low|lag5=low,-0.5396263602565418,0.03003759362332667,-0.5696639538798685,ab_history_policy
z_reward,2,P23,284.0,ab=mid|lag0=mid|lag5=low,0.1412375297721879,1.7016649968778712,-1.5604274671056833,ab_history_policy
z_reward,2,P23,294.0,ab=low|lag0=low|lag5=low,-0.3249097515422099,0.41247242656748745,-0.7373821781096974,ab_history_policy
z_reward,2,P23,327.0,ab=mid|lag0=mid|lag5=high,1.5915271995593085,0.19918274563919416,1.3923444539201144,ab_history_policy
z_reward,2,P23,335.0,ab=high|lag0=high|lag5=low,0.6885832494238711,0.05916115886705918,0.6294220905568119,ab_history_policy
z_reward,2,P23,355.0,ab=mid|lag0=mid|lag5=low,-0.3971784070213717,0.3651202780526199,-0.7622986850739916,ab_history_policy
z_reward,2,P23,380.0,ab=mid|lag0=mid|lag5=mid,0.22354791415753525,1.6695878211063098,-1.4460399069487746,ab_history_policy
z_reward,2,P24,6.0,ab=low|lag0=low|lag5=high,1.5357077712436786,1.2279775089016254,0.30773026234205325,ab_history_policy
z_reward,2,P24,13.0,ab=high|lag0=high|lag5=low,0.7175976588138748,0.2465676039907012,0.4710300548231736,ab_history_policy
z_reward,2,P24,33.0,ab=mid|lag0=mid|lag5=mid,-0.1316417021412249,0.377527051576904,-0.5091687537181289,ab_history_policy
z_reward,2,P24,49.0,ab=low|lag0=low|lag5=mid,0.1709625360642817,1.0593745560862604,-0.8884120200219787,ab_history_policy
z_reward,2,P24,75.0,ab=high|lag0=high|lag5=high,0.8388848969316541,0.798329881743878,0.040555015187776156,ab_history_policy
z_reward,2,P24,101.0,ab=high|lag0=high|lag5=mid,1.2763218899595241,1.4281650662349725,-0.1518431762754484,ab_history_policy
z_reward,2,P24,111.0,ab=mid|lag0=mid|lag5=mid,0.5570773042067872,2.258817478281172,-1.7017401740743847,ab_history_policy
z_reward,2,P24,124.0,ab=mid|lag0=mid|lag5=low,-0.28072274427833577,-0.6304318891322644,0.3497091448539287,ab_history_policy
z_reward,2,P24,167.0,ab=low|lag0=low|lag5=low,-0.31762478339300765,-0.284663984151383,-0.03296079924162465,ab_history_policy
z_reward,2,P24,174.0,ab=low|lag0=low|lag5=mid,-0.09225475440126593,0.605519791066539,-0.6977745454678049,ab_history_policy
z_reward,2,P24,199.0,ab=mid|lag0=mid|lag5=low,-0.07057303376731879,1.1219137152889995,-1.1924867490563182,ab_history_policy
z_reward,2,P24,228.0,ab=high|lag0=high|lag5=high,-0.009210465642929475,-0.10441921156354297,0.0952087459206135,ab_history_policy
z_reward,2,P24,254.0,ab=mid|lag0=mid|lag5=mid,-0.10864813017694773,0.17940375505616088,-0.2880518852331086,ab_history_policy
z_reward,2,P24,280.0,ab=low|lag0=low|lag5=high,0.5726542303310307,4.290940145455396,-3.7182859151243655,ab_history_policy
z_reward,2,P24,296.0,ab=high|lag0=high|lag5=high,0.5537953465845977,0.41727639629422003,0.1365189502903777,ab_history_policy
z_reward,2,P24,303.0,ab=high|lag0=high|lag5=high,1.6449336469895597,2.4170101000718556,-0.7720764530822959,ab_history_policy
z_reward,2,P24,335.0,ab=high|lag0=high|lag5=high,1.090734314831058,1.0558516765585104,0.03488263827254756,ab_history_policy
z_reward,2,P24,368.0,ab=low|lag0=low|lag5=low,-0.2620890031029859,0.6763173984052899,-0.9384064015082758,ab_history_policy
z_reward,2,P24,377.0,ab=low|lag0=low|lag5=mid,-0.4751772751537843,0.04659935980775536,-0.5217766349615396,ab_history_policy
z_reward,2,P24,381.0,ab=mid|lag0=mid|lag5=mid,-0.36105586961583547,0.010877672362157167,-0.3719335419779926,ab_history_policy
z_reward,2,P24,395.0,ab=low|lag0=low|lag5=low,-0.32013804299679416,0.3781164062815592,-0.6982544492783533,ab_history_policy
z_reward,2,P24,417.0,nan,0.0,0.0,0.0,ab_history_policy
z_reward,2,P8,6.0,ab=mid|lag0=mid|lag5=low,0.06576106961953679,0.04713968833528556,0.018621381284251226,ab_history_policy
z_reward,2,P8,8.0,ab=mid|lag0=mid|lag5=low,-0.1998215455627506,0.26078684011376907,-0.4606083856765197,ab_history_policy
z_reward,2,P8,24.0,ab=high|lag0=high|lag5=high,0.613387440454463,0.5553740715878329,0.05801336886663011,ab_history_policy
z_reward,2,P8,34.0,ab=low|lag0=low|lag5=mid,-0.42797510805187505,-0.2311467479164119,-0.19682836013546315,ab_history_policy
z_reward,2,P8,50.0,ab=low|lag0=low|lag5=high,0.6872895971767222,2.3413930770952325,-1.6541034799185104,ab_history_policy
z_reward,2,P8,91.0,ab=mid|lag0=mid|lag5=mid,-0.015087068203020998,-0.01792808847616198,0.0028410202731409817,ab_history_policy
z_reward,2,P8,99.0,ab=high|lag0=high|lag5=mid,0.6230523935339758,0.03574210001968431,0.5873102935142915,ab_history_policy
z_reward,2,P8,109.0,ab=high|lag0=high|lag5=high,0.7038530215293065,1.6501413852684144,-0.9462883637391079,ab_history_policy
z_reward,2,P8,119.0,ab=high|lag0=high|lag5=high,0.26444984377605885,0.07464147953505604,0.1898083642410028,ab_history_policy
z_reward,2,P8,152.0,ab=high|lag0=high|lag5=high,1.0322401382006168,3.0061204677208835,-1.9738803295202667,ab_history_policy
z_reward,2,P8,214.0,ab=mid|lag0=mid|lag5=low,-0.20558454504297682,0.47390054578577023,-0.6794850908287471,ab_history_policy
z_reward,2,P8,220.0,ab=mid|lag0=mid|lag5=mid,-0.10698565351928335,0.32658106957871563,-0.433566723097999,ab_history_policy
z_reward,2,P8,238.0,ab=low|lag0=low|lag5=mid,-0.4597884759368489,1.897248201272352,-2.3570366772092006,ab_history_policy
z_reward,2,P8,272.0,ab=mid|lag0=mid|lag5=high,2.424064150024077,1.6514079125410852,0.772656237482992,ab_history_policy
z_reward,2,P8,306.0,ab=high|lag0=high|lag5=high,-0.07406133840303356,-0.14020424349693697,0.06614290509390341,ab_history_policy
z_reward,2,P8,332.0,ab=mid|lag0=mid|lag5=low,-0.1256172048645686,1.8048478853071002,-1.9304650901716687,ab_history_policy
z_reward,2,P8,354.0,ab=low|lag0=low|lag5=low,-0.1363553258931156,1.3651532301482168,-1.5015085560413324,ab_history_policy
z_reward,2,P8,382.0,ab=mid|lag0=mid|lag5=mid,0.10525567888586368,1.2867856369235975,-1.1815299580377339,ab_history_policy
z_reward,3,P1,42.0,ab=low|lag0=low|lag5=mid,0.010854050923973652,0.23874259993798955,-0.2278885490140159,ab_history_policy
z_reward,3,P1,53.0,ab=low|lag0=low|lag5=mid,-0.2737702787446002,0.27105184120500864,-0.5448221199496088,ab_history_policy
z_reward,3,P1,66.0,ab=mid|lag0=mid|lag5=high,0.3873934810508285,-0.11240762471671713,0.4998011057675456,ab_history_policy
z_reward,3,P1,85.0,ab=high|lag0=high|lag5=high,0.06516124217943378,0.3980827009213903,-0.33292145874195656,ab_history_policy
z_reward,3,P1,86.0,ab=high|lag0=high|lag5=mid,0.3147510068059193,0.39464251403717204,-0.07989150723125277,ab_history_policy
z_reward,3,P1,102.0,ab=low|lag0=low|lag5=low,-0.0314744564489538,0.8250719898715565,-0.8565464463205104,ab_history_policy
z_reward,3,P1,114.0,ab=low|lag0=low|lag5=mid,-0.4970352370778398,0.3643920326028562,-0.8614272696806959,ab_history_policy
z_reward,3,P1,135.0,ab=mid|lag0=mid|lag5=high,0.36300952201115455,0.42706140166106754,-0.06405187964991299,ab_history_policy
z_reward,3,P1,145.0,ab=mid|lag0=mid|lag5=mid,-0.1837195754236174,-0.1796107088980925,-0.00410886652552489,ab_history_policy
z_reward,3,P1,155.0,ab=high|lag0=high|lag5=high,0.737916356483684,0.6416854206739528,0.09623093580973119,ab_history_policy
z_reward,3,P1,164.0,ab=low|lag0=low|lag5=mid,-0.14856529353142597,-0.3254742262239457,0.1769089326925197,ab_history_policy
z_reward,3,P1,169.0,ab=mid|lag0=mid|lag5=low,-0.1634498745687192,-0.4195961830615734,0.25614630849285425,ab_history_policy
z_reward,3,P1,192.0,ab=low|lag0=low|lag5=mid,-0.33105674934470636,0.22187920902976552,-0.5529359583744718,ab_history_policy
z_reward,3,P1,218.0,ab=high|lag0=high|lag5=low,1.4159729512407,0.011510311914277038,1.404462639326423,ab_history_policy
z_reward,3,P1,255.0,ab=high|lag0=high|lag5=high,0.1344076967714945,0.09991751910410465,0.03449017766738985,ab_history_policy
z_reward,3,P1,258.0,ab=mid|lag0=mid|lag5=mid,-0.41073005761952264,-0.4186095427032559,0.007879485083733262,ab_history_policy
z_reward,3,P1,265.0,ab=low|lag0=low|lag5=high,0.6735349484002439,-0.21303899276849084,0.8865739411687347,ab_history_policy
z_reward,3,P1,271.0,ab=high|lag0=high|lag5=high,0.4610098022161121,0.44332324059411216,0.01768656162199994,ab_history_policy
z_reward,3,P1,281.0,ab=high|lag0=high|lag5=mid,0.42447824474707163,-0.48575950952823577,0.9102377542753074,ab_history_policy
z_reward,3,P1,300.0,ab=high|lag0=high|lag5=low,0.7460786293430229,0.3598323642566379,0.38624626508638504,ab_history_policy
z_reward,3,P1,302.0,ab=mid|lag0=mid|lag5=low,-0.4795991261521512,0.366693738483463,-0.8462928646356143,ab_history_policy
z_reward,3,P1,317.0,ab=low|lag0=low|lag5=low,0.22791122619545318,2.1389810860230374,-1.9110698598275841,ab_history_policy
z_reward,3,P1,330.0,ab=low|lag0=low|lag5=mid,-0.05396549215591166,2.0734849254830934,-2.127450417639005,ab_history_policy
z_reward,3,P1,347.0,ab=mid|lag0=mid|lag5=mid,-0.14351560557383727,0.0762166990413331,-0.21973230461517038,ab_history_policy
z_reward,3,P1,362.0,ab=high|lag0=high|lag5=mid,0.5064125639928304,1.8164033005042683,-1.309990736511438,ab_history_policy
z_reward,3,P1,381.0,ab=low|lag0=low|lag5=mid,-0.47217184431586123,0.2675545654568739,-0.7397264097727352,ab_history_policy
z_reward,3,P1,394.0,ab=low|lag0=low|lag5=high,0.29071639352229384,1.6854173663112932,-1.3947009727889994,ab_history_policy
z_reward,3,P18,12.0,ab=mid|lag0=mid|lag5=mid,-0.07897970370356358,0.6835065368557758,-0.7624862405593393,ab_history_policy
z_reward,3,P18,29.0,ab=mid|lag0=mid|lag5=high,0.6355696405519153,-0.09683617277604716,0.7324058133279625,ab_history_policy
z_reward,3,P18,41.0,ab=mid|lag0=mid|lag5=low,-0.45637138823514933,0.48753451189914865,-0.943905900134298,ab_history_policy
z_reward,3,P18,49.0,ab=mid|lag0=mid|lag5=low,-0.3100678989965912,0.22345820417846152,-0.5335261031750527,ab_history_policy
z_reward,3,P18,73.0,ab=mid|lag0=mid|lag5=high,0.7506856104221112,0.16335182357255548,0.5873337868495557,ab_history_policy
z_reward,3,P18,93.0,ab=mid|lag0=mid|lag5=low,0.18935090766330084,2.0968231004922866,-1.9074721928289857,ab_history_policy
z_reward,3,P18,102.0,ab=high|lag0=high|lag5=high,0.3541058186674467,0.31441001360054105,0.039695805066905676,ab_history_policy
z_reward,3,P18,128.0,ab=high|lag0=high|lag5=low,1.1499758755062501,0.8455191436622935,0.3044567318439566,ab_history_policy
z_reward,3,P18,145.0,ab=mid|lag0=mid|lag5=high,0.5759424882857485,0.871467089048181,-0.2955246007624326,ab_history_policy
z_reward,3,P18,161.0,ab=high|lag0=high|lag5=high,0.26044923534966763,0.5433855527792855,-0.28293631742961783,ab_history_policy
z_reward,3,P18,175.0,ab=low|lag0=low|lag5=high,1.3605025058047717,0.28231844850758364,1.0781840572971881,ab_history_policy
z_reward,3,P18,195.0,ab=high|lag0=high|lag5=high,0.7110002149883881,1.0564389501346074,-0.34543873514621937,ab_history_policy
z_reward,3,P18,228.0,ab=high|lag0=high|lag5=mid,0.6140543109728915,0.7459258939826708,-0.1318715830097793,ab_history_policy
z_reward,3,P18,242.0,ab=low|lag0=low|lag5=low,-0.5861402481691275,0.13160690068740094,-0.7177471488565283,ab_history_policy
z_reward,3,P18,258.0,ab=high|lag0=high|lag5=high,0.5400607002434481,1.0017549524509812,-0.46169425220753313,ab_history_policy
z_reward,3,P18,289.0,ab=low|lag0=low|lag5=low,-0.2880152645656368,0.6881749394717059,-0.9761902040373427,ab_history_policy
z_reward,3,P18,321.0,ab=mid|lag0=mid|lag5=low,-0.06750361488948464,0.6970345065888394,-0.764538121478324,ab_history_policy
z_reward,3,P18,353.0,ab=low|lag0=low|lag5=low,-0.638255134180941,0.1826624481946002,-0.8209175823755412,ab_history_policy
z_reward,3,P18,380.0,ab=low|lag0=low|lag5=low,-0.3314916687084939,0.5411927505787792,-0.8726844192872731,ab_history_policy
z_reward,3,P18,409.0,nan,0.09936278803664558,0.09936278803664558,0.0,ab_history_policy
z_reward,3,P19,12.0,ab=low|lag0=low|lag5=high,1.0299017588161796,0.7591573381216242,0.2707444206945554,ab_history_policy
z_reward,3,P19,21.0,ab=mid|lag0=mid|lag5=high,0.8295874627663732,0.34346218009652413,0.48612528266984906,ab_history_policy
z_reward,3,P19,41.0,ab=low|lag0=low|lag5=high,0.7107361894215655,-0.6836011866869589,1.3943373761085245,ab_history_policy
z_reward,3,P19,75.0,ab=mid|lag0=mid|lag5=mid,-0.07936316291322307,0.1736955594429462,-0.2530587223561693,ab_history_policy
z_reward,3,P19,86.0,ab=low|lag0=low|lag5=low,-0.11323851500321988,0.43572548616621015,-0.54896400116943,ab_history_policy
z_reward,3,P19,95.0,ab=mid|lag0=mid|lag5=low,0.01132187869644529,-0.3206118105245531,0.3319336892209984,ab_history_policy
z_reward,3,P19,124.0,ab=low|lag0=low|lag5=low,-0.6530205287918429,0.2763964071783794,-0.9294169359702222,ab_history_policy
z_reward,3,P19,147.0,ab=high|lag0=high|lag5=high,0.2934570729411003,0.6903692200571456,-0.39691214711604533,ab_history_policy
z_reward,3,P19,165.0,ab=high|lag0=high|lag5=low,1.7213053107797753,0.11817776604116136,1.603127544738614,ab_history_policy
z_reward,3,P19,190.0,ab=low|lag0=low|lag5=low,-0.5068180524099337,0.28231844850758364,-0.7891365009175173,ab_history_policy
z_reward,3,P19,213.0,ab=low|lag0=low|lag5=mid,0.07195010126326629,1.1205433792367772,-1.0485932779735108,ab_history_policy
z_reward,3,P19,249.0,ab=low|lag0=low|lag5=mid,-0.4131170422747543,-0.2609849543104154,-0.1521320879643389,ab_history_policy
z_reward,3,P19,259.0,ab=low|lag0=low|lag5=low,0.29487916015740145,0.31716191132211263,-0.02228275116471118,ab_history_policy
z_reward,3,P19,279.0,ab=high|lag0=high|lag5=mid,0.7062089071574722,0.8701619355847451,-0.16395302842727288,ab_history_policy
z_reward,3,P19,330.0,ab=high|lag0=high|lag5=mid,0.3344232850267675,0.027229630928141013,0.3071936540986265,ab_history_policy
z_reward,3,P19,344.0,ab=mid|lag0=mid|lag5=mid,-0.25397260872945865,1.491189994510954,-1.7451626032404126,ab_history_policy
z_reward,3,P19,351.0,ab=mid|lag0=mid|lag5=mid,0.4504015920769128,0.4532527434890739,-0.0028511514121610793,ab_history_policy
z_reward,3,P19,360.0,ab=high|lag0=high|lag5=high,0.1549571556830752,0.27897261704457504,-0.12401546136149985,ab_history_policy
z_reward,3,P19,384.0,ab=low|lag0=low|lag5=mid,0.22097605613167454,2.8815839811457025,-2.6606079250140278,ab_history_policy
z_reward,3,P19,398.0,ab=high|lag0=high|lag5=high,1.0057685960319154,2.6434633689745497,-1.6376947729426343,ab_history_policy
z_reward,3,P2,41.0,ab=low|lag0=low|lag5=low,-0.4708817358626473,0.1869216955575006,-0.657803431420148,ab_history_policy
z_reward,3,P2,67.0,ab=low|lag0=low|lag5=mid,-0.12838204582022675,0.2754941696851852,-0.403876215505412,ab_history_policy
z_reward,3,P2,85.0,ab=low|lag0=low|lag5=high,1.048494165211927,0.9795029299410025,0.06899123527092454,ab_history_policy
z_reward,3,P2,106.0,ab=low|lag0=low|lag5=high,1.4532375104614195,-0.29831557364899824,1.7515530841104177,ab_history_policy
z_reward,3,P2,113.0,ab=high|lag0=high|lag5=high,0.23735869921329286,1.0459796504253625,-0.8086209512120696,ab_history_policy
z_reward,3,P2,129.0,ab=mid|lag0=mid|lag5=low,-0.28402896667330607,0.2773292393406235,-0.5613582060139295,ab_history_policy
z_reward,3,P2,146.0,ab=low|lag0=low|lag5=high,1.0347706302517141,1.4276198891709764,-0.39284925891926226,ab_history_policy
z_reward,3,P2,173.0,ab=low|lag0=low|lag5=mid,-0.22058485473230094,1.236775102165778,-1.4573599568980788,ab_history_policy
z_reward,3,P2,177.0,ab=mid|lag0=mid|lag5=low,-0.23962494226604214,1.0543629729310633,-1.2939879151971054,ab_history_policy
z_reward,3,P2,187.0,ab=low|lag0=low|lag5=low,-0.3959000739730585,-0.3887413613418086,-0.007158712631249897,ab_history_policy
z_reward,3,P2,198.0,ab=high|lag0=high|lag5=high,0.3592413866732698,0.2808664858709953,0.07837490080227455,ab_history_policy
z_reward,3,P2,219.0,ab=high|lag0=high|lag5=mid,0.6261950632131172,-0.06275421692779953,0.6889492801409167,ab_history_policy
z_reward,3,P2,234.0,ab=high|lag0=high|lag5=high,0.27749741255054877,0.4183690211951649,-0.14087160864461612,ab_history_policy
z_reward,3,P2,261.0,ab=high|lag0=high|lag5=mid,1.3226490703162421,0.5929152632724668,0.7297338070437753,ab_history_policy
z_reward,3,P2,286.0,ab=mid|lag0=mid|lag5=low,-0.4995043164969958,-0.0319970309278252,-0.4675072855691706,ab_history_policy
z_reward,3,P2,306.0,ab=low|lag0=low|lag5=high,0.9647311495387474,2.8079763060377037,-1.8432451564989563,ab_history_policy
z_reward,3,P2,347.0,ab=low|lag0=low|lag5=high,0.4434033434740551,0.7118554760270667,-0.2684521325530116,ab_history_policy
z_reward,3,P2,365.0,ab=low|lag0=low|lag5=low,-0.6552525270342606,-0.2523413088051375,-0.4029112182291231,ab_history_policy
z_reward,3,P2,384.0,ab=low|lag0=low|lag5=mid,-0.5179810065127769,-0.3983493343916352,-0.11963167212114167,ab_history_policy
z_reward,3,P2,399.0,ab=mid|lag0=mid|lag5=low,-0.05058282266739979,-0.312536540319919,0.26195371765251924,ab_history_policy
z_reward,3,P2,417.0,nan,0.0,0.0,0.0,ab_history_policy
z_reward,3,P7,20.0,ab=high|lag0=high|lag5=low,0.7061232468886733,0.09870393957309823,0.6074193073155751,ab_history_policy
z_reward,3,P7,48.0,ab=high|lag0=high|lag5=high,0.16237118360558853,0.07794021577431451,0.08443096783127402,ab_history_policy
z_reward,3,P7,78.0,ab=mid|lag0=mid|lag5=mid,-0.20561706302556537,-0.07113544986622744,-0.13448161315933793,ab_history_policy
z_reward,3,P7,79.0,ab=high|lag0=high|lag5=low,1.021096613219635,-0.031079194811362246,1.0521758080309973,ab_history_policy
z_reward,3,P7,93.0,ab=low|lag0=low|lag5=low,-0.018300336655108315,3.753870550650505,-3.772170887305613,ab_history_policy
z_reward,3,P7,121.0,ab=mid|lag0=mid|lag5=mid,0.0005657867147943856,0.8417471137937333,-0.841181327078939,ab_history_policy
z_reward,3,P7,129.0,ab=high|lag0=high|lag5=high,0.4975206402967743,0.6354070733035482,-0.1378864330067739,ab_history_policy
z_reward,3,P7,138.0,ab=high|lag0=high|lag5=high,1.5005100269705745,1.4418055633232454,0.058704463647329064,ab_history_policy
z_reward,3,P7,148.0,ab=mid|lag0=mid|lag5=mid,0.3243168485707383,0.8685219514828264,-0.5442051029120881,ab_history_policy
z_reward,3,P7,160.0,ab=mid|lag0=mid|lag5=high,0.6567902051245642,2.295952616669083,-1.639162411544519,ab_history_policy
z_reward,3,P7,172.0,ab=mid|lag0=mid|lag5=mid,-0.13476524399327386,0.2960929217829492,-0.43085816577622305,ab_history_policy
z_reward,3,P7,190.0,ab=mid|lag0=mid|lag5=high,0.701800440774979,0.6807480267598485,0.021052414015130583,ab_history_policy
z_reward,3,P7,221.0,ab=high|lag0=high|lag5=low,0.6657864953190729,-0.10173742888957074,0.7675239242086436,ab_history_policy
z_reward,3,P7,295.0,ab=mid|lag0=mid|lag5=mid,0.21654403198148986,0.2823184485075823,-0.06577441652609245,ab_history_policy
z_reward,3,P7,298.0,ab=mid|lag0=mid|lag5=high,0.494529913398056,0.13606770448750236,0.3584622089105537,ab_history_policy
z_reward,3,P7,306.0,ab=high|lag0=high|lag5=mid,0.5187109085425516,0.9310209160773015,-0.4123100075347499,ab_history_policy
z_reward,3,P7,347.0,ab=mid|lag0=mid|lag5=low,-0.02319234025889491,0.13906214886087248,-0.1622544891197674,ab_history_policy
z_reward,3,P7,363.0,ab=high|lag0=high|lag5=high,0.6248828434934371,1.7266701443733758,-1.1017873008799386,ab_history_policy
z_reward,3,P7,397.0,ab=high|lag0=high|lag5=high,0.44613990227516465,0.39292078839502476,0.05321911388013989,ab_history_policy
z_reward,3,P7,406.0,nan,-0.33638517055061856,-0.33638517055061856,0.0,ab_history_policy
z_reward,4,P22,36.0,ab=low|lag0=low|lag5=low,-0.47781680795093395,0.7764638643879016,-1.2542806723388356,ab_history_policy
z_reward,4,P22,54.0,ab=high|lag0=high|lag5=low,0.8767292583623797,0.4769960546618107,0.399733203700569,ab_history_policy
z_reward,4,P22,64.0,ab=mid|lag0=mid|lag5=low,-0.48993412255586843,0.1259824214927026,-0.615916544048571,ab_history_policy
z_reward,4,P22,84.0,ab=high|lag0=high|lag5=mid,0.3500943408453061,0.22582356725301442,0.12427077359229169,ab_history_policy
z_reward,4,P22,117.0,ab=high|lag0=high|lag5=high,0.49626488075005615,0.49632271552961926,-5.783477956311511e-05,ab_history_policy
z_reward,4,P22,127.0,ab=high|lag0=high|lag5=high,-0.012682795055629126,-0.04604831735534004,0.03336552229971092,ab_history_policy
z_reward,4,P22,142.0,ab=high|lag0=high|lag5=high,0.7666502001878778,3.253472021839643,-2.4868218216517652,ab_history_policy
z_reward,4,P22,148.0,ab=high|lag0=high|lag5=low,0.868756010390483,-0.2222849479985189,1.091040958389002,ab_history_policy
z_reward,4,P22,160.0,ab=high|lag0=high|lag5=high,0.6057017525301639,1.0492703068006384,-0.4435685542704745,ab_history_policy
z_reward,4,P22,179.0,ab=high|lag0=high|lag5=high,1.4445029763606578,4.285837456007508,-2.84133447964685,ab_history_policy
z_reward,4,P22,215.0,ab=mid|lag0=mid|lag5=high,1.1008684503989306,0.23106565471283844,0.8698027956860921,ab_history_policy
z_reward,4,P22,232.0,ab=mid|lag0=mid|lag5=mid,-0.015281546408523451,0.5300492206105959,-0.5453307670191193,ab_history_policy
z_reward,4,P22,253.0,ab=mid|lag0=mid|lag5=mid,-0.3864822194863764,0.1327458946379291,-0.5192281141243055,ab_history_policy
z_reward,4,P22,273.0,ab=mid|lag0=mid|lag5=high,0.6128859993470107,2.2813785478691058,-1.668492548522095,ab_history_policy
z_reward,4,P22,352.0,ab=mid|lag0=mid|lag5=low,-0.030828778439386615,-0.07700359229105475,0.046174813851668134,ab_history_policy
z_reward,4,P22,411.0,nan,0.06228552595208561,0.06228552595208561,0.0,ab_history_policy
z_reward,4,P25,23.0,ab=high|lag0=high|lag5=high,-0.04960910450166753,0.49904170556369226,-0.5486508100653598,ab_history_policy
z_reward,4,P25,27.0,ab=high|lag0=high|lag5=high,-0.0920595380314179,0.8033143815889247,-0.8953739196203425,ab_history_policy
z_reward,4,P25,40.0,ab=low|lag0=low|lag5=mid,-0.15434569068322967,0.6298498060747887,-0.7841954967580184,ab_history_policy
z_reward,4,P25,57.0,ab=mid|lag0=mid|lag5=high,1.5754517156326253,0.3738284442657536,1.2016232713668717,ab_history_policy
z_reward,4,P25,87.0,ab=mid|lag0=mid|lag5=mid,-0.10194695461696718,0.7177408387360668,-0.819687793353034,ab_history_policy
z_reward,4,P25,89.0,ab=mid|lag0=mid|lag5=low,-0.41660682513879915,-0.6878184196296697,0.27121159449087057,ab_history_policy
z_reward,4,P25,165.0,ab=high|lag0=high|lag5=high,0.2942196070098301,0.9422482290173285,-0.6480286220074984,ab_history_policy
z_reward,4,P25,190.0,ab=mid|lag0=mid|lag5=mid,-0.1558417462716304,0.4005711991421661,-0.5564129454137965,ab_history_policy
z_reward,4,P25,208.0,ab=low|lag0=low|lag5=high,1.05114425983954,0.9198083952675561,0.13133586457198387,ab_history_policy
z_reward,4,P25,219.0,ab=high|lag0=high|lag5=mid,0.5312531328218133,0.5483109458822818,-0.017057813060468496,ab_history_policy
z_reward,4,P25,227.0,ab=mid|lag0=mid|lag5=low,-0.40728765882401957,1.5080774932086412,-1.9153651520326607,ab_history_policy
z_reward,4,P25,240.0,ab=mid|lag0=mid|lag5=mid,0.05840914001019884,2.5616514819652596,-2.503242341955061,ab_history_policy
z_reward,4,P25,274.0,ab=low|lag0=low|lag5=low,-0.566813731903584,0.2358406916929744,-0.8026544235965584,ab_history_policy
z_reward,4,P25,289.0,ab=high|lag0=high|lag5=mid,0.9856319366202647,1.1588583597491247,-0.17322642312885994,ab_history_policy
z_reward,4,P25,332.0,ab=mid|lag0=mid|lag5=low,0.3935767739115439,1.5336796563300907,-1.1401028824185468,ab_history_policy
z_reward,4,P25,346.0,ab=mid|lag0=mid|lag5=mid,0.5308091232012631,2.7801167976066306,-2.2493076744053675,ab_history_policy
z_reward,4,P25,360.0,ab=low|lag0=low|lag5=high,0.9760468301987354,2.8304906207377516,-1.8544437905390163,ab_history_policy
z_reward,4,P25,404.0,nan,-0.2712502940346275,-0.2712502940346275,0.0,ab_history_policy
z_reward,4,P4,46.0,ab=high|lag0=high|lag5=high,-0.025024944634369058,-0.0463536855733064,0.021328740938937343,ab_history_policy
z_reward,4,P4,75.0,ab=high|lag0=high|lag5=mid,1.4353040655777232,0.41178959617006383,1.0235144694076594,ab_history_policy
z_reward,4,P4,111.0,ab=mid|lag0=mid|lag5=mid,-0.6110850388196187,0.09374805434949655,-0.7048330931691152,ab_history_policy
z_reward,4,P4,137.0,ab=low|lag0=low|lag5=mid,-0.21816638468487048,-0.27948320874216703,0.06131682405729655,ab_history_policy
z_reward,4,P4,143.0,ab=high|lag0=high|lag5=high,0.13180558186308916,0.1295026244444977,0.0023029574185914614,ab_history_policy
z_reward,4,P4,162.0,ab=high|lag0=high|lag5=mid,0.5271047992634184,0.9975783382013916,-0.4704735389379733,ab_history_policy
z_reward,4,P4,191.0,ab=mid|lag0=mid|lag5=high,0.39462248988991644,0.4002874876227272,-0.0056649977328107615,ab_history_policy
z_reward,4,P4,215.0,ab=low|lag0=low|lag5=high,0.7218800885277458,-0.47466251445242535,1.1965426029801711,ab_history_policy
z_reward,4,P4,227.0,ab=high|lag0=high|lag5=mid,0.5167578120659293,0.2672954704614876,0.2494623416044417,ab_history_policy
z_reward,4,P4,239.0,ab=low|lag0=low|lag5=low,-0.41452181631799223,1.0475248285131575,-1.4620466448311498,ab_history_policy
z_reward,4,P4,255.0,ab=low|lag0=low|lag5=high,3.4075076984260124,-0.10269320044773748,3.51020089887375,ab_history_policy
z_reward,4,P4,263.0,ab=high|lag0=high|lag5=high,0.5558035580926983,1.0251342273337791,-0.4693306692410808,ab_history_policy
z_reward,4,P4,267.0,ab=high|lag0=high|lag5=high,0.30815112427724844,0.9710516455419989,-0.6629005212647504,ab_history_policy
z_reward,4,P4,290.0,ab=low|lag0=low|lag5=mid,-0.2832109692005937,-0.23798442345074347,-0.04522654574985022,ab_history_policy
z_reward,4,P4,304.0,ab=low|lag0=low|lag5=low,-0.17695034993200426,1.794670777692143,-1.971621127624147,ab_history_policy
z_reward,4,P4,329.0,ab=mid|lag0=mid|lag5=high,1.4979601145406087,1.0095592761334844,0.48840083840712434,ab_history_policy
z_reward,4,P4,355.0,ab=high|lag0=high|lag5=low,0.8700241289861022,1.173989765810695,-0.3039656368245929,ab_history_policy
z_reward,4,P4,369.0,ab=low|lag0=low|lag5=mid,-0.25711618586980767,0.28405256027095377,-0.5411687461407615,ab_history_policy
z_reward,4,P4,381.0,ab=mid|lag0=mid|lag5=low,-0.10867521426154499,-0.008216925269210938,-0.10045828899233405,ab_history_policy
z_reward,4,P5,6.0,ab=high|lag0=high|lag5=high,0.5115880195668618,0.45882411041111226,0.05276390915574958,ab_history_policy
z_reward,4,P5,13.0,ab=high|lag0=high|lag5=high,0.5249497210233013,1.184077560706012,-0.6591278396827106,ab_history_policy
z_reward,4,P5,24.0,ab=high|lag0=high|lag5=high,0.501272953746199,0.7902771689774326,-0.28900421523123365,ab_history_policy
z_reward,4,P5,37.0,ab=mid|lag0=mid|lag5=mid,0.4450031433457653,1.814905573938139,-1.3699024305923737,ab_history_policy
z_reward,4,P5,47.0,ab=mid|lag0=mid|lag5=mid,0.38906361836914793,2.224262974559132,-1.835199356189984,ab_history_policy
z_reward,4,P5,65.0,ab=high|lag0=high|lag5=low,1.2961615874310908,-0.2549647312126501,1.551126318643741,ab_history_policy
z_reward,4,P5,109.0,ab=low|lag0=low|lag5=mid,-0.07981918556489304,-0.13218442244576892,0.05236523688087588,ab_history_policy
z_reward,4,P5,131.0,ab=mid|lag0=mid|lag5=low,-0.13222615849200947,1.777870056723303,-1.9100962152153125,ab_history_policy
z_reward,4,P5,150.0,ab=high|lag0=high|lag5=mid,0.5408147915149942,1.0908558274042761,-0.5500410358892819,ab_history_policy
z_reward,4,P5,157.0,ab=low|lag0=low|lag5=low,-0.5261716166769749,0.28212808617006474,-0.8082997028470396,ab_history_policy
z_reward,4,P5,173.0,ab=low|lag0=low|lag5=high,1.8270936625157692,0.07735216189187397,1.7497415006238952,ab_history_policy
z_reward,4,P5,200.0,ab=mid|lag0=mid|lag5=mid,0.6170908036387583,2.180845584948476,-1.5637547813097177,ab_history_policy
z_reward,4,P5,209.0,ab=high|lag0=high|lag5=low,0.4513873905870105,1.6565676929001913,-1.2051803023131809,ab_history_policy
z_reward,4,P5,221.0,ab=low|lag0=low|lag5=low,-0.748260312906692,-0.39677972736668443,-0.3514805855400076,ab_history_policy
z_reward,4,P5,242.0,ab=low|lag0=low|lag5=low,-0.5028244616146621,-0.06620340708385727,-0.4366210545308048,ab_history_policy
z_reward,4,P5,336.0,ab=low|lag0=low|lag5=mid,-0.17856930432713825,0.6080063624881581,-0.7865756668152963,ab_history_policy
z_reward,4,P5,342.0,ab=mid|lag0=mid|lag5=mid,0.7525287149829079,1.2494184257834702,-0.4968897108005623,ab_history_policy
z_reward,4,P5,351.0,ab=low|lag0=low|lag5=low,-0.7271373120249113,0.3606293587495356,-1.0877666707744469,ab_history_policy
z_reward,4,P5,369.0,ab=mid|lag0=mid|lag5=low,-0.12035451835822361,-0.11121777544409917,-0.009136742914124446,ab_history_policy
z_reward,4,P5,382.0,ab=high|lag0=high|lag5=low,1.0450069325447762,-0.13158807449852172,1.1765950070432978,ab_history_policy
z_reward,4,P5,391.0,ab=low|lag0=low|lag5=low,-0.13869498113177667,1.2384324347355287,-1.3771274158673052,ab_history_policy
z_reward,4,P5,402.0,nan,-0.44833748079005004,-0.44833748079005004,0.0,ab_history_policy
z_reward,4,P9,15.0,ab=low|lag0=low|lag5=low,-0.4699267989744067,1.8253046230442038,-2.2952314220186105,ab_history_policy
z_reward,4,P9,46.0,ab=mid|lag0=mid|lag5=high,0.44490218710037926,1.967421155075564,-1.5225189679751847,ab_history_policy
z_reward,4,P9,84.0,ab=high|lag0=high|lag5=mid,0.4605571625275499,1.8995500999406603,-1.4389929374131103,ab_history_policy
z_reward,4,P9,104.0,ab=low|lag0=low|lag5=mid,0.08760093410226676,0.4835033948202096,-0.39590246071794283,ab_history_policy
z_reward,4,P9,111.0,ab=high|lag0=high|lag5=high,0.2957829031658398,0.7830474920730612,-0.48726458890722146,ab_history_policy
z_reward,4,P9,145.0,ab=high|lag0=high|lag5=high,0.09879989525763273,0.2823184485075823,-0.1835185532499496,ab_history_policy
z_reward,4,P9,156.0,ab=mid|lag0=mid|lag5=mid,-0.2309744056706838,0.1767636603864953,-0.4077380660571791,ab_history_policy
z_reward,4,P9,214.0,ab=high|lag0=high|lag5=mid,0.5479359620058551,0.14273790011150336,0.4051980618943518,ab_history_policy
z_reward,4,P9,229.0,ab=high|lag0=high|lag5=high,0.12620824705804506,0.21945979597250426,-0.09325154891445919,ab_history_policy
z_reward,4,P9,254.0,ab=mid|lag0=mid|lag5=high,0.9477668778329481,0.5284208356078328,0.4193460422251153,ab_history_policy
z_reward,4,P9,264.0,ab=high|lag0=high|lag5=high,0.9636429578782093,2.5329813188363053,-1.569338360958096,ab_history_policy
z_reward,4,P9,299.0,ab=mid|lag0=mid|lag5=high,1.1495956394653886,0.3165655503296227,0.8330300891357658,ab_history_policy
z_reward,4,P9,330.0,ab=mid|lag0=mid|lag5=mid,-0.10427201517595427,-0.10426004472521858,-1.1970450735698801e-05,ab_history_policy
z_reward,4,P9,346.0,ab=high|lag0=high|lag5=mid,1.1877135745188245,1.6294104074926206,-0.441696832973796,ab_history_policy
z_reward,4,P9,355.0,ab=low|lag0=low|lag5=mid,-0.4792308398495009,0.28231844850758364,-0.7615492883570845,ab_history_policy
z_reward,4,P9,378.0,ab=high|lag0=high|lag5=high,0.3279376760173801,0.37461329489583794,-0.046675618878457836,ab_history_policy
z_reward,4,P9,398.0,ab=high|lag0=high|lag5=high,1.2861799479114686,3.303178023768018,-2.0169980758565496,ab_history_policy
rank_reward,0,P10,56.0,ab=mid|lag0=mid|lag5=mid,0.5643760203537196,1.1688710872468095,-0.60449506689309,ab_history_policy
rank_reward,0,P10,64.0,ab=high|lag0=high|lag5=mid,0.5676118245409355,0.9492650041883183,-0.38165317964738277,ab_history_policy
rank_reward,0,P10,101.0,ab=mid|lag0=mid|lag5=low,0.028090326769927454,0.8913751401012282,-0.8632848133313007,ab_history_policy
rank_reward,0,P10,106.0,ab=low|lag0=low|lag5=high,1.3926973887554657,1.2969297062136353,0.09576768254183032,ab_history_policy
rank_reward,0,P10,132.0,ab=high|lag0=high|lag5=low,1.3133854487553143,0.933620407404604,0.3797650413507103,ab_history_policy
rank_reward,0,P10,137.0,ab=low|lag0=low|lag5=low,-1.008140169084208,-0.9845783257133209,-0.02356184337088707,ab_history_policy
rank_reward,0,P10,175.0,ab=high|lag0=high|lag5=low,1.287104993593148,0.7223940708877251,0.5647109227054229,ab_history_policy
rank_reward,0,P10,191.0,ab=mid|lag0=mid|lag5=mid,0.42651115967492864,1.5159903798231351,-1.0894792201482064,ab_history_policy
rank_reward,0,P10,228.0,ab=high|lag0=high|lag5=high,-0.045910808381972645,-0.059079285951609384,0.013168477569636738,ab_history_policy
rank_reward,0,P10,252.0,ab=high|lag0=high|lag5=high,-0.07686562545110745,0.959892794903567,-1.0367584203546745,ab_history_policy
rank_reward,0,P10,268.0,ab=mid|lag0=mid|lag5=high,0.36919143148681915,0.04646979403371336,0.3227216374531058,ab_history_policy
rank_reward,0,P10,289.0,ab=high|lag0=high|lag5=mid,1.258172795418036,1.6936775092298493,-0.4355047138118133,ab_history_policy
rank_reward,0,P10,299.0,ab=low|lag0=low|lag5=low,-0.5261948697773546,0.71394501742705,-1.2401398872044047,ab_history_policy
rank_reward,0,P10,310.0,ab=mid|lag0=mid|lag5=high,0.9076027918274033,0.5802018671417117,0.3274009246856916,ab_history_policy
rank_reward,0,P10,314.0,ab=high|lag0=high|lag5=high,0.09770556023073251,0.0804135707869561,0.017291989443776412,ab_history_policy
rank_reward,0,P10,321.0,ab=mid|lag0=mid|lag5=mid,-0.02995018605680788,1.2158642068778514,-1.2458143929346592,ab_history_policy
rank_reward,0,P10,350.0,ab=low|lag0=low|lag5=high,1.102435514156574,1.6293354549500985,-0.5268999407935244,ab_history_policy
rank_reward,0,P10,391.0,ab=high|lag0=high|lag5=high,0.6224050137095309,1.544326648604876,-0.921921634895345,ab_history_policy
rank_reward,0,P11,46.0,ab=high|lag0=high|lag5=high,0.6202334049099639,0.8642561978430955,-0.24402279293313156,ab_history_policy
rank_reward,0,P11,67.0,ab=mid|lag0=mid|lag5=low,-0.4148910676368519,0.029571687112363045,-0.44446275474921493,ab_history_policy
rank_reward,0,P11,89.0,ab=high|lag0=high|lag5=high,0.8827436462051245,1.0413578777289758,-0.15861423152385135,ab_history_policy
rank_reward,0,P11,103.0,ab=high|lag0=high|lag5=high,0.20223460050714254,0.7438270555206971,-0.5415924550135545,ab_history_policy
rank_reward,0,P11,120.0,ab=mid|lag0=mid|lag5=high,0.551368397292075,1.2751320951783378,-0.7237636978862628,ab_history_policy
rank_reward,0,P11,146.0,ab=low|lag0=low|lag5=low,-0.511225059193625,0.03839571179614273,-0.5496207709897678,ab_history_policy
rank_reward,0,P11,157.0,ab=mid|lag0=mid|lag5=low,0.10769497386119102,0.8745689909121387,-0.7668740170509477,ab_history_policy
rank_reward,0,P11,181.0,ab=low|lag0=low|lag5=high,1.007575391782635,1.4547708580538503,-0.4471954662712152,ab_history_policy
rank_reward,0,P11,211.0,ab=high|lag0=high|lag5=high,-0.22737635825970517,-0.2628074046159611,0.03543104635625591,ab_history_policy
rank_reward,0,P11,240.0,ab=low|lag0=low|lag5=low,-0.7719296068699337,-0.7615080473859493,-0.010421559483984377,ab_history_policy
rank_reward,0,P11,252.0,ab=mid|lag0=mid|lag5=low,-0.5077785628607687,0.7209861437275681,-1.2287647065883367,ab_history_policy
rank_reward,0,P11,263.0,ab=low|lag0=low|lag5=low,-0.8518956083434964,1.3438499128649937,-2.19574552120849,ab_history_policy
rank_reward,0,P11,282.0,ab=mid|lag0=mid|lag5=low,-0.09526357298573104,0.7039213829292825,-0.7991849559150136,ab_history_policy
rank_reward,0,P11,292.0,ab=high|lag0=high|lag5=high,0.3997076560179739,0.6527271005344256,-0.2530194445164517,ab_history_policy
rank_reward,0,P11,309.0,ab=low|lag0=low|lag5=mid,-0.10144030254792165,0.41382044935842666,-0.5152607519063483,ab_history_policy
rank_reward,0,P11,324.0,ab=low|lag0=low|lag5=low,-0.9070851532595512,-0.3116989565991493,-0.5953861966604019,ab_history_policy
rank_reward,0,P11,376.0,ab=low|lag0=low|lag5=low,-0.3799544063650182,0.2904467550128436,-0.6704011613778618,ab_history_policy
rank_reward,0,P16,23.0,ab=mid|lag0=mid|lag5=mid,-0.4714638150591558,-0.48911805693726795,0.017654241878112154,ab_history_policy
rank_reward,0,P16,35.0,ab=low|lag0=low|lag5=low,-0.6396560150646915,-0.5162090141481406,-0.12344700091655092,ab_history_policy
rank_reward,0,P16,43.0,ab=mid|lag0=mid|lag5=mid,-0.0727505082762604,0.6612594809335682,-0.7340099892098286,ab_history_policy
rank_reward,0,P16,50.0,ab=low|lag0=low|lag5=mid,0.2281909721031052,0.4394175905558549,-0.21122661845274968,ab_history_policy
rank_reward,0,P16,53.0,ab=low|lag0=low|lag5=high,1.2942237922802124,0.4564823513541405,0.837741440926072,ab_history_policy
rank_reward,0,P16,66.0,ab=high|lag0=high|lag5=high,0.042401659774658124,0.015458105572674047,0.026943554201984077,ab_history_policy
rank_reward,0,P16,90.0,ab=mid|lag0=mid|lag5=mid,-0.0043441652496247485,0.30289950416956996,-0.3072436694191947,ab_history_policy
rank_reward,0,P16,101.0,ab=mid|lag0=mid|lag5=mid,-0.09277052645024661,0.5383891068530758,-0.6311596333033225,ab_history_policy
rank_reward,0,P16,123.0,ab=high|lag0=high|lag5=high,0.1984669384928086,0.1696522078298009,0.028814730663007715,ab_history_policy
rank_reward,0,P16,125.0,ab=high|lag0=high|lag5=high,0.42272186617985114,0.3980354295375637,0.024686436642287424,ab_history_policy
rank_reward,0,P16,139.0,ab=low|lag0=low|lag5=mid,-0.3678647831759996,0.7934155258887435,-1.1612803090647432,ab_history_policy
rank_reward,0,P16,177.0,ab=mid|lag0=mid|lag5=low,-0.28309101091836886,0.15584947829957438,-0.43894048921794326,ab_history_policy
rank_reward,0,P16,220.0,ab=high|lag0=high|lag5=high,0.6767790450742065,1.7193823792473928,-1.0426033341731862,ab_history_policy
rank_reward,0,P16,244.0,ab=mid|lag0=mid|lag5=low,0.3624977468592567,1.4121089560581361,-1.0496112091988794,ab_history_policy
rank_reward,0,P16,278.0,ab=high|lag0=high|lag5=high,0.3195221999906087,0.9342956537061385,-0.6147734537155298,ab_history_policy
rank_reward,0,P16,298.0,ab=mid|lag0=mid|lag5=low,-0.5443956059905509,-0.8499253768127216,0.3055297708221707,ab_history_policy
rank_reward,0,P16,312.0,ab=mid|lag0=mid|lag5=high,1.3119969137450984,0.9854899361009953,0.3265069776441031,ab_history_policy
rank_reward,0,P16,317.0,ab=high|lag0=high|lag5=high,0.9330985078271609,1.7072601940998857,-0.7741616862727249,ab_history_policy
rank_reward,0,P16,368.0,ab=high|lag0=high|lag5=high,0.6902396108688043,0.6725195194392356,0.017720091429568652,ab_history_policy
rank_reward,0,P16,373.0,ab=high|lag0=high|lag5=high,0.005947414887382818,0.47737152052814597,-0.47142410564076315,ab_history_policy
rank_reward,0,P16,392.0,ab=mid|lag0=mid|lag5=high,0.9732199683042729,-0.1265167983882145,1.0997367666924873,ab_history_policy
rank_reward,0,P16,406.0,nan,0.28168936308350057,0.28168936308350057,0.0,ab_history_policy
rank_reward,0,P16,417.0,nan,0.0,0.0,0.0,ab_history_policy
rank_reward,0,P17,42.0,ab=mid|lag0=mid|lag5=high,0.7785700218233871,0.8404394693155675,-0.061869447492180374,ab_history_policy
rank_reward,0,P17,52.0,ab=mid|lag0=mid|lag5=low,-0.3301510116298495,-0.055460472594428344,-0.2746905390354212,ab_history_policy
rank_reward,0,P17,68.0,ab=low|lag0=low|lag5=mid,0.151217101599768,1.4168134390870422,-1.265596337487274,ab_history_policy
rank_reward,0,P17,125.0,ab=mid|lag0=mid|lag5=high,0.5214292928168649,1.0519071558540563,-0.5304778630371914,ab_history_policy
rank_reward,0,P17,145.0,ab=low|lag0=low|lag5=low,-1.070168831215614,-0.970517205774624,-0.09965162544098993,ab_history_policy
rank_reward,0,P17,183.0,ab=high|lag0=high|lag5=high,0.6200182657419233,1.7024842723260425,-1.0824660065841192,ab_history_policy
rank_reward,0,P17,201.0,ab=high|lag0=high|lag5=mid,1.027373148234429,1.1363976904608073,-0.10902454222637825,ab_history_policy
rank_reward,0,P17,222.0,ab=mid|lag0=mid|lag5=high,1.1093084815828023,1.5081560427305143,-0.398847561147712,ab_history_policy
rank_reward,0,P17,226.0,ab=high|lag0=high|lag5=mid,0.8287533364582964,1.491257935809164,-0.6625045993508676,ab_history_policy
rank_reward,0,P17,241.0,ab=low|lag0=low|lag5=low,-0.5576435907027129,0.5703111085955727,-1.1279546992982854,ab_history_policy
rank_reward,0,P17,275.0,ab=mid|lag0=mid|lag5=high,0.43759314675193195,-0.5700405816964479,1.0076337284483798,ab_history_policy
rank_reward,0,P17,276.0,ab=mid|lag0=mid|lag5=high,0.28526017488406824,-0.45147498682605536,0.7367351617101237,ab_history_policy
rank_reward,0,P17,289.0,ab=mid|lag0=mid|lag5=mid,0.28492370457424293,0.9082732470225785,-0.6233495424483355,ab_history_policy
rank_reward,0,P17,305.0,ab=mid|lag0=mid|lag5=low,0.34037347814558544,1.002554696899281,-0.6621812187536955,ab_history_policy
rank_reward,0,P17,334.0,ab=low|lag0=low|lag5=low,-0.47206381793918056,0.24079802362924158,-0.7128618415684221,ab_history_policy
rank_reward,0,P17,342.0,ab=low|lag0=low|lag5=mid,-0.2589527128709539,0.9167223004832536,-1.1756750133542075,ab_history_policy
rank_reward,0,P17,360.0,ab=low|lag0=low|lag5=mid,-0.19548930702115608,-0.43698207291341823,0.24149276589226215,ab_history_policy
rank_reward,0,P17,374.0,ab=mid|lag0=mid|lag5=mid,-0.6571615984570113,-0.2914923443932927,-0.3656692540637186,ab_history_policy
rank_reward,0,P17,393.0,ab=low|lag0=low|lag5=low,-0.09519017056375438,1.6254184660367068,-1.7206086366004611,ab_history_policy
rank_reward,0,P17,398.0,ab=low|lag0=low|lag5=mid,-0.29027308776180605,0.772163324302438,-1.062436412064244,ab_history_policy
rank_reward,0,P21,30.0,ab=low|lag0=low|lag5=low,-0.6168653733975644,0.637903536280974,-1.2547689096785384,ab_history_policy
rank_reward,0,P21,45.0,ab=low|lag0=low|lag5=low,0.14691167281726814,1.5335032031125393,-1.3865915302952712,ab_history_policy
rank_reward,0,P21,54.0,ab=low|lag0=low|lag5=low,-0.4481181714706936,-0.0212522015863057,-0.4268659698843879,ab_history_policy
rank_reward,0,P21,89.0,ab=low|lag0=low|lag5=high,1.0632518887586575,1.668688058483342,-0.6054361697246844,ab_history_policy
rank_reward,0,P21,106.0,ab=mid|lag0=mid|lag5=low,-0.2951573098126555,0.41795996453067746,-0.7131172743433329,ab_history_policy
rank_reward,0,P21,149.0,ab=high|lag0=high|lag5=mid,1.0895720678329557,1.6766127484315636,-0.5870406805986079,ab_history_policy
rank_reward,0,P21,180.0,ab=low|lag0=low|lag5=mid,0.06669023660314756,1.4462384776547077,-1.37954824105156,ab_history_policy
rank_reward,0,P21,192.0,ab=mid|lag0=mid|lag5=low,-0.3884243869791171,1.6433408981013164,-2.0317652850804335,ab_history_policy
rank_reward,0,P21,205.0,ab=mid|lag0=mid|lag5=low,0.1721567320821214,0.446296233312418,-0.2741395012302966,ab_history_policy
rank_reward,0,P21,252.0,ab=mid|lag0=mid|lag5=high,0.7893337069601544,1.3459727671326898,-0.5566390601725354,ab_history_policy
rank_reward,0,P21,274.0,ab=high|lag0=high|lag5=high,0.5357365387084305,1.622251387754663,-1.0865148490462324,ab_history_policy
rank_reward,0,P21,325.0,ab=low|lag0=low|lag5=low,-0.48040710795759034,0.26211048623110267,-0.742517594188693,ab_history_policy
rank_reward,0,P21,366.0,ab=mid|lag0=mid|lag5=low,0.15303212883124231,1.2039901181462087,-1.0509579893149663,ab_history_policy
rank_reward,0,P21,384.0,ab=mid|lag0=mid|lag5=low,-0.3941268728194976,1.3779794344615648,-1.7721063072810623,ab_history_policy
rank_reward,0,P21,393.0,ab=low|lag0=low|lag5=mid,0.2215485633101326,-0.16638141778328502,0.3879299810934176,ab_history_policy
rank_reward,0,P21,408.0,nan,0.5983460454239183,0.5983460454239183,0.0,ab_history_policy
rank_reward,0,P3,18.0,ab=low|lag0=low|lag5=mid,-0.1181262246445162,1.0793461204915664,-1.1974723451360827,ab_history_policy
rank_reward,0,P3,19.0,ab=mid|lag0=mid|lag5=mid,-0.23390181163272028,1.1476051636847089,-1.3815069753174292,ab_history_policy
rank_reward,0,P3,25.0,ab=low|lag0=low|lag5=low,-0.8397938367552731,0.5076766337489977,-1.3474704705042708,ab_history_policy
rank_reward,0,P3,40.0,ab=low|lag0=low|lag5=low,-0.11802124544052575,0.5802018671417117,-0.6982231125822375,ab_history_policy
rank_reward,0,P3,69.0,ab=high|lag0=high|lag5=high,0.35372184739905965,0.9421809369928829,-0.5884590895938232,ab_history_policy
rank_reward,0,P3,86.0,ab=low|lag0=low|lag5=high,0.7897990335545981,1.3034683639600788,-0.5136693304054807,ab_history_policy
rank_reward,0,P3,89.0,ab=high|lag0=high|lag5=mid,0.5562881876704049,1.3729711873597117,-0.8166829996893068,ab_history_policy
rank_reward,0,P3,92.0,ab=high|lag0=high|lag5=mid,0.6802497565695987,1.2462353854495845,-0.5659856288799857,ab_history_policy
rank_reward,0,P3,121.0,ab=mid|lag0=mid|lag5=mid,0.8943673434519408,1.6010956307979405,-0.7067282873459997,ab_history_policy
rank_reward,0,P3,132.0,ab=mid|lag0=mid|lag5=high,1.1533680600213123,0.6304819803937337,0.5228860796275786,ab_history_policy
rank_reward,0,P3,164.0,ab=low|lag0=low|lag5=mid,-0.09925602491043424,1.4889003796504217,-1.5881564045608558,ab_history_policy
rank_reward,0,P3,196.0,ab=mid|lag0=mid|lag5=low,-0.3267446792938669,-0.8038836228638699,0.477138943570003,ab_history_policy
rank_reward,0,P3,237.0,ab=low|lag0=low|lag5=mid,-0.050240280806870555,-0.6260793869443971,0.5758391061375265,ab_history_policy
rank_reward,0,P3,265.0,ab=low|lag0=low|lag5=low,-0.09078118816698649,0.6294544828202987,-0.7202356709872852,ab_history_policy
rank_reward,0,P3,276.0,ab=high|lag0=high|lag5=high,0.6590771800713124,1.6718398581227094,-1.012762678051397,ab_history_policy
rank_reward,0,P3,321.0,ab=mid|lag0=mid|lag5=low,-0.044746787438707684,1.2414613480752799,-1.2862081355139876,ab_history_policy
rank_reward,0,P3,352.0,ab=low|lag0=low|lag5=low,-0.2933614953864931,1.1617448508428327,-1.4551063462293259,ab_history_policy
rank_reward,0,P3,372.0,ab=low|lag0=low|lag5=high,1.4378896980688223,-0.5719494571827268,2.009839155251549,ab_history_policy
rank_reward,0,P3,379.0,ab=high|lag0=high|lag5=mid,1.17231054057662,1.1051144824878927,0.06719605808872742,ab_history_policy
rank_reward,0,P3,386.0,ab=mid|lag0=mid|lag5=mid,0.20703763076721673,1.429173716856422,-1.2221360860892052,ab_history_policy
rank_reward,0,P3,402.0,nan,0.3526101679838737,0.5667253756348167,-0.21411520765094305,ab_history_policy
rank_reward,0,P3,416.0,nan,0.0,0.0,0.0,ab_history_policy
rank_reward,1,P12,18.0,ab=mid|lag0=mid|lag5=low,0.05698442577429544,-0.21960608305849166,0.27659050883278713,ab_history_policy
rank_reward,1,P12,59.0,ab=high|lag0=high|lag5=high,0.7373493603432375,1.702209889628992,-0.9648605292857544,ab_history_policy
rank_reward,1,P12,92.0,ab=high|lag0=high|lag5=high,0.9150367482079566,1.4097293718916066,-0.4946926236836501,ab_history_policy
rank_reward,1,P12,118.0,ab=high|lag0=high|lag5=high,-0.25437790036806274,-0.2908547632476622,0.03647686287959945,ab_history_policy
rank_reward,1,P12,125.0,ab=high|lag0=high|lag5=high,0.9516546330883827,1.7001761269044504,-0.7485214938160677,ab_history_policy
rank_reward,1,P12,175.0,ab=mid|lag0=mid|lag5=mid,-0.08789202086900176,0.5076766337489977,-0.5955686546179995,ab_history_policy
rank_reward,1,P12,188.0,ab=high|lag0=high|lag5=high,0.55682530235494,0.9988534745563646,-0.44202817220142465,ab_history_policy
rank_reward,1,P12,212.0,ab=low|lag0=low|lag5=low,-0.7677990588606473,-0.7673854567489791,-0.0004136021116681876,ab_history_policy
rank_reward,1,P12,225.0,ab=mid|lag0=mid|lag5=low,0.24932849851317382,1.4321145615844377,-1.1827860630712639,ab_history_policy
rank_reward,1,P12,231.0,ab=low|lag0=low|lag5=low,-0.5664121682404031,-0.15584947829957477,-0.41056268994082834,ab_history_policy
rank_reward,1,P12,353.0,ab=low|lag0=low|lag5=low,-0.31825728005392984,-0.03542033597717617,-0.28283694407675364,ab_history_policy
rank_reward,1,P12,395.0,ab=mid|lag0=mid|lag5=high,1.3757233938046485,1.7143442612953208,-0.33862086749067233,ab_history_policy
rank_reward,1,P14,16.0,ab=mid|lag0=mid|lag5=low,-0.24592458937248643,-0.9788591737103032,0.7329345843378168,ab_history_policy
rank_reward,1,P14,59.0,ab=high|lag0=high|lag5=mid,0.7244846922510855,0.7977775673198536,-0.07329287506876814,ab_history_policy
rank_reward,1,P14,60.0,ab=high|lag0=high|lag5=mid,0.8484525091600396,0.857504230113853,-0.009051720953813458,ab_history_policy
rank_reward,1,P14,74.0,ab=low|lag0=low|lag5=low,-0.9502266893021218,-0.3711585473627126,-0.5790681419394093,ab_history_policy
rank_reward,1,P14,95.0,ab=mid|lag0=mid|lag5=low,-0.5209088365578352,1.4152164546630874,-1.9361252912209226,ab_history_policy
rank_reward,1,P14,120.0,ab=mid|lag0=mid|lag5=low,-0.23308949461262973,-0.7559102184897413,0.5228207238771115,ab_history_policy
rank_reward,1,P14,192.0,ab=high|lag0=high|lag5=high,0.22518935789744052,0.1974550409884511,0.02773431690898942,ab_history_policy
rank_reward,1,P14,210.0,ab=mid|lag0=mid|lag5=mid,0.07963816768100745,1.4734859766505237,-1.3938478089695163,ab_history_policy
rank_reward,1,P14,254.0,ab=low|lag0=low|lag5=low,-1.0000577555581471,-0.09812237459014257,-0.9019353809680045,ab_history_policy
rank_reward,1,P14,271.0,ab=high|lag0=high|lag5=high,0.7418818882008921,1.6083537052384211,-0.8664718170375291,ab_history_policy
rank_reward,1,P14,283.0,ab=high|lag0=high|lag5=high,0.6332884694532446,1.090946348097022,-0.4576578786437775,ab_history_policy
rank_reward,1,P14,290.0,ab=mid|lag0=mid|lag5=low,0.3887201011513718,1.096410881289852,-0.7076907801384803,ab_history_policy
rank_reward,1,P14,301.0,ab=low|lag0=low|lag5=mid,-0.06936542536858167,0.8998241935619034,-0.969189618930485,ab_history_policy
rank_reward,1,P14,308.0,ab=mid|lag0=mid|lag5=high,0.8359801176265226,1.147618885660504,-0.3116387680339815,ab_history_policy
rank_reward,1,P14,320.0,ab=low|lag0=low|lag5=mid,-0.5121269533799357,-0.5872092155169227,0.07508226213698699,ab_history_policy
rank_reward,1,P14,336.0,ab=mid|lag0=mid|lag5=high,1.1598479525165444,1.650587656536404,-0.49073970401985956,ab_history_policy
rank_reward,1,P14,340.0,ab=high|lag0=high|lag5=high,0.8685565467738103,1.6151673205592278,-0.7466107737854175,ab_history_policy
rank_reward,1,P14,392.0,ab=high|lag0=high|lag5=mid,0.5988536217430127,1.1972073560285506,-0.5983537342855378,ab_history_policy
rank_reward,1,P20,24.0,ab=high|lag0=high|lag5=high,0.42727315567272744,1.5655788501911814,-1.138305694518454,ab_history_policy
rank_reward,1,P20,73.0,ab=mid|lag0=mid|lag5=mid,-0.5179721542692957,-0.46046436770328886,-0.0575077865660068,ab_history_policy
rank_reward,1,P20,98.0,ab=low|lag0=low|lag5=mid,-0.09693273589607386,0.28583474337128434,-0.3827674792673582,ab_history_policy
rank_reward,1,P20,123.0,ab=high|lag0=high|lag5=low,1.2374467524898913,1.5486270424444215,-0.3111802899545302,ab_history_policy
rank_reward,1,P20,133.0,ab=low|lag0=low|lag5=low,-0.5794567110008739,0.5027186809101714,-1.0821753919110453,ab_history_policy
rank_reward,1,P20,150.0,ab=low|lag0=low|lag5=high,1.6953213312776165,0.9086985125087099,0.7866228187689066,ab_history_policy
rank_reward,1,P20,162.0,ab=high|lag0=high|lag5=high,0.6811865954388182,0.9428280341052815,-0.2616414386664633,ab_history_policy
rank_reward,1,P20,172.0,ab=high|lag0=high|lag5=low,1.2213714376664788,0.14785843556181524,1.0735130021046635,ab_history_policy
rank_reward,1,P20,194.0,ab=mid|lag0=mid|lag5=low,-0.23979112760058474,1.280031599292285,-1.51982272689287,ab_history_policy
rank_reward,1,P20,217.0,ab=mid|lag0=mid|lag5=high,1.0494342985398835,1.1901232888331155,-0.140688990293232,ab_history_policy
rank_reward,1,P20,234.0,ab=high|lag0=high|lag5=mid,0.577900858055833,0.6885978570450244,-0.11069699898919139,ab_history_policy
rank_reward,1,P20,260.0,ab=low|lag0=low|lag5=low,-0.3640420570261319,1.3865118148607078,-1.7505538718868396,ab_history_policy
rank_reward,1,P20,292.0,ab=low|lag0=low|lag5=mid,-0.3530554331454687,1.0196194576975666,-1.3726748908430353,ab_history_policy
rank_reward,1,P20,322.0,ab=low|lag0=low|lag5=mid,0.3167060412543411,0.3626261669635698,-0.04592012570922871,ab_history_policy
rank_reward,1,P20,338.0,ab=low|lag0=low|lag5=mid,0.16614695252748218,0.7646393381911009,-0.5984923856636186,ab_history_policy
rank_reward,1,P20,347.0,ab=high|lag0=high|lag5=high,0.9281795198210112,1.140534818465069,-0.21235529864405778,ab_history_policy
rank_reward,1,P20,359.0,ab=high|lag0=high|lag5=mid,1.2531947237185639,1.310552431155514,-0.05735770743695001,ab_history_policy
rank_reward,1,P20,396.0,ab=high|lag0=high|lag5=high,0.7437886955633248,1.6517899515619916,-0.9080012559986668,ab_history_policy
rank_reward,1,P20,401.0,nan,0.5152582835549323,1.6930920597090153,-1.177833776154083,ab_history_policy
rank_reward,1,P20,415.0,nan,0.0,0.0,0.0,ab_history_policy
rank_reward,1,P26,6.0,ab=mid|lag0=mid|lag5=low,-0.26807251443820224,-0.21095121873095637,-0.05712129570724586,ab_history_policy
rank_reward,1,P26,66.0,ab=high|lag0=high|lag5=high,0.4351822902288746,1.389869294281062,-0.9546870040521873,ab_history_policy
rank_reward,1,P26,96.0,ab=low|lag0=low|lag5=low,-0.2465377852688046,1.2631334923709348,-1.5096712776397394,ab_history_policy
rank_reward,1,P26,104.0,ab=low|lag0=low|lag5=low,-0.09787942802398296,1.7192746504272776,-1.8171540784512605,ab_history_policy
rank_reward,1,P26,110.0,ab=low|lag0=low|lag5=low,-0.254948699946642,1.5230299012469928,-1.7779786011936347,ab_history_policy
rank_reward,1,P26,127.0,ab=mid|lag0=mid|lag5=mid,0.24031706672254477,1.220888225067559,-0.9805711583450143,ab_history_policy
rank_reward,1,P26,136.0,ab=low|lag0=low|lag5=high,0.6154319271217655,0.8713402650385309,-0.25590833791676537,ab_history_policy
rank_reward,1,P26,159.0,ab=high|lag0=high|lag5=high,0.6734305609226515,1.326785152066708,-0.6533545911440565,ab_history_policy
rank_reward,1,P26,169.0,ab=low|lag0=low|lag5=mid,-0.08417914747864423,0.8571721306476604,-0.9413512781263046,ab_history_policy
rank_reward,1,P26,182.0,ab=mid|lag0=mid|lag5=low,0.25978229792462815,1.6595479876332782,-1.3997656897086501,ab_history_policy
rank_reward,1,P26,200.0,ab=high|lag0=high|lag5=high,0.21551489732636567,0.17477931425849974,0.04073558306786593,ab_history_policy
rank_reward,1,P26,210.0,ab=mid|lag0=mid|lag5=mid,0.4470867939998778,1.471835618852136,-1.0247488248522583,ab_history_policy
rank_reward,1,P26,217.0,ab=mid|lag0=mid|lag5=high,1.0522276911505568,1.0838622809015872,-0.031634589751030395,ab_history_policy
rank_reward,1,P26,226.0,ab=mid|lag0=mid|lag5=low,0.24665357306195562,-0.5433169698934739,0.7899705429554296,ab_history_policy
rank_reward,1,P26,237.0,ab=low|lag0=low|lag5=mid,-0.3617255491329661,0.9172308929078529,-1.278956442040819,ab_history_policy
rank_reward,1,P26,253.0,ab=high|lag0=high|lag5=mid,0.7287877309421416,0.8925924666248364,-0.16380473568269482,ab_history_policy
rank_reward,1,P26,269.0,ab=high|lag0=high|lag5=mid,0.9254726244052393,1.4451497078687827,-0.5196770834635435,ab_history_policy
rank_reward,1,P26,346.0,ab=low|lag0=low|lag5=low,-0.8045762837013783,-0.368371494162631,-0.43620478953874736,ab_history_policy
rank_reward,1,P26,396.0,ab=low|lag0=low|lag5=mid,0.06981003763567166,1.3601409015235604,-1.2903308638878888,ab_history_policy
rank_reward,1,P6,19.0,ab=high|lag0=high|lag5=mid,0.6884077713249924,1.0130216089472353,-0.32461383762224283,ab_history_policy
rank_reward,1,P6,59.0,ab=low|lag0=low|lag5=mid,0.09870253375227754,1.626442791179966,-1.5277402574276884,ab_history_policy
rank_reward,1,P6,66.0,ab=low|lag0=low|lag5=low,-0.01469323573049492,1.6940352188653673,-1.7087284545958623,ab_history_policy
rank_reward,1,P6,86.0,ab=high|lag0=high|lag5=mid,0.6912438615639309,1.0555260121198462,-0.3642821505559153,ab_history_policy
rank_reward,1,P6,96.0,ab=high|lag0=high|lag5=mid,0.8964585635247692,1.459317842259653,-0.562859278734884,ab_history_policy
rank_reward,1,P6,134.0,ab=low|lag0=low|lag5=mid,-0.37355972359931866,0.6801488035843493,-1.053708527183668,ab_history_policy
rank_reward,1,P6,166.0,ab=high|lag0=high|lag5=mid,0.36629576840552147,1.4997069892698391,-1.1334112208643177,ab_history_policy
rank_reward,1,P6,195.0,ab=low|lag0=low|lag5=low,-0.7335305990532879,-0.02112263365168789,-0.7124079654016,ab_history_policy
rank_reward,1,P6,202.0,ab=low|lag0=low|lag5=low,-0.3621338425457128,0.43921216611698294,-0.8013460086626958,ab_history_policy
rank_reward,1,P6,297.0,ab=low|lag0=low|lag5=mid,-0.37204376435242775,1.2499937284744225,-1.6220374928268502,ab_history_policy
rank_reward,1,P6,305.0,ab=low|lag0=low|lag5=low,-0.743257892437315,-0.004224526730337578,-0.7390333657069774,ab_history_policy
rank_reward,1,P6,318.0,ab=mid|lag0=mid|lag5=high,0.6638011219426879,0.035420335977175976,0.628380785965512,ab_history_policy
rank_reward,1,P6,334.0,ab=low|lag0=low|lag5=mid,0.14621146055228249,1.3318046327418194,-1.185593172189537,ab_history_policy
rank_reward,1,P6,375.0,ab=high|lag0=high|lag5=high,0.8037957278537121,0.7863314586933084,0.017464269160403667,ab_history_policy
rank_reward,1,P6,397.0,ab=high|lag0=high|lag5=high,1.0614539915700107,1.6789239253181447,-0.617469933748134,ab_history_policy
rank_reward,2,P13,9.0,ab=high|lag0=high|lag5=low,1.060382209005986,0.9505185143259544,0.10986369468003165,ab_history_policy
rank_reward,2,P13,10.0,ab=high|lag0=high|lag5=low,1.013723299554068,0.9674166212473047,0.04630667830676327,ab_history_policy
rank_reward,2,P13,39.0,ab=mid|lag0=mid|lag5=mid,-0.11858464044263198,1.5672994169552399,-1.685884057397872,ab_history_policy
rank_reward,2,P13,41.0,ab=mid|lag0=mid|lag5=mid,-0.3378903851120853,1.5504013100338896,-1.888291695145975,ab_history_policy
rank_reward,2,P13,47.0,ab=mid|lag0=mid|lag5=low,-0.3689996679842631,1.4236655081237626,-1.7926651761080257,ab_history_policy
rank_reward,2,P13,72.0,ab=mid|lag0=mid|lag5=low,-0.4735541479008886,-0.22389991670789144,-0.24965423119299718,ab_history_policy
rank_reward,2,P13,102.0,ab=low|lag0=low|lag5=high,1.030335233197855,1.2926556304701369,-0.26232039727228185,ab_history_policy
rank_reward,2,P13,111.0,ab=mid|lag0=mid|lag5=low,0.41573525843142134,0.6125563758989484,-0.19682111746752706,ab_history_policy
rank_reward,2,P13,121.0,ab=high|lag0=high|lag5=high,0.18955621539462364,0.16790271828766734,0.0216534971069563,ab_history_policy
rank_reward,2,P13,149.0,ab=low|lag0=low|lag5=mid,-0.4927057513308751,0.6800704507617802,-1.1727762020926553,ab_history_policy
rank_reward,2,P13,188.0,ab=high|lag0=high|lag5=low,1.2163545541509087,1.6095446842586156,-0.393190130107707,ab_history_policy
rank_reward,2,P13,201.0,ab=low|lag0=low|lag5=low,-0.6976922373941687,-0.5280658412921969,-0.16962639610197183,ab_history_policy
rank_reward,2,P13,205.0,ab=low|lag0=low|lag5=low,-1.0876682062511085,-0.6041073224382731,-0.48356088381283535,ab_history_policy
rank_reward,2,P13,230.0,ab=low|lag0=low|lag5=low,-0.6189919904200785,1.5400946620452785,-2.1590866524653567,ab_history_policy
rank_reward,2,P13,233.0,ab=low|lag0=low|lag5=low,-0.06236855785755918,1.4377060972555646,-1.5000746551131239,ab_history_policy
rank_reward,2,P13,242.0,ab=mid|lag0=mid|lag5=low,0.31784877156439195,-0.20904331977899906,0.526892091343391,ab_history_policy
rank_reward,2,P13,263.0,ab=high|lag0=high|lag5=high,-0.024038008881044653,-0.0525221844703771,0.028484175589332444,ab_history_policy
rank_reward,2,P13,280.0,ab=low|lag0=low|lag5=low,-0.36338734942566714,1.0096618885506805,-1.3730492379763477,ab_history_policy
rank_reward,2,P13,308.0,ab=mid|lag0=mid|lag5=mid,0.10003057161853951,0.9067606010157069,-0.8067300293971673,ab_history_policy
rank_reward,2,P13,349.0,ab=mid|lag0=mid|lag5=high,0.6543679747248694,1.3222768665956608,-0.6679088918707914,ab_history_policy
rank_reward,2,P13,366.0,ab=high|lag0=high|lag5=mid,0.46028844150835035,1.2293372785282342,-0.7690488370198838,ab_history_policy
rank_reward,2,P13,382.0,ab=low|lag0=low|lag5=low,-0.7211885547718535,0.09209287354065746,-0.8132814283125109,ab_history_policy
rank_reward,2,P15,10.0,ab=low|lag0=low|lag5=high,0.6496988437277158,1.4947381782368292,-0.8450393345091134,ab_history_policy
rank_reward,2,P15,16.0,ab=mid|lag0=mid|lag5=low,-0.38706566365965533,0.7899864985731263,-1.1770521622327816,ab_history_policy
rank_reward,2,P15,43.0,ab=mid|lag0=mid|lag5=high,1.3310563410278158,1.7285123956861912,-0.3974560546583754,ab_history_policy
rank_reward,2,P15,83.0,ab=mid|lag0=mid|lag5=low,0.20520780670092,-0.6859859776877538,0.8911937843886738,ab_history_policy
rank_reward,2,P15,106.0,ab=mid|lag0=mid|lag5=mid,-0.6026612798261911,-0.6113324047388018,0.008671124912610684,ab_history_policy
rank_reward,2,P15,122.0,ab=mid|lag0=mid|lag5=mid,0.31091927375847117,1.5089063126276996,-1.1979870388692284,ab_history_policy
rank_reward,2,P15,176.0,ab=high|lag0=high|lag5=low,1.1676307670460486,0.5171369052667704,0.6504938617792783,ab_history_policy
rank_reward,2,P15,189.0,ab=mid|lag0=mid|lag5=low,-0.4454127183646129,0.6041073224382733,-1.0495200408028862,ab_history_policy
rank_reward,2,P15,202.0,ab=low|lag0=low|lag5=high,1.3128546251066688,0.06375660475891691,1.249098020347752,ab_history_policy
rank_reward,2,P15,235.0,ab=low|lag0=low|lag5=low,-0.6397190279966055,0.6356623397361401,-1.2753813677327455,ab_history_policy
rank_reward,2,P15,250.0,ab=low|lag0=low|lag5=mid,-0.1646997007456002,1.5588503634945647,-1.7235500642401649,ab_history_policy
rank_reward,2,P15,262.0,ab=low|lag0=low|lag5=low,-0.024091861725080793,1.6602390050226667,-1.6843308667477475,ab_history_policy
rank_reward,2,P15,272.0,ab=low|lag0=low|lag5=low,-0.6577035098672634,-0.65644377230332,-0.001259737563943486,ab_history_policy
rank_reward,2,P15,292.0,ab=high|lag0=high|lag5=high,0.9034380179783331,1.7278070308264206,-0.8243690128480875,ab_history_policy
rank_reward,2,P15,297.0,ab=high|lag0=high|lag5=mid,0.2814472716956298,-0.5433540034368686,0.8248012751324983,ab_history_policy
rank_reward,2,P15,315.0,ab=mid|lag0=mid|lag5=mid,-0.10996418382020262,0.5365148947528721,-0.6464790785730747,ab_history_policy
rank_reward,2,P15,327.0,ab=low|lag0=low|lag5=mid,-0.3107061788500411,-0.25502641903566764,-0.05567975981437345,ab_history_policy
rank_reward,2,P15,341.0,ab=high|lag0=high|lag5=mid,0.6667137809511897,1.3011880108692797,-0.63447422991809,ab_history_policy
rank_reward,2,P15,343.0,ab=mid|lag0=mid|lag5=mid,0.11958970711780914,1.3182527716675654,-1.1986630645497562,ab_history_policy
rank_reward,2,P15,358.0,ab=mid|lag0=mid|lag5=mid,0.2542715978249187,0.37545556135806607,-0.12118396353314737,ab_history_policy
rank_reward,2,P15,369.0,ab=high|lag0=high|lag5=low,1.3838006707162334,1.3138278131349856,0.06997285758124772,ab_history_policy
rank_reward,2,P15,380.0,ab=mid|lag0=mid|lag5=mid,0.10601118222414867,1.2124391716068839,-1.1064279893827351,ab_history_policy
rank_reward,2,P15,392.0,ab=low|lag0=low|lag5=mid,-0.00032133833492574426,1.0767782137061521,-1.0770995520410778,ab_history_policy
rank_reward,2,P15,400.0,nan,0.631633352105056,1.586831051777487,-0.9551976996724311,ab_history_policy
rank_reward,2,P15,415.0,nan,0.0,0.0,0.0,ab_history_policy
rank_reward,2,P15,417.0,nan,0.0,0.0,0.0,ab_history_policy
rank_reward,2,P23,32.0,ab=low|lag0=low|lag5=mid,0.031154597069867417,0.24924707708991672,-0.2180924800200493,ab_history_policy
rank_reward,2,P23,65.0,ab=low|lag0=low|lag5=low,-0.4078057994490985,0.40379183013980696,-0.8115976295889055,ab_history_policy
rank_reward,2,P23,68.0,ab=low|lag0=low|lag5=high,1.2173847474844337,1.6647557909272743,-0.4473710434428406,ab_history_policy
rank_reward,2,P23,106.0,ab=low|lag0=low|lag5=mid,-0.17265384962471045,1.480367999251279,-1.6530218488759896,ab_history_policy
rank_reward,2,P23,133.0,ab=high|lag0=high|lag5=mid,0.6326516999445565,1.3884771703053012,-0.7558254703607447,ab_history_policy
rank_reward,2,P23,138.0,ab=mid|lag0=mid|lag5=mid,-0.19555910994367762,0.7154907867389562,-0.9110498966826338,ab_history_policy
rank_reward,2,P23,188.0,ab=mid|lag0=mid|lag5=low,-0.36895969815038154,1.5250541496518641,-1.8940138478022457,ab_history_policy
rank_reward,2,P23,202.0,ab=low|lag0=low|lag5=low,-0.5488881777581552,0.368371494162631,-0.9172596719207862,ab_history_policy
rank_reward,2,P23,284.0,ab=mid|lag0=mid|lag5=low,0.22959541471526634,1.4405636150451129,-1.2109682003298465,ab_history_policy
rank_reward,2,P23,294.0,ab=low|lag0=low|lag5=low,-0.22618554042875916,0.7636480457232819,-0.9898335861520411,ab_history_policy
rank_reward,2,P23,327.0,ab=mid|lag0=mid|lag5=high,1.1746951728273696,0.3825396285535011,0.7921555442738685,ab_history_policy
rank_reward,2,P23,335.0,ab=high|lag0=high|lag5=low,0.8334121664519315,0.3258670909900196,0.507545075461912,ab_history_policy
rank_reward,2,P23,355.0,ab=mid|lag0=mid|lag5=low,-0.343264521956595,0.8153336589551518,-1.1585981809117467,ab_history_policy
rank_reward,2,P23,380.0,ab=mid|lag0=mid|lag5=mid,0.32312686294020476,1.5301585142140055,-1.2070316512738009,ab_history_policy
rank_reward,2,P24,6.0,ab=low|lag0=low|lag5=high,1.444187961287879,1.4238975062824772,0.02029045500540172,ab_history_policy
rank_reward,2,P24,13.0,ab=high|lag0=high|lag5=low,0.8613823027607123,0.2517052217747131,0.6096770809859992,ab_history_policy
rank_reward,2,P24,33.0,ab=mid|lag0=mid|lag5=mid,-0.09259188585370576,0.779247391497873,-0.8718392773515788,ab_history_policy
rank_reward,2,P24,49.0,ab=low|lag0=low|lag5=mid,0.41139457844713073,1.2841232500709943,-0.8727286716238636,ab_history_policy
rank_reward,2,P24,75.0,ab=high|lag0=high|lag5=high,0.6847208938947876,0.8744770331798779,-0.18975613928509028,ab_history_policy
rank_reward,2,P24,101.0,ab=high|lag0=high|lag5=mid,1.2410916002085248,1.3645221338990365,-0.12343053369051171,ab_history_policy
rank_reward,2,P24,111.0,ab=mid|lag0=mid|lag5=mid,0.6500779137013438,1.6179937377192908,-0.967915824017947,ab_history_policy
rank_reward,2,P24,124.0,ab=mid|lag0=mid|lag5=low,-0.12825534632926439,-0.7483313705963005,0.6200760242670361,ab_history_policy
rank_reward,2,P24,167.0,ab=low|lag0=low|lag5=low,-0.2680801785922917,-0.11334507512696355,-0.15473510346532815,ab_history_policy
rank_reward,2,P24,174.0,ab=low|lag0=low|lag5=mid,0.10207424194256509,0.9634331385791887,-0.8613588966366236,ab_history_policy
rank_reward,2,P24,199.0,ab=mid|lag0=mid|lag5=low,0.021299349226790606,1.335317532465851,-1.3140181832390605,ab_history_policy
rank_reward,2,P24,228.0,ab=high|lag0=high|lag5=high,-0.033709587015250474,-0.056464590792617106,0.022755003777366632,ab_history_policy
rank_reward,2,P24,254.0,ab=mid|lag0=mid|lag5=mid,0.025938968510043216,0.5596413084393813,-0.5337023399293381,ab_history_policy
rank_reward,2,P24,280.0,ab=low|lag0=low|lag5=high,0.775444942311556,1.727831432708068,-0.9523864903965119,ab_history_policy
rank_reward,2,P24,296.0,ab=high|lag0=high|lag5=high,0.28340696328793313,0.2589647711343126,0.024442192153620534,ab_history_policy
rank_reward,2,P24,303.0,ab=high|lag0=high|lag5=high,1.2477859431486151,1.5939151189729224,-0.34612917582430724,ab_history_policy
rank_reward,2,P24,335.0,ab=high|lag0=high|lag5=high,1.1103717441692966,1.3247205655463843,-0.21434882137708766,ab_history_policy
rank_reward,2,P24,368.0,ab=low|lag0=low|lag5=low,-0.20643356934258722,1.0603562093147314,-1.2667897786573186,ab_history_policy
rank_reward,2,P24,377.0,ab=low|lag0=low|lag5=mid,-0.41703144595234515,-0.2431728413755705,-0.17385860457677466,ab_history_policy
rank_reward,2,P24,381.0,ab=mid|lag0=mid|lag5=mid,-0.38146255779317595,-0.28583474337128456,-0.09562781442189139,ab_history_policy
rank_reward,2,P24,395.0,ab=low|lag0=low|lag5=low,-0.26279467005239454,0.8491298727978525,-1.111924542850247,ab_history_policy
rank_reward,2,P24,417.0,nan,0.0,0.0,0.0,ab_history_policy
rank_reward,2,P8,6.0,ab=mid|lag0=mid|lag5=low,0.30596075158461933,-0.2346404609764275,0.5406012125610469,ab_history_policy
rank_reward,2,P8,8.0,ab=mid|lag0=mid|lag5=low,-0.04554453990342702,0.29436712377042695,-0.33991166367385395,ab_history_policy
rank_reward,2,P8,24.0,ab=high|lag0=high|lag5=high,0.07591602436873313,0.05258422613958322,0.023331798229149908,ab_history_policy
rank_reward,2,P8,34.0,ab=low|lag0=low|lag5=mid,-0.3633526660763281,-0.09209287354065784,-0.27125979253567023,ab_history_policy
rank_reward,2,P8,50.0,ab=low|lag0=low|lag5=high,0.890281063050693,1.579746984582052,-0.689465921531359,ab_history_policy
rank_reward,2,P8,91.0,ab=mid|lag0=mid|lag5=mid,0.11663998093763098,0.19835388147218577,-0.0817139005345548,ab_history_policy
rank_reward,2,P8,99.0,ab=high|lag0=high|lag5=mid,0.7212403144284413,0.10307969422463156,0.6181606202038097,ab_history_policy
rank_reward,2,P8,109.0,ab=high|lag0=high|lag5=high,0.45944268383161313,1.565691803242707,-1.106249119411094,ab_history_policy
rank_reward,2,P8,119.0,ab=high|lag0=high|lag5=high,-0.1684256173934137,-0.20197040906500813,0.03354479167159444,ab_history_policy
rank_reward,2,P8,152.0,ab=high|lag0=high|lag5=high,0.8072119255351616,1.6576717237318392,-0.8504597981966776,ab_history_policy
rank_reward,2,P8,214.0,ab=mid|lag0=mid|lag5=low,-0.024248797016208634,0.9420694608652791,-0.9663182578814877,ab_history_policy
rank_reward,2,P8,220.0,ab=mid|lag0=mid|lag5=mid,0.03730577361169543,0.7308431243484003,-0.6935373507367049,ab_history_policy
rank_reward,2,P8,238.0,ab=low|lag0=low|lag5=mid,-0.5113843192530853,1.6339508464358494,-2.145335165688935,ab_history_policy
rank_reward,2,P8,272.0,ab=mid|lag0=mid|lag5=high,1.465438295794359,1.57422418364185,-0.10878588784749099,ab_history_policy
rank_reward,2,P8,306.0,ab=high|lag0=high|lag5=high,-0.18615095527851652,-0.20512727272171924,0.018976317443202717,ab_history_policy
rank_reward,2,P8,332.0,ab=mid|lag0=mid|lag5=low,-0.03151085913267278,1.4659107754271385,-1.4974216345598113,ab_history_policy
rank_reward,2,P8,354.0,ab=low|lag0=low|lag5=low,-0.1389649500741857,1.3476240269776862,-1.4865889770518719,ab_history_policy
rank_reward,2,P8,382.0,ab=mid|lag0=mid|lag5=mid,0.21470438933814615,1.452233775064218,-1.2375293857260719,ab_history_policy
rank_reward,3,P1,42.0,ab=low|lag0=low|lag5=mid,0.24195071900629972,0.6163138460028632,-0.3743631269965635,ab_history_policy
rank_reward,3,P1,53.0,ab=low|lag0=low|lag5=mid,-0.21902390293951912,0.6548016432023238,-0.8738255461418429,ab_history_policy
rank_reward,3,P1,66.0,ab=mid|lag0=mid|lag5=high,0.5422133624892895,0.12751320951783382,0.4147001529714557,ab_history_policy
rank_reward,3,P1,85.0,ab=high|lag0=high|lag5=high,0.22765992441102315,0.7380509045258538,-0.5103909801148306,ab_history_policy
rank_reward,3,P1,86.0,ab=high|lag0=high|lag5=mid,0.41338117509225747,0.7295185241267107,-0.31613734903445323,ab_history_policy
rank_reward,3,P1,102.0,ab=low|lag0=low|lag5=low,-0.07547566050732904,1.156137544083852,-1.231613204591181,ab_history_policy
rank_reward,3,P1,114.0,ab=low|lag0=low|lag5=mid,-0.4921309542420183,0.8068846054944766,-1.299015559736495,ab_history_policy
rank_reward,3,P1,135.0,ab=mid|lag0=mid|lag5=high,0.5398364534231858,0.7892451869207106,-0.2494087334975248,ab_history_policy
rank_reward,3,P1,145.0,ab=mid|lag0=mid|lag5=mid,-0.2367753283364455,-0.23766797775553716,0.0008926494190916734,ab_history_policy
rank_reward,3,P1,155.0,ab=high|lag0=high|lag5=high,0.7487479611661583,0.8359199290613549,-0.08717196789519666,ab_history_policy
rank_reward,3,P1,164.0,ab=low|lag0=low|lag5=mid,0.0687973941455606,-0.30010928715605156,0.3689066813016122,ab_history_policy
rank_reward,3,P1,169.0,ab=mid|lag0=mid|lag5=low,0.0033608492321447227,-0.36202541584974346,0.3653862650818882,ab_history_policy
rank_reward,3,P1,192.0,ab=low|lag0=low|lag5=mid,-0.24124887497249248,0.31878302379458456,-0.560031898767077,ab_history_policy
rank_reward,3,P1,218.0,ab=high|lag0=high|lag5=low,1.4181689711064935,0.30461488940371406,1.1135540817027794,ab_history_policy
rank_reward,3,P1,255.0,ab=high|lag0=high|lag5=high,0.13949442161920575,0.11709126315995155,0.022403158459254197,ab_history_policy
rank_reward,3,P1,258.0,ab=mid|lag0=mid|lag5=mid,-0.3593120485098597,-0.3624224697532897,0.0031104212434299727,ab_history_policy
rank_reward,3,P1,265.0,ab=low|lag0=low|lag5=high,0.8755790726829545,-0.1841857470813155,1.05976481976427,ab_history_policy
rank_reward,3,P1,271.0,ab=high|lag0=high|lag5=high,0.24385127653544444,0.6697918613327113,-0.4259405847972668,ab_history_policy
rank_reward,3,P1,281.0,ab=high|lag0=high|lag5=mid,0.465128207519459,-0.4989042269941095,0.9640324345135685,ab_history_policy
rank_reward,3,P1,300.0,ab=high|lag0=high|lag5=low,0.9310151481008208,0.6868566221309969,0.2441585259698239,ab_history_policy
rank_reward,3,P1,302.0,ab=mid|lag0=mid|lag5=low,-0.4335870077603931,0.7124537633284251,-1.1460407710888183,ab_history_policy
rank_reward,3,P1,317.0,ab=low|lag0=low|lag5=low,0.16468375103521107,1.575748470415915,-1.411064719380704,ab_history_policy
rank_reward,3,P1,330.0,ab=low|lag0=low|lag5=mid,0.032788425963203596,1.6424832268349925,-1.6096948008717888,ab_history_policy
rank_reward,3,P1,347.0,ab=mid|lag0=mid|lag5=mid,-0.11839194430219946,-0.12151936437136819,0.003127420069168732,ab_history_policy
rank_reward,3,P1,362.0,ab=high|lag0=high|lag5=mid,0.6074528855718737,1.6168860856375638,-1.00943320006569,ab_history_policy
rank_reward,3,P1,381.0,ab=low|lag0=low|lag5=mid,-0.4667554546866344,0.31996426496785557,-0.78671971965449,ab_history_policy
rank_reward,3,P1,394.0,ab=low|lag0=low|lag5=high,0.5805305530282446,1.5372425814094406,-0.956712028381196,ab_history_policy
rank_reward,3,P18,12.0,ab=mid|lag0=mid|lag5=mid,0.03808284574218543,1.045216598894995,-1.0071337531528097,ab_history_policy
rank_reward,3,P18,29.0,ab=mid|lag0=mid|lag5=high,0.7101004378631842,-0.2731522894906948,0.983252727353879,ab_history_policy
rank_reward,3,P18,41.0,ab=mid|lag0=mid|lag5=low,-0.35926993603851193,0.8660366105129961,-1.225306546551508,ab_history_policy
rank_reward,3,P18,49.0,ab=mid|lag0=mid|lag5=low,-0.17645454154978985,0.20904331977899887,-0.3854978613287887,ab_history_policy
rank_reward,3,P18,73.0,ab=mid|lag0=mid|lag5=high,0.8665901474809291,0.5196167878315218,0.34697335964940734,ab_history_policy
rank_reward,3,P18,93.0,ab=mid|lag0=mid|lag5=low,0.2847124438274045,1.651015607234135,-1.3663031634067306,ab_history_policy
rank_reward,3,P18,102.0,ab=high|lag0=high|lag5=high,0.4601964373862337,0.44013645438758986,0.020059982998643866,ab_history_policy
rank_reward,3,P18,128.0,ab=high|lag0=high|lag5=low,1.2634926921088498,1.18173468528128,0.08175800682756984,ab_history_policy
rank_reward,3,P18,145.0,ab=mid|lag0=mid|lag5=high,0.7774201027029439,1.18303922163768,-0.405619118934736,ab_history_policy
rank_reward,3,P18,161.0,ab=high|lag0=high|lag5=high,0.4804941850225563,0.9280128026020124,-0.44751861757945605,ab_history_policy
rank_reward,3,P18,175.0,ab=low|lag0=low|lag5=high,1.3633197837548754,0.5802018671417117,0.7831179166131637,ab_history_policy
rank_reward,3,P18,195.0,ab=high|lag0=high|lag5=high,0.7417058838923345,1.2755908696718512,-0.5338849857795167,ab_history_policy
rank_reward,3,P18,228.0,ab=high|lag0=high|lag5=mid,0.6994680333646991,1.119499583539457,-0.4200315501747579,ab_history_policy
rank_reward,3,P18,242.0,ab=low|lag0=low|lag5=low,-0.6536951248733507,0.2830432909326174,-0.9367384158059681,ab_history_policy
rank_reward,3,P18,258.0,ab=high|lag0=high|lag5=high,0.7273106712093762,1.2963842967646433,-0.5690736255552671,ab_history_policy
rank_reward,3,P18,289.0,ab=low|lag0=low|lag5=low,-0.20203811253352433,1.0772543162360817,-1.279292428769606,ab_history_policy
rank_reward,3,P18,321.0,ab=mid|lag0=mid|lag5=low,0.07420820592879035,1.0537489792941377,-0.9795407733653474,ab_history_policy
rank_reward,3,P18,353.0,ab=low|lag0=low|lag5=low,-0.757541302314028,0.08958999419099957,-0.8471312965050276,ab_history_policy
rank_reward,3,P18,380.0,ab=low|lag0=low|lag5=low,-0.22619475577264087,0.9927637816293301,-1.218958537401971,ab_history_policy
rank_reward,3,P18,409.0,nan,0.29742347287153836,0.29742347287153836,0.0,ab_history_policy
rank_reward,3,P19,12.0,ab=low|lag0=low|lag5=high,1.1460774881508875,1.087878500890709,0.05819898726017847,ab_history_policy
rank_reward,3,P19,21.0,ab=mid|lag0=mid|lag5=high,0.9246534080660326,0.7296589211298266,0.19499448693620602,ab_history_policy
rank_reward,3,P19,41.0,ab=low|lag0=low|lag5=high,0.8985317002214352,-0.7539349921489827,1.6524666923704179,ab_history_policy
rank_reward,3,P19,75.0,ab=mid|lag0=mid|lag5=mid,0.011973691463255137,0.055460472594428344,-0.043486781131173206,ab_history_policy
rank_reward,3,P19,86.0,ab=low|lag0=low|lag5=low,-0.07556781363100534,0.8063099477189962,-0.8818777613500015,ab_history_policy
rank_reward,3,P19,95.0,ab=mid|lag0=mid|lag5=low,0.2042050176211797,-0.43022834452134784,0.6344333621425275,ab_history_policy
rank_reward,3,P19,124.0,ab=low|lag0=low|lag5=low,-0.7938597045382831,0.3796909277618554,-1.1735506323001386,ab_history_policy
rank_reward,3,P19,147.0,ab=high|lag0=high|lag5=high,0.3656469304855068,1.0342738105335407,-0.668626880048034,ab_history_policy
rank_reward,3,P19,165.0,ab=high|lag0=high|lag5=low,1.528087029682931,-0.08105761379185676,1.6091446434747878,ab_history_policy
rank_reward,3,P19,190.0,ab=low|lag0=low|lag5=low,-0.4898991411204787,0.5802018671417117,-1.0701010082621905,ab_history_policy
rank_reward,3,P19,213.0,ab=low|lag0=low|lag5=mid,0.21610784984752449,1.3955612375007362,-1.1794533876532118,ab_history_policy
rank_reward,3,P19,249.0,ab=low|lag0=low|lag5=mid,-0.4482611094850656,-0.3575137592333292,-0.09074735025173641,ab_history_policy
rank_reward,3,P19,259.0,ab=low|lag0=low|lag5=low,-0.12326124284768808,-0.12291354384311523,-0.00034769900457284897,ab_history_policy
rank_reward,3,P19,279.0,ab=high|lag0=high|lag5=mid,0.8308760746431711,1.1759551544422449,-0.3450790797990737,ab_history_policy
rank_reward,3,P19,330.0,ab=high|lag0=high|lag5=mid,0.36266444310683965,-0.08824080113676055,0.45090524424360023,ab_history_policy
rank_reward,3,P19,344.0,ab=mid|lag0=mid|lag5=mid,-0.32111686402951894,1.5144975208478502,-1.8356143848773692,ab_history_policy
rank_reward,3,P19,351.0,ab=mid|lag0=mid|lag5=mid,0.3220708209458709,0.3215719685761369,0.0004988523697340153,ab_history_policy
rank_reward,3,P19,360.0,ab=high|lag0=high|lag5=high,0.026157913608616884,0.42235282975756927,-0.3961949161489524,ab_history_policy
rank_reward,3,P19,384.0,ab=low|lag0=low|lag5=mid,0.30438257718231576,1.6855861654046922,-1.3812035882223763,ab_history_policy
rank_reward,3,P19,398.0,ab=high|lag0=high|lag5=high,0.6790157133561914,1.6080832533637928,-0.9290675400076014,ab_history_policy
rank_reward,3,P2,41.0,ab=low|lag0=low|lag5=low,-0.45335189698616346,0.16475654248316554,-0.618108439469329,ab_history_policy
rank_reward,3,P2,67.0,ab=low|lag0=low|lag5=mid,0.06845733437583656,0.3711585473627124,-0.30270121298687586,ab_history_policy
rank_reward,3,P2,85.0,ab=low|lag0=low|lag5=high,1.170699039819681,1.2680480279829025,-0.09734898816322146,ab_history_policy
rank_reward,3,P2,106.0,ab=low|lag0=low|lag5=high,1.4163028584722726,-0.19855275632586597,1.6148556147981386,ab_history_policy
rank_reward,3,P2,113.0,ab=high|lag0=high|lag5=high,0.2390986482530025,1.2585261088735655,-1.019427460620563,ab_history_policy
rank_reward,3,P2,129.0,ab=mid|lag0=mid|lag5=low,-0.16650562460143664,0.38822330816099804,-0.5547289327624347,ab_history_policy
rank_reward,3,P2,146.0,ab=low|lag0=low|lag5=high,1.1516394772571126,1.3560730804383614,-0.2044336031812488,ab_history_policy
rank_reward,3,P2,173.0,ab=low|lag0=low|lag5=mid,-0.033661181314349316,1.3950441952598505,-1.4287053765741997,ab_history_policy
rank_reward,3,P2,177.0,ab=mid|lag0=mid|lag5=low,-0.19860221497749858,1.2670584892727086,-1.4656607042502072,ab_history_policy
rank_reward,3,P2,187.0,ab=low|lag0=low|lag5=low,-0.4908081307291381,-0.49065564916531723,-0.00015248156382086098,ab_history_policy
rank_reward,3,P2,198.0,ab=high|lag0=high|lag5=high,0.09859541429058338,0.06150120398055586,0.03709421031002752,ab_history_policy
rank_reward,3,P2,219.0,ab=high|lag0=high|lag5=mid,0.6310400886130455,-0.3796909277618554,1.0107310163749008,ab_history_policy
rank_reward,3,P2,234.0,ab=high|lag0=high|lag5=high,0.36240234763123413,0.772180426122425,-0.40977807849119086,ab_history_policy
rank_reward,3,P2,261.0,ab=high|lag0=high|lag5=mid,1.1808841612512666,0.9769575557018527,0.2039266055494139,ab_history_policy
rank_reward,3,P2,286.0,ab=mid|lag0=mid|lag5=low,-0.4199575292263787,-0.07181695441573883,-0.34814057481063987,ab_history_policy
rank_reward,3,P2,306.0,ab=low|lag0=low|lag5=high,1.115103975897971,1.6364195221455333,-0.5213155462475623,ab_history_policy
rank_reward,3,P2,347.0,ab=low|lag0=low|lag5=high,0.6929562342321995,1.0626100793152815,-0.36965384508308197,ab_history_policy
rank_reward,3,P2,365.0,ab=low|lag0=low|lag5=low,-0.7264739804465045,-0.11406222171911441,-0.6124117587273901,ab_history_policy
rank_reward,3,P2,384.0,ab=low|lag0=low|lag5=mid,-0.4314246446549491,-0.24794235184023242,-0.1834822928147167,ab_history_policy
rank_reward,3,P2,399.0,ab=mid|lag0=mid|lag5=low,0.1863843598298549,-0.24079802362924177,0.42718238345909665,ab_history_policy
rank_reward,3,P2,417.0,nan,0.0,0.0,0.0,ab_history_policy
rank_reward,3,P7,20.0,ab=high|lag0=high|lag5=low,0.8534557795160267,0.35420335977176054,0.49925241974426615,ab_history_policy
rank_reward,3,P7,48.0,ab=high|lag0=high|lag5=high,-0.05397859207878296,-0.09415560590826513,0.040177013829482175,ab_history_policy
rank_reward,3,P7,78.0,ab=mid|lag0=mid|lag5=mid,-0.18375312956528264,-0.18165412964371758,-0.0020989999215650645,ab_history_policy
rank_reward,3,P7,79.0,ab=high|lag0=high|lag5=low,1.1672134973266006,-0.06973597971330786,1.2369494770399085,ab_history_policy
rank_reward,3,P7,93.0,ab=low|lag0=low|lag5=low,-0.29804071714135005,1.7109333257867176,-2.0089740429280676,ab_history_policy
rank_reward,3,P7,121.0,ab=mid|lag0=mid|lag5=mid,0.21570061322111533,1.1732023048821374,-0.9575016916610221,ab_history_policy
rank_reward,3,P7,129.0,ab=high|lag0=high|lag5=high,0.6561348704489405,0.9846853401654942,-0.3285504697165538,ab_history_policy
rank_reward,3,P7,138.0,ab=high|lag0=high|lag5=high,1.2503642905202106,1.4309815734779125,-0.18061728295770196,ab_history_policy
rank_reward,3,P7,148.0,ab=mid|lag0=mid|lag5=mid,0.5618844926033127,1.1987994460795657,-0.6369149534762529,ab_history_policy
rank_reward,3,P7,160.0,ab=mid|lag0=mid|lag5=high,0.8395699890735755,1.634891844640641,-0.7953218555670656,ab_history_policy
rank_reward,3,P7,172.0,ab=mid|lag0=mid|lag5=mid,-0.10511867806255365,0.6729863835663447,-0.7781050616288983,ab_history_policy
rank_reward,3,P7,190.0,ab=mid|lag0=mid|lag5=high,0.8249135692884942,1.0271897433381052,-0.20227617404961096,ab_history_policy
rank_reward,3,P7,221.0,ab=high|lag0=high|lag5=low,0.8297492702524405,0.0122797385160541,0.8174695317363864,ab_history_policy
rank_reward,3,P7,295.0,ab=mid|lag0=mid|lag5=mid,0.29692251651861346,0.5076766337489977,-0.21075411723038429,ab_history_policy
rank_reward,3,P7,298.0,ab=mid|lag0=mid|lag5=high,0.6425249261138481,0.1583983764321354,0.48412654968171276,ab_history_policy
rank_reward,3,P7,306.0,ab=high|lag0=high|lag5=mid,0.6390106890924845,1.2255436248102913,-0.5865329357178068,ab_history_policy
rank_reward,3,P7,347.0,ab=mid|lag0=mid|lag5=low,0.19618071448172505,0.49426962744949626,-0.2980889129677712,ab_history_policy
rank_reward,3,P7,363.0,ab=high|lag0=high|lag5=high,0.7242673684539143,1.5998213248392783,-0.875553956385364,ab_history_policy
rank_reward,3,P7,397.0,ab=high|lag0=high|lag5=high,0.5273433332524344,0.6942385851526506,-0.16689525190021615,ab_history_policy
rank_reward,3,P7,406.0,nan,-0.412893762339312,-0.412893762339312,0.0,ab_history_policy
rank_reward,4,P22,36.0,ab=low|lag0=low|lag5=low,-0.5241184574703475,1.104943261688995,-1.6290617191593424,ab_history_policy
rank_reward,4,P22,54.0,ab=high|lag0=high|lag5=low,1.080430342199547,-0.12251127517978957,1.2029416173793366,ab_history_policy
rank_reward,4,P22,64.0,ab=mid|lag0=mid|lag5=low,-0.3810777382883887,-0.06399285299357116,-0.31708488529481754,ab_history_policy
rank_reward,4,P22,84.0,ab=high|lag0=high|lag5=mid,0.46762094654440584,0.6021457116119927,-0.13452476506758687,ab_history_policy
rank_reward,4,P22,117.0,ab=high|lag0=high|lag5=high,0.5290285716355615,0.6375660475891687,-0.10853747595360719,ab_history_policy
rank_reward,4,P22,127.0,ab=high|lag0=high|lag5=high,0.03189457413727818,0.022299897812360542,0.009594676324917634,ab_history_policy
rank_reward,4,P22,142.0,ab=high|lag0=high|lag5=high,0.4831856188147999,1.710742270028135,-1.2275566512133351,ab_history_policy
rank_reward,4,P22,148.0,ab=high|lag0=high|lag5=low,1.094379378285959,-0.17094785045909652,1.2653272287450554,ab_history_policy
rank_reward,4,P22,160.0,ab=high|lag0=high|lag5=high,0.7833181143826943,1.3743090359144308,-0.5909909215317365,ab_history_policy
rank_reward,4,P22,179.0,ab=high|lag0=high|lag5=high,0.9329384663481564,1.7214283284907563,-0.7884898621426,ab_history_policy
rank_reward,4,P22,215.0,ab=mid|lag0=mid|lag5=high,1.0945459247481275,0.2597054687518623,0.8348404559962652,ab_history_policy
rank_reward,4,P22,232.0,ab=mid|lag0=mid|lag5=mid,0.09722246024262884,0.9209287354065773,-0.8237062751639485,ab_history_policy
rank_reward,4,P22,253.0,ab=mid|lag0=mid|lag5=mid,-0.5031509572847359,-0.029863331396999922,-0.473287625887736,ab_history_policy
rank_reward,4,P22,273.0,ab=mid|lag0=mid|lag5=high,0.7443939576793456,1.5726629173866165,-0.8282689597072709,ab_history_policy
rank_reward,4,P22,352.0,ab=mid|lag0=mid|lag5=low,0.137067814786238,0.17710167988588027,-0.04003386509964227,ab_history_policy
rank_reward,4,P22,411.0,nan,0.2659315757439637,0.2659315757439637,0.0,ab_history_policy
rank_reward,4,P25,23.0,ab=high|lag0=high|lag5=high,-0.13991450980132458,0.8916337517104242,-1.0315482615117488,ab_history_policy
rank_reward,4,P25,27.0,ab=high|lag0=high|lag5=high,-0.07625438108045916,1.1390727832855663,-1.2153271643660255,ab_history_policy
rank_reward,4,P25,40.0,ab=low|lag0=low|lag5=mid,-0.0876218011372765,0.9776012729700588,-1.0652230741073354,ab_history_policy
rank_reward,4,P25,57.0,ab=mid|lag0=mid|lag5=high,1.218933437274102,0.8322317658765022,0.3867016713975999,ab_history_policy
rank_reward,4,P25,87.0,ab=mid|lag0=mid|lag5=mid,0.06473308643755182,1.0696941465107166,-1.0049610600731649,ab_history_policy
rank_reward,4,P25,89.0,ab=mid|lag0=mid|lag5=low,-0.25155762423708355,-0.8349382563714296,0.583380632134346,ab_history_policy
rank_reward,4,P25,165.0,ab=high|lag0=high|lag5=high,0.3825605007065604,1.2326276920057264,-0.850067191299166,ab_history_policy
rank_reward,4,P25,190.0,ab=mid|lag0=mid|lag5=mid,-0.04257624899449093,0.7551156653241393,-0.7976919143186303,ab_history_policy
rank_reward,4,P25,208.0,ab=low|lag0=low|lag5=high,1.1850454432718047,1.211375490419421,-0.02633004714761622,ab_history_policy
rank_reward,4,P25,219.0,ab=high|lag0=high|lag5=mid,0.6892674505297395,0.9350968697974478,-0.2458294192677083,ab_history_policy
rank_reward,4,P25,227.0,ab=mid|lag0=mid|lag5=low,-0.3719521828504296,1.3983183477417371,-1.7702705305921667,ab_history_policy
rank_reward,4,P25,240.0,ab=mid|lag0=mid|lag5=mid,0.007295187429800669,1.6851451288307062,-1.6778499414009056,ab_history_policy
rank_reward,4,P25,274.0,ab=low|lag0=low|lag5=low,-0.6511396115043646,0.2346404609764275,-0.885780072480792,ab_history_policy
rank_reward,4,P25,289.0,ab=high|lag0=high|lag5=mid,1.055429588087536,1.4026453046961718,-0.3472157166086358,ab_history_policy
rank_reward,4,P25,332.0,ab=mid|lag0=mid|lag5=low,0.5316380296544069,1.5315622816461358,-0.999924251991729,ab_history_policy
rank_reward,4,P25,346.0,ab=mid|lag0=mid|lag5=mid,0.5176263943531276,1.677137111944017,-1.1595107175908894,ab_history_policy
rank_reward,4,P25,360.0,ab=low|lag0=low|lag5=high,1.122198722329366,1.6435035893409689,-0.521304867011603,ab_history_policy
rank_reward,4,P25,404.0,nan,-0.16058963593569325,-0.16058963593569325,0.0,ab_history_policy
rank_reward,4,P4,46.0,ab=high|lag0=high|lag5=high,-0.01258908011124088,-0.019800176972464473,0.007211096861223593,ab_history_policy
rank_reward,4,P4,75.0,ab=high|lag0=high|lag5=mid,1.2676298917085735,0.7225748539343916,0.545055037774182,ab_history_policy
rank_reward,4,P4,111.0,ab=mid|lag0=mid|lag5=mid,-0.5618613929855469,0.3421866651573434,-0.9040480581428904,ab_history_policy
rank_reward,4,P4,137.0,ab=low|lag0=low|lag5=mid,0.13842980288933543,-0.16475654248316535,0.3031863453725008,ab_history_policy
rank_reward,4,P4,143.0,ab=high|lag0=high|lag5=high,0.22312353412512517,0.21697321967624786,0.006150314448877314,ab_history_policy
rank_reward,4,P4,162.0,ab=high|lag0=high|lag5=mid,0.6843165996201477,1.2893002295692082,-0.6049836299490605,ab_history_policy
rank_reward,4,P4,191.0,ab=mid|lag0=mid|lag5=high,0.6026137481448994,0.8075836602796139,-0.2049699121347145,ab_history_policy
rank_reward,4,P4,215.0,ab=low|lag0=low|lag5=high,0.9133244093569026,-0.526379579590065,1.4397039889469676,ab_history_policy
rank_reward,4,P4,227.0,ab=high|lag0=high|lag5=mid,0.598053590587974,0.31143188456871296,0.28662170601926107,ab_history_policy
rank_reward,4,P4,239.0,ab=low|lag0=low|lag5=low,-0.3660810894352626,1.2377863319889093,-1.603867421424172,ab_history_policy
rank_reward,4,P4,255.0,ab=low|lag0=low|lag5=high,1.6993500005443658,-0.38360432536893824,2.082954325913304,ab_history_policy
rank_reward,4,P4,263.0,ab=high|lag0=high|lag5=high,0.779471977554323,1.3388886999372547,-0.5594167223829317,ab_history_policy
rank_reward,4,P4,267.0,ab=high|lag0=high|lag5=high,0.4555164547880378,1.2538798935920323,-0.7983634388039945,ab_history_policy
rank_reward,4,P4,290.0,ab=low|lag0=low|lag5=mid,-0.22176852358688348,-0.27131065833376294,0.04954213474687946,ab_history_policy
rank_reward,4,P4,304.0,ab=low|lag0=low|lag5=low,-0.22407809880808974,1.4574617219664634,-1.681539820774553,ab_history_policy
rank_reward,4,P4,329.0,ab=mid|lag0=mid|lag5=high,1.306876736582549,1.3176364983509488,-0.010759761768399656,ab_history_policy
rank_reward,4,P4,355.0,ab=high|lag0=high|lag5=low,1.0892768158395418,1.3523822932641367,-0.2631054774245949,ab_history_policy
rank_reward,4,P4,369.0,ab=low|lag0=low|lag5=mid,-0.323688080503465,0.6659023163709097,-0.9895903968743747,ab_history_policy
rank_reward,4,P4,381.0,ab=mid|lag0=mid|lag5=low,0.051907720201310875,0.29753082220827864,-0.24562310200696777,ab_history_policy
rank_reward,4,P5,6.0,ab=high|lag0=high|lag5=high,0.437844285927861,0.7477412312697506,-0.30989694534188955,ab_history_policy
rank_reward,4,P5,13.0,ab=high|lag0=high|lag5=high,0.6890036742692743,1.3694470540624222,-0.6804433797931478,ab_history_policy
rank_reward,4,P5,24.0,ab=high|lag0=high|lag5=high,0.7289870638152282,1.1220080224872806,-0.39302095867205245,ab_history_policy
rank_reward,4,P5,37.0,ab=mid|lag0=mid|lag5=mid,0.48733939894130646,1.4743598288878137,-0.9870204299465073,ab_history_policy
rank_reward,4,P5,47.0,ab=mid|lag0=mid|lag5=mid,0.31315521535304214,1.5926465773372653,-1.2794913619842232,ab_history_policy
rank_reward,4,P5,65.0,ab=high|lag0=high|lag5=low,1.357198056150561,-0.29887005428405183,1.6560681104346129,ab_history_policy
rank_reward,4,P5,109.0,ab=low|lag0=low|lag5=mid,0.22398502800520814,0.10626100793152793,0.11772402007368021,ab_history_policy
rank_reward,4,P5,131.0,ab=mid|lag0=mid|lag5=low,-0.0171681869971421,1.449012668505788,-1.46618085550293,ab_history_policy
rank_reward,4,P5,150.0,ab=high|lag0=high|lag5=mid,0.6581040992284352,1.3097203912684223,-0.6516162920399872,ab_history_policy
rank_reward,4,P5,157.0,ab=low|lag0=low|lag5=low,-0.5398064430892678,0.4650147317532835,-1.0048211748425513,ab_history_policy
rank_reward,4,P5,173.0,ab=low|lag0=low|lag5=high,1.5326805485031019,-0.100320427821564,1.6330009763246658,ab_history_policy
rank_reward,4,P5,200.0,ab=mid|lag0=mid|lag5=mid,0.5810768011746854,1.6680803680324208,-1.0870035668577354,ab_history_policy
rank_reward,4,P5,209.0,ab=high|lag0=high|lag5=low,0.5936542970228303,1.5827565640409926,-0.9891022670181623,ab_history_policy
rank_reward,4,P5,221.0,ab=low|lag0=low|lag5=low,-0.852305488269449,-0.3168395047753182,-0.5354659834941308,ab_history_policy
rank_reward,4,P5,242.0,ab=low|lag0=low|lag5=low,-0.5119524592232564,0.20543794866762083,-0.7173904078908773,ab_history_policy
rank_reward,4,P5,336.0,ab=low|lag0=low|lag5=mid,0.032527202790390036,0.9940223165001383,-0.9614951137097483,ab_history_policy
rank_reward,4,P5,342.0,ab=mid|lag0=mid|lag5=mid,0.8029919169141775,1.4206413364572792,-0.6176494195431017,ab_history_policy
rank_reward,4,P5,351.0,ab=low|lag0=low|lag5=low,-0.8892797120578833,0.6953890025301395,-1.5846687145880227,ab_history_policy
rank_reward,4,P5,369.0,ab=mid|lag0=mid|lag5=low,0.05755110011494592,0.1140622217191146,-0.056511121604168685,ab_history_policy
rank_reward,4,P5,382.0,ab=high|lag0=high|lag5=low,1.1845023053080899,-0.1989759379206133,1.3834782432287032,ab_history_policy
rank_reward,4,P5,391.0,ab=low|lag0=low|lag5=low,-0.1061350968152987,1.4035765756589935,-1.5097116724742923,ab_history_policy
rank_reward,4,P5,402.0,nan,-0.41480994874783844,-0.4148099487478385,5.551115123125783e-17,ab_history_policy
rank_reward,4,P9,15.0,ab=low|lag0=low|lag5=low,-0.5974593263316035,1.4828088823484888,-2.080268208680092,ab_history_policy
rank_reward,4,P9,46.0,ab=mid|lag0=mid|lag5=high,0.6196849508474196,1.551410715800311,-0.9317257649528914,ab_history_policy
rank_reward,4,P9,84.0,ab=high|lag0=high|lag5=mid,0.5388064431340674,1.516605096191189,-0.9777986530571215,ab_history_policy
rank_reward,4,P9,104.0,ab=low|lag0=low|lag5=mid,0.35002347449085863,0.8855083994294013,-0.5354849249385427,ab_history_policy
rank_reward,4,P9,111.0,ab=high|lag0=high|lag5=high,0.5024912738774612,1.119282616878763,-0.6167913430013019,ab_history_policy
rank_reward,4,P9,145.0,ab=high|lag0=high|lag5=high,0.0832797898766375,0.5076766337489977,-0.4243968438723602,ab_history_policy
rank_reward,4,P9,156.0,ab=mid|lag0=mid|lag5=mid,-0.1987678388882496,0.5525572412439463,-0.7513250801321959,ab_history_policy
rank_reward,4,P9,214.0,ab=high|lag0=high|lag5=mid,0.6657262663139476,0.48171656928959433,0.18400969702435327,ab_history_policy
rank_reward,4,P9,229.0,ab=high|lag0=high|lag5=high,0.07667655546678488,0.19197855898071325,-0.11530200351392837,ab_history_policy
rank_reward,4,P9,254.0,ab=mid|lag0=mid|lag5=high,1.003346160753645,0.9138446682111419,0.08950149254250306,ab_history_policy
rank_reward,4,P9,264.0,ab=high|lag0=high|lag5=high,0.9004077179373123,1.6009991861683575,-0.7005914682310451,ab_history_policy
rank_reward,4,P9,299.0,ab=mid|lag0=mid|lag5=high,1.0984097228823848,0.7013226523480857,0.39708707053429915,ab_history_policy
rank_reward,4,P9,330.0,ab=mid|lag0=mid|lag5=mid,-0.12979870845961122,-0.12912572550910015,-0.0006729829505110752,ab_history_policy
rank_reward,4,P9,346.0,ab=high|lag0=high|lag5=mid,1.2320520877213275,1.5571594228435641,-0.32510733512223666,ab_history_policy
rank_reward,4,P9,355.0,ab=low|lag0=low|lag5=mid,-0.44609732745886693,0.5802018671417117,-1.0262991946005786,ab_history_policy
rank_reward,4,P9,378.0,ab=high|lag0=high|lag5=high,0.4651044846513608,0.7579951899115676,-0.2928907052602068,ab_history_policy
rank_reward,4,P9,398.0,ab=high|lag0=high|lag5=high,0.662426075938749,1.6860079925135798,-1.0235819165748308,ab_history_policy
gmr72_bridge_composite,0,P10,56.0,ab=mid|lag0=mid|lag5=mid,0.11335086305165741,0.2746144405173279,-0.1612635774656705,ab_history_policy
gmr72_bridge_composite,0,P10,64.0,ab=high|lag0=high|lag5=mid,-0.019428019848796,0.13038584746265686,-0.14981386731145285,ab_history_policy
gmr72_bridge_composite,0,P10,101.0,ab=mid|lag0=mid|lag5=low,0.021800647397755904,0.2646993763604876,-0.24289872896273174,ab_history_policy
gmr72_bridge_composite,0,P10,106.0,ab=low|lag0=low|lag5=high,0.2960783401551617,0.4705530840843734,-0.1744747439292117,ab_history_policy
gmr72_bridge_composite,0,P10,132.0,ab=high|lag0=high|lag5=low,0.09630024391065115,0.02779526778947285,0.0685049761211783,ab_history_policy
gmr72_bridge_composite,0,P10,137.0,ab=low|lag0=low|lag5=low,-0.057432586244809763,0.19886988502760333,-0.2563024712724131,ab_history_policy
gmr72_bridge_composite,0,P10,175.0,ab=high|lag0=high|lag5=low,0.31599646977264584,0.2584280071807019,0.057568462591943925,ab_history_policy
gmr72_bridge_composite,0,P10,191.0,ab=mid|lag0=mid|lag5=mid,-0.03618249950038081,0.42801552894128264,-0.46419802844166347,ab_history_policy
gmr72_bridge_composite,0,P10,228.0,ab=high|lag0=high|lag5=high,-0.1262163916002225,-0.12920122187230051,0.0029848302720780207,ab_history_policy
gmr72_bridge_composite,0,P10,252.0,ab=high|lag0=high|lag5=high,-0.1769852965962356,0.04016098813871103,-0.21714628473494663,ab_history_policy
gmr72_bridge_composite,0,P10,268.0,ab=mid|lag0=mid|lag5=high,1.232649914788511,1.398304761031907,-0.165654846243396,ab_history_policy
gmr72_bridge_composite,0,P10,289.0,ab=high|lag0=high|lag5=mid,0.7974665762707307,1.3295688552812208,-0.5321022790104901,ab_history_policy
gmr72_bridge_composite,0,P10,299.0,ab=low|lag0=low|lag5=low,-0.23639884471204847,0.00914687967956096,-0.24554572439160943,ab_history_policy
gmr72_bridge_composite,0,P10,310.0,ab=mid|lag0=mid|lag5=high,0.5997707509131952,0.7636512742751383,-0.16388052336194314,ab_history_policy
gmr72_bridge_composite,0,P10,314.0,ab=high|lag0=high|lag5=high,0.5745498373720328,0.5679168183197237,0.006633019052309064,ab_history_policy
gmr72_bridge_composite,0,P10,321.0,ab=mid|lag0=mid|lag5=mid,0.4409019797250418,0.8642886260542387,-0.4233866463291969,ab_history_policy
gmr72_bridge_composite,0,P10,350.0,ab=low|lag0=low|lag5=high,0.5895498844978273,1.2833427187397228,-0.6937928342418955,ab_history_policy
gmr72_bridge_composite,0,P10,391.0,ab=high|lag0=high|lag5=high,0.5424305049438899,1.901048179312984,-1.358617674369094,ab_history_policy
gmr72_bridge_composite,0,P11,46.0,ab=high|lag0=high|lag5=high,0.16025957056875612,0.1583823304186196,0.0018772401501365166,ab_history_policy
gmr72_bridge_composite,0,P11,67.0,ab=mid|lag0=mid|lag5=low,0.2757980653404744,0.47937248842207075,-0.20357442308159635,ab_history_policy
gmr72_bridge_composite,0,P11,89.0,ab=high|lag0=high|lag5=high,0.37277609848711424,0.36365757702102713,0.009118521466087104,ab_history_policy
gmr72_bridge_composite,0,P11,103.0,ab=high|lag0=high|lag5=high,0.05169932684689515,0.12628569268259593,-0.07458636583570077,ab_history_policy
gmr72_bridge_composite,0,P11,120.0,ab=mid|lag0=mid|lag5=high,0.1590322307556288,0.42781694516958635,-0.26878471441395757,ab_history_policy
gmr72_bridge_composite,0,P11,146.0,ab=low|lag0=low|lag5=low,-0.24069596715955735,-0.07249312630961048,-0.16820284084994686,ab_history_policy
gmr72_bridge_composite,0,P11,157.0,ab=mid|lag0=mid|lag5=low,-0.08649818714642447,0.1973045857601996,-0.2838027729066241,ab_history_policy
gmr72_bridge_composite,0,P11,181.0,ab=low|lag0=low|lag5=high,-0.17050874283478518,0.07783600242426236,-0.24834474525904754,ab_history_policy
gmr72_bridge_composite,0,P11,211.0,ab=high|lag0=high|lag5=high,0.1574044701384513,0.1432997292667904,0.014104740871660887,ab_history_policy
gmr72_bridge_composite,0,P11,240.0,ab=low|lag0=low|lag5=low,-0.2834092417387595,-0.28287599771001826,-0.0005332440287412199,ab_history_policy
gmr72_bridge_composite,0,P11,252.0,ab=mid|lag0=mid|lag5=low,0.060352712812576585,0.32364755480821605,-0.26329484199563946,ab_history_policy
gmr72_bridge_composite,0,P11,263.0,ab=low|lag0=low|lag5=low,-0.3811389866043625,0.17990987818697643,-0.561048864791339,ab_history_policy
gmr72_bridge_composite,0,P11,282.0,ab=mid|lag0=mid|lag5=low,-0.14297690468937227,0.09147512782307349,-0.23445203251244576,ab_history_policy
gmr72_bridge_composite,0,P11,292.0,ab=high|lag0=high|lag5=high,-0.11139536431375581,-0.10723711734957725,-0.004158246964178561,ab_history_policy
gmr72_bridge_composite,0,P11,309.0,ab=low|lag0=low|lag5=mid,-0.32056004639059793,-0.16302572168949786,-0.15753432470110007,ab_history_policy
gmr72_bridge_composite,0,P11,324.0,ab=low|lag0=low|lag5=low,-0.44564822456316355,-0.3949343471848611,-0.05071387737830246,ab_history_policy
gmr72_bridge_composite,0,P11,376.0,ab=low|lag0=low|lag5=low,-0.4180179975358611,-0.012519934258756051,-0.4054980632771051,ab_history_policy
gmr72_bridge_composite,0,P16,23.0,ab=mid|lag0=mid|lag5=mid,-0.49427819040337106,-0.49556765716339735,0.001289466760026281,ab_history_policy
gmr72_bridge_composite,0,P16,35.0,ab=low|lag0=low|lag5=low,-1.2097998094897784,-1.208477929767892,-0.0013218797218863543,ab_history_policy
gmr72_bridge_composite,0,P16,43.0,ab=mid|lag0=mid|lag5=mid,-0.29963041148870784,-0.1703077133267906,-0.12932269816191724,ab_history_policy
gmr72_bridge_composite,0,P16,50.0,ab=low|lag0=low|lag5=mid,0.09534132201354893,0.33727522495426837,-0.24193390294071943,ab_history_policy
gmr72_bridge_composite,0,P16,53.0,ab=low|lag0=low|lag5=high,0.4375289435905829,0.3377546989105851,0.09977424467999779,ab_history_policy
gmr72_bridge_composite,0,P16,66.0,ab=high|lag0=high|lag5=high,-0.006583076537578614,-0.014708549481794151,0.008125472944215537,ab_history_policy
gmr72_bridge_composite,0,P16,90.0,ab=mid|lag0=mid|lag5=mid,-0.13078116084537267,-0.041370819350088905,-0.08941034149528376,ab_history_policy
gmr72_bridge_composite,0,P16,101.0,ab=mid|lag0=mid|lag5=mid,0.9675755513339805,1.2371972011323786,-0.2696216497983981,ab_history_policy
gmr72_bridge_composite,0,P16,123.0,ab=high|lag0=high|lag5=high,0.33076630189381273,0.30726607518864624,0.023500226705166494,ab_history_policy
gmr72_bridge_composite,0,P16,125.0,ab=high|lag0=high|lag5=high,0.09158205018709897,0.07800724070980627,0.013574809477292699,ab_history_policy
gmr72_bridge_composite,0,P16,139.0,ab=low|lag0=low|lag5=mid,-1.320136691128718,-1.098867875423432,-0.221268815705286,ab_history_policy
gmr72_bridge_composite,0,P16,177.0,ab=mid|lag0=mid|lag5=low,0.15435961352029695,0.37868844813804414,-0.2243288346177472,ab_history_policy
gmr72_bridge_composite,0,P16,220.0,ab=high|lag0=high|lag5=high,1.0498023540571688,2.2253667872316583,-1.1755644331744894,ab_history_policy
gmr72_bridge_composite,0,P16,244.0,ab=mid|lag0=mid|lag5=low,0.7276332513581594,1.2839769511376014,-0.556343699779442,ab_history_policy
gmr72_bridge_composite,0,P16,278.0,ab=high|lag0=high|lag5=high,0.19726473763751193,0.28022268632870556,-0.08295794869119363,ab_history_policy
gmr72_bridge_composite,0,P16,298.0,ab=mid|lag0=mid|lag5=low,-0.03410804181655208,-0.05194001168846543,0.01783196987191335,ab_history_policy
gmr72_bridge_composite,0,P16,312.0,ab=mid|lag0=mid|lag5=high,0.9735823862940564,0.9572210190770006,0.016361367217055722,ab_history_policy
gmr72_bridge_composite,0,P16,317.0,ab=high|lag0=high|lag5=high,0.23034895033925792,1.074055571064139,-0.8437066207248811,ab_history_policy
gmr72_bridge_composite,0,P16,368.0,ab=high|lag0=high|lag5=high,0.8250835735101434,0.8179519185310524,0.007131654979090962,ab_history_policy
gmr72_bridge_composite,0,P16,373.0,ab=high|lag0=high|lag5=high,-0.5804925335995764,-0.5902867718096635,0.00979423821008707,ab_history_policy
gmr72_bridge_composite,0,P16,392.0,ab=mid|lag0=mid|lag5=high,0.4810516779738568,0.3308898833837777,0.15016179459007906,ab_history_policy
gmr72_bridge_composite,0,P16,406.0,nan,-0.3200033953441102,-0.31991275023260834,-9.06451115018636e-05,ab_history_policy
gmr72_bridge_composite,0,P16,417.0,nan,0.0,0.0,0.0,ab_history_policy
gmr72_bridge_composite,0,P17,42.0,ab=mid|lag0=mid|lag5=high,-0.1590215245430848,-0.10047944417050238,-0.05854208037258242,ab_history_policy
gmr72_bridge_composite,0,P17,52.0,ab=mid|lag0=mid|lag5=low,-0.07172593426803017,0.12818852016163826,-0.19991445442966843,ab_history_policy
gmr72_bridge_composite,0,P17,68.0,ab=low|lag0=low|lag5=mid,0.6410943530824349,1.0754249580019792,-0.43433060491954434,ab_history_policy
gmr72_bridge_composite,0,P17,125.0,ab=mid|lag0=mid|lag5=high,0.36461114229709024,0.6026086442777734,-0.23799750198068315,ab_history_policy
gmr72_bridge_composite,0,P17,145.0,ab=low|lag0=low|lag5=low,-0.47625693166868893,-0.40741596794932655,-0.06884096371936238,ab_history_policy
gmr72_bridge_composite,0,P17,183.0,ab=high|lag0=high|lag5=high,0.6971890530221939,1.337760941274855,-0.6405718882526611,ab_history_policy
gmr72_bridge_composite,0,P17,201.0,ab=high|lag0=high|lag5=mid,0.5132780566436188,0.6791476977400942,-0.1658696410964754,ab_history_policy
gmr72_bridge_composite,0,P17,222.0,ab=mid|lag0=mid|lag5=high,0.2225476869329695,0.528357257714822,-0.3058095707818525,ab_history_policy
gmr72_bridge_composite,0,P17,226.0,ab=high|lag0=high|lag5=mid,-0.02665465639559598,0.5219268054222975,-0.5485814618178935,ab_history_policy
gmr72_bridge_composite,0,P17,241.0,ab=low|lag0=low|lag5=low,-0.16510768716865953,0.07720440777800353,-0.24231209494666306,ab_history_policy
gmr72_bridge_composite,0,P17,275.0,ab=mid|lag0=mid|lag5=high,-0.2579941456189151,-0.34786643732631695,0.08987229170740185,ab_history_policy
gmr72_bridge_composite,0,P17,276.0,ab=mid|lag0=mid|lag5=high,-0.2872290210354614,-0.3479315179555901,0.06070249692012869,ab_history_policy
gmr72_bridge_composite,0,P17,289.0,ab=mid|lag0=mid|lag5=mid,-0.7732816488994753,-0.770861185461154,-0.002420463438321252,ab_history_policy
gmr72_bridge_composite,0,P17,305.0,ab=mid|lag0=mid|lag5=low,-0.35984534077607666,-0.1258272255164981,-0.23401811525957855,ab_history_policy
gmr72_bridge_composite,0,P17,334.0,ab=low|lag0=low|lag5=low,-0.2881043168329475,-0.14929249302782968,-0.13881182380511783,ab_history_policy
gmr72_bridge_composite,0,P17,342.0,ab=low|lag0=low|lag5=mid,-0.20959649477577233,0.00325543329065812,-0.21285192806643044,ab_history_policy
gmr72_bridge_composite,0,P17,360.0,ab=low|lag0=low|lag5=mid,-0.33489858015083673,-0.3388110237256152,0.00391244357477849,ab_history_policy
gmr72_bridge_composite,0,P17,374.0,ab=mid|lag0=mid|lag5=mid,-0.8412331817591334,-0.8418780292577115,0.0006448474985780717,ab_history_policy
gmr72_bridge_composite,0,P17,393.0,ab=low|lag0=low|lag5=low,0.04658255105958458,0.6872975789634012,-0.6407150279038166,ab_history_policy
gmr72_bridge_composite,0,P17,398.0,ab=low|lag0=low|lag5=mid,-0.11551267228946763,0.37481123294781254,-0.4903239052372802,ab_history_policy
gmr72_bridge_composite,0,P21,30.0,ab=low|lag0=low|lag5=low,-0.013320821458029493,0.3154070794773853,-0.32872790093541476,ab_history_policy
gmr72_bridge_composite,0,P21,45.0,ab=low|lag0=low|lag5=low,-0.13372965919266716,0.43251157011243563,-0.5662412293051028,ab_history_policy
gmr72_bridge_composite,0,P21,54.0,ab=low|lag0=low|lag5=low,0.3341739334211655,0.6714357450267134,-0.3372618116055479,ab_history_policy
gmr72_bridge_composite,0,P21,89.0,ab=low|lag0=low|lag5=high,0.0504301159260448,0.6726152019926631,-0.6221850860666183,ab_history_policy
gmr72_bridge_composite,0,P21,106.0,ab=mid|lag0=mid|lag5=low,1.0747694696854897,1.7494902578158156,-0.6747207881303259,ab_history_policy
gmr72_bridge_composite,0,P21,149.0,ab=high|lag0=high|lag5=mid,0.360414971404521,0.8251002560259962,-0.46468528462147524,ab_history_policy
gmr72_bridge_composite,0,P21,180.0,ab=low|lag0=low|lag5=mid,0.579621453725069,1.0375428912752718,-0.45792143755020276,ab_history_policy
gmr72_bridge_composite,0,P21,192.0,ab=mid|lag0=mid|lag5=low,-0.09044163867287715,0.65419247329437,-0.7446341119672472,ab_history_policy
gmr72_bridge_composite,0,P21,205.0,ab=mid|lag0=mid|lag5=low,-0.03880576959664652,0.0441147930659038,-0.08292056266255032,ab_history_policy
gmr72_bridge_composite,0,P21,252.0,ab=mid|lag0=mid|lag5=high,0.7135203953518321,1.0156617278427569,-0.3021413324909248,ab_history_policy
gmr72_bridge_composite,0,P21,274.0,ab=high|lag0=high|lag5=high,-1.033539765591149,-0.2758284347246894,-0.7577113308664596,ab_history_policy
gmr72_bridge_composite,0,P21,325.0,ab=low|lag0=low|lag5=low,-0.015066587827412475,0.14530778759416435,-0.16037437542157681,ab_history_policy
gmr72_bridge_composite,0,P21,366.0,ab=mid|lag0=mid|lag5=low,-0.06490087771865241,0.39654220382554334,-0.4614430815441958,ab_history_policy
gmr72_bridge_composite,0,P21,384.0,ab=mid|lag0=mid|lag5=low,-0.13498582598949244,0.2611985036970048,-0.39618432968649725,ab_history_policy
gmr72_bridge_composite,0,P21,393.0,ab=low|lag0=low|lag5=mid,-0.29330052468367157,-0.17946314259576393,-0.11383738208790764,ab_history_policy
gmr72_bridge_composite,0,P21,408.0,nan,0.45919486264511217,0.45919486264511217,0.0,ab_history_policy
gmr72_bridge_composite,0,P3,18.0,ab=low|lag0=low|lag5=mid,-0.16557337690130425,0.13474749831691166,-0.30032087521821593,ab_history_policy
gmr72_bridge_composite,0,P3,19.0,ab=mid|lag0=mid|lag5=mid,-0.19795202817027496,0.15421247624790418,-0.35216450441817915,ab_history_policy
gmr72_bridge_composite,0,P3,25.0,ab=low|lag0=low|lag5=low,0.453459256980785,0.8780631667372029,-0.4246039097564179,ab_history_policy
gmr72_bridge_composite,0,P3,40.0,ab=low|lag0=low|lag5=low,0.10119613291828988,0.2581301476639883,-0.1569340147456984,ab_history_policy
gmr72_bridge_composite,0,P3,69.0,ab=high|lag0=high|lag5=high,-0.022049212351153154,0.02947473308329383,-0.05152394543444698,ab_history_policy
gmr72_bridge_composite,0,P3,86.0,ab=low|lag0=low|lag5=high,0.2799122370252824,0.501753361909769,-0.22184112488448665,ab_history_policy
gmr72_bridge_composite,0,P3,89.0,ab=high|lag0=high|lag5=mid,0.2707303074293856,0.6851206600258896,-0.414390352596504,ab_history_policy
gmr72_bridge_composite,0,P3,92.0,ab=high|lag0=high|lag5=mid,0.2797761111008026,0.5603889272775358,-0.28061281617673317,ab_history_policy
gmr72_bridge_composite,0,P3,121.0,ab=mid|lag0=mid|lag5=mid,0.7746430950931728,1.2402163281006595,-0.46557323300748676,ab_history_policy
gmr72_bridge_composite,0,P3,132.0,ab=mid|lag0=mid|lag5=high,0.36817038790808637,0.27684577632094,0.09132461158714639,ab_history_policy
gmr72_bridge_composite,0,P3,164.0,ab=low|lag0=low|lag5=mid,-1.0636987169342986,-0.6552824609323532,-0.4084162560019454,ab_history_policy
gmr72_bridge_composite,0,P3,196.0,ab=mid|lag0=mid|lag5=low,-1.2106614516068206,-1.2146230047838937,0.0039615531770731405,ab_history_policy
gmr72_bridge_composite,0,P3,237.0,ab=low|lag0=low|lag5=mid,-0.592312065273785,-0.6118750572870444,0.019562992013259395,ab_history_policy
gmr72_bridge_composite,0,P3,265.0,ab=low|lag0=low|lag5=low,0.6022826175162417,0.7992312374758789,-0.1969486199596372,ab_history_policy
gmr72_bridge_composite,0,P3,276.0,ab=high|lag0=high|lag5=high,0.26692582848891794,1.0678964912508357,-0.8009706627619178,ab_history_policy
gmr72_bridge_composite,0,P3,321.0,ab=mid|lag0=mid|lag5=low,-0.8706097840169368,-0.5618780577240963,-0.3087317262928405,ab_history_policy
gmr72_bridge_composite,0,P3,352.0,ab=low|lag0=low|lag5=low,0.16195643050481429,0.5625105928464552,-0.40055416234164093,ab_history_policy
gmr72_bridge_composite,0,P3,372.0,ab=low|lag0=low|lag5=high,0.3599664867750999,-0.03013530536997789,0.3901017921450778,ab_history_policy
gmr72_bridge_composite,0,P3,379.0,ab=high|lag0=high|lag5=mid,0.3223821226289671,0.375820725117812,-0.05343860248884491,ab_history_policy
gmr72_bridge_composite,0,P3,386.0,ab=mid|lag0=mid|lag5=mid,0.08670432458699909,0.4787720645879417,-0.3920677400009426,ab_history_policy
gmr72_bridge_composite,0,P3,402.0,nan,-0.3822393201102161,-0.34500782409309627,-0.037231496017119836,ab_history_policy
gmr72_bridge_composite,0,P3,416.0,nan,0.0,0.0,0.0,ab_history_policy
gmr72_bridge_composite,1,P12,18.0,ab=mid|lag0=mid|lag5=low,0.9385644409112529,1.5265978809198903,-0.5880334400086374,ab_history_policy
gmr72_bridge_composite,1,P12,59.0,ab=high|lag0=high|lag5=high,-0.13608094988506597,0.3581748497207429,-0.4942557996058089,ab_history_policy
gmr72_bridge_composite,1,P12,92.0,ab=high|lag0=high|lag5=high,0.3800286177254798,0.5152053802668713,-0.13517676254139155,ab_history_policy
gmr72_bridge_composite,1,P12,118.0,ab=high|lag0=high|lag5=high,0.47460270352921907,0.46016298375148945,0.01443971977772962,ab_history_policy
gmr72_bridge_composite,1,P12,125.0,ab=high|lag0=high|lag5=high,-0.9031590123881917,-0.01122263830483372,-0.891936374083358,ab_history_policy
gmr72_bridge_composite,1,P12,175.0,ab=mid|lag0=mid|lag5=mid,0.06254095142394142,0.2410438424077539,-0.17850289098381247,ab_history_policy
gmr72_bridge_composite,1,P12,188.0,ab=high|lag0=high|lag5=high,0.1396596459781012,0.20361392038845103,-0.06395427441034982,ab_history_policy
gmr72_bridge_composite,1,P12,212.0,ab=low|lag0=low|lag5=low,-0.10991749018862043,-0.1099158748718933,-1.615316727127114e-06,ab_history_policy
gmr72_bridge_composite,1,P12,225.0,ab=mid|lag0=mid|lag5=low,-0.1627002699344282,0.3552533821755696,-0.5179536521099979,ab_history_policy
gmr72_bridge_composite,1,P12,231.0,ab=low|lag0=low|lag5=low,-0.4250612429278103,-0.4027070171898077,-0.022354225738002553,ab_history_policy
gmr72_bridge_composite,1,P12,353.0,ab=low|lag0=low|lag5=low,0.7279178699387405,1.2297486518404166,-0.5018307819016761,ab_history_policy
gmr72_bridge_composite,1,P12,395.0,ab=mid|lag0=mid|lag5=high,1.4289414339253264,3.9396800829140135,-2.510738648988687,ab_history_policy
gmr72_bridge_composite,1,P14,16.0,ab=mid|lag0=mid|lag5=low,-1.0548101023703609,-1.0689977511956301,0.014187648825269239,ab_history_policy
gmr72_bridge_composite,1,P14,59.0,ab=high|lag0=high|lag5=mid,-0.004302014413578307,-0.08186520867925072,0.07756319426567242,ab_history_policy
gmr72_bridge_composite,1,P14,60.0,ab=high|lag0=high|lag5=mid,-0.12202812621126198,-0.06870575487617338,-0.0533223713350886,ab_history_policy
gmr72_bridge_composite,1,P14,74.0,ab=low|lag0=low|lag5=low,0.033410222825828007,0.3038782195732346,-0.27046799674740657,ab_history_policy
gmr72_bridge_composite,1,P14,95.0,ab=mid|lag0=mid|lag5=low,-0.22758222312914783,0.39605725608606585,-0.6236394792152137,ab_history_policy
gmr72_bridge_composite,1,P14,120.0,ab=mid|lag0=mid|lag5=low,-0.5246049102175203,-0.5324600372275469,0.007855127010026552,ab_history_policy
gmr72_bridge_composite,1,P14,192.0,ab=high|lag0=high|lag5=high,-0.46322535988006097,-0.46611155199170856,0.0028861921116475897,ab_history_policy
gmr72_bridge_composite,1,P14,210.0,ab=mid|lag0=mid|lag5=mid,0.4133007297817499,0.8544671203493506,-0.44116639056760065,ab_history_policy
gmr72_bridge_composite,1,P14,254.0,ab=low|lag0=low|lag5=low,-0.9382392411496598,-0.7680635744434011,-0.17017566670625872,ab_history_policy
gmr72_bridge_composite,1,P14,271.0,ab=high|lag0=high|lag5=high,0.28451816586477086,0.6856490942676005,-0.4011309284028296,ab_history_policy
gmr72_bridge_composite,1,P14,283.0,ab=high|lag0=high|lag5=high,0.3166969399180098,0.4294224369679546,-0.11272549704994483,ab_history_policy
gmr72_bridge_composite,1,P14,290.0,ab=mid|lag0=mid|lag5=low,-0.13774664063467543,0.021279911230627575,-0.159026551865303,ab_history_policy
gmr72_bridge_composite,1,P14,301.0,ab=low|lag0=low|lag5=mid,-0.0850667677328325,0.10707329126298916,-0.19214005899582165,ab_history_policy
gmr72_bridge_composite,1,P14,308.0,ab=mid|lag0=mid|lag5=high,0.0778442072747669,0.21125599521676297,-0.13341178794199607,ab_history_policy
gmr72_bridge_composite,1,P14,320.0,ab=low|lag0=low|lag5=mid,0.14008602691642316,0.21289685523887422,-0.07281082832245106,ab_history_policy
gmr72_bridge_composite,1,P14,336.0,ab=mid|lag0=mid|lag5=high,0.45648781979893954,1.043571153898622,-0.5870833340996826,ab_history_policy
gmr72_bridge_composite,1,P14,340.0,ab=high|lag0=high|lag5=high,0.26861929036333354,0.9369488769559312,-0.6683295865925977,ab_history_policy
gmr72_bridge_composite,1,P14,392.0,ab=high|lag0=high|lag5=mid,0.2440135320468087,0.892251347683004,-0.6482378156361952,ab_history_policy
gmr72_bridge_composite,1,P20,24.0,ab=high|lag0=high|lag5=high,-0.8954366960331043,-0.26189695220061454,-0.6335397438324897,ab_history_policy
gmr72_bridge_composite,1,P20,73.0,ab=mid|lag0=mid|lag5=mid,-1.1372408374244283,-1.1370949188936417,-0.000145918530786604,ab_history_policy
gmr72_bridge_composite,1,P20,98.0,ab=low|lag0=low|lag5=mid,0.1597348848452364,0.3872008996240636,-0.22746601477882722,ab_history_policy
gmr72_bridge_composite,1,P20,123.0,ab=high|lag0=high|lag5=low,-0.8195360170568737,-0.5796642439409981,-0.2398717731158756,ab_history_policy
gmr72_bridge_composite,1,P20,133.0,ab=low|lag0=low|lag5=low,0.322800461862161,0.6406366799949371,-0.3178362181327761,ab_history_policy
gmr72_bridge_composite,1,P20,150.0,ab=low|lag0=low|lag5=high,0.9321900274472632,0.5306867699692642,0.401503257477999,ab_history_policy
gmr72_bridge_composite,1,P20,162.0,ab=high|lag0=high|lag5=high,0.3114404194583942,0.32651085059409984,-0.015070431135705664,ab_history_policy
gmr72_bridge_composite,1,P20,172.0,ab=high|lag0=high|lag5=low,0.30116632894638234,0.22306836054924295,0.0780979683971394,ab_history_policy
gmr72_bridge_composite,1,P20,194.0,ab=mid|lag0=mid|lag5=low,-0.06262947814464875,0.3970095294146416,-0.4596390075592904,ab_history_policy
gmr72_bridge_composite,1,P20,217.0,ab=mid|lag0=mid|lag5=high,-0.6773710167292412,-0.6615548947424886,-0.01581612198675253,ab_history_policy
gmr72_bridge_composite,1,P20,234.0,ab=high|lag0=high|lag5=mid,0.058009533285575225,0.17801956391671533,-0.1200100306311401,ab_history_policy
gmr72_bridge_composite,1,P20,260.0,ab=low|lag0=low|lag5=low,-0.17652997779240495,0.31168909943836187,-0.48821907723076685,ab_history_policy
gmr72_bridge_composite,1,P20,292.0,ab=low|lag0=low|lag5=mid,-0.25629860835192736,-0.014398645644960387,-0.24189996270696698,ab_history_policy
gmr72_bridge_composite,1,P20,322.0,ab=low|lag0=low|lag5=mid,-0.7141544105971502,-0.6174134439488898,-0.09674096664826048,ab_history_policy
gmr72_bridge_composite,1,P20,338.0,ab=low|lag0=low|lag5=mid,0.4875610510157463,0.7606276395988156,-0.2730665885830693,ab_history_policy
gmr72_bridge_composite,1,P20,347.0,ab=high|lag0=high|lag5=high,0.7690325214546814,0.742570375430515,0.02646214602416641,ab_history_policy
gmr72_bridge_composite,1,P20,359.0,ab=high|lag0=high|lag5=mid,-0.3114213201461696,-0.1750818038749633,-0.13633951627120627,ab_history_policy
gmr72_bridge_composite,1,P20,396.0,ab=high|lag0=high|lag5=high,0.884982566703856,1.5203566464317673,-0.6353740797279113,ab_history_policy
gmr72_bridge_composite,1,P20,401.0,nan,-0.14519898558202837,0.7094805867325699,-0.8546795723145982,ab_history_policy
gmr72_bridge_composite,1,P20,415.0,nan,0.0,0.0,0.0,ab_history_policy
gmr72_bridge_composite,1,P26,6.0,ab=mid|lag0=mid|lag5=low,-0.7061867880802492,-0.6933207908514301,-0.012865997228819093,ab_history_policy
gmr72_bridge_composite,1,P26,66.0,ab=high|lag0=high|lag5=high,0.6725725225141435,1.1405454831928294,-0.467972960678686,ab_history_policy
gmr72_bridge_composite,1,P26,96.0,ab=low|lag0=low|lag5=low,0.5640116792222181,1.1260031201389624,-0.5619914409167444,ab_history_policy
gmr72_bridge_composite,1,P26,104.0,ab=low|lag0=low|lag5=low,0.36250892312611477,1.4696268686703704,-1.1071179455442557,ab_history_policy
gmr72_bridge_composite,1,P26,110.0,ab=low|lag0=low|lag5=low,0.1344694679215837,0.7417339291919841,-0.6072644612704003,ab_history_policy
gmr72_bridge_composite,1,P26,127.0,ab=mid|lag0=mid|lag5=mid,-0.005931352381865207,0.2719200553972127,-0.2778514077790779,ab_history_policy
gmr72_bridge_composite,1,P26,136.0,ab=low|lag0=low|lag5=high,0.6322690216305261,0.7971240326475408,-0.16485501101701472,ab_history_policy
gmr72_bridge_composite,1,P26,159.0,ab=high|lag0=high|lag5=high,0.05725583661237263,0.23753552586170712,-0.1802796892493345,ab_history_policy
gmr72_bridge_composite,1,P26,169.0,ab=low|lag0=low|lag5=mid,0.47622553583420624,0.7267658035740229,-0.25054026773981664,ab_history_policy
gmr72_bridge_composite,1,P26,182.0,ab=mid|lag0=mid|lag5=low,0.7551337155288386,1.5344094176129701,-0.7792757020841315,ab_history_policy
gmr72_bridge_composite,1,P26,200.0,ab=high|lag0=high|lag5=high,-0.759088622640688,-0.764229732141466,0.005141109500777952,ab_history_policy
gmr72_bridge_composite,1,P26,210.0,ab=mid|lag0=mid|lag5=mid,0.1388833020040012,0.5160795676986942,-0.377196265694693,ab_history_policy
gmr72_bridge_composite,1,P26,217.0,ab=mid|lag0=mid|lag5=high,-0.5634475339540174,-0.5785151714720116,0.015067637517994226,ab_history_policy
gmr72_bridge_composite,1,P26,226.0,ab=mid|lag0=mid|lag5=low,-0.3158387476143719,-0.3549748140861556,0.03913606647178369,ab_history_policy
gmr72_bridge_composite,1,P26,237.0,ab=low|lag0=low|lag5=mid,-0.07671068347276348,0.14991585860286927,-0.22662654207563276,ab_history_policy
gmr72_bridge_composite,1,P26,253.0,ab=high|lag0=high|lag5=mid,0.2232704411292047,0.3284880030396598,-0.10521756191045512,ab_history_policy
gmr72_bridge_composite,1,P26,269.0,ab=high|lag0=high|lag5=mid,-0.15727187392534292,0.15012537545192026,-0.3073972493772632,ab_history_policy
gmr72_bridge_composite,1,P26,346.0,ab=low|lag0=low|lag5=low,-0.046539952338295776,0.17329500263250924,-0.21983495497080502,ab_history_policy
gmr72_bridge_composite,1,P26,396.0,ab=low|lag0=low|lag5=mid,-0.13275972220657653,1.0465690967176429,-1.1793288189242195,ab_history_policy
gmr72_bridge_composite,1,P6,19.0,ab=high|lag0=high|lag5=mid,0.44836802900852757,0.598071245486887,-0.14970321647835938,ab_history_policy
gmr72_bridge_composite,1,P6,59.0,ab=low|lag0=low|lag5=mid,0.711057849688768,1.4719749516283525,-0.7609171019395845,ab_history_policy
gmr72_bridge_composite,1,P6,66.0,ab=low|lag0=low|lag5=low,0.27123648952374374,1.2399030902051622,-0.9686666006814184,ab_history_policy
gmr72_bridge_composite,1,P6,86.0,ab=high|lag0=high|lag5=mid,0.27341453236257723,0.3597488779568945,-0.08633434559431724,ab_history_policy
gmr72_bridge_composite,1,P6,96.0,ab=high|lag0=high|lag5=mid,0.026258566124495102,0.31594365378921735,-0.28968508766472223,ab_history_policy
gmr72_bridge_composite,1,P6,134.0,ab=low|lag0=low|lag5=mid,0.7537539946415545,1.1245384374026057,-0.37078444276105127,ab_history_policy
gmr72_bridge_composite,1,P6,166.0,ab=high|lag0=high|lag5=mid,-0.22612246295057115,0.39909357752322455,-0.6252160404737956,ab_history_policy
gmr72_bridge_composite,1,P6,195.0,ab=low|lag0=low|lag5=low,-0.534896487715772,-0.39421209995695145,-0.14068438775882058,ab_history_policy
gmr72_bridge_composite,1,P6,202.0,ab=low|lag0=low|lag5=low,-0.08309455926271976,0.0562573843695666,-0.13935194363228637,ab_history_policy
gmr72_bridge_composite,1,P6,297.0,ab=low|lag0=low|lag5=mid,-0.30779845675660195,0.12665960270244997,-0.4344580594590519,ab_history_policy
gmr72_bridge_composite,1,P6,305.0,ab=low|lag0=low|lag5=low,-0.29905217168049036,-0.12107191688695557,-0.1779802547935348,ab_history_policy
gmr72_bridge_composite,1,P6,318.0,ab=mid|lag0=mid|lag5=high,-0.008843399932373205,-0.07361550991392121,0.064772109981548,ab_history_policy
gmr72_bridge_composite,1,P6,334.0,ab=low|lag0=low|lag5=mid,1.8178107450978027,2.691410373935978,-0.8735996288381753,ab_history_policy
gmr72_bridge_composite,1,P6,375.0,ab=high|lag0=high|lag5=high,1.0594785737621648,1.0417448923601877,0.017733681401977064,ab_history_policy
gmr72_bridge_composite,1,P6,397.0,ab=high|lag0=high|lag5=high,1.3476933793333619,3.1450659202929194,-1.7973725409595576,ab_history_policy
gmr72_bridge_composite,2,P13,9.0,ab=high|lag0=high|lag5=low,-0.04430094997492382,-0.4136070325617305,0.36930608258680664,ab_history_policy
gmr72_bridge_composite,2,P13,10.0,ab=high|lag0=high|lag5=low,-0.4850576372868138,-0.40894314732593684,-0.07611448996087694,ab_history_policy
gmr72_bridge_composite,2,P13,39.0,ab=mid|lag0=mid|lag5=mid,-0.3193718066162605,-0.01465659041140488,-0.30471521620485564,ab_history_policy
gmr72_bridge_composite,2,P13,41.0,ab=mid|lag0=mid|lag5=mid,-0.7212106753270382,-0.04538732095123558,-0.6758233543758027,ab_history_policy
gmr72_bridge_composite,2,P13,47.0,ab=mid|lag0=mid|lag5=low,-0.3805553608829493,0.2136173722543754,-0.5941727331373247,ab_history_policy
gmr72_bridge_composite,2,P13,72.0,ab=mid|lag0=mid|lag5=low,-0.14696379048567929,-0.09194254151549609,-0.05502124897018319,ab_history_policy
gmr72_bridge_composite,2,P13,102.0,ab=low|lag0=low|lag5=high,0.07223776870901069,0.24123196437003971,-0.16899419566102902,ab_history_policy
gmr72_bridge_composite,2,P13,111.0,ab=mid|lag0=mid|lag5=low,0.40237359820034885,0.5359040209643499,-0.133530422764001,ab_history_policy
gmr72_bridge_composite,2,P13,121.0,ab=high|lag0=high|lag5=high,-0.029690405002251345,-0.04400840522370948,0.014318000221458137,ab_history_policy
gmr72_bridge_composite,2,P13,149.0,ab=low|lag0=low|lag5=mid,-0.49995269319699287,-0.2658060512956333,-0.2341466419013596,ab_history_policy
gmr72_bridge_composite,2,P13,188.0,ab=high|lag0=high|lag5=low,-0.09001348014883849,0.5167853130749321,-0.6067987932237706,ab_history_policy
gmr72_bridge_composite,2,P13,201.0,ab=low|lag0=low|lag5=low,-0.6679891531612927,-0.6658100734354289,-0.0021790797258638417,ab_history_policy
gmr72_bridge_composite,2,P13,205.0,ab=low|lag0=low|lag5=low,-0.9089871063069296,-0.9076911206491163,-0.0012959856578133033,ab_history_policy
gmr72_bridge_composite,2,P13,230.0,ab=low|lag0=low|lag5=low,-0.25366689189550085,0.34546586048890315,-0.599132752384404,ab_history_policy
gmr72_bridge_composite,2,P13,233.0,ab=low|lag0=low|lag5=low,-0.1994788313370439,0.25192378713916175,-0.45140261847620566,ab_history_policy
gmr72_bridge_composite,2,P13,242.0,ab=mid|lag0=mid|lag5=low,0.2402012708434355,0.36682954621841507,-0.12662827537497956,ab_history_policy
gmr72_bridge_composite,2,P13,263.0,ab=high|lag0=high|lag5=high,-0.8726071541088826,-0.8889621089725632,0.01635495486368066,ab_history_policy
gmr72_bridge_composite,2,P13,280.0,ab=low|lag0=low|lag5=low,-0.33634451745474964,-0.04797593332838088,-0.28836858412636873,ab_history_policy
gmr72_bridge_composite,2,P13,308.0,ab=mid|lag0=mid|lag5=mid,0.16682409836055606,0.3613956496208172,-0.19457155126026116,ab_history_policy
gmr72_bridge_composite,2,P13,349.0,ab=mid|lag0=mid|lag5=high,0.21306271435215235,0.5589962949187869,-0.34593358056663454,ab_history_policy
gmr72_bridge_composite,2,P13,366.0,ab=high|lag0=high|lag5=mid,-0.1539177156952903,0.18670146061969795,-0.3406191763149883,ab_history_policy
gmr72_bridge_composite,2,P13,382.0,ab=low|lag0=low|lag5=low,-0.5996876951822658,-0.1365255414671396,-0.46316215371512626,ab_history_policy
gmr72_bridge_composite,2,P15,10.0,ab=low|lag0=low|lag5=high,0.09003001430430158,0.44042026089966924,-0.35039024659536766,ab_history_policy
gmr72_bridge_composite,2,P15,16.0,ab=mid|lag0=mid|lag5=low,0.1669040956624584,0.46090548215713123,-0.29400138649467283,ab_history_policy
gmr72_bridge_composite,2,P15,43.0,ab=mid|lag0=mid|lag5=high,0.4479816922209064,1.6497895721372922,-1.2018078799163858,ab_history_policy
gmr72_bridge_composite,2,P15,83.0,ab=mid|lag0=mid|lag5=low,-1.2294078394017574,-1.252105651750084,0.022697812348326574,ab_history_policy
gmr72_bridge_composite,2,P15,106.0,ab=mid|lag0=mid|lag5=mid,-0.10046868414334698,-0.10134723293787931,0.0008785487945323356,ab_history_policy
gmr72_bridge_composite,2,P15,122.0,ab=mid|lag0=mid|lag5=mid,0.7349556240303398,1.2136276325597726,-0.4786720085294328,ab_history_policy
gmr72_bridge_composite,2,P15,176.0,ab=high|lag0=high|lag5=low,0.10324641245870847,-0.009095476308116558,0.11234188876682502,ab_history_policy
gmr72_bridge_composite,2,P15,189.0,ab=mid|lag0=mid|lag5=low,0.045522135118285956,0.23920211763788904,-0.19367998251960308,ab_history_policy
gmr72_bridge_composite,2,P15,202.0,ab=low|lag0=low|lag5=high,0.027739488928555652,-0.18951371599305628,0.21725320492161193,ab_history_policy
gmr72_bridge_composite,2,P15,235.0,ab=low|lag0=low|lag5=low,0.12664194336121046,0.46794238108894287,-0.34130043772773244,ab_history_policy
gmr72_bridge_composite,2,P15,250.0,ab=low|lag0=low|lag5=mid,0.476260639525933,1.1529626441035954,-0.6767020045776624,ab_history_policy
gmr72_bridge_composite,2,P15,262.0,ab=low|lag0=low|lag5=low,0.3821078515895601,1.20922697302678,-0.8271191214372198,ab_history_policy
gmr72_bridge_composite,2,P15,272.0,ab=low|lag0=low|lag5=low,0.39607237060179973,0.4106481261911992,-0.014575755589399497,ab_history_policy
gmr72_bridge_composite,2,P15,292.0,ab=high|lag0=high|lag5=high,0.434912609824176,1.2910139113086723,-0.8561013014844963,ab_history_policy
gmr72_bridge_composite,2,P15,297.0,ab=high|lag0=high|lag5=mid,-0.2239148631461776,-0.28943995391970384,0.06552509077352625,ab_history_policy
gmr72_bridge_composite,2,P15,315.0,ab=mid|lag0=mid|lag5=mid,-0.24111195582690195,-0.1161871303022307,-0.12492482552467125,ab_history_policy
gmr72_bridge_composite,2,P15,327.0,ab=low|lag0=low|lag5=mid,-0.05877793982012283,-0.036421793410280255,-0.022356146409842577,ab_history_policy
gmr72_bridge_composite,2,P15,341.0,ab=high|lag0=high|lag5=mid,0.31409557610669864,0.7781929288239602,-0.46409735271726155,ab_history_policy
gmr72_bridge_composite,2,P15,343.0,ab=mid|lag0=mid|lag5=mid,0.34659330971304725,0.7843344465071641,-0.43774113679411686,ab_history_policy
gmr72_bridge_composite,2,P15,358.0,ab=mid|lag0=mid|lag5=mid,0.2286756702051938,0.22871813258760265,-4.24623824088477e-05,ab_history_policy
gmr72_bridge_composite,2,P15,369.0,ab=high|lag0=high|lag5=low,0.2755929853669765,0.44566896421088503,-0.17007597884390852,ab_history_policy
gmr72_bridge_composite,2,P15,380.0,ab=mid|lag0=mid|lag5=mid,-0.04820096058736597,0.2744664882854618,-0.3226674488728277,ab_history_policy
gmr72_bridge_composite,2,P15,392.0,ab=low|lag0=low|lag5=mid,0.4119833168864928,0.6655636047378014,-0.2535802878513086,ab_history_policy
gmr72_bridge_composite,2,P15,400.0,nan,-0.2749624506992834,0.32698651254867767,-0.6019489632479611,ab_history_policy
gmr72_bridge_composite,2,P15,415.0,nan,-0.4789084152589294,-0.47890841525892947,5.551115123125783e-17,ab_history_policy
gmr72_bridge_composite,2,P15,417.0,nan,0.0,0.0,0.0,ab_history_policy
gmr72_bridge_composite,2,P23,32.0,ab=low|lag0=low|lag5=mid,-0.4490268659210958,-0.3264725994114242,-0.1225542665096716,ab_history_policy
gmr72_bridge_composite,2,P23,65.0,ab=low|lag0=low|lag5=low,0.23484409337042977,0.38922772194456157,-0.1543836285741318,ab_history_policy
gmr72_bridge_composite,2,P23,68.0,ab=low|lag0=low|lag5=high,0.5223420939046255,1.2624978609970523,-0.7401557670924268,ab_history_policy
gmr72_bridge_composite,2,P23,106.0,ab=low|lag0=low|lag5=mid,0.034290110942511345,0.4935334135680198,-0.45924330262550844,ab_history_policy
gmr72_bridge_composite,2,P23,133.0,ab=high|lag0=high|lag5=mid,0.03854859920520765,0.2746659015613669,-0.23611730235615924,ab_history_policy
gmr72_bridge_composite,2,P23,138.0,ab=mid|lag0=mid|lag5=mid,0.28081079235483114,0.4985000623572513,-0.21768927000242017,ab_history_policy
gmr72_bridge_composite,2,P23,188.0,ab=mid|lag0=mid|lag5=low,-0.203681846817253,0.41866787121436483,-0.6223497180316178,ab_history_policy
gmr72_bridge_composite,2,P23,202.0,ab=low|lag0=low|lag5=low,-0.635701084900682,-0.49484576649414463,-0.14085531840653737,ab_history_policy
gmr72_bridge_composite,2,P23,284.0,ab=mid|lag0=mid|lag5=low,-0.09131142577739637,0.41836013291422297,-0.5096715586916194,ab_history_policy
gmr72_bridge_composite,2,P23,294.0,ab=low|lag0=low|lag5=low,0.2315431912644742,0.5307069770368545,-0.29916378577238034,ab_history_policy
gmr72_bridge_composite,2,P23,327.0,ab=mid|lag0=mid|lag5=high,0.18217995640086937,0.04377915201490315,0.13840080438596622,ab_history_policy
gmr72_bridge_composite,2,P23,335.0,ab=high|lag0=high|lag5=low,-0.05762290498462462,-0.11709495543377822,0.0594720504491536,ab_history_policy
gmr72_bridge_composite,2,P23,355.0,ab=mid|lag0=mid|lag5=low,-0.6736756403827221,-0.5541607552151082,-0.11951488516761388,ab_history_policy
gmr72_bridge_composite,2,P23,380.0,ab=mid|lag0=mid|lag5=mid,0.23003660901906894,1.6695878211063098,-1.439551212087241,ab_history_policy
gmr72_bridge_composite,2,P24,6.0,ab=low|lag0=low|lag5=high,0.40201522263076955,0.46496898758827415,-0.0629537649575046,ab_history_policy
gmr72_bridge_composite,2,P24,13.0,ab=high|lag0=high|lag5=low,-0.07845808572859284,-0.08014692512257188,0.0016888393939790414,ab_history_policy
gmr72_bridge_composite,2,P24,33.0,ab=mid|lag0=mid|lag5=mid,-0.10091501194266683,0.06033920905508725,-0.16125422099775408,ab_history_policy
gmr72_bridge_composite,2,P24,49.0,ab=low|lag0=low|lag5=mid,0.911579783748284,1.329528031492425,-0.41794824774414097,ab_history_policy
gmr72_bridge_composite,2,P24,75.0,ab=high|lag0=high|lag5=high,0.9030860134911722,0.8914931333122601,0.011592880178912135,ab_history_policy
gmr72_bridge_composite,2,P24,101.0,ab=high|lag0=high|lag5=mid,0.7001590718953683,0.9224998345259446,-0.22234076263057634,ab_history_policy
gmr72_bridge_composite,2,P24,111.0,ab=mid|lag0=mid|lag5=mid,0.02628549171571496,0.565282771748751,-0.538997280033036,ab_history_policy
gmr72_bridge_composite,2,P24,124.0,ab=mid|lag0=mid|lag5=low,-0.29200896780965446,-0.2385146562953668,-0.05349431151428766,ab_history_policy
gmr72_bridge_composite,2,P24,167.0,ab=low|lag0=low|lag5=low,-0.2433800952757725,-0.24279835306783834,-0.0005817422079341661,ab_history_policy
gmr72_bridge_composite,2,P24,174.0,ab=low|lag0=low|lag5=mid,0.02931897780562002,0.29753464734116647,-0.26821566953554643,ab_history_policy
gmr72_bridge_composite,2,P24,199.0,ab=mid|lag0=mid|lag5=low,-0.7335859371050062,-0.458898622389702,-0.27468731471530416,ab_history_policy
gmr72_bridge_composite,2,P24,228.0,ab=high|lag0=high|lag5=high,-1.062404186848482,-1.0715343265346022,0.009130139686120309,ab_history_policy
gmr72_bridge_composite,2,P24,254.0,ab=mid|lag0=mid|lag5=mid,0.9104134785598426,1.1595038538683544,-0.24909037530851186,ab_history_policy
gmr72_bridge_composite,2,P24,280.0,ab=low|lag0=low|lag5=high,0.9337293992320015,2.2002613542915963,-1.2665319550595948,ab_history_policy
gmr72_bridge_composite,2,P24,296.0,ab=high|lag0=high|lag5=high,0.5325696119966444,0.5061527185101548,0.02641689348648968,ab_history_policy
gmr72_bridge_composite,2,P24,303.0,ab=high|lag0=high|lag5=high,0.14745111785426168,0.34910454694126,-0.2016534290869983,ab_history_policy
gmr72_bridge_composite,2,P24,335.0,ab=high|lag0=high|lag5=high,0.2988999251516562,0.2932265692839511,0.005673355867705121,ab_history_policy
gmr72_bridge_composite,2,P24,368.0,ab=low|lag0=low|lag5=low,-0.32022127512352955,-0.04667877803374996,-0.27354249708977957,ab_history_policy
gmr72_bridge_composite,2,P24,377.0,ab=low|lag0=low|lag5=mid,-0.3260269395572933,-0.16012812372337232,-0.16589881583392097,ab_history_policy
gmr72_bridge_composite,2,P24,381.0,ab=mid|lag0=mid|lag5=mid,-0.2713060086275414,-0.17203535287190505,-0.09927065575563634,ab_history_policy
gmr72_bridge_composite,2,P24,395.0,ab=low|lag0=low|lag5=low,-0.5395796731688578,-0.3797426092637557,-0.1598370639051021,ab_history_policy
gmr72_bridge_composite,2,P24,417.0,nan,0.0,0.0,0.0,ab_history_policy
gmr72_bridge_composite,2,P8,6.0,ab=mid|lag0=mid|lag5=low,0.3490115887963699,1.2054652619775768,-0.8564536731812069,ab_history_policy
gmr72_bridge_composite,2,P8,8.0,ab=mid|lag0=mid|lag5=low,0.9018608289611313,1.2766809792370712,-0.37482015027593996,ab_history_policy
gmr72_bridge_composite,2,P8,24.0,ab=high|lag0=high|lag5=high,-0.012663226161171132,-0.021322698861067302,0.00865947269989617,ab_history_policy
gmr72_bridge_composite,2,P8,34.0,ab=low|lag0=low|lag5=mid,0.17215319087905964,0.2826205831096311,-0.11046739223057148,ab_history_policy
gmr72_bridge_composite,2,P8,50.0,ab=low|lag0=low|lag5=high,-1.0382183665727167,-0.42586544979369473,-0.612352916779022,ab_history_policy
gmr72_bridge_composite,2,P8,91.0,ab=mid|lag0=mid|lag5=mid,0.20794051896907254,0.2242294149597094,-0.016288895990636876,ab_history_policy
gmr72_bridge_composite,2,P8,99.0,ab=high|lag0=high|lag5=mid,0.3694410345420238,0.30497775560885143,0.06446327893317239,ab_history_policy
gmr72_bridge_composite,2,P8,109.0,ab=high|lag0=high|lag5=high,-0.024090030920167038,0.2664931836497329,-0.29058321456989994,ab_history_policy
gmr72_bridge_composite,2,P8,119.0,ab=high|lag0=high|lag5=high,0.6430688623230761,0.6058420909173069,0.03722677140576924,ab_history_policy
gmr72_bridge_composite,2,P8,152.0,ab=high|lag0=high|lag5=high,0.07497391735051716,0.8321346856910328,-0.7571607683405156,ab_history_policy
gmr72_bridge_composite,2,P8,214.0,ab=mid|lag0=mid|lag5=low,-0.38211316022771324,-0.11102269452294465,-0.2710904657047686,ab_history_policy
gmr72_bridge_composite,2,P8,220.0,ab=mid|lag0=mid|lag5=mid,-0.5313249872102073,-0.4652443696708346,-0.06608061753937267,ab_history_policy
gmr72_bridge_composite,2,P8,238.0,ab=low|lag0=low|lag5=mid,0.2972509203336243,1.0973151284111085,-0.8000642080774841,ab_history_policy
gmr72_bridge_composite,2,P8,272.0,ab=mid|lag0=mid|lag5=high,1.0494391710418647,1.1920250179793126,-0.1425858469374479,ab_history_policy
gmr72_bridge_composite,2,P8,306.0,ab=high|lag0=high|lag5=high,-0.5314879415172327,-0.5394075586285715,0.007919617111338817,ab_history_policy
gmr72_bridge_composite,2,P8,332.0,ab=mid|lag0=mid|lag5=low,-0.8278621104108624,-0.24909733556012056,-0.5787647748507418,ab_history_policy
gmr72_bridge_composite,2,P8,354.0,ab=low|lag0=low|lag5=low,-0.6951121346158197,-0.3007189686553852,-0.39439316596043444,ab_history_policy
gmr72_bridge_composite,2,P8,382.0,ab=mid|lag0=mid|lag5=mid,0.10824087888639038,1.2867856369235975,-1.178544758037207,ab_history_policy
gmr72_bridge_composite,3,P1,42.0,ab=low|lag0=low|lag5=mid,-0.04730096233801175,0.035331283728305046,-0.0826322460663168,ab_history_policy
gmr72_bridge_composite,3,P1,53.0,ab=low|lag0=low|lag5=mid,-0.1363795162222918,0.006633421236304134,-0.14301293745859595,ab_history_policy
gmr72_bridge_composite,3,P1,66.0,ab=mid|lag0=mid|lag5=high,-0.1269969848578054,-0.17376241952369997,0.046765434665894584,ab_history_policy
gmr72_bridge_composite,3,P1,85.0,ab=high|lag0=high|lag5=high,0.19587279253361783,0.5123206940421244,-0.3164479015085066,ab_history_policy
gmr72_bridge_composite,3,P1,86.0,ab=high|lag0=high|lag5=mid,0.3555750841130905,0.5111739650807183,-0.1555988809676278,ab_history_policy
gmr72_bridge_composite,3,P1,102.0,ab=low|lag0=low|lag5=low,0.20310394655310737,0.5178318893046305,-0.31472794275152316,ab_history_policy
gmr72_bridge_composite,3,P1,114.0,ab=low|lag0=low|lag5=mid,-0.1488881743519582,0.11306347021875342,-0.26195164457071163,ab_history_policy
gmr72_bridge_composite,3,P1,135.0,ab=mid|lag0=mid|lag5=high,0.21411802800732424,0.3384889669304807,-0.12437093892315645,ab_history_policy
gmr72_bridge_composite,3,P1,145.0,ab=mid|lag0=mid|lag5=mid,0.43128490182107626,0.4318249615600216,-0.000540059738945331,ab_history_policy
gmr72_bridge_composite,3,P1,155.0,ab=high|lag0=high|lag5=high,-0.0025801784165398745,-0.020751554505745333,0.01817137608920546,ab_history_policy
gmr72_bridge_composite,3,P1,164.0,ab=low|lag0=low|lag5=mid,-0.17970197912092734,-0.19421048922972628,0.014508510108798944,ab_history_policy
gmr72_bridge_composite,3,P1,169.0,ab=mid|lag0=mid|lag5=low,-0.3443461596979644,-0.3588101682547782,0.01446400855681379,ab_history_policy
gmr72_bridge_composite,3,P1,192.0,ab=low|lag0=low|lag5=mid,-0.6968730621652005,-0.5968170980020276,-0.10005596416317286,ab_history_policy
gmr72_bridge_composite,3,P1,218.0,ab=high|lag0=high|lag5=low,1.0916627715005247,1.2889272491150394,-0.1972644776145147,ab_history_policy
gmr72_bridge_composite,3,P1,255.0,ab=high|lag0=high|lag5=high,-0.13139472316061698,-0.13669754551226157,0.005302822351644587,ab_history_policy
gmr72_bridge_composite,3,P1,258.0,ab=mid|lag0=mid|lag5=mid,-0.2948264404033807,-0.2972408378769076,0.002414397473526897,ab_history_policy
gmr72_bridge_composite,3,P1,265.0,ab=low|lag0=low|lag5=high,0.7952767229663358,0.6522208678256218,0.14305585514071395,ab_history_policy
gmr72_bridge_composite,3,P1,271.0,ab=high|lag0=high|lag5=high,0.19010390932613108,0.18636408982763147,0.003739819498499608,ab_history_policy
gmr72_bridge_composite,3,P1,281.0,ab=high|lag0=high|lag5=mid,-0.14284312250901765,-0.22684011788252195,0.0839969953735043,ab_history_policy
gmr72_bridge_composite,3,P1,300.0,ab=high|lag0=high|lag5=low,0.15065800255374667,0.5148012826558938,-0.3641432801021471,ab_history_policy
gmr72_bridge_composite,3,P1,302.0,ab=mid|lag0=mid|lag5=low,0.2286199877555638,0.5170884073981687,-0.28846841964260495,ab_history_policy
gmr72_bridge_composite,3,P1,317.0,ab=low|lag0=low|lag5=low,0.49188939335597265,1.1873766853550753,-0.6954872919991026,ab_history_policy
gmr72_bridge_composite,3,P1,330.0,ab=low|lag0=low|lag5=mid,-0.1473779801139408,0.5187110539979111,-0.6660890341118518,ab_history_policy
gmr72_bridge_composite,3,P1,347.0,ab=mid|lag0=mid|lag5=mid,0.17253678718453913,0.28110421588846585,-0.10856742870392672,ab_history_policy
gmr72_bridge_composite,3,P1,362.0,ab=high|lag0=high|lag5=mid,-0.07685912707997082,0.4171315884857436,-0.49399071556571444,ab_history_policy
gmr72_bridge_composite,3,P1,381.0,ab=low|lag0=low|lag5=mid,0.08278711110421005,0.32893696175122816,-0.2461498506470181,ab_history_policy
gmr72_bridge_composite,3,P1,394.0,ab=low|lag0=low|lag5=high,0.14069861960716656,1.6854173663112932,-1.5447187467041266,ab_history_policy
gmr72_bridge_composite,3,P18,12.0,ab=mid|lag0=mid|lag5=mid,-0.09842943541405817,0.14403898375388638,-0.24246841916794454,ab_history_policy
gmr72_bridge_composite,3,P18,29.0,ab=mid|lag0=mid|lag5=high,-0.11904723251842676,-0.2001158471823413,0.08106861466391453,ab_history_policy
gmr72_bridge_composite,3,P18,41.0,ab=mid|lag0=mid|lag5=low,-1.1131300284116852,-0.9374984383754006,-0.1756315900362846,ab_history_policy
gmr72_bridge_composite,3,P18,49.0,ab=mid|lag0=mid|lag5=low,0.3819262357259451,0.67955622001144,-0.2976299842854949,ab_history_policy
gmr72_bridge_composite,3,P18,73.0,ab=mid|lag0=mid|lag5=high,0.3816061367256549,0.4016732765415239,-0.020067139815868995,ab_history_policy
gmr72_bridge_composite,3,P18,93.0,ab=mid|lag0=mid|lag5=low,-0.5681352330845921,-0.03559747455897363,-0.5325377585256185,ab_history_policy
gmr72_bridge_composite,3,P18,102.0,ab=high|lag0=high|lag5=high,-0.5381878452748635,-0.5429270585297397,0.00473921325487614,ab_history_policy
gmr72_bridge_composite,3,P18,128.0,ab=high|lag0=high|lag5=low,-0.8577542947071425,-0.803453615406973,-0.05430067930016946,ab_history_policy
gmr72_bridge_composite,3,P18,145.0,ab=mid|lag0=mid|lag5=high,-0.786635688471949,-0.7348996376323577,-0.05173605083959132,ab_history_policy
gmr72_bridge_composite,3,P18,161.0,ab=high|lag0=high|lag5=high,0.3138661152854112,0.4453932711553719,-0.13152715586996072,ab_history_policy
gmr72_bridge_composite,3,P18,175.0,ab=low|lag0=low|lag5=high,0.3315136255259077,0.2381079019502914,0.09340572357561627,ab_history_policy
gmr72_bridge_composite,3,P18,195.0,ab=high|lag0=high|lag5=high,-0.605148167311722,-0.6110628776610432,0.005914710349321117,ab_history_policy
gmr72_bridge_composite,3,P18,228.0,ab=high|lag0=high|lag5=mid,-0.1510901407726968,0.014191852806447988,-0.1652819935791448,ab_history_policy
gmr72_bridge_composite,3,P18,242.0,ab=low|lag0=low|lag5=low,-0.17078061245754406,0.06758032407934104,-0.23836093653688512,ab_history_policy
gmr72_bridge_composite,3,P18,258.0,ab=high|lag0=high|lag5=high,0.1288804030954898,0.2751912554942755,-0.1463108523987857,ab_history_policy
gmr72_bridge_composite,3,P18,289.0,ab=low|lag0=low|lag5=low,-0.8967233950863179,-0.704332087641907,-0.1923913074444109,ab_history_policy
gmr72_bridge_composite,3,P18,321.0,ab=mid|lag0=mid|lag5=low,0.24622388612415122,0.5944948323137754,-0.3482709461896242,ab_history_policy
gmr72_bridge_composite,3,P18,353.0,ab=low|lag0=low|lag5=low,0.19576499622294946,0.5340224322001653,-0.33825743597721586,ab_history_policy
gmr72_bridge_composite,3,P18,380.0,ab=low|lag0=low|lag5=low,-0.23155562190366336,0.03678767310400349,-0.26834329500766685,ab_history_policy
gmr72_bridge_composite,3,P18,409.0,nan,0.09936278803664558,0.09936278803664558,0.0,ab_history_policy
gmr72_bridge_composite,3,P19,12.0,ab=low|lag0=low|lag5=high,0.09549488810416798,0.16913615420973693,-0.07364126610556895,ab_history_policy
gmr72_bridge_composite,3,P19,21.0,ab=mid|lag0=mid|lag5=high,0.16812387904921058,0.1565893310377623,0.011534548011448292,ab_history_policy
gmr72_bridge_composite,3,P19,41.0,ab=low|lag0=low|lag5=high,-1.0447124251202986,-1.2038205671260371,0.15910814200573853,ab_history_policy
gmr72_bridge_composite,3,P19,75.0,ab=mid|lag0=mid|lag5=mid,0.14594668649432763,0.2579347611572131,-0.11198807466288546,ab_history_policy
gmr72_bridge_composite,3,P19,86.0,ab=low|lag0=low|lag5=low,-0.12967530909786257,0.033203716432267084,-0.16287902553012965,ab_history_policy
gmr72_bridge_composite,3,P19,95.0,ab=mid|lag0=mid|lag5=low,-1.0411561030985195,-1.049367292340375,0.008211189241855488,ab_history_policy
gmr72_bridge_composite,3,P19,124.0,ab=low|lag0=low|lag5=low,-0.275173587347598,0.020336424244040474,-0.2955100115916385,ab_history_policy
gmr72_bridge_composite,3,P19,147.0,ab=high|lag0=high|lag5=high,0.4561171014484487,0.6471200521381721,-0.19100295068972345,ab_history_policy
gmr72_bridge_composite,3,P19,165.0,ab=high|lag0=high|lag5=low,0.6581421889900264,0.46917719083194304,0.18896499815808337,ab_history_policy
gmr72_bridge_composite,3,P19,190.0,ab=low|lag0=low|lag5=low,-0.9450913164005572,-0.8112505175417363,-0.13384079885882094,ab_history_policy
gmr72_bridge_composite,3,P19,213.0,ab=low|lag0=low|lag5=mid,-0.6618031959048297,-0.33135543264334305,-0.33044776326148667,ab_history_policy
gmr72_bridge_composite,3,P19,249.0,ab=low|lag0=low|lag5=mid,0.17532908409335096,0.23392212883821628,-0.05859304474486532,ab_history_policy
gmr72_bridge_composite,3,P19,259.0,ab=low|lag0=low|lag5=low,0.03817030977780911,0.03825749844360157,-8.718866579246476e-05,ab_history_policy
gmr72_bridge_composite,3,P19,279.0,ab=high|lag0=high|lag5=mid,1.1057731446719694,1.5278722050479092,-0.4220990603759398,ab_history_policy
gmr72_bridge_composite,3,P19,330.0,ab=high|lag0=high|lag5=mid,-0.6579906797700931,-0.6622539598929842,0.004263280122891122,ab_history_policy
gmr72_bridge_composite,3,P19,344.0,ab=mid|lag0=mid|lag5=mid,0.5324998815989933,1.2134024982151674,-0.6809026166161741,ab_history_policy
gmr72_bridge_composite,3,P19,351.0,ab=mid|lag0=mid|lag5=mid,0.4589901688886707,0.45942189028562985,-0.00043172139695912826,ab_history_policy
gmr72_bridge_composite,3,P19,360.0,ab=high|lag0=high|lag5=high,0.6083282560629972,0.7487099978511592,-0.14038174178816198,ab_history_policy
gmr72_bridge_composite,3,P19,384.0,ab=low|lag0=low|lag5=mid,0.760112512897172,1.7051446120275926,-0.9450320991304206,ab_history_policy
gmr72_bridge_composite,3,P19,398.0,ab=high|lag0=high|lag5=high,0.9798947164711177,2.6434633689745497,-1.6635686525034319,ab_history_policy
gmr72_bridge_composite,3,P2,41.0,ab=low|lag0=low|lag5=low,-0.11459328121579039,0.10743078576948102,-0.2220240669852714,ab_history_policy
gmr72_bridge_composite,3,P2,67.0,ab=low|lag0=low|lag5=mid,-0.06999653088985247,0.10628174501458838,-0.17627827590444084,ab_history_policy
gmr72_bridge_composite,3,P2,85.0,ab=low|lag0=low|lag5=high,0.46246158673738785,0.5932097518193808,-0.130748165081993,ab_history_policy
gmr72_bridge_composite,3,P2,106.0,ab=low|lag0=low|lag5=high,-0.5271106605911103,-0.8197304573403068,0.29261979674919647,ab_history_policy
gmr72_bridge_composite,3,P2,113.0,ab=high|lag0=high|lag5=high,-0.07290490165600438,0.17705764393812654,-0.24996254559413092,ab_history_policy
gmr72_bridge_composite,3,P2,129.0,ab=mid|lag0=mid|lag5=low,0.6134117789634301,0.8669313900462257,-0.2535196110827955,ab_history_policy
gmr72_bridge_composite,3,P2,146.0,ab=low|lag0=low|lag5=high,-0.6390784845502785,-0.37501144344603504,-0.26406704110424345,ab_history_policy
gmr72_bridge_composite,3,P2,173.0,ab=low|lag0=low|lag5=mid,0.01992290762756595,0.4864457349611165,-0.46652282733355055,ab_history_policy
gmr72_bridge_composite,3,P2,177.0,ab=mid|lag0=mid|lag5=low,0.028534582580612547,0.4256416918828782,-0.39710710930226567,ab_history_policy
gmr72_bridge_composite,3,P2,187.0,ab=low|lag0=low|lag5=low,0.20175833122878406,0.23477597343137702,-0.033017642202592956,ab_history_policy
gmr72_bridge_composite,3,P2,198.0,ab=high|lag0=high|lag5=high,0.18265771646499981,0.166576629118372,0.016081087346627804,ab_history_policy
gmr72_bridge_composite,3,P2,219.0,ab=high|lag0=high|lag5=mid,-0.648696443005361,-0.716262336030039,0.06756589302467797,ab_history_policy
gmr72_bridge_composite,3,P2,234.0,ab=high|lag0=high|lag5=high,0.3046469475959206,0.39066682256108254,-0.08601987496516195,ab_history_policy
gmr72_bridge_composite,3,P2,261.0,ab=high|lag0=high|lag5=mid,-0.8596649167119119,-0.9146390935253523,0.05497417681344041,ab_history_policy
gmr72_bridge_composite,3,P2,286.0,ab=mid|lag0=mid|lag5=low,-0.4769683790764475,-0.35798698793309214,-0.11898139114335538,ab_history_policy
gmr72_bridge_composite,3,P2,306.0,ab=low|lag0=low|lag5=high,0.09958825176240049,0.8200958933210619,-0.7205076415586614,ab_history_policy
gmr72_bridge_composite,3,P2,347.0,ab=low|lag0=low|lag5=high,-0.19272347494069786,-0.03641593098589274,-0.15630754395480512,ab_history_policy
gmr72_bridge_composite,3,P2,365.0,ab=low|lag0=low|lag5=low,-0.36816386262259143,-0.2621805742283705,-0.10598328839422094,ab_history_policy
gmr72_bridge_composite,3,P2,384.0,ab=low|lag0=low|lag5=mid,-0.236521815511029,-0.1816971751725133,-0.054824640338515696,ab_history_policy
gmr72_bridge_composite,3,P2,399.0,ab=mid|lag0=mid|lag5=low,-0.41361895910589164,-0.39785151121063445,-0.01576744789525719,ab_history_policy
gmr72_bridge_composite,3,P2,417.0,nan,0.0,0.0,0.0,ab_history_policy
gmr72_bridge_composite,3,P7,20.0,ab=high|lag0=high|lag5=low,0.48851647913546636,0.456777505134502,0.03173897400096437,ab_history_policy
gmr72_bridge_composite,3,P7,48.0,ab=high|lag0=high|lag5=high,-0.9389274736656464,-0.951043958981651,0.01211648531600451,ab_history_policy
gmr72_bridge_composite,3,P7,78.0,ab=mid|lag0=mid|lag5=mid,0.5563469756835017,1.0310244074211217,-0.47467743173762,ab_history_policy
gmr72_bridge_composite,3,P7,79.0,ab=high|lag0=high|lag5=low,1.1310379848980643,1.04437649243941,0.08666149245865418,ab_history_policy
gmr72_bridge_composite,3,P7,93.0,ab=low|lag0=low|lag5=low,-0.08101074770997878,1.1564995509849834,-1.2375102986949622,ab_history_policy
gmr72_bridge_composite,3,P7,121.0,ab=mid|lag0=mid|lag5=mid,0.05185321917758933,0.3405258550895541,-0.28867263591196474,ab_history_policy
gmr72_bridge_composite,3,P7,129.0,ab=high|lag0=high|lag5=high,0.6016611109277639,0.7200842676240472,-0.11842315669628334,ab_history_policy
gmr72_bridge_composite,3,P7,138.0,ab=high|lag0=high|lag5=high,-0.31126430139703554,-0.31907989138956744,0.007815589992531902,ab_history_policy
gmr72_bridge_composite,3,P7,148.0,ab=mid|lag0=mid|lag5=mid,0.463890736369441,0.702462924219413,-0.23857218784997203,ab_history_policy
gmr72_bridge_composite,3,P7,160.0,ab=mid|lag0=mid|lag5=high,0.12669965856817117,0.6092366975589504,-0.4825370389907792,ab_history_policy
gmr72_bridge_composite,3,P7,172.0,ab=mid|lag0=mid|lag5=mid,-0.09078133831558571,0.045363868546096364,-0.13614520686168208,ab_history_policy
gmr72_bridge_composite,3,P7,190.0,ab=mid|lag0=mid|lag5=high,0.6846347290919405,0.8501976124906919,-0.16556288339875147,ab_history_policy
gmr72_bridge_composite,3,P7,221.0,ab=high|lag0=high|lag5=low,0.3158292708431973,0.33261702589602826,-0.016787755052830977,ab_history_policy
gmr72_bridge_composite,3,P7,295.0,ab=mid|lag0=mid|lag5=mid,0.10807048362413713,0.10594899854030235,0.0021214850838347787,ab_history_policy
gmr72_bridge_composite,3,P7,298.0,ab=mid|lag0=mid|lag5=high,0.057356184950336064,0.01578079344246669,0.041575391507869375,ab_history_policy
gmr72_bridge_composite,3,P7,306.0,ab=high|lag0=high|lag5=mid,-0.02880022110258247,0.21369978649297483,-0.2425000075955573,ab_history_policy
gmr72_bridge_composite,3,P7,347.0,ab=mid|lag0=mid|lag5=low,-0.8329066943333744,-0.7503782648195728,-0.08252842951380157,ab_history_policy
gmr72_bridge_composite,3,P7,363.0,ab=high|lag0=high|lag5=high,-0.3121738975521911,-0.02419835240043322,-0.2879755451517579,ab_history_policy
gmr72_bridge_composite,3,P7,397.0,ab=high|lag0=high|lag5=high,-0.0393533337611564,-0.049160537121925404,0.009807203360769005,ab_history_policy
gmr72_bridge_composite,3,P7,406.0,nan,-0.33638517055061856,-0.33638517055061856,0.0,ab_history_policy
gmr72_bridge_composite,4,P22,36.0,ab=low|lag0=low|lag5=low,1.7541136746206982,2.475441540448374,-0.7213278658276758,ab_history_policy
gmr72_bridge_composite,4,P22,54.0,ab=high|lag0=high|lag5=low,-0.7422627251653776,-0.7341550431836689,-0.008107681981708748,ab_history_policy
gmr72_bridge_composite,4,P22,64.0,ab=mid|lag0=mid|lag5=low,-1.064258404149139,-0.9514190099503986,-0.11283939419874034,ab_history_policy
gmr72_bridge_composite,4,P22,84.0,ab=high|lag0=high|lag5=mid,-0.36079932196165937,-0.3728712669584005,0.012071944996741135,ab_history_policy
gmr72_bridge_composite,4,P22,117.0,ab=high|lag0=high|lag5=high,0.344003784353027,0.3435767761919581,0.00042700816106888695,ab_history_policy
gmr72_bridge_composite,4,P22,127.0,ab=high|lag0=high|lag5=high,0.5964977866628889,0.5890070644666,0.007490722196288879,ab_history_policy
gmr72_bridge_composite,4,P22,142.0,ab=high|lag0=high|lag5=high,0.32929213717833294,1.1770157113290989,-0.8477235741507659,ab_history_policy
gmr72_bridge_composite,4,P22,148.0,ab=high|lag0=high|lag5=low,0.060427040516285474,-0.0799825712219861,0.14040961173827157,ab_history_policy
gmr72_bridge_composite,4,P22,160.0,ab=high|lag0=high|lag5=high,1.043835774853801,1.3291563986939814,-0.2853206238401804,ab_history_policy
gmr72_bridge_composite,4,P22,179.0,ab=high|lag0=high|lag5=high,0.6990176436432146,1.7805305850639683,-1.0815129414207538,ab_history_policy
gmr72_bridge_composite,4,P22,215.0,ab=mid|lag0=mid|lag5=high,0.04503158489736244,-0.04115223786818609,0.08618382276554853,ab_history_policy
gmr72_bridge_composite,4,P22,232.0,ab=mid|lag0=mid|lag5=mid,-0.07799037742341361,0.09178329006101006,-0.16977366748442368,ab_history_policy
gmr72_bridge_composite,4,P22,253.0,ab=mid|lag0=mid|lag5=mid,-0.6005617551890818,-0.5029196699253764,-0.09764208526370544,ab_history_policy
gmr72_bridge_composite,4,P22,273.0,ab=mid|lag0=mid|lag5=high,-0.18337394527665263,0.45704511232203676,-0.6404190575986894,ab_history_policy
gmr72_bridge_composite,4,P22,352.0,ab=mid|lag0=mid|lag5=low,0.20280300992489364,0.3686074227175814,-0.16580441279268776,ab_history_policy
gmr72_bridge_composite,4,P22,411.0,nan,0.06228552595208561,0.06228552595208561,0.0,ab_history_policy
gmr72_bridge_composite,4,P25,23.0,ab=high|lag0=high|lag5=high,-0.12335131799321315,0.02968577814407865,-0.1530370961372918,ab_history_policy
gmr72_bridge_composite,4,P25,27.0,ab=high|lag0=high|lag5=high,-0.152112809202964,0.13111000348582277,-0.2832228126887868,ab_history_policy
gmr72_bridge_composite,4,P25,40.0,ab=low|lag0=low|lag5=mid,0.26905433132896833,0.5215221903921402,-0.2524678590631719,ab_history_policy
gmr72_bridge_composite,4,P25,57.0,ab=mid|lag0=mid|lag5=high,0.013647372296664913,-0.04095685846848518,0.05460423076515009,ab_history_policy
gmr72_bridge_composite,4,P25,87.0,ab=mid|lag0=mid|lag5=mid,-0.0814497364267231,0.23381209665520522,-0.31526183308192834,ab_history_policy
gmr72_bridge_composite,4,P25,89.0,ab=mid|lag0=mid|lag5=low,-0.15888944572366986,-0.00815227438522556,-0.1507371713384443,ab_history_policy
gmr72_bridge_composite,4,P25,165.0,ab=high|lag0=high|lag5=high,-0.03521529917383626,0.16117593938394906,-0.1963912385577853,ab_history_policy
gmr72_bridge_composite,4,P25,190.0,ab=mid|lag0=mid|lag5=mid,0.23883922674320518,0.4715375085355682,-0.23269828179236302,ab_history_policy
gmr72_bridge_composite,4,P25,208.0,ab=low|lag0=low|lag5=high,0.15114153269314637,0.19412338949373545,-0.04298185680058908,ab_history_policy
gmr72_bridge_composite,4,P25,219.0,ab=high|lag0=high|lag5=mid,-0.44123753695822715,-0.431966983775329,-0.009270553182898156,ab_history_policy
gmr72_bridge_composite,4,P25,227.0,ab=mid|lag0=mid|lag5=low,0.4699764267180947,1.1464469733730291,-0.6764705466549344,ab_history_policy
gmr72_bridge_composite,4,P25,240.0,ab=mid|lag0=mid|lag5=mid,-0.8994747959577095,-0.21309514666118057,-0.686379649296529,ab_history_policy
gmr72_bridge_composite,4,P25,274.0,ab=low|lag0=low|lag5=low,-0.18701221879126356,0.07554367486107556,-0.2625558936523391,ab_history_policy
gmr72_bridge_composite,4,P25,289.0,ab=high|lag0=high|lag5=mid,-0.6122497534520885,-0.3686117008040048,-0.24363805264808375,ab_history_policy
gmr72_bridge_composite,4,P25,332.0,ab=mid|lag0=mid|lag5=low,0.7117203674062825,1.155475081050005,-0.44375471364372243,ab_history_policy
gmr72_bridge_composite,4,P25,346.0,ab=mid|lag0=mid|lag5=mid,0.721373317684111,1.5598299069883443,-0.8384565893042334,ab_history_policy
gmr72_bridge_composite,4,P25,360.0,ab=low|lag0=low|lag5=high,0.7591637727414909,1.4809487616882568,-0.7217849889467659,ab_history_policy
gmr72_bridge_composite,4,P25,404.0,nan,-0.2712502940346274,-0.2712502940346275,1.1102230246251565e-16,ab_history_policy
gmr72_bridge_composite,4,P4,46.0,ab=high|lag0=high|lag5=high,0.8247835313525343,0.906664536960864,-0.08188100560832967,ab_history_policy
gmr72_bridge_composite,4,P4,75.0,ab=high|lag0=high|lag5=mid,-0.9920975591545564,-1.0702378539260626,0.07814029477150619,ab_history_policy
gmr72_bridge_composite,4,P4,111.0,ab=mid|lag0=mid|lag5=mid,-0.4150765642410775,-0.21464819510143865,-0.20042836913963882,ab_history_policy
gmr72_bridge_composite,4,P4,137.0,ab=low|lag0=low|lag5=mid,-0.20213579244034385,-0.11144212662655767,-0.09069366581378618,ab_history_policy
gmr72_bridge_composite,4,P4,143.0,ab=high|lag0=high|lag5=high,0.050097464217655444,0.053674664742144114,-0.0035772005244886704,ab_history_policy
gmr72_bridge_composite,4,P4,162.0,ab=high|lag0=high|lag5=mid,-0.024913971395730577,0.17092424709284568,-0.19583821848857624,ab_history_policy
gmr72_bridge_composite,4,P4,191.0,ab=mid|lag0=mid|lag5=high,-0.7928000678825868,-0.7935282334883674,0.0007281656057805952,ab_history_policy
gmr72_bridge_composite,4,P4,215.0,ab=low|lag0=low|lag5=high,-0.06256100117232266,-0.25961111110411433,0.19705010993179167,ab_history_policy
gmr72_bridge_composite,4,P4,227.0,ab=high|lag0=high|lag5=mid,0.601845332482825,0.7204433320665561,-0.11859799958373107,ab_history_policy
gmr72_bridge_composite,4,P4,239.0,ab=low|lag0=low|lag5=low,0.5874140184664138,1.1895801563086053,-0.6021661378421914,ab_history_policy
gmr72_bridge_composite,4,P4,255.0,ab=low|lag0=low|lag5=high,0.6349350501639596,0.027255740568645184,0.6076793095953144,ab_history_policy
gmr72_bridge_composite,4,P4,263.0,ab=high|lag0=high|lag5=high,-0.5205939559860736,-0.3804820716749182,-0.1401118843111554,ab_history_policy
gmr72_bridge_composite,4,P4,267.0,ab=high|lag0=high|lag5=high,0.7737101276732179,1.1019199262164159,-0.328209798543198,ab_history_policy
gmr72_bridge_composite,4,P4,290.0,ab=low|lag0=low|lag5=mid,0.19731043261545456,0.19527555520270973,0.002034877412744829,ab_history_policy
gmr72_bridge_composite,4,P4,304.0,ab=low|lag0=low|lag5=low,0.2932602714891473,1.0021998287710627,-0.7089395572819155,ab_history_policy
gmr72_bridge_composite,4,P4,329.0,ab=mid|lag0=mid|lag5=high,0.3988276968647999,0.4876506416816209,-0.08882294481682101,ab_history_policy
gmr72_bridge_composite,4,P4,355.0,ab=high|lag0=high|lag5=low,0.21621462044369044,0.5195994845285107,-0.30338486408482024,ab_history_policy
gmr72_bridge_composite,4,P4,369.0,ab=low|lag0=low|lag5=mid,-0.18316458004154923,-0.09907656683889127,-0.08408801320265796,ab_history_policy
gmr72_bridge_composite,4,P4,381.0,ab=mid|lag0=mid|lag5=low,-0.28183074557805654,-0.008216925269210938,-0.2736138203088456,ab_history_policy
gmr72_bridge_composite,4,P5,6.0,ab=high|lag0=high|lag5=high,0.1475140109326693,0.13804045994270608,0.00947355098996322,ab_history_policy
gmr72_bridge_composite,4,P5,13.0,ab=high|lag0=high|lag5=high,0.22328429528478305,0.45168202185808387,-0.22839772657330082,ab_history_policy
gmr72_bridge_composite,4,P5,24.0,ab=high|lag0=high|lag5=high,0.37325035997658806,0.5058598441807994,-0.13260948420421137,ab_history_policy
gmr72_bridge_composite,4,P5,37.0,ab=mid|lag0=mid|lag5=mid,0.6348030634118753,1.1707223627770358,-0.5359192993651605,ab_history_policy
gmr72_bridge_composite,4,P5,47.0,ab=mid|lag0=mid|lag5=mid,0.45592417418174014,1.1207073795138787,-0.6647832053321385,ab_history_policy
gmr72_bridge_composite,4,P5,65.0,ab=high|lag0=high|lag5=low,-0.10267715393864385,-0.2915078322743688,0.18883067833572498,ab_history_policy
gmr72_bridge_composite,4,P5,109.0,ab=low|lag0=low|lag5=mid,0.1645826550333887,0.26103699109098805,-0.09645433605759934,ab_history_policy
gmr72_bridge_composite,4,P5,131.0,ab=mid|lag0=mid|lag5=low,-0.016800296340635505,0.6596225411936096,-0.6764228375342451,ab_history_policy
gmr72_bridge_composite,4,P5,150.0,ab=high|lag0=high|lag5=mid,-0.10011867217504689,0.19848663596161042,-0.2986053081366573,ab_history_policy
gmr72_bridge_composite,4,P5,157.0,ab=low|lag0=low|lag5=low,0.055538345490078564,0.35504834691079723,-0.29951000142071865,ab_history_policy
gmr72_bridge_composite,4,P5,173.0,ab=low|lag0=low|lag5=high,-0.18165198578404312,-0.4441527091288532,0.26250072334481006,ab_history_policy
gmr72_bridge_composite,4,P5,200.0,ab=mid|lag0=mid|lag5=mid,0.5448969128676346,1.1213871703588072,-0.5764902574911726,ab_history_policy
gmr72_bridge_composite,4,P5,209.0,ab=high|lag0=high|lag5=low,-0.04963875972145264,0.3667626105028741,-0.4164013702243268,ab_history_policy
gmr72_bridge_composite,4,P5,221.0,ab=low|lag0=low|lag5=low,0.05420909359181312,0.2163670967643807,-0.1621580031725676,ab_history_policy
gmr72_bridge_composite,4,P5,242.0,ab=low|lag0=low|lag5=low,-0.3456460881094771,-0.24926523814776433,-0.09638084996171278,ab_history_policy
gmr72_bridge_composite,4,P5,336.0,ab=low|lag0=low|lag5=mid,0.11454160937803064,0.43037001718679585,-0.3158284078087652,ab_history_policy
gmr72_bridge_composite,4,P5,342.0,ab=mid|lag0=mid|lag5=mid,-0.5245819886632986,-0.48358457542391386,-0.04099741323938477,ab_history_policy
gmr72_bridge_composite,4,P5,351.0,ab=low|lag0=low|lag5=low,-0.4394450630237524,-0.11262062778545169,-0.32682443523830074,ab_history_policy
gmr72_bridge_composite,4,P5,369.0,ab=mid|lag0=mid|lag5=low,0.29263542764853806,0.42185170704761926,-0.1292162793990812,ab_history_policy
gmr72_bridge_composite,4,P5,382.0,ab=high|lag0=high|lag5=low,0.18157510080582612,0.025215510647642048,0.15635959015818407,ab_history_policy
gmr72_bridge_composite,4,P5,391.0,ab=low|lag0=low|lag5=low,-0.2577449914722637,0.16245516383286224,-0.42020015530512594,ab_history_policy
gmr72_bridge_composite,4,P5,402.0,nan,-0.44833748079005,-0.44833748079005004,5.551115123125783e-17,ab_history_policy
gmr72_bridge_composite,4,P9,15.0,ab=low|lag0=low|lag5=low,0.22563104999333294,1.0478540421183167,-0.8222229921249837,ab_history_policy
gmr72_bridge_composite,4,P9,46.0,ab=mid|lag0=mid|lag5=high,0.6108293051828474,1.1679157780892,-0.5570864729063526,ab_history_policy
gmr72_bridge_composite,4,P9,84.0,ab=high|lag0=high|lag5=mid,0.0333405947300781,0.5371066023111735,-0.5037660075810954,ab_history_policy
gmr72_bridge_composite,4,P9,104.0,ab=low|lag0=low|lag5=mid,-0.04598768439004185,0.10613720838254119,-0.15212489277258304,ab_history_policy
gmr72_bridge_composite,4,P9,111.0,ab=high|lag0=high|lag5=high,0.677732368498418,0.9333985255986642,-0.2556661571002462,ab_history_policy
gmr72_bridge_composite,4,P9,145.0,ab=high|lag0=high|lag5=high,-0.18215802450443572,-0.153345376357825,-0.02881264814661072,ab_history_policy
gmr72_bridge_composite,4,P9,156.0,ab=mid|lag0=mid|lag5=mid,-0.04439456607855193,0.06937413842870778,-0.1137687045072597,ab_history_policy
gmr72_bridge_composite,4,P9,214.0,ab=high|lag0=high|lag5=mid,0.22117688521524254,0.21388593047684945,0.007290954738393085,ab_history_policy
gmr72_bridge_composite,4,P9,229.0,ab=high|lag0=high|lag5=high,-0.5024259483688619,-0.5076011568202254,0.005175208451363544,ab_history_policy
gmr72_bridge_composite,4,P9,254.0,ab=mid|lag0=mid|lag5=high,0.6170490874974677,0.6349462552678534,-0.017897167770385747,ab_history_policy
gmr72_bridge_composite,4,P9,264.0,ab=high|lag0=high|lag5=high,0.3545007032904448,0.9688930722865511,-0.6143923689961063,ab_history_policy
gmr72_bridge_composite,4,P9,299.0,ab=mid|lag0=mid|lag5=high,0.9900522993095808,1.0453641681008303,-0.0553118687912495,ab_history_policy
gmr72_bridge_composite,4,P9,330.0,ab=mid|lag0=mid|lag5=mid,-0.5013372167596766,-0.5012454432068871,-9.177355278944255e-05,ab_history_policy
gmr72_bridge_composite,4,P9,346.0,ab=high|lag0=high|lag5=mid,0.30163163143481964,0.45996907232521506,-0.15833744089039542,ab_history_policy
gmr72_bridge_composite,4,P9,355.0,ab=low|lag0=low|lag5=mid,-0.873839649757889,-0.7313489467993494,-0.1424907029585396,ab_history_policy
gmr72_bridge_composite,4,P9,378.0,ab=high|lag0=high|lag5=high,0.7993798688047096,0.9273265736991948,-0.12794670489448523,ab_history_policy
gmr72_bridge_composite,4,P9,398.0,ab=high|lag0=high|lag5=high,1.263743112201576,3.303178023768018,-2.039434911566442,ab_history_policy
