condition_id,seed,n_folds,state_variant,endpoint_mode,operator_pool,operators,min_state_events,n_control_draws,comparison,mean_true_policy,mean_comparator,effect,p_greater,n_events,state_mapping_rate
b6e_robust_001,60310,5,coarse,z_reward,full,"['O1_lag0_AB', 'O2_lag5_AB', 'O3_A_C_boundary', 'O4_B_C_boundary', 'O5_full_TFC', 'O6_phase_only', 'O7_suppress_event']",8,250,true_policy_vs_balanced_pool_shuffle,0.024274535000525815,0.02335145841477697,0.02168425603819922,0.16873250699720113,453,0.5338645418326693
b6e_robust_001,60310,5,coarse,z_reward,full,"['O1_lag0_AB', 'O2_lag5_AB', 'O3_A_C_boundary', 'O4_B_C_boundary', 'O5_full_TFC', 'O6_phase_only', 'O7_suppress_event']",8,250,true_policy_vs_frequency_matched_random,0.024274535000525815,-0.06904077256340167,0.0802830807066791,0.011995201919232307,453,0.5338645418326693
b6e_robust_001,60310,5,coarse,z_reward,full,"['O1_lag0_AB', 'O2_lag5_AB', 'O3_A_C_boundary', 'O4_B_C_boundary', 'O5_full_TFC', 'O6_phase_only', 'O7_suppress_event']",8,250,true_policy_vs_performance_matched_random,0.024274535000525815,0.011092583593881763,0.035154898499719076,0.11875249900039984,453,0.5338645418326693
b6e_robust_001,60310,5,coarse,z_reward,full,"['O1_lag0_AB', 'O2_lag5_AB', 'O3_A_C_boundary', 'O4_B_C_boundary', 'O5_full_TFC', 'O6_phase_only', 'O7_suppress_event']",8,250,true_policy_vs_within_state_shuffle,0.024274535000525815,-0.05970568095342921,0.08443022057240335,0.003998400639744102,453,0.5338645418326693
b6e_robust_001,60310,5,coarse,z_reward,full,"['O1_lag0_AB', 'O2_lag5_AB', 'O3_A_C_boundary', 'O4_B_C_boundary', 'O5_full_TFC', 'O6_phase_only', 'O7_suppress_event']",8,250,true_policy_vs_oracle,0.024274535000525815,1.2239410650761156,-1.2268488159331694,1.0,453,0.5338645418326693
b6e_robust_002,60310,5,coarse,z_reward,no_suppress,"['O1_lag0_AB', 'O2_lag5_AB', 'O3_A_C_boundary', 'O4_B_C_boundary', 'O5_full_TFC', 'O6_phase_only']",8,250,true_policy_vs_balanced_pool_shuffle,0.029344776593792133,0.011217188343545343,0.02724211025771152,0.11195521791283487,452,0.5338645418326693
b6e_robust_002,60310,5,coarse,z_reward,no_suppress,"['O1_lag0_AB', 'O2_lag5_AB', 'O3_A_C_boundary', 'O4_B_C_boundary', 'O5_full_TFC', 'O6_phase_only']",8,250,true_policy_vs_frequency_matched_random,0.029344776593792133,-0.07061781227929696,0.08370100320173987,0.010795681727309077,452,0.5338645418326693
b6e_robust_002,60310,5,coarse,z_reward,no_suppress,"['O1_lag0_AB', 'O2_lag5_AB', 'O3_A_C_boundary', 'O4_B_C_boundary', 'O5_full_TFC', 'O6_phase_only']",8,250,true_policy_vs_performance_matched_random,0.029344776593792133,-0.013272517331340536,0.05276125046317887,0.026789284286285485,452,0.5338645418326693
b6e_robust_002,60310,5,coarse,z_reward,no_suppress,"['O1_lag0_AB', 'O2_lag5_AB', 'O3_A_C_boundary', 'O4_B_C_boundary', 'O5_full_TFC', 'O6_phase_only']",8,250,true_policy_vs_within_state_shuffle,0.029344776593792133,-0.05683575967335946,0.08647492086282792,0.0023990403838464614,452,0.5338645418326693
b6e_robust_002,60310,5,coarse,z_reward,no_suppress,"['O1_lag0_AB', 'O2_lag5_AB', 'O3_A_C_boundary', 'O4_B_C_boundary', 'O5_full_TFC', 'O6_phase_only']",8,250,true_policy_vs_oracle,0.029344776593792133,1.2219141327632141,-1.2108884761402852,1.0,452,0.5338645418326693
b6e_robust_003,60310,5,coarse,z_reward,no_phase_only,"['O1_lag0_AB', 'O2_lag5_AB', 'O3_A_C_boundary', 'O4_B_C_boundary', 'O5_full_TFC', 'O7_suppress_event']",8,250,true_policy_vs_balanced_pool_shuffle,0.0043614355168425335,0.018303947449567478,-0.000797672169443846,0.516593362654938,450,0.5338645418326693
b6e_robust_003,60310,5,coarse,z_reward,no_phase_only,"['O1_lag0_AB', 'O2_lag5_AB', 'O3_A_C_boundary', 'O4_B_C_boundary', 'O5_full_TFC', 'O7_suppress_event']",8,250,true_policy_vs_frequency_matched_random,0.0043614355168425335,-0.05256791232213509,0.0553235366533377,0.04958016793282687,450,0.5338645418326693
b6e_robust_003,60310,5,coarse,z_reward,no_phase_only,"['O1_lag0_AB', 'O2_lag5_AB', 'O3_A_C_boundary', 'O4_B_C_boundary', 'O5_full_TFC', 'O7_suppress_event']",8,250,true_policy_vs_performance_matched_random,0.0043614355168425335,0.001995655272071691,0.017414340838498233,0.25309876049580166,450,0.5338645418326693
b6e_robust_003,60310,5,coarse,z_reward,no_phase_only,"['O1_lag0_AB', 'O2_lag5_AB', 'O3_A_C_boundary', 'O4_B_C_boundary', 'O5_full_TFC', 'O7_suppress_event']",8,250,true_policy_vs_within_state_shuffle,0.0043614355168425335,-0.05700018581643428,0.06641110163417517,0.011995201919232307,450,0.5338645418326693
b6e_robust_003,60310,5,coarse,z_reward,no_phase_only,"['O1_lag0_AB', 'O2_lag5_AB', 'O3_A_C_boundary', 'O4_B_C_boundary', 'O5_full_TFC', 'O7_suppress_event']",8,250,true_policy_vs_oracle,0.0043614355168425335,1.067896279433008,-1.0801069342445606,1.0,450,0.5338645418326693
b6e_robust_004,60310,5,coarse,z_reward,core_5,"['O1_lag0_AB', 'O2_lag5_AB', 'O3_A_C_boundary', 'O4_B_C_boundary', 'O5_full_TFC']",8,250,true_policy_vs_balanced_pool_shuffle,0.010156046551470775,0.018772963466428982,-0.0017204374135572048,0.5565773690523791,449,0.5338645418326693
b6e_robust_004,60310,5,coarse,z_reward,core_5,"['O1_lag0_AB', 'O2_lag5_AB', 'O3_A_C_boundary', 'O4_B_C_boundary', 'O5_full_TFC']",8,250,true_policy_vs_frequency_matched_random,0.010156046551470775,-0.0489273181599656,0.05754375667954102,0.05437824870051979,449,0.5338645418326693
b6e_robust_004,60310,5,coarse,z_reward,core_5,"['O1_lag0_AB', 'O2_lag5_AB', 'O3_A_C_boundary', 'O4_B_C_boundary', 'O5_full_TFC']",8,250,true_policy_vs_performance_matched_random,0.010156046551470775,-0.007333342813986214,0.025900862781610936,0.07796881247501,449,0.5338645418326693
b6e_robust_004,60310,5,coarse,z_reward,core_5,"['O1_lag0_AB', 'O2_lag5_AB', 'O3_A_C_boundary', 'O4_B_C_boundary', 'O5_full_TFC']",8,250,true_policy_vs_within_state_shuffle,0.010156046551470775,-0.050118430109112835,0.06397066424381809,0.015593762495002,449,0.5338645418326693
b6e_robust_004,60310,5,coarse,z_reward,core_5,"['O1_lag0_AB', 'O2_lag5_AB', 'O3_A_C_boundary', 'O4_B_C_boundary', 'O5_full_TFC']",8,250,true_policy_vs_oracle,0.010156046551470775,1.057888739467889,-1.0478023483130527,1.0,449,0.5338645418326693
b6e_robust_005,60310,5,coarse,rank_reward,full,"['O1_lag0_AB', 'O2_lag5_AB', 'O3_A_C_boundary', 'O4_B_C_boundary', 'O5_full_TFC', 'O6_phase_only', 'O7_suppress_event']",8,250,true_policy_vs_balanced_pool_shuffle,-0.012262328643852608,-0.0027006805476982396,-0.004609394900748777,0.6001599360255898,463,0.5338645418326693
b6e_robust_005,60310,5,coarse,rank_reward,full,"['O1_lag0_AB', 'O2_lag5_AB', 'O3_A_C_boundary', 'O4_B_C_boundary', 'O5_full_TFC', 'O6_phase_only', 'O7_suppress_event']",8,250,true_policy_vs_frequency_matched_random,-0.012262328643852608,-0.05412890083571148,0.04279645982562377,0.08756497401039584,463,0.5338645418326693
b6e_robust_005,60310,5,coarse,rank_reward,full,"['O1_lag0_AB', 'O2_lag5_AB', 'O3_A_C_boundary', 'O4_B_C_boundary', 'O5_full_TFC', 'O6_phase_only', 'O7_suppress_event']",8,250,true_policy_vs_performance_matched_random,-0.012262328643852608,-0.009237967867560195,0.0013863702663537512,0.4814074370251899,463,0.5338645418326693
b6e_robust_005,60310,5,coarse,rank_reward,full,"['O1_lag0_AB', 'O2_lag5_AB', 'O3_A_C_boundary', 'O4_B_C_boundary', 'O5_full_TFC', 'O6_phase_only', 'O7_suppress_event']",8,250,true_policy_vs_within_state_shuffle,-0.012262328643852608,-0.08636728143303145,0.07810274245593492,0.001999200319872051,463,0.5338645418326693
b6e_robust_005,60310,5,coarse,rank_reward,full,"['O1_lag0_AB', 'O2_lag5_AB', 'O3_A_C_boundary', 'O4_B_C_boundary', 'O5_full_TFC', 'O6_phase_only', 'O7_suppress_event']",8,250,true_policy_vs_oracle,-0.012262328643852608,1.1117820538752037,-1.149055979568332,1.0,463,0.5338645418326693
b6e_robust_006,60310,5,coarse,rank_reward,no_suppress,"['O1_lag0_AB', 'O2_lag5_AB', 'O3_A_C_boundary', 'O4_B_C_boundary', 'O5_full_TFC', 'O6_phase_only']",8,250,true_policy_vs_balanced_pool_shuffle,-0.003316423701541359,0.001093448347101896,0.008736740109862758,0.34746101559376247,463,0.5338645418326693
b6e_robust_006,60310,5,coarse,rank_reward,no_suppress,"['O1_lag0_AB', 'O2_lag5_AB', 'O3_A_C_boundary', 'O4_B_C_boundary', 'O5_full_TFC', 'O6_phase_only']",8,250,true_policy_vs_frequency_matched_random,-0.003316423701541359,-0.052225468641570356,0.04942396242759906,0.06117552978808476,463,0.5338645418326693
b6e_robust_006,60310,5,coarse,rank_reward,no_suppress,"['O1_lag0_AB', 'O2_lag5_AB', 'O3_A_C_boundary', 'O4_B_C_boundary', 'O5_full_TFC', 'O6_phase_only']",8,250,true_policy_vs_performance_matched_random,-0.003316423701541359,-0.005067493674130992,0.015017441263257849,0.30947620951619353,463,0.5338645418326693
b6e_robust_006,60310,5,coarse,rank_reward,no_suppress,"['O1_lag0_AB', 'O2_lag5_AB', 'O3_A_C_boundary', 'O4_B_C_boundary', 'O5_full_TFC', 'O6_phase_only']",8,250,true_policy_vs_within_state_shuffle,-0.003316423701541359,-0.0850326659796937,0.08683682506172549,0.0011995201919232307,463,0.5338645418326693
b6e_robust_006,60310,5,coarse,rank_reward,no_suppress,"['O1_lag0_AB', 'O2_lag5_AB', 'O3_A_C_boundary', 'O4_B_C_boundary', 'O5_full_TFC', 'O6_phase_only']",8,250,true_policy_vs_oracle,-0.003316423701541359,1.112498704331316,-1.1289400432684016,1.0,463,0.5338645418326693
b6e_robust_007,60310,5,coarse,rank_reward,no_phase_only,"['O1_lag0_AB', 'O2_lag5_AB', 'O3_A_C_boundary', 'O4_B_C_boundary', 'O5_full_TFC', 'O7_suppress_event']",8,250,true_policy_vs_balanced_pool_shuffle,-0.022025770307316585,0.004965018926925808,-0.02450176672816216,0.8836465413834467,459,0.5338645418326693
b6e_robust_007,60310,5,coarse,rank_reward,no_phase_only,"['O1_lag0_AB', 'O2_lag5_AB', 'O3_A_C_boundary', 'O4_B_C_boundary', 'O5_full_TFC', 'O7_suppress_event']",8,250,true_policy_vs_frequency_matched_random,-0.022025770307316585,-0.05075427426198274,0.029963939867093312,0.16913234706117553,459,0.5338645418326693
b6e_robust_007,60310,5,coarse,rank_reward,no_phase_only,"['O1_lag0_AB', 'O2_lag5_AB', 'O3_A_C_boundary', 'O4_B_C_boundary', 'O5_full_TFC', 'O7_suppress_event']",8,250,true_policy_vs_performance_matched_random,-0.022025770307316585,0.0036871111802509924,-0.02315704027577885,0.821671331467413,459,0.5338645418326693
b6e_robust_007,60310,5,coarse,rank_reward,no_phase_only,"['O1_lag0_AB', 'O2_lag5_AB', 'O3_A_C_boundary', 'O4_B_C_boundary', 'O5_full_TFC', 'O7_suppress_event']",8,250,true_policy_vs_within_state_shuffle,-0.022025770307316585,-0.09037344784773875,0.07297983029630226,0.003598560575769692,459,0.5338645418326693
b6e_robust_007,60310,5,coarse,rank_reward,no_phase_only,"['O1_lag0_AB', 'O2_lag5_AB', 'O3_A_C_boundary', 'O4_B_C_boundary', 'O5_full_TFC', 'O7_suppress_event']",8,250,true_policy_vs_oracle,-0.022025770307316585,1.0019491603225386,-1.0512495795589163,1.0,459,0.5338645418326693
b6e_robust_008,60310,5,coarse,rank_reward,core_5,"['O1_lag0_AB', 'O2_lag5_AB', 'O3_A_C_boundary', 'O4_B_C_boundary', 'O5_full_TFC']",8,250,true_policy_vs_balanced_pool_shuffle,-0.018191409997925467,-0.01401843910806976,0.0023190012248714884,0.43902439024390244,459,0.5338645418326693
b6e_robust_008,60310,5,coarse,rank_reward,core_5,"['O1_lag0_AB', 'O2_lag5_AB', 'O3_A_C_boundary', 'O4_B_C_boundary', 'O5_full_TFC']",8,250,true_policy_vs_frequency_matched_random,-0.018191409997925467,-0.048483474590295,0.031532921284063806,0.1563374650139944,459,0.5338645418326693
b6e_robust_008,60310,5,coarse,rank_reward,core_5,"['O1_lag0_AB', 'O2_lag5_AB', 'O3_A_C_boundary', 'O4_B_C_boundary', 'O5_full_TFC']",8,250,true_policy_vs_performance_matched_random,-0.018191409997925467,-0.03982574019241468,0.028913453104817344,0.061975209916033586,459,0.5338645418326693
b6e_robust_008,60310,5,coarse,rank_reward,core_5,"['O1_lag0_AB', 'O2_lag5_AB', 'O3_A_C_boundary', 'O4_B_C_boundary', 'O5_full_TFC']",8,250,true_policy_vs_within_state_shuffle,-0.018191409997925467,-0.0816301624135197,0.06687938028003314,0.007996801279488205,459,0.5338645418326693
b6e_robust_008,60310,5,coarse,rank_reward,core_5,"['O1_lag0_AB', 'O2_lag5_AB', 'O3_A_C_boundary', 'O4_B_C_boundary', 'O5_full_TFC']",8,250,true_policy_vs_oracle,-0.018191409997925467,0.99447779801819,-1.0204451080655015,1.0,459,0.5338645418326693
b6e_robust_009,60310,5,side_tfc,z_reward,full,"['O1_lag0_AB', 'O2_lag5_AB', 'O3_A_C_boundary', 'O4_B_C_boundary', 'O5_full_TFC', 'O6_phase_only', 'O7_suppress_event']",8,250,true_policy_vs_balanced_pool_shuffle,0.206780250268762,0.06339198332186147,0.11822016779154759,0.00039984006397441024,450,0.9860557768924303
b6e_robust_009,60310,5,side_tfc,z_reward,full,"['O1_lag0_AB', 'O2_lag5_AB', 'O3_A_C_boundary', 'O4_B_C_boundary', 'O5_full_TFC', 'O6_phase_only', 'O7_suppress_event']",8,250,true_policy_vs_frequency_matched_random,0.206780250268762,-0.028046122694178714,0.20911065526220884,0.00039984006397441024,450,0.9860557768924303
b6e_robust_009,60310,5,side_tfc,z_reward,full,"['O1_lag0_AB', 'O2_lag5_AB', 'O3_A_C_boundary', 'O4_B_C_boundary', 'O5_full_TFC', 'O6_phase_only', 'O7_suppress_event']",8,250,true_policy_vs_performance_matched_random,0.206780250268762,0.03168130627750771,0.1783808159507303,0.00039984006397441024,450,0.9860557768924303
b6e_robust_009,60310,5,side_tfc,z_reward,full,"['O1_lag0_AB', 'O2_lag5_AB', 'O3_A_C_boundary', 'O4_B_C_boundary', 'O5_full_TFC', 'O6_phase_only', 'O7_suppress_event']",8,250,true_policy_vs_within_state_shuffle,0.206780250268762,0.008112711923309673,0.20102360015395226,0.00039984006397441024,450,0.9860557768924303
b6e_robust_009,60310,5,side_tfc,z_reward,full,"['O1_lag0_AB', 'O2_lag5_AB', 'O3_A_C_boundary', 'O4_B_C_boundary', 'O5_full_TFC', 'O6_phase_only', 'O7_suppress_event']",8,250,true_policy_vs_oracle,0.206780250268762,1.2239410650761156,-1.0463782600222957,1.0,450,0.9860557768924303
b6e_robust_010,60310,5,side_tfc,z_reward,no_suppress,"['O1_lag0_AB', 'O2_lag5_AB', 'O3_A_C_boundary', 'O4_B_C_boundary', 'O5_full_TFC', 'O6_phase_only']",8,250,true_policy_vs_balanced_pool_shuffle,0.1935457728876746,0.06795448106040752,0.10923679852899625,0.00039984006397441024,447,0.9860557768924303
b6e_robust_010,60310,5,side_tfc,z_reward,no_suppress,"['O1_lag0_AB', 'O2_lag5_AB', 'O3_A_C_boundary', 'O4_B_C_boundary', 'O5_full_TFC', 'O6_phase_only']",8,250,true_policy_vs_frequency_matched_random,0.1935457728876746,-0.028483552475003816,0.1932104918493041,0.00039984006397441024,447,0.9860557768924303
b6e_robust_010,60310,5,side_tfc,z_reward,no_suppress,"['O1_lag0_AB', 'O2_lag5_AB', 'O3_A_C_boundary', 'O4_B_C_boundary', 'O5_full_TFC', 'O6_phase_only']",8,250,true_policy_vs_performance_matched_random,0.1935457728876746,0.03587397951095774,0.15716142830497593,0.00039984006397441024,447,0.9860557768924303
b6e_robust_010,60310,5,side_tfc,z_reward,no_suppress,"['O1_lag0_AB', 'O2_lag5_AB', 'O3_A_C_boundary', 'O4_B_C_boundary', 'O5_full_TFC', 'O6_phase_only']",8,250,true_policy_vs_within_state_shuffle,0.1935457728876746,0.00873255007237456,0.1873004117382981,0.00039984006397441024,447,0.9860557768924303
b6e_robust_010,60310,5,side_tfc,z_reward,no_suppress,"['O1_lag0_AB', 'O2_lag5_AB', 'O3_A_C_boundary', 'O4_B_C_boundary', 'O5_full_TFC', 'O6_phase_only']",8,250,true_policy_vs_oracle,0.1935457728876746,1.2219141327632141,-1.0534190991951502,1.0,447,0.9860557768924303
b6e_robust_011,60310,5,side_tfc,z_reward,no_phase_only,"['O1_lag0_AB', 'O2_lag5_AB', 'O3_A_C_boundary', 'O4_B_C_boundary', 'O5_full_TFC', 'O7_suppress_event']",8,250,true_policy_vs_balanced_pool_shuffle,0.13681772809235276,0.06073922231329229,0.07526864948154992,0.00039984006397441024,450,0.9860557768924303
b6e_robust_011,60310,5,side_tfc,z_reward,no_phase_only,"['O1_lag0_AB', 'O2_lag5_AB', 'O3_A_C_boundary', 'O4_B_C_boundary', 'O5_full_TFC', 'O7_suppress_event']",8,250,true_policy_vs_frequency_matched_random,0.13681772809235276,-0.02642954596269893,0.15527391933643642,0.00039984006397441024,450,0.9860557768924303
b6e_robust_011,60310,5,side_tfc,z_reward,no_phase_only,"['O1_lag0_AB', 'O2_lag5_AB', 'O3_A_C_boundary', 'O4_B_C_boundary', 'O5_full_TFC', 'O7_suppress_event']",8,250,true_policy_vs_performance_matched_random,0.13681772809235276,0.06031587724368779,0.10604563571245194,0.00039984006397441024,450,0.9860557768924303
b6e_robust_011,60310,5,side_tfc,z_reward,no_phase_only,"['O1_lag0_AB', 'O2_lag5_AB', 'O3_A_C_boundary', 'O4_B_C_boundary', 'O5_full_TFC', 'O7_suppress_event']",8,250,true_policy_vs_within_state_shuffle,0.13681772809235276,0.012398790743091108,0.1362825446252564,0.00039984006397441024,450,0.9860557768924303
b6e_robust_011,60310,5,side_tfc,z_reward,no_phase_only,"['O1_lag0_AB', 'O2_lag5_AB', 'O3_A_C_boundary', 'O4_B_C_boundary', 'O5_full_TFC', 'O7_suppress_event']",8,250,true_policy_vs_oracle,0.13681772809235276,1.067896279433008,-0.950145514290077,1.0,450,0.9860557768924303
b6e_robust_012,60310,5,side_tfc,z_reward,core_5,"['O1_lag0_AB', 'O2_lag5_AB', 'O3_A_C_boundary', 'O4_B_C_boundary', 'O5_full_TFC']",8,250,true_policy_vs_balanced_pool_shuffle,0.11057326959508408,0.07323541312416393,0.027998654784909847,0.04758096761295482,444,0.9860557768924303
b6e_robust_012,60310,5,side_tfc,z_reward,core_5,"['O1_lag0_AB', 'O2_lag5_AB', 'O3_A_C_boundary', 'O4_B_C_boundary', 'O5_full_TFC']",8,250,true_policy_vs_frequency_matched_random,0.11057326959508408,-0.029521097525489367,0.12357585437331473,0.001599360255897641,444,0.9860557768924303
b6e_robust_012,60310,5,side_tfc,z_reward,core_5,"['O1_lag0_AB', 'O2_lag5_AB', 'O3_A_C_boundary', 'O4_B_C_boundary', 'O5_full_TFC']",8,250,true_policy_vs_performance_matched_random,0.11057326959508408,0.06923323021403034,0.0660218418377097,0.001999200319872051,444,0.9860557768924303
b6e_robust_012,60310,5,side_tfc,z_reward,core_5,"['O1_lag0_AB', 'O2_lag5_AB', 'O3_A_C_boundary', 'O4_B_C_boundary', 'O5_full_TFC']",8,250,true_policy_vs_within_state_shuffle,0.11057326959508408,0.020002863600302404,0.10630299651117778,0.003198720511795282,444,0.9860557768924303
b6e_robust_012,60310,5,side_tfc,z_reward,core_5,"['O1_lag0_AB', 'O2_lag5_AB', 'O3_A_C_boundary', 'O4_B_C_boundary', 'O5_full_TFC']",8,250,true_policy_vs_oracle,0.11057326959508408,1.057888739467889,-0.95237560851409,1.0,444,0.9860557768924303
b6e_robust_013,60310,5,side_tfc,rank_reward,full,"['O1_lag0_AB', 'O2_lag5_AB', 'O3_A_C_boundary', 'O4_B_C_boundary', 'O5_full_TFC', 'O6_phase_only', 'O7_suppress_event']",8,250,true_policy_vs_balanced_pool_shuffle,0.23174116979063236,0.08218990110729263,0.13576608723259728,0.00039984006397441024,456,0.9860557768924303
b6e_robust_013,60310,5,side_tfc,rank_reward,full,"['O1_lag0_AB', 'O2_lag5_AB', 'O3_A_C_boundary', 'O4_B_C_boundary', 'O5_full_TFC', 'O6_phase_only', 'O7_suppress_event']",8,250,true_policy_vs_frequency_matched_random,0.23174116979063236,-0.02562537652499715,0.23779364757376623,0.00039984006397441024,456,0.9860557768924303
b6e_robust_013,60310,5,side_tfc,rank_reward,full,"['O1_lag0_AB', 'O2_lag5_AB', 'O3_A_C_boundary', 'O4_B_C_boundary', 'O5_full_TFC', 'O6_phase_only', 'O7_suppress_event']",8,250,true_policy_vs_performance_matched_random,0.23174116979063236,0.0291844107470049,0.2014037633157788,0.00039984006397441024,456,0.9860557768924303
b6e_robust_013,60310,5,side_tfc,rank_reward,full,"['O1_lag0_AB', 'O2_lag5_AB', 'O3_A_C_boundary', 'O4_B_C_boundary', 'O5_full_TFC', 'O6_phase_only', 'O7_suppress_event']",8,250,true_policy_vs_within_state_shuffle,0.23174116979063236,-0.002318774755031396,0.24051460309530198,0.00039984006397441024,456,0.9860557768924303
b6e_robust_013,60310,5,side_tfc,rank_reward,full,"['O1_lag0_AB', 'O2_lag5_AB', 'O3_A_C_boundary', 'O4_B_C_boundary', 'O5_full_TFC', 'O6_phase_only', 'O7_suppress_event']",8,250,true_policy_vs_oracle,0.23174116979063236,1.1117820538752037,-0.9044714010560413,1.0,456,0.9860557768924303
b6e_robust_014,60310,5,side_tfc,rank_reward,no_suppress,"['O1_lag0_AB', 'O2_lag5_AB', 'O3_A_C_boundary', 'O4_B_C_boundary', 'O5_full_TFC', 'O6_phase_only']",8,250,true_policy_vs_balanced_pool_shuffle,0.22029837379584757,0.09574076232251028,0.11858655335768307,0.00039984006397441024,453,0.9860557768924303
b6e_robust_014,60310,5,side_tfc,rank_reward,no_suppress,"['O1_lag0_AB', 'O2_lag5_AB', 'O3_A_C_boundary', 'O4_B_C_boundary', 'O5_full_TFC', 'O6_phase_only']",8,250,true_policy_vs_frequency_matched_random,0.22029837379584757,-0.025474406219193328,0.22400109693922002,0.00039984006397441024,453,0.9860557768924303
b6e_robust_014,60310,5,side_tfc,rank_reward,no_suppress,"['O1_lag0_AB', 'O2_lag5_AB', 'O3_A_C_boundary', 'O4_B_C_boundary', 'O5_full_TFC', 'O6_phase_only']",8,250,true_policy_vs_performance_matched_random,0.22029837379584757,0.059824794443920096,0.16419657818833067,0.00039984006397441024,453,0.9860557768924303
b6e_robust_014,60310,5,side_tfc,rank_reward,no_suppress,"['O1_lag0_AB', 'O2_lag5_AB', 'O3_A_C_boundary', 'O4_B_C_boundary', 'O5_full_TFC', 'O6_phase_only']",8,250,true_policy_vs_within_state_shuffle,0.22029837379584757,0.005569094704173698,0.2214348191470667,0.00039984006397441024,453,0.9860557768924303
b6e_robust_014,60310,5,side_tfc,rank_reward,no_suppress,"['O1_lag0_AB', 'O2_lag5_AB', 'O3_A_C_boundary', 'O4_B_C_boundary', 'O5_full_TFC', 'O6_phase_only']",8,250,true_policy_vs_oracle,0.22029837379584757,1.112498704331316,-0.910535849918177,1.0,453,0.9860557768924303
b6e_robust_015,60310,5,side_tfc,rank_reward,no_phase_only,"['O1_lag0_AB', 'O2_lag5_AB', 'O3_A_C_boundary', 'O4_B_C_boundary', 'O5_full_TFC', 'O7_suppress_event']",8,250,true_policy_vs_balanced_pool_shuffle,0.17558925799087136,0.09743047073232332,0.08258728437833782,0.00039984006397441024,450,0.9860557768924303
b6e_robust_015,60310,5,side_tfc,rank_reward,no_phase_only,"['O1_lag0_AB', 'O2_lag5_AB', 'O3_A_C_boundary', 'O4_B_C_boundary', 'O5_full_TFC', 'O7_suppress_event']",8,250,true_policy_vs_frequency_matched_random,0.17558925799087136,-0.017303796571084447,0.18592842541034849,0.00039984006397441024,450,0.9860557768924303
b6e_robust_015,60310,5,side_tfc,rank_reward,no_phase_only,"['O1_lag0_AB', 'O2_lag5_AB', 'O3_A_C_boundary', 'O4_B_C_boundary', 'O5_full_TFC', 'O7_suppress_event']",8,250,true_policy_vs_performance_matched_random,0.17558925799087136,0.07530729379812003,0.12555099852900578,0.00039984006397441024,450,0.9860557768924303
b6e_robust_015,60310,5,side_tfc,rank_reward,no_phase_only,"['O1_lag0_AB', 'O2_lag5_AB', 'O3_A_C_boundary', 'O4_B_C_boundary', 'O5_full_TFC', 'O7_suppress_event']",8,250,true_policy_vs_within_state_shuffle,0.17558925799087136,0.011154848536546342,0.17276704139957758,0.00039984006397441024,450,0.9860557768924303
b6e_robust_015,60310,5,side_tfc,rank_reward,no_phase_only,"['O1_lag0_AB', 'O2_lag5_AB', 'O3_A_C_boundary', 'O4_B_C_boundary', 'O5_full_TFC', 'O7_suppress_event']",8,250,true_policy_vs_oracle,0.17558925799087136,1.0019491603225386,-0.8579254158768767,1.0,450,0.9860557768924303
b6e_robust_016,60310,5,side_tfc,rank_reward,core_5,"['O1_lag0_AB', 'O2_lag5_AB', 'O3_A_C_boundary', 'O4_B_C_boundary', 'O5_full_TFC']",8,250,true_policy_vs_balanced_pool_shuffle,0.13995930247124475,0.0737495303464667,0.05088476189450583,0.009596161535385846,444,0.9860557768924303
b6e_robust_016,60310,5,side_tfc,rank_reward,core_5,"['O1_lag0_AB', 'O2_lag5_AB', 'O3_A_C_boundary', 'O4_B_C_boundary', 'O5_full_TFC']",8,250,true_policy_vs_frequency_matched_random,0.13995930247124475,-0.029079262741709692,0.15469320035351616,0.00039984006397441024,444,0.9860557768924303
b6e_robust_016,60310,5,side_tfc,rank_reward,core_5,"['O1_lag0_AB', 'O2_lag5_AB', 'O3_A_C_boundary', 'O4_B_C_boundary', 'O5_full_TFC']",8,250,true_policy_vs_performance_matched_random,0.13995930247124475,0.07461898645281215,0.08891017117564017,0.00039984006397441024,444,0.9860557768924303
b6e_robust_016,60310,5,side_tfc,rank_reward,core_5,"['O1_lag0_AB', 'O2_lag5_AB', 'O3_A_C_boundary', 'O4_B_C_boundary', 'O5_full_TFC']",8,250,true_policy_vs_within_state_shuffle,0.13995930247124475,0.01438923065620856,0.1373120984933144,0.0011995201919232307,444,0.9860557768924303
b6e_robust_016,60310,5,side_tfc,rank_reward,core_5,"['O1_lag0_AB', 'O2_lag5_AB', 'O3_A_C_boundary', 'O4_B_C_boundary', 'O5_full_TFC']",8,250,true_policy_vs_oracle,0.13995930247124475,0.99447779801819,-0.8703692379751083,1.0,444,0.9860557768924303
b6e_robust_017,60310,5,side_tfc_dphi,z_reward,full,"['O1_lag0_AB', 'O2_lag5_AB', 'O3_A_C_boundary', 'O4_B_C_boundary', 'O5_full_TFC', 'O6_phase_only', 'O7_suppress_event']",8,250,true_policy_vs_balanced_pool_shuffle,0.20302577839124958,0.07454354724082417,0.12092082661663021,0.00039984006397441024,459,0.9760956175298805
b6e_robust_017,60310,5,side_tfc_dphi,z_reward,full,"['O1_lag0_AB', 'O2_lag5_AB', 'O3_A_C_boundary', 'O4_B_C_boundary', 'O5_full_TFC', 'O6_phase_only', 'O7_suppress_event']",8,250,true_policy_vs_frequency_matched_random,0.20302577839124958,-0.00499917923694148,0.2038605857032064,0.00039984006397441024,459,0.9760956175298805
b6e_robust_017,60310,5,side_tfc_dphi,z_reward,full,"['O1_lag0_AB', 'O2_lag5_AB', 'O3_A_C_boundary', 'O4_B_C_boundary', 'O5_full_TFC', 'O6_phase_only', 'O7_suppress_event']",8,250,true_policy_vs_performance_matched_random,0.20302577839124958,0.04885979414186742,0.14896060173141892,0.00039984006397441024,459,0.9760956175298805
b6e_robust_017,60310,5,side_tfc_dphi,z_reward,full,"['O1_lag0_AB', 'O2_lag5_AB', 'O3_A_C_boundary', 'O4_B_C_boundary', 'O5_full_TFC', 'O6_phase_only', 'O7_suppress_event']",8,250,true_policy_vs_within_state_shuffle,0.20302577839124958,-0.0012595889242172744,0.2147213864857614,0.00039984006397441024,459,0.9760956175298805
b6e_robust_017,60310,5,side_tfc_dphi,z_reward,full,"['O1_lag0_AB', 'O2_lag5_AB', 'O3_A_C_boundary', 'O4_B_C_boundary', 'O5_full_TFC', 'O6_phase_only', 'O7_suppress_event']",8,250,true_policy_vs_oracle,0.20302577839124958,1.2239410650761156,-1.0360060528192978,1.0,459,0.9760956175298805
b6e_robust_018,60310,5,side_tfc_dphi,z_reward,no_suppress,"['O1_lag0_AB', 'O2_lag5_AB', 'O3_A_C_boundary', 'O4_B_C_boundary', 'O5_full_TFC', 'O6_phase_only']",8,250,true_policy_vs_balanced_pool_shuffle,0.20121852440623345,0.08820794540718063,0.1018630478799326,0.0007996801279488205,455,0.9760956175298805
b6e_robust_018,60310,5,side_tfc_dphi,z_reward,no_suppress,"['O1_lag0_AB', 'O2_lag5_AB', 'O3_A_C_boundary', 'O4_B_C_boundary', 'O5_full_TFC', 'O6_phase_only']",8,250,true_policy_vs_frequency_matched_random,0.20121852440623345,-0.00575696975684151,0.19685240620947456,0.00039984006397441024,455,0.9760956175298805
b6e_robust_018,60310,5,side_tfc_dphi,z_reward,no_suppress,"['O1_lag0_AB', 'O2_lag5_AB', 'O3_A_C_boundary', 'O4_B_C_boundary', 'O5_full_TFC', 'O6_phase_only']",8,250,true_policy_vs_performance_matched_random,0.20121852440623345,0.05155974452573964,0.14044434067599906,0.00039984006397441024,455,0.9760956175298805
b6e_robust_018,60310,5,side_tfc_dphi,z_reward,no_suppress,"['O1_lag0_AB', 'O2_lag5_AB', 'O3_A_C_boundary', 'O4_B_C_boundary', 'O5_full_TFC', 'O6_phase_only']",8,250,true_policy_vs_within_state_shuffle,0.20121852440623345,0.003624962184367729,0.20486998643736754,0.00039984006397441024,455,0.9760956175298805
b6e_robust_018,60310,5,side_tfc_dphi,z_reward,no_suppress,"['O1_lag0_AB', 'O2_lag5_AB', 'O3_A_C_boundary', 'O4_B_C_boundary', 'O5_full_TFC', 'O6_phase_only']",8,250,true_policy_vs_oracle,0.20121852440623345,1.2219141327632141,-1.0353083141706827,1.0,455,0.9760956175298805
b6e_robust_019,60310,5,side_tfc_dphi,z_reward,no_phase_only,"['O1_lag0_AB', 'O2_lag5_AB', 'O3_A_C_boundary', 'O4_B_C_boundary', 'O5_full_TFC', 'O7_suppress_event']",8,250,true_policy_vs_balanced_pool_shuffle,0.16852051224840028,0.10825802380089046,0.08212714792365734,0.0007996801279488205,456,0.9760956175298805
b6e_robust_019,60310,5,side_tfc_dphi,z_reward,no_phase_only,"['O1_lag0_AB', 'O2_lag5_AB', 'O3_A_C_boundary', 'O4_B_C_boundary', 'O5_full_TFC', 'O7_suppress_event']",8,250,true_policy_vs_frequency_matched_random,0.16852051224840028,0.002330500305344911,0.16501034672628317,0.00039984006397441024,456,0.9760956175298805
b6e_robust_019,60310,5,side_tfc_dphi,z_reward,no_phase_only,"['O1_lag0_AB', 'O2_lag5_AB', 'O3_A_C_boundary', 'O4_B_C_boundary', 'O5_full_TFC', 'O7_suppress_event']",8,250,true_policy_vs_performance_matched_random,0.16852051224840028,0.09299884191310118,0.09805559217494612,0.00039984006397441024,456,0.9760956175298805
b6e_robust_019,60310,5,side_tfc_dphi,z_reward,no_phase_only,"['O1_lag0_AB', 'O2_lag5_AB', 'O3_A_C_boundary', 'O4_B_C_boundary', 'O5_full_TFC', 'O7_suppress_event']",8,250,true_policy_vs_within_state_shuffle,0.16852051224840028,0.009081682032297502,0.1754645027463153,0.00039984006397441024,456,0.9760956175298805
b6e_robust_019,60310,5,side_tfc_dphi,z_reward,no_phase_only,"['O1_lag0_AB', 'O2_lag5_AB', 'O3_A_C_boundary', 'O4_B_C_boundary', 'O5_full_TFC', 'O7_suppress_event']",8,250,true_policy_vs_oracle,0.16852051224840028,1.067896279433008,-0.9062837811781334,1.0,456,0.9760956175298805
b6e_robust_020,60310,5,side_tfc_dphi,z_reward,core_5,"['O1_lag0_AB', 'O2_lag5_AB', 'O3_A_C_boundary', 'O4_B_C_boundary', 'O5_full_TFC']",8,250,true_policy_vs_balanced_pool_shuffle,0.14280338000819967,0.12732511365913454,0.020903722354046358,0.19312275089964015,446,0.9760956175298805
b6e_robust_020,60310,5,side_tfc_dphi,z_reward,core_5,"['O1_lag0_AB', 'O2_lag5_AB', 'O3_A_C_boundary', 'O4_B_C_boundary', 'O5_full_TFC']",8,250,true_policy_vs_frequency_matched_random,0.14280338000819967,-0.004304597830219434,0.1311122012313922,0.00039984006397441024,446,0.9760956175298805
b6e_robust_020,60310,5,side_tfc_dphi,z_reward,core_5,"['O1_lag0_AB', 'O2_lag5_AB', 'O3_A_C_boundary', 'O4_B_C_boundary', 'O5_full_TFC']",8,250,true_policy_vs_performance_matched_random,0.14280338000819967,0.11036665570690894,0.05307939746268736,0.02039184326269492,446,0.9760956175298805
b6e_robust_020,60310,5,side_tfc_dphi,z_reward,core_5,"['O1_lag0_AB', 'O2_lag5_AB', 'O3_A_C_boundary', 'O4_B_C_boundary', 'O5_full_TFC']",8,250,true_policy_vs_within_state_shuffle,0.14280338000819967,0.01833220171965013,0.136834504710808,0.0007996801279488205,446,0.9760956175298805
b6e_robust_020,60310,5,side_tfc_dphi,z_reward,core_5,"['O1_lag0_AB', 'O2_lag5_AB', 'O3_A_C_boundary', 'O4_B_C_boundary', 'O5_full_TFC']",8,250,true_policy_vs_oracle,0.14280338000819967,1.057888739467889,-0.9179218631998092,1.0,446,0.9760956175298805
b6e_robust_021,60310,5,side_tfc_dphi,rank_reward,full,"['O1_lag0_AB', 'O2_lag5_AB', 'O3_A_C_boundary', 'O4_B_C_boundary', 'O5_full_TFC', 'O6_phase_only', 'O7_suppress_event']",8,250,true_policy_vs_balanced_pool_shuffle,0.14648226256601493,0.04691137861547553,0.09055401386878971,0.0007996801279488205,466,0.9760956175298805
b6e_robust_021,60310,5,side_tfc_dphi,rank_reward,full,"['O1_lag0_AB', 'O2_lag5_AB', 'O3_A_C_boundary', 'O4_B_C_boundary', 'O5_full_TFC', 'O6_phase_only', 'O7_suppress_event']",8,250,true_policy_vs_frequency_matched_random,0.14648226256601493,-0.018600917532008307,0.16750647151127177,0.00039984006397441024,466,0.9760956175298805
b6e_robust_021,60310,5,side_tfc_dphi,rank_reward,full,"['O1_lag0_AB', 'O2_lag5_AB', 'O3_A_C_boundary', 'O4_B_C_boundary', 'O5_full_TFC', 'O6_phase_only', 'O7_suppress_event']",8,250,true_policy_vs_performance_matched_random,0.14648226256601493,0.02278546648040631,0.11844362597780733,0.0007996801279488205,466,0.9760956175298805
b6e_robust_021,60310,5,side_tfc_dphi,rank_reward,full,"['O1_lag0_AB', 'O2_lag5_AB', 'O3_A_C_boundary', 'O4_B_C_boundary', 'O5_full_TFC', 'O6_phase_only', 'O7_suppress_event']",8,250,true_policy_vs_within_state_shuffle,0.14648226256601493,0.00044295312642788075,0.15461665700535945,0.00039984006397441024,466,0.9760956175298805
b6e_robust_021,60310,5,side_tfc_dphi,rank_reward,full,"['O1_lag0_AB', 'O2_lag5_AB', 'O3_A_C_boundary', 'O4_B_C_boundary', 'O5_full_TFC', 'O6_phase_only', 'O7_suppress_event']",8,250,true_policy_vs_oracle,0.14648226256601493,1.1117820538752037,-0.9876880365395535,1.0,466,0.9760956175298805
b6e_robust_022,60310,5,side_tfc_dphi,rank_reward,no_suppress,"['O1_lag0_AB', 'O2_lag5_AB', 'O3_A_C_boundary', 'O4_B_C_boundary', 'O5_full_TFC', 'O6_phase_only']",8,250,true_policy_vs_balanced_pool_shuffle,0.16260465222011555,0.09045479039210018,0.07446919718782871,0.003198720511795282,466,0.9760956175298805
b6e_robust_022,60310,5,side_tfc_dphi,rank_reward,no_suppress,"['O1_lag0_AB', 'O2_lag5_AB', 'O3_A_C_boundary', 'O4_B_C_boundary', 'O5_full_TFC', 'O6_phase_only']",8,250,true_policy_vs_frequency_matched_random,0.16260465222011555,-0.02173417466462158,0.18707357988103518,0.00039984006397441024,466,0.9760956175298805
b6e_robust_022,60310,5,side_tfc_dphi,rank_reward,no_suppress,"['O1_lag0_AB', 'O2_lag5_AB', 'O3_A_C_boundary', 'O4_B_C_boundary', 'O5_full_TFC', 'O6_phase_only']",8,250,true_policy_vs_performance_matched_random,0.16260465222011555,0.06122632971011265,0.10470121016791022,0.0007996801279488205,466,0.9760956175298805
b6e_robust_022,60310,5,side_tfc_dphi,rank_reward,no_suppress,"['O1_lag0_AB', 'O2_lag5_AB', 'O3_A_C_boundary', 'O4_B_C_boundary', 'O5_full_TFC', 'O6_phase_only']",8,250,true_policy_vs_within_state_shuffle,0.16260465222011555,0.0014994610621437462,0.1733824178053094,0.00039984006397441024,466,0.9760956175298805
b6e_robust_022,60310,5,side_tfc_dphi,rank_reward,no_suppress,"['O1_lag0_AB', 'O2_lag5_AB', 'O3_A_C_boundary', 'O4_B_C_boundary', 'O5_full_TFC', 'O6_phase_only']",8,250,true_policy_vs_oracle,0.16260465222011555,1.112498704331316,-0.9598442493026405,1.0,466,0.9760956175298805
b6e_robust_023,60310,5,side_tfc_dphi,rank_reward,no_phase_only,"['O1_lag0_AB', 'O2_lag5_AB', 'O3_A_C_boundary', 'O4_B_C_boundary', 'O5_full_TFC', 'O7_suppress_event']",8,250,true_policy_vs_balanced_pool_shuffle,0.12686097581018715,0.0757443972901805,0.0559808679241852,0.011195521791283487,463,0.9760956175298805
b6e_robust_023,60310,5,side_tfc_dphi,rank_reward,no_phase_only,"['O1_lag0_AB', 'O2_lag5_AB', 'O3_A_C_boundary', 'O4_B_C_boundary', 'O5_full_TFC', 'O7_suppress_event']",8,250,true_policy_vs_frequency_matched_random,0.12686097581018715,-0.005615073854184166,0.13491410935088763,0.00039984006397441024,463,0.9760956175298805
b6e_robust_023,60310,5,side_tfc_dphi,rank_reward,no_phase_only,"['O1_lag0_AB', 'O2_lag5_AB', 'O3_A_C_boundary', 'O4_B_C_boundary', 'O5_full_TFC', 'O7_suppress_event']",8,250,true_policy_vs_performance_matched_random,0.12686097581018715,0.08000497029214694,0.06586103397713179,0.005597760895641743,463,0.9760956175298805
b6e_robust_023,60310,5,side_tfc_dphi,rank_reward,no_phase_only,"['O1_lag0_AB', 'O2_lag5_AB', 'O3_A_C_boundary', 'O4_B_C_boundary', 'O5_full_TFC', 'O7_suppress_event']",8,250,true_policy_vs_within_state_shuffle,0.12686097581018715,0.003739461984303575,0.1371979967902774,0.0007996801279488205,463,0.9760956175298805
b6e_robust_023,60310,5,side_tfc_dphi,rank_reward,no_phase_only,"['O1_lag0_AB', 'O2_lag5_AB', 'O3_A_C_boundary', 'O4_B_C_boundary', 'O5_full_TFC', 'O7_suppress_event']",8,250,true_policy_vs_oracle,0.12686097581018715,1.0019491603225386,-0.8967925564794186,1.0,463,0.9760956175298805
b6e_robust_024,60310,5,side_tfc_dphi,rank_reward,core_5,"['O1_lag0_AB', 'O2_lag5_AB', 'O3_A_C_boundary', 'O4_B_C_boundary', 'O5_full_TFC']",8,250,true_policy_vs_balanced_pool_shuffle,0.10258896140490205,0.07885682752812667,0.025092972707386977,0.13714514194322272,452,0.9760956175298805
b6e_robust_024,60310,5,side_tfc_dphi,rank_reward,core_5,"['O1_lag0_AB', 'O2_lag5_AB', 'O3_A_C_boundary', 'O4_B_C_boundary', 'O5_full_TFC']",8,250,true_policy_vs_frequency_matched_random,0.10258896140490205,-0.01626916576185849,0.10650146533936021,0.0011995201919232307,452,0.9760956175298805
b6e_robust_024,60310,5,side_tfc_dphi,rank_reward,core_5,"['O1_lag0_AB', 'O2_lag5_AB', 'O3_A_C_boundary', 'O4_B_C_boundary', 'O5_full_TFC']",8,250,true_policy_vs_performance_matched_random,0.10258896140490205,0.07138938965947891,0.0514125685018771,0.019592163134746102,452,0.9760956175298805
b6e_robust_024,60310,5,side_tfc_dphi,rank_reward,core_5,"['O1_lag0_AB', 'O2_lag5_AB', 'O3_A_C_boundary', 'O4_B_C_boundary', 'O5_full_TFC']",8,250,true_policy_vs_within_state_shuffle,0.10258896140490205,0.011775237675131216,0.09730105261349303,0.0059976009596161535,452,0.9760956175298805
b6e_robust_024,60310,5,side_tfc_dphi,rank_reward,core_5,"['O1_lag0_AB', 'O2_lag5_AB', 'O3_A_C_boundary', 'O4_B_C_boundary', 'O5_full_TFC']",8,250,true_policy_vs_oracle,0.10258896140490205,0.99447779801819,-0.9063874146163894,1.0,452,0.9760956175298805
b6e_robust_025,60311,5,coarse,z_reward,full,"['O1_lag0_AB', 'O2_lag5_AB', 'O3_A_C_boundary', 'O4_B_C_boundary', 'O5_full_TFC', 'O6_phase_only', 'O7_suppress_event']",8,250,true_policy_vs_balanced_pool_shuffle,-0.0075967570643535555,-0.01846512344484955,0.01233890445807871,0.3090763694522191,462,0.5796812749003984
b6e_robust_025,60311,5,coarse,z_reward,full,"['O1_lag0_AB', 'O2_lag5_AB', 'O3_A_C_boundary', 'O4_B_C_boundary', 'O5_full_TFC', 'O6_phase_only', 'O7_suppress_event']",8,250,true_policy_vs_frequency_matched_random,-0.0075967570643535555,-0.06418408351791353,0.04936844929211946,0.0939624150339864,462,0.5796812749003984
b6e_robust_025,60311,5,coarse,z_reward,full,"['O1_lag0_AB', 'O2_lag5_AB', 'O3_A_C_boundary', 'O4_B_C_boundary', 'O5_full_TFC', 'O6_phase_only', 'O7_suppress_event']",8,250,true_policy_vs_performance_matched_random,-0.0075967570643535555,-0.04214653635781369,0.039542911417555074,0.09236305477808876,462,0.5796812749003984
b6e_robust_025,60311,5,coarse,z_reward,full,"['O1_lag0_AB', 'O2_lag5_AB', 'O3_A_C_boundary', 'O4_B_C_boundary', 'O5_full_TFC', 'O6_phase_only', 'O7_suppress_event']",8,250,true_policy_vs_within_state_shuffle,-0.0075967570643535555,-0.06311748100496824,0.06247890683459785,0.023590563774490203,462,0.5796812749003984
b6e_robust_025,60311,5,coarse,z_reward,full,"['O1_lag0_AB', 'O2_lag5_AB', 'O3_A_C_boundary', 'O4_B_C_boundary', 'O5_full_TFC', 'O6_phase_only', 'O7_suppress_event']",8,250,true_policy_vs_oracle,-0.0075967570643535555,1.2239410650761156,-1.2538662941010759,1.0,462,0.5796812749003984
b6e_robust_026,60311,5,coarse,z_reward,no_suppress,"['O1_lag0_AB', 'O2_lag5_AB', 'O3_A_C_boundary', 'O4_B_C_boundary', 'O5_full_TFC', 'O6_phase_only']",8,250,true_policy_vs_balanced_pool_shuffle,-0.006608200796874745,-0.009892517781313932,0.015809817353924643,0.2467013194722111,461,0.5796812749003984
b6e_robust_026,60311,5,coarse,z_reward,no_suppress,"['O1_lag0_AB', 'O2_lag5_AB', 'O3_A_C_boundary', 'O4_B_C_boundary', 'O5_full_TFC', 'O6_phase_only']",8,250,true_policy_vs_frequency_matched_random,-0.006608200796874745,-0.06452533056892072,0.0489403145945406,0.09436225509796081,461,0.5796812749003984
b6e_robust_026,60311,5,coarse,z_reward,no_suppress,"['O1_lag0_AB', 'O2_lag5_AB', 'O3_A_C_boundary', 'O4_B_C_boundary', 'O5_full_TFC', 'O6_phase_only']",8,250,true_policy_vs_performance_matched_random,-0.006608200796874745,-0.03549828398781643,0.04285972655688933,0.06357457017193123,461,0.5796812749003984
b6e_robust_026,60311,5,coarse,z_reward,no_suppress,"['O1_lag0_AB', 'O2_lag5_AB', 'O3_A_C_boundary', 'O4_B_C_boundary', 'O5_full_TFC', 'O6_phase_only']",8,250,true_policy_vs_within_state_shuffle,-0.006608200796874745,-0.056842850579685925,0.05861922443947184,0.032387045181927226,461,0.5796812749003984
b6e_robust_026,60311,5,coarse,z_reward,no_suppress,"['O1_lag0_AB', 'O2_lag5_AB', 'O3_A_C_boundary', 'O4_B_C_boundary', 'O5_full_TFC', 'O6_phase_only']",8,250,true_policy_vs_oracle,-0.006608200796874745,1.221914132763214,-1.2393207723237167,1.0,461,0.5796812749003984
b6e_robust_027,60311,5,coarse,z_reward,no_phase_only,"['O1_lag0_AB', 'O2_lag5_AB', 'O3_A_C_boundary', 'O4_B_C_boundary', 'O5_full_TFC', 'O7_suppress_event']",8,250,true_policy_vs_balanced_pool_shuffle,0.015468861481654966,0.005416187997841269,0.031233066304129684,0.058376649340263896,458,0.5796812749003984
b6e_robust_027,60311,5,coarse,z_reward,no_phase_only,"['O1_lag0_AB', 'O2_lag5_AB', 'O3_A_C_boundary', 'O4_B_C_boundary', 'O5_full_TFC', 'O7_suppress_event']",8,250,true_policy_vs_frequency_matched_random,0.015468861481654966,-0.046491775420016125,0.06445757809131278,0.03358656537385046,458,0.5796812749003984
b6e_robust_027,60311,5,coarse,z_reward,no_phase_only,"['O1_lag0_AB', 'O2_lag5_AB', 'O3_A_C_boundary', 'O4_B_C_boundary', 'O5_full_TFC', 'O7_suppress_event']",8,250,true_policy_vs_performance_matched_random,0.015468861481654966,-0.004971803855723286,0.04236953792006896,0.05317872850859656,458,0.5796812749003984
b6e_robust_027,60311,5,coarse,z_reward,no_phase_only,"['O1_lag0_AB', 'O2_lag5_AB', 'O3_A_C_boundary', 'O4_B_C_boundary', 'O5_full_TFC', 'O7_suppress_event']",8,250,true_policy_vs_within_state_shuffle,0.015468861481654966,-0.06505508772854793,0.0961608457026146,0.0011995201919232307,458,0.5796812749003984
b6e_robust_027,60311,5,coarse,z_reward,no_phase_only,"['O1_lag0_AB', 'O2_lag5_AB', 'O3_A_C_boundary', 'O4_B_C_boundary', 'O5_full_TFC', 'O7_suppress_event']",8,250,true_policy_vs_oracle,0.015468861481654966,1.067896279433008,-1.0631824355989399,1.0,458,0.5796812749003984
b6e_robust_028,60311,5,coarse,z_reward,core_5,"['O1_lag0_AB', 'O2_lag5_AB', 'O3_A_C_boundary', 'O4_B_C_boundary', 'O5_full_TFC']",8,250,true_policy_vs_balanced_pool_shuffle,0.025020735830697687,0.018142205186918347,0.021817452262564794,0.08916433426629349,456,0.5796812749003984
b6e_robust_028,60311,5,coarse,z_reward,core_5,"['O1_lag0_AB', 'O2_lag5_AB', 'O3_A_C_boundary', 'O4_B_C_boundary', 'O5_full_TFC']",8,250,true_policy_vs_frequency_matched_random,0.025020735830697687,-0.044511607584160146,0.06710513025214737,0.03318672530987605,456,0.5796812749003984
b6e_robust_028,60311,5,coarse,z_reward,core_5,"['O1_lag0_AB', 'O2_lag5_AB', 'O3_A_C_boundary', 'O4_B_C_boundary', 'O5_full_TFC']",8,250,true_policy_vs_performance_matched_random,0.025020735830697687,-0.005414526838891896,0.04614907678922406,0.0059976009596161535,456,0.5796812749003984
b6e_robust_028,60311,5,coarse,z_reward,core_5,"['O1_lag0_AB', 'O2_lag5_AB', 'O3_A_C_boundary', 'O4_B_C_boundary', 'O5_full_TFC']",8,250,true_policy_vs_within_state_shuffle,0.025020735830697687,-0.060921775904165726,0.10170935259244766,0.0007996801279488205,456,0.5796812749003984
b6e_robust_028,60311,5,coarse,z_reward,core_5,"['O1_lag0_AB', 'O2_lag5_AB', 'O3_A_C_boundary', 'O4_B_C_boundary', 'O5_full_TFC']",8,250,true_policy_vs_oracle,0.025020735830697687,1.0578887394678889,-1.0240749132796367,1.0,456,0.5796812749003984
b6e_robust_029,60311,5,coarse,rank_reward,full,"['O1_lag0_AB', 'O2_lag5_AB', 'O3_A_C_boundary', 'O4_B_C_boundary', 'O5_full_TFC', 'O6_phase_only', 'O7_suppress_event']",8,250,true_policy_vs_balanced_pool_shuffle,-0.01804171122032082,-0.025057843619823175,0.019582966010266798,0.16873250699720113,463,0.5796812749003984
b6e_robust_029,60311,5,coarse,rank_reward,full,"['O1_lag0_AB', 'O2_lag5_AB', 'O3_A_C_boundary', 'O4_B_C_boundary', 'O5_full_TFC', 'O6_phase_only', 'O7_suppress_event']",8,250,true_policy_vs_frequency_matched_random,-0.01804171122032082,-0.07144102051169271,0.04366299584977195,0.11995201919232307,463,0.5796812749003984
b6e_robust_029,60311,5,coarse,rank_reward,full,"['O1_lag0_AB', 'O2_lag5_AB', 'O3_A_C_boundary', 'O4_B_C_boundary', 'O5_full_TFC', 'O6_phase_only', 'O7_suppress_event']",8,250,true_policy_vs_performance_matched_random,-0.01804171122032082,-0.04438720258296335,0.04170515698872263,0.07317073170731707,463,0.5796812749003984
b6e_robust_029,60311,5,coarse,rank_reward,full,"['O1_lag0_AB', 'O2_lag5_AB', 'O3_A_C_boundary', 'O4_B_C_boundary', 'O5_full_TFC', 'O6_phase_only', 'O7_suppress_event']",8,250,true_policy_vs_within_state_shuffle,-0.01804171122032082,-0.0757043542039403,0.06378134400921134,0.01879248300679728,463,0.5796812749003984
b6e_robust_029,60311,5,coarse,rank_reward,full,"['O1_lag0_AB', 'O2_lag5_AB', 'O3_A_C_boundary', 'O4_B_C_boundary', 'O5_full_TFC', 'O6_phase_only', 'O7_suppress_event']",8,250,true_policy_vs_oracle,-0.01804171122032082,1.1117820538752037,-1.1538000882586406,1.0,463,0.5796812749003984
b6e_robust_030,60311,5,coarse,rank_reward,no_suppress,"['O1_lag0_AB', 'O2_lag5_AB', 'O3_A_C_boundary', 'O4_B_C_boundary', 'O5_full_TFC', 'O6_phase_only']",8,250,true_policy_vs_balanced_pool_shuffle,-0.009535743632743857,-0.0143796722199822,0.0068974238163283215,0.3822471011595362,462,0.5796812749003984
b6e_robust_030,60311,5,coarse,rank_reward,no_suppress,"['O1_lag0_AB', 'O2_lag5_AB', 'O3_A_C_boundary', 'O4_B_C_boundary', 'O5_full_TFC', 'O6_phase_only']",8,250,true_policy_vs_frequency_matched_random,-0.009535743632743857,-0.07051881444095708,0.050594154438145834,0.08156737305077968,462,0.5796812749003984
b6e_robust_030,60311,5,coarse,rank_reward,no_suppress,"['O1_lag0_AB', 'O2_lag5_AB', 'O3_A_C_boundary', 'O4_B_C_boundary', 'O5_full_TFC', 'O6_phase_only']",8,250,true_policy_vs_performance_matched_random,-0.009535743632743857,-0.016907089840560857,0.014423234980468987,0.30427828868452617,462,0.5796812749003984
b6e_robust_030,60311,5,coarse,rank_reward,no_suppress,"['O1_lag0_AB', 'O2_lag5_AB', 'O3_A_C_boundary', 'O4_B_C_boundary', 'O5_full_TFC', 'O6_phase_only']",8,250,true_policy_vs_within_state_shuffle,-0.009535743632743857,-0.06864548523162048,0.06793370892962153,0.013994402239104359,462,0.5796812749003984
b6e_robust_030,60311,5,coarse,rank_reward,no_suppress,"['O1_lag0_AB', 'O2_lag5_AB', 'O3_A_C_boundary', 'O4_B_C_boundary', 'O5_full_TFC', 'O6_phase_only']",8,250,true_policy_vs_oracle,-0.009535743632743857,1.112498704331316,-1.13536225187716,1.0,462,0.5796812749003984
b6e_robust_031,60311,5,coarse,rank_reward,no_phase_only,"['O1_lag0_AB', 'O2_lag5_AB', 'O3_A_C_boundary', 'O4_B_C_boundary', 'O5_full_TFC', 'O7_suppress_event']",8,250,true_policy_vs_balanced_pool_shuffle,-0.008062895964648648,-0.01713873225582226,0.01833743165234734,0.1831267493002799,460,0.5796812749003984
b6e_robust_031,60311,5,coarse,rank_reward,no_phase_only,"['O1_lag0_AB', 'O2_lag5_AB', 'O3_A_C_boundary', 'O4_B_C_boundary', 'O5_full_TFC', 'O7_suppress_event']",8,250,true_policy_vs_frequency_matched_random,-0.008062895964648648,-0.04717074370364473,0.03589764853546539,0.13874450219912035,460,0.5796812749003984
b6e_robust_031,60311,5,coarse,rank_reward,no_phase_only,"['O1_lag0_AB', 'O2_lag5_AB', 'O3_A_C_boundary', 'O4_B_C_boundary', 'O5_full_TFC', 'O7_suppress_event']",8,250,true_policy_vs_performance_matched_random,-0.008062895964648648,-0.016915914030785205,0.021757827407977885,0.20231907237105157,460,0.5796812749003984
b6e_robust_031,60311,5,coarse,rank_reward,no_phase_only,"['O1_lag0_AB', 'O2_lag5_AB', 'O3_A_C_boundary', 'O4_B_C_boundary', 'O5_full_TFC', 'O7_suppress_event']",8,250,true_policy_vs_within_state_shuffle,-0.008062895964648648,-0.07756204297821079,0.08016259402455735,0.0023990403838464614,460,0.5796812749003984
b6e_robust_031,60311,5,coarse,rank_reward,no_phase_only,"['O1_lag0_AB', 'O2_lag5_AB', 'O3_A_C_boundary', 'O4_B_C_boundary', 'O5_full_TFC', 'O7_suppress_event']",8,250,true_policy_vs_oracle,-0.008062895964648648,1.0019491603225386,-1.0326095018403663,1.0,460,0.5796812749003984
b6e_robust_032,60311,5,coarse,rank_reward,core_5,"['O1_lag0_AB', 'O2_lag5_AB', 'O3_A_C_boundary', 'O4_B_C_boundary', 'O5_full_TFC']",8,250,true_policy_vs_balanced_pool_shuffle,0.0020065838352114522,0.007010485291617137,0.008234161273534785,0.31347461015593764,458,0.5796812749003984
b6e_robust_032,60311,5,coarse,rank_reward,core_5,"['O1_lag0_AB', 'O2_lag5_AB', 'O3_A_C_boundary', 'O4_B_C_boundary', 'O5_full_TFC']",8,250,true_policy_vs_frequency_matched_random,0.0020065838352114522,-0.04689469453244265,0.04328245784952837,0.11155537784886045,458,0.5796812749003984
b6e_robust_032,60311,5,coarse,rank_reward,core_5,"['O1_lag0_AB', 'O2_lag5_AB', 'O3_A_C_boundary', 'O4_B_C_boundary', 'O5_full_TFC']",8,250,true_policy_vs_performance_matched_random,0.0020065838352114522,-0.01217654536955227,0.03277648333248406,0.03998400639744103,458,0.5796812749003984
b6e_robust_032,60311,5,coarse,rank_reward,core_5,"['O1_lag0_AB', 'O2_lag5_AB', 'O3_A_C_boundary', 'O4_B_C_boundary', 'O5_full_TFC']",8,250,true_policy_vs_within_state_shuffle,0.0020065838352114522,-0.06848065546784579,0.08318353302083319,0.001999200319872051,458,0.5796812749003984
b6e_robust_032,60311,5,coarse,rank_reward,core_5,"['O1_lag0_AB', 'O2_lag5_AB', 'O3_A_C_boundary', 'O4_B_C_boundary', 'O5_full_TFC']",8,250,true_policy_vs_oracle,0.0020065838352114522,0.9944777980181898,-0.9950900537923909,1.0,458,0.5796812749003984
b6e_robust_033,60311,5,side_tfc,z_reward,full,"['O1_lag0_AB', 'O2_lag5_AB', 'O3_A_C_boundary', 'O4_B_C_boundary', 'O5_full_TFC', 'O6_phase_only', 'O7_suppress_event']",8,250,true_policy_vs_balanced_pool_shuffle,0.15584522553422456,0.0595331962265293,0.0814398191680335,0.00039984006397441024,454,0.9860557768924303
b6e_robust_033,60311,5,side_tfc,z_reward,full,"['O1_lag0_AB', 'O2_lag5_AB', 'O3_A_C_boundary', 'O4_B_C_boundary', 'O5_full_TFC', 'O6_phase_only', 'O7_suppress_event']",8,250,true_policy_vs_frequency_matched_random,0.15584522553422456,-0.034119734841251664,0.17177372967154936,0.00039984006397441024,454,0.9860557768924303
b6e_robust_033,60311,5,side_tfc,z_reward,full,"['O1_lag0_AB', 'O2_lag5_AB', 'O3_A_C_boundary', 'O4_B_C_boundary', 'O5_full_TFC', 'O6_phase_only', 'O7_suppress_event']",8,250,true_policy_vs_performance_matched_random,0.15584522553422456,0.017361867469687212,0.12881127246317414,0.00039984006397441024,454,0.9860557768924303
b6e_robust_033,60311,5,side_tfc,z_reward,full,"['O1_lag0_AB', 'O2_lag5_AB', 'O3_A_C_boundary', 'O4_B_C_boundary', 'O5_full_TFC', 'O6_phase_only', 'O7_suppress_event']",8,250,true_policy_vs_within_state_shuffle,0.15584522553422456,0.0063448006010972495,0.1548429354086642,0.0007996801279488205,454,0.9860557768924303
b6e_robust_033,60311,5,side_tfc,z_reward,full,"['O1_lag0_AB', 'O2_lag5_AB', 'O3_A_C_boundary', 'O4_B_C_boundary', 'O5_full_TFC', 'O6_phase_only', 'O7_suppress_event']",8,250,true_policy_vs_oracle,0.15584522553422456,1.2239410650761156,-1.088730616527327,1.0,454,0.9860557768924303
b6e_robust_034,60311,5,side_tfc,z_reward,no_suppress,"['O1_lag0_AB', 'O2_lag5_AB', 'O3_A_C_boundary', 'O4_B_C_boundary', 'O5_full_TFC', 'O6_phase_only']",8,250,true_policy_vs_balanced_pool_shuffle,0.15409868773916222,0.0846574090796609,0.060479329806829164,0.003198720511795282,451,0.9860557768924303
b6e_robust_034,60311,5,side_tfc,z_reward,no_suppress,"['O1_lag0_AB', 'O2_lag5_AB', 'O3_A_C_boundary', 'O4_B_C_boundary', 'O5_full_TFC', 'O6_phase_only']",8,250,true_policy_vs_frequency_matched_random,0.15409868773916222,-0.03621509571040015,0.1660655278215676,0.00039984006397441024,451,0.9860557768924303
b6e_robust_034,60311,5,side_tfc,z_reward,no_suppress,"['O1_lag0_AB', 'O2_lag5_AB', 'O3_A_C_boundary', 'O4_B_C_boundary', 'O5_full_TFC', 'O6_phase_only']",8,250,true_policy_vs_performance_matched_random,0.15409868773916222,0.031791522732460865,0.13374129574261082,0.00039984006397441024,451,0.9860557768924303
b6e_robust_034,60311,5,side_tfc,z_reward,no_suppress,"['O1_lag0_AB', 'O2_lag5_AB', 'O3_A_C_boundary', 'O4_B_C_boundary', 'O5_full_TFC', 'O6_phase_only']",8,250,true_policy_vs_within_state_shuffle,0.15409868773916222,0.007971212239215823,0.15063839566785434,0.0007996801279488205,451,0.9860557768924303
b6e_robust_034,60311,5,side_tfc,z_reward,no_suppress,"['O1_lag0_AB', 'O2_lag5_AB', 'O3_A_C_boundary', 'O4_B_C_boundary', 'O5_full_TFC', 'O6_phase_only']",8,250,true_policy_vs_oracle,0.15409868773916222,1.221914132763214,-1.0849446293800333,1.0,451,0.9860557768924303
b6e_robust_035,60311,5,side_tfc,z_reward,no_phase_only,"['O1_lag0_AB', 'O2_lag5_AB', 'O3_A_C_boundary', 'O4_B_C_boundary', 'O5_full_TFC', 'O7_suppress_event']",8,250,true_policy_vs_balanced_pool_shuffle,0.16401676655494807,0.08919412413031601,0.06009408805753646,0.0011995201919232307,452,0.9860557768924303
b6e_robust_035,60311,5,side_tfc,z_reward,no_phase_only,"['O1_lag0_AB', 'O2_lag5_AB', 'O3_A_C_boundary', 'O4_B_C_boundary', 'O5_full_TFC', 'O7_suppress_event']",8,250,true_policy_vs_frequency_matched_random,0.16401676655494807,-0.021846858354748734,0.17470368317407606,0.00039984006397441024,452,0.9860557768924303
b6e_robust_035,60311,5,side_tfc,z_reward,no_phase_only,"['O1_lag0_AB', 'O2_lag5_AB', 'O3_A_C_boundary', 'O4_B_C_boundary', 'O5_full_TFC', 'O7_suppress_event']",8,250,true_policy_vs_performance_matched_random,0.16401676655494807,0.044125384782890985,0.12561803132079227,0.00039984006397441024,452,0.9860557768924303
b6e_robust_035,60311,5,side_tfc,z_reward,no_phase_only,"['O1_lag0_AB', 'O2_lag5_AB', 'O3_A_C_boundary', 'O4_B_C_boundary', 'O5_full_TFC', 'O7_suppress_event']",8,250,true_policy_vs_within_state_shuffle,0.16401676655494807,0.01256811571943631,0.16521850042182554,0.00039984006397441024,452,0.9860557768924303
b6e_robust_035,60311,5,side_tfc,z_reward,no_phase_only,"['O1_lag0_AB', 'O2_lag5_AB', 'O3_A_C_boundary', 'O4_B_C_boundary', 'O5_full_TFC', 'O7_suppress_event']",8,250,true_policy_vs_oracle,0.16401676655494807,1.067896279433008,-0.9184646378051934,1.0,452,0.9860557768924303
b6e_robust_036,60311,5,side_tfc,z_reward,core_5,"['O1_lag0_AB', 'O2_lag5_AB', 'O3_A_C_boundary', 'O4_B_C_boundary', 'O5_full_TFC']",8,250,true_policy_vs_balanced_pool_shuffle,0.17161485210928804,0.13157106405532645,0.036399772251867364,0.009196321471411436,446,0.9860557768924303
b6e_robust_036,60311,5,side_tfc,z_reward,core_5,"['O1_lag0_AB', 'O2_lag5_AB', 'O3_A_C_boundary', 'O4_B_C_boundary', 'O5_full_TFC']",8,250,true_policy_vs_frequency_matched_random,0.17161485210928804,-0.023064753139438995,0.16919487554955376,0.00039984006397441024,446,0.9860557768924303
b6e_robust_036,60311,5,side_tfc,z_reward,core_5,"['O1_lag0_AB', 'O2_lag5_AB', 'O3_A_C_boundary', 'O4_B_C_boundary', 'O5_full_TFC']",8,250,true_policy_vs_performance_matched_random,0.17161485210928804,0.0860127728097767,0.09563149364501253,0.00039984006397441024,446,0.9860557768924303
b6e_robust_036,60311,5,side_tfc,z_reward,core_5,"['O1_lag0_AB', 'O2_lag5_AB', 'O3_A_C_boundary', 'O4_B_C_boundary', 'O5_full_TFC']",8,250,true_policy_vs_within_state_shuffle,0.17161485210928804,0.020442137139504376,0.16309840357886904,0.00039984006397441024,446,0.9860557768924303
b6e_robust_036,60311,5,side_tfc,z_reward,core_5,"['O1_lag0_AB', 'O2_lag5_AB', 'O3_A_C_boundary', 'O4_B_C_boundary', 'O5_full_TFC']",8,250,true_policy_vs_oracle,0.17161485210928804,1.0578887394678889,-0.8936950467716787,1.0,446,0.9860557768924303
b6e_robust_037,60311,5,side_tfc,rank_reward,full,"['O1_lag0_AB', 'O2_lag5_AB', 'O3_A_C_boundary', 'O4_B_C_boundary', 'O5_full_TFC', 'O6_phase_only', 'O7_suppress_event']",8,250,true_policy_vs_balanced_pool_shuffle,0.2656765868769648,0.14801611532450445,0.10680657126998451,0.00039984006397441024,454,0.9860557768924303
b6e_robust_037,60311,5,side_tfc,rank_reward,full,"['O1_lag0_AB', 'O2_lag5_AB', 'O3_A_C_boundary', 'O4_B_C_boundary', 'O5_full_TFC', 'O6_phase_only', 'O7_suppress_event']",8,250,true_policy_vs_frequency_matched_random,0.2656765868769648,-0.021733833938228524,0.2631373593131734,0.00039984006397441024,454,0.9860557768924303
b6e_robust_037,60311,5,side_tfc,rank_reward,full,"['O1_lag0_AB', 'O2_lag5_AB', 'O3_A_C_boundary', 'O4_B_C_boundary', 'O5_full_TFC', 'O6_phase_only', 'O7_suppress_event']",8,250,true_policy_vs_performance_matched_random,0.2656765868769648,0.08041461829305156,0.1759072365114728,0.00039984006397441024,454,0.9860557768924303
b6e_robust_037,60311,5,side_tfc,rank_reward,full,"['O1_lag0_AB', 'O2_lag5_AB', 'O3_A_C_boundary', 'O4_B_C_boundary', 'O5_full_TFC', 'O6_phase_only', 'O7_suppress_event']",8,250,true_policy_vs_within_state_shuffle,0.2656765868769648,-0.0006099554972831872,0.2688792684371071,0.00039984006397441024,454,0.9860557768924303
b6e_robust_037,60311,5,side_tfc,rank_reward,full,"['O1_lag0_AB', 'O2_lag5_AB', 'O3_A_C_boundary', 'O4_B_C_boundary', 'O5_full_TFC', 'O6_phase_only', 'O7_suppress_event']",8,250,true_policy_vs_oracle,0.2656765868769648,1.1117820538752037,-0.8727482683611415,1.0,454,0.9860557768924303
b6e_robust_038,60311,5,side_tfc,rank_reward,no_suppress,"['O1_lag0_AB', 'O2_lag5_AB', 'O3_A_C_boundary', 'O4_B_C_boundary', 'O5_full_TFC', 'O6_phase_only']",8,250,true_policy_vs_balanced_pool_shuffle,0.26884491850930636,0.15042054921649362,0.09960806225218496,0.00039984006397441024,451,0.9860557768924303
b6e_robust_038,60311,5,side_tfc,rank_reward,no_suppress,"['O1_lag0_AB', 'O2_lag5_AB', 'O3_A_C_boundary', 'O4_B_C_boundary', 'O5_full_TFC', 'O6_phase_only']",8,250,true_policy_vs_frequency_matched_random,0.26884491850930636,-0.02455066530369405,0.2624670828718579,0.00039984006397441024,451,0.9860557768924303
b6e_robust_038,60311,5,side_tfc,rank_reward,no_suppress,"['O1_lag0_AB', 'O2_lag5_AB', 'O3_A_C_boundary', 'O4_B_C_boundary', 'O5_full_TFC', 'O6_phase_only']",8,250,true_policy_vs_performance_matched_random,0.26884491850930636,0.10221440804346085,0.15750982713699954,0.00039984006397441024,451,0.9860557768924303
b6e_robust_038,60311,5,side_tfc,rank_reward,no_suppress,"['O1_lag0_AB', 'O2_lag5_AB', 'O3_A_C_boundary', 'O4_B_C_boundary', 'O5_full_TFC', 'O6_phase_only']",8,250,true_policy_vs_within_state_shuffle,0.26884491850930636,0.007748808713934037,0.26451658876393885,0.00039984006397441024,451,0.9860557768924303
b6e_robust_038,60311,5,side_tfc,rank_reward,no_suppress,"['O1_lag0_AB', 'O2_lag5_AB', 'O3_A_C_boundary', 'O4_B_C_boundary', 'O5_full_TFC', 'O6_phase_only']",8,250,true_policy_vs_oracle,0.26884491850930636,1.112498704331316,-0.864588220228239,1.0,451,0.9860557768924303
b6e_robust_039,60311,5,side_tfc,rank_reward,no_phase_only,"['O1_lag0_AB', 'O2_lag5_AB', 'O3_A_C_boundary', 'O4_B_C_boundary', 'O5_full_TFC', 'O7_suppress_event']",8,250,true_policy_vs_balanced_pool_shuffle,0.19763925800231164,0.08840818452228527,0.10328121002775763,0.00039984006397441024,454,0.9860557768924303
b6e_robust_039,60311,5,side_tfc,rank_reward,no_phase_only,"['O1_lag0_AB', 'O2_lag5_AB', 'O3_A_C_boundary', 'O4_B_C_boundary', 'O5_full_TFC', 'O7_suppress_event']",8,250,true_policy_vs_frequency_matched_random,0.19763925800231164,-0.016914584242848547,0.21072527026223464,0.00039984006397441024,454,0.9860557768924303
b6e_robust_039,60311,5,side_tfc,rank_reward,no_phase_only,"['O1_lag0_AB', 'O2_lag5_AB', 'O3_A_C_boundary', 'O4_B_C_boundary', 'O5_full_TFC', 'O7_suppress_event']",8,250,true_policy_vs_performance_matched_random,0.19763925800231164,0.05738080890064941,0.14340955569167047,0.00039984006397441024,454,0.9860557768924303
b6e_robust_039,60311,5,side_tfc,rank_reward,no_phase_only,"['O1_lag0_AB', 'O2_lag5_AB', 'O3_A_C_boundary', 'O4_B_C_boundary', 'O5_full_TFC', 'O7_suppress_event']",8,250,true_policy_vs_within_state_shuffle,0.19763925800231164,0.015401192821721985,0.19707702031667879,0.00039984006397441024,454,0.9860557768924303
b6e_robust_039,60311,5,side_tfc,rank_reward,no_phase_only,"['O1_lag0_AB', 'O2_lag5_AB', 'O3_A_C_boundary', 'O4_B_C_boundary', 'O5_full_TFC', 'O7_suppress_event']",8,250,true_policy_vs_oracle,0.19763925800231164,1.0019491603225386,-0.8279398351257593,1.0,454,0.9860557768924303
b6e_robust_040,60311,5,side_tfc,rank_reward,core_5,"['O1_lag0_AB', 'O2_lag5_AB', 'O3_A_C_boundary', 'O4_B_C_boundary', 'O5_full_TFC']",8,250,true_policy_vs_balanced_pool_shuffle,0.2183976680566019,0.1726464680616007,0.0436430655377391,0.003598560575769692,445,0.9860557768924303
b6e_robust_040,60311,5,side_tfc,rank_reward,core_5,"['O1_lag0_AB', 'O2_lag5_AB', 'O3_A_C_boundary', 'O4_B_C_boundary', 'O5_full_TFC']",8,250,true_policy_vs_frequency_matched_random,0.2183976680566019,-0.012129878270508418,0.20522627543653826,0.00039984006397441024,445,0.9860557768924303
b6e_robust_040,60311,5,side_tfc,rank_reward,core_5,"['O1_lag0_AB', 'O2_lag5_AB', 'O3_A_C_boundary', 'O4_B_C_boundary', 'O5_full_TFC']",8,250,true_policy_vs_performance_matched_random,0.2183976680566019,0.11264096480084704,0.11359954223488923,0.00039984006397441024,445,0.9860557768924303
b6e_robust_040,60311,5,side_tfc,rank_reward,core_5,"['O1_lag0_AB', 'O2_lag5_AB', 'O3_A_C_boundary', 'O4_B_C_boundary', 'O5_full_TFC']",8,250,true_policy_vs_within_state_shuffle,0.2183976680566019,0.01390519947879693,0.21124342109732722,0.00039984006397441024,445,0.9860557768924303
b6e_robust_040,60311,5,side_tfc,rank_reward,core_5,"['O1_lag0_AB', 'O2_lag5_AB', 'O3_A_C_boundary', 'O4_B_C_boundary', 'O5_full_TFC']",8,250,true_policy_vs_oracle,0.2183976680566019,0.9944777980181898,-0.795900818008098,1.0,445,0.9860557768924303
b6e_robust_041,60311,5,side_tfc_dphi,z_reward,full,"['O1_lag0_AB', 'O2_lag5_AB', 'O3_A_C_boundary', 'O4_B_C_boundary', 'O5_full_TFC', 'O6_phase_only', 'O7_suppress_event']",8,250,true_policy_vs_balanced_pool_shuffle,0.20793250937664326,0.07430387930959259,0.1344253626239694,0.00039984006397441024,457,0.9860557768924303
b6e_robust_041,60311,5,side_tfc_dphi,z_reward,full,"['O1_lag0_AB', 'O2_lag5_AB', 'O3_A_C_boundary', 'O4_B_C_boundary', 'O5_full_TFC', 'O6_phase_only', 'O7_suppress_event']",8,250,true_policy_vs_frequency_matched_random,0.20793250937664326,-0.009305896943122668,0.21057348827906597,0.00039984006397441024,457,0.9860557768924303
b6e_robust_041,60311,5,side_tfc_dphi,z_reward,full,"['O1_lag0_AB', 'O2_lag5_AB', 'O3_A_C_boundary', 'O4_B_C_boundary', 'O5_full_TFC', 'O6_phase_only', 'O7_suppress_event']",8,250,true_policy_vs_performance_matched_random,0.20793250937664326,0.053325534184451094,0.15692156080490566,0.00039984006397441024,457,0.9860557768924303
b6e_robust_041,60311,5,side_tfc_dphi,z_reward,full,"['O1_lag0_AB', 'O2_lag5_AB', 'O3_A_C_boundary', 'O4_B_C_boundary', 'O5_full_TFC', 'O6_phase_only', 'O7_suppress_event']",8,250,true_policy_vs_within_state_shuffle,0.20793250937664326,0.0038168042027459186,0.21314792881550257,0.00039984006397441024,457,0.9860557768924303
b6e_robust_041,60311,5,side_tfc_dphi,z_reward,full,"['O1_lag0_AB', 'O2_lag5_AB', 'O3_A_C_boundary', 'O4_B_C_boundary', 'O5_full_TFC', 'O6_phase_only', 'O7_suppress_event']",8,250,true_policy_vs_oracle,0.20793250937664326,1.2239410650761156,-1.02526165232471,1.0,457,0.9860557768924303
b6e_robust_042,60311,5,side_tfc_dphi,z_reward,no_suppress,"['O1_lag0_AB', 'O2_lag5_AB', 'O3_A_C_boundary', 'O4_B_C_boundary', 'O5_full_TFC', 'O6_phase_only']",8,250,true_policy_vs_balanced_pool_shuffle,0.20204242838204317,0.0939211057328291,0.12423502028295814,0.00039984006397441024,454,0.9860557768924303
b6e_robust_042,60311,5,side_tfc_dphi,z_reward,no_suppress,"['O1_lag0_AB', 'O2_lag5_AB', 'O3_A_C_boundary', 'O4_B_C_boundary', 'O5_full_TFC', 'O6_phase_only']",8,250,true_policy_vs_frequency_matched_random,0.20204242838204317,-0.00852989144768494,0.19877440165831067,0.00039984006397441024,454,0.9860557768924303
b6e_robust_042,60311,5,side_tfc_dphi,z_reward,no_suppress,"['O1_lag0_AB', 'O2_lag5_AB', 'O3_A_C_boundary', 'O4_B_C_boundary', 'O5_full_TFC', 'O6_phase_only']",8,250,true_policy_vs_performance_matched_random,0.20204242838204317,0.06789945984540038,0.1552837033010908,0.00039984006397441024,454,0.9860557768924303
b6e_robust_042,60311,5,side_tfc_dphi,z_reward,no_suppress,"['O1_lag0_AB', 'O2_lag5_AB', 'O3_A_C_boundary', 'O4_B_C_boundary', 'O5_full_TFC', 'O6_phase_only']",8,250,true_policy_vs_within_state_shuffle,0.20204242838204317,0.005858712557172669,0.20700385771749472,0.00039984006397441024,454,0.9860557768924303
b6e_robust_042,60311,5,side_tfc_dphi,z_reward,no_suppress,"['O1_lag0_AB', 'O2_lag5_AB', 'O3_A_C_boundary', 'O4_B_C_boundary', 'O5_full_TFC', 'O6_phase_only']",8,250,true_policy_vs_oracle,0.20204242838204317,1.221914132763214,-1.024890555759481,1.0,454,0.9860557768924303
b6e_robust_043,60311,5,side_tfc_dphi,z_reward,no_phase_only,"['O1_lag0_AB', 'O2_lag5_AB', 'O3_A_C_boundary', 'O4_B_C_boundary', 'O5_full_TFC', 'O7_suppress_event']",8,250,true_policy_vs_balanced_pool_shuffle,0.1826173099873654,0.10197195707314512,0.07915311123248599,0.00039984006397441024,452,0.9860557768924303
b6e_robust_043,60311,5,side_tfc_dphi,z_reward,no_phase_only,"['O1_lag0_AB', 'O2_lag5_AB', 'O3_A_C_boundary', 'O4_B_C_boundary', 'O5_full_TFC', 'O7_suppress_event']",8,250,true_policy_vs_frequency_matched_random,0.1826173099873654,0.003185858315015223,0.17555699263670732,0.00039984006397441024,452,0.9860557768924303
b6e_robust_043,60311,5,side_tfc_dphi,z_reward,no_phase_only,"['O1_lag0_AB', 'O2_lag5_AB', 'O3_A_C_boundary', 'O4_B_C_boundary', 'O5_full_TFC', 'O7_suppress_event']",8,250,true_policy_vs_performance_matched_random,0.1826173099873654,0.07956640714020753,0.11328538440586003,0.00039984006397441024,452,0.9860557768924303
b6e_robust_043,60311,5,side_tfc_dphi,z_reward,no_phase_only,"['O1_lag0_AB', 'O2_lag5_AB', 'O3_A_C_boundary', 'O4_B_C_boundary', 'O5_full_TFC', 'O7_suppress_event']",8,250,true_policy_vs_within_state_shuffle,0.1826173099873654,0.009496797415738,0.1899526359456534,0.00039984006397441024,452,0.9860557768924303
b6e_robust_043,60311,5,side_tfc_dphi,z_reward,no_phase_only,"['O1_lag0_AB', 'O2_lag5_AB', 'O3_A_C_boundary', 'O4_B_C_boundary', 'O5_full_TFC', 'O7_suppress_event']",8,250,true_policy_vs_oracle,0.1826173099873654,1.067896279433008,-0.8903138386285118,1.0,452,0.9860557768924303
b6e_robust_044,60311,5,side_tfc_dphi,z_reward,core_5,"['O1_lag0_AB', 'O2_lag5_AB', 'O3_A_C_boundary', 'O4_B_C_boundary', 'O5_full_TFC']",8,250,true_policy_vs_balanced_pool_shuffle,0.15588165832258488,0.14088575481899066,0.031189132172532986,0.08436625349860057,442,0.9860557768924303
b6e_robust_044,60311,5,side_tfc_dphi,z_reward,core_5,"['O1_lag0_AB', 'O2_lag5_AB', 'O3_A_C_boundary', 'O4_B_C_boundary', 'O5_full_TFC']",8,250,true_policy_vs_frequency_matched_random,0.15588165832258488,0.0024755234712605296,0.13416466672193247,0.00039984006397441024,442,0.9860557768924303
b6e_robust_044,60311,5,side_tfc_dphi,z_reward,core_5,"['O1_lag0_AB', 'O2_lag5_AB', 'O3_A_C_boundary', 'O4_B_C_boundary', 'O5_full_TFC']",8,250,true_policy_vs_performance_matched_random,0.15588165832258488,0.11293279055606566,0.07054938259899375,0.0027988804478208716,442,0.9860557768924303
b6e_robust_044,60311,5,side_tfc_dphi,z_reward,core_5,"['O1_lag0_AB', 'O2_lag5_AB', 'O3_A_C_boundary', 'O4_B_C_boundary', 'O5_full_TFC']",8,250,true_policy_vs_within_state_shuffle,0.15588165832258488,0.018550480725904876,0.15043966978022297,0.00039984006397441024,442,0.9860557768924303
b6e_robust_044,60311,5,side_tfc_dphi,z_reward,core_5,"['O1_lag0_AB', 'O2_lag5_AB', 'O3_A_C_boundary', 'O4_B_C_boundary', 'O5_full_TFC']",8,250,true_policy_vs_oracle,0.15588165832258488,1.0578887394678889,-0.9017723260776995,1.0,442,0.9860557768924303
b6e_robust_045,60311,5,side_tfc_dphi,rank_reward,full,"['O1_lag0_AB', 'O2_lag5_AB', 'O3_A_C_boundary', 'O4_B_C_boundary', 'O5_full_TFC', 'O6_phase_only', 'O7_suppress_event']",8,250,true_policy_vs_balanced_pool_shuffle,0.17453761219147432,0.09298847724985865,0.08115768908551269,0.0007996801279488205,462,0.9860557768924303
b6e_robust_045,60311,5,side_tfc_dphi,rank_reward,full,"['O1_lag0_AB', 'O2_lag5_AB', 'O3_A_C_boundary', 'O4_B_C_boundary', 'O5_full_TFC', 'O6_phase_only', 'O7_suppress_event']",8,250,true_policy_vs_frequency_matched_random,0.17453761219147432,-0.00819984166457513,0.17713763780264744,0.00039984006397441024,462,0.9860557768924303
b6e_robust_045,60311,5,side_tfc_dphi,rank_reward,full,"['O1_lag0_AB', 'O2_lag5_AB', 'O3_A_C_boundary', 'O4_B_C_boundary', 'O5_full_TFC', 'O6_phase_only', 'O7_suppress_event']",8,250,true_policy_vs_performance_matched_random,0.17453761219147432,0.07506130449806367,0.09910085648845612,0.0007996801279488205,462,0.9860557768924303
b6e_robust_045,60311,5,side_tfc_dphi,rank_reward,full,"['O1_lag0_AB', 'O2_lag5_AB', 'O3_A_C_boundary', 'O4_B_C_boundary', 'O5_full_TFC', 'O6_phase_only', 'O7_suppress_event']",8,250,true_policy_vs_within_state_shuffle,0.17453761219147432,0.009931155549138298,0.1659207218142097,0.00039984006397441024,462,0.9860557768924303
b6e_robust_045,60311,5,side_tfc_dphi,rank_reward,full,"['O1_lag0_AB', 'O2_lag5_AB', 'O3_A_C_boundary', 'O4_B_C_boundary', 'O5_full_TFC', 'O6_phase_only', 'O7_suppress_event']",8,250,true_policy_vs_oracle,0.17453761219147432,1.1117820538752037,-0.9621673605021344,1.0,462,0.9860557768924303
b6e_robust_046,60311,5,side_tfc_dphi,rank_reward,no_suppress,"['O1_lag0_AB', 'O2_lag5_AB', 'O3_A_C_boundary', 'O4_B_C_boundary', 'O5_full_TFC', 'O6_phase_only']",8,250,true_policy_vs_balanced_pool_shuffle,0.17698871022679485,0.07994547090192587,0.08859428369835956,0.0011995201919232307,460,0.9860557768924303
b6e_robust_046,60311,5,side_tfc_dphi,rank_reward,no_suppress,"['O1_lag0_AB', 'O2_lag5_AB', 'O3_A_C_boundary', 'O4_B_C_boundary', 'O5_full_TFC', 'O6_phase_only']",8,250,true_policy_vs_frequency_matched_random,0.17698871022679485,-0.006501214098734068,0.17121295117695903,0.00039984006397441024,460,0.9860557768924303
b6e_robust_046,60311,5,side_tfc_dphi,rank_reward,no_suppress,"['O1_lag0_AB', 'O2_lag5_AB', 'O3_A_C_boundary', 'O4_B_C_boundary', 'O5_full_TFC', 'O6_phase_only']",8,250,true_policy_vs_performance_matched_random,0.17698871022679485,0.06310911650055623,0.10950409488963536,0.00039984006397441024,460,0.9860557768924303
b6e_robust_046,60311,5,side_tfc_dphi,rank_reward,no_suppress,"['O1_lag0_AB', 'O2_lag5_AB', 'O3_A_C_boundary', 'O4_B_C_boundary', 'O5_full_TFC', 'O6_phase_only']",8,250,true_policy_vs_within_state_shuffle,0.17698871022679485,0.004617892149661478,0.1736971477016327,0.00039984006397441024,460,0.9860557768924303
b6e_robust_046,60311,5,side_tfc_dphi,rank_reward,no_suppress,"['O1_lag0_AB', 'O2_lag5_AB', 'O3_A_C_boundary', 'O4_B_C_boundary', 'O5_full_TFC', 'O6_phase_only']",8,250,true_policy_vs_oracle,0.17698871022679485,1.112498704331316,-0.954365627667368,1.0,460,0.9860557768924303
b6e_robust_047,60311,5,side_tfc_dphi,rank_reward,no_phase_only,"['O1_lag0_AB', 'O2_lag5_AB', 'O3_A_C_boundary', 'O4_B_C_boundary', 'O5_full_TFC', 'O7_suppress_event']",8,250,true_policy_vs_balanced_pool_shuffle,0.18864644381625068,0.11155773099887437,0.0689153064723464,0.003198720511795282,458,0.9860557768924303
b6e_robust_047,60311,5,side_tfc_dphi,rank_reward,no_phase_only,"['O1_lag0_AB', 'O2_lag5_AB', 'O3_A_C_boundary', 'O4_B_C_boundary', 'O5_full_TFC', 'O7_suppress_event']",8,250,true_policy_vs_frequency_matched_random,0.18864644381625068,0.011964794539705803,0.17594927436232338,0.00039984006397441024,458,0.9860557768924303
b6e_robust_047,60311,5,side_tfc_dphi,rank_reward,no_phase_only,"['O1_lag0_AB', 'O2_lag5_AB', 'O3_A_C_boundary', 'O4_B_C_boundary', 'O5_full_TFC', 'O7_suppress_event']",8,250,true_policy_vs_performance_matched_random,0.18864644381625068,0.0997952394264497,0.08782892900810763,0.0007996801279488205,458,0.9860557768924303
b6e_robust_047,60311,5,side_tfc_dphi,rank_reward,no_phase_only,"['O1_lag0_AB', 'O2_lag5_AB', 'O3_A_C_boundary', 'O4_B_C_boundary', 'O5_full_TFC', 'O7_suppress_event']",8,250,true_policy_vs_within_state_shuffle,0.18864644381625068,0.010262865428083023,0.18873683386710435,0.00039984006397441024,458,0.9860557768924303
b6e_robust_047,60311,5,side_tfc_dphi,rank_reward,no_phase_only,"['O1_lag0_AB', 'O2_lag5_AB', 'O3_A_C_boundary', 'O4_B_C_boundary', 'O5_full_TFC', 'O7_suppress_event']",8,250,true_policy_vs_oracle,0.18864644381625068,1.0019491603225386,-0.8368539117521424,1.0,458,0.9860557768924303
b6e_robust_048,60311,5,side_tfc_dphi,rank_reward,core_5,"['O1_lag0_AB', 'O2_lag5_AB', 'O3_A_C_boundary', 'O4_B_C_boundary', 'O5_full_TFC']",8,250,true_policy_vs_balanced_pool_shuffle,0.13267021121537984,0.12471929666424052,0.022259244104375197,0.17792882846861255,449,0.9860557768924303
b6e_robust_048,60311,5,side_tfc_dphi,rank_reward,core_5,"['O1_lag0_AB', 'O2_lag5_AB', 'O3_A_C_boundary', 'O4_B_C_boundary', 'O5_full_TFC']",8,250,true_policy_vs_frequency_matched_random,0.13267021121537984,0.006150070685271289,0.11513197315279784,0.0023990403838464614,449,0.9860557768924303
b6e_robust_048,60311,5,side_tfc_dphi,rank_reward,core_5,"['O1_lag0_AB', 'O2_lag5_AB', 'O3_A_C_boundary', 'O4_B_C_boundary', 'O5_full_TFC']",8,250,true_policy_vs_performance_matched_random,0.13267021121537984,0.10140487322768713,0.05391801464546808,0.01599360255897641,449,0.9860557768924303
b6e_robust_048,60311,5,side_tfc_dphi,rank_reward,core_5,"['O1_lag0_AB', 'O2_lag5_AB', 'O3_A_C_boundary', 'O4_B_C_boundary', 'O5_full_TFC']",8,250,true_policy_vs_within_state_shuffle,0.13267021121537984,0.017816030378688355,0.12034897424642407,0.00039984006397441024,449,0.9860557768924303
b6e_robust_048,60311,5,side_tfc_dphi,rank_reward,core_5,"['O1_lag0_AB', 'O2_lag5_AB', 'O3_A_C_boundary', 'O4_B_C_boundary', 'O5_full_TFC']",8,250,true_policy_vs_oracle,0.13267021121537984,0.9944777980181898,-0.8756070501240647,1.0,449,0.9860557768924303
b6e_robust_049,60312,5,coarse,z_reward,full,"['O1_lag0_AB', 'O2_lag5_AB', 'O3_A_C_boundary', 'O4_B_C_boundary', 'O5_full_TFC', 'O6_phase_only', 'O7_suppress_event']",8,250,true_policy_vs_balanced_pool_shuffle,-0.016447572024852485,-0.06423948597169682,0.06520701975391902,0.0023990403838464614,457,0.5278884462151394
b6e_robust_049,60312,5,coarse,z_reward,full,"['O1_lag0_AB', 'O2_lag5_AB', 'O3_A_C_boundary', 'O4_B_C_boundary', 'O5_full_TFC', 'O6_phase_only', 'O7_suppress_event']",8,250,true_policy_vs_frequency_matched_random,-0.016447572024852485,-0.0674106564959428,0.04631111139844206,0.10275889644142343,457,0.5278884462151394
b6e_robust_049,60312,5,coarse,z_reward,full,"['O1_lag0_AB', 'O2_lag5_AB', 'O3_A_C_boundary', 'O4_B_C_boundary', 'O5_full_TFC', 'O6_phase_only', 'O7_suppress_event']",8,250,true_policy_vs_performance_matched_random,-0.016447572024852485,-0.06673738791986301,0.0673459183542022,0.013594562175129948,457,0.5278884462151394
b6e_robust_049,60312,5,coarse,z_reward,full,"['O1_lag0_AB', 'O2_lag5_AB', 'O3_A_C_boundary', 'O4_B_C_boundary', 'O5_full_TFC', 'O6_phase_only', 'O7_suppress_event']",8,250,true_policy_vs_within_state_shuffle,-0.016447572024852485,-0.08855946693342938,0.07422484673708363,0.011595361855257898,457,0.5278884462151394
b6e_robust_049,60312,5,coarse,z_reward,full,"['O1_lag0_AB', 'O2_lag5_AB', 'O3_A_C_boundary', 'O4_B_C_boundary', 'O5_full_TFC', 'O6_phase_only', 'O7_suppress_event']",8,250,true_policy_vs_oracle,-0.016447572024852485,1.2239410650761156,-1.2669564528788553,1.0,457,0.5278884462151394
b6e_robust_050,60312,5,coarse,z_reward,no_suppress,"['O1_lag0_AB', 'O2_lag5_AB', 'O3_A_C_boundary', 'O4_B_C_boundary', 'O5_full_TFC', 'O6_phase_only']",8,250,true_policy_vs_balanced_pool_shuffle,-0.012458635687253769,-0.04812730131120957,0.041029763732387314,0.029188324670131948,455,0.5278884462151394
b6e_robust_050,60312,5,coarse,z_reward,no_suppress,"['O1_lag0_AB', 'O2_lag5_AB', 'O3_A_C_boundary', 'O4_B_C_boundary', 'O5_full_TFC', 'O6_phase_only']",8,250,true_policy_vs_frequency_matched_random,-0.012458635687253769,-0.06533018388813683,0.04799322240032168,0.09156337465013994,455,0.5278884462151394
b6e_robust_050,60312,5,coarse,z_reward,no_suppress,"['O1_lag0_AB', 'O2_lag5_AB', 'O3_A_C_boundary', 'O4_B_C_boundary', 'O5_full_TFC', 'O6_phase_only']",8,250,true_policy_vs_performance_matched_random,-0.012458635687253769,-0.060300978928519065,0.053792058728995305,0.029988004798080767,455,0.5278884462151394
b6e_robust_050,60312,5,coarse,z_reward,no_suppress,"['O1_lag0_AB', 'O2_lag5_AB', 'O3_A_C_boundary', 'O4_B_C_boundary', 'O5_full_TFC', 'O6_phase_only']",8,250,true_policy_vs_within_state_shuffle,-0.012458635687253769,-0.08670161473187499,0.07464561074575232,0.010395841663334666,455,0.5278884462151394
b6e_robust_050,60312,5,coarse,z_reward,no_suppress,"['O1_lag0_AB', 'O2_lag5_AB', 'O3_A_C_boundary', 'O4_B_C_boundary', 'O5_full_TFC', 'O6_phase_only']",8,250,true_policy_vs_oracle,-0.012458635687253769,1.2219141327632141,-1.2536358521687216,1.0,455,0.5278884462151394
b6e_robust_051,60312,5,coarse,z_reward,no_phase_only,"['O1_lag0_AB', 'O2_lag5_AB', 'O3_A_C_boundary', 'O4_B_C_boundary', 'O5_full_TFC', 'O7_suppress_event']",8,250,true_policy_vs_balanced_pool_shuffle,0.01953642981207305,-0.01976218890381648,0.05369646139735312,0.0059976009596161535,454,0.5278884462151394
b6e_robust_051,60312,5,coarse,z_reward,no_phase_only,"['O1_lag0_AB', 'O2_lag5_AB', 'O3_A_C_boundary', 'O4_B_C_boundary', 'O5_full_TFC', 'O7_suppress_event']",8,250,true_policy_vs_frequency_matched_random,0.01953642981207305,-0.04558528841202814,0.07843218079204231,0.005597760895641743,454,0.5278884462151394
b6e_robust_051,60312,5,coarse,z_reward,no_phase_only,"['O1_lag0_AB', 'O2_lag5_AB', 'O3_A_C_boundary', 'O4_B_C_boundary', 'O5_full_TFC', 'O7_suppress_event']",8,250,true_policy_vs_performance_matched_random,0.01953642981207305,-0.030916307021793047,0.06587950593889216,0.010395841663334666,454,0.5278884462151394
b6e_robust_051,60312,5,coarse,z_reward,no_phase_only,"['O1_lag0_AB', 'O2_lag5_AB', 'O3_A_C_boundary', 'O4_B_C_boundary', 'O5_full_TFC', 'O7_suppress_event']",8,250,true_policy_vs_within_state_shuffle,0.01953642981207305,-0.06299222733079719,0.09170254040638201,0.001999200319872051,454,0.5278884462151394
b6e_robust_051,60312,5,coarse,z_reward,no_phase_only,"['O1_lag0_AB', 'O2_lag5_AB', 'O3_A_C_boundary', 'O4_B_C_boundary', 'O5_full_TFC', 'O7_suppress_event']",8,250,true_policy_vs_oracle,0.01953642981207305,1.0678962794330082,-1.058073036929198,1.0,454,0.5278884462151394
b6e_robust_052,60312,5,coarse,z_reward,core_5,"['O1_lag0_AB', 'O2_lag5_AB', 'O3_A_C_boundary', 'O4_B_C_boundary', 'O5_full_TFC']",8,250,true_policy_vs_balanced_pool_shuffle,0.02499235813501463,-0.010651201634037209,0.033069262513998776,0.01879248300679728,440,0.5278884462151394
b6e_robust_052,60312,5,coarse,z_reward,core_5,"['O1_lag0_AB', 'O2_lag5_AB', 'O3_A_C_boundary', 'O4_B_C_boundary', 'O5_full_TFC']",8,250,true_policy_vs_frequency_matched_random,0.02499235813501463,-0.03998125836878312,0.07577307899109527,0.012794882047181128,440,0.5278884462151394
b6e_robust_052,60312,5,coarse,z_reward,core_5,"['O1_lag0_AB', 'O2_lag5_AB', 'O3_A_C_boundary', 'O4_B_C_boundary', 'O5_full_TFC']",8,250,true_policy_vs_performance_matched_random,0.02499235813501463,-0.021366123343983783,0.04407640936148934,0.007996801279488205,440,0.5278884462151394
b6e_robust_052,60312,5,coarse,z_reward,core_5,"['O1_lag0_AB', 'O2_lag5_AB', 'O3_A_C_boundary', 'O4_B_C_boundary', 'O5_full_TFC']",8,250,true_policy_vs_within_state_shuffle,0.02499235813501463,-0.0609092406991981,0.09424292796913508,0.0023990403838464614,440,0.5278884462151394
b6e_robust_052,60312,5,coarse,z_reward,core_5,"['O1_lag0_AB', 'O2_lag5_AB', 'O3_A_C_boundary', 'O4_B_C_boundary', 'O5_full_TFC']",8,250,true_policy_vs_oracle,0.02499235813501463,1.0578887394678889,-1.0381469860634502,1.0,440,0.5278884462151394
b6e_robust_053,60312,5,coarse,rank_reward,full,"['O1_lag0_AB', 'O2_lag5_AB', 'O3_A_C_boundary', 'O4_B_C_boundary', 'O5_full_TFC', 'O6_phase_only', 'O7_suppress_event']",8,250,true_policy_vs_balanced_pool_shuffle,0.010269199987795226,-0.04750370099628805,0.05132687127747988,0.012395041983206718,446,0.5278884462151394
b6e_robust_053,60312,5,coarse,rank_reward,full,"['O1_lag0_AB', 'O2_lag5_AB', 'O3_A_C_boundary', 'O4_B_C_boundary', 'O5_full_TFC', 'O6_phase_only', 'O7_suppress_event']",8,250,true_policy_vs_frequency_matched_random,0.010269199987795226,-0.06508928581538852,0.06247362892869171,0.03878448620551779,446,0.5278884462151394
b6e_robust_053,60312,5,coarse,rank_reward,full,"['O1_lag0_AB', 'O2_lag5_AB', 'O3_A_C_boundary', 'O4_B_C_boundary', 'O5_full_TFC', 'O6_phase_only', 'O7_suppress_event']",8,250,true_policy_vs_performance_matched_random,0.010269199987795226,-0.056641179860997815,0.06146549635763119,0.025189924030387844,446,0.5278884462151394
b6e_robust_053,60312,5,coarse,rank_reward,full,"['O1_lag0_AB', 'O2_lag5_AB', 'O3_A_C_boundary', 'O4_B_C_boundary', 'O5_full_TFC', 'O6_phase_only', 'O7_suppress_event']",8,250,true_policy_vs_within_state_shuffle,0.010269199987795226,-0.057609724411883695,0.06838261295777537,0.011195521791283487,446,0.5278884462151394
b6e_robust_053,60312,5,coarse,rank_reward,full,"['O1_lag0_AB', 'O2_lag5_AB', 'O3_A_C_boundary', 'O4_B_C_boundary', 'O5_full_TFC', 'O6_phase_only', 'O7_suppress_event']",8,250,true_policy_vs_oracle,0.010269199987795226,1.1117820538752037,-1.1442421342364104,1.0,446,0.5278884462151394
b6e_robust_054,60312,5,coarse,rank_reward,no_suppress,"['O1_lag0_AB', 'O2_lag5_AB', 'O3_A_C_boundary', 'O4_B_C_boundary', 'O5_full_TFC', 'O6_phase_only']",8,250,true_policy_vs_balanced_pool_shuffle,0.021747135447331065,-0.06670838632750417,0.07618598371544169,0.0011995201919232307,446,0.5278884462151394
b6e_robust_054,60312,5,coarse,rank_reward,no_suppress,"['O1_lag0_AB', 'O2_lag5_AB', 'O3_A_C_boundary', 'O4_B_C_boundary', 'O5_full_TFC', 'O6_phase_only']",8,250,true_policy_vs_frequency_matched_random,0.021747135447331065,-0.06458922395914246,0.07335772324419919,0.01879248300679728,446,0.5278884462151394
b6e_robust_054,60312,5,coarse,rank_reward,no_suppress,"['O1_lag0_AB', 'O2_lag5_AB', 'O3_A_C_boundary', 'O4_B_C_boundary', 'O5_full_TFC', 'O6_phase_only']",8,250,true_policy_vs_performance_matched_random,0.021747135447331065,-0.05434383495281761,0.06301745926930691,0.023190723710515795,446,0.5278884462151394
b6e_robust_054,60312,5,coarse,rank_reward,no_suppress,"['O1_lag0_AB', 'O2_lag5_AB', 'O3_A_C_boundary', 'O4_B_C_boundary', 'O5_full_TFC', 'O6_phase_only']",8,250,true_policy_vs_within_state_shuffle,0.021747135447331065,-0.05286740078793204,0.07445075852251345,0.007197121151539384,446,0.5278884462151394
b6e_robust_054,60312,5,coarse,rank_reward,no_suppress,"['O1_lag0_AB', 'O2_lag5_AB', 'O3_A_C_boundary', 'O4_B_C_boundary', 'O5_full_TFC', 'O6_phase_only']",8,250,true_policy_vs_oracle,0.021747135447331065,1.112498704331316,-1.123389800610113,1.0,446,0.5278884462151394
b6e_robust_055,60312,5,coarse,rank_reward,no_phase_only,"['O1_lag0_AB', 'O2_lag5_AB', 'O3_A_C_boundary', 'O4_B_C_boundary', 'O5_full_TFC', 'O7_suppress_event']",8,250,true_policy_vs_balanced_pool_shuffle,0.014727886329314372,-0.05097988413721382,0.07129797549685986,0.001599360255897641,444,0.5278884462151394
b6e_robust_055,60312,5,coarse,rank_reward,no_phase_only,"['O1_lag0_AB', 'O2_lag5_AB', 'O3_A_C_boundary', 'O4_B_C_boundary', 'O5_full_TFC', 'O7_suppress_event']",8,250,true_policy_vs_frequency_matched_random,0.014727886329314372,-0.051709661714892136,0.06939975019698444,0.01919232307077169,444,0.5278884462151394
b6e_robust_055,60312,5,coarse,rank_reward,no_phase_only,"['O1_lag0_AB', 'O2_lag5_AB', 'O3_A_C_boundary', 'O4_B_C_boundary', 'O5_full_TFC', 'O7_suppress_event']",8,250,true_policy_vs_performance_matched_random,0.014727886329314372,-0.05945294524349831,0.08057286111657559,0.003598560575769692,444,0.5278884462151394
b6e_robust_055,60312,5,coarse,rank_reward,no_phase_only,"['O1_lag0_AB', 'O2_lag5_AB', 'O3_A_C_boundary', 'O4_B_C_boundary', 'O5_full_TFC', 'O7_suppress_event']",8,250,true_policy_vs_within_state_shuffle,0.014727886329314372,-0.05850700143939415,0.08007664852565707,0.004398240703718513,444,0.5278884462151394
b6e_robust_055,60312,5,coarse,rank_reward,no_phase_only,"['O1_lag0_AB', 'O2_lag5_AB', 'O3_A_C_boundary', 'O4_B_C_boundary', 'O5_full_TFC', 'O7_suppress_event']",8,250,true_policy_vs_oracle,0.014727886329314372,1.0019491603225386,-1.0233631010429745,1.0,444,0.5278884462151394
b6e_robust_056,60312,5,coarse,rank_reward,core_5,"['O1_lag0_AB', 'O2_lag5_AB', 'O3_A_C_boundary', 'O4_B_C_boundary', 'O5_full_TFC']",8,250,true_policy_vs_balanced_pool_shuffle,0.029234866647069674,0.0029443802888715017,0.02904271816778086,0.06437425029988005,443,0.5278884462151394
b6e_robust_056,60312,5,coarse,rank_reward,core_5,"['O1_lag0_AB', 'O2_lag5_AB', 'O3_A_C_boundary', 'O4_B_C_boundary', 'O5_full_TFC']",8,250,true_policy_vs_frequency_matched_random,0.029234866647069674,-0.05142662225022031,0.0823874035239507,0.0075969612155137945,443,0.5278884462151394
b6e_robust_056,60312,5,coarse,rank_reward,core_5,"['O1_lag0_AB', 'O2_lag5_AB', 'O3_A_C_boundary', 'O4_B_C_boundary', 'O5_full_TFC']",8,250,true_policy_vs_performance_matched_random,0.029234866647069674,-9.07483034251389e-05,0.03214635982085169,0.053978408636545384,443,0.5278884462151394
b6e_robust_056,60312,5,coarse,rank_reward,core_5,"['O1_lag0_AB', 'O2_lag5_AB', 'O3_A_C_boundary', 'O4_B_C_boundary', 'O5_full_TFC']",8,250,true_policy_vs_within_state_shuffle,0.029234866647069674,-0.054217146812775986,0.09021433176364778,0.001599360255897641,443,0.5278884462151394
b6e_robust_056,60312,5,coarse,rank_reward,core_5,"['O1_lag0_AB', 'O2_lag5_AB', 'O3_A_C_boundary', 'O4_B_C_boundary', 'O5_full_TFC']",8,250,true_policy_vs_oracle,0.029234866647069674,0.9944777980181898,-0.9817582264394566,1.0,443,0.5278884462151394
b6e_robust_057,60312,5,side_tfc,z_reward,full,"['O1_lag0_AB', 'O2_lag5_AB', 'O3_A_C_boundary', 'O4_B_C_boundary', 'O5_full_TFC', 'O6_phase_only', 'O7_suppress_event']",8,250,true_policy_vs_balanced_pool_shuffle,0.16150466236698438,0.0787052590603936,0.07989634553365313,0.001999200319872051,452,0.9860557768924303
b6e_robust_057,60312,5,side_tfc,z_reward,full,"['O1_lag0_AB', 'O2_lag5_AB', 'O3_A_C_boundary', 'O4_B_C_boundary', 'O5_full_TFC', 'O6_phase_only', 'O7_suppress_event']",8,250,true_policy_vs_frequency_matched_random,0.16150466236698438,-0.03203000220884937,0.1728438652286735,0.00039984006397441024,452,0.9860557768924303
b6e_robust_057,60312,5,side_tfc,z_reward,full,"['O1_lag0_AB', 'O2_lag5_AB', 'O3_A_C_boundary', 'O4_B_C_boundary', 'O5_full_TFC', 'O6_phase_only', 'O7_suppress_event']",8,250,true_policy_vs_performance_matched_random,0.16150466236698438,0.023315935458582786,0.1436124756522216,0.00039984006397441024,452,0.9860557768924303
b6e_robust_057,60312,5,side_tfc,z_reward,full,"['O1_lag0_AB', 'O2_lag5_AB', 'O3_A_C_boundary', 'O4_B_C_boundary', 'O5_full_TFC', 'O6_phase_only', 'O7_suppress_event']",8,250,true_policy_vs_within_state_shuffle,0.16150466236698438,0.006597247786184624,0.158371674467078,0.0007996801279488205,452,0.9860557768924303
b6e_robust_057,60312,5,side_tfc,z_reward,full,"['O1_lag0_AB', 'O2_lag5_AB', 'O3_A_C_boundary', 'O4_B_C_boundary', 'O5_full_TFC', 'O6_phase_only', 'O7_suppress_event']",8,250,true_policy_vs_oracle,0.16150466236698438,1.2239410650761156,-1.0915218415735581,1.0,452,0.9860557768924303
b6e_robust_058,60312,5,side_tfc,z_reward,no_suppress,"['O1_lag0_AB', 'O2_lag5_AB', 'O3_A_C_boundary', 'O4_B_C_boundary', 'O5_full_TFC', 'O6_phase_only']",8,250,true_policy_vs_balanced_pool_shuffle,0.15188296369352763,0.03702084690270403,0.09804382179580874,0.00039984006397441024,447,0.9860557768924303
b6e_robust_058,60312,5,side_tfc,z_reward,no_suppress,"['O1_lag0_AB', 'O2_lag5_AB', 'O3_A_C_boundary', 'O4_B_C_boundary', 'O5_full_TFC', 'O6_phase_only']",8,250,true_policy_vs_frequency_matched_random,0.15188296369352763,-0.04039655227788528,0.16242080042820092,0.00039984006397441024,447,0.9860557768924303
b6e_robust_058,60312,5,side_tfc,z_reward,no_suppress,"['O1_lag0_AB', 'O2_lag5_AB', 'O3_A_C_boundary', 'O4_B_C_boundary', 'O5_full_TFC', 'O6_phase_only']",8,250,true_policy_vs_performance_matched_random,0.15188296369352763,0.006881680237459867,0.13288480144187587,0.00039984006397441024,447,0.9860557768924303
b6e_robust_058,60312,5,side_tfc,z_reward,no_suppress,"['O1_lag0_AB', 'O2_lag5_AB', 'O3_A_C_boundary', 'O4_B_C_boundary', 'O5_full_TFC', 'O6_phase_only']",8,250,true_policy_vs_within_state_shuffle,0.15188296369352763,0.01088270368055981,0.14010143898465596,0.001599360255897641,447,0.9860557768924303
b6e_robust_058,60312,5,side_tfc,z_reward,no_suppress,"['O1_lag0_AB', 'O2_lag5_AB', 'O3_A_C_boundary', 'O4_B_C_boundary', 'O5_full_TFC', 'O6_phase_only']",8,250,true_policy_vs_oracle,0.15188296369352763,1.2219141327632141,-1.0951444343055659,1.0,447,0.9860557768924303
b6e_robust_059,60312,5,side_tfc,z_reward,no_phase_only,"['O1_lag0_AB', 'O2_lag5_AB', 'O3_A_C_boundary', 'O4_B_C_boundary', 'O5_full_TFC', 'O7_suppress_event']",8,250,true_policy_vs_balanced_pool_shuffle,0.12100159227354837,0.04422471821017764,0.07860611402333757,0.0007996801279488205,454,0.9860557768924303
b6e_robust_059,60312,5,side_tfc,z_reward,no_phase_only,"['O1_lag0_AB', 'O2_lag5_AB', 'O3_A_C_boundary', 'O4_B_C_boundary', 'O5_full_TFC', 'O7_suppress_event']",8,250,true_policy_vs_frequency_matched_random,0.12100159227354837,-0.015894417306749106,0.13603202836562683,0.00039984006397441024,454,0.9860557768924303
b6e_robust_059,60312,5,side_tfc,z_reward,no_phase_only,"['O1_lag0_AB', 'O2_lag5_AB', 'O3_A_C_boundary', 'O4_B_C_boundary', 'O5_full_TFC', 'O7_suppress_event']",8,250,true_policy_vs_performance_matched_random,0.12100159227354837,0.028776702907442095,0.09833838022101722,0.0007996801279488205,454,0.9860557768924303
b6e_robust_059,60312,5,side_tfc,z_reward,no_phase_only,"['O1_lag0_AB', 'O2_lag5_AB', 'O3_A_C_boundary', 'O4_B_C_boundary', 'O5_full_TFC', 'O7_suppress_event']",8,250,true_policy_vs_within_state_shuffle,0.12100159227354837,0.019175252247701217,0.11562428605412564,0.0011995201919232307,454,0.9860557768924303
b6e_robust_059,60312,5,side_tfc,z_reward,no_phase_only,"['O1_lag0_AB', 'O2_lag5_AB', 'O3_A_C_boundary', 'O4_B_C_boundary', 'O5_full_TFC', 'O7_suppress_event']",8,250,true_policy_vs_oracle,0.12100159227354837,1.0678962794330082,-0.9617739787005544,1.0,454,0.9860557768924303
b6e_robust_060,60312,5,side_tfc,z_reward,core_5,"['O1_lag0_AB', 'O2_lag5_AB', 'O3_A_C_boundary', 'O4_B_C_boundary', 'O5_full_TFC']",8,250,true_policy_vs_balanced_pool_shuffle,0.10299380778033977,0.05311443892327586,0.047227297596528404,0.004398240703718513,447,0.9860557768924303
b6e_robust_060,60312,5,side_tfc,z_reward,core_5,"['O1_lag0_AB', 'O2_lag5_AB', 'O3_A_C_boundary', 'O4_B_C_boundary', 'O5_full_TFC']",8,250,true_policy_vs_frequency_matched_random,0.10299380778033977,-0.0207151383909501,0.11045084960391305,0.001599360255897641,447,0.9860557768924303
b6e_robust_060,60312,5,side_tfc,z_reward,core_5,"['O1_lag0_AB', 'O2_lag5_AB', 'O3_A_C_boundary', 'O4_B_C_boundary', 'O5_full_TFC']",8,250,true_policy_vs_performance_matched_random,0.10299380778033977,0.023107889040358202,0.07980337505727628,0.00039984006397441024,447,0.9860557768924303
b6e_robust_060,60312,5,side_tfc,z_reward,core_5,"['O1_lag0_AB', 'O2_lag5_AB', 'O3_A_C_boundary', 'O4_B_C_boundary', 'O5_full_TFC']",8,250,true_policy_vs_within_state_shuffle,0.10299380778033977,0.01866361577503927,0.10122162342979138,0.008396641343462616,447,0.9860557768924303
b6e_robust_060,60312,5,side_tfc,z_reward,core_5,"['O1_lag0_AB', 'O2_lag5_AB', 'O3_A_C_boundary', 'O4_B_C_boundary', 'O5_full_TFC']",8,250,true_policy_vs_oracle,0.10299380778033977,1.0578887394678889,-0.9609310588592601,1.0,447,0.9860557768924303
b6e_robust_061,60312,5,side_tfc,rank_reward,full,"['O1_lag0_AB', 'O2_lag5_AB', 'O3_A_C_boundary', 'O4_B_C_boundary', 'O5_full_TFC', 'O6_phase_only', 'O7_suppress_event']",8,250,true_policy_vs_balanced_pool_shuffle,0.2151037952307551,0.09305183376180702,0.09653386033695037,0.0007996801279488205,456,0.9860557768924303
b6e_robust_061,60312,5,side_tfc,rank_reward,full,"['O1_lag0_AB', 'O2_lag5_AB', 'O3_A_C_boundary', 'O4_B_C_boundary', 'O5_full_TFC', 'O6_phase_only', 'O7_suppress_event']",8,250,true_policy_vs_frequency_matched_random,0.2151037952307551,-0.030185110149942698,0.21883526173255538,0.00039984006397441024,456,0.9860557768924303
b6e_robust_061,60312,5,side_tfc,rank_reward,full,"['O1_lag0_AB', 'O2_lag5_AB', 'O3_A_C_boundary', 'O4_B_C_boundary', 'O5_full_TFC', 'O6_phase_only', 'O7_suppress_event']",8,250,true_policy_vs_performance_matched_random,0.2151037952307551,0.03164112117204069,0.16416315942069415,0.00039984006397441024,456,0.9860557768924303
b6e_robust_061,60312,5,side_tfc,rank_reward,full,"['O1_lag0_AB', 'O2_lag5_AB', 'O3_A_C_boundary', 'O4_B_C_boundary', 'O5_full_TFC', 'O6_phase_only', 'O7_suppress_event']",8,250,true_policy_vs_within_state_shuffle,0.2151037952307551,0.0059101310110166155,0.20678855247855124,0.00039984006397441024,456,0.9860557768924303
b6e_robust_061,60312,5,side_tfc,rank_reward,full,"['O1_lag0_AB', 'O2_lag5_AB', 'O3_A_C_boundary', 'O4_B_C_boundary', 'O5_full_TFC', 'O6_phase_only', 'O7_suppress_event']",8,250,true_policy_vs_oracle,0.2151037952307551,1.1117820538752037,-0.930694602163311,1.0,456,0.9860557768924303
b6e_robust_062,60312,5,side_tfc,rank_reward,no_suppress,"['O1_lag0_AB', 'O2_lag5_AB', 'O3_A_C_boundary', 'O4_B_C_boundary', 'O5_full_TFC', 'O6_phase_only']",8,250,true_policy_vs_balanced_pool_shuffle,0.21728305906706874,0.048478022849429654,0.14097962874438602,0.00039984006397441024,456,0.9860557768924303
b6e_robust_062,60312,5,side_tfc,rank_reward,no_suppress,"['O1_lag0_AB', 'O2_lag5_AB', 'O3_A_C_boundary', 'O4_B_C_boundary', 'O5_full_TFC', 'O6_phase_only']",8,250,true_policy_vs_frequency_matched_random,0.21728305906706874,-0.031235800672254066,0.22058883554577963,0.00039984006397441024,456,0.9860557768924303
b6e_robust_062,60312,5,side_tfc,rank_reward,no_suppress,"['O1_lag0_AB', 'O2_lag5_AB', 'O3_A_C_boundary', 'O4_B_C_boundary', 'O5_full_TFC', 'O6_phase_only']",8,250,true_policy_vs_performance_matched_random,0.21728305906706874,0.03808180010586513,0.15253578213203633,0.00039984006397441024,456,0.9860557768924303
b6e_robust_062,60312,5,side_tfc,rank_reward,no_suppress,"['O1_lag0_AB', 'O2_lag5_AB', 'O3_A_C_boundary', 'O4_B_C_boundary', 'O5_full_TFC', 'O6_phase_only']",8,250,true_policy_vs_within_state_shuffle,0.21728305906706874,0.006693393339352645,0.20472345289447402,0.00039984006397441024,456,0.9860557768924303
b6e_robust_062,60312,5,side_tfc,rank_reward,no_suppress,"['O1_lag0_AB', 'O2_lag5_AB', 'O3_A_C_boundary', 'O4_B_C_boundary', 'O5_full_TFC', 'O6_phase_only']",8,250,true_policy_vs_oracle,0.21728305906706874,1.112498704331316,-0.918245070906869,1.0,456,0.9860557768924303
b6e_robust_063,60312,5,side_tfc,rank_reward,no_phase_only,"['O1_lag0_AB', 'O2_lag5_AB', 'O3_A_C_boundary', 'O4_B_C_boundary', 'O5_full_TFC', 'O7_suppress_event']",8,250,true_policy_vs_balanced_pool_shuffle,0.17735606680043037,0.04089079685123196,0.125400262957743,0.00039984006397441024,456,0.9860557768924303
b6e_robust_063,60312,5,side_tfc,rank_reward,no_phase_only,"['O1_lag0_AB', 'O2_lag5_AB', 'O3_A_C_boundary', 'O4_B_C_boundary', 'O5_full_TFC', 'O7_suppress_event']",8,250,true_policy_vs_frequency_matched_random,0.17735606680043037,-0.015380038137693761,0.18740086755348342,0.00039984006397441024,456,0.9860557768924303
b6e_robust_063,60312,5,side_tfc,rank_reward,no_phase_only,"['O1_lag0_AB', 'O2_lag5_AB', 'O3_A_C_boundary', 'O4_B_C_boundary', 'O5_full_TFC', 'O7_suppress_event']",8,250,true_policy_vs_performance_matched_random,0.17735606680043037,0.025712637985301726,0.14374921337977545,0.00039984006397441024,456,0.9860557768924303
b6e_robust_063,60312,5,side_tfc,rank_reward,no_phase_only,"['O1_lag0_AB', 'O2_lag5_AB', 'O3_A_C_boundary', 'O4_B_C_boundary', 'O5_full_TFC', 'O7_suppress_event']",8,250,true_policy_vs_within_state_shuffle,0.17735606680043037,0.010803943935822399,0.17294660573423776,0.00039984006397441024,456,0.9860557768924303
b6e_robust_063,60312,5,side_tfc,rank_reward,no_phase_only,"['O1_lag0_AB', 'O2_lag5_AB', 'O3_A_C_boundary', 'O4_B_C_boundary', 'O5_full_TFC', 'O7_suppress_event']",8,250,true_policy_vs_oracle,0.17735606680043037,1.0019491603225386,-0.8560915060367146,1.0,456,0.9860557768924303
b6e_robust_064,60312,5,side_tfc,rank_reward,core_5,"['O1_lag0_AB', 'O2_lag5_AB', 'O3_A_C_boundary', 'O4_B_C_boundary', 'O5_full_TFC']",8,250,true_policy_vs_balanced_pool_shuffle,0.1557134043652201,0.06312797879098762,0.0865032662407636,0.00039984006397441024,451,0.9860557768924303
b6e_robust_064,60312,5,side_tfc,rank_reward,core_5,"['O1_lag0_AB', 'O2_lag5_AB', 'O3_A_C_boundary', 'O4_B_C_boundary', 'O5_full_TFC']",8,250,true_policy_vs_frequency_matched_random,0.1557134043652201,-0.023859625617818746,0.15828486348019663,0.00039984006397441024,451,0.9860557768924303
b6e_robust_064,60312,5,side_tfc,rank_reward,core_5,"['O1_lag0_AB', 'O2_lag5_AB', 'O3_A_C_boundary', 'O4_B_C_boundary', 'O5_full_TFC']",8,250,true_policy_vs_performance_matched_random,0.1557134043652201,0.04615889106775383,0.10460724728797048,0.00039984006397441024,451,0.9860557768924303
b6e_robust_064,60312,5,side_tfc,rank_reward,core_5,"['O1_lag0_AB', 'O2_lag5_AB', 'O3_A_C_boundary', 'O4_B_C_boundary', 'O5_full_TFC']",8,250,true_policy_vs_within_state_shuffle,0.1557134043652201,0.013066374170262268,0.14516059353555683,0.0007996801279488205,451,0.9860557768924303
b6e_robust_064,60312,5,side_tfc,rank_reward,core_5,"['O1_lag0_AB', 'O2_lag5_AB', 'O3_A_C_boundary', 'O4_B_C_boundary', 'O5_full_TFC']",8,250,true_policy_vs_oracle,0.1557134043652201,0.9944777980181898,-0.8593540607307312,1.0,451,0.9860557768924303
b6e_robust_065,60312,5,side_tfc_dphi,z_reward,full,"['O1_lag0_AB', 'O2_lag5_AB', 'O3_A_C_boundary', 'O4_B_C_boundary', 'O5_full_TFC', 'O6_phase_only', 'O7_suppress_event']",8,250,true_policy_vs_balanced_pool_shuffle,0.18195450450955922,0.051732789630274646,0.12013947003447424,0.00039984006397441024,460,0.9860557768924303
b6e_robust_065,60312,5,side_tfc_dphi,z_reward,full,"['O1_lag0_AB', 'O2_lag5_AB', 'O3_A_C_boundary', 'O4_B_C_boundary', 'O5_full_TFC', 'O6_phase_only', 'O7_suppress_event']",8,250,true_policy_vs_frequency_matched_random,0.18195450450955922,-0.006556393072105301,0.18612729498410457,0.00039984006397441024,460,0.9860557768924303
b6e_robust_065,60312,5,side_tfc_dphi,z_reward,full,"['O1_lag0_AB', 'O2_lag5_AB', 'O3_A_C_boundary', 'O4_B_C_boundary', 'O5_full_TFC', 'O6_phase_only', 'O7_suppress_event']",8,250,true_policy_vs_performance_matched_random,0.18195450450955922,0.023422314779370543,0.15094075315678038,0.00039984006397441024,460,0.9860557768924303
b6e_robust_065,60312,5,side_tfc_dphi,z_reward,full,"['O1_lag0_AB', 'O2_lag5_AB', 'O3_A_C_boundary', 'O4_B_C_boundary', 'O5_full_TFC', 'O6_phase_only', 'O7_suppress_event']",8,250,true_policy_vs_within_state_shuffle,0.18195450450955922,0.001742311911360985,0.18608177945984467,0.00039984006397441024,460,0.9860557768924303
b6e_robust_065,60312,5,side_tfc_dphi,z_reward,full,"['O1_lag0_AB', 'O2_lag5_AB', 'O3_A_C_boundary', 'O4_B_C_boundary', 'O5_full_TFC', 'O6_phase_only', 'O7_suppress_event']",8,250,true_policy_vs_oracle,0.18195450450955922,1.2239410650761156,-1.0609033822233012,1.0,460,0.9860557768924303
b6e_robust_066,60312,5,side_tfc_dphi,z_reward,no_suppress,"['O1_lag0_AB', 'O2_lag5_AB', 'O3_A_C_boundary', 'O4_B_C_boundary', 'O5_full_TFC', 'O6_phase_only']",8,250,true_policy_vs_balanced_pool_shuffle,0.16630831571416596,0.056750705740133627,0.09248355043203148,0.0007996801279488205,458,0.9860557768924303
b6e_robust_066,60312,5,side_tfc_dphi,z_reward,no_suppress,"['O1_lag0_AB', 'O2_lag5_AB', 'O3_A_C_boundary', 'O4_B_C_boundary', 'O5_full_TFC', 'O6_phase_only']",8,250,true_policy_vs_frequency_matched_random,0.16630831571416596,-0.005346245110319074,0.16524688205553717,0.00039984006397441024,458,0.9860557768924303
b6e_robust_066,60312,5,side_tfc_dphi,z_reward,no_suppress,"['O1_lag0_AB', 'O2_lag5_AB', 'O3_A_C_boundary', 'O4_B_C_boundary', 'O5_full_TFC', 'O6_phase_only']",8,250,true_policy_vs_performance_matched_random,0.16630831571416596,0.024521050409226672,0.12566778200329204,0.0007996801279488205,458,0.9860557768924303
b6e_robust_066,60312,5,side_tfc_dphi,z_reward,no_suppress,"['O1_lag0_AB', 'O2_lag5_AB', 'O3_A_C_boundary', 'O4_B_C_boundary', 'O5_full_TFC', 'O6_phase_only']",8,250,true_policy_vs_within_state_shuffle,0.16630831571416596,0.010945741652227494,0.1613998324342466,0.00039984006397441024,458,0.9860557768924303
b6e_robust_066,60312,5,side_tfc_dphi,z_reward,no_suppress,"['O1_lag0_AB', 'O2_lag5_AB', 'O3_A_C_boundary', 'O4_B_C_boundary', 'O5_full_TFC', 'O6_phase_only']",8,250,true_policy_vs_oracle,0.16630831571416596,1.2219141327632141,-1.067487243766969,1.0,458,0.9860557768924303
b6e_robust_067,60312,5,side_tfc_dphi,z_reward,no_phase_only,"['O1_lag0_AB', 'O2_lag5_AB', 'O3_A_C_boundary', 'O4_B_C_boundary', 'O5_full_TFC', 'O7_suppress_event']",8,250,true_policy_vs_balanced_pool_shuffle,0.141477133810321,0.06341183688316746,0.08435448251116487,0.00039984006397441024,459,0.9860557768924303
b6e_robust_067,60312,5,side_tfc_dphi,z_reward,no_phase_only,"['O1_lag0_AB', 'O2_lag5_AB', 'O3_A_C_boundary', 'O4_B_C_boundary', 'O5_full_TFC', 'O7_suppress_event']",8,250,true_policy_vs_frequency_matched_random,0.141477133810321,0.002844922256743919,0.1431669546866787,0.00039984006397441024,459,0.9860557768924303
b6e_robust_067,60312,5,side_tfc_dphi,z_reward,no_phase_only,"['O1_lag0_AB', 'O2_lag5_AB', 'O3_A_C_boundary', 'O4_B_C_boundary', 'O5_full_TFC', 'O7_suppress_event']",8,250,true_policy_vs_performance_matched_random,0.141477133810321,0.039626381713267905,0.1092281845991859,0.00039984006397441024,459,0.9860557768924303
b6e_robust_067,60312,5,side_tfc_dphi,z_reward,no_phase_only,"['O1_lag0_AB', 'O2_lag5_AB', 'O3_A_C_boundary', 'O4_B_C_boundary', 'O5_full_TFC', 'O7_suppress_event']",8,250,true_policy_vs_within_state_shuffle,0.141477133810321,0.009647581767175072,0.14777556338330816,0.00039984006397441024,459,0.9860557768924303
b6e_robust_067,60312,5,side_tfc_dphi,z_reward,no_phase_only,"['O1_lag0_AB', 'O2_lag5_AB', 'O3_A_C_boundary', 'O4_B_C_boundary', 'O5_full_TFC', 'O7_suppress_event']",8,250,true_policy_vs_oracle,0.141477133810321,1.0678962794330082,-0.9309510572080483,1.0,459,0.9860557768924303
b6e_robust_068,60312,5,side_tfc_dphi,z_reward,core_5,"['O1_lag0_AB', 'O2_lag5_AB', 'O3_A_C_boundary', 'O4_B_C_boundary', 'O5_full_TFC']",8,250,true_policy_vs_balanced_pool_shuffle,0.11464000817708869,0.07648430328131153,0.04226722047915029,0.03078768492602959,445,0.9860557768924303
b6e_robust_068,60312,5,side_tfc_dphi,z_reward,core_5,"['O1_lag0_AB', 'O2_lag5_AB', 'O3_A_C_boundary', 'O4_B_C_boundary', 'O5_full_TFC']",8,250,true_policy_vs_frequency_matched_random,0.11464000817708869,0.01564635193173466,0.08863785733487953,0.008796481407437025,445,0.9860557768924303
b6e_robust_068,60312,5,side_tfc_dphi,z_reward,core_5,"['O1_lag0_AB', 'O2_lag5_AB', 'O3_A_C_boundary', 'O4_B_C_boundary', 'O5_full_TFC']",8,250,true_policy_vs_performance_matched_random,0.11464000817708869,0.059629488553377165,0.05914189278037392,0.005597760895641743,445,0.9860557768924303
b6e_robust_068,60312,5,side_tfc_dphi,z_reward,core_5,"['O1_lag0_AB', 'O2_lag5_AB', 'O3_A_C_boundary', 'O4_B_C_boundary', 'O5_full_TFC']",8,250,true_policy_vs_within_state_shuffle,0.11464000817708869,0.02001109998414801,0.1111794776371793,0.0007996801279488205,445,0.9860557768924303
b6e_robust_068,60312,5,side_tfc_dphi,z_reward,core_5,"['O1_lag0_AB', 'O2_lag5_AB', 'O3_A_C_boundary', 'O4_B_C_boundary', 'O5_full_TFC']",8,250,true_policy_vs_oracle,0.11464000817708869,1.0578887394678889,-0.9445036064830592,1.0,445,0.9860557768924303
b6e_robust_069,60312,5,side_tfc_dphi,rank_reward,full,"['O1_lag0_AB', 'O2_lag5_AB', 'O3_A_C_boundary', 'O4_B_C_boundary', 'O5_full_TFC', 'O6_phase_only', 'O7_suppress_event']",8,250,true_policy_vs_balanced_pool_shuffle,0.18587536672376404,0.07639923446702811,0.09203483865036753,0.0007996801279488205,459,0.9860557768924303
b6e_robust_069,60312,5,side_tfc_dphi,rank_reward,full,"['O1_lag0_AB', 'O2_lag5_AB', 'O3_A_C_boundary', 'O4_B_C_boundary', 'O5_full_TFC', 'O6_phase_only', 'O7_suppress_event']",8,250,true_policy_vs_frequency_matched_random,0.18587536672376404,-0.008926693889264974,0.1883112420508152,0.00039984006397441024,459,0.9860557768924303
b6e_robust_069,60312,5,side_tfc_dphi,rank_reward,full,"['O1_lag0_AB', 'O2_lag5_AB', 'O3_A_C_boundary', 'O4_B_C_boundary', 'O5_full_TFC', 'O6_phase_only', 'O7_suppress_event']",8,250,true_policy_vs_performance_matched_random,0.18587536672376404,0.026917908587131733,0.14465392436206492,0.00039984006397441024,459,0.9860557768924303
b6e_robust_069,60312,5,side_tfc_dphi,rank_reward,full,"['O1_lag0_AB', 'O2_lag5_AB', 'O3_A_C_boundary', 'O4_B_C_boundary', 'O5_full_TFC', 'O6_phase_only', 'O7_suppress_event']",8,250,true_policy_vs_within_state_shuffle,0.18587536672376404,-0.0005395020949273017,0.1878033822891823,0.00039984006397441024,459,0.9860557768924303
b6e_robust_069,60312,5,side_tfc_dphi,rank_reward,full,"['O1_lag0_AB', 'O2_lag5_AB', 'O3_A_C_boundary', 'O4_B_C_boundary', 'O5_full_TFC', 'O6_phase_only', 'O7_suppress_event']",8,250,true_policy_vs_oracle,0.18587536672376404,1.1117820538752037,-0.9519621016176513,1.0,459,0.9860557768924303
b6e_robust_070,60312,5,side_tfc_dphi,rank_reward,no_suppress,"['O1_lag0_AB', 'O2_lag5_AB', 'O3_A_C_boundary', 'O4_B_C_boundary', 'O5_full_TFC', 'O6_phase_only']",8,250,true_policy_vs_balanced_pool_shuffle,0.1654411758484549,0.023602373132555733,0.12180116305225776,0.00039984006397441024,458,0.9860557768924303
b6e_robust_070,60312,5,side_tfc_dphi,rank_reward,no_suppress,"['O1_lag0_AB', 'O2_lag5_AB', 'O3_A_C_boundary', 'O4_B_C_boundary', 'O5_full_TFC', 'O6_phase_only']",8,250,true_policy_vs_frequency_matched_random,0.1654411758484549,-0.012911039164620029,0.1696296894201925,0.00039984006397441024,458,0.9860557768924303
b6e_robust_070,60312,5,side_tfc_dphi,rank_reward,no_suppress,"['O1_lag0_AB', 'O2_lag5_AB', 'O3_A_C_boundary', 'O4_B_C_boundary', 'O5_full_TFC', 'O6_phase_only']",8,250,true_policy_vs_performance_matched_random,0.1654411758484549,0.005777186783365635,0.14036582219759328,0.00039984006397441024,458,0.9860557768924303
b6e_robust_070,60312,5,side_tfc_dphi,rank_reward,no_suppress,"['O1_lag0_AB', 'O2_lag5_AB', 'O3_A_C_boundary', 'O4_B_C_boundary', 'O5_full_TFC', 'O6_phase_only']",8,250,true_policy_vs_within_state_shuffle,0.1654411758484549,0.008335477944928128,0.1602515816930208,0.00039984006397441024,458,0.9860557768924303
b6e_robust_070,60312,5,side_tfc_dphi,rank_reward,no_suppress,"['O1_lag0_AB', 'O2_lag5_AB', 'O3_A_C_boundary', 'O4_B_C_boundary', 'O5_full_TFC', 'O6_phase_only']",8,250,true_policy_vs_oracle,0.1654411758484549,1.112498704331316,-0.962349582619062,1.0,458,0.9860557768924303
b6e_robust_071,60312,5,side_tfc_dphi,rank_reward,no_phase_only,"['O1_lag0_AB', 'O2_lag5_AB', 'O3_A_C_boundary', 'O4_B_C_boundary', 'O5_full_TFC', 'O7_suppress_event']",8,250,true_policy_vs_balanced_pool_shuffle,0.16589028372429873,0.06303890380876254,0.0995262808968812,0.00039984006397441024,456,0.9860557768924303
b6e_robust_071,60312,5,side_tfc_dphi,rank_reward,no_phase_only,"['O1_lag0_AB', 'O2_lag5_AB', 'O3_A_C_boundary', 'O4_B_C_boundary', 'O5_full_TFC', 'O7_suppress_event']",8,250,true_policy_vs_frequency_matched_random,0.16589028372429873,-0.00041109648343865533,0.1684253238337428,0.00039984006397441024,456,0.9860557768924303
b6e_robust_071,60312,5,side_tfc_dphi,rank_reward,no_phase_only,"['O1_lag0_AB', 'O2_lag5_AB', 'O3_A_C_boundary', 'O4_B_C_boundary', 'O5_full_TFC', 'O7_suppress_event']",8,250,true_policy_vs_performance_matched_random,0.16589028372429873,0.03986926295390973,0.12416942961311718,0.00039984006397441024,456,0.9860557768924303
b6e_robust_071,60312,5,side_tfc_dphi,rank_reward,no_phase_only,"['O1_lag0_AB', 'O2_lag5_AB', 'O3_A_C_boundary', 'O4_B_C_boundary', 'O5_full_TFC', 'O7_suppress_event']",8,250,true_policy_vs_within_state_shuffle,0.16589028372429873,0.008085184312971658,0.16993873910764262,0.00039984006397441024,456,0.9860557768924303
b6e_robust_071,60312,5,side_tfc_dphi,rank_reward,no_phase_only,"['O1_lag0_AB', 'O2_lag5_AB', 'O3_A_C_boundary', 'O4_B_C_boundary', 'O5_full_TFC', 'O7_suppress_event']",8,250,true_policy_vs_oracle,0.16589028372429873,1.0019491603225386,-0.8597580145993903,1.0,456,0.9860557768924303
b6e_robust_072,60312,5,side_tfc_dphi,rank_reward,core_5,"['O1_lag0_AB', 'O2_lag5_AB', 'O3_A_C_boundary', 'O4_B_C_boundary', 'O5_full_TFC']",8,250,true_policy_vs_balanced_pool_shuffle,0.1284848189509942,0.05290708573079747,0.0689006111702973,0.005597760895641743,444,0.9860557768924303
b6e_robust_072,60312,5,side_tfc_dphi,rank_reward,core_5,"['O1_lag0_AB', 'O2_lag5_AB', 'O3_A_C_boundary', 'O4_B_C_boundary', 'O5_full_TFC']",8,250,true_policy_vs_frequency_matched_random,0.1284848189509942,0.010049122123010493,0.1053475631310097,0.003598560575769692,444,0.9860557768924303
b6e_robust_072,60312,5,side_tfc_dphi,rank_reward,core_5,"['O1_lag0_AB', 'O2_lag5_AB', 'O3_A_C_boundary', 'O4_B_C_boundary', 'O5_full_TFC']",8,250,true_policy_vs_performance_matched_random,0.1284848189509942,0.04032373080658432,0.08193742032601364,0.003598560575769692,444,0.9860557768924303
b6e_robust_072,60312,5,side_tfc_dphi,rank_reward,core_5,"['O1_lag0_AB', 'O2_lag5_AB', 'O3_A_C_boundary', 'O4_B_C_boundary', 'O5_full_TFC']",8,250,true_policy_vs_within_state_shuffle,0.1284848189509942,0.01682167105607202,0.11940161246817431,0.001999200319872051,444,0.9860557768924303
b6e_robust_072,60312,5,side_tfc_dphi,rank_reward,core_5,"['O1_lag0_AB', 'O2_lag5_AB', 'O3_A_C_boundary', 'O4_B_C_boundary', 'O5_full_TFC']",8,250,true_policy_vs_oracle,0.1284848189509942,0.9944777980181898,-0.878859725879076,1.0,444,0.9860557768924303
