mode,weight_endpoint,readout,direction,metric,comparison,mean_true,mean_control,effect,p_greater,n_pairs
combined_c_fes_gmr72,z_reward,sic_continuous,Relative_to_SI_SIC,access_readout,true_vs_random_intersection,-0.021610286582523976,0.011973001750227993,-0.03358328833275197,0.7518496300739852,101
combined_c_fes_gmr72,z_reward,sic_continuous,Relative_to_SI_SIC,access_readout,true_vs_balanced_intersection,-0.021610286582523976,-0.0014905345301488506,-0.020119752052375157,0.8544291141771646,101
combined_c_fes_gmr72,z_reward,sic_continuous,Relative_to_SI_SIC,access_readout,true_vs_performance_matched_intersection,-0.021610286582523976,-0.00012205490853860974,-0.021488231673985385,0.8638272345530894,101
combined_c_fes_gmr72,z_reward,sic_continuous,Relative_to_SI_SIC,access_readout,true_vs_shuffled_c_intersection,-0.021610286582523976,-0.006518233926561676,-0.015092052655962303,0.6838632273545291,101
combined_c_fes_gmr72,z_reward,sic_continuous,Relative_to_SI_SIC,access_readout,true_vs_phase_rotated_intersection,-0.021610286582523976,0.027125737915408735,-0.048736024497932726,0.9932013597280543,101
combined_c_fes_gmr72,z_reward,sic_continuous,Relative_to_SI_SIC,intersection_access_effect,true_vs_random_intersection,-0.5611583520175073,-0.5275750636847554,-0.03358328833275196,0.7458508298340332,101
combined_c_fes_gmr72,z_reward,sic_continuous,Relative_to_SI_SIC,intersection_access_effect,true_vs_balanced_intersection,-0.5611583520175073,-0.5410385999651321,-0.020119752052375157,0.8444311137772446,101
combined_c_fes_gmr72,z_reward,sic_continuous,Relative_to_SI_SIC,intersection_access_effect,true_vs_performance_matched_intersection,-0.5611583520175073,-0.5396701203435219,-0.02148823167398537,0.8662267546490702,101
combined_c_fes_gmr72,z_reward,sic_continuous,Relative_to_SI_SIC,intersection_access_effect,true_vs_shuffled_c_intersection,-0.5611583520175073,-0.546066299361545,-0.015092052655962302,0.6856628674265147,101
combined_c_fes_gmr72,z_reward,sic_continuous,Relative_to_SI_SIC,intersection_access_effect,true_vs_phase_rotated_intersection,-0.5611583520175073,-0.5124223275195746,-0.048736024497932705,0.9914017196560688,101
combined_c_fes_gmr72,z_reward,sic_continuous,SI_SIC_to_Relative,access_readout,true_vs_random_intersection,-0.0588127273139593,0.010698729573354375,-0.0695114568873137,0.9560087982403519,101
combined_c_fes_gmr72,z_reward,sic_continuous,SI_SIC_to_Relative,access_readout,true_vs_balanced_intersection,-0.0588127273139593,-0.0246597081267326,-0.0341530191872267,0.9522095580883824,101
combined_c_fes_gmr72,z_reward,sic_continuous,SI_SIC_to_Relative,access_readout,true_vs_performance_matched_intersection,-0.0588127273139593,-0.03500382806153045,-0.023808899252428857,0.7746450709858028,101
combined_c_fes_gmr72,z_reward,sic_continuous,SI_SIC_to_Relative,access_readout,true_vs_shuffled_c_intersection,-0.0588127273139593,-0.033571196646467454,-0.02524153066749183,0.7798440311937612,101
combined_c_fes_gmr72,z_reward,sic_continuous,SI_SIC_to_Relative,access_readout,true_vs_phase_rotated_intersection,-0.0588127273139593,0.015454606565700654,-0.07426733387965996,0.9724055188962207,101
combined_c_fes_gmr72,z_reward,sic_continuous,SI_SIC_to_Relative,intersection_access_effect,true_vs_random_intersection,-0.5983607927489427,-0.5288493358616289,-0.06951145688731368,0.9598080383923215,101
combined_c_fes_gmr72,z_reward,sic_continuous,SI_SIC_to_Relative,intersection_access_effect,true_vs_balanced_intersection,-0.5983607927489427,-0.5642077735617159,-0.03415301918722672,0.9550089982003599,101
combined_c_fes_gmr72,z_reward,sic_continuous,SI_SIC_to_Relative,intersection_access_effect,true_vs_performance_matched_intersection,-0.5983607927489427,-0.5745518934965137,-0.023808899252428864,0.7740451909618077,101
combined_c_fes_gmr72,z_reward,sic_continuous,SI_SIC_to_Relative,intersection_access_effect,true_vs_shuffled_c_intersection,-0.5983607927489427,-0.5731192620814508,-0.02524153066749183,0.7904419116176765,101
combined_c_fes_gmr72,z_reward,sic_continuous,SI_SIC_to_Relative,intersection_access_effect,true_vs_phase_rotated_intersection,-0.5983607927489427,-0.5240934588692827,-0.07426733387966,0.9708058388322336,101
combined_c_fes_gmr72,rank_reward,sic_continuous,Relative_to_SI_SIC,access_readout,true_vs_random_intersection,-0.02714522673212489,0.011973001750227993,-0.03911822848235289,0.7822435512897421,101
combined_c_fes_gmr72,rank_reward,sic_continuous,Relative_to_SI_SIC,access_readout,true_vs_balanced_intersection,-0.02714522673212489,-0.0014905345301488506,-0.025654692201976075,0.9176164767046591,101
combined_c_fes_gmr72,rank_reward,sic_continuous,Relative_to_SI_SIC,access_readout,true_vs_performance_matched_intersection,-0.02714522673212489,-0.001024706400786225,-0.026120520331338673,0.910617876424715,101
combined_c_fes_gmr72,rank_reward,sic_continuous,Relative_to_SI_SIC,access_readout,true_vs_shuffled_c_intersection,-0.02714522673212489,0.0017498073177783814,-0.028895034049903286,0.8714257148570286,101
combined_c_fes_gmr72,rank_reward,sic_continuous,Relative_to_SI_SIC,access_readout,true_vs_phase_rotated_intersection,-0.02714522673212489,0.019213751506301946,-0.04635897823842685,0.9946010797840432,101
combined_c_fes_gmr72,rank_reward,sic_continuous,Relative_to_SI_SIC,intersection_access_effect,true_vs_random_intersection,-0.5666932921671082,-0.5275750636847554,-0.039118228482352864,0.7842431513697261,101
combined_c_fes_gmr72,rank_reward,sic_continuous,Relative_to_SI_SIC,intersection_access_effect,true_vs_balanced_intersection,-0.5666932921671082,-0.5410385999651321,-0.025654692201976075,0.9180163967206558,101
combined_c_fes_gmr72,rank_reward,sic_continuous,Relative_to_SI_SIC,intersection_access_effect,true_vs_performance_matched_intersection,-0.5666932921671082,-0.5405727718357695,-0.026120520331338656,0.9144171165766847,101
combined_c_fes_gmr72,rank_reward,sic_continuous,Relative_to_SI_SIC,intersection_access_effect,true_vs_shuffled_c_intersection,-0.5666932921671082,-0.5377982581172048,-0.028895034049903286,0.8764247150569886,101
combined_c_fes_gmr72,rank_reward,sic_continuous,Relative_to_SI_SIC,intersection_access_effect,true_vs_phase_rotated_intersection,-0.5666932921671082,-0.5203343139286815,-0.04635897823842685,0.99500099980004,101
combined_c_fes_gmr72,rank_reward,sic_continuous,SI_SIC_to_Relative,access_readout,true_vs_random_intersection,-0.06268816554075103,0.010698729573354375,-0.07338689511410543,0.9626074785042992,101
combined_c_fes_gmr72,rank_reward,sic_continuous,SI_SIC_to_Relative,access_readout,true_vs_balanced_intersection,-0.06268816554075103,-0.0246597081267326,-0.03802845741401844,0.9728054389122176,101
combined_c_fes_gmr72,rank_reward,sic_continuous,SI_SIC_to_Relative,access_readout,true_vs_performance_matched_intersection,-0.06268816554075103,-0.04506358394374999,-0.01762458159700105,0.7024595080983803,101
combined_c_fes_gmr72,rank_reward,sic_continuous,SI_SIC_to_Relative,access_readout,true_vs_shuffled_c_intersection,-0.06268816554075103,-0.020964613515536613,-0.04172355202521443,0.9328134373125375,101
combined_c_fes_gmr72,rank_reward,sic_continuous,SI_SIC_to_Relative,access_readout,true_vs_phase_rotated_intersection,-0.06268816554075103,0.011710444402943311,-0.07439860994369435,0.9856028794241152,101
combined_c_fes_gmr72,rank_reward,sic_continuous,SI_SIC_to_Relative,intersection_access_effect,true_vs_random_intersection,-0.6022362309757344,-0.5288493358616289,-0.07338689511410543,0.9650069986002799,101
combined_c_fes_gmr72,rank_reward,sic_continuous,SI_SIC_to_Relative,intersection_access_effect,true_vs_balanced_intersection,-0.6022362309757344,-0.5642077735617159,-0.03802845741401844,0.9704059188162367,101
combined_c_fes_gmr72,rank_reward,sic_continuous,SI_SIC_to_Relative,intersection_access_effect,true_vs_performance_matched_intersection,-0.6022362309757344,-0.5846116493787333,-0.017624581597001046,0.6956608678264347,101
combined_c_fes_gmr72,rank_reward,sic_continuous,SI_SIC_to_Relative,intersection_access_effect,true_vs_shuffled_c_intersection,-0.6022362309757344,-0.56051267895052,-0.041723552025214446,0.937612477504499,101
combined_c_fes_gmr72,rank_reward,sic_continuous,SI_SIC_to_Relative,intersection_access_effect,true_vs_phase_rotated_intersection,-0.6022362309757344,-0.52783762103204,-0.07439860994369434,0.9836032793441312,101
combined_c_fes_gmr72,gmr72_bridge_composite,sic_continuous,Relative_to_SI_SIC,access_readout,true_vs_random_intersection,-0.02051837209421894,0.011973001750227993,-0.03249137384444691,0.7416516696660668,101
combined_c_fes_gmr72,gmr72_bridge_composite,sic_continuous,Relative_to_SI_SIC,access_readout,true_vs_balanced_intersection,-0.02051837209421894,-0.0014905345301488506,-0.01902783756407009,0.8042391521695661,101
combined_c_fes_gmr72,gmr72_bridge_composite,sic_continuous,Relative_to_SI_SIC,access_readout,true_vs_performance_matched_intersection,-0.02051837209421894,0.006785794038024288,-0.02730416613224321,0.855628874225155,101
combined_c_fes_gmr72,gmr72_bridge_composite,sic_continuous,Relative_to_SI_SIC,access_readout,true_vs_shuffled_c_intersection,-0.02051837209421894,0.01568203689298064,-0.036200408987199555,0.9304139172165566,101
combined_c_fes_gmr72,gmr72_bridge_composite,sic_continuous,Relative_to_SI_SIC,access_readout,true_vs_phase_rotated_intersection,-0.02051837209421894,0.02762085850059899,-0.048139230594817915,0.997000599880024,101
combined_c_fes_gmr72,gmr72_bridge_composite,sic_continuous,Relative_to_SI_SIC,intersection_access_effect,true_vs_random_intersection,-0.5600664375292023,-0.5275750636847554,-0.032491373844446905,0.7248550289942012,101
combined_c_fes_gmr72,gmr72_bridge_composite,sic_continuous,Relative_to_SI_SIC,intersection_access_effect,true_vs_balanced_intersection,-0.5600664375292023,-0.5410385999651321,-0.01902783756407009,0.8086382723455309,101
combined_c_fes_gmr72,gmr72_bridge_composite,sic_continuous,Relative_to_SI_SIC,intersection_access_effect,true_vs_performance_matched_intersection,-0.5600664375292023,-0.5327622713969591,-0.027304166132243218,0.8582283543291341,101
combined_c_fes_gmr72,gmr72_bridge_composite,sic_continuous,Relative_to_SI_SIC,intersection_access_effect,true_vs_shuffled_c_intersection,-0.5600664375292023,-0.5238660285420027,-0.036200408987199555,0.9344131173765247,101
combined_c_fes_gmr72,gmr72_bridge_composite,sic_continuous,Relative_to_SI_SIC,intersection_access_effect,true_vs_phase_rotated_intersection,-0.5600664375292023,-0.5119272069343843,-0.04813923059481791,0.9974005198960207,101
combined_c_fes_gmr72,gmr72_bridge_composite,sic_continuous,SI_SIC_to_Relative,access_readout,true_vs_random_intersection,-0.05277699694270153,0.010698729573354375,-0.06347572651605589,0.9548090381923615,101
combined_c_fes_gmr72,gmr72_bridge_composite,sic_continuous,SI_SIC_to_Relative,access_readout,true_vs_balanced_intersection,-0.05277699694270153,-0.0246597081267326,-0.028117288815968915,0.9716056788642271,101
combined_c_fes_gmr72,gmr72_bridge_composite,sic_continuous,SI_SIC_to_Relative,access_readout,true_vs_performance_matched_intersection,-0.05277699694270153,-0.018874245498409332,-0.03390275144429219,0.9354129174165167,101
combined_c_fes_gmr72,gmr72_bridge_composite,sic_continuous,SI_SIC_to_Relative,access_readout,true_vs_shuffled_c_intersection,-0.05277699694270153,-0.019938925481529594,-0.03283807146117192,0.9266146770645871,101
combined_c_fes_gmr72,gmr72_bridge_composite,sic_continuous,SI_SIC_to_Relative,access_readout,true_vs_phase_rotated_intersection,-0.05277699694270153,0.02013656878514581,-0.07291356572784732,0.9984003199360127,101
combined_c_fes_gmr72,gmr72_bridge_composite,sic_continuous,SI_SIC_to_Relative,intersection_access_effect,true_vs_random_intersection,-0.5923250623776848,-0.5288493358616289,-0.06347572651605589,0.9608078384323135,101
combined_c_fes_gmr72,gmr72_bridge_composite,sic_continuous,SI_SIC_to_Relative,intersection_access_effect,true_vs_balanced_intersection,-0.5923250623776848,-0.5642077735617159,-0.02811728881596892,0.9738052389522096,101
combined_c_fes_gmr72,gmr72_bridge_composite,sic_continuous,SI_SIC_to_Relative,intersection_access_effect,true_vs_performance_matched_intersection,-0.5923250623776848,-0.5584223109333928,-0.033902751444292174,0.9390121975604879,101
combined_c_fes_gmr72,gmr72_bridge_composite,sic_continuous,SI_SIC_to_Relative,intersection_access_effect,true_vs_shuffled_c_intersection,-0.5923250623776848,-0.5594869909165129,-0.03283807146117192,0.9314137172565486,101
combined_c_fes_gmr72,gmr72_bridge_composite,sic_continuous,SI_SIC_to_Relative,intersection_access_effect,true_vs_phase_rotated_intersection,-0.5923250623776848,-0.5194114966498374,-0.07291356572784732,0.9978004399120176,101
gmr72_phase_conditioned,z_reward,sic_continuous,Relative_to_SI_SIC,access_readout,true_vs_random_intersection,0.024340050152553,0.082431862139439,-0.058091811986886004,0.9476104779044191,101
gmr72_phase_conditioned,z_reward,sic_continuous,Relative_to_SI_SIC,access_readout,true_vs_balanced_intersection,0.024340050152553,-0.0014905345301488506,0.025830584682701833,0.15716856628674264,101
gmr72_phase_conditioned,z_reward,sic_continuous,Relative_to_SI_SIC,access_readout,true_vs_performance_matched_intersection,0.024340050152553,-0.00012205490853860974,0.024462105061091602,0.15556888622275544,101
gmr72_phase_conditioned,z_reward,sic_continuous,Relative_to_SI_SIC,access_readout,true_vs_shuffled_c_intersection,0.024340050152553,-0.0055108367297520685,0.02985088688230507,0.1865626874625075,101
gmr72_phase_conditioned,z_reward,sic_continuous,Relative_to_SI_SIC,access_readout,true_vs_phase_rotated_intersection,0.024340050152553,-0.04206592441929942,0.0664059745718524,0.012997400519896021,101
gmr72_phase_conditioned,z_reward,sic_continuous,Relative_to_SI_SIC,intersection_access_effect,true_vs_random_intersection,-0.5152080152824303,-0.4571162032955442,-0.05809181198688598,0.9522095580883824,101
gmr72_phase_conditioned,z_reward,sic_continuous,Relative_to_SI_SIC,intersection_access_effect,true_vs_balanced_intersection,-0.5152080152824303,-0.5410385999651321,0.025830584682701843,0.16456708658268346,101
gmr72_phase_conditioned,z_reward,sic_continuous,Relative_to_SI_SIC,intersection_access_effect,true_vs_performance_matched_intersection,-0.5152080152824303,-0.5396701203435219,0.02446210506109161,0.14617076584683064,101
gmr72_phase_conditioned,z_reward,sic_continuous,Relative_to_SI_SIC,intersection_access_effect,true_vs_shuffled_c_intersection,-0.5152080152824303,-0.5450589021647354,0.02985088688230508,0.1891621675664867,101
gmr72_phase_conditioned,z_reward,sic_continuous,Relative_to_SI_SIC,intersection_access_effect,true_vs_phase_rotated_intersection,-0.5152080152824303,-0.5816139898542828,0.06640597457185242,0.01199760047990402,101
gmr72_phase_conditioned,z_reward,sic_continuous,SI_SIC_to_Relative,access_readout,true_vs_random_intersection,0.04057475224885077,0.02724116426857486,0.013333587980275929,0.38032393521295743,101
gmr72_phase_conditioned,z_reward,sic_continuous,SI_SIC_to_Relative,access_readout,true_vs_balanced_intersection,0.04057475224885077,-0.0246597081267326,0.0652344603755834,0.009398120375924815,101
gmr72_phase_conditioned,z_reward,sic_continuous,SI_SIC_to_Relative,access_readout,true_vs_performance_matched_intersection,0.04057475224885077,-0.03500382806153045,0.07557858031038123,0.011197760447910418,101
gmr72_phase_conditioned,z_reward,sic_continuous,SI_SIC_to_Relative,access_readout,true_vs_shuffled_c_intersection,0.04057475224885077,-0.014341147579046885,0.054915899827897664,0.03199360127974405,101
gmr72_phase_conditioned,z_reward,sic_continuous,SI_SIC_to_Relative,access_readout,true_vs_phase_rotated_intersection,0.04057475224885077,-0.07865070956437477,0.11922546181322555,0.003999200159968006,101
gmr72_phase_conditioned,z_reward,sic_continuous,SI_SIC_to_Relative,intersection_access_effect,true_vs_random_intersection,-0.4989733131861324,-0.5123069011664083,0.013333587980275924,0.3869226154769046,101
gmr72_phase_conditioned,z_reward,sic_continuous,SI_SIC_to_Relative,intersection_access_effect,true_vs_balanced_intersection,-0.4989733131861324,-0.5642077735617159,0.0652344603755834,0.01259748050389922,101
gmr72_phase_conditioned,z_reward,sic_continuous,SI_SIC_to_Relative,intersection_access_effect,true_vs_performance_matched_intersection,-0.4989733131861324,-0.5745518934965137,0.07557858031038123,0.013197360527894421,101
gmr72_phase_conditioned,z_reward,sic_continuous,SI_SIC_to_Relative,intersection_access_effect,true_vs_shuffled_c_intersection,-0.4989733131861324,-0.5538892130140302,0.05491589982789766,0.02499500099980004,101
gmr72_phase_conditioned,z_reward,sic_continuous,SI_SIC_to_Relative,intersection_access_effect,true_vs_phase_rotated_intersection,-0.4989733131861324,-0.6181987749993579,0.11922546181322555,0.005198960207958408,101
gmr72_phase_conditioned,rank_reward,sic_continuous,Relative_to_SI_SIC,access_readout,true_vs_random_intersection,0.02273055603107811,0.082431862139439,-0.05970130610836088,0.9294141171765646,101
gmr72_phase_conditioned,rank_reward,sic_continuous,Relative_to_SI_SIC,access_readout,true_vs_balanced_intersection,0.02273055603107811,-0.0014905345301488506,0.02422109056122694,0.20135972805438912,101
gmr72_phase_conditioned,rank_reward,sic_continuous,Relative_to_SI_SIC,access_readout,true_vs_performance_matched_intersection,0.02273055603107811,-0.001024706400786225,0.023755262431864328,0.16736652669466107,101
gmr72_phase_conditioned,rank_reward,sic_continuous,Relative_to_SI_SIC,access_readout,true_vs_shuffled_c_intersection,0.02273055603107811,0.00575000999825181,0.0169805460328263,0.3117376524695061,101
gmr72_phase_conditioned,rank_reward,sic_continuous,Relative_to_SI_SIC,access_readout,true_vs_phase_rotated_intersection,0.02273055603107811,-0.048218817478727805,0.07094937350980589,0.0061987602479504095,101
gmr72_phase_conditioned,rank_reward,sic_continuous,Relative_to_SI_SIC,intersection_access_effect,true_vs_random_intersection,-0.5168175094039051,-0.4571162032955442,-0.05970130610836089,0.9304139172165566,101
gmr72_phase_conditioned,rank_reward,sic_continuous,Relative_to_SI_SIC,intersection_access_effect,true_vs_balanced_intersection,-0.5168175094039051,-0.5410385999651321,0.024221090561226934,0.19956008798240352,101
gmr72_phase_conditioned,rank_reward,sic_continuous,Relative_to_SI_SIC,intersection_access_effect,true_vs_performance_matched_intersection,-0.5168175094039051,-0.5405727718357695,0.02375526243186433,0.16736652669466107,101
gmr72_phase_conditioned,rank_reward,sic_continuous,Relative_to_SI_SIC,intersection_access_effect,true_vs_shuffled_c_intersection,-0.5168175094039051,-0.5337980554367314,0.016980546032826296,0.33153369326134774,101
gmr72_phase_conditioned,rank_reward,sic_continuous,Relative_to_SI_SIC,intersection_access_effect,true_vs_phase_rotated_intersection,-0.5168175094039051,-0.587766882913711,0.0709493735098059,0.008598280343931213,101
gmr72_phase_conditioned,rank_reward,sic_continuous,SI_SIC_to_Relative,access_readout,true_vs_random_intersection,0.036550170292518204,0.02724116426857486,0.009309006023943354,0.42391521695660866,101
gmr72_phase_conditioned,rank_reward,sic_continuous,SI_SIC_to_Relative,access_readout,true_vs_balanced_intersection,0.036550170292518204,-0.0246597081267326,0.06120987841925084,0.016396720655868825,101
gmr72_phase_conditioned,rank_reward,sic_continuous,SI_SIC_to_Relative,access_readout,true_vs_performance_matched_intersection,0.036550170292518204,-0.04506358394374999,0.08161375423626821,0.0057988402319536095,101
gmr72_phase_conditioned,rank_reward,sic_continuous,SI_SIC_to_Relative,access_readout,true_vs_shuffled_c_intersection,0.036550170292518204,-0.010653232838179096,0.04720340313069731,0.041191761647670466,101
gmr72_phase_conditioned,rank_reward,sic_continuous,SI_SIC_to_Relative,access_readout,true_vs_phase_rotated_intersection,0.036550170292518204,-0.08950671199487785,0.12605688228739606,0.0009998000399920016,101
gmr72_phase_conditioned,rank_reward,sic_continuous,SI_SIC_to_Relative,intersection_access_effect,true_vs_random_intersection,-0.5029978951424651,-0.5123069011664083,0.009309006023943361,0.42651469706058787,101
gmr72_phase_conditioned,rank_reward,sic_continuous,SI_SIC_to_Relative,intersection_access_effect,true_vs_balanced_intersection,-0.5029978951424651,-0.5642077735617159,0.061209878419250824,0.01899620075984803,101
gmr72_phase_conditioned,rank_reward,sic_continuous,SI_SIC_to_Relative,intersection_access_effect,true_vs_performance_matched_intersection,-0.5029978951424651,-0.5846116493787333,0.08161375423626821,0.008398320335932814,101
gmr72_phase_conditioned,rank_reward,sic_continuous,SI_SIC_to_Relative,intersection_access_effect,true_vs_shuffled_c_intersection,-0.5029978951424651,-0.5502012982731624,0.04720340313069732,0.03479304139172166,101
gmr72_phase_conditioned,rank_reward,sic_continuous,SI_SIC_to_Relative,intersection_access_effect,true_vs_phase_rotated_intersection,-0.5029978951424651,-0.629054777429861,0.12605688228739606,0.0007998400319936012,101
gmr72_phase_conditioned,gmr72_bridge_composite,sic_continuous,Relative_to_SI_SIC,access_readout,true_vs_random_intersection,0.0031211555405393446,0.082431862139439,-0.07931070659889967,0.9968006398720256,101
gmr72_phase_conditioned,gmr72_bridge_composite,sic_continuous,Relative_to_SI_SIC,access_readout,true_vs_balanced_intersection,0.0031211555405393446,-0.0014905345301488506,0.004611690070688174,0.36312737452509497,101
gmr72_phase_conditioned,gmr72_bridge_composite,sic_continuous,Relative_to_SI_SIC,access_readout,true_vs_performance_matched_intersection,0.0031211555405393446,0.006785794038024288,-0.003664638497484946,0.5830833833233353,101
gmr72_phase_conditioned,gmr72_bridge_composite,sic_continuous,Relative_to_SI_SIC,access_readout,true_vs_shuffled_c_intersection,0.0031211555405393446,-0.003143380344991564,0.006264535885530908,0.33833233353329334,101
gmr72_phase_conditioned,gmr72_bridge_composite,sic_continuous,Relative_to_SI_SIC,access_readout,true_vs_phase_rotated_intersection,0.0031211555405393446,-0.01999772438158957,0.023118879922128913,0.08218356328734253,101
gmr72_phase_conditioned,gmr72_bridge_composite,sic_continuous,Relative_to_SI_SIC,intersection_access_effect,true_vs_random_intersection,-0.536426909894444,-0.4571162032955442,-0.07931070659889965,0.9966006798640272,101
gmr72_phase_conditioned,gmr72_bridge_composite,sic_continuous,Relative_to_SI_SIC,intersection_access_effect,true_vs_balanced_intersection,-0.536426909894444,-0.5410385999651321,0.004611690070688166,0.35012997400519896,101
gmr72_phase_conditioned,gmr72_bridge_composite,sic_continuous,Relative_to_SI_SIC,intersection_access_effect,true_vs_performance_matched_intersection,-0.536426909894444,-0.5327622713969591,-0.0036646384974849625,0.5808838232353529,101
gmr72_phase_conditioned,gmr72_bridge_composite,sic_continuous,Relative_to_SI_SIC,intersection_access_effect,true_vs_shuffled_c_intersection,-0.536426909894444,-0.542691445779975,0.006264535885530917,0.34653069386122776,101
gmr72_phase_conditioned,gmr72_bridge_composite,sic_continuous,Relative_to_SI_SIC,intersection_access_effect,true_vs_phase_rotated_intersection,-0.536426909894444,-0.559545789816573,0.023118879922128913,0.07538492301539693,101
gmr72_phase_conditioned,gmr72_bridge_composite,sic_continuous,SI_SIC_to_Relative,access_readout,true_vs_random_intersection,-0.0057876446777644355,0.02724116426857486,-0.03302880894633929,0.8080383923215357,101
gmr72_phase_conditioned,gmr72_bridge_composite,sic_continuous,SI_SIC_to_Relative,access_readout,true_vs_balanced_intersection,-0.0057876446777644355,-0.0246597081267326,0.018872063448968166,0.03739252149570086,101
gmr72_phase_conditioned,gmr72_bridge_composite,sic_continuous,SI_SIC_to_Relative,access_readout,true_vs_performance_matched_intersection,-0.0057876446777644355,-0.018874245498409332,0.013086600820644893,0.2953409318136373,101
gmr72_phase_conditioned,gmr72_bridge_composite,sic_continuous,SI_SIC_to_Relative,access_readout,true_vs_shuffled_c_intersection,-0.0057876446777644355,-0.025927400514038964,0.020139755836274535,0.014997000599880024,101
gmr72_phase_conditioned,gmr72_bridge_composite,sic_continuous,SI_SIC_to_Relative,access_readout,true_vs_phase_rotated_intersection,-0.0057876446777644355,-0.04108916265058473,0.035301517972820294,0.05458908218356329,101
gmr72_phase_conditioned,gmr72_bridge_composite,sic_continuous,SI_SIC_to_Relative,intersection_access_effect,true_vs_random_intersection,-0.5453357101127477,-0.5123069011664083,-0.033028808946339305,0.8098380323935213,101
gmr72_phase_conditioned,gmr72_bridge_composite,sic_continuous,SI_SIC_to_Relative,intersection_access_effect,true_vs_balanced_intersection,-0.5453357101127477,-0.5642077735617159,0.018872063448968156,0.03739252149570086,101
gmr72_phase_conditioned,gmr72_bridge_composite,sic_continuous,SI_SIC_to_Relative,intersection_access_effect,true_vs_performance_matched_intersection,-0.5453357101127477,-0.5584223109333928,0.013086600820644893,0.2989402119576085,101
gmr72_phase_conditioned,gmr72_bridge_composite,sic_continuous,SI_SIC_to_Relative,intersection_access_effect,true_vs_shuffled_c_intersection,-0.5453357101127477,-0.5654754659490223,0.020139755836274528,0.013797240551889621,101
gmr72_phase_conditioned,gmr72_bridge_composite,sic_continuous,SI_SIC_to_Relative,intersection_access_effect,true_vs_phase_rotated_intersection,-0.5453357101127477,-0.580637228085568,0.03530151797282031,0.052589482103579284,101
fes_string_conditioned,z_reward,sic_continuous,Relative_to_SI_SIC,access_readout,true_vs_random_intersection,-0.000928225505456086,0.04047918259079191,-0.04140740809624799,0.875624875024995,101
fes_string_conditioned,z_reward,sic_continuous,Relative_to_SI_SIC,access_readout,true_vs_balanced_intersection,-0.000928225505456086,-0.0014905345301488506,0.0005623090246927534,0.47030593881223753,101
fes_string_conditioned,z_reward,sic_continuous,Relative_to_SI_SIC,access_readout,true_vs_performance_matched_intersection,-0.000928225505456086,-0.00012205490853860974,-0.0008061705969174658,0.529494101179764,101
fes_string_conditioned,z_reward,sic_continuous,Relative_to_SI_SIC,access_readout,true_vs_shuffled_c_intersection,-0.000928225505456086,0.00033253666072948477,-0.0012607621661855503,0.5494901019796041,101
fes_string_conditioned,z_reward,sic_continuous,Relative_to_SI_SIC,access_readout,true_vs_phase_rotated_intersection,-0.000928225505456086,0.0009047609276812663,-0.001832986433137339,0.5664867026594681,101
fes_string_conditioned,z_reward,sic_continuous,Relative_to_SI_SIC,intersection_access_effect,true_vs_random_intersection,-0.5404762909404393,-0.4990688828441914,-0.04140740809624799,0.8720255948810238,101
fes_string_conditioned,z_reward,sic_continuous,Relative_to_SI_SIC,intersection_access_effect,true_vs_balanced_intersection,-0.5404762909404393,-0.5410385999651321,0.0005623090246927462,0.47490501899620075,101
fes_string_conditioned,z_reward,sic_continuous,Relative_to_SI_SIC,intersection_access_effect,true_vs_performance_matched_intersection,-0.5404762909404393,-0.5396701203435219,-0.0008061705969174686,0.5114977004599081,101
fes_string_conditioned,z_reward,sic_continuous,Relative_to_SI_SIC,intersection_access_effect,true_vs_shuffled_c_intersection,-0.5404762909404393,-0.5392155287742538,-0.0012607621661855464,0.5510897820435913,101
fes_string_conditioned,z_reward,sic_continuous,Relative_to_SI_SIC,intersection_access_effect,true_vs_phase_rotated_intersection,-0.5404762909404393,-0.538643304507302,-0.00183298643313734,0.5590881823635273,101
fes_string_conditioned,z_reward,sic_continuous,SI_SIC_to_Relative,access_readout,true_vs_random_intersection,-0.02603317643621349,-0.03363551943585405,0.007602342999640579,0.42351529694061185,101
fes_string_conditioned,z_reward,sic_continuous,SI_SIC_to_Relative,access_readout,true_vs_balanced_intersection,-0.02603317643621349,-0.0246597081267326,-0.0013734683094808837,0.5276944611077784,101
fes_string_conditioned,z_reward,sic_continuous,SI_SIC_to_Relative,access_readout,true_vs_performance_matched_intersection,-0.02603317643621349,-0.03500382806153045,0.00897065162531696,0.3225354929014197,101
fes_string_conditioned,z_reward,sic_continuous,SI_SIC_to_Relative,access_readout,true_vs_shuffled_c_intersection,-0.02603317643621349,-0.019320374517907305,-0.006712801918306169,0.6350729854029195,101
fes_string_conditioned,z_reward,sic_continuous,SI_SIC_to_Relative,access_readout,true_vs_phase_rotated_intersection,-0.02603317643621349,-0.032208412261586515,0.006175235825373033,0.39752049590081984,101
fes_string_conditioned,z_reward,sic_continuous,SI_SIC_to_Relative,intersection_access_effect,true_vs_random_intersection,-0.5655812418711968,-0.5731835848708374,0.007602342999640572,0.4297140571885623,101
fes_string_conditioned,z_reward,sic_continuous,SI_SIC_to_Relative,intersection_access_effect,true_vs_balanced_intersection,-0.5655812418711968,-0.5642077735617159,-0.0013734683094808885,0.5380923815236952,101
fes_string_conditioned,z_reward,sic_continuous,SI_SIC_to_Relative,intersection_access_effect,true_vs_performance_matched_intersection,-0.5655812418711968,-0.5745518934965137,0.00897065162531696,0.3203359328134373,101
fes_string_conditioned,z_reward,sic_continuous,SI_SIC_to_Relative,intersection_access_effect,true_vs_shuffled_c_intersection,-0.5655812418711968,-0.5588684399528906,-0.006712801918306173,0.6340731853629274,101
fes_string_conditioned,z_reward,sic_continuous,SI_SIC_to_Relative,intersection_access_effect,true_vs_phase_rotated_intersection,-0.5655812418711968,-0.5717564776965698,0.006175235825373027,0.4003199360127974,101
fes_string_conditioned,rank_reward,sic_continuous,Relative_to_SI_SIC,access_readout,true_vs_random_intersection,-0.004759175206156487,0.04047918259079191,-0.04523835779694839,0.9058188362327535,101
fes_string_conditioned,rank_reward,sic_continuous,Relative_to_SI_SIC,access_readout,true_vs_balanced_intersection,-0.004759175206156487,-0.0014905345301488506,-0.0032686406760076424,0.6410717856428714,101
fes_string_conditioned,rank_reward,sic_continuous,Relative_to_SI_SIC,access_readout,true_vs_performance_matched_intersection,-0.004759175206156487,-0.001024706400786225,-0.0037344688053702435,0.5870825834833033,101
fes_string_conditioned,rank_reward,sic_continuous,Relative_to_SI_SIC,access_readout,true_vs_shuffled_c_intersection,-0.004759175206156487,0.0025200542690456103,-0.007279229475202073,0.7566486702659468,101
fes_string_conditioned,rank_reward,sic_continuous,Relative_to_SI_SIC,access_readout,true_vs_phase_rotated_intersection,-0.004759175206156487,-0.0010255508108117258,-0.0037336243953447422,0.6352729454109178,101
fes_string_conditioned,rank_reward,sic_continuous,Relative_to_SI_SIC,intersection_access_effect,true_vs_random_intersection,-0.5443072406411398,-0.4990688828441914,-0.045238357796948375,0.8910217956408718,101
fes_string_conditioned,rank_reward,sic_continuous,Relative_to_SI_SIC,intersection_access_effect,true_vs_balanced_intersection,-0.5443072406411398,-0.5410385999651321,-0.003268640676007644,0.6446710657868426,101
fes_string_conditioned,rank_reward,sic_continuous,Relative_to_SI_SIC,intersection_access_effect,true_vs_performance_matched_intersection,-0.5443072406411398,-0.5405727718357695,-0.003734468805370235,0.562887422515497,101
fes_string_conditioned,rank_reward,sic_continuous,Relative_to_SI_SIC,intersection_access_effect,true_vs_shuffled_c_intersection,-0.5443072406411398,-0.5370280111659378,-0.007279229475202066,0.7586482703459309,101
fes_string_conditioned,rank_reward,sic_continuous,Relative_to_SI_SIC,intersection_access_effect,true_vs_phase_rotated_intersection,-0.5443072406411398,-0.540573616245795,-0.003733624395344742,0.6276744651069786,101
fes_string_conditioned,rank_reward,sic_continuous,SI_SIC_to_Relative,access_readout,true_vs_random_intersection,-0.03322924550573467,-0.03363551943585405,0.00040627393011937444,0.49250149970005996,101
fes_string_conditioned,rank_reward,sic_continuous,SI_SIC_to_Relative,access_readout,true_vs_balanced_intersection,-0.03322924550573467,-0.0246597081267326,-0.008569537379002075,0.752249550089982,101
fes_string_conditioned,rank_reward,sic_continuous,SI_SIC_to_Relative,access_readout,true_vs_performance_matched_intersection,-0.03322924550573467,-0.04506358394374999,0.011834338438015325,0.3083383323335333,101
fes_string_conditioned,rank_reward,sic_continuous,SI_SIC_to_Relative,access_readout,true_vs_shuffled_c_intersection,-0.03322924550573467,-0.025794766095902446,-0.007434479409832226,0.6976604679064187,101
fes_string_conditioned,rank_reward,sic_continuous,SI_SIC_to_Relative,access_readout,true_vs_phase_rotated_intersection,-0.03322924550573467,-0.030408667084568134,-0.0028205784211665454,0.5468906218756249,101
fes_string_conditioned,rank_reward,sic_continuous,SI_SIC_to_Relative,intersection_access_effect,true_vs_random_intersection,-0.5727773109407179,-0.5731835848708374,0.0004062739301193799,0.4913017396520696,101
fes_string_conditioned,rank_reward,sic_continuous,SI_SIC_to_Relative,intersection_access_effect,true_vs_balanced_intersection,-0.5727773109407179,-0.5642077735617159,-0.00856953737900208,0.7538492301539692,101
fes_string_conditioned,rank_reward,sic_continuous,SI_SIC_to_Relative,intersection_access_effect,true_vs_performance_matched_intersection,-0.5727773109407179,-0.5846116493787333,0.011834338438015313,0.29874025194961007,101
fes_string_conditioned,rank_reward,sic_continuous,SI_SIC_to_Relative,intersection_access_effect,true_vs_shuffled_c_intersection,-0.5727773109407179,-0.5653428315308857,-0.00743447940983223,0.6970605878824235,101
fes_string_conditioned,rank_reward,sic_continuous,SI_SIC_to_Relative,intersection_access_effect,true_vs_phase_rotated_intersection,-0.5727773109407179,-0.5699567325195515,-0.002820578421166539,0.5616876624675065,101
fes_string_conditioned,gmr72_bridge_composite,sic_continuous,Relative_to_SI_SIC,access_readout,true_vs_random_intersection,-0.0014086674260773186,0.04047918259079191,-0.041887850016869246,0.8970205958808238,101
fes_string_conditioned,gmr72_bridge_composite,sic_continuous,Relative_to_SI_SIC,access_readout,true_vs_balanced_intersection,-0.0014086674260773186,-0.0014905345301488506,8.186710407150702e-05,0.4931013797240552,101
fes_string_conditioned,gmr72_bridge_composite,sic_continuous,Relative_to_SI_SIC,access_readout,true_vs_performance_matched_intersection,-0.0014086674260773186,0.006785794038024288,-0.008194461464101613,0.7228554289142172,101
fes_string_conditioned,gmr72_bridge_composite,sic_continuous,Relative_to_SI_SIC,access_readout,true_vs_shuffled_c_intersection,-0.0014086674260773186,-0.0003199238936774618,-0.0010887435323998743,0.584883023395321,101
fes_string_conditioned,gmr72_bridge_composite,sic_continuous,Relative_to_SI_SIC,access_readout,true_vs_phase_rotated_intersection,-0.0014086674260773186,-0.0012411271631309886,-0.00016754026294634326,0.5122975404919016,101
fes_string_conditioned,gmr72_bridge_composite,sic_continuous,Relative_to_SI_SIC,intersection_access_effect,true_vs_random_intersection,-0.5409567328610606,-0.4990688828441914,-0.041887850016869246,0.8910217956408718,101
fes_string_conditioned,gmr72_bridge_composite,sic_continuous,Relative_to_SI_SIC,intersection_access_effect,true_vs_balanced_intersection,-0.5409567328610606,-0.5410385999651321,8.186710407149974e-05,0.4813037392521496,101
fes_string_conditioned,gmr72_bridge_composite,sic_continuous,Relative_to_SI_SIC,intersection_access_effect,true_vs_performance_matched_intersection,-0.5409567328610606,-0.5327622713969591,-0.008194461464101627,0.7182563487302539,101
fes_string_conditioned,gmr72_bridge_composite,sic_continuous,Relative_to_SI_SIC,intersection_access_effect,true_vs_shuffled_c_intersection,-0.5409567328610606,-0.5398679893286608,-0.0010887435323998684,0.6060787842431514,101
fes_string_conditioned,gmr72_bridge_composite,sic_continuous,Relative_to_SI_SIC,intersection_access_effect,true_vs_phase_rotated_intersection,-0.5409567328610606,-0.5407891925981143,-0.00016754026294635508,0.5266946610677864,101
fes_string_conditioned,gmr72_bridge_composite,sic_continuous,SI_SIC_to_Relative,access_readout,true_vs_random_intersection,-0.02548008380223312,-0.03363551943585405,0.00815543563362094,0.4097180563887223,101
fes_string_conditioned,gmr72_bridge_composite,sic_continuous,SI_SIC_to_Relative,access_readout,true_vs_balanced_intersection,-0.02548008380223312,-0.0246597081267326,-0.0008203756755005147,0.5664867026594681,101
fes_string_conditioned,gmr72_bridge_composite,sic_continuous,SI_SIC_to_Relative,access_readout,true_vs_performance_matched_intersection,-0.02548008380223312,-0.018874245498409332,-0.006605838303823782,0.6548690261947611,101
fes_string_conditioned,gmr72_bridge_composite,sic_continuous,SI_SIC_to_Relative,access_readout,true_vs_shuffled_c_intersection,-0.02548008380223312,-0.024090178238230706,-0.0013899055640024189,0.5804839032193562,101
fes_string_conditioned,gmr72_bridge_composite,sic_continuous,SI_SIC_to_Relative,access_readout,true_vs_phase_rotated_intersection,-0.02548008380223312,-0.024739050895456634,-0.0007410329067764892,0.5382923415316937,101
fes_string_conditioned,gmr72_bridge_composite,sic_continuous,SI_SIC_to_Relative,intersection_access_effect,true_vs_random_intersection,-0.5650281492372164,-0.5731835848708374,0.008155435633620941,0.40791841631673664,101
fes_string_conditioned,gmr72_bridge_composite,sic_continuous,SI_SIC_to_Relative,intersection_access_effect,true_vs_balanced_intersection,-0.5650281492372164,-0.5642077735617159,-0.0008203756755005215,0.5478904219156169,101
fes_string_conditioned,gmr72_bridge_composite,sic_continuous,SI_SIC_to_Relative,intersection_access_effect,true_vs_performance_matched_intersection,-0.5650281492372164,-0.5584223109333928,-0.00660583830382378,0.650869826034793,101
fes_string_conditioned,gmr72_bridge_composite,sic_continuous,SI_SIC_to_Relative,intersection_access_effect,true_vs_shuffled_c_intersection,-0.5650281492372164,-0.5636382436732139,-0.0013899055640024284,0.5752849430113978,101
fes_string_conditioned,gmr72_bridge_composite,sic_continuous,SI_SIC_to_Relative,intersection_access_effect,true_vs_phase_rotated_intersection,-0.5650281492372164,-0.56428711633044,-0.0007410329067764969,0.5340931813637273,101
linear_c_state,z_reward,sic_continuous,Relative_to_SI_SIC,access_readout,true_vs_random_intersection,0.02936289817165158,0.082431862139439,-0.053068963967787416,0.9550089982003599,101
linear_c_state,z_reward,sic_continuous,Relative_to_SI_SIC,access_readout,true_vs_balanced_intersection,0.02936289817165158,-0.0014905345301488506,0.030853432701800406,0.09558088382323535,101
linear_c_state,z_reward,sic_continuous,Relative_to_SI_SIC,access_readout,true_vs_performance_matched_intersection,0.02936289817165158,-0.00012205490853860974,0.029484953080190193,0.09798040391921616,101
linear_c_state,z_reward,sic_continuous,Relative_to_SI_SIC,access_readout,true_vs_shuffled_c_intersection,0.02936289817165158,-0.0036888504684740118,0.033051748640125576,0.13737252549490103,101
linear_c_state,z_reward,sic_continuous,Relative_to_SI_SIC,access_readout,true_vs_phase_rotated_intersection,0.02936289817165158,-0.042883568836764085,0.07224646700841567,0.008198360327934412,101
linear_c_state,z_reward,sic_continuous,Relative_to_SI_SIC,intersection_access_effect,true_vs_random_intersection,-0.5101851672633316,-0.4571162032955442,-0.05306896396778741,0.9492101579684064,101
linear_c_state,z_reward,sic_continuous,Relative_to_SI_SIC,intersection_access_effect,true_vs_balanced_intersection,-0.5101851672633316,-0.5410385999651321,0.030853432701800416,0.09718056388722256,101
linear_c_state,z_reward,sic_continuous,Relative_to_SI_SIC,intersection_access_effect,true_vs_performance_matched_intersection,-0.5101851672633316,-0.5396701203435219,0.029484953080190203,0.08978204359128174,101
linear_c_state,z_reward,sic_continuous,Relative_to_SI_SIC,intersection_access_effect,true_vs_shuffled_c_intersection,-0.5101851672633316,-0.5432369159034574,0.033051748640125576,0.1287742451509698,101
linear_c_state,z_reward,sic_continuous,Relative_to_SI_SIC,intersection_access_effect,true_vs_phase_rotated_intersection,-0.5101851672633316,-0.5824316342717474,0.0722464670084157,0.007798440311937612,101
linear_c_state,z_reward,sic_continuous,SI_SIC_to_Relative,access_readout,true_vs_random_intersection,0.04300729800657285,0.02724116426857486,0.01576613373799799,0.3735252949410118,101
linear_c_state,z_reward,sic_continuous,SI_SIC_to_Relative,access_readout,true_vs_balanced_intersection,0.04300729800657285,-0.0246597081267326,0.06766700613330545,0.00599880023995201,101
linear_c_state,z_reward,sic_continuous,SI_SIC_to_Relative,access_readout,true_vs_performance_matched_intersection,0.04300729800657285,-0.03500382806153045,0.07801112606810329,0.007598480303939212,101
linear_c_state,z_reward,sic_continuous,SI_SIC_to_Relative,access_readout,true_vs_shuffled_c_intersection,0.04300729800657285,-0.009775839020493777,0.05278313702706662,0.04619076184763048,101
linear_c_state,z_reward,sic_continuous,SI_SIC_to_Relative,access_readout,true_vs_phase_rotated_intersection,0.04300729800657285,-0.08317649058716171,0.12618378859373455,0.0023995200959808036,101
linear_c_state,z_reward,sic_continuous,SI_SIC_to_Relative,intersection_access_effect,true_vs_random_intersection,-0.49654076742841047,-0.5123069011664083,0.015766133737997994,0.3729254149170166,101
linear_c_state,z_reward,sic_continuous,SI_SIC_to_Relative,intersection_access_effect,true_vs_balanced_intersection,-0.49654076742841047,-0.5642077735617159,0.06766700613330545,0.005398920215956809,101
linear_c_state,z_reward,sic_continuous,SI_SIC_to_Relative,intersection_access_effect,true_vs_performance_matched_intersection,-0.49654076742841047,-0.5745518934965137,0.0780111260681033,0.0057988402319536095,101
linear_c_state,z_reward,sic_continuous,SI_SIC_to_Relative,intersection_access_effect,true_vs_shuffled_c_intersection,-0.49654076742841047,-0.5493239044554771,0.05278313702706663,0.041191761647670466,101
linear_c_state,z_reward,sic_continuous,SI_SIC_to_Relative,intersection_access_effect,true_vs_phase_rotated_intersection,-0.49654076742841047,-0.622724556022145,0.12618378859373455,0.002599480103979204,101
linear_c_state,rank_reward,sic_continuous,Relative_to_SI_SIC,access_readout,true_vs_random_intersection,0.02807618239851234,0.082431862139439,-0.05435567974092667,0.9224155168966207,101
linear_c_state,rank_reward,sic_continuous,Relative_to_SI_SIC,access_readout,true_vs_balanced_intersection,0.02807618239851234,-0.0014905345301488506,0.02956671692866116,0.13957208558288342,101
linear_c_state,rank_reward,sic_continuous,Relative_to_SI_SIC,access_readout,true_vs_performance_matched_intersection,0.02807618239851234,-0.001024706400786225,0.02910088879929857,0.10837832433513298,101
linear_c_state,rank_reward,sic_continuous,Relative_to_SI_SIC,access_readout,true_vs_shuffled_c_intersection,0.02807618239851234,0.008377600789938267,0.01969858160857408,0.2585482903419316,101
linear_c_state,rank_reward,sic_continuous,Relative_to_SI_SIC,access_readout,true_vs_phase_rotated_intersection,0.02807618239851234,-0.048454352525361406,0.07653053492387375,0.0065986802639472104,101
linear_c_state,rank_reward,sic_continuous,Relative_to_SI_SIC,intersection_access_effect,true_vs_random_intersection,-0.511471883036471,-0.4571162032955442,-0.05435567974092667,0.9264147170565887,101
linear_c_state,rank_reward,sic_continuous,Relative_to_SI_SIC,intersection_access_effect,true_vs_balanced_intersection,-0.511471883036471,-0.5410385999651321,0.02956671692866116,0.13917216556688664,101
linear_c_state,rank_reward,sic_continuous,Relative_to_SI_SIC,intersection_access_effect,true_vs_performance_matched_intersection,-0.511471883036471,-0.5405727718357695,0.02910088879929857,0.11977604479104179,101
linear_c_state,rank_reward,sic_continuous,Relative_to_SI_SIC,intersection_access_effect,true_vs_shuffled_c_intersection,-0.511471883036471,-0.531170464645045,0.019698581608574062,0.2695460907818436,101
linear_c_state,rank_reward,sic_continuous,Relative_to_SI_SIC,intersection_access_effect,true_vs_phase_rotated_intersection,-0.511471883036471,-0.5880024179603448,0.07653053492387375,0.004399120175964807,101
linear_c_state,rank_reward,sic_continuous,SI_SIC_to_Relative,access_readout,true_vs_random_intersection,0.038287309739395904,0.02724116426857486,0.011046145470821063,0.41251749650069985,101
linear_c_state,rank_reward,sic_continuous,SI_SIC_to_Relative,access_readout,true_vs_balanced_intersection,0.038287309739395904,-0.0246597081267326,0.06294701786612854,0.011397720455908818,101
linear_c_state,rank_reward,sic_continuous,SI_SIC_to_Relative,access_readout,true_vs_performance_matched_intersection,0.038287309739395904,-0.04506358394374999,0.08335089368314592,0.003999200159968006,101
linear_c_state,rank_reward,sic_continuous,SI_SIC_to_Relative,access_readout,true_vs_shuffled_c_intersection,0.038287309739395904,-0.0064566127127671565,0.04474392245216307,0.04899020195960808,101
linear_c_state,rank_reward,sic_continuous,SI_SIC_to_Relative,access_readout,true_vs_phase_rotated_intersection,0.038287309739395904,-0.09354458238130743,0.13183189212070334,0.0003999200159968006,101
linear_c_state,rank_reward,sic_continuous,SI_SIC_to_Relative,intersection_access_effect,true_vs_random_intersection,-0.5012607556955875,-0.5123069011664083,0.011046145470821054,0.41131773645270947,101
linear_c_state,rank_reward,sic_continuous,SI_SIC_to_Relative,intersection_access_effect,true_vs_balanced_intersection,-0.5012607556955875,-0.5642077735617159,0.06294701786612852,0.009798040391921616,101
linear_c_state,rank_reward,sic_continuous,SI_SIC_to_Relative,intersection_access_effect,true_vs_performance_matched_intersection,-0.5012607556955875,-0.5846116493787333,0.08335089368314592,0.003599280143971206,101
linear_c_state,rank_reward,sic_continuous,SI_SIC_to_Relative,intersection_access_effect,true_vs_shuffled_c_intersection,-0.5012607556955875,-0.5460046781477504,0.04474392245216307,0.04379124175164967,101
linear_c_state,rank_reward,sic_continuous,SI_SIC_to_Relative,intersection_access_effect,true_vs_phase_rotated_intersection,-0.5012607556955875,-0.6330926478162907,0.13183189212070334,0.0007998400319936012,101
linear_c_state,gmr72_bridge_composite,sic_continuous,Relative_to_SI_SIC,access_readout,true_vs_random_intersection,0.005230432738602242,0.082431862139439,-0.07720142940083674,0.9986002799440112,101
linear_c_state,gmr72_bridge_composite,sic_continuous,Relative_to_SI_SIC,access_readout,true_vs_balanced_intersection,0.005230432738602242,-0.0014905345301488506,0.006720967268751071,0.1993601279744051,101
linear_c_state,gmr72_bridge_composite,sic_continuous,Relative_to_SI_SIC,access_readout,true_vs_performance_matched_intersection,0.005230432738602242,0.006785794038024288,-0.001555361299422053,0.5440911817636472,101
linear_c_state,gmr72_bridge_composite,sic_continuous,Relative_to_SI_SIC,access_readout,true_vs_shuffled_c_intersection,0.005230432738602242,0.00025992027615993527,0.004970512462442313,0.29054189162167565,101
linear_c_state,gmr72_bridge_composite,sic_continuous,Relative_to_SI_SIC,access_readout,true_vs_phase_rotated_intersection,0.005230432738602242,-0.021370658468732994,0.026601091207335243,0.04619076184763048,101
linear_c_state,gmr72_bridge_composite,sic_continuous,Relative_to_SI_SIC,intersection_access_effect,true_vs_random_intersection,-0.534317632696381,-0.4571162032955442,-0.07720142940083674,0.9988002399520096,101
linear_c_state,gmr72_bridge_composite,sic_continuous,Relative_to_SI_SIC,intersection_access_effect,true_vs_balanced_intersection,-0.534317632696381,-0.5410385999651321,0.006720967268751069,0.19896020795840832,101
linear_c_state,gmr72_bridge_composite,sic_continuous,Relative_to_SI_SIC,intersection_access_effect,true_vs_performance_matched_intersection,-0.534317632696381,-0.5327622713969591,-0.001555361299422061,0.5474905018996201,101
linear_c_state,gmr72_bridge_composite,sic_continuous,Relative_to_SI_SIC,intersection_access_effect,true_vs_shuffled_c_intersection,-0.534317632696381,-0.5392881451588234,0.0049705124624423065,0.28894221155768846,101
linear_c_state,gmr72_bridge_composite,sic_continuous,Relative_to_SI_SIC,intersection_access_effect,true_vs_phase_rotated_intersection,-0.534317632696381,-0.5609187239037163,0.026601091207335253,0.04799040191961608,101
linear_c_state,gmr72_bridge_composite,sic_continuous,SI_SIC_to_Relative,access_readout,true_vs_random_intersection,-0.004358115221940861,0.02724116426857486,-0.031599279490515726,0.7940411917616477,101
linear_c_state,gmr72_bridge_composite,sic_continuous,SI_SIC_to_Relative,access_readout,true_vs_balanced_intersection,-0.004358115221940861,-0.0246597081267326,0.020301592904791735,0.010997800439912017,101
linear_c_state,gmr72_bridge_composite,sic_continuous,SI_SIC_to_Relative,access_readout,true_vs_performance_matched_intersection,-0.004358115221940861,-0.018874245498409332,0.01451613027646847,0.2533493301339732,101
linear_c_state,gmr72_bridge_composite,sic_continuous,SI_SIC_to_Relative,access_readout,true_vs_shuffled_c_intersection,-0.004358115221940861,-0.01983128226281184,0.015473167040870973,0.08258348330333934,101
linear_c_state,gmr72_bridge_composite,sic_continuous,SI_SIC_to_Relative,access_readout,true_vs_phase_rotated_intersection,-0.004358115221940861,-0.04640718112629172,0.042049065904350834,0.027594481103779243,101
linear_c_state,gmr72_bridge_composite,sic_continuous,SI_SIC_to_Relative,intersection_access_effect,true_vs_random_intersection,-0.543906180656924,-0.5123069011664083,-0.03159927949051572,0.7988402319536093,101
linear_c_state,gmr72_bridge_composite,sic_continuous,SI_SIC_to_Relative,intersection_access_effect,true_vs_balanced_intersection,-0.543906180656924,-0.5642077735617159,0.02030159290479173,0.014797040591881624,101
linear_c_state,gmr72_bridge_composite,sic_continuous,SI_SIC_to_Relative,intersection_access_effect,true_vs_performance_matched_intersection,-0.543906180656924,-0.5584223109333928,0.014516130276468473,0.26034793041391724,101
linear_c_state,gmr72_bridge_composite,sic_continuous,SI_SIC_to_Relative,intersection_access_effect,true_vs_shuffled_c_intersection,-0.543906180656924,-0.5593793476977951,0.015473167040870964,0.08818236352729454,101
linear_c_state,gmr72_bridge_composite,sic_continuous,SI_SIC_to_Relative,intersection_access_effect,true_vs_phase_rotated_intersection,-0.543906180656924,-0.5859552465612751,0.04204906590435087,0.026194761047790442,101
combined_c_fes_gmr72,z_reward,si_projection_reception,Relative_to_SI_SIC,access_readout,true_vs_random_intersection,0.006565810197520985,-0.03297800462085971,0.03954381481838069,0.1867626474705059,89
combined_c_fes_gmr72,z_reward,si_projection_reception,Relative_to_SI_SIC,access_readout,true_vs_balanced_intersection,0.006565810197520985,-0.015142478733935504,0.02170828893145649,0.1863627274545091,89
combined_c_fes_gmr72,z_reward,si_projection_reception,Relative_to_SI_SIC,access_readout,true_vs_performance_matched_intersection,0.006565810197520985,-0.006169561407200471,0.012735371604721447,0.3311337732453509,89
combined_c_fes_gmr72,z_reward,si_projection_reception,Relative_to_SI_SIC,access_readout,true_vs_shuffled_c_intersection,0.006565810197520985,-0.003090342465833112,0.009656152663354093,0.38972205558888223,89
combined_c_fes_gmr72,z_reward,si_projection_reception,Relative_to_SI_SIC,access_readout,true_vs_phase_rotated_intersection,0.006565810197520985,-0.008557396588861524,0.015123206786382511,0.260747850429914,89
combined_c_fes_gmr72,z_reward,si_projection_reception,Relative_to_SI_SIC,intersection_access_effect,true_vs_random_intersection,-0.515848609323464,-0.5553924241418446,0.039543814818380686,0.1811637672465507,89
combined_c_fes_gmr72,z_reward,si_projection_reception,Relative_to_SI_SIC,intersection_access_effect,true_vs_balanced_intersection,-0.515848609323464,-0.5375568982549206,0.02170828893145648,0.1873625274945011,89
combined_c_fes_gmr72,z_reward,si_projection_reception,Relative_to_SI_SIC,intersection_access_effect,true_vs_performance_matched_intersection,-0.515848609323464,-0.5285839809281855,0.012735371604721457,0.34173165366926617,89
combined_c_fes_gmr72,z_reward,si_projection_reception,Relative_to_SI_SIC,intersection_access_effect,true_vs_shuffled_c_intersection,-0.515848609323464,-0.5255047619868181,0.009656152663354092,0.3909218156368726,89
combined_c_fes_gmr72,z_reward,si_projection_reception,Relative_to_SI_SIC,intersection_access_effect,true_vs_phase_rotated_intersection,-0.515848609323464,-0.5309718161098466,0.015123206786382511,0.2485502899420116,89
combined_c_fes_gmr72,z_reward,si_projection_reception,SI_SIC_to_Relative,access_readout,true_vs_random_intersection,-0.020461202748346428,-0.057607062102033355,0.03714585935368691,0.14977004599080185,89
combined_c_fes_gmr72,z_reward,si_projection_reception,SI_SIC_to_Relative,access_readout,true_vs_balanced_intersection,-0.020461202748346428,-0.029856658543931665,0.009395455795585215,0.33673265346930614,89
combined_c_fes_gmr72,z_reward,si_projection_reception,SI_SIC_to_Relative,access_readout,true_vs_performance_matched_intersection,-0.020461202748346428,-0.03603555963540278,0.015574356887056327,0.3349330133973205,89
combined_c_fes_gmr72,z_reward,si_projection_reception,SI_SIC_to_Relative,access_readout,true_vs_shuffled_c_intersection,-0.020461202748346428,-0.0015278132196777819,-0.01893338952866866,0.7144571085782844,89
combined_c_fes_gmr72,z_reward,si_projection_reception,SI_SIC_to_Relative,access_readout,true_vs_phase_rotated_intersection,-0.020461202748346428,-0.0010096204873498646,-0.019451582260996563,0.6776644671065787,89
combined_c_fes_gmr72,z_reward,si_projection_reception,SI_SIC_to_Relative,intersection_access_effect,true_vs_random_intersection,-0.5428756222693315,-0.5800214816230183,0.03714585935368692,0.14877024595080984,89
combined_c_fes_gmr72,z_reward,si_projection_reception,SI_SIC_to_Relative,intersection_access_effect,true_vs_balanced_intersection,-0.5428756222693315,-0.5522710780649167,0.009395455795585216,0.33713257348530296,89
combined_c_fes_gmr72,z_reward,si_projection_reception,SI_SIC_to_Relative,intersection_access_effect,true_vs_performance_matched_intersection,-0.5428756222693315,-0.5584499791563878,0.015574356887056329,0.33653269346130776,89
combined_c_fes_gmr72,z_reward,si_projection_reception,SI_SIC_to_Relative,intersection_access_effect,true_vs_shuffled_c_intersection,-0.5428756222693315,-0.5239422327406628,-0.01893338952866866,0.7120575884823035,89
combined_c_fes_gmr72,z_reward,si_projection_reception,SI_SIC_to_Relative,intersection_access_effect,true_vs_phase_rotated_intersection,-0.5428756222693315,-0.5234240400083349,-0.019451582260996563,0.6722655468906219,89
combined_c_fes_gmr72,rank_reward,si_projection_reception,Relative_to_SI_SIC,access_readout,true_vs_random_intersection,-0.003314082131103379,-0.03297800462085971,0.029663922489756335,0.251749650069986,89
combined_c_fes_gmr72,rank_reward,si_projection_reception,Relative_to_SI_SIC,access_readout,true_vs_balanced_intersection,-0.003314082131103379,-0.015142478733935504,0.011828396602832136,0.2949410117976405,89
combined_c_fes_gmr72,rank_reward,si_projection_reception,Relative_to_SI_SIC,access_readout,true_vs_performance_matched_intersection,-0.003314082131103379,-0.0224595932472492,0.01914551111614583,0.2543491301739652,89
combined_c_fes_gmr72,rank_reward,si_projection_reception,Relative_to_SI_SIC,access_readout,true_vs_shuffled_c_intersection,-0.003314082131103379,-0.003714237448345174,0.0004001553172417853,0.499500099980004,89
combined_c_fes_gmr72,rank_reward,si_projection_reception,Relative_to_SI_SIC,access_readout,true_vs_phase_rotated_intersection,-0.003314082131103379,-0.01521894639259112,0.011904864261487751,0.3017396520695861,89
combined_c_fes_gmr72,rank_reward,si_projection_reception,Relative_to_SI_SIC,intersection_access_effect,true_vs_random_intersection,-0.5257285016520883,-0.5553924241418446,0.029663922489756335,0.2463507298540292,89
combined_c_fes_gmr72,rank_reward,si_projection_reception,Relative_to_SI_SIC,intersection_access_effect,true_vs_balanced_intersection,-0.5257285016520883,-0.5375568982549206,0.011828396602832128,0.29734053189362125,89
combined_c_fes_gmr72,rank_reward,si_projection_reception,Relative_to_SI_SIC,intersection_access_effect,true_vs_performance_matched_intersection,-0.5257285016520883,-0.5448740127682343,0.019145511116145833,0.2699460107978404,89
combined_c_fes_gmr72,rank_reward,si_projection_reception,Relative_to_SI_SIC,intersection_access_effect,true_vs_shuffled_c_intersection,-0.5257285016520883,-0.5261286569693301,0.00040015531724178907,0.4941011797640472,89
combined_c_fes_gmr72,rank_reward,si_projection_reception,Relative_to_SI_SIC,intersection_access_effect,true_vs_phase_rotated_intersection,-0.5257285016520883,-0.537633365913576,0.011904864261487765,0.2871425714857029,89
combined_c_fes_gmr72,rank_reward,si_projection_reception,SI_SIC_to_Relative,access_readout,true_vs_random_intersection,-0.030540495663397182,-0.057607062102033355,0.027066566438636176,0.22415516896620677,89
combined_c_fes_gmr72,rank_reward,si_projection_reception,SI_SIC_to_Relative,access_readout,true_vs_balanced_intersection,-0.030540495663397182,-0.029856658543931665,-0.0006838371194655253,0.5088982203559288,89
combined_c_fes_gmr72,rank_reward,si_projection_reception,SI_SIC_to_Relative,access_readout,true_vs_performance_matched_intersection,-0.030540495663397182,-0.05260106473050901,0.022060569067111846,0.27494501099780044,89
combined_c_fes_gmr72,rank_reward,si_projection_reception,SI_SIC_to_Relative,access_readout,true_vs_shuffled_c_intersection,-0.030540495663397182,-0.001263202124050227,-0.029277293539346945,0.8390321935612878,89
combined_c_fes_gmr72,rank_reward,si_projection_reception,SI_SIC_to_Relative,access_readout,true_vs_phase_rotated_intersection,-0.030540495663397182,0.003961091186049505,-0.034501586849446673,0.7994401119776045,89
combined_c_fes_gmr72,rank_reward,si_projection_reception,SI_SIC_to_Relative,intersection_access_effect,true_vs_random_intersection,-0.5529549151843821,-0.5800214816230183,0.02706656643863618,0.22355528894221155,89
combined_c_fes_gmr72,rank_reward,si_projection_reception,SI_SIC_to_Relative,intersection_access_effect,true_vs_balanced_intersection,-0.5529549151843821,-0.5522710780649167,-0.0006838371194655278,0.5076984603079384,89
combined_c_fes_gmr72,rank_reward,si_projection_reception,SI_SIC_to_Relative,intersection_access_effect,true_vs_performance_matched_intersection,-0.5529549151843821,-0.5750154842514941,0.022060569067111846,0.27914417116576684,89
combined_c_fes_gmr72,rank_reward,si_projection_reception,SI_SIC_to_Relative,intersection_access_effect,true_vs_shuffled_c_intersection,-0.5529549151843821,-0.5236776216450352,-0.029277293539346945,0.8482303539292142,89
combined_c_fes_gmr72,rank_reward,si_projection_reception,SI_SIC_to_Relative,intersection_access_effect,true_vs_phase_rotated_intersection,-0.5529549151843821,-0.5184533283349355,-0.03450158684944669,0.7900419916016796,89
combined_c_fes_gmr72,gmr72_bridge_composite,si_projection_reception,Relative_to_SI_SIC,access_readout,true_vs_random_intersection,-0.010359550222425547,-0.03297800462085971,0.022618454398434157,0.3069386122775445,89
combined_c_fes_gmr72,gmr72_bridge_composite,si_projection_reception,Relative_to_SI_SIC,access_readout,true_vs_balanced_intersection,-0.010359550222425547,-0.015142478733935504,0.00478292851150995,0.42131573685262946,89
combined_c_fes_gmr72,gmr72_bridge_composite,si_projection_reception,Relative_to_SI_SIC,access_readout,true_vs_performance_matched_intersection,-0.010359550222425547,-0.01583444386273166,0.005474893640306098,0.4205158968206359,89
combined_c_fes_gmr72,gmr72_bridge_composite,si_projection_reception,Relative_to_SI_SIC,access_readout,true_vs_shuffled_c_intersection,-0.010359550222425547,-0.02194923649285012,0.011589686270424565,0.375124975004999,89
combined_c_fes_gmr72,gmr72_bridge_composite,si_projection_reception,Relative_to_SI_SIC,access_readout,true_vs_phase_rotated_intersection,-0.010359550222425547,-0.006808890974189347,-0.0035506592482362183,0.5680863827234554,89
combined_c_fes_gmr72,gmr72_bridge_composite,si_projection_reception,Relative_to_SI_SIC,intersection_access_effect,true_vs_random_intersection,-0.5327739697434106,-0.5553924241418446,0.022618454398434146,0.31593681263747253,89
combined_c_fes_gmr72,gmr72_bridge_composite,si_projection_reception,Relative_to_SI_SIC,intersection_access_effect,true_vs_balanced_intersection,-0.5327739697434106,-0.5375568982549206,0.004782928511509943,0.4341131773645271,89
combined_c_fes_gmr72,gmr72_bridge_composite,si_projection_reception,Relative_to_SI_SIC,intersection_access_effect,true_vs_performance_matched_intersection,-0.5327739697434106,-0.5382488633837166,0.005474893640306101,0.41811637672465507,89
combined_c_fes_gmr72,gmr72_bridge_composite,si_projection_reception,Relative_to_SI_SIC,intersection_access_effect,true_vs_shuffled_c_intersection,-0.5327739697434106,-0.5443636560138353,0.01158968627042457,0.36532693461307736,89
combined_c_fes_gmr72,gmr72_bridge_composite,si_projection_reception,Relative_to_SI_SIC,intersection_access_effect,true_vs_phase_rotated_intersection,-0.5327739697434106,-0.5292233104951743,-0.0035506592482362222,0.5562887422515497,89
combined_c_fes_gmr72,gmr72_bridge_composite,si_projection_reception,SI_SIC_to_Relative,access_readout,true_vs_random_intersection,-0.032209980235615436,-0.057607062102033355,0.025397081866417922,0.22995400919816036,89
combined_c_fes_gmr72,gmr72_bridge_composite,si_projection_reception,SI_SIC_to_Relative,access_readout,true_vs_balanced_intersection,-0.032209980235615436,-0.029856658543931665,-0.0023533216916837743,0.5658868226354729,89
combined_c_fes_gmr72,gmr72_bridge_composite,si_projection_reception,SI_SIC_to_Relative,access_readout,true_vs_performance_matched_intersection,-0.032209980235615436,-0.03426133715937257,0.002051356923757132,0.471505698860228,89
combined_c_fes_gmr72,gmr72_bridge_composite,si_projection_reception,SI_SIC_to_Relative,access_readout,true_vs_shuffled_c_intersection,-0.032209980235615436,-0.01854330488467923,-0.013666675350936214,0.6896620675864827,89
combined_c_fes_gmr72,gmr72_bridge_composite,si_projection_reception,SI_SIC_to_Relative,access_readout,true_vs_phase_rotated_intersection,-0.032209980235615436,-0.0011488880624143712,-0.03106109217320106,0.9006198760247951,89
combined_c_fes_gmr72,gmr72_bridge_composite,si_projection_reception,SI_SIC_to_Relative,intersection_access_effect,true_vs_random_intersection,-0.5546243997566004,-0.5800214816230183,0.025397081866417946,0.24675064987002598,89
combined_c_fes_gmr72,gmr72_bridge_composite,si_projection_reception,SI_SIC_to_Relative,intersection_access_effect,true_vs_balanced_intersection,-0.5546243997566004,-0.5522710780649167,-0.0023533216916837687,0.5556888622275545,89
combined_c_fes_gmr72,gmr72_bridge_composite,si_projection_reception,SI_SIC_to_Relative,intersection_access_effect,true_vs_performance_matched_intersection,-0.5546243997566004,-0.5566757566803575,0.0020513569237571383,0.46950609878024396,89
combined_c_fes_gmr72,gmr72_bridge_composite,si_projection_reception,SI_SIC_to_Relative,intersection_access_effect,true_vs_shuffled_c_intersection,-0.5546243997566004,-0.5409577244056643,-0.013666675350936217,0.6878624275144971,89
combined_c_fes_gmr72,gmr72_bridge_composite,si_projection_reception,SI_SIC_to_Relative,intersection_access_effect,true_vs_phase_rotated_intersection,-0.5546243997566004,-0.5235633075833993,-0.03106109217320106,0.8978204359128175,89
gmr72_phase_conditioned,z_reward,si_projection_reception,Relative_to_SI_SIC,access_readout,true_vs_random_intersection,0.046691779067868304,0.02181553678696348,0.02487624228090484,0.21975604879024196,89
gmr72_phase_conditioned,z_reward,si_projection_reception,Relative_to_SI_SIC,access_readout,true_vs_balanced_intersection,0.046691779067868304,-0.015142478733935504,0.061834257801803814,0.007198560287942412,89
gmr72_phase_conditioned,z_reward,si_projection_reception,Relative_to_SI_SIC,access_readout,true_vs_performance_matched_intersection,0.046691779067868304,-0.006169561407200471,0.05286134047506877,0.01219756048790242,89
gmr72_phase_conditioned,z_reward,si_projection_reception,Relative_to_SI_SIC,access_readout,true_vs_shuffled_c_intersection,0.046691779067868304,-0.029949283930651046,0.07664106299851936,0.007398520295940812,89
gmr72_phase_conditioned,z_reward,si_projection_reception,Relative_to_SI_SIC,access_readout,true_vs_phase_rotated_intersection,0.046691779067868304,-0.02083772208152372,0.06752950114939202,0.004599080183963208,89
gmr72_phase_conditioned,z_reward,si_projection_reception,Relative_to_SI_SIC,intersection_access_effect,true_vs_random_intersection,-0.47572264045311674,-0.5005988827340215,0.02487624228090481,0.22415516896620677,89
gmr72_phase_conditioned,z_reward,si_projection_reception,Relative_to_SI_SIC,intersection_access_effect,true_vs_balanced_intersection,-0.47572264045311674,-0.5375568982549206,0.061834257801803794,0.007598480303939212,89
gmr72_phase_conditioned,z_reward,si_projection_reception,Relative_to_SI_SIC,intersection_access_effect,true_vs_performance_matched_intersection,-0.47572264045311674,-0.5285839809281855,0.05286134047506877,0.013197360527894421,89
gmr72_phase_conditioned,z_reward,si_projection_reception,Relative_to_SI_SIC,intersection_access_effect,true_vs_shuffled_c_intersection,-0.47572264045311674,-0.5523637034516361,0.07664106299851936,0.008598280343931213,89
gmr72_phase_conditioned,z_reward,si_projection_reception,Relative_to_SI_SIC,intersection_access_effect,true_vs_phase_rotated_intersection,-0.47572264045311674,-0.5432521416025087,0.06752950114939203,0.005398920215956809,89
gmr72_phase_conditioned,z_reward,si_projection_reception,SI_SIC_to_Relative,access_readout,true_vs_random_intersection,0.05540257091478837,0.029293546972720852,0.026109023942067523,0.2705458908218356,89
gmr72_phase_conditioned,z_reward,si_projection_reception,SI_SIC_to_Relative,access_readout,true_vs_balanced_intersection,0.05540257091478837,-0.029856658543931665,0.08525922945872001,0.003199360127974405,89
gmr72_phase_conditioned,z_reward,si_projection_reception,SI_SIC_to_Relative,access_readout,true_vs_performance_matched_intersection,0.05540257091478837,-0.03603555963540278,0.09143813055019114,0.004999000199960008,89
gmr72_phase_conditioned,z_reward,si_projection_reception,SI_SIC_to_Relative,access_readout,true_vs_shuffled_c_intersection,0.05540257091478837,-0.06647737771933467,0.12187994863412303,0.0001999600079984003,89
gmr72_phase_conditioned,z_reward,si_projection_reception,SI_SIC_to_Relative,access_readout,true_vs_phase_rotated_intersection,0.05540257091478837,-0.04156843037370945,0.09697100128849781,0.013597280543891222,89
gmr72_phase_conditioned,z_reward,si_projection_reception,SI_SIC_to_Relative,intersection_access_effect,true_vs_random_intersection,-0.4670118486061966,-0.4931208725482642,0.026109023942067513,0.27834433113377327,89
gmr72_phase_conditioned,z_reward,si_projection_reception,SI_SIC_to_Relative,intersection_access_effect,true_vs_balanced_intersection,-0.4670118486061966,-0.5522710780649167,0.08525922945872003,0.003599280143971206,89
gmr72_phase_conditioned,z_reward,si_projection_reception,SI_SIC_to_Relative,intersection_access_effect,true_vs_performance_matched_intersection,-0.4670118486061966,-0.5584499791563878,0.09143813055019115,0.0065986802639472104,89
gmr72_phase_conditioned,z_reward,si_projection_reception,SI_SIC_to_Relative,intersection_access_effect,true_vs_shuffled_c_intersection,-0.4670118486061966,-0.5888917972403196,0.12187994863412302,0.0005998800239952009,89
gmr72_phase_conditioned,z_reward,si_projection_reception,SI_SIC_to_Relative,intersection_access_effect,true_vs_phase_rotated_intersection,-0.4670118486061966,-0.5639828498946945,0.09697100128849785,0.014197160567886422,89
gmr72_phase_conditioned,rank_reward,si_projection_reception,Relative_to_SI_SIC,access_readout,true_vs_random_intersection,0.043461828329730806,0.02181553678696348,0.021646291542767353,0.2715456908618276,89
gmr72_phase_conditioned,rank_reward,si_projection_reception,Relative_to_SI_SIC,access_readout,true_vs_balanced_intersection,0.043461828329730806,-0.015142478733935504,0.05860430706366633,0.01839632073585283,89
gmr72_phase_conditioned,rank_reward,si_projection_reception,Relative_to_SI_SIC,access_readout,true_vs_performance_matched_intersection,0.043461828329730806,-0.0224595932472492,0.06592142157698003,0.01279744051189762,89
gmr72_phase_conditioned,rank_reward,si_projection_reception,Relative_to_SI_SIC,access_readout,true_vs_shuffled_c_intersection,0.043461828329730806,-0.016369439783951646,0.059831268113682466,0.04839032193561288,89
gmr72_phase_conditioned,rank_reward,si_projection_reception,Relative_to_SI_SIC,access_readout,true_vs_phase_rotated_intersection,0.043461828329730806,-0.03009411816159862,0.07355594649132943,0.0023995200959808036,89
gmr72_phase_conditioned,rank_reward,si_projection_reception,Relative_to_SI_SIC,intersection_access_effect,true_vs_random_intersection,-0.4789525911912542,-0.5005988827340215,0.021646291542767346,0.2623475304939012,89
gmr72_phase_conditioned,rank_reward,si_projection_reception,Relative_to_SI_SIC,intersection_access_effect,true_vs_balanced_intersection,-0.4789525911912542,-0.5375568982549206,0.05860430706366633,0.01739652069586083,89
gmr72_phase_conditioned,rank_reward,si_projection_reception,Relative_to_SI_SIC,intersection_access_effect,true_vs_performance_matched_intersection,-0.4789525911912542,-0.5448740127682343,0.06592142157698004,0.015996800639872025,89
gmr72_phase_conditioned,rank_reward,si_projection_reception,Relative_to_SI_SIC,intersection_access_effect,true_vs_shuffled_c_intersection,-0.4789525911912542,-0.5387838593049368,0.05983126811368247,0.04599080183963208,89
gmr72_phase_conditioned,rank_reward,si_projection_reception,Relative_to_SI_SIC,intersection_access_effect,true_vs_phase_rotated_intersection,-0.4789525911912542,-0.5525085376825836,0.07355594649132945,0.0011997600479904018,89
gmr72_phase_conditioned,rank_reward,si_projection_reception,SI_SIC_to_Relative,access_readout,true_vs_random_intersection,0.04990129932693677,0.029293546972720852,0.020607752354215927,0.3229354129174165,89
gmr72_phase_conditioned,rank_reward,si_projection_reception,SI_SIC_to_Relative,access_readout,true_vs_balanced_intersection,0.04990129932693677,-0.029856658543931665,0.07975795787086844,0.003599280143971206,89
gmr72_phase_conditioned,rank_reward,si_projection_reception,SI_SIC_to_Relative,access_readout,true_vs_performance_matched_intersection,0.04990129932693677,-0.05260106473050901,0.10250236405744581,0.0027994401119776045,89
gmr72_phase_conditioned,rank_reward,si_projection_reception,SI_SIC_to_Relative,access_readout,true_vs_shuffled_c_intersection,0.04990129932693677,-0.058246458117991576,0.10814775744492837,0.0007998400319936012,89
gmr72_phase_conditioned,rank_reward,si_projection_reception,SI_SIC_to_Relative,access_readout,true_vs_phase_rotated_intersection,0.04990129932693677,-0.04543212658133123,0.095333425908268,0.0065986802639472104,89
gmr72_phase_conditioned,rank_reward,si_projection_reception,SI_SIC_to_Relative,intersection_access_effect,true_vs_random_intersection,-0.47251312019404823,-0.4931208725482642,0.020607752354215924,0.31853629274145173,89
gmr72_phase_conditioned,rank_reward,si_projection_reception,SI_SIC_to_Relative,intersection_access_effect,true_vs_balanced_intersection,-0.47251312019404823,-0.5522710780649167,0.07975795787086844,0.007798440311937612,89
gmr72_phase_conditioned,rank_reward,si_projection_reception,SI_SIC_to_Relative,intersection_access_effect,true_vs_performance_matched_intersection,-0.47251312019404823,-0.5750154842514941,0.10250236405744581,0.003999200159968006,89
gmr72_phase_conditioned,rank_reward,si_projection_reception,SI_SIC_to_Relative,intersection_access_effect,true_vs_shuffled_c_intersection,-0.47251312019404823,-0.5806608776389767,0.10814775744492837,0.0005998800239952009,89
gmr72_phase_conditioned,rank_reward,si_projection_reception,SI_SIC_to_Relative,intersection_access_effect,true_vs_phase_rotated_intersection,-0.47251312019404823,-0.5678465461023162,0.095333425908268,0.00599880023995201,89
gmr72_phase_conditioned,gmr72_bridge_composite,si_projection_reception,Relative_to_SI_SIC,access_readout,true_vs_random_intersection,0.0018385527013399276,0.02181553678696348,-0.01997698408562354,0.7390521895620876,89
gmr72_phase_conditioned,gmr72_bridge_composite,si_projection_reception,Relative_to_SI_SIC,access_readout,true_vs_balanced_intersection,0.0018385527013399276,-0.015142478733935504,0.016981031435275434,0.07158568286342731,89
gmr72_phase_conditioned,gmr72_bridge_composite,si_projection_reception,Relative_to_SI_SIC,access_readout,true_vs_performance_matched_intersection,0.0018385527013399276,-0.01583444386273166,0.017672996564071584,0.16616676664667065,89
gmr72_phase_conditioned,gmr72_bridge_composite,si_projection_reception,Relative_to_SI_SIC,access_readout,true_vs_shuffled_c_intersection,0.0018385527013399276,-0.015773699256625726,0.017612251957965654,0.1365726854629074,89
gmr72_phase_conditioned,gmr72_bridge_composite,si_projection_reception,Relative_to_SI_SIC,access_readout,true_vs_phase_rotated_intersection,0.0018385527013399276,-0.027987394304527156,0.029825947005867087,0.013597280543891222,89
gmr72_phase_conditioned,gmr72_bridge_composite,si_projection_reception,Relative_to_SI_SIC,intersection_access_effect,true_vs_random_intersection,-0.5205758668196451,-0.5005988827340215,-0.019976984085623557,0.7340531893621276,89
gmr72_phase_conditioned,gmr72_bridge_composite,si_projection_reception,Relative_to_SI_SIC,intersection_access_effect,true_vs_balanced_intersection,-0.5205758668196451,-0.5375568982549206,0.016981031435275427,0.07378524295140972,89
gmr72_phase_conditioned,gmr72_bridge_composite,si_projection_reception,Relative_to_SI_SIC,intersection_access_effect,true_vs_performance_matched_intersection,-0.5205758668196451,-0.5382488633837166,0.017672996564071584,0.15656868626274745,89
gmr72_phase_conditioned,gmr72_bridge_composite,si_projection_reception,Relative_to_SI_SIC,intersection_access_effect,true_vs_shuffled_c_intersection,-0.5205758668196451,-0.5381881187776107,0.017612251957965657,0.1285742851429714,89
gmr72_phase_conditioned,gmr72_bridge_composite,si_projection_reception,Relative_to_SI_SIC,intersection_access_effect,true_vs_phase_rotated_intersection,-0.5205758668196451,-0.5504018138255121,0.029825947005867066,0.015796840631873626,89
gmr72_phase_conditioned,gmr72_bridge_composite,si_projection_reception,SI_SIC_to_Relative,access_readout,true_vs_random_intersection,-0.005367000509118983,0.029293546972720852,-0.03466054748183984,0.7934413117376524,89
gmr72_phase_conditioned,gmr72_bridge_composite,si_projection_reception,SI_SIC_to_Relative,access_readout,true_vs_balanced_intersection,-0.005367000509118983,-0.029856658543931665,0.024489658034812675,0.007598480303939212,89
gmr72_phase_conditioned,gmr72_bridge_composite,si_projection_reception,SI_SIC_to_Relative,access_readout,true_vs_performance_matched_intersection,-0.005367000509118983,-0.03426133715937257,0.02889433665025358,0.12077584483103379,89
gmr72_phase_conditioned,gmr72_bridge_composite,si_projection_reception,SI_SIC_to_Relative,access_readout,true_vs_shuffled_c_intersection,-0.005367000509118983,-0.03938234741582538,0.0340153469067064,0.0001999600079984003,89
gmr72_phase_conditioned,gmr72_bridge_composite,si_projection_reception,SI_SIC_to_Relative,access_readout,true_vs_phase_rotated_intersection,-0.005367000509118983,-0.03492911603621956,0.02956211552710056,0.07418516296740651,89
gmr72_phase_conditioned,gmr72_bridge_composite,si_projection_reception,SI_SIC_to_Relative,intersection_access_effect,true_vs_random_intersection,-0.527781420030104,-0.4931208725482642,-0.03466054748183983,0.8028394321135773,89
gmr72_phase_conditioned,gmr72_bridge_composite,si_projection_reception,SI_SIC_to_Relative,intersection_access_effect,true_vs_balanced_intersection,-0.527781420030104,-0.5522710780649167,0.024489658034812685,0.00599880023995201,89
gmr72_phase_conditioned,gmr72_bridge_composite,si_projection_reception,SI_SIC_to_Relative,intersection_access_effect,true_vs_performance_matched_intersection,-0.527781420030104,-0.5566757566803575,0.028894336650253583,0.121375724855029,89
gmr72_phase_conditioned,gmr72_bridge_composite,si_projection_reception,SI_SIC_to_Relative,intersection_access_effect,true_vs_shuffled_c_intersection,-0.527781420030104,-0.5617967669368104,0.0340153469067064,0.0001999600079984003,89
gmr72_phase_conditioned,gmr72_bridge_composite,si_projection_reception,SI_SIC_to_Relative,intersection_access_effect,true_vs_phase_rotated_intersection,-0.527781420030104,-0.5573435355572045,0.029562115527100575,0.07858428314337132,89
fes_string_conditioned,z_reward,si_projection_reception,Relative_to_SI_SIC,access_readout,true_vs_random_intersection,-0.013019996643640203,0.07082489100736684,-0.083844887651007,0.9734053189362127,89
fes_string_conditioned,z_reward,si_projection_reception,Relative_to_SI_SIC,access_readout,true_vs_balanced_intersection,-0.013019996643640203,-0.015142478733935504,0.002122482090295308,0.39812037592481503,89
fes_string_conditioned,z_reward,si_projection_reception,Relative_to_SI_SIC,access_readout,true_vs_performance_matched_intersection,-0.013019996643640203,-0.006169561407200471,-0.006850435236439735,0.6898620275944811,89
fes_string_conditioned,z_reward,si_projection_reception,Relative_to_SI_SIC,access_readout,true_vs_shuffled_c_intersection,-0.013019996643640203,0.0001459046472166973,-0.013165901290856897,0.9300139972005599,89
fes_string_conditioned,z_reward,si_projection_reception,Relative_to_SI_SIC,access_readout,true_vs_phase_rotated_intersection,-0.013019996643640203,-0.01589920077475128,0.0028792041311110845,0.396120775844831,89
fes_string_conditioned,z_reward,si_projection_reception,Relative_to_SI_SIC,intersection_access_effect,true_vs_random_intersection,-0.5354344161646252,-0.4515895285136181,-0.08384488765100703,0.9758048390321936,89
fes_string_conditioned,z_reward,si_projection_reception,Relative_to_SI_SIC,intersection_access_effect,true_vs_balanced_intersection,-0.5354344161646252,-0.5375568982549206,0.0021224820902953005,0.40831833633273346,89
fes_string_conditioned,z_reward,si_projection_reception,Relative_to_SI_SIC,intersection_access_effect,true_vs_performance_matched_intersection,-0.5354344161646252,-0.5285839809281855,-0.006850435236439726,0.7028594281143771,89
fes_string_conditioned,z_reward,si_projection_reception,Relative_to_SI_SIC,intersection_access_effect,true_vs_shuffled_c_intersection,-0.5354344161646252,-0.5222685148737684,-0.013165901290856897,0.9320135972805439,89
fes_string_conditioned,z_reward,si_projection_reception,Relative_to_SI_SIC,intersection_access_effect,true_vs_phase_rotated_intersection,-0.5354344161646252,-0.5383136202957363,0.002879204131111081,0.40151969606078786,89
fes_string_conditioned,z_reward,si_projection_reception,SI_SIC_to_Relative,access_readout,true_vs_random_intersection,-0.02618995092941937,-0.0472787476260332,0.02108879669661381,0.3723255348930214,89
fes_string_conditioned,z_reward,si_projection_reception,SI_SIC_to_Relative,access_readout,true_vs_balanced_intersection,-0.02618995092941937,-0.029856658543931665,0.003666707614512285,0.4029194161167766,89
fes_string_conditioned,z_reward,si_projection_reception,SI_SIC_to_Relative,access_readout,true_vs_performance_matched_intersection,-0.02618995092941937,-0.03603555963540278,0.009845608705983397,0.34433113377324537,89
fes_string_conditioned,z_reward,si_projection_reception,SI_SIC_to_Relative,access_readout,true_vs_shuffled_c_intersection,-0.02618995092941937,-0.011309258526255042,-0.014880692403164334,0.9620075984803039,89
fes_string_conditioned,z_reward,si_projection_reception,SI_SIC_to_Relative,access_readout,true_vs_phase_rotated_intersection,-0.02618995092941937,-0.03870093528976462,0.012510984360345251,0.2995400919816037,89
fes_string_conditioned,z_reward,si_projection_reception,SI_SIC_to_Relative,intersection_access_effect,true_vs_random_intersection,-0.5486043704504044,-0.5696931671470181,0.02108879669661383,0.35692861427714456,89
fes_string_conditioned,z_reward,si_projection_reception,SI_SIC_to_Relative,intersection_access_effect,true_vs_balanced_intersection,-0.5486043704504044,-0.5522710780649167,0.0036667076145122874,0.40011997600479904,89
fes_string_conditioned,z_reward,si_projection_reception,SI_SIC_to_Relative,intersection_access_effect,true_vs_performance_matched_intersection,-0.5486043704504044,-0.5584499791563878,0.009845608705983399,0.34453109378124375,89
fes_string_conditioned,z_reward,si_projection_reception,SI_SIC_to_Relative,intersection_access_effect,true_vs_shuffled_c_intersection,-0.5486043704504044,-0.5337236780472401,-0.014880692403164336,0.9580083983203359,89
fes_string_conditioned,z_reward,si_projection_reception,SI_SIC_to_Relative,intersection_access_effect,true_vs_phase_rotated_intersection,-0.5486043704504044,-0.5611153548107496,0.012510984360345255,0.29254149170165966,89
fes_string_conditioned,rank_reward,si_projection_reception,Relative_to_SI_SIC,access_readout,true_vs_random_intersection,-0.016054494481765356,0.07082489100736684,-0.08687938548913218,0.9822035592881424,89
fes_string_conditioned,rank_reward,si_projection_reception,Relative_to_SI_SIC,access_readout,true_vs_balanced_intersection,-0.016054494481765356,-0.015142478733935504,-0.0009120157478298394,0.5394921015796841,89
fes_string_conditioned,rank_reward,si_projection_reception,Relative_to_SI_SIC,access_readout,true_vs_performance_matched_intersection,-0.016054494481765356,-0.0224595932472492,0.006405098765483857,0.37772445510897823,89
fes_string_conditioned,rank_reward,si_projection_reception,Relative_to_SI_SIC,access_readout,true_vs_shuffled_c_intersection,-0.016054494481765356,-0.0007857123560576306,-0.015268782125707705,0.9262147570485902,89
fes_string_conditioned,rank_reward,si_projection_reception,Relative_to_SI_SIC,access_readout,true_vs_phase_rotated_intersection,-0.016054494481765356,-0.018433377321614004,0.00237888283984866,0.41871625674865026,89
fes_string_conditioned,rank_reward,si_projection_reception,Relative_to_SI_SIC,intersection_access_effect,true_vs_random_intersection,-0.5384689140027504,-0.4515895285136181,-0.08687938548913218,0.9794041191761648,89
fes_string_conditioned,rank_reward,si_projection_reception,Relative_to_SI_SIC,intersection_access_effect,true_vs_balanced_intersection,-0.5384689140027504,-0.5375568982549206,-0.0009120157478298556,0.5480903819236153,89
fes_string_conditioned,rank_reward,si_projection_reception,Relative_to_SI_SIC,intersection_access_effect,true_vs_performance_matched_intersection,-0.5384689140027504,-0.5448740127682343,0.006405098765483857,0.38392321535692864,89
fes_string_conditioned,rank_reward,si_projection_reception,Relative_to_SI_SIC,intersection_access_effect,true_vs_shuffled_c_intersection,-0.5384689140027504,-0.5232001318770427,-0.015268782125707713,0.9304139172165566,89
fes_string_conditioned,rank_reward,si_projection_reception,Relative_to_SI_SIC,intersection_access_effect,true_vs_phase_rotated_intersection,-0.5384689140027504,-0.540847796842599,0.002378882839848649,0.4133173365326935,89
fes_string_conditioned,rank_reward,si_projection_reception,SI_SIC_to_Relative,access_readout,true_vs_random_intersection,-0.032732456365744324,-0.0472787476260332,0.014546291260288865,0.40371925614877024,89
fes_string_conditioned,rank_reward,si_projection_reception,SI_SIC_to_Relative,access_readout,true_vs_balanced_intersection,-0.032732456365744324,-0.029856658543931665,-0.0028757978218126807,0.5960807838432314,89
fes_string_conditioned,rank_reward,si_projection_reception,SI_SIC_to_Relative,access_readout,true_vs_performance_matched_intersection,-0.032732456365744324,-0.05260106473050901,0.0198686083647647,0.23795240951809637,89
fes_string_conditioned,rank_reward,si_projection_reception,SI_SIC_to_Relative,access_readout,true_vs_shuffled_c_intersection,-0.032732456365744324,-0.011618966801049653,-0.021113489564694686,0.9956008798240352,89
fes_string_conditioned,rank_reward,si_projection_reception,SI_SIC_to_Relative,access_readout,true_vs_phase_rotated_intersection,-0.032732456365744324,-0.04123563884649462,0.008503182480750292,0.3353329334133173,89
fes_string_conditioned,rank_reward,si_projection_reception,SI_SIC_to_Relative,intersection_access_effect,true_vs_random_intersection,-0.5551468758867294,-0.5696931671470181,0.014546291260288868,0.40611877624475107,89
fes_string_conditioned,rank_reward,si_projection_reception,SI_SIC_to_Relative,intersection_access_effect,true_vs_balanced_intersection,-0.5551468758867294,-0.5522710780649167,-0.002875797821812677,0.5952809438112378,89
fes_string_conditioned,rank_reward,si_projection_reception,SI_SIC_to_Relative,intersection_access_effect,true_vs_performance_matched_intersection,-0.5551468758867294,-0.5750154842514941,0.019868608364764694,0.23075384923015396,89
fes_string_conditioned,rank_reward,si_projection_reception,SI_SIC_to_Relative,intersection_access_effect,true_vs_shuffled_c_intersection,-0.5551468758867294,-0.5340333863220347,-0.02111348956469468,0.9902019596080783,89
fes_string_conditioned,rank_reward,si_projection_reception,SI_SIC_to_Relative,intersection_access_effect,true_vs_phase_rotated_intersection,-0.5551468758867294,-0.5636500583674796,0.008503182480750292,0.3275344931013797,89
fes_string_conditioned,gmr72_bridge_composite,si_projection_reception,Relative_to_SI_SIC,access_readout,true_vs_random_intersection,-0.013695715374447734,0.07082489100736684,-0.08452060638181455,0.98000399920016,89
fes_string_conditioned,gmr72_bridge_composite,si_projection_reception,Relative_to_SI_SIC,access_readout,true_vs_balanced_intersection,-0.013695715374447734,-0.015142478733935504,0.0014467633594877811,0.30033993201359727,89
fes_string_conditioned,gmr72_bridge_composite,si_projection_reception,Relative_to_SI_SIC,access_readout,true_vs_performance_matched_intersection,-0.013695715374447734,-0.01583444386273166,0.0021387284882839323,0.4361127774445111,89
fes_string_conditioned,gmr72_bridge_composite,si_projection_reception,Relative_to_SI_SIC,access_readout,true_vs_shuffled_c_intersection,-0.013695715374447734,-0.009021810768422258,-0.004673904606025466,0.9434113177364527,89
fes_string_conditioned,gmr72_bridge_composite,si_projection_reception,Relative_to_SI_SIC,access_readout,true_vs_phase_rotated_intersection,-0.013695715374447734,-0.015402144513263664,0.0017064291388159312,0.3525294941011798,89
fes_string_conditioned,gmr72_bridge_composite,si_projection_reception,Relative_to_SI_SIC,intersection_access_effect,true_vs_random_intersection,-0.5361101348954328,-0.4515895285136181,-0.08452060638181455,0.9848030393921215,89
fes_string_conditioned,gmr72_bridge_composite,si_projection_reception,Relative_to_SI_SIC,intersection_access_effect,true_vs_balanced_intersection,-0.5361101348954328,-0.5375568982549206,0.0014467633594877746,0.29254149170165966,89
fes_string_conditioned,gmr72_bridge_composite,si_projection_reception,Relative_to_SI_SIC,intersection_access_effect,true_vs_performance_matched_intersection,-0.5361101348954328,-0.5382488633837166,0.002138728488283929,0.4269146170765847,89
fes_string_conditioned,gmr72_bridge_composite,si_projection_reception,Relative_to_SI_SIC,intersection_access_effect,true_vs_shuffled_c_intersection,-0.5361101348954328,-0.5314362302894072,-0.004673904606025466,0.9528094381123775,89
fes_string_conditioned,gmr72_bridge_composite,si_projection_reception,Relative_to_SI_SIC,intersection_access_effect,true_vs_phase_rotated_intersection,-0.5361101348954328,-0.5378165640342486,0.0017064291388159318,0.33453309338132375,89
fes_string_conditioned,gmr72_bridge_composite,si_projection_reception,SI_SIC_to_Relative,access_readout,true_vs_random_intersection,-0.02878109694715399,-0.0472787476260332,0.01849765067887921,0.364127174565087,89
fes_string_conditioned,gmr72_bridge_composite,si_projection_reception,SI_SIC_to_Relative,access_readout,true_vs_balanced_intersection,-0.02878109694715399,-0.029856658543931665,0.0010755615967776705,0.4269146170765847,89
fes_string_conditioned,gmr72_bridge_composite,si_projection_reception,SI_SIC_to_Relative,access_readout,true_vs_performance_matched_intersection,-0.02878109694715399,-0.03426133715937257,0.005480240212218579,0.3823235352929414,89
fes_string_conditioned,gmr72_bridge_composite,si_projection_reception,SI_SIC_to_Relative,access_readout,true_vs_shuffled_c_intersection,-0.02878109694715399,-0.01978963986528576,-0.008991457081868213,0.9942011597680463,89
fes_string_conditioned,gmr72_bridge_composite,si_projection_reception,SI_SIC_to_Relative,access_readout,true_vs_phase_rotated_intersection,-0.02878109694715399,-0.028835853064628502,5.475611747451925e-05,0.5068986202759448,89
fes_string_conditioned,gmr72_bridge_composite,si_projection_reception,SI_SIC_to_Relative,intersection_access_effect,true_vs_random_intersection,-0.5511955164681389,-0.5696931671470181,0.018497650678879214,0.3773245350929814,89
fes_string_conditioned,gmr72_bridge_composite,si_projection_reception,SI_SIC_to_Relative,intersection_access_effect,true_vs_balanced_intersection,-0.5511955164681389,-0.5522710780649167,0.0010755615967776811,0.4337132573485303,89
fes_string_conditioned,gmr72_bridge_composite,si_projection_reception,SI_SIC_to_Relative,intersection_access_effect,true_vs_performance_matched_intersection,-0.5511955164681389,-0.5566757566803575,0.005480240212218586,0.38912217556488704,89
fes_string_conditioned,gmr72_bridge_composite,si_projection_reception,SI_SIC_to_Relative,intersection_access_effect,true_vs_shuffled_c_intersection,-0.5511955164681389,-0.5422040593862708,-0.008991457081868211,0.9942011597680463,89
fes_string_conditioned,gmr72_bridge_composite,si_projection_reception,SI_SIC_to_Relative,intersection_access_effect,true_vs_phase_rotated_intersection,-0.5511955164681389,-0.5512502725856135,5.4756117474519094e-05,0.4969006198760248,89
linear_c_state,z_reward,si_projection_reception,Relative_to_SI_SIC,access_readout,true_vs_random_intersection,0.05666955568233724,0.02181553678696348,0.03485401889537379,0.14977004599080185,89
linear_c_state,z_reward,si_projection_reception,Relative_to_SI_SIC,access_readout,true_vs_balanced_intersection,0.05666955568233724,-0.015142478733935504,0.07181203441627275,0.001799640071985603,89
linear_c_state,z_reward,si_projection_reception,Relative_to_SI_SIC,access_readout,true_vs_performance_matched_intersection,0.05666955568233724,-0.006169561407200471,0.06283911708953771,0.00639872025594881,89
linear_c_state,z_reward,si_projection_reception,Relative_to_SI_SIC,access_readout,true_vs_shuffled_c_intersection,0.05666955568233724,-0.03492207396736389,0.09159162964970113,0.002999400119976005,89
linear_c_state,z_reward,si_projection_reception,Relative_to_SI_SIC,access_readout,true_vs_phase_rotated_intersection,0.05666955568233724,-0.014779045302174552,0.0714486009845118,0.0033993201359728054,89
linear_c_state,z_reward,si_projection_reception,Relative_to_SI_SIC,intersection_access_effect,true_vs_random_intersection,-0.4657448638386477,-0.5005988827340215,0.03485401889537377,0.15156968606278745,89
linear_c_state,z_reward,si_projection_reception,Relative_to_SI_SIC,intersection_access_effect,true_vs_balanced_intersection,-0.4657448638386477,-0.5375568982549206,0.07181203441627276,0.0011997600479904018,89
linear_c_state,z_reward,si_projection_reception,Relative_to_SI_SIC,intersection_access_effect,true_vs_performance_matched_intersection,-0.4657448638386477,-0.5285839809281855,0.06283911708953772,0.004399120175964807,89
linear_c_state,z_reward,si_projection_reception,Relative_to_SI_SIC,intersection_access_effect,true_vs_shuffled_c_intersection,-0.4657448638386477,-0.5573364934883489,0.09159162964970113,0.002999400119976005,89
linear_c_state,z_reward,si_projection_reception,Relative_to_SI_SIC,intersection_access_effect,true_vs_phase_rotated_intersection,-0.4657448638386477,-0.5371934648231595,0.0714486009845118,0.0033993201359728054,89
linear_c_state,z_reward,si_projection_reception,SI_SIC_to_Relative,access_readout,true_vs_random_intersection,0.0654539722568354,0.029293546972720852,0.03616042528411456,0.20435912817436513,89
linear_c_state,z_reward,si_projection_reception,SI_SIC_to_Relative,access_readout,true_vs_balanced_intersection,0.0654539722568354,-0.029856658543931665,0.09531063080076707,0.001999600079984003,89
linear_c_state,z_reward,si_projection_reception,SI_SIC_to_Relative,access_readout,true_vs_performance_matched_intersection,0.0654539722568354,-0.03603555963540278,0.1014895318922382,0.0013997200559888023,89
linear_c_state,z_reward,si_projection_reception,SI_SIC_to_Relative,access_readout,true_vs_shuffled_c_intersection,0.0654539722568354,-0.06906561864973551,0.13451959090657095,0.0001999600079984003,89
linear_c_state,z_reward,si_projection_reception,SI_SIC_to_Relative,access_readout,true_vs_phase_rotated_intersection,0.0654539722568354,-0.0425657198463162,0.10801969210315161,0.005398920215956809,89
linear_c_state,z_reward,si_projection_reception,SI_SIC_to_Relative,intersection_access_effect,true_vs_random_intersection,-0.4569604472641497,-0.4931208725482642,0.036160425284114554,0.20555888822235552,89
linear_c_state,z_reward,si_projection_reception,SI_SIC_to_Relative,intersection_access_effect,true_vs_balanced_intersection,-0.4569604472641497,-0.5522710780649167,0.09531063080076707,0.001799640071985603,89
linear_c_state,z_reward,si_projection_reception,SI_SIC_to_Relative,intersection_access_effect,true_vs_performance_matched_intersection,-0.4569604472641497,-0.5584499791563878,0.10148953189223821,0.0023995200959808036,89
linear_c_state,z_reward,si_projection_reception,SI_SIC_to_Relative,intersection_access_effect,true_vs_shuffled_c_intersection,-0.4569604472641497,-0.5914800381707205,0.13451959090657095,0.0001999600079984003,89
linear_c_state,z_reward,si_projection_reception,SI_SIC_to_Relative,intersection_access_effect,true_vs_phase_rotated_intersection,-0.4569604472641497,-0.5649801393673012,0.10801969210315161,0.008598280343931213,89
linear_c_state,rank_reward,si_projection_reception,Relative_to_SI_SIC,access_readout,true_vs_random_intersection,0.05317723541976169,0.02181553678696348,0.03136169863279821,0.20235952809438112,89
linear_c_state,rank_reward,si_projection_reception,Relative_to_SI_SIC,access_readout,true_vs_balanced_intersection,0.05317723541976169,-0.015142478733935504,0.06831971415369718,0.0057988402319536095,89
linear_c_state,rank_reward,si_projection_reception,Relative_to_SI_SIC,access_readout,true_vs_performance_matched_intersection,0.05317723541976169,-0.0224595932472492,0.0756368286670109,0.006998600279944011,89
linear_c_state,rank_reward,si_projection_reception,Relative_to_SI_SIC,access_readout,true_vs_shuffled_c_intersection,0.05317723541976169,-0.020307070993807765,0.07348430641356946,0.01759648070385923,89
linear_c_state,rank_reward,si_projection_reception,Relative_to_SI_SIC,access_readout,true_vs_phase_rotated_intersection,0.05317723541976169,-0.023868812605988658,0.07704604802575035,0.001799640071985603,89
linear_c_state,rank_reward,si_projection_reception,Relative_to_SI_SIC,intersection_access_effect,true_vs_random_intersection,-0.46923718410122334,-0.5005988827340215,0.03136169863279821,0.20075984803039393,89
linear_c_state,rank_reward,si_projection_reception,Relative_to_SI_SIC,intersection_access_effect,true_vs_balanced_intersection,-0.46923718410122334,-0.5375568982549206,0.0683197141536972,0.006998600279944011,89
linear_c_state,rank_reward,si_projection_reception,Relative_to_SI_SIC,intersection_access_effect,true_vs_performance_matched_intersection,-0.46923718410122334,-0.5448740127682343,0.07563682866701091,0.008398320335932814,89
linear_c_state,rank_reward,si_projection_reception,Relative_to_SI_SIC,intersection_access_effect,true_vs_shuffled_c_intersection,-0.46923718410122334,-0.5427214905147928,0.07348430641356947,0.015796840631873626,89
linear_c_state,rank_reward,si_projection_reception,Relative_to_SI_SIC,intersection_access_effect,true_vs_phase_rotated_intersection,-0.46923718410122334,-0.5462832321269737,0.07704604802575035,0.0011997600479904018,89
linear_c_state,rank_reward,si_projection_reception,SI_SIC_to_Relative,access_readout,true_vs_random_intersection,0.058992323589807036,0.029293546972720852,0.02969877661708618,0.24495100979804038,89
linear_c_state,rank_reward,si_projection_reception,SI_SIC_to_Relative,access_readout,true_vs_balanced_intersection,0.058992323589807036,-0.029856658543931665,0.08884898213373868,0.003799240151969606,89
linear_c_state,rank_reward,si_projection_reception,SI_SIC_to_Relative,access_readout,true_vs_performance_matched_intersection,0.058992323589807036,-0.05260106473050901,0.11159338832031607,0.0011997600479904018,89
linear_c_state,rank_reward,si_projection_reception,SI_SIC_to_Relative,access_readout,true_vs_shuffled_c_intersection,0.058992323589807036,-0.06095085427569444,0.1199431778655015,0.0005998800239952009,89
linear_c_state,rank_reward,si_projection_reception,SI_SIC_to_Relative,access_readout,true_vs_phase_rotated_intersection,0.058992323589807036,-0.0464420909561298,0.10543441454593686,0.003199360127974405,89
linear_c_state,rank_reward,si_projection_reception,SI_SIC_to_Relative,intersection_access_effect,true_vs_random_intersection,-0.46342209593117806,-0.4931208725482642,0.02969877661708618,0.23995200959808038,89
linear_c_state,rank_reward,si_projection_reception,SI_SIC_to_Relative,intersection_access_effect,true_vs_balanced_intersection,-0.46342209593117806,-0.5522710780649167,0.08884898213373871,0.001999600079984003,89
linear_c_state,rank_reward,si_projection_reception,SI_SIC_to_Relative,intersection_access_effect,true_vs_performance_matched_intersection,-0.46342209593117806,-0.5750154842514941,0.11159338832031607,0.0013997200559888023,89
linear_c_state,rank_reward,si_projection_reception,SI_SIC_to_Relative,intersection_access_effect,true_vs_shuffled_c_intersection,-0.46342209593117806,-0.5833652737966795,0.1199431778655015,0.0003999200159968006,89
linear_c_state,rank_reward,si_projection_reception,SI_SIC_to_Relative,intersection_access_effect,true_vs_phase_rotated_intersection,-0.46342209593117806,-0.5688565104771148,0.10543441454593686,0.004999000199960008,89
linear_c_state,gmr72_bridge_composite,si_projection_reception,Relative_to_SI_SIC,access_readout,true_vs_random_intersection,0.0070451082713827535,0.02181553678696348,-0.014770428515580726,0.6784643071385723,89
linear_c_state,gmr72_bridge_composite,si_projection_reception,Relative_to_SI_SIC,access_readout,true_vs_balanced_intersection,0.0070451082713827535,-0.015142478733935504,0.02218758700531825,0.004399120175964807,89
linear_c_state,gmr72_bridge_composite,si_projection_reception,Relative_to_SI_SIC,access_readout,true_vs_performance_matched_intersection,0.0070451082713827535,-0.01583444386273166,0.022879552134114398,0.04559088182363527,89
linear_c_state,gmr72_bridge_composite,si_projection_reception,Relative_to_SI_SIC,access_readout,true_vs_shuffled_c_intersection,0.0070451082713827535,-0.01941907826056683,0.02646418653194957,0.009198160367926415,89
linear_c_state,gmr72_bridge_composite,si_projection_reception,Relative_to_SI_SIC,access_readout,true_vs_phase_rotated_intersection,0.0070451082713827535,-0.02364203584841302,0.03068714411979577,0.01899620075984803,89
linear_c_state,gmr72_bridge_composite,si_projection_reception,Relative_to_SI_SIC,intersection_access_effect,true_vs_random_intersection,-0.5153693112496022,-0.5005988827340215,-0.014770428515580736,0.6662667466506699,89
linear_c_state,gmr72_bridge_composite,si_projection_reception,Relative_to_SI_SIC,intersection_access_effect,true_vs_balanced_intersection,-0.5153693112496022,-0.5375568982549206,0.02218758700531825,0.003199360127974405,89
linear_c_state,gmr72_bridge_composite,si_projection_reception,Relative_to_SI_SIC,intersection_access_effect,true_vs_performance_matched_intersection,-0.5153693112496022,-0.5382488633837166,0.022879552134114408,0.04239152169566087,89
linear_c_state,gmr72_bridge_composite,si_projection_reception,Relative_to_SI_SIC,intersection_access_effect,true_vs_shuffled_c_intersection,-0.5153693112496022,-0.5418334977815519,0.02646418653194957,0.008598280343931213,89
linear_c_state,gmr72_bridge_composite,si_projection_reception,Relative_to_SI_SIC,intersection_access_effect,true_vs_phase_rotated_intersection,-0.5153693112496022,-0.5460564553693981,0.03068714411979577,0.01779644071185763,89
linear_c_state,gmr72_bridge_composite,si_projection_reception,SI_SIC_to_Relative,access_readout,true_vs_random_intersection,0.0024909272415951462,0.029293546972720852,-0.0268026197311257,0.7500499900019996,89
linear_c_state,gmr72_bridge_composite,si_projection_reception,SI_SIC_to_Relative,access_readout,true_vs_balanced_intersection,0.0024909272415951462,-0.029856658543931665,0.0323475857855268,0.0011997600479904018,89
linear_c_state,gmr72_bridge_composite,si_projection_reception,SI_SIC_to_Relative,access_readout,true_vs_performance_matched_intersection,0.0024909272415951462,-0.03426133715937257,0.03675226440096771,0.05038992201559688,89
linear_c_state,gmr72_bridge_composite,si_projection_reception,SI_SIC_to_Relative,access_readout,true_vs_shuffled_c_intersection,0.0024909272415951462,-0.041312152807047496,0.04380308004864264,0.0001999600079984003,89
linear_c_state,gmr72_bridge_composite,si_projection_reception,SI_SIC_to_Relative,access_readout,true_vs_phase_rotated_intersection,0.0024909272415951462,-0.037184402837392605,0.039675330078987756,0.027994401119776045,89
linear_c_state,gmr72_bridge_composite,si_projection_reception,SI_SIC_to_Relative,intersection_access_effect,true_vs_random_intersection,-0.5199234922793898,-0.4931208725482642,-0.026802619731125715,0.7544491101779645,89
linear_c_state,gmr72_bridge_composite,si_projection_reception,SI_SIC_to_Relative,intersection_access_effect,true_vs_balanced_intersection,-0.5199234922793898,-0.5522710780649167,0.0323475857855268,0.001799640071985603,89
linear_c_state,gmr72_bridge_composite,si_projection_reception,SI_SIC_to_Relative,intersection_access_effect,true_vs_performance_matched_intersection,-0.5199234922793898,-0.5566757566803575,0.03675226440096771,0.05578884223155369,89
linear_c_state,gmr72_bridge_composite,si_projection_reception,SI_SIC_to_Relative,intersection_access_effect,true_vs_shuffled_c_intersection,-0.5199234922793898,-0.5637265723280326,0.04380308004864264,0.0001999600079984003,89
linear_c_state,gmr72_bridge_composite,si_projection_reception,SI_SIC_to_Relative,intersection_access_effect,true_vs_phase_rotated_intersection,-0.5199234922793898,-0.5595988223583777,0.039675330078987756,0.03259348130373925,89
combined_c_fes_gmr72,z_reward,sic_signature_binary,Relative_to_SI_SIC,access_readout,true_vs_random_intersection,-0.08026370029757181,-0.07166190141986427,-0.00860179887770754,0.9142171565686863,101
combined_c_fes_gmr72,z_reward,sic_signature_binary,Relative_to_SI_SIC,access_readout,true_vs_balanced_intersection,-0.08026370029757181,-0.0772554785400847,-0.0030082217574870992,0.7846430713857229,101
combined_c_fes_gmr72,z_reward,sic_signature_binary,Relative_to_SI_SIC,access_readout,true_vs_performance_matched_intersection,-0.08026370029757181,-0.08032128092663897,5.758062906715687e-05,0.4933013397320536,101
combined_c_fes_gmr72,z_reward,sic_signature_binary,Relative_to_SI_SIC,access_readout,true_vs_shuffled_c_intersection,-0.08026370029757181,-0.08077170434467755,0.0005080040471057209,0.4497100579884023,101
combined_c_fes_gmr72,z_reward,sic_signature_binary,Relative_to_SI_SIC,access_readout,true_vs_phase_rotated_intersection,-0.08026370029757181,-0.06928009421178724,-0.01098360608578456,0.9742051589682064,101
combined_c_fes_gmr72,z_reward,sic_signature_binary,Relative_to_SI_SIC,intersection_access_effect,true_vs_random_intersection,-0.291600354588084,-0.2829985557103765,-0.008601798877707548,0.9098180363927214,101
combined_c_fes_gmr72,z_reward,sic_signature_binary,Relative_to_SI_SIC,intersection_access_effect,true_vs_balanced_intersection,-0.291600354588084,-0.28859213283059687,-0.0030082217574871166,0.7690461907618477,101
combined_c_fes_gmr72,z_reward,sic_signature_binary,Relative_to_SI_SIC,intersection_access_effect,true_vs_performance_matched_intersection,-0.291600354588084,-0.2916579352171512,5.7580629067160715e-05,0.4875024995001,101
combined_c_fes_gmr72,z_reward,sic_signature_binary,Relative_to_SI_SIC,intersection_access_effect,true_vs_shuffled_c_intersection,-0.291600354588084,-0.29210835863518975,0.0005080040471057231,0.4513097380523895,101
combined_c_fes_gmr72,z_reward,sic_signature_binary,Relative_to_SI_SIC,intersection_access_effect,true_vs_phase_rotated_intersection,-0.291600354588084,-0.28061674850229945,-0.010983606085784569,0.9796040791841631,101
combined_c_fes_gmr72,z_reward,sic_signature_binary,SI_SIC_to_Relative,access_readout,true_vs_random_intersection,-0.05410704068820925,-0.035706382874173055,-0.018400657814036207,0.8244351129774046,101
combined_c_fes_gmr72,z_reward,sic_signature_binary,SI_SIC_to_Relative,access_readout,true_vs_balanced_intersection,-0.05410704068820925,-0.04134482530278926,-0.01276221538542,0.9074185162967406,101
combined_c_fes_gmr72,z_reward,sic_signature_binary,SI_SIC_to_Relative,access_readout,true_vs_performance_matched_intersection,-0.05410704068820925,-0.07061945545539092,0.016512414767181665,0.20915816836632672,101
combined_c_fes_gmr72,z_reward,sic_signature_binary,SI_SIC_to_Relative,access_readout,true_vs_shuffled_c_intersection,-0.05410704068820925,-0.030736901129086027,-0.02337013955912322,0.9426114777044591,101
combined_c_fes_gmr72,z_reward,sic_signature_binary,SI_SIC_to_Relative,access_readout,true_vs_phase_rotated_intersection,-0.05410704068820925,-0.020419547874530295,-0.03368749281367896,0.9902019596080783,101
combined_c_fes_gmr72,z_reward,sic_signature_binary,SI_SIC_to_Relative,intersection_access_effect,true_vs_random_intersection,-0.26544369497872145,-0.24704303716468531,-0.018400657814036214,0.8148370325934813,101
combined_c_fes_gmr72,z_reward,sic_signature_binary,SI_SIC_to_Relative,intersection_access_effect,true_vs_balanced_intersection,-0.26544369497872145,-0.2526814795933015,-0.012762215385420002,0.911617676464707,101
combined_c_fes_gmr72,z_reward,sic_signature_binary,SI_SIC_to_Relative,intersection_access_effect,true_vs_performance_matched_intersection,-0.26544369497872145,-0.2819561097459032,0.016512414767181665,0.1993601279744051,101
combined_c_fes_gmr72,z_reward,sic_signature_binary,SI_SIC_to_Relative,intersection_access_effect,true_vs_shuffled_c_intersection,-0.26544369497872145,-0.24207355541959827,-0.02337013955912322,0.9448110377924415,101
combined_c_fes_gmr72,z_reward,sic_signature_binary,SI_SIC_to_Relative,intersection_access_effect,true_vs_phase_rotated_intersection,-0.26544369497872145,-0.23175620216504259,-0.03368749281367897,0.992001599680064,101
combined_c_fes_gmr72,rank_reward,sic_signature_binary,Relative_to_SI_SIC,access_readout,true_vs_random_intersection,-0.08154103722262714,-0.07166190141986427,-0.009879135802762872,0.9330133973205359,101
combined_c_fes_gmr72,rank_reward,sic_signature_binary,Relative_to_SI_SIC,access_readout,true_vs_balanced_intersection,-0.08154103722262714,-0.0772554785400847,-0.00428555868254243,0.8440311937612478,101
combined_c_fes_gmr72,rank_reward,sic_signature_binary,Relative_to_SI_SIC,access_readout,true_vs_performance_matched_intersection,-0.08154103722262714,-0.08236583956890312,0.0008248023462759813,0.4549090181963607,101
combined_c_fes_gmr72,rank_reward,sic_signature_binary,Relative_to_SI_SIC,access_readout,true_vs_shuffled_c_intersection,-0.08154103722262714,-0.07915702752432766,-0.0023840096982994793,0.6934613077384523,101
combined_c_fes_gmr72,rank_reward,sic_signature_binary,Relative_to_SI_SIC,access_readout,true_vs_phase_rotated_intersection,-0.08154103722262714,-0.06947502694937317,-0.012066010273253963,0.9822035592881424,101
combined_c_fes_gmr72,rank_reward,sic_signature_binary,Relative_to_SI_SIC,intersection_access_effect,true_vs_random_intersection,-0.2928776915131394,-0.2829985557103765,-0.009879135802762874,0.9360127974405119,101
combined_c_fes_gmr72,rank_reward,sic_signature_binary,Relative_to_SI_SIC,intersection_access_effect,true_vs_balanced_intersection,-0.2928776915131394,-0.28859213283059687,-0.004285558682542442,0.8322335532893421,101
combined_c_fes_gmr72,rank_reward,sic_signature_binary,Relative_to_SI_SIC,intersection_access_effect,true_vs_performance_matched_intersection,-0.2928776915131394,-0.2937024938594154,0.0008248023462759918,0.4259148170365927,101
combined_c_fes_gmr72,rank_reward,sic_signature_binary,Relative_to_SI_SIC,intersection_access_effect,true_vs_shuffled_c_intersection,-0.2928776915131394,-0.2904936818148399,-0.002384009698299477,0.6932613477304539,101
combined_c_fes_gmr72,rank_reward,sic_signature_binary,Relative_to_SI_SIC,intersection_access_effect,true_vs_phase_rotated_intersection,-0.2928776915131394,-0.2808116812398854,-0.012066010273253958,0.9838032393521295,101
combined_c_fes_gmr72,rank_reward,sic_signature_binary,SI_SIC_to_Relative,access_readout,true_vs_random_intersection,-0.055396870579588725,-0.035706382874173055,-0.019690487705415656,0.8346330733853229,101
combined_c_fes_gmr72,rank_reward,sic_signature_binary,SI_SIC_to_Relative,access_readout,true_vs_balanced_intersection,-0.055396870579588725,-0.04134482530278926,-0.014052045276799456,0.9028194361127775,101
combined_c_fes_gmr72,rank_reward,sic_signature_binary,SI_SIC_to_Relative,access_readout,true_vs_performance_matched_intersection,-0.055396870579588725,-0.07128034253977505,0.015883471960186333,0.23355328934213157,101
combined_c_fes_gmr72,rank_reward,sic_signature_binary,SI_SIC_to_Relative,access_readout,true_vs_shuffled_c_intersection,-0.055396870579588725,-0.02722872878184627,-0.028168141797742453,0.9644071185762847,101
combined_c_fes_gmr72,rank_reward,sic_signature_binary,SI_SIC_to_Relative,access_readout,true_vs_phase_rotated_intersection,-0.055396870579588725,-0.02014034442114102,-0.03525652615844769,0.996000799840032,101
combined_c_fes_gmr72,rank_reward,sic_signature_binary,SI_SIC_to_Relative,intersection_access_effect,true_vs_random_intersection,-0.266733524870101,-0.24704303716468531,-0.019690487705415663,0.8420315936812638,101
combined_c_fes_gmr72,rank_reward,sic_signature_binary,SI_SIC_to_Relative,intersection_access_effect,true_vs_balanced_intersection,-0.266733524870101,-0.2526814795933015,-0.01405204527679946,0.8984203159368126,101
combined_c_fes_gmr72,rank_reward,sic_signature_binary,SI_SIC_to_Relative,intersection_access_effect,true_vs_performance_matched_intersection,-0.266733524870101,-0.28261699683028724,0.015883471960186333,0.21735652869426114,101
combined_c_fes_gmr72,rank_reward,sic_signature_binary,SI_SIC_to_Relative,intersection_access_effect,true_vs_shuffled_c_intersection,-0.266733524870101,-0.23856538307235847,-0.028168141797742453,0.9650069986002799,101
combined_c_fes_gmr72,rank_reward,sic_signature_binary,SI_SIC_to_Relative,intersection_access_effect,true_vs_phase_rotated_intersection,-0.266733524870101,-0.23147699871165325,-0.035256526158447696,0.9936012797440512,101
combined_c_fes_gmr72,gmr72_bridge_composite,sic_signature_binary,Relative_to_SI_SIC,access_readout,true_vs_random_intersection,-0.08121538104067384,-0.07166190141986427,-0.009553479620809569,0.9524095180963807,101
combined_c_fes_gmr72,gmr72_bridge_composite,sic_signature_binary,Relative_to_SI_SIC,access_readout,true_vs_balanced_intersection,-0.08121538104067384,-0.0772554785400847,-0.003959902500589128,0.9338132373525295,101
combined_c_fes_gmr72,gmr72_bridge_composite,sic_signature_binary,Relative_to_SI_SIC,access_readout,true_vs_performance_matched_intersection,-0.08121538104067384,-0.07553969648248936,-0.005675684558184481,0.9316136772645471,101
combined_c_fes_gmr72,gmr72_bridge_composite,sic_signature_binary,Relative_to_SI_SIC,access_readout,true_vs_shuffled_c_intersection,-0.08121538104067384,-0.08018795611067638,-0.0010274249299974565,0.6144771045790842,101
combined_c_fes_gmr72,gmr72_bridge_composite,sic_signature_binary,Relative_to_SI_SIC,access_readout,true_vs_phase_rotated_intersection,-0.08121538104067384,-0.07039006088059137,-0.010825320160082471,0.9972005598880224,101
combined_c_fes_gmr72,gmr72_bridge_composite,sic_signature_binary,Relative_to_SI_SIC,intersection_access_effect,true_vs_random_intersection,-0.292552035331186,-0.2829985557103765,-0.009553479620809574,0.9592081583683263,101
combined_c_fes_gmr72,gmr72_bridge_composite,sic_signature_binary,Relative_to_SI_SIC,intersection_access_effect,true_vs_balanced_intersection,-0.292552035331186,-0.28859213283059687,-0.00395990250058914,0.9324135172965407,101
combined_c_fes_gmr72,gmr72_bridge_composite,sic_signature_binary,Relative_to_SI_SIC,intersection_access_effect,true_vs_performance_matched_intersection,-0.292552035331186,-0.2868763507730016,-0.005675684558184478,0.9336132773445311,101
combined_c_fes_gmr72,gmr72_bridge_composite,sic_signature_binary,Relative_to_SI_SIC,intersection_access_effect,true_vs_shuffled_c_intersection,-0.292552035331186,-0.2915246104011886,-0.001027424929997457,0.6100779844031193,101
combined_c_fes_gmr72,gmr72_bridge_composite,sic_signature_binary,Relative_to_SI_SIC,intersection_access_effect,true_vs_phase_rotated_intersection,-0.292552035331186,-0.28172671517110365,-0.010825320160082473,0.9962007598480304,101
combined_c_fes_gmr72,gmr72_bridge_composite,sic_signature_binary,SI_SIC_to_Relative,access_readout,true_vs_random_intersection,-0.05637536878108767,-0.035706382874173055,-0.020668985906914614,0.882623475304939,101
combined_c_fes_gmr72,gmr72_bridge_composite,sic_signature_binary,SI_SIC_to_Relative,access_readout,true_vs_balanced_intersection,-0.05637536878108767,-0.04134482530278926,-0.015030543478298408,0.9870025994801039,101
combined_c_fes_gmr72,gmr72_bridge_composite,sic_signature_binary,SI_SIC_to_Relative,access_readout,true_vs_performance_matched_intersection,-0.05637536878108767,-0.050317014632334726,-0.006058354148752951,0.6472705458908218,101
combined_c_fes_gmr72,gmr72_bridge_composite,sic_signature_binary,SI_SIC_to_Relative,access_readout,true_vs_shuffled_c_intersection,-0.05637536878108767,-0.034396166801612935,-0.021979201979474727,0.9424115176964607,101
combined_c_fes_gmr72,gmr72_bridge_composite,sic_signature_binary,SI_SIC_to_Relative,access_readout,true_vs_phase_rotated_intersection,-0.05637536878108767,-0.019244927229482144,-0.03713044155160551,0.9982003599280144,101
combined_c_fes_gmr72,gmr72_bridge_composite,sic_signature_binary,SI_SIC_to_Relative,intersection_access_effect,true_vs_random_intersection,-0.26771202307159986,-0.24704303716468531,-0.02066898590691461,0.865626874625075,101
combined_c_fes_gmr72,gmr72_bridge_composite,sic_signature_binary,SI_SIC_to_Relative,intersection_access_effect,true_vs_balanced_intersection,-0.26771202307159986,-0.2526814795933015,-0.015030543478298406,0.9846030793841232,101
combined_c_fes_gmr72,gmr72_bridge_composite,sic_signature_binary,SI_SIC_to_Relative,intersection_access_effect,true_vs_performance_matched_intersection,-0.26771202307159986,-0.2616536689228469,-0.006058354148752949,0.636872625474905,101
combined_c_fes_gmr72,gmr72_bridge_composite,sic_signature_binary,SI_SIC_to_Relative,intersection_access_effect,true_vs_shuffled_c_intersection,-0.26771202307159986,-0.2457328210921252,-0.02197920197947473,0.943011397720456,101
combined_c_fes_gmr72,gmr72_bridge_composite,sic_signature_binary,SI_SIC_to_Relative,intersection_access_effect,true_vs_phase_rotated_intersection,-0.26771202307159986,-0.23058158151999433,-0.03713044155160552,0.9976004799040192,101
gmr72_phase_conditioned,z_reward,sic_signature_binary,Relative_to_SI_SIC,access_readout,true_vs_random_intersection,-0.07088604255678228,-0.06704137055011013,-0.0038446720066721727,0.7044591081783643,101
gmr72_phase_conditioned,z_reward,sic_signature_binary,Relative_to_SI_SIC,access_readout,true_vs_balanced_intersection,-0.07088604255678228,-0.0772554785400847,0.00636943598330243,0.0657868426314737,101
gmr72_phase_conditioned,z_reward,sic_signature_binary,Relative_to_SI_SIC,access_readout,true_vs_performance_matched_intersection,-0.07088604255678228,-0.08032128092663897,0.009435238369856686,0.014997000599880024,101
gmr72_phase_conditioned,z_reward,sic_signature_binary,Relative_to_SI_SIC,access_readout,true_vs_shuffled_c_intersection,-0.07088604255678228,-0.06946959111585625,-0.0014164514409260307,0.6240751849630074,101
gmr72_phase_conditioned,z_reward,sic_signature_binary,Relative_to_SI_SIC,access_readout,true_vs_phase_rotated_intersection,-0.07088604255678228,-0.07038078217860667,-0.0005052603781756047,0.5388922215556888,101
gmr72_phase_conditioned,z_reward,sic_signature_binary,Relative_to_SI_SIC,intersection_access_effect,true_vs_random_intersection,-0.2822226968472945,-0.2783780248406223,-0.0038446720066721684,0.6978604279144172,101
gmr72_phase_conditioned,z_reward,sic_signature_binary,Relative_to_SI_SIC,intersection_access_effect,true_vs_balanced_intersection,-0.2822226968472945,-0.28859213283059687,0.006369435983302416,0.07138572285542892,101
gmr72_phase_conditioned,z_reward,sic_signature_binary,Relative_to_SI_SIC,intersection_access_effect,true_vs_performance_matched_intersection,-0.2822226968472945,-0.2916579352171512,0.009435238369856694,0.013797240551889621,101
gmr72_phase_conditioned,z_reward,sic_signature_binary,Relative_to_SI_SIC,intersection_access_effect,true_vs_shuffled_c_intersection,-0.2822226968472945,-0.28080624540636845,-0.0014164514409260374,0.6230753849230154,101
gmr72_phase_conditioned,z_reward,sic_signature_binary,Relative_to_SI_SIC,intersection_access_effect,true_vs_phase_rotated_intersection,-0.2822226968472945,-0.2817174364691189,-0.0005052603781756049,0.5130973805238952,101
gmr72_phase_conditioned,z_reward,sic_signature_binary,SI_SIC_to_Relative,access_readout,true_vs_random_intersection,-0.01018941913227735,-0.0009327023842244062,-0.009256716748052953,0.6484703059388123,101
gmr72_phase_conditioned,z_reward,sic_signature_binary,SI_SIC_to_Relative,access_readout,true_vs_balanced_intersection,-0.01018941913227735,-0.04134482530278926,0.031155406170511896,0.02419516096780644,101
gmr72_phase_conditioned,z_reward,sic_signature_binary,SI_SIC_to_Relative,access_readout,true_vs_performance_matched_intersection,-0.01018941913227735,-0.07061945545539092,0.060430036323113556,0.0005998800239952009,101
gmr72_phase_conditioned,z_reward,sic_signature_binary,SI_SIC_to_Relative,access_readout,true_vs_shuffled_c_intersection,-0.01018941913227735,-0.024581421105525473,0.014392001973248131,0.22435512897420515,101
gmr72_phase_conditioned,z_reward,sic_signature_binary,SI_SIC_to_Relative,access_readout,true_vs_phase_rotated_intersection,-0.01018941913227735,-0.046684849880107286,0.03649543074782995,0.10717856428714258,101
gmr72_phase_conditioned,z_reward,sic_signature_binary,SI_SIC_to_Relative,intersection_access_effect,true_vs_random_intersection,-0.22152607342278965,-0.21226935667473668,-0.009256716748052958,0.6484703059388123,101
gmr72_phase_conditioned,z_reward,sic_signature_binary,SI_SIC_to_Relative,intersection_access_effect,true_vs_balanced_intersection,-0.22152607342278965,-0.2526814795933015,0.031155406170511896,0.02399520095980804,101
gmr72_phase_conditioned,z_reward,sic_signature_binary,SI_SIC_to_Relative,intersection_access_effect,true_vs_performance_matched_intersection,-0.22152607342278965,-0.2819561097459032,0.06043003632311358,0.0005998800239952009,101
gmr72_phase_conditioned,z_reward,sic_signature_binary,SI_SIC_to_Relative,intersection_access_effect,true_vs_shuffled_c_intersection,-0.22152607342278965,-0.23591807539603776,0.014392001973248131,0.22335532893421317,101
gmr72_phase_conditioned,z_reward,sic_signature_binary,SI_SIC_to_Relative,intersection_access_effect,true_vs_phase_rotated_intersection,-0.22152607342278965,-0.25802150417061953,0.03649543074782995,0.11257748450309939,101
gmr72_phase_conditioned,rank_reward,sic_signature_binary,Relative_to_SI_SIC,access_readout,true_vs_random_intersection,-0.06894047451408254,-0.06704137055011013,-0.001899103963972423,0.608878224355129,101
gmr72_phase_conditioned,rank_reward,sic_signature_binary,Relative_to_SI_SIC,access_readout,true_vs_balanced_intersection,-0.06894047451408254,-0.0772554785400847,0.008315004026002177,0.04379124175164967,101
gmr72_phase_conditioned,rank_reward,sic_signature_binary,Relative_to_SI_SIC,access_readout,true_vs_performance_matched_intersection,-0.06894047451408254,-0.08236583956890312,0.013425365054820589,0.00599880023995201,101
gmr72_phase_conditioned,rank_reward,sic_signature_binary,Relative_to_SI_SIC,access_readout,true_vs_shuffled_c_intersection,-0.06894047451408254,-0.06936214101676459,0.00042166650268203067,0.4793041391721656,101
gmr72_phase_conditioned,rank_reward,sic_signature_binary,Relative_to_SI_SIC,access_readout,true_vs_phase_rotated_intersection,-0.06894047451408254,-0.07146533835787632,0.0025248638437937866,0.3597280543891222,101
gmr72_phase_conditioned,rank_reward,sic_signature_binary,Relative_to_SI_SIC,intersection_access_effect,true_vs_random_intersection,-0.28027712880459477,-0.2783780248406223,-0.001899103963972422,0.5964807038592281,101
gmr72_phase_conditioned,rank_reward,sic_signature_binary,Relative_to_SI_SIC,intersection_access_effect,true_vs_balanced_intersection,-0.28027712880459477,-0.28859213283059687,0.008315004026002163,0.03799240151969606,101
gmr72_phase_conditioned,rank_reward,sic_signature_binary,Relative_to_SI_SIC,intersection_access_effect,true_vs_performance_matched_intersection,-0.28027712880459477,-0.2937024938594154,0.013425365054820598,0.005598880223955209,101
gmr72_phase_conditioned,rank_reward,sic_signature_binary,Relative_to_SI_SIC,intersection_access_effect,true_vs_shuffled_c_intersection,-0.28027712880459477,-0.2806987953072768,0.0004216665026820344,0.4631073785242951,101
gmr72_phase_conditioned,rank_reward,sic_signature_binary,Relative_to_SI_SIC,intersection_access_effect,true_vs_phase_rotated_intersection,-0.28027712880459477,-0.28280199264838857,0.002524863843793779,0.3639272145570886,101
gmr72_phase_conditioned,rank_reward,sic_signature_binary,SI_SIC_to_Relative,access_readout,true_vs_random_intersection,-0.00888073653659857,-0.0009327023842244062,-0.00794803415237417,0.6512697460507898,101
gmr72_phase_conditioned,rank_reward,sic_signature_binary,SI_SIC_to_Relative,access_readout,true_vs_balanced_intersection,-0.00888073653659857,-0.04134482530278926,0.03246408876619068,0.013197360527894421,101
gmr72_phase_conditioned,rank_reward,sic_signature_binary,SI_SIC_to_Relative,access_readout,true_vs_performance_matched_intersection,-0.00888073653659857,-0.07128034253977505,0.06239960600317649,0.0001999600079984003,101
gmr72_phase_conditioned,rank_reward,sic_signature_binary,SI_SIC_to_Relative,access_readout,true_vs_shuffled_c_intersection,-0.00888073653659857,-0.027513030625463248,0.018632294088864694,0.10757848430313938,101
gmr72_phase_conditioned,rank_reward,sic_signature_binary,SI_SIC_to_Relative,access_readout,true_vs_phase_rotated_intersection,-0.00888073653659857,-0.0521260736289512,0.04324533709235263,0.06758648270345931,101
gmr72_phase_conditioned,rank_reward,sic_signature_binary,SI_SIC_to_Relative,intersection_access_effect,true_vs_random_intersection,-0.2202173908271108,-0.21226935667473668,-0.007948034152374167,0.6396720655868826,101
gmr72_phase_conditioned,rank_reward,sic_signature_binary,SI_SIC_to_Relative,intersection_access_effect,true_vs_balanced_intersection,-0.2202173908271108,-0.2526814795933015,0.03246408876619068,0.010197960407918417,101
gmr72_phase_conditioned,rank_reward,sic_signature_binary,SI_SIC_to_Relative,intersection_access_effect,true_vs_performance_matched_intersection,-0.2202173908271108,-0.28261699683028724,0.06239960600317649,0.0001999600079984003,101
gmr72_phase_conditioned,rank_reward,sic_signature_binary,SI_SIC_to_Relative,intersection_access_effect,true_vs_shuffled_c_intersection,-0.2202173908271108,-0.23884968491597555,0.018632294088864697,0.10557888422315537,101
gmr72_phase_conditioned,rank_reward,sic_signature_binary,SI_SIC_to_Relative,intersection_access_effect,true_vs_phase_rotated_intersection,-0.2202173908271108,-0.26346272791946346,0.04324533709235263,0.059988002399520096,101
gmr72_phase_conditioned,gmr72_bridge_composite,sic_signature_binary,Relative_to_SI_SIC,access_readout,true_vs_random_intersection,-0.0763716444327476,-0.06704137055011013,-0.009330273882637474,0.9664067186562687,101
gmr72_phase_conditioned,gmr72_bridge_composite,sic_signature_binary,Relative_to_SI_SIC,access_readout,true_vs_balanced_intersection,-0.0763716444327476,-0.0772554785400847,0.0008838341073371263,0.2461507698460308,101
gmr72_phase_conditioned,gmr72_bridge_composite,sic_signature_binary,Relative_to_SI_SIC,access_readout,true_vs_performance_matched_intersection,-0.0763716444327476,-0.07553969648248936,-0.0008319479502582251,0.6186762647470506,101
gmr72_phase_conditioned,gmr72_bridge_composite,sic_signature_binary,Relative_to_SI_SIC,access_readout,true_vs_shuffled_c_intersection,-0.0763716444327476,-0.0747189687226465,-0.001652675710101097,0.8662267546490702,101
gmr72_phase_conditioned,gmr72_bridge_composite,sic_signature_binary,Relative_to_SI_SIC,access_readout,true_vs_phase_rotated_intersection,-0.0763716444327476,-0.07293906051842808,-0.003432583914319517,0.9476104779044191,101
gmr72_phase_conditioned,gmr72_bridge_composite,sic_signature_binary,Relative_to_SI_SIC,intersection_access_effect,true_vs_random_intersection,-0.2877082987232599,-0.2783780248406223,-0.009330273882637475,0.9684063187362527,101
gmr72_phase_conditioned,gmr72_bridge_composite,sic_signature_binary,Relative_to_SI_SIC,intersection_access_effect,true_vs_balanced_intersection,-0.2877082987232599,-0.28859213283059687,0.0008838341073371106,0.2393521295740852,101
gmr72_phase_conditioned,gmr72_bridge_composite,sic_signature_binary,Relative_to_SI_SIC,intersection_access_effect,true_vs_performance_matched_intersection,-0.2877082987232599,-0.2868763507730016,-0.0008319479502582265,0.6156768646270746,101
gmr72_phase_conditioned,gmr72_bridge_composite,sic_signature_binary,Relative_to_SI_SIC,intersection_access_effect,true_vs_shuffled_c_intersection,-0.2877082987232599,-0.28605562301315873,-0.0016526757101010985,0.8634273145370925,101
gmr72_phase_conditioned,gmr72_bridge_composite,sic_signature_binary,Relative_to_SI_SIC,intersection_access_effect,true_vs_phase_rotated_intersection,-0.2877082987232599,-0.28427571480894026,-0.0034325839143195193,0.9524095180963807,101
gmr72_phase_conditioned,gmr72_bridge_composite,sic_signature_binary,SI_SIC_to_Relative,access_readout,true_vs_random_intersection,-0.034880590243336417,-0.0009327023842244062,-0.03394788785911202,0.9686062787442512,101
gmr72_phase_conditioned,gmr72_bridge_composite,sic_signature_binary,SI_SIC_to_Relative,access_readout,true_vs_balanced_intersection,-0.034880590243336417,-0.04134482530278926,0.0064642350594528416,0.07518496300739852,101
gmr72_phase_conditioned,gmr72_bridge_composite,sic_signature_binary,SI_SIC_to_Relative,access_readout,true_vs_performance_matched_intersection,-0.034880590243336417,-0.050317014632334726,0.015436424388998296,0.16376724655068986,101
gmr72_phase_conditioned,gmr72_bridge_composite,sic_signature_binary,SI_SIC_to_Relative,access_readout,true_vs_shuffled_c_intersection,-0.034880590243336417,-0.03890186917853001,0.004021278935193583,0.23455308938212358,101
gmr72_phase_conditioned,gmr72_bridge_composite,sic_signature_binary,SI_SIC_to_Relative,access_readout,true_vs_phase_rotated_intersection,-0.034880590243336417,-0.034638650404678666,-0.00024193983865774242,0.5216956608678265,101
gmr72_phase_conditioned,gmr72_bridge_composite,sic_signature_binary,SI_SIC_to_Relative,intersection_access_effect,true_vs_random_intersection,-0.2462172445338486,-0.21226935667473668,-0.033947887859112014,0.97000599880024,101
gmr72_phase_conditioned,gmr72_bridge_composite,sic_signature_binary,SI_SIC_to_Relative,intersection_access_effect,true_vs_balanced_intersection,-0.2462172445338486,-0.2526814795933015,0.006464235059452838,0.07178564287142572,101
gmr72_phase_conditioned,gmr72_bridge_composite,sic_signature_binary,SI_SIC_to_Relative,intersection_access_effect,true_vs_performance_matched_intersection,-0.2462172445338486,-0.2616536689228469,0.015436424388998301,0.16636672665466906,101
gmr72_phase_conditioned,gmr72_bridge_composite,sic_signature_binary,SI_SIC_to_Relative,intersection_access_effect,true_vs_shuffled_c_intersection,-0.2462172445338486,-0.2502385234690422,0.004021278935193576,0.23535292941411717,101
gmr72_phase_conditioned,gmr72_bridge_composite,sic_signature_binary,SI_SIC_to_Relative,intersection_access_effect,true_vs_phase_rotated_intersection,-0.2462172445338486,-0.24597530469519088,-0.00024193983865774434,0.5036992601479704,101
fes_string_conditioned,z_reward,sic_signature_binary,Relative_to_SI_SIC,access_readout,true_vs_random_intersection,-0.0766959684815954,-0.08003347895477075,0.0033375104731753454,0.14137172565486902,101
fes_string_conditioned,z_reward,sic_signature_binary,Relative_to_SI_SIC,access_readout,true_vs_balanced_intersection,-0.0766959684815954,-0.0772554785400847,0.0005595100584893037,0.3795240951809638,101
fes_string_conditioned,z_reward,sic_signature_binary,Relative_to_SI_SIC,access_readout,true_vs_performance_matched_intersection,-0.0766959684815954,-0.08032128092663897,0.003625312445043561,0.09858028394321136,101
fes_string_conditioned,z_reward,sic_signature_binary,Relative_to_SI_SIC,access_readout,true_vs_shuffled_c_intersection,-0.0766959684815954,-0.07592952932278335,-0.0007664391588120484,0.6180763847230554,101
fes_string_conditioned,z_reward,sic_signature_binary,Relative_to_SI_SIC,access_readout,true_vs_phase_rotated_intersection,-0.0766959684815954,-0.07778030492689636,0.0010843364453009513,0.3421315736852629,101
fes_string_conditioned,z_reward,sic_signature_binary,Relative_to_SI_SIC,intersection_access_effect,true_vs_random_intersection,-0.28803262277210767,-0.29137013324528294,0.0033375104731753454,0.15056988602279545,101
fes_string_conditioned,z_reward,sic_signature_binary,Relative_to_SI_SIC,intersection_access_effect,true_vs_balanced_intersection,-0.28803262277210767,-0.28859213283059687,0.0005595100584892906,0.3593281343731254,101
fes_string_conditioned,z_reward,sic_signature_binary,Relative_to_SI_SIC,intersection_access_effect,true_vs_performance_matched_intersection,-0.28803262277210767,-0.2916579352171512,0.0036253124450435683,0.09758048390321936,101
fes_string_conditioned,z_reward,sic_signature_binary,Relative_to_SI_SIC,intersection_access_effect,true_vs_shuffled_c_intersection,-0.28803262277210767,-0.28726618361329553,-0.0007664391588120559,0.6250749850029994,101
fes_string_conditioned,z_reward,sic_signature_binary,Relative_to_SI_SIC,intersection_access_effect,true_vs_phase_rotated_intersection,-0.28803262277210767,-0.2891169592174086,0.0010843364453009552,0.3421315736852629,101
fes_string_conditioned,z_reward,sic_signature_binary,SI_SIC_to_Relative,access_readout,true_vs_random_intersection,-0.03555339062190325,-0.028258845305808068,-0.007294545316095194,0.6002799440111978,101
fes_string_conditioned,z_reward,sic_signature_binary,SI_SIC_to_Relative,access_readout,true_vs_balanced_intersection,-0.03555339062190325,-0.04134482530278926,0.005791434680885999,0.27494501099780044,101
fes_string_conditioned,z_reward,sic_signature_binary,SI_SIC_to_Relative,access_readout,true_vs_performance_matched_intersection,-0.03555339062190325,-0.07061945545539092,0.03506606483348766,0.003199360127974405,101
fes_string_conditioned,z_reward,sic_signature_binary,SI_SIC_to_Relative,access_readout,true_vs_shuffled_c_intersection,-0.03555339062190325,-0.03325575107755487,-0.0022976395443483856,0.5678864227154569,101
fes_string_conditioned,z_reward,sic_signature_binary,SI_SIC_to_Relative,access_readout,true_vs_phase_rotated_intersection,-0.03555339062190325,-0.04787268537465562,0.012319294752752358,0.1843631273745251,101
fes_string_conditioned,z_reward,sic_signature_binary,SI_SIC_to_Relative,intersection_access_effect,true_vs_random_intersection,-0.24689004491241548,-0.23959549959632026,-0.0072945453160951955,0.5874825034993001,101
fes_string_conditioned,z_reward,sic_signature_binary,SI_SIC_to_Relative,intersection_access_effect,true_vs_balanced_intersection,-0.24689004491241548,-0.2526814795933015,0.005791434680885995,0.2829434113177364,101
fes_string_conditioned,z_reward,sic_signature_binary,SI_SIC_to_Relative,intersection_access_effect,true_vs_performance_matched_intersection,-0.24689004491241548,-0.2819561097459032,0.03506606483348766,0.003199360127974405,101
fes_string_conditioned,z_reward,sic_signature_binary,SI_SIC_to_Relative,intersection_access_effect,true_vs_shuffled_c_intersection,-0.24689004491241548,-0.24459240536806706,-0.002297639544348386,0.5616876624675065,101
fes_string_conditioned,z_reward,sic_signature_binary,SI_SIC_to_Relative,intersection_access_effect,true_vs_phase_rotated_intersection,-0.24689004491241548,-0.25920933966516785,0.012319294752752364,0.19616076784643072,101
fes_string_conditioned,rank_reward,sic_signature_binary,Relative_to_SI_SIC,access_readout,true_vs_random_intersection,-0.07783781851564107,-0.08003347895477075,0.002195660439129661,0.24495100979804038,101
fes_string_conditioned,rank_reward,sic_signature_binary,Relative_to_SI_SIC,access_readout,true_vs_balanced_intersection,-0.07783781851564107,-0.0772554785400847,-0.0005823399755563803,0.646870625874825,101
fes_string_conditioned,rank_reward,sic_signature_binary,Relative_to_SI_SIC,access_readout,true_vs_performance_matched_intersection,-0.07783781851564107,-0.08236583956890312,0.004528021053262032,0.04459108178364327,101
fes_string_conditioned,rank_reward,sic_signature_binary,Relative_to_SI_SIC,access_readout,true_vs_shuffled_c_intersection,-0.07783781851564107,-0.07686374013519409,-0.0009740783804469827,0.647870425914817,101
fes_string_conditioned,rank_reward,sic_signature_binary,Relative_to_SI_SIC,access_readout,true_vs_phase_rotated_intersection,-0.07783781851564107,-0.07781124791907866,-2.6570596562429164e-05,0.5028994201159768,101
fes_string_conditioned,rank_reward,sic_signature_binary,Relative_to_SI_SIC,intersection_access_effect,true_vs_random_intersection,-0.28917447280615327,-0.29137013324528294,0.002195660439129667,0.23735252949410118,101
fes_string_conditioned,rank_reward,sic_signature_binary,Relative_to_SI_SIC,intersection_access_effect,true_vs_balanced_intersection,-0.28917447280615327,-0.28859213283059687,-0.0005823399755563876,0.6588682263547291,101
fes_string_conditioned,rank_reward,sic_signature_binary,Relative_to_SI_SIC,intersection_access_effect,true_vs_performance_matched_intersection,-0.28917447280615327,-0.2937024938594154,0.004528021053262046,0.04539092181563687,101
fes_string_conditioned,rank_reward,sic_signature_binary,Relative_to_SI_SIC,intersection_access_effect,true_vs_shuffled_c_intersection,-0.28917447280615327,-0.2882003944257063,-0.0009740783804469794,0.647870425914817,101
fes_string_conditioned,rank_reward,sic_signature_binary,Relative_to_SI_SIC,intersection_access_effect,true_vs_phase_rotated_intersection,-0.28917447280615327,-0.2891479022095909,-2.6570596562429438e-05,0.5146970605878824,101
fes_string_conditioned,rank_reward,sic_signature_binary,SI_SIC_to_Relative,access_readout,true_vs_random_intersection,-0.04146224896113855,-0.028258845305808068,-0.013203403655330485,0.6640671865626875,101
fes_string_conditioned,rank_reward,sic_signature_binary,SI_SIC_to_Relative,access_readout,true_vs_balanced_intersection,-0.04146224896113855,-0.04134482530278926,-0.00011742365834930105,0.5076984603079384,101
fes_string_conditioned,rank_reward,sic_signature_binary,SI_SIC_to_Relative,access_readout,true_vs_performance_matched_intersection,-0.04146224896113855,-0.07128034253977505,0.02981809357863649,0.008398320335932814,101
fes_string_conditioned,rank_reward,sic_signature_binary,SI_SIC_to_Relative,access_readout,true_vs_shuffled_c_intersection,-0.04146224896113855,-0.035817090327049134,-0.005645158634089422,0.7256548690261948,101
fes_string_conditioned,rank_reward,sic_signature_binary,SI_SIC_to_Relative,access_readout,true_vs_phase_rotated_intersection,-0.04146224896113855,-0.047394845373255626,0.005932596412117068,0.3017396520695861,101
fes_string_conditioned,rank_reward,sic_signature_binary,SI_SIC_to_Relative,intersection_access_effect,true_vs_random_intersection,-0.2527989032516508,-0.23959549959632026,-0.013203403655330482,0.6740651869626075,101
fes_string_conditioned,rank_reward,sic_signature_binary,SI_SIC_to_Relative,intersection_access_effect,true_vs_balanced_intersection,-0.2527989032516508,-0.2526814795933015,-0.00011742365834930009,0.499500099980004,101
fes_string_conditioned,rank_reward,sic_signature_binary,SI_SIC_to_Relative,intersection_access_effect,true_vs_performance_matched_intersection,-0.2527989032516508,-0.28261699683028724,0.0298180935786365,0.011397720455908818,101
fes_string_conditioned,rank_reward,sic_signature_binary,SI_SIC_to_Relative,intersection_access_effect,true_vs_shuffled_c_intersection,-0.2527989032516508,-0.2471537446175614,-0.005645158634089424,0.7246550689862028,101
fes_string_conditioned,rank_reward,sic_signature_binary,SI_SIC_to_Relative,intersection_access_effect,true_vs_phase_rotated_intersection,-0.2527989032516508,-0.25873149966376785,0.005932596412117072,0.2943411317736453,101
fes_string_conditioned,gmr72_bridge_composite,sic_signature_binary,Relative_to_SI_SIC,access_readout,true_vs_random_intersection,-0.07726995852513897,-0.08003347895477075,0.002763520429631771,0.1891621675664867,101
fes_string_conditioned,gmr72_bridge_composite,sic_signature_binary,Relative_to_SI_SIC,access_readout,true_vs_balanced_intersection,-0.07726995852513897,-0.0772554785400847,-1.4479985054271785e-05,0.5108978204359128,101
fes_string_conditioned,gmr72_bridge_composite,sic_signature_binary,Relative_to_SI_SIC,access_readout,true_vs_performance_matched_intersection,-0.07726995852513897,-0.07553969648248936,-0.0017302620426496236,0.8020395920815837,101
fes_string_conditioned,gmr72_bridge_composite,sic_signature_binary,Relative_to_SI_SIC,access_readout,true_vs_shuffled_c_intersection,-0.07726995852513897,-0.07709749324055176,-0.00017246528458720976,0.5590881823635273,101
fes_string_conditioned,gmr72_bridge_composite,sic_signature_binary,Relative_to_SI_SIC,access_readout,true_vs_phase_rotated_intersection,-0.07726995852513897,-0.07640281900862872,-0.0008671395165102598,0.7736452709458108,101
fes_string_conditioned,gmr72_bridge_composite,sic_signature_binary,Relative_to_SI_SIC,intersection_access_effect,true_vs_random_intersection,-0.2886066128156512,-0.29137013324528294,0.0027635204296317718,0.19276144771045792,101
fes_string_conditioned,gmr72_bridge_composite,sic_signature_binary,Relative_to_SI_SIC,intersection_access_effect,true_vs_balanced_intersection,-0.2886066128156512,-0.28859213283059687,-1.4479985054282365e-05,0.4953009398120376,101
fes_string_conditioned,gmr72_bridge_composite,sic_signature_binary,Relative_to_SI_SIC,intersection_access_effect,true_vs_performance_matched_intersection,-0.2886066128156512,-0.2868763507730016,-0.0017302620426496197,0.8054389122175565,101
fes_string_conditioned,gmr72_bridge_composite,sic_signature_binary,Relative_to_SI_SIC,intersection_access_effect,true_vs_shuffled_c_intersection,-0.2886066128156512,-0.288434147531064,-0.00017246528458720779,0.5746850629874025,101
fes_string_conditioned,gmr72_bridge_composite,sic_signature_binary,Relative_to_SI_SIC,intersection_access_effect,true_vs_phase_rotated_intersection,-0.2886066128156512,-0.287739473299141,-0.0008671395165102573,0.7724455108978204,101
fes_string_conditioned,gmr72_bridge_composite,sic_signature_binary,SI_SIC_to_Relative,access_readout,true_vs_random_intersection,-0.03998894306382395,-0.028258845305808068,-0.011730097758015883,0.6694661067786443,101
fes_string_conditioned,gmr72_bridge_composite,sic_signature_binary,SI_SIC_to_Relative,access_readout,true_vs_balanced_intersection,-0.03998894306382395,-0.04134482530278926,0.0013558822389653005,0.36312737452509497,101
fes_string_conditioned,gmr72_bridge_composite,sic_signature_binary,SI_SIC_to_Relative,access_readout,true_vs_performance_matched_intersection,-0.03998894306382395,-0.050317014632334726,0.010328071568510757,0.1949610077984403,101
fes_string_conditioned,gmr72_bridge_composite,sic_signature_binary,SI_SIC_to_Relative,access_readout,true_vs_shuffled_c_intersection,-0.03998894306382395,-0.0391816822322438,-0.0008072608315801597,0.562887422515497,101
fes_string_conditioned,gmr72_bridge_composite,sic_signature_binary,SI_SIC_to_Relative,access_readout,true_vs_phase_rotated_intersection,-0.03998894306382395,-0.03983972726352032,-0.00014921580030363563,0.5218956208758249,101
fes_string_conditioned,gmr72_bridge_composite,sic_signature_binary,SI_SIC_to_Relative,intersection_access_effect,true_vs_random_intersection,-0.2513255973543361,-0.23959549959632026,-0.011730097758015883,0.6530693861227754,101
fes_string_conditioned,gmr72_bridge_composite,sic_signature_binary,SI_SIC_to_Relative,intersection_access_effect,true_vs_balanced_intersection,-0.2513255973543361,-0.2526814795933015,0.0013558822389652982,0.3509298140371926,101
fes_string_conditioned,gmr72_bridge_composite,sic_signature_binary,SI_SIC_to_Relative,intersection_access_effect,true_vs_performance_matched_intersection,-0.2513255973543361,-0.2616536689228469,0.010328071568510755,0.1977604479104179,101
fes_string_conditioned,gmr72_bridge_composite,sic_signature_binary,SI_SIC_to_Relative,intersection_access_effect,true_vs_shuffled_c_intersection,-0.2513255973543361,-0.250518336522756,-0.000807260831580159,0.5516896620675865,101
fes_string_conditioned,gmr72_bridge_composite,sic_signature_binary,SI_SIC_to_Relative,intersection_access_effect,true_vs_phase_rotated_intersection,-0.2513255973543361,-0.2511763815540326,-0.00014921580030363688,0.5000999800039992,101
linear_c_state,z_reward,sic_signature_binary,Relative_to_SI_SIC,access_readout,true_vs_random_intersection,-0.07038897386406033,-0.06704137055011013,-0.003347603313950215,0.6834633073385323,101
linear_c_state,z_reward,sic_signature_binary,Relative_to_SI_SIC,access_readout,true_vs_balanced_intersection,-0.07038897386406033,-0.0772554785400847,0.006866504676024387,0.03679264147170566,101
linear_c_state,z_reward,sic_signature_binary,Relative_to_SI_SIC,access_readout,true_vs_performance_matched_intersection,-0.07038897386406033,-0.08032128092663897,0.009932307062578643,0.009798040391921616,101
linear_c_state,z_reward,sic_signature_binary,Relative_to_SI_SIC,access_readout,true_vs_shuffled_c_intersection,-0.07038897386406033,-0.06913391592544463,-0.0012550579386156934,0.6190761847630474,101
linear_c_state,z_reward,sic_signature_binary,Relative_to_SI_SIC,access_readout,true_vs_phase_rotated_intersection,-0.07038897386406033,-0.07104633914098396,0.0006573652769236325,0.46350729854029193,101
linear_c_state,z_reward,sic_signature_binary,Relative_to_SI_SIC,intersection_access_effect,true_vs_random_intersection,-0.2817256281545726,-0.2783780248406223,-0.0033476033139502133,0.6810637872425515,101
linear_c_state,z_reward,sic_signature_binary,Relative_to_SI_SIC,intersection_access_effect,true_vs_balanced_intersection,-0.2817256281545726,-0.28859213283059687,0.006866504676024373,0.02959408118376325,101
linear_c_state,z_reward,sic_signature_binary,Relative_to_SI_SIC,intersection_access_effect,true_vs_performance_matched_intersection,-0.2817256281545726,-0.2916579352171512,0.00993230706257865,0.011197760447910418,101
linear_c_state,z_reward,sic_signature_binary,Relative_to_SI_SIC,intersection_access_effect,true_vs_shuffled_c_intersection,-0.2817256281545726,-0.2804705702159569,-0.0012550579386156942,0.6282743451309738,101
linear_c_state,z_reward,sic_signature_binary,Relative_to_SI_SIC,intersection_access_effect,true_vs_phase_rotated_intersection,-0.2817256281545726,-0.2823829934314962,0.0006573652769236241,0.4657068586282743,101
linear_c_state,z_reward,sic_signature_binary,SI_SIC_to_Relative,access_readout,true_vs_random_intersection,-0.007793795058517545,-0.0009327023842244062,-0.006861092674293138,0.608878224355129,101
linear_c_state,z_reward,sic_signature_binary,SI_SIC_to_Relative,access_readout,true_vs_balanced_intersection,-0.007793795058517545,-0.04134482530278926,0.033551030244271716,0.007998400319936013,101
linear_c_state,z_reward,sic_signature_binary,SI_SIC_to_Relative,access_readout,true_vs_performance_matched_intersection,-0.007793795058517545,-0.07061945545539092,0.06282566039687339,0.0001999600079984003,101
linear_c_state,z_reward,sic_signature_binary,SI_SIC_to_Relative,access_readout,true_vs_shuffled_c_intersection,-0.007793795058517545,-0.019569147744786866,0.011775352686269332,0.2505498900219956,101
linear_c_state,z_reward,sic_signature_binary,SI_SIC_to_Relative,access_readout,true_vs_phase_rotated_intersection,-0.007793795058517545,-0.052831375056929836,0.0450375799984123,0.04999000199960008,101
linear_c_state,z_reward,sic_signature_binary,SI_SIC_to_Relative,intersection_access_effect,true_vs_random_intersection,-0.21913044934902987,-0.21226935667473668,-0.006861092674293138,0.619876024795041,101
linear_c_state,z_reward,sic_signature_binary,SI_SIC_to_Relative,intersection_access_effect,true_vs_balanced_intersection,-0.21913044934902987,-0.2526814795933015,0.033551030244271716,0.007198560287942412,101
linear_c_state,z_reward,sic_signature_binary,SI_SIC_to_Relative,intersection_access_effect,true_vs_performance_matched_intersection,-0.21913044934902987,-0.2819561097459032,0.06282566039687339,0.0001999600079984003,101
linear_c_state,z_reward,sic_signature_binary,SI_SIC_to_Relative,intersection_access_effect,true_vs_shuffled_c_intersection,-0.21913044934902987,-0.23090580203529906,0.01177535268626933,0.2543491301739652,101
linear_c_state,z_reward,sic_signature_binary,SI_SIC_to_Relative,intersection_access_effect,true_vs_phase_rotated_intersection,-0.21913044934902987,-0.2641680293474421,0.04503757999841229,0.04779044191161767,101
linear_c_state,rank_reward,sic_signature_binary,Relative_to_SI_SIC,access_readout,true_vs_random_intersection,-0.06856018911767107,-0.06704137055011013,-0.0015188185675609803,0.5800839832033593,101
linear_c_state,rank_reward,sic_signature_binary,Relative_to_SI_SIC,access_readout,true_vs_balanced_intersection,-0.06856018911767107,-0.0772554785400847,0.008695289422413622,0.021995600879824034,101
linear_c_state,rank_reward,sic_signature_binary,Relative_to_SI_SIC,access_readout,true_vs_performance_matched_intersection,-0.06856018911767107,-0.08236583956890312,0.013805650451232035,0.003999200159968006,101
linear_c_state,rank_reward,sic_signature_binary,Relative_to_SI_SIC,access_readout,true_vs_shuffled_c_intersection,-0.06856018911767107,-0.06908390652723509,0.0005237174095640083,0.45930813837232554,101
linear_c_state,rank_reward,sic_signature_binary,Relative_to_SI_SIC,access_readout,true_vs_phase_rotated_intersection,-0.06856018911767107,-0.07219247071788788,0.0036322816002167992,0.2997400519896021,101
linear_c_state,rank_reward,sic_signature_binary,Relative_to_SI_SIC,intersection_access_effect,true_vs_random_intersection,-0.2798968434081833,-0.2783780248406223,-0.0015188185675609736,0.5836832633473306,101
linear_c_state,rank_reward,sic_signature_binary,Relative_to_SI_SIC,intersection_access_effect,true_vs_balanced_intersection,-0.2798968434081833,-0.28859213283059687,0.008695289422413613,0.02559488102379524,101
linear_c_state,rank_reward,sic_signature_binary,Relative_to_SI_SIC,intersection_access_effect,true_vs_performance_matched_intersection,-0.2798968434081833,-0.2937024938594154,0.013805650451232047,0.0027994401119776045,101
linear_c_state,rank_reward,sic_signature_binary,Relative_to_SI_SIC,intersection_access_effect,true_vs_shuffled_c_intersection,-0.2798968434081833,-0.2804205608177473,0.0005237174095640083,0.44931013797240554,101
linear_c_state,rank_reward,sic_signature_binary,Relative_to_SI_SIC,intersection_access_effect,true_vs_phase_rotated_intersection,-0.2798968434081833,-0.28352912500840016,0.003632281600216803,0.28654269146170763,101
linear_c_state,rank_reward,sic_signature_binary,SI_SIC_to_Relative,access_readout,true_vs_random_intersection,-0.00654031181071824,-0.0009327023842244062,-0.005607609426493836,0.5990801839632074,101
linear_c_state,rank_reward,sic_signature_binary,SI_SIC_to_Relative,access_readout,true_vs_balanced_intersection,-0.00654031181071824,-0.04134482530278926,0.034804513492071025,0.002599480103979204,101
linear_c_state,rank_reward,sic_signature_binary,SI_SIC_to_Relative,access_readout,true_vs_performance_matched_intersection,-0.00654031181071824,-0.07128034253977505,0.06474003072905679,0.0001999600079984003,101
linear_c_state,rank_reward,sic_signature_binary,SI_SIC_to_Relative,access_readout,true_vs_shuffled_c_intersection,-0.00654031181071824,-0.022321903819514072,0.015781592008795836,0.11677664467106579,101
linear_c_state,rank_reward,sic_signature_binary,SI_SIC_to_Relative,access_readout,true_vs_phase_rotated_intersection,-0.00654031181071824,-0.05850187647021708,0.051961564659498825,0.02499500099980004,101
linear_c_state,rank_reward,sic_signature_binary,SI_SIC_to_Relative,intersection_access_effect,true_vs_random_intersection,-0.21787696610123045,-0.21226935667473668,-0.005607609426493834,0.6064787042591482,101
linear_c_state,rank_reward,sic_signature_binary,SI_SIC_to_Relative,intersection_access_effect,true_vs_balanced_intersection,-0.21787696610123045,-0.2526814795933015,0.034804513492071025,0.005598880223955209,101
linear_c_state,rank_reward,sic_signature_binary,SI_SIC_to_Relative,intersection_access_effect,true_vs_performance_matched_intersection,-0.21787696610123045,-0.28261699683028724,0.06474003072905679,0.0003999200159968006,101
linear_c_state,rank_reward,sic_signature_binary,SI_SIC_to_Relative,intersection_access_effect,true_vs_shuffled_c_intersection,-0.21787696610123045,-0.2336585581100263,0.01578159200879583,0.11797640471905618,101
linear_c_state,rank_reward,sic_signature_binary,SI_SIC_to_Relative,intersection_access_effect,true_vs_phase_rotated_intersection,-0.21787696610123045,-0.2698385307607293,0.051961564659498825,0.01859628074385123,101
linear_c_state,gmr72_bridge_composite,sic_signature_binary,Relative_to_SI_SIC,access_readout,true_vs_random_intersection,-0.07604110461096592,-0.06704137055011013,-0.008999734060855802,0.9626074785042992,101
linear_c_state,gmr72_bridge_composite,sic_signature_binary,Relative_to_SI_SIC,access_readout,true_vs_balanced_intersection,-0.07604110461096592,-0.0772554785400847,0.0012143739291188,0.09738052389522095,101
linear_c_state,gmr72_bridge_composite,sic_signature_binary,Relative_to_SI_SIC,access_readout,true_vs_performance_matched_intersection,-0.07604110461096592,-0.07553969648248936,-0.0005014081284765519,0.5578884223155369,101
linear_c_state,gmr72_bridge_composite,sic_signature_binary,Relative_to_SI_SIC,access_readout,true_vs_shuffled_c_intersection,-0.07604110461096592,-0.07474082922516401,-0.0013002753858019067,0.8828234353129374,101
linear_c_state,gmr72_bridge_composite,sic_signature_binary,Relative_to_SI_SIC,access_readout,true_vs_phase_rotated_intersection,-0.07604110461096592,-0.07402803691238288,-0.0020130676985830433,0.8442311537692462,101
linear_c_state,gmr72_bridge_composite,sic_signature_binary,Relative_to_SI_SIC,intersection_access_effect,true_vs_random_intersection,-0.2873777589014782,-0.2783780248406223,-0.0089997340608558,0.9630073985202959,101
linear_c_state,gmr72_bridge_composite,sic_signature_binary,Relative_to_SI_SIC,intersection_access_effect,true_vs_balanced_intersection,-0.2873777589014782,-0.28859213283059687,0.0012143739291187864,0.10477904419116177,101
linear_c_state,gmr72_bridge_composite,sic_signature_binary,Relative_to_SI_SIC,intersection_access_effect,true_vs_performance_matched_intersection,-0.2873777589014782,-0.2868763507730016,-0.0005014081284765511,0.5742851429714058,101
linear_c_state,gmr72_bridge_composite,sic_signature_binary,Relative_to_SI_SIC,intersection_access_effect,true_vs_shuffled_c_intersection,-0.2873777589014782,-0.28607748351567625,-0.0013002753858019106,0.8790241951609679,101
linear_c_state,gmr72_bridge_composite,sic_signature_binary,Relative_to_SI_SIC,intersection_access_effect,true_vs_phase_rotated_intersection,-0.2873777589014782,-0.2853646912028951,-0.002013067698583055,0.8468306338732253,101
linear_c_state,gmr72_bridge_composite,sic_signature_binary,SI_SIC_to_Relative,access_readout,true_vs_random_intersection,-0.031576088031020674,-0.0009327023842244062,-0.03064338564679627,0.9420115976804639,101
linear_c_state,gmr72_bridge_composite,sic_signature_binary,SI_SIC_to_Relative,access_readout,true_vs_balanced_intersection,-0.031576088031020674,-0.04134482530278926,0.009768737271768576,0.0021995600879824036,101
linear_c_state,gmr72_bridge_composite,sic_signature_binary,SI_SIC_to_Relative,access_readout,true_vs_performance_matched_intersection,-0.031576088031020674,-0.050317014632334726,0.018740926601314038,0.09418116376724656,101
linear_c_state,gmr72_bridge_composite,sic_signature_binary,SI_SIC_to_Relative,access_readout,true_vs_shuffled_c_intersection,-0.031576088031020674,-0.03332916584449956,0.0017530778134788806,0.38292341531693663,101
linear_c_state,gmr72_bridge_composite,sic_signature_binary,SI_SIC_to_Relative,access_readout,true_vs_phase_rotated_intersection,-0.031576088031020674,-0.04236563006253289,0.010789542031512203,0.09078184363127374,101
linear_c_state,gmr72_bridge_composite,sic_signature_binary,SI_SIC_to_Relative,intersection_access_effect,true_vs_random_intersection,-0.24291274232153293,-0.21226935667473668,-0.030643385646796282,0.9468106378724255,101
linear_c_state,gmr72_bridge_composite,sic_signature_binary,SI_SIC_to_Relative,intersection_access_effect,true_vs_balanced_intersection,-0.24291274232153293,-0.2526814795933015,0.009768737271768574,0.0033993201359728054,101
linear_c_state,gmr72_bridge_composite,sic_signature_binary,SI_SIC_to_Relative,intersection_access_effect,true_vs_performance_matched_intersection,-0.24291274232153293,-0.2616536689228469,0.018740926601314038,0.09758048390321936,101
linear_c_state,gmr72_bridge_composite,sic_signature_binary,SI_SIC_to_Relative,intersection_access_effect,true_vs_shuffled_c_intersection,-0.24291274232153293,-0.2446658201350118,0.0017530778134788782,0.393121375724855,101
linear_c_state,gmr72_bridge_composite,sic_signature_binary,SI_SIC_to_Relative,intersection_access_effect,true_vs_phase_rotated_intersection,-0.24291274232153293,-0.25370228435304515,0.010789542031512205,0.08658268346330734,101
combined_c_fes_gmr72,z_reward,mq_decohered_reference,Relative_to_SI_SIC,access_readout,true_vs_random_intersection,0.0017569715410035442,-0.0018461173035805262,0.00360308884458407,0.4233153369326135,502
combined_c_fes_gmr72,z_reward,mq_decohered_reference,Relative_to_SI_SIC,access_readout,true_vs_balanced_intersection,0.0017569715410035442,0.0010135596748009773,0.0007434118662025587,0.46750649870025995,502
combined_c_fes_gmr72,z_reward,mq_decohered_reference,Relative_to_SI_SIC,access_readout,true_vs_performance_matched_intersection,0.0017569715410035442,0.0009016023093448844,0.0008553692316586589,0.47370525894821036,502
combined_c_fes_gmr72,z_reward,mq_decohered_reference,Relative_to_SI_SIC,access_readout,true_vs_shuffled_c_intersection,0.0017569715410035442,0.004591986203887048,-0.0028350146628835044,0.5588882223555289,502
combined_c_fes_gmr72,z_reward,mq_decohered_reference,Relative_to_SI_SIC,access_readout,true_vs_phase_rotated_intersection,0.0017569715410035442,0.015004632436242725,-0.01324766089523918,0.8554289142171566,502
combined_c_fes_gmr72,z_reward,mq_decohered_reference,Relative_to_SI_SIC,intersection_access_effect,true_vs_random_intersection,-0.6001135813926154,-0.6037166702371994,0.0036030888445840632,0.4221155768846231,502
combined_c_fes_gmr72,z_reward,mq_decohered_reference,Relative_to_SI_SIC,intersection_access_effect,true_vs_balanced_intersection,-0.6001135813926154,-0.6008569932588178,0.0007434118662025585,0.46950609878024396,502
combined_c_fes_gmr72,z_reward,mq_decohered_reference,Relative_to_SI_SIC,intersection_access_effect,true_vs_performance_matched_intersection,-0.6001135813926154,-0.600968950624274,0.0008553692316586562,0.47470505898820237,502
combined_c_fes_gmr72,z_reward,mq_decohered_reference,Relative_to_SI_SIC,intersection_access_effect,true_vs_shuffled_c_intersection,-0.6001135813926154,-0.5972785667297318,-0.0028350146628835027,0.5734853029394121,502
combined_c_fes_gmr72,z_reward,mq_decohered_reference,Relative_to_SI_SIC,intersection_access_effect,true_vs_phase_rotated_intersection,-0.6001135813926154,-0.5868659204973762,-0.013247660895239185,0.8634273145370925,502
combined_c_fes_gmr72,z_reward,mq_decohered_reference,SI_SIC_to_Relative,access_readout,true_vs_random_intersection,0.013152617432646833,0.009470741816223977,0.0036818756164228536,0.4215156968606279,502
combined_c_fes_gmr72,z_reward,mq_decohered_reference,SI_SIC_to_Relative,access_readout,true_vs_balanced_intersection,0.013152617432646833,0.0038560505537956614,0.009296566878851172,0.22255548890221954,502
combined_c_fes_gmr72,z_reward,mq_decohered_reference,SI_SIC_to_Relative,access_readout,true_vs_performance_matched_intersection,0.013152617432646833,-0.004767457257618994,0.017920074690265835,0.08598280343931214,502
combined_c_fes_gmr72,z_reward,mq_decohered_reference,SI_SIC_to_Relative,access_readout,true_vs_shuffled_c_intersection,0.013152617432646833,0.017115272625830815,-0.003962655193183987,0.612877424515097,502
combined_c_fes_gmr72,z_reward,mq_decohered_reference,SI_SIC_to_Relative,access_readout,true_vs_phase_rotated_intersection,0.013152617432646833,0.01600819368983862,-0.002855576257191784,0.5852829434113177,502
combined_c_fes_gmr72,z_reward,mq_decohered_reference,SI_SIC_to_Relative,intersection_access_effect,true_vs_random_intersection,-0.588717935500972,-0.5923998111173949,0.0036818756164228588,0.4225154969006199,502
combined_c_fes_gmr72,z_reward,mq_decohered_reference,SI_SIC_to_Relative,intersection_access_effect,true_vs_balanced_intersection,-0.588717935500972,-0.5980145023798232,0.009296566878851177,0.20695860827834434,502
combined_c_fes_gmr72,z_reward,mq_decohered_reference,SI_SIC_to_Relative,intersection_access_effect,true_vs_performance_matched_intersection,-0.588717935500972,-0.6066380101912379,0.01792007469026584,0.08978204359128174,502
combined_c_fes_gmr72,z_reward,mq_decohered_reference,SI_SIC_to_Relative,intersection_access_effect,true_vs_shuffled_c_intersection,-0.588717935500972,-0.5847552803077881,-0.00396265519318399,0.6076784643071386,502
combined_c_fes_gmr72,z_reward,mq_decohered_reference,SI_SIC_to_Relative,intersection_access_effect,true_vs_phase_rotated_intersection,-0.588717935500972,-0.5858623592437803,-0.002855576257191784,0.5862827434513097,502
combined_c_fes_gmr72,rank_reward,mq_decohered_reference,Relative_to_SI_SIC,access_readout,true_vs_random_intersection,0.0034446423871346424,-0.0018461173035805262,0.005290759690715171,0.38972205558888223,502
combined_c_fes_gmr72,rank_reward,mq_decohered_reference,Relative_to_SI_SIC,access_readout,true_vs_balanced_intersection,0.0034446423871346424,0.0010135596748009773,0.002431082712333665,0.41571685662867425,502
combined_c_fes_gmr72,rank_reward,mq_decohered_reference,Relative_to_SI_SIC,access_readout,true_vs_performance_matched_intersection,0.0034446423871346424,0.0034056245018446196,3.901788529002077e-05,0.4939012197560488,502
combined_c_fes_gmr72,rank_reward,mq_decohered_reference,Relative_to_SI_SIC,access_readout,true_vs_shuffled_c_intersection,0.0034446423871346424,0.0031642497957103787,0.0002803925914242662,0.5032993401319736,502
combined_c_fes_gmr72,rank_reward,mq_decohered_reference,Relative_to_SI_SIC,access_readout,true_vs_phase_rotated_intersection,0.0034446423871346424,0.011796515568165428,-0.008351873181030789,0.749250149970006,502
combined_c_fes_gmr72,rank_reward,mq_decohered_reference,Relative_to_SI_SIC,intersection_access_effect,true_vs_random_intersection,-0.5984259105464843,-0.6037166702371994,0.0052907596907151725,0.3825234953009398,502
combined_c_fes_gmr72,rank_reward,mq_decohered_reference,Relative_to_SI_SIC,intersection_access_effect,true_vs_balanced_intersection,-0.5984259105464843,-0.6008569932588178,0.0024310827123336684,0.4231153769246151,502
combined_c_fes_gmr72,rank_reward,mq_decohered_reference,Relative_to_SI_SIC,intersection_access_effect,true_vs_performance_matched_intersection,-0.5984259105464843,-0.5984649284317743,3.901788529002033e-05,0.5090981803639272,502
combined_c_fes_gmr72,rank_reward,mq_decohered_reference,Relative_to_SI_SIC,intersection_access_effect,true_vs_shuffled_c_intersection,-0.5984259105464843,-0.5987063031379085,0.0002803925914242706,0.4953009398120376,502
combined_c_fes_gmr72,rank_reward,mq_decohered_reference,Relative_to_SI_SIC,intersection_access_effect,true_vs_phase_rotated_intersection,-0.5984259105464843,-0.5900740373654535,-0.008351873181030783,0.753249350129974,502
combined_c_fes_gmr72,rank_reward,mq_decohered_reference,SI_SIC_to_Relative,access_readout,true_vs_random_intersection,0.015938492023492297,0.009470741816223977,0.006467750207268328,0.3789242151569686,502
combined_c_fes_gmr72,rank_reward,mq_decohered_reference,SI_SIC_to_Relative,access_readout,true_vs_balanced_intersection,0.015938492023492297,0.0038560505537956614,0.01208244146969664,0.15876824635072986,502
combined_c_fes_gmr72,rank_reward,mq_decohered_reference,SI_SIC_to_Relative,access_readout,true_vs_performance_matched_intersection,0.015938492023492297,0.00390872705011078,0.012029764973381521,0.1863627274545091,502
combined_c_fes_gmr72,rank_reward,mq_decohered_reference,SI_SIC_to_Relative,access_readout,true_vs_shuffled_c_intersection,0.015938492023492297,0.01565873330309415,0.00027975872039815044,0.48830233953209357,502
combined_c_fes_gmr72,rank_reward,mq_decohered_reference,SI_SIC_to_Relative,access_readout,true_vs_phase_rotated_intersection,0.015938492023492297,0.01176086291888537,0.004177629104606931,0.3797240551889622,502
combined_c_fes_gmr72,rank_reward,mq_decohered_reference,SI_SIC_to_Relative,intersection_access_effect,true_vs_random_intersection,-0.5859320609101266,-0.5923998111173949,0.006467750207268336,0.36572685462907417,502
combined_c_fes_gmr72,rank_reward,mq_decohered_reference,SI_SIC_to_Relative,intersection_access_effect,true_vs_balanced_intersection,-0.5859320609101266,-0.5980145023798232,0.012082441469696637,0.15136972605478904,502
combined_c_fes_gmr72,rank_reward,mq_decohered_reference,SI_SIC_to_Relative,intersection_access_effect,true_vs_performance_matched_intersection,-0.5859320609101266,-0.5979618258835082,0.012029764973381528,0.19096180763847231,502
combined_c_fes_gmr72,rank_reward,mq_decohered_reference,SI_SIC_to_Relative,intersection_access_effect,true_vs_shuffled_c_intersection,-0.5859320609101266,-0.5862118196305247,0.00027975872039815044,0.4949010197960408,502
combined_c_fes_gmr72,rank_reward,mq_decohered_reference,SI_SIC_to_Relative,intersection_access_effect,true_vs_phase_rotated_intersection,-0.5859320609101266,-0.5901096900147335,0.004177629104606925,0.382123575284943,502
combined_c_fes_gmr72,gmr72_bridge_composite,mq_decohered_reference,Relative_to_SI_SIC,access_readout,true_vs_random_intersection,0.004507340780032879,-0.0018461173035805262,0.006353458083613406,0.3515296940611878,502
combined_c_fes_gmr72,gmr72_bridge_composite,mq_decohered_reference,Relative_to_SI_SIC,access_readout,true_vs_balanced_intersection,0.004507340780032879,0.0010135596748009773,0.0034937811052318996,0.3775244951009798,502
combined_c_fes_gmr72,gmr72_bridge_composite,mq_decohered_reference,Relative_to_SI_SIC,access_readout,true_vs_performance_matched_intersection,0.004507340780032879,0.0014476061055385466,0.0030597346744943386,0.40071985602879423,502
combined_c_fes_gmr72,gmr72_bridge_composite,mq_decohered_reference,Relative_to_SI_SIC,access_readout,true_vs_shuffled_c_intersection,0.004507340780032879,0.004003519715248696,0.0005038210647841824,0.4963007398520296,502
combined_c_fes_gmr72,gmr72_bridge_composite,mq_decohered_reference,Relative_to_SI_SIC,access_readout,true_vs_phase_rotated_intersection,0.004507340780032879,0.015473952115838697,-0.010966611335805829,0.8502299540091982,502
combined_c_fes_gmr72,gmr72_bridge_composite,mq_decohered_reference,Relative_to_SI_SIC,intersection_access_effect,true_vs_random_intersection,-0.5973632121535859,-0.6037166702371994,0.0063534580836134185,0.372125574885023,502
combined_c_fes_gmr72,gmr72_bridge_composite,mq_decohered_reference,Relative_to_SI_SIC,intersection_access_effect,true_vs_balanced_intersection,-0.5973632121535859,-0.6008569932588178,0.0034937811052319057,0.378124375124975,502
combined_c_fes_gmr72,gmr72_bridge_composite,mq_decohered_reference,Relative_to_SI_SIC,intersection_access_effect,true_vs_performance_matched_intersection,-0.5973632121535859,-0.6004229468280803,0.003059734674494339,0.3843231353729254,502
combined_c_fes_gmr72,gmr72_bridge_composite,mq_decohered_reference,Relative_to_SI_SIC,intersection_access_effect,true_vs_shuffled_c_intersection,-0.5973632121535859,-0.5978670332183702,0.0005038210647841815,0.4803039392121576,502
combined_c_fes_gmr72,gmr72_bridge_composite,mq_decohered_reference,Relative_to_SI_SIC,intersection_access_effect,true_vs_phase_rotated_intersection,-0.5973632121535859,-0.5863966008177801,-0.010966611335805822,0.8424315136972605,502
combined_c_fes_gmr72,gmr72_bridge_composite,mq_decohered_reference,SI_SIC_to_Relative,access_readout,true_vs_random_intersection,0.0007521506021117121,0.009470741816223977,-0.00871859121411226,0.7006598680263947,502
combined_c_fes_gmr72,gmr72_bridge_composite,mq_decohered_reference,SI_SIC_to_Relative,access_readout,true_vs_balanced_intersection,0.0007521506021117121,0.0038560505537956614,-0.0031038999516839493,0.6634673065386922,502
combined_c_fes_gmr72,gmr72_bridge_composite,mq_decohered_reference,SI_SIC_to_Relative,access_readout,true_vs_performance_matched_intersection,0.0007521506021117121,-0.007335018092836277,0.008087168694947985,0.21095780843831233,502
combined_c_fes_gmr72,gmr72_bridge_composite,mq_decohered_reference,SI_SIC_to_Relative,access_readout,true_vs_shuffled_c_intersection,0.0007521506021117121,0.0075918502357708185,-0.0068396996336591125,0.7546490701859628,502
combined_c_fes_gmr72,gmr72_bridge_composite,mq_decohered_reference,SI_SIC_to_Relative,access_readout,true_vs_phase_rotated_intersection,0.0007521506021117121,0.018451764511018806,-0.017699613908907095,0.9342131573685263,502
combined_c_fes_gmr72,gmr72_bridge_composite,mq_decohered_reference,SI_SIC_to_Relative,intersection_access_effect,true_vs_random_intersection,-0.6011184023315072,-0.5923998111173949,-0.008718591214112259,0.6966606678664267,502
combined_c_fes_gmr72,gmr72_bridge_composite,mq_decohered_reference,SI_SIC_to_Relative,intersection_access_effect,true_vs_balanced_intersection,-0.6011184023315072,-0.5980145023798232,-0.0031038999516839467,0.6616676664667066,502
combined_c_fes_gmr72,gmr72_bridge_composite,mq_decohered_reference,SI_SIC_to_Relative,intersection_access_effect,true_vs_performance_matched_intersection,-0.6011184023315072,-0.6092055710264552,0.008087168694947989,0.19356128774245152,502
combined_c_fes_gmr72,gmr72_bridge_composite,mq_decohered_reference,SI_SIC_to_Relative,intersection_access_effect,true_vs_shuffled_c_intersection,-0.6011184023315072,-0.594278702697848,-0.006839699633659112,0.7558488302339532,502
combined_c_fes_gmr72,gmr72_bridge_composite,mq_decohered_reference,SI_SIC_to_Relative,intersection_access_effect,true_vs_phase_rotated_intersection,-0.6011184023315072,-0.5834187884226001,-0.017699613908907088,0.9314137172565486,502
gmr72_phase_conditioned,z_reward,mq_decohered_reference,Relative_to_SI_SIC,access_readout,true_vs_random_intersection,-0.012124300229391514,0.015587390294216337,-0.027711690523607852,0.9636072785442912,502
gmr72_phase_conditioned,z_reward,mq_decohered_reference,Relative_to_SI_SIC,access_readout,true_vs_balanced_intersection,-0.012124300229391514,0.0010135596748009773,-0.013137859904192497,0.9384123175364927,502
gmr72_phase_conditioned,z_reward,mq_decohered_reference,Relative_to_SI_SIC,access_readout,true_vs_performance_matched_intersection,-0.012124300229391514,0.0009016023093448844,-0.013025902538736395,0.9078184363127374,502
gmr72_phase_conditioned,z_reward,mq_decohered_reference,Relative_to_SI_SIC,access_readout,true_vs_shuffled_c_intersection,-0.012124300229391514,-0.0017979531613141475,-0.010326347068077373,0.8070385922815437,502
gmr72_phase_conditioned,z_reward,mq_decohered_reference,Relative_to_SI_SIC,access_readout,true_vs_phase_rotated_intersection,-0.012124300229391514,-0.012062015722273401,-6.228450711810215e-05,0.5016996600679864,502
gmr72_phase_conditioned,z_reward,mq_decohered_reference,Relative_to_SI_SIC,intersection_access_effect,true_vs_random_intersection,-0.6139948531630104,-0.5862831626394025,-0.02771169052360786,0.9618076384723055,502
gmr72_phase_conditioned,z_reward,mq_decohered_reference,Relative_to_SI_SIC,intersection_access_effect,true_vs_balanced_intersection,-0.6139948531630104,-0.6008569932588178,-0.013137859904192493,0.9416116776644671,502
gmr72_phase_conditioned,z_reward,mq_decohered_reference,Relative_to_SI_SIC,intersection_access_effect,true_vs_performance_matched_intersection,-0.6139948531630104,-0.600968950624274,-0.0130259025387364,0.9142171565686863,502
gmr72_phase_conditioned,z_reward,mq_decohered_reference,Relative_to_SI_SIC,intersection_access_effect,true_vs_shuffled_c_intersection,-0.6139948531630104,-0.603668506094933,-0.010326347068077371,0.7992401519696061,502
gmr72_phase_conditioned,z_reward,mq_decohered_reference,Relative_to_SI_SIC,intersection_access_effect,true_vs_phase_rotated_intersection,-0.6139948531630104,-0.6139325686558924,-6.228450711810391e-05,0.4991001799640072,502
gmr72_phase_conditioned,z_reward,mq_decohered_reference,SI_SIC_to_Relative,access_readout,true_vs_random_intersection,0.017659491558464933,-0.00732640016871654,0.024985891727181485,0.09938012397520496,502
gmr72_phase_conditioned,z_reward,mq_decohered_reference,SI_SIC_to_Relative,access_readout,true_vs_balanced_intersection,0.017659491558464933,0.0038560505537956614,0.013803441004669282,0.1249750049990002,502
gmr72_phase_conditioned,z_reward,mq_decohered_reference,SI_SIC_to_Relative,access_readout,true_vs_performance_matched_intersection,0.017659491558464933,-0.004767457257618994,0.02242694881608394,0.08818236352729454,502
gmr72_phase_conditioned,z_reward,mq_decohered_reference,SI_SIC_to_Relative,access_readout,true_vs_shuffled_c_intersection,0.017659491558464933,-0.0022106627102186135,0.019870154268683552,0.10377924415116976,502
gmr72_phase_conditioned,z_reward,mq_decohered_reference,SI_SIC_to_Relative,access_readout,true_vs_phase_rotated_intersection,0.017659491558464933,0.013024739232872925,0.004634752325592014,0.38292341531693663,502
gmr72_phase_conditioned,z_reward,mq_decohered_reference,SI_SIC_to_Relative,intersection_access_effect,true_vs_random_intersection,-0.5842110613751539,-0.6091969531023355,0.02498589172718148,0.10757848430313938,502
gmr72_phase_conditioned,z_reward,mq_decohered_reference,SI_SIC_to_Relative,intersection_access_effect,true_vs_balanced_intersection,-0.5842110613751539,-0.5980145023798232,0.013803441004669282,0.1265746850629874,502
gmr72_phase_conditioned,z_reward,mq_decohered_reference,SI_SIC_to_Relative,intersection_access_effect,true_vs_performance_matched_intersection,-0.5842110613751539,-0.6066380101912379,0.022426948816083942,0.08058388322335533,502
gmr72_phase_conditioned,z_reward,mq_decohered_reference,SI_SIC_to_Relative,intersection_access_effect,true_vs_shuffled_c_intersection,-0.5842110613751539,-0.6040812156438375,0.019870154268683552,0.10117976404719056,502
gmr72_phase_conditioned,z_reward,mq_decohered_reference,SI_SIC_to_Relative,intersection_access_effect,true_vs_phase_rotated_intersection,-0.5842110613751539,-0.588845813700746,0.004634752325592016,0.39652069586082783,502
gmr72_phase_conditioned,rank_reward,mq_decohered_reference,Relative_to_SI_SIC,access_readout,true_vs_random_intersection,-0.0096095598056816,0.015587390294216337,-0.025196950099897936,0.9534093181363728,502
gmr72_phase_conditioned,rank_reward,mq_decohered_reference,Relative_to_SI_SIC,access_readout,true_vs_balanced_intersection,-0.0096095598056816,0.0010135596748009773,-0.01062311948048258,0.884623075384923,502
gmr72_phase_conditioned,rank_reward,mq_decohered_reference,Relative_to_SI_SIC,access_readout,true_vs_performance_matched_intersection,-0.0096095598056816,0.0034056245018446196,-0.01301518430752622,0.8908218356328734,502
gmr72_phase_conditioned,rank_reward,mq_decohered_reference,Relative_to_SI_SIC,access_readout,true_vs_shuffled_c_intersection,-0.0096095598056816,0.00027863701448247645,-0.009888196820164067,0.8112377524495101,502
gmr72_phase_conditioned,rank_reward,mq_decohered_reference,Relative_to_SI_SIC,access_readout,true_vs_phase_rotated_intersection,-0.0096095598056816,-0.015277567279905369,0.005668007474223768,0.30193961207758446,502
gmr72_phase_conditioned,rank_reward,mq_decohered_reference,Relative_to_SI_SIC,intersection_access_effect,true_vs_random_intersection,-0.6114801127393004,-0.5862831626394025,-0.025196950099897936,0.9474105178964207,502
gmr72_phase_conditioned,rank_reward,mq_decohered_reference,Relative_to_SI_SIC,intersection_access_effect,true_vs_balanced_intersection,-0.6114801127393004,-0.6008569932588178,-0.010623119480482574,0.8810237952409518,502
gmr72_phase_conditioned,rank_reward,mq_decohered_reference,Relative_to_SI_SIC,intersection_access_effect,true_vs_performance_matched_intersection,-0.6114801127393004,-0.5984649284317743,-0.013015184307526219,0.8914217156568687,502
gmr72_phase_conditioned,rank_reward,mq_decohered_reference,Relative_to_SI_SIC,intersection_access_effect,true_vs_shuffled_c_intersection,-0.6114801127393004,-0.6015919159191364,-0.009888196820164058,0.8224355128974206,502
gmr72_phase_conditioned,rank_reward,mq_decohered_reference,Relative_to_SI_SIC,intersection_access_effect,true_vs_phase_rotated_intersection,-0.6114801127393004,-0.6171481202135242,0.005668007474223772,0.3091381723655269,502
gmr72_phase_conditioned,rank_reward,mq_decohered_reference,SI_SIC_to_Relative,access_readout,true_vs_random_intersection,0.02111116756826029,-0.00732640016871654,0.028437567736976834,0.06998600279944012,502
gmr72_phase_conditioned,rank_reward,mq_decohered_reference,SI_SIC_to_Relative,access_readout,true_vs_balanced_intersection,0.02111116756826029,0.0038560505537956614,0.017255117014464635,0.07158568286342731,502
gmr72_phase_conditioned,rank_reward,mq_decohered_reference,SI_SIC_to_Relative,access_readout,true_vs_performance_matched_intersection,0.02111116756826029,0.00390872705011078,0.017202440518149516,0.12377524495100979,502
gmr72_phase_conditioned,rank_reward,mq_decohered_reference,SI_SIC_to_Relative,access_readout,true_vs_shuffled_c_intersection,0.02111116756826029,0.0032685263488195938,0.017842641219440694,0.11197760447910418,502
gmr72_phase_conditioned,rank_reward,mq_decohered_reference,SI_SIC_to_Relative,access_readout,true_vs_phase_rotated_intersection,0.02111116756826029,9.188996053413534e-05,0.02101927760772616,0.10117976404719056,502
gmr72_phase_conditioned,rank_reward,mq_decohered_reference,SI_SIC_to_Relative,intersection_access_effect,true_vs_random_intersection,-0.5807593853653586,-0.6091969531023355,0.028437567736976838,0.07418516296740651,502
gmr72_phase_conditioned,rank_reward,mq_decohered_reference,SI_SIC_to_Relative,intersection_access_effect,true_vs_balanced_intersection,-0.5807593853653586,-0.5980145023798232,0.017255117014464635,0.06638672265546891,502
gmr72_phase_conditioned,rank_reward,mq_decohered_reference,SI_SIC_to_Relative,intersection_access_effect,true_vs_performance_matched_intersection,-0.5807593853653586,-0.5979618258835082,0.017202440518149526,0.1231753649270146,502
gmr72_phase_conditioned,rank_reward,mq_decohered_reference,SI_SIC_to_Relative,intersection_access_effect,true_vs_shuffled_c_intersection,-0.5807593853653586,-0.5986020265847993,0.0178426412194407,0.11017796440711858,502
gmr72_phase_conditioned,rank_reward,mq_decohered_reference,SI_SIC_to_Relative,intersection_access_effect,true_vs_phase_rotated_intersection,-0.5807593853653586,-0.6017786629730848,0.02101927760772616,0.10397920415916817,502
gmr72_phase_conditioned,gmr72_bridge_composite,mq_decohered_reference,Relative_to_SI_SIC,access_readout,true_vs_random_intersection,-0.005227373963444143,0.015587390294216337,-0.020814764257660483,0.9380123975204959,502
gmr72_phase_conditioned,gmr72_bridge_composite,mq_decohered_reference,Relative_to_SI_SIC,access_readout,true_vs_balanced_intersection,-0.005227373963444143,0.0010135596748009773,-0.006240933638245128,0.943011397720456,502
gmr72_phase_conditioned,gmr72_bridge_composite,mq_decohered_reference,Relative_to_SI_SIC,access_readout,true_vs_performance_matched_intersection,-0.005227373963444143,0.0014476061055385466,-0.006674980068982688,0.9084183163367326,502
gmr72_phase_conditioned,gmr72_bridge_composite,mq_decohered_reference,Relative_to_SI_SIC,access_readout,true_vs_shuffled_c_intersection,-0.005227373963444143,-0.003816986375853531,-0.0014103875875906078,0.6192761447710458,502
gmr72_phase_conditioned,gmr72_bridge_composite,mq_decohered_reference,Relative_to_SI_SIC,access_readout,true_vs_phase_rotated_intersection,-0.005227373963444143,-0.0014822175084234371,-0.0037451564550207163,0.7774445110977805,502
gmr72_phase_conditioned,gmr72_bridge_composite,mq_decohered_reference,Relative_to_SI_SIC,intersection_access_effect,true_vs_random_intersection,-0.607097926897063,-0.5862831626394025,-0.020814764257660476,0.9324135172965407,502
gmr72_phase_conditioned,gmr72_bridge_composite,mq_decohered_reference,Relative_to_SI_SIC,intersection_access_effect,true_vs_balanced_intersection,-0.607097926897063,-0.6008569932588178,-0.006240933638245122,0.9458108378324335,502
gmr72_phase_conditioned,gmr72_bridge_composite,mq_decohered_reference,Relative_to_SI_SIC,intersection_access_effect,true_vs_performance_matched_intersection,-0.607097926897063,-0.6004229468280803,-0.00667498006898269,0.9000199960007998,502
gmr72_phase_conditioned,gmr72_bridge_composite,mq_decohered_reference,Relative_to_SI_SIC,intersection_access_effect,true_vs_shuffled_c_intersection,-0.607097926897063,-0.6056875393094725,-0.0014103875875906054,0.6202759448110378,502
gmr72_phase_conditioned,gmr72_bridge_composite,mq_decohered_reference,Relative_to_SI_SIC,intersection_access_effect,true_vs_phase_rotated_intersection,-0.607097926897063,-0.6033527704420423,-0.0037451564550207163,0.7696460707858428,502
gmr72_phase_conditioned,gmr72_bridge_composite,mq_decohered_reference,SI_SIC_to_Relative,access_readout,true_vs_random_intersection,0.003981891662837863,-0.00732640016871654,0.011308291831554412,0.22815436912617476,502
gmr72_phase_conditioned,gmr72_bridge_composite,mq_decohered_reference,SI_SIC_to_Relative,access_readout,true_vs_balanced_intersection,0.003981891662837863,0.0038560505537956614,0.00012584110904220725,0.4957008598280344,502
gmr72_phase_conditioned,gmr72_bridge_composite,mq_decohered_reference,SI_SIC_to_Relative,access_readout,true_vs_performance_matched_intersection,0.003981891662837863,-0.007335018092836277,0.011316909755674147,0.10857828434313137,502
gmr72_phase_conditioned,gmr72_bridge_composite,mq_decohered_reference,SI_SIC_to_Relative,access_readout,true_vs_shuffled_c_intersection,0.003981891662837863,-0.005519972631846457,0.009501864294684326,0.047190561887622474,502
gmr72_phase_conditioned,gmr72_bridge_composite,mq_decohered_reference,SI_SIC_to_Relative,access_readout,true_vs_phase_rotated_intersection,0.003981891662837863,0.01464643815875313,-0.010664546495915264,0.9320135972805439,502
gmr72_phase_conditioned,gmr72_bridge_composite,mq_decohered_reference,SI_SIC_to_Relative,intersection_access_effect,true_vs_random_intersection,-0.597888661270781,-0.6091969531023355,0.011308291831554419,0.23415316936612676,502
gmr72_phase_conditioned,gmr72_bridge_composite,mq_decohered_reference,SI_SIC_to_Relative,intersection_access_effect,true_vs_balanced_intersection,-0.597888661270781,-0.5980145023798232,0.00012584110904221077,0.4953009398120376,502
gmr72_phase_conditioned,gmr72_bridge_composite,mq_decohered_reference,SI_SIC_to_Relative,intersection_access_effect,true_vs_performance_matched_intersection,-0.597888661270781,-0.6092055710264552,0.01131690975567415,0.11057788442311538,502
gmr72_phase_conditioned,gmr72_bridge_composite,mq_decohered_reference,SI_SIC_to_Relative,intersection_access_effect,true_vs_shuffled_c_intersection,-0.597888661270781,-0.6073905255654654,0.00950186429468433,0.05158968206358728,502
gmr72_phase_conditioned,gmr72_bridge_composite,mq_decohered_reference,SI_SIC_to_Relative,intersection_access_effect,true_vs_phase_rotated_intersection,-0.597888661270781,-0.5872241147748657,-0.010664546495915264,0.9272145570885822,502
fes_string_conditioned,z_reward,mq_decohered_reference,Relative_to_SI_SIC,access_readout,true_vs_random_intersection,0.010978987569797814,-7.148299268758052e-05,0.011050470562485397,0.22595480903819237,502
fes_string_conditioned,z_reward,mq_decohered_reference,Relative_to_SI_SIC,access_readout,true_vs_balanced_intersection,0.010978987569797814,0.0010135596748009773,0.009965427894996829,0.0065986802639472104,502
fes_string_conditioned,z_reward,mq_decohered_reference,Relative_to_SI_SIC,access_readout,true_vs_performance_matched_intersection,0.010978987569797814,0.0009016023093448844,0.01007738526045293,0.12037592481503699,502
fes_string_conditioned,z_reward,mq_decohered_reference,Relative_to_SI_SIC,access_readout,true_vs_shuffled_c_intersection,0.010978987569797814,-0.0029801940843178286,0.01395918165411565,0.010197960407918417,502
fes_string_conditioned,z_reward,mq_decohered_reference,Relative_to_SI_SIC,access_readout,true_vs_phase_rotated_intersection,0.010978987569797814,0.01309754879556534,-0.002118561225767526,0.6792641471705659,502
fes_string_conditioned,z_reward,mq_decohered_reference,Relative_to_SI_SIC,intersection_access_effect,true_vs_random_intersection,-0.590891565363821,-0.6019420359263065,0.011050470562485398,0.22455508898220355,502
fes_string_conditioned,z_reward,mq_decohered_reference,Relative_to_SI_SIC,intersection_access_effect,true_vs_balanced_intersection,-0.590891565363821,-0.6008569932588178,0.009965427894996834,0.007398520295940812,502
fes_string_conditioned,z_reward,mq_decohered_reference,Relative_to_SI_SIC,intersection_access_effect,true_vs_performance_matched_intersection,-0.590891565363821,-0.600968950624274,0.010077385260452931,0.1219756048790242,502
fes_string_conditioned,z_reward,mq_decohered_reference,Relative_to_SI_SIC,intersection_access_effect,true_vs_shuffled_c_intersection,-0.590891565363821,-0.6048507470179366,0.013959181654115646,0.011797640471905619,502
fes_string_conditioned,z_reward,mq_decohered_reference,Relative_to_SI_SIC,intersection_access_effect,true_vs_phase_rotated_intersection,-0.590891565363821,-0.5887730041380537,-0.0021185612257675246,0.6790641871625674,502
fes_string_conditioned,z_reward,mq_decohered_reference,SI_SIC_to_Relative,access_readout,true_vs_random_intersection,0.008570340392622826,0.019838349622389388,-0.011268009229766559,0.7530493901219756,502
fes_string_conditioned,z_reward,mq_decohered_reference,SI_SIC_to_Relative,access_readout,true_vs_balanced_intersection,0.008570340392622826,0.0038560505537956614,0.004714289838827169,0.22235552889422117,502
fes_string_conditioned,z_reward,mq_decohered_reference,SI_SIC_to_Relative,access_readout,true_vs_performance_matched_intersection,0.008570340392622826,-0.004767457257618994,0.013337797650241828,0.1329734053189362,502
fes_string_conditioned,z_reward,mq_decohered_reference,SI_SIC_to_Relative,access_readout,true_vs_shuffled_c_intersection,0.008570340392622826,-0.0011232133721895373,0.009693553764812365,0.14577084583083383,502
fes_string_conditioned,z_reward,mq_decohered_reference,SI_SIC_to_Relative,access_readout,true_vs_phase_rotated_intersection,0.008570340392622826,0.006624188335273916,0.0019461520573489121,0.41811637672465507,502
fes_string_conditioned,z_reward,mq_decohered_reference,SI_SIC_to_Relative,intersection_access_effect,true_vs_random_intersection,-0.5933002125409961,-0.5820322033112295,-0.011268009229766555,0.7564487102579485,502
fes_string_conditioned,z_reward,mq_decohered_reference,SI_SIC_to_Relative,intersection_access_effect,true_vs_balanced_intersection,-0.5933002125409961,-0.5980145023798232,0.004714289838827167,0.22815436912617476,502
fes_string_conditioned,z_reward,mq_decohered_reference,SI_SIC_to_Relative,intersection_access_effect,true_vs_performance_matched_intersection,-0.5933002125409961,-0.6066380101912379,0.013337797650241833,0.13817236552689463,502
fes_string_conditioned,z_reward,mq_decohered_reference,SI_SIC_to_Relative,intersection_access_effect,true_vs_shuffled_c_intersection,-0.5933002125409961,-0.6029937663058084,0.009693553764812362,0.138372325534893,502
fes_string_conditioned,z_reward,mq_decohered_reference,SI_SIC_to_Relative,intersection_access_effect,true_vs_phase_rotated_intersection,-0.5933002125409961,-0.595246364598345,0.0019461520573489104,0.41551689662067587,502
fes_string_conditioned,rank_reward,mq_decohered_reference,Relative_to_SI_SIC,access_readout,true_vs_random_intersection,0.013390983352293509,-7.148299268758052e-05,0.013462466344981092,0.1873625274945011,502
fes_string_conditioned,rank_reward,mq_decohered_reference,Relative_to_SI_SIC,access_readout,true_vs_balanced_intersection,0.013390983352293509,0.0010135596748009773,0.012377423677492528,0.00599880023995201,502
fes_string_conditioned,rank_reward,mq_decohered_reference,Relative_to_SI_SIC,access_readout,true_vs_performance_matched_intersection,0.013390983352293509,0.0034056245018446196,0.009985358850448888,0.15876824635072986,502
fes_string_conditioned,rank_reward,mq_decohered_reference,Relative_to_SI_SIC,access_readout,true_vs_shuffled_c_intersection,0.013390983352293509,0.0005001957133116029,0.012890787638981917,0.03479304139172166,502
fes_string_conditioned,rank_reward,mq_decohered_reference,Relative_to_SI_SIC,access_readout,true_vs_phase_rotated_intersection,0.013390983352293509,0.012860026221924357,0.0005309571303691567,0.45410917816436713,502
fes_string_conditioned,rank_reward,mq_decohered_reference,Relative_to_SI_SIC,intersection_access_effect,true_vs_random_intersection,-0.5884795695813253,-0.6019420359263065,0.013462466344981095,0.16956608678264348,502
fes_string_conditioned,rank_reward,mq_decohered_reference,Relative_to_SI_SIC,intersection_access_effect,true_vs_balanced_intersection,-0.5884795695813253,-0.6008569932588178,0.012377423677492535,0.004999000199960008,502
fes_string_conditioned,rank_reward,mq_decohered_reference,Relative_to_SI_SIC,intersection_access_effect,true_vs_performance_matched_intersection,-0.5884795695813253,-0.5984649284317743,0.009985358850448888,0.14857028594281144,502
fes_string_conditioned,rank_reward,mq_decohered_reference,Relative_to_SI_SIC,intersection_access_effect,true_vs_shuffled_c_intersection,-0.5884795695813253,-0.6013703572203073,0.012890787638981913,0.029194161167766446,502
fes_string_conditioned,rank_reward,mq_decohered_reference,Relative_to_SI_SIC,intersection_access_effect,true_vs_phase_rotated_intersection,-0.5884795695813253,-0.5890105267116945,0.0005309571303691561,0.4433113377324535,502
fes_string_conditioned,rank_reward,mq_decohered_reference,SI_SIC_to_Relative,access_readout,true_vs_random_intersection,0.00999185472436997,0.019838349622389388,-0.009846494898019413,0.7178564287142571,502
fes_string_conditioned,rank_reward,mq_decohered_reference,SI_SIC_to_Relative,access_readout,true_vs_balanced_intersection,0.00999185472436997,0.0038560505537956614,0.006135804170574308,0.15896820635872824,502
fes_string_conditioned,rank_reward,mq_decohered_reference,SI_SIC_to_Relative,access_readout,true_vs_performance_matched_intersection,0.00999185472436997,0.00390872705011078,0.006083127674259187,0.3059388122375525,502
fes_string_conditioned,rank_reward,mq_decohered_reference,SI_SIC_to_Relative,access_readout,true_vs_shuffled_c_intersection,0.00999185472436997,0.003119495942225979,0.00687235878214399,0.20655868826234752,502
fes_string_conditioned,rank_reward,mq_decohered_reference,SI_SIC_to_Relative,access_readout,true_vs_phase_rotated_intersection,0.00999185472436997,0.00619522187181421,0.0037966328525557594,0.3509298140371926,502
fes_string_conditioned,rank_reward,mq_decohered_reference,SI_SIC_to_Relative,intersection_access_effect,true_vs_random_intersection,-0.591878698209249,-0.5820322033112295,-0.00984649489801942,0.7254549090181963,502
fes_string_conditioned,rank_reward,mq_decohered_reference,SI_SIC_to_Relative,intersection_access_effect,true_vs_balanced_intersection,-0.591878698209249,-0.5980145023798232,0.0061358041705743055,0.15396920615876825,502
fes_string_conditioned,rank_reward,mq_decohered_reference,SI_SIC_to_Relative,intersection_access_effect,true_vs_performance_matched_intersection,-0.591878698209249,-0.5979618258835082,0.006083127674259196,0.3063387322535493,502
fes_string_conditioned,rank_reward,mq_decohered_reference,SI_SIC_to_Relative,intersection_access_effect,true_vs_shuffled_c_intersection,-0.591878698209249,-0.5987510569913929,0.006872358782143985,0.21035792841431714,502
fes_string_conditioned,rank_reward,mq_decohered_reference,SI_SIC_to_Relative,intersection_access_effect,true_vs_phase_rotated_intersection,-0.591878698209249,-0.5956753310618047,0.003796632852555756,0.3609278144371126,502
fes_string_conditioned,gmr72_bridge_composite,mq_decohered_reference,Relative_to_SI_SIC,access_readout,true_vs_random_intersection,0.005149243384640397,-7.148299268758052e-05,0.005220726377327978,0.35532893421315737,502
fes_string_conditioned,gmr72_bridge_composite,mq_decohered_reference,Relative_to_SI_SIC,access_readout,true_vs_balanced_intersection,0.005149243384640397,0.0010135596748009773,0.004135683709839411,0.004999000199960008,502
fes_string_conditioned,gmr72_bridge_composite,mq_decohered_reference,Relative_to_SI_SIC,access_readout,true_vs_performance_matched_intersection,0.005149243384640397,0.0014476061055385466,0.00370163727910185,0.21195760847830433,502
fes_string_conditioned,gmr72_bridge_composite,mq_decohered_reference,Relative_to_SI_SIC,access_readout,true_vs_shuffled_c_intersection,0.005149243384640397,-0.0008341595235199718,0.005983402908160366,0.006998600279944011,502
fes_string_conditioned,gmr72_bridge_composite,mq_decohered_reference,Relative_to_SI_SIC,access_readout,true_vs_phase_rotated_intersection,0.005149243384640397,0.006353496183522134,-0.0012042527988817405,0.7048590281943611,502
fes_string_conditioned,gmr72_bridge_composite,mq_decohered_reference,Relative_to_SI_SIC,intersection_access_effect,true_vs_random_intersection,-0.5967213095489785,-0.6019420359263065,0.005220726377327981,0.355128974205159,502
fes_string_conditioned,gmr72_bridge_composite,mq_decohered_reference,Relative_to_SI_SIC,intersection_access_effect,true_vs_balanced_intersection,-0.5967213095489785,-0.6008569932588178,0.004135683709839417,0.0065986802639472104,502
fes_string_conditioned,gmr72_bridge_composite,mq_decohered_reference,Relative_to_SI_SIC,intersection_access_effect,true_vs_performance_matched_intersection,-0.5967213095489785,-0.6004229468280803,0.0037016372791018486,0.20595880823835233,502
fes_string_conditioned,gmr72_bridge_composite,mq_decohered_reference,Relative_to_SI_SIC,intersection_access_effect,true_vs_shuffled_c_intersection,-0.5967213095489785,-0.6027047124571389,0.005983402908160366,0.0061987602479504095,502
fes_string_conditioned,gmr72_bridge_composite,mq_decohered_reference,Relative_to_SI_SIC,intersection_access_effect,true_vs_phase_rotated_intersection,-0.5967213095489785,-0.5955170567500968,-0.0012042527988817392,0.7134573085382924,502
fes_string_conditioned,gmr72_bridge_composite,mq_decohered_reference,SI_SIC_to_Relative,access_readout,true_vs_random_intersection,0.005806890826402178,0.019838349622389388,-0.014031458795987212,0.8222355528894221,502
fes_string_conditioned,gmr72_bridge_composite,mq_decohered_reference,SI_SIC_to_Relative,access_readout,true_vs_balanced_intersection,0.005806890826402178,0.0038560505537956614,0.00195084027260651,0.22695460907818435,502
fes_string_conditioned,gmr72_bridge_composite,mq_decohered_reference,SI_SIC_to_Relative,access_readout,true_vs_performance_matched_intersection,0.005806890826402178,-0.007335018092836277,0.013141908919238447,0.04839032193561288,502
fes_string_conditioned,gmr72_bridge_composite,mq_decohered_reference,SI_SIC_to_Relative,access_readout,true_vs_shuffled_c_intersection,0.005806890826402178,0.0012803662052946506,0.004526524621107523,0.10757848430313938,502
fes_string_conditioned,gmr72_bridge_composite,mq_decohered_reference,SI_SIC_to_Relative,access_readout,true_vs_phase_rotated_intersection,0.005806890826402178,0.004570681652514653,0.0012362091738875197,0.3843231353729254,502
fes_string_conditioned,gmr72_bridge_composite,mq_decohered_reference,SI_SIC_to_Relative,intersection_access_effect,true_vs_random_intersection,-0.5960636621072167,-0.5820322033112295,-0.014031458795987214,0.8106378724255149,502
fes_string_conditioned,gmr72_bridge_composite,mq_decohered_reference,SI_SIC_to_Relative,intersection_access_effect,true_vs_balanced_intersection,-0.5960636621072167,-0.5980145023798232,0.001950840272606509,0.23315336932613479,502
fes_string_conditioned,gmr72_bridge_composite,mq_decohered_reference,SI_SIC_to_Relative,intersection_access_effect,true_vs_performance_matched_intersection,-0.5960636621072167,-0.6092055710264552,0.013141908919238447,0.05678864227154569,502
fes_string_conditioned,gmr72_bridge_composite,mq_decohered_reference,SI_SIC_to_Relative,intersection_access_effect,true_vs_shuffled_c_intersection,-0.5960636621072167,-0.6005901867283242,0.004526524621107518,0.09838032393521295,502
fes_string_conditioned,gmr72_bridge_composite,mq_decohered_reference,SI_SIC_to_Relative,intersection_access_effect,true_vs_phase_rotated_intersection,-0.5960636621072167,-0.5972998712811042,0.0012362091738875145,0.38392321535692864,502
linear_c_state,z_reward,mq_decohered_reference,Relative_to_SI_SIC,access_readout,true_vs_random_intersection,-0.013017641423207394,0.015587390294216337,-0.028605031717423735,0.9666066786642672,502
linear_c_state,z_reward,mq_decohered_reference,Relative_to_SI_SIC,access_readout,true_vs_balanced_intersection,-0.013017641423207394,0.0010135596748009773,-0.014031201098008381,0.9448110377924415,502
linear_c_state,z_reward,mq_decohered_reference,Relative_to_SI_SIC,access_readout,true_vs_performance_matched_intersection,-0.013017641423207394,0.0009016023093448844,-0.01391924373255228,0.9134173165366927,502
linear_c_state,z_reward,mq_decohered_reference,Relative_to_SI_SIC,access_readout,true_vs_shuffled_c_intersection,-0.013017641423207394,0.0038233696400296643,-0.016841011063237054,0.9102179564087183,502
linear_c_state,z_reward,mq_decohered_reference,Relative_to_SI_SIC,access_readout,true_vs_phase_rotated_intersection,-0.013017641423207394,-0.014722578624590003,0.0017049372013825963,0.4391121775644871,502
linear_c_state,z_reward,mq_decohered_reference,Relative_to_SI_SIC,intersection_access_effect,true_vs_random_intersection,-0.6148881943568264,-0.5862831626394025,-0.02860503171742373,0.9686062787442512,502
linear_c_state,z_reward,mq_decohered_reference,Relative_to_SI_SIC,intersection_access_effect,true_vs_balanced_intersection,-0.6148881943568264,-0.6008569932588178,-0.014031201098008367,0.9436112777444511,502
linear_c_state,z_reward,mq_decohered_reference,Relative_to_SI_SIC,intersection_access_effect,true_vs_performance_matched_intersection,-0.6148881943568264,-0.600968950624274,-0.013919243732552279,0.9088182363527294,502
linear_c_state,z_reward,mq_decohered_reference,Relative_to_SI_SIC,intersection_access_effect,true_vs_shuffled_c_intersection,-0.6148881943568264,-0.5980471832935892,-0.016841011063237054,0.9150169966006798,502
linear_c_state,z_reward,mq_decohered_reference,Relative_to_SI_SIC,intersection_access_effect,true_vs_phase_rotated_intersection,-0.6148881943568264,-0.6165931315582089,0.0017049372013826017,0.4559088182363527,502
linear_c_state,z_reward,mq_decohered_reference,SI_SIC_to_Relative,access_readout,true_vs_random_intersection,0.017837670699730926,-0.00732640016871654,0.02516407086844747,0.10217956408718257,502
linear_c_state,z_reward,mq_decohered_reference,SI_SIC_to_Relative,access_readout,true_vs_balanced_intersection,0.017837670699730926,0.0038560505537956614,0.013981620145935266,0.1219756048790242,502
linear_c_state,z_reward,mq_decohered_reference,SI_SIC_to_Relative,access_readout,true_vs_performance_matched_intersection,0.017837670699730926,-0.004767457257618994,0.022605127957349928,0.08598280343931214,502
linear_c_state,z_reward,mq_decohered_reference,SI_SIC_to_Relative,access_readout,true_vs_shuffled_c_intersection,0.017837670699730926,0.005288404660250814,0.012549266039480122,0.22035592881423716,502
linear_c_state,z_reward,mq_decohered_reference,SI_SIC_to_Relative,access_readout,true_vs_phase_rotated_intersection,0.017837670699730926,0.005449120232695893,0.012388550467035032,0.23175364927014597,502
linear_c_state,z_reward,mq_decohered_reference,SI_SIC_to_Relative,intersection_access_effect,true_vs_random_intersection,-0.5840328822338879,-0.6091969531023355,0.025164070868447467,0.10757848430313938,502
linear_c_state,z_reward,mq_decohered_reference,SI_SIC_to_Relative,intersection_access_effect,true_vs_balanced_intersection,-0.5840328822338879,-0.5980145023798232,0.013981620145935273,0.118376324735053,502
linear_c_state,z_reward,mq_decohered_reference,SI_SIC_to_Relative,intersection_access_effect,true_vs_performance_matched_intersection,-0.5840328822338879,-0.6066380101912379,0.022605127957349938,0.08278344331133773,502
linear_c_state,z_reward,mq_decohered_reference,SI_SIC_to_Relative,intersection_access_effect,true_vs_shuffled_c_intersection,-0.5840328822338879,-0.5965821482733681,0.012549266039480124,0.21875624875024996,502
linear_c_state,z_reward,mq_decohered_reference,SI_SIC_to_Relative,intersection_access_effect,true_vs_phase_rotated_intersection,-0.5840328822338879,-0.596421432700923,0.012388550467035034,0.23955208958208357,502
linear_c_state,rank_reward,mq_decohered_reference,Relative_to_SI_SIC,access_readout,true_vs_random_intersection,-0.010721223404086393,0.015587390294216337,-0.02630861369830273,0.9570085982803439,502
linear_c_state,rank_reward,mq_decohered_reference,Relative_to_SI_SIC,access_readout,true_vs_balanced_intersection,-0.010721223404086393,0.0010135596748009773,-0.011734783078887376,0.9030193961207759,502
linear_c_state,rank_reward,mq_decohered_reference,Relative_to_SI_SIC,access_readout,true_vs_performance_matched_intersection,-0.010721223404086393,0.0034056245018446196,-0.014126847905931016,0.909618076384723,502
linear_c_state,rank_reward,mq_decohered_reference,Relative_to_SI_SIC,access_readout,true_vs_shuffled_c_intersection,-0.010721223404086393,0.006090854434061994,-0.01681207783814838,0.9322135572885423,502
linear_c_state,rank_reward,mq_decohered_reference,Relative_to_SI_SIC,access_readout,true_vs_phase_rotated_intersection,-0.010721223404086393,-0.017367228752147103,0.006646005348060706,0.2819436112777445,502
linear_c_state,rank_reward,mq_decohered_reference,Relative_to_SI_SIC,intersection_access_effect,true_vs_random_intersection,-0.6125917763377053,-0.5862831626394025,-0.026308613698302733,0.9518096380723855,502
linear_c_state,rank_reward,mq_decohered_reference,Relative_to_SI_SIC,intersection_access_effect,true_vs_balanced_intersection,-0.6125917763377053,-0.6008569932588178,-0.011734783078887374,0.8972205558888222,502
linear_c_state,rank_reward,mq_decohered_reference,Relative_to_SI_SIC,intersection_access_effect,true_vs_performance_matched_intersection,-0.6125917763377053,-0.5984649284317743,-0.014126847905931019,0.9094181163767247,502
linear_c_state,rank_reward,mq_decohered_reference,Relative_to_SI_SIC,intersection_access_effect,true_vs_shuffled_c_intersection,-0.6125917763377053,-0.5957796984995569,-0.016812077838148375,0.9290141971605679,502
linear_c_state,rank_reward,mq_decohered_reference,Relative_to_SI_SIC,intersection_access_effect,true_vs_phase_rotated_intersection,-0.6125917763377053,-0.619237781685766,0.0066460053480607096,0.28114377124575085,502
linear_c_state,rank_reward,mq_decohered_reference,SI_SIC_to_Relative,access_readout,true_vs_random_intersection,0.02101555180149795,-0.00732640016871654,0.0283419519702145,0.07218556288742252,502
linear_c_state,rank_reward,mq_decohered_reference,SI_SIC_to_Relative,access_readout,true_vs_balanced_intersection,0.02101555180149795,0.0038560505537956614,0.017159501247702297,0.07398520295940812,502
linear_c_state,rank_reward,mq_decohered_reference,SI_SIC_to_Relative,access_readout,true_vs_performance_matched_intersection,0.02101555180149795,0.00390872705011078,0.01710682475138718,0.1277744451109778,502
linear_c_state,rank_reward,mq_decohered_reference,SI_SIC_to_Relative,access_readout,true_vs_shuffled_c_intersection,0.02101555180149795,0.010981797450274994,0.01003375435122296,0.2579484103179364,502
linear_c_state,rank_reward,mq_decohered_reference,SI_SIC_to_Relative,access_readout,true_vs_phase_rotated_intersection,0.02101555180149795,-0.00640982196723897,0.02742537376873692,0.04399120175964807,502
linear_c_state,rank_reward,mq_decohered_reference,SI_SIC_to_Relative,intersection_access_effect,true_vs_random_intersection,-0.5808550011321209,-0.6091969531023355,0.0283419519702145,0.07818436312737452,502
linear_c_state,rank_reward,mq_decohered_reference,SI_SIC_to_Relative,intersection_access_effect,true_vs_balanced_intersection,-0.5808550011321209,-0.5980145023798232,0.017159501247702297,0.07738452309538092,502
linear_c_state,rank_reward,mq_decohered_reference,SI_SIC_to_Relative,intersection_access_effect,true_vs_performance_matched_intersection,-0.5808550011321209,-0.5979618258835082,0.017106824751387185,0.13177364527094582,502
linear_c_state,rank_reward,mq_decohered_reference,SI_SIC_to_Relative,intersection_access_effect,true_vs_shuffled_c_intersection,-0.5808550011321209,-0.590888755483344,0.010033754351222963,0.254749050189962,502
linear_c_state,rank_reward,mq_decohered_reference,SI_SIC_to_Relative,intersection_access_effect,true_vs_phase_rotated_intersection,-0.5808550011321209,-0.6082803749008578,0.02742537376873692,0.05078984203159368,502
linear_c_state,gmr72_bridge_composite,mq_decohered_reference,Relative_to_SI_SIC,access_readout,true_vs_random_intersection,-0.004161960077254263,0.015587390294216337,-0.019749350371470596,0.9342131573685263,502
linear_c_state,gmr72_bridge_composite,mq_decohered_reference,Relative_to_SI_SIC,access_readout,true_vs_balanced_intersection,-0.004161960077254263,0.0010135596748009773,-0.0051755197520552436,0.9686062787442512,502
linear_c_state,gmr72_bridge_composite,mq_decohered_reference,Relative_to_SI_SIC,access_readout,true_vs_performance_matched_intersection,-0.004161960077254263,0.0014476061055385466,-0.005609566182792805,0.8882223555288942,502
linear_c_state,gmr72_bridge_composite,mq_decohered_reference,Relative_to_SI_SIC,access_readout,true_vs_shuffled_c_intersection,-0.004161960077254263,0.0006869947427394146,-0.004848954819993663,0.885622875424915,502
linear_c_state,gmr72_bridge_composite,mq_decohered_reference,Relative_to_SI_SIC,access_readout,true_vs_phase_rotated_intersection,-0.004161960077254263,-0.004884248119740312,0.0007222880424860502,0.4363127374525095,502
linear_c_state,gmr72_bridge_composite,mq_decohered_reference,Relative_to_SI_SIC,intersection_access_effect,true_vs_random_intersection,-0.606032513010873,-0.5862831626394025,-0.019749350371470596,0.9364127174565087,502
linear_c_state,gmr72_bridge_composite,mq_decohered_reference,Relative_to_SI_SIC,intersection_access_effect,true_vs_balanced_intersection,-0.606032513010873,-0.6008569932588178,-0.005175519752055243,0.972005598880224,502
linear_c_state,gmr72_bridge_composite,mq_decohered_reference,Relative_to_SI_SIC,intersection_access_effect,true_vs_performance_matched_intersection,-0.606032513010873,-0.6004229468280803,-0.0056095661827928085,0.8852229554089183,502
linear_c_state,gmr72_bridge_composite,mq_decohered_reference,Relative_to_SI_SIC,intersection_access_effect,true_vs_shuffled_c_intersection,-0.606032513010873,-0.6011835581908794,-0.004848954819993662,0.8852229554089183,502
linear_c_state,gmr72_bridge_composite,mq_decohered_reference,Relative_to_SI_SIC,intersection_access_effect,true_vs_phase_rotated_intersection,-0.606032513010873,-0.6067548010533592,0.0007222880424860458,0.4527094581083783,502
linear_c_state,gmr72_bridge_composite,mq_decohered_reference,SI_SIC_to_Relative,access_readout,true_vs_random_intersection,0.0065115909987707435,-0.00732640016871654,0.013837991167487285,0.1939612077584483,502
linear_c_state,gmr72_bridge_composite,mq_decohered_reference,SI_SIC_to_Relative,access_readout,true_vs_balanced_intersection,0.0065115909987707435,0.0038560505537956614,0.002655540444975081,0.2669466106778644,502
linear_c_state,gmr72_bridge_composite,mq_decohered_reference,SI_SIC_to_Relative,access_readout,true_vs_performance_matched_intersection,0.0065115909987707435,-0.007335018092836277,0.01384660909160702,0.0637872425514897,502
linear_c_state,gmr72_bridge_composite,mq_decohered_reference,SI_SIC_to_Relative,access_readout,true_vs_shuffled_c_intersection,0.0065115909987707435,0.0027596236388624214,0.0037519673599083194,0.28574285142971406,502
linear_c_state,gmr72_bridge_composite,mq_decohered_reference,SI_SIC_to_Relative,access_readout,true_vs_phase_rotated_intersection,0.0065115909987707435,0.004205501804355659,0.002306089194415083,0.36272745450909816,502
linear_c_state,gmr72_bridge_composite,mq_decohered_reference,SI_SIC_to_Relative,intersection_access_effect,true_vs_random_intersection,-0.595358961934848,-0.6091969531023355,0.013837991167487284,0.20415916816636673,502
linear_c_state,gmr72_bridge_composite,mq_decohered_reference,SI_SIC_to_Relative,intersection_access_effect,true_vs_balanced_intersection,-0.595358961934848,-0.5980145023798232,0.002655540444975081,0.26554689062187564,502
linear_c_state,gmr72_bridge_composite,mq_decohered_reference,SI_SIC_to_Relative,intersection_access_effect,true_vs_performance_matched_intersection,-0.595358961934848,-0.6092055710264552,0.01384660909160702,0.07318536292741452,502
linear_c_state,gmr72_bridge_composite,mq_decohered_reference,SI_SIC_to_Relative,intersection_access_effect,true_vs_shuffled_c_intersection,-0.595358961934848,-0.5991109292947564,0.003751967359908314,0.2659468106378724,502
linear_c_state,gmr72_bridge_composite,mq_decohered_reference,SI_SIC_to_Relative,intersection_access_effect,true_vs_phase_rotated_intersection,-0.595358961934848,-0.5976650511292632,0.002306089194415077,0.369126174765047,502
