condition_id,state_representation,endpoint_mode,operator_pool,seed,n_folds,min_state_events,n_control_draws,comparison,mean_true_policy,mean_comparator,effect,p_greater,n_events,state_mapping_rate
b6i_001,side_only,z_reward,full,60810,5,8,200,true_policy_vs_balanced_pool_shuffle,0.0455739649175085,0.04557396491750835,1.4759637770824938e-16,0.14994002399040385,449,0.9860557768924303
b6i_001,side_only,z_reward,full,60810,5,8,200,true_policy_vs_frequency_matched_random,0.0455739649175085,-0.05933980640331888,0.09760716574477196,0.001999200319872051,449,0.9860557768924303
b6i_001,side_only,z_reward,full,60810,5,8,200,true_policy_vs_performance_matched_random,0.0455739649175085,0.04033025768308291,0.02122736960966411,0.23590563774490203,449,0.9860557768924303
b6i_001,side_only,z_reward,full,60810,5,8,200,true_policy_vs_within_state_shuffle,0.0455739649175085,0.008037471953668785,0.04812535000693546,0.149140343862455,449,0.9860557768924303
b6i_001,side_only,z_reward,full,60810,5,8,200,true_policy_vs_oracle,0.0455739649175085,1.2239410650761156,-1.1972074545507236,1.0,449,0.9860557768924303
b6i_002,side_only,z_reward,core_5,60810,5,8,200,true_policy_vs_balanced_pool_shuffle,0.05174900671027406,0.051749006710273986,6.778842627082117e-17,0.327469012395042,433,0.9860557768924303
b6i_002,side_only,z_reward,core_5,60810,5,8,200,true_policy_vs_frequency_matched_random,0.05174900671027406,-0.05989428186634232,0.10745844847414743,0.0027988804478208716,433,0.9860557768924303
b6i_002,side_only,z_reward,core_5,60810,5,8,200,true_policy_vs_performance_matched_random,0.05174900671027406,0.02352735609229155,0.08261778824452047,0.0007996801279488205,433,0.9860557768924303
b6i_002,side_only,z_reward,core_5,60810,5,8,200,true_policy_vs_within_state_shuffle,0.05174900671027406,0.02097233856500296,0.056202656164869934,0.10555777688924431,433,0.9860557768924303
b6i_002,side_only,z_reward,core_5,60810,5,8,200,true_policy_vs_oracle,0.05174900671027406,1.0578887394678889,-1.0063074325568222,1.0,433,0.9860557768924303
b6i_003,side_only,z_reward,no_phase_only,60810,5,8,200,true_policy_vs_balanced_pool_shuffle,0.05174900671027406,0.051749006710273986,6.778842627082117e-17,0.327469012395042,433,0.9860557768924303
b6i_003,side_only,z_reward,no_phase_only,60810,5,8,200,true_policy_vs_frequency_matched_random,0.05174900671027406,-0.05989428186634232,0.10745844847414743,0.0027988804478208716,433,0.9860557768924303
b6i_003,side_only,z_reward,no_phase_only,60810,5,8,200,true_policy_vs_performance_matched_random,0.05174900671027406,0.06252417951354802,0.03717463879516418,0.09116353458616554,433,0.9860557768924303
b6i_003,side_only,z_reward,no_phase_only,60810,5,8,200,true_policy_vs_within_state_shuffle,0.05174900671027406,0.012012419883724052,0.06032520591110529,0.08916433426629349,433,0.9860557768924303
b6i_003,side_only,z_reward,no_phase_only,60810,5,8,200,true_policy_vs_oracle,0.05174900671027406,1.067896279433008,-1.0334645183590752,1.0,433,0.9860557768924303
b6i_004,side_only,z_reward,no_suppress,60810,5,8,200,true_policy_vs_balanced_pool_shuffle,0.0455739649175085,0.02273111529860088,0.016838393330035905,0.14594162335065974,449,0.9860557768924303
b6i_004,side_only,z_reward,no_suppress,60810,5,8,200,true_policy_vs_frequency_matched_random,0.0455739649175085,-0.05933980640331888,0.09760716574477196,0.001999200319872051,449,0.9860557768924303
b6i_004,side_only,z_reward,no_suppress,60810,5,8,200,true_policy_vs_performance_matched_random,0.0455739649175085,0.04456621943579543,0.024933526560693788,0.19272291083566573,449,0.9860557768924303
b6i_004,side_only,z_reward,no_suppress,60810,5,8,200,true_policy_vs_within_state_shuffle,0.0455739649175085,0.00476551613626334,0.055187771053660344,0.10715713714514194,449,0.9860557768924303
b6i_004,side_only,z_reward,no_suppress,60810,5,8,200,true_policy_vs_oracle,0.0455739649175085,1.2219141327632141,-1.1810004374808076,1.0,449,0.9860557768924303
b6i_005,side_only,rank_reward,full,60810,5,8,200,true_policy_vs_balanced_pool_shuffle,0.06692833241183743,0.0665947282154125,0.0003336041964249175,0.25549780087964813,459,0.9860557768924303
b6i_005,side_only,rank_reward,full,60810,5,8,200,true_policy_vs_frequency_matched_random,0.06692833241183743,-0.06828342574254932,0.12430510412524254,0.00039984006397441024,459,0.9860557768924303
b6i_005,side_only,rank_reward,full,60810,5,8,200,true_policy_vs_performance_matched_random,0.06692833241183743,0.0404191024423224,0.04479604947361561,0.07716913234706117,459,0.9860557768924303
b6i_005,side_only,rank_reward,full,60810,5,8,200,true_policy_vs_within_state_shuffle,0.06692833241183743,0.003789025888908874,0.06316415586548518,0.07117153138744502,459,0.9860557768924303
b6i_005,side_only,rank_reward,full,60810,5,8,200,true_policy_vs_oracle,0.06692833241183743,1.1117820538752037,-1.0770812117076904,1.0,459,0.9860557768924303
b6i_006,side_only,rank_reward,core_5,60810,5,8,200,true_policy_vs_balanced_pool_shuffle,0.035814971852057814,0.03581497185205792,-1.0618871383949944e-16,0.7912834866053579,433,0.9860557768924303
b6i_006,side_only,rank_reward,core_5,60810,5,8,200,true_policy_vs_frequency_matched_random,0.035814971852057814,-0.07224390559707339,0.10540713419269333,0.0023990403838464614,433,0.9860557768924303
b6i_006,side_only,rank_reward,core_5,60810,5,8,200,true_policy_vs_performance_matched_random,0.035814971852057814,0.01055536273138138,0.05789979733765542,0.011195521791283487,433,0.9860557768924303
b6i_006,side_only,rank_reward,core_5,60810,5,8,200,true_policy_vs_within_state_shuffle,0.035814971852057814,0.015230126082336365,0.037902199220421234,0.1755297880847661,433,0.9860557768924303
b6i_006,side_only,rank_reward,core_5,60810,5,8,200,true_policy_vs_oracle,0.035814971852057814,0.9944777980181899,-0.9771816194203508,1.0,433,0.9860557768924303
b6i_007,side_only,rank_reward,no_phase_only,60810,5,8,200,true_policy_vs_balanced_pool_shuffle,0.035814971852057814,0.03581497185205792,-1.0618871383949944e-16,0.7912834866053579,433,0.9860557768924303
b6i_007,side_only,rank_reward,no_phase_only,60810,5,8,200,true_policy_vs_frequency_matched_random,0.035814971852057814,-0.07224390559707339,0.10540713419269333,0.0023990403838464614,433,0.9860557768924303
b6i_007,side_only,rank_reward,no_phase_only,60810,5,8,200,true_policy_vs_performance_matched_random,0.035814971852057814,0.08157677481960145,0.009992546220367318,0.3522590963614554,433,0.9860557768924303
b6i_007,side_only,rank_reward,no_phase_only,60810,5,8,200,true_policy_vs_within_state_shuffle,0.035814971852057814,0.007822996145075856,0.0425263347447371,0.14954018392642943,433,0.9860557768924303
b6i_007,side_only,rank_reward,no_phase_only,60810,5,8,200,true_policy_vs_oracle,0.035814971852057814,1.0019491603225386,-1.0039080636611426,1.0,433,0.9860557768924303
b6i_008,side_only,rank_reward,no_suppress,60810,5,8,200,true_policy_vs_balanced_pool_shuffle,0.06692833241183743,0.03486100737012685,0.03292533042881088,0.012395041983206718,459,0.9860557768924303
b6i_008,side_only,rank_reward,no_suppress,60810,5,8,200,true_policy_vs_frequency_matched_random,0.06692833241183743,-0.06828342574254932,0.12430510412524254,0.00039984006397441024,459,0.9860557768924303
b6i_008,side_only,rank_reward,no_suppress,60810,5,8,200,true_policy_vs_performance_matched_random,0.06692833241183743,0.04297680572061964,0.06486253313934448,0.01599360255897641,459,0.9860557768924303
b6i_008,side_only,rank_reward,no_suppress,60810,5,8,200,true_policy_vs_within_state_shuffle,0.06692833241183743,0.005938669221773216,0.06334290511944221,0.07117153138744502,459,0.9860557768924303
b6i_008,side_only,rank_reward,no_suppress,60810,5,8,200,true_policy_vs_oracle,0.06692833241183743,1.112498704331316,-1.063242347899053,1.0,459,0.9860557768924303
b6i_009,tfc_only,z_reward,full,60810,5,8,200,true_policy_vs_balanced_pool_shuffle,0.174542580148713,0.13247394383293654,0.029061995098775315,0.05117952818872451,470,0.9860557768924303
b6i_009,tfc_only,z_reward,full,60810,5,8,200,true_policy_vs_frequency_matched_random,0.174542580148713,-0.009259137846544583,0.1709751266832802,0.00039984006397441024,470,0.9860557768924303
b6i_009,tfc_only,z_reward,full,60810,5,8,200,true_policy_vs_performance_matched_random,0.174542580148713,0.0957016632559459,0.07962870074208428,0.0023990403838464614,470,0.9860557768924303
b6i_009,tfc_only,z_reward,full,60810,5,8,200,true_policy_vs_within_state_shuffle,0.174542580148713,1.1235435512243004e-05,0.17675525636320266,0.00039984006397441024,470,0.9860557768924303
b6i_009,tfc_only,z_reward,full,60810,5,8,200,true_policy_vs_oracle,0.174542580148713,1.2239410650761156,-1.0703276052515744,1.0,470,0.9860557768924303
b6i_010,tfc_only,z_reward,core_5,60810,5,8,200,true_policy_vs_balanced_pool_shuffle,0.10564912681990904,0.10360894674359243,0.002040180076316582,0.4070371851259496,462,0.9860557768924303
b6i_010,tfc_only,z_reward,core_5,60810,5,8,200,true_policy_vs_frequency_matched_random,0.10564912681990904,-0.018672014175779354,0.09560280406272896,0.001599360255897641,462,0.9860557768924303
b6i_010,tfc_only,z_reward,core_5,60810,5,8,200,true_policy_vs_performance_matched_random,0.10564912681990904,0.07545783498950612,0.039756532587903425,0.0351859256297481,462,0.9860557768924303
b6i_010,tfc_only,z_reward,core_5,60810,5,8,200,true_policy_vs_within_state_shuffle,0.10564912681990904,0.022955155486498794,0.0880420383575118,0.010795681727309077,462,0.9860557768924303
b6i_010,tfc_only,z_reward,core_5,60810,5,8,200,true_policy_vs_oracle,0.10564912681990904,1.0578887394678889,-0.9552252443632202,1.0,462,0.9860557768924303
b6i_011,tfc_only,z_reward,no_phase_only,60810,5,8,200,true_policy_vs_balanced_pool_shuffle,0.1836797058765035,0.13485288687326177,0.04025882765904406,0.004798080767692923,470,0.9860557768924303
b6i_011,tfc_only,z_reward,no_phase_only,60810,5,8,200,true_policy_vs_frequency_matched_random,0.1836797058765035,0.001855243283660401,0.16934539863688272,0.00039984006397441024,470,0.9860557768924303
b6i_011,tfc_only,z_reward,no_phase_only,60810,5,8,200,true_policy_vs_performance_matched_random,0.1836797058765035,0.06786495416101566,0.11854332823666278,0.00039984006397441024,470,0.9860557768924303
b6i_011,tfc_only,z_reward,no_phase_only,60810,5,8,200,true_policy_vs_within_state_shuffle,0.1836797058765035,0.01134548005565359,0.17757595819282923,0.00039984006397441024,470,0.9860557768924303
b6i_011,tfc_only,z_reward,no_phase_only,60810,5,8,200,true_policy_vs_oracle,0.1836797058765035,1.067896279433008,-0.9020673506750976,1.0,470,0.9860557768924303
b6i_012,tfc_only,z_reward,no_suppress,60810,5,8,200,true_policy_vs_balanced_pool_shuffle,0.19984138007441068,0.14211567655320873,0.04130186156716243,0.01719312275089964,470,0.9860557768924303
b6i_012,tfc_only,z_reward,no_suppress,60810,5,8,200,true_policy_vs_frequency_matched_random,0.19984138007441068,-0.006090885066050251,0.19012925661343197,0.00039984006397441024,470,0.9860557768924303
b6i_012,tfc_only,z_reward,no_suppress,60810,5,8,200,true_policy_vs_performance_matched_random,0.19984138007441068,0.06248276590066937,0.1325381815519543,0.00039984006397441024,470,0.9860557768924303
b6i_012,tfc_only,z_reward,no_suppress,60810,5,8,200,true_policy_vs_within_state_shuffle,0.19984138007441068,0.007313147703832822,0.19612585674199473,0.00039984006397441024,470,0.9860557768924303
b6i_012,tfc_only,z_reward,no_suppress,60810,5,8,200,true_policy_vs_oracle,0.19984138007441068,1.2219141327632141,-1.030817576914367,1.0,470,0.9860557768924303
b6i_013,tfc_only,rank_reward,full,60810,5,8,200,true_policy_vs_balanced_pool_shuffle,0.2430232570012582,0.15004417558777894,0.07273164539850875,0.00039984006397441024,470,0.9860557768924303
b6i_013,tfc_only,rank_reward,full,60810,5,8,200,true_policy_vs_frequency_matched_random,0.2430232570012582,-0.006373733297826621,0.23166405289224123,0.00039984006397441024,470,0.9860557768924303
b6i_013,tfc_only,rank_reward,full,60810,5,8,200,true_policy_vs_performance_matched_random,0.2430232570012582,0.062314530471339946,0.16627877944944655,0.00039984006397441024,470,0.9860557768924303
b6i_013,tfc_only,rank_reward,full,60810,5,8,200,true_policy_vs_within_state_shuffle,0.2430232570012582,-0.00014225836817921477,0.24298794208666163,0.00039984006397441024,470,0.9860557768924303
b6i_013,tfc_only,rank_reward,full,60810,5,8,200,true_policy_vs_oracle,0.2430232570012582,1.1117820538752037,-0.8958825062216386,1.0,470,0.9860557768924303
b6i_014,tfc_only,rank_reward,core_5,60810,5,8,200,true_policy_vs_balanced_pool_shuffle,0.11468983743844337,0.11468983743844342,-5.585582336294754e-17,0.6769292283086765,458,0.9860557768924303
b6i_014,tfc_only,rank_reward,core_5,60810,5,8,200,true_policy_vs_frequency_matched_random,0.11468983743844337,-0.03622509796305944,0.1193932893594933,0.00039984006397441024,458,0.9860557768924303
b6i_014,tfc_only,rank_reward,core_5,60810,5,8,200,true_policy_vs_performance_matched_random,0.11468983743844337,0.07342283884790567,0.055538182185011206,0.003198720511795282,458,0.9860557768924303
b6i_014,tfc_only,rank_reward,core_5,60810,5,8,200,true_policy_vs_within_state_shuffle,0.11468983743844337,0.01805811810217987,0.10435697780025797,0.0023990403838464614,458,0.9860557768924303
b6i_014,tfc_only,rank_reward,core_5,60810,5,8,200,true_policy_vs_oracle,0.11468983743844337,0.9944777980181899,-0.8858491795379457,1.0,458,0.9860557768924303
b6i_015,tfc_only,rank_reward,no_phase_only,60810,5,8,200,true_policy_vs_balanced_pool_shuffle,0.2112186743702892,0.11884138428692284,0.08537383737106413,0.00039984006397441024,470,0.9860557768924303
b6i_015,tfc_only,rank_reward,no_phase_only,60810,5,8,200,true_policy_vs_frequency_matched_random,0.2112186743702892,0.0016082133591147803,0.19618111724522064,0.00039984006397441024,470,0.9860557768924303
b6i_015,tfc_only,rank_reward,no_phase_only,60810,5,8,200,true_policy_vs_performance_matched_random,0.2112186743702892,0.06242397111971212,0.15354320986442607,0.00039984006397441024,470,0.9860557768924303
b6i_015,tfc_only,rank_reward,no_phase_only,60810,5,8,200,true_policy_vs_within_state_shuffle,0.2112186743702892,0.017353922611642026,0.19614870905269324,0.00039984006397441024,470,0.9860557768924303
b6i_015,tfc_only,rank_reward,no_phase_only,60810,5,8,200,true_policy_vs_oracle,0.2112186743702892,1.0019491603225386,-0.8186828846016375,1.0,470,0.9860557768924303
b6i_016,tfc_only,rank_reward,no_suppress,60810,5,8,200,true_policy_vs_balanced_pool_shuffle,0.2430232570012582,0.13792914641787238,0.08307385244778706,0.00039984006397441024,470,0.9860557768924303
b6i_016,tfc_only,rank_reward,no_suppress,60810,5,8,200,true_policy_vs_frequency_matched_random,0.2430232570012582,-0.006373733297826621,0.23166405289224123,0.00039984006397441024,470,0.9860557768924303
b6i_016,tfc_only,rank_reward,no_suppress,60810,5,8,200,true_policy_vs_performance_matched_random,0.2430232570012582,0.07120286303396318,0.14994600776378328,0.00039984006397441024,470,0.9860557768924303
b6i_016,tfc_only,rank_reward,no_suppress,60810,5,8,200,true_policy_vs_within_state_shuffle,0.2430232570012582,0.009874297974009292,0.23448110934633803,0.00039984006397441024,470,0.9860557768924303
b6i_016,tfc_only,rank_reward,no_suppress,60810,5,8,200,true_policy_vs_oracle,0.2430232570012582,1.112498704331316,-0.8860475235617734,1.0,470,0.9860557768924303
b6i_017,dphi_only,z_reward,full,60810,5,8,200,true_policy_vs_balanced_pool_shuffle,0.06961687612318716,0.06445113007807456,0.005165746045112591,0.374250299880048,489,1.0
b6i_017,dphi_only,z_reward,full,60810,5,8,200,true_policy_vs_frequency_matched_random,0.06961687612318716,-0.03284306383652028,0.10174602414659953,0.001599360255897641,489,1.0
b6i_017,dphi_only,z_reward,full,60810,5,8,200,true_policy_vs_performance_matched_random,0.06961687612318716,0.032483133362034844,0.037067315085565315,0.08636545381847262,489,1.0
b6i_017,dphi_only,z_reward,full,60810,5,8,200,true_policy_vs_within_state_shuffle,0.06961687612318716,0.007808259456492152,0.06081237360013017,0.059576169532187126,489,1.0
b6i_017,dphi_only,z_reward,full,60810,5,8,200,true_policy_vs_oracle,0.06961687612318716,1.2239410650761156,-1.1843232635801717,1.0,489,1.0
b6i_018,dphi_only,z_reward,core_5,60810,5,8,200,true_policy_vs_balanced_pool_shuffle,-0.03164393671557695,-0.02761605319994704,-0.010623597630599342,0.7397041183526589,466,1.0
b6i_018,dphi_only,z_reward,core_5,60810,5,8,200,true_policy_vs_frequency_matched_random,-0.03164393671557695,-0.03476662816558523,0.015146879277782316,0.2966813274690124,466,1.0
b6i_018,dphi_only,z_reward,core_5,60810,5,8,200,true_policy_vs_performance_matched_random,-0.03164393671557695,0.007032166560623912,-0.04657597269027007,0.9804078368652539,466,1.0
b6i_018,dphi_only,z_reward,core_5,60810,5,8,200,true_policy_vs_within_state_shuffle,-0.03164393671557695,0.02194571740401994,-0.055133032394457535,0.9440223910435825,466,1.0
b6i_018,dphi_only,z_reward,core_5,60810,5,8,200,true_policy_vs_oracle,-0.03164393671557695,1.0578887394678889,-1.0997821581000913,1.0,466,1.0
b6i_019,dphi_only,z_reward,no_phase_only,60810,5,8,200,true_policy_vs_balanced_pool_shuffle,-0.03164393671557695,-0.016485644094715042,-0.005225537129237191,0.6525389844062375,466,1.0
b6i_019,dphi_only,z_reward,no_phase_only,60810,5,8,200,true_policy_vs_frequency_matched_random,-0.03164393671557695,-0.03476662816558523,0.015146879277782316,0.2966813274690124,466,1.0
b6i_019,dphi_only,z_reward,no_phase_only,60810,5,8,200,true_policy_vs_performance_matched_random,-0.03164393671557695,0.008822397590496004,-0.03137958477646552,0.9264294282287086,466,1.0
b6i_019,dphi_only,z_reward,no_phase_only,60810,5,8,200,true_policy_vs_within_state_shuffle,-0.03164393671557695,0.013134570815093756,-0.04599370831507793,0.9092363054778089,466,1.0
b6i_019,dphi_only,z_reward,no_phase_only,60810,5,8,200,true_policy_vs_oracle,-0.03164393671557695,1.067896279433008,-1.1285898590439152,1.0,466,1.0
b6i_020,dphi_only,z_reward,no_suppress,60810,5,8,200,true_policy_vs_balanced_pool_shuffle,0.06961687612318716,0.058761388905253974,0.010855487217933186,0.19992003198720512,489,1.0
b6i_020,dphi_only,z_reward,no_suppress,60810,5,8,200,true_policy_vs_frequency_matched_random,0.06961687612318716,-0.03284306383652028,0.10174602414659953,0.001599360255897641,489,1.0
b6i_020,dphi_only,z_reward,no_suppress,60810,5,8,200,true_policy_vs_performance_matched_random,0.06961687612318716,0.04107703746681915,0.02853983865636799,0.14314274290283888,489,1.0
b6i_020,dphi_only,z_reward,no_suppress,60810,5,8,200,true_policy_vs_within_state_shuffle,0.06961687612318716,0.00558696421430619,0.06285632439815961,0.05317872850859656,489,1.0
b6i_020,dphi_only,z_reward,no_suppress,60810,5,8,200,true_policy_vs_oracle,0.06961687612318716,1.2219141327632141,-1.167877811737622,1.0,489,1.0
b6i_021,dphi_only,rank_reward,full,60810,5,8,200,true_policy_vs_balanced_pool_shuffle,0.033924920268665455,0.021087370062010505,0.02114452528502538,0.13834466213514593,487,1.0
b6i_021,dphi_only,rank_reward,full,60810,5,8,200,true_policy_vs_frequency_matched_random,0.033924920268665455,-0.04899990410804167,0.08888723802542861,0.004398240703718513,487,1.0
b6i_021,dphi_only,rank_reward,full,60810,5,8,200,true_policy_vs_performance_matched_random,0.033924920268665455,-0.0027556494299864616,0.044894263192846784,0.0547780887644942,487,1.0
b6i_021,dphi_only,rank_reward,full,60810,5,8,200,true_policy_vs_within_state_shuffle,0.033924920268665455,0.0011364938484656275,0.03374712855330916,0.18872451019592162,487,1.0
b6i_021,dphi_only,rank_reward,full,60810,5,8,200,true_policy_vs_oracle,0.033924920268665455,1.1117820538752037,-1.1013504841969788,1.0,487,1.0
b6i_022,dphi_only,rank_reward,core_5,60810,5,8,200,true_policy_vs_balanced_pool_shuffle,0.02203504480502555,0.017422827998582364,0.004612216806443182,0.2802878848460616,466,1.0
b6i_022,dphi_only,rank_reward,core_5,60810,5,8,200,true_policy_vs_frequency_matched_random,0.02203504480502555,-0.020336995505326604,0.0491177940923385,0.05157936825269892,466,1.0
b6i_022,dphi_only,rank_reward,core_5,60810,5,8,200,true_policy_vs_performance_matched_random,0.02203504480502555,0.024571513298584962,-0.010004816427005648,0.6585365853658537,466,1.0
b6i_022,dphi_only,rank_reward,core_5,60810,5,8,200,true_policy_vs_within_state_shuffle,0.02203504480502555,0.014820576155042437,0.002833939474164637,0.47540983606557374,466,1.0
b6i_022,dphi_only,rank_reward,core_5,60810,5,8,200,true_policy_vs_oracle,0.02203504480502555,0.9944777980181899,-0.9886557996620939,1.0,466,1.0
b6i_023,dphi_only,rank_reward,no_phase_only,60810,5,8,200,true_policy_vs_balanced_pool_shuffle,0.009021263867644944,0.034473920447954845,-0.00415198090393192,0.6049580167932826,468,1.0
b6i_023,dphi_only,rank_reward,no_phase_only,60810,5,8,200,true_policy_vs_frequency_matched_random,0.009021263867644944,-0.042829628995371696,0.05512718596312384,0.03958416633346661,468,1.0
b6i_023,dphi_only,rank_reward,no_phase_only,60810,5,8,200,true_policy_vs_performance_matched_random,0.009021263867644944,0.012097289805809219,0.013128705232305396,0.2614954018392643,468,1.0
b6i_023,dphi_only,rank_reward,no_phase_only,60810,5,8,200,true_policy_vs_within_state_shuffle,0.009021263867644944,0.0134104541320389,-0.009379688465023234,0.6053578568572571,468,1.0
b6i_023,dphi_only,rank_reward,no_phase_only,60810,5,8,200,true_policy_vs_oracle,0.009021263867644944,1.0019491603225386,-1.0270974398379755,1.0,468,1.0
b6i_024,dphi_only,rank_reward,no_suppress,60810,5,8,200,true_policy_vs_balanced_pool_shuffle,0.05004319784570832,0.038248928789365116,0.020012401128327417,0.11075569772091164,486,1.0
b6i_024,dphi_only,rank_reward,no_suppress,60810,5,8,200,true_policy_vs_frequency_matched_random,0.05004319784570832,-0.032117384461558936,0.09031969214389964,0.004398240703718513,486,1.0
b6i_024,dphi_only,rank_reward,no_suppress,60810,5,8,200,true_policy_vs_performance_matched_random,0.05004319784570832,0.03606388514008472,0.021632741625650705,0.19592163134746102,486,1.0
b6i_024,dphi_only,rank_reward,no_suppress,60810,5,8,200,true_policy_vs_within_state_shuffle,0.05004319784570832,0.0044158104415711556,0.049461561866654,0.09116353458616554,486,1.0
b6i_024,dphi_only,rank_reward,no_suppress,60810,5,8,200,true_policy_vs_oracle,0.05004319784570832,1.112498704331316,-1.0726856752147775,1.0,486,1.0
b6i_025,phase_quadrant_only,z_reward,full,60810,5,8,200,true_policy_vs_balanced_pool_shuffle,-0.059784092534884654,-0.057643342033692965,-0.001960505178035,0.5641743302678929,475,1.0
b6i_025,phase_quadrant_only,z_reward,full,60810,5,8,200,true_policy_vs_frequency_matched_random,-0.059784092534884654,-0.08436183888918128,0.02543906053341045,0.19392243102758897,475,1.0
b6i_025,phase_quadrant_only,z_reward,full,60810,5,8,200,true_policy_vs_performance_matched_random,-0.059784092534884654,-0.06756343535847052,0.008314623065734614,0.3642542982806877,475,1.0
b6i_025,phase_quadrant_only,z_reward,full,60810,5,8,200,true_policy_vs_within_state_shuffle,-0.059784092534884654,0.001052432821403419,-0.051771913121091404,0.9152339064374251,475,1.0
b6i_025,phase_quadrant_only,z_reward,full,60810,5,8,200,true_policy_vs_oracle,-0.059784092534884654,1.2239410650761156,-1.2882938551939478,1.0,475,1.0
b6i_026,phase_quadrant_only,z_reward,core_5,60810,5,8,200,true_policy_vs_balanced_pool_shuffle,-0.10937621641353401,-0.10937621641353398,-1.282711030776765e-17,0.5473810475809676,456,1.0
b6i_026,phase_quadrant_only,z_reward,core_5,60810,5,8,200,true_policy_vs_frequency_matched_random,-0.10937621641353401,-0.09299931793496055,0.021695411706618397,0.10035985605757697,456,1.0
b6i_026,phase_quadrant_only,z_reward,core_5,60810,5,8,200,true_policy_vs_performance_matched_random,-0.10937621641353401,-0.08802814713075183,-0.023604575464337446,0.9156337465013994,456,1.0
b6i_026,phase_quadrant_only,z_reward,core_5,60810,5,8,200,true_policy_vs_within_state_shuffle,-0.10937621641353401,0.02182531437181693,-0.10290005530216256,0.9972011195521792,456,1.0
b6i_026,phase_quadrant_only,z_reward,core_5,60810,5,8,200,true_policy_vs_oracle,-0.10937621641353401,1.0578887394678889,-1.1456080675340543,1.0,456,1.0
b6i_027,phase_quadrant_only,z_reward,no_phase_only,60810,5,8,200,true_policy_vs_balanced_pool_shuffle,-0.10937621641353401,-0.09195128231298605,0.020610602904925533,0.10195921631347461,456,1.0
b6i_027,phase_quadrant_only,z_reward,no_phase_only,60810,5,8,200,true_policy_vs_frequency_matched_random,-0.10937621641353401,-0.09299931793496055,0.021695411706618397,0.10035985605757697,456,1.0
b6i_027,phase_quadrant_only,z_reward,no_phase_only,60810,5,8,200,true_policy_vs_performance_matched_random,-0.10937621641353401,-0.0654021289223498,-0.004145011022389555,0.5821671331467413,456,1.0
b6i_027,phase_quadrant_only,z_reward,no_phase_only,60810,5,8,200,true_policy_vs_within_state_shuffle,-0.10937621641353401,0.015987985021674988,-0.10349810869731055,0.9972011195521792,456,1.0
b6i_027,phase_quadrant_only,z_reward,no_phase_only,60810,5,8,200,true_policy_vs_oracle,-0.10937621641353401,1.067896279433008,-1.174075682049793,1.0,456,1.0
b6i_028,phase_quadrant_only,z_reward,no_suppress,60810,5,8,200,true_policy_vs_balanced_pool_shuffle,-0.059784092534884654,-0.05688487976068653,-0.002746112416601665,0.578968412634946,475,1.0
b6i_028,phase_quadrant_only,z_reward,no_suppress,60810,5,8,200,true_policy_vs_frequency_matched_random,-0.059784092534884654,-0.08436183888918128,0.02543906053341045,0.19392243102758897,475,1.0
b6i_028,phase_quadrant_only,z_reward,no_suppress,60810,5,8,200,true_policy_vs_performance_matched_random,-0.059784092534884654,-0.06999027427936391,0.010828317274323132,0.3234706117552979,475,1.0
b6i_028,phase_quadrant_only,z_reward,no_suppress,60810,5,8,200,true_policy_vs_within_state_shuffle,-0.059784092534884654,0.012739422851585322,-0.05850019988168247,0.9364254298280688,475,1.0
b6i_028,phase_quadrant_only,z_reward,no_suppress,60810,5,8,200,true_policy_vs_oracle,-0.059784092534884654,1.2219141327632141,-1.2709419526225798,1.0,475,1.0
b6i_029,phase_quadrant_only,rank_reward,full,60810,5,8,200,true_policy_vs_balanced_pool_shuffle,-0.07533830766755066,-0.08639881662471967,0.009145934345536521,0.32147141143542585,476,1.0
b6i_029,phase_quadrant_only,rank_reward,full,60810,5,8,200,true_policy_vs_frequency_matched_random,-0.07533830766755066,-0.08331928552477146,0.006865180804610157,0.4022391043582567,476,1.0
b6i_029,phase_quadrant_only,rank_reward,full,60810,5,8,200,true_policy_vs_performance_matched_random,-0.07533830766755066,-0.10343554271015833,0.02679111493402659,0.15873650539784087,476,1.0
b6i_029,phase_quadrant_only,rank_reward,full,60810,5,8,200,true_policy_vs_within_state_shuffle,-0.07533830766755066,-0.0014487535500585379,-0.06649325988097375,0.968812475009996,476,1.0
b6i_029,phase_quadrant_only,rank_reward,full,60810,5,8,200,true_policy_vs_oracle,-0.07533830766755066,1.1117820538752037,-1.2017236941449256,1.0,476,1.0
b6i_030,phase_quadrant_only,rank_reward,core_5,60810,5,8,200,true_policy_vs_balanced_pool_shuffle,-0.11805024989225427,-0.11805024989225427,6.562971886539794e-18,0.476609356257497,443,1.0
b6i_030,phase_quadrant_only,rank_reward,core_5,60810,5,8,200,true_policy_vs_frequency_matched_random,-0.11805024989225427,-0.1082912037704322,0.010703743310994284,0.3402638944422231,443,1.0
b6i_030,phase_quadrant_only,rank_reward,core_5,60810,5,8,200,true_policy_vs_performance_matched_random,-0.11805024989225427,-0.09425108828811977,-0.014223684111943006,0.7528988404638145,443,1.0
b6i_030,phase_quadrant_only,rank_reward,core_5,60810,5,8,200,true_policy_vs_within_state_shuffle,-0.11805024989225427,0.01767773940070065,-0.10750845591864926,0.9984006397441023,443,1.0
b6i_030,phase_quadrant_only,rank_reward,core_5,60810,5,8,200,true_policy_vs_oracle,-0.11805024989225427,0.9944777980181899,-1.1200653884264595,1.0,443,1.0
b6i_031,phase_quadrant_only,rank_reward,no_phase_only,60810,5,8,200,true_policy_vs_balanced_pool_shuffle,-0.10899561738233046,-0.1037604742891499,0.010802722876694792,0.19792083166733307,458,1.0
b6i_031,phase_quadrant_only,rank_reward,no_phase_only,60810,5,8,200,true_policy_vs_frequency_matched_random,-0.10899561738233046,-0.0928294833710379,0.0054170068394765285,0.396641343462615,458,1.0
b6i_031,phase_quadrant_only,rank_reward,no_phase_only,60810,5,8,200,true_policy_vs_performance_matched_random,-0.10899561738233046,-0.05389734459589174,0.0009086750569914278,0.4858056777289084,458,1.0
b6i_031,phase_quadrant_only,rank_reward,no_phase_only,60810,5,8,200,true_policy_vs_within_state_shuffle,-0.10899561738233046,0.013429290865922264,-0.10614134673154911,0.998000799680128,458,1.0
b6i_031,phase_quadrant_only,rank_reward,no_phase_only,60810,5,8,200,true_policy_vs_oracle,-0.10899561738233046,1.0019491603225386,-1.1314259159154734,1.0,458,1.0
b6i_032,phase_quadrant_only,rank_reward,no_suppress,60810,5,8,200,true_policy_vs_balanced_pool_shuffle,-0.0829442568132655,-0.11188926708199078,0.024277512605656026,0.17233106757297081,461,1.0
b6i_032,phase_quadrant_only,rank_reward,no_suppress,60810,5,8,200,true_policy_vs_frequency_matched_random,-0.0829442568132655,-0.10056690078343117,0.013206929435199419,0.32946821271491405,461,1.0
b6i_032,phase_quadrant_only,rank_reward,no_suppress,60810,5,8,200,true_policy_vs_performance_matched_random,-0.0829442568132655,-0.11521860378245286,0.027830730949750068,0.171531387445022,461,1.0
b6i_032,phase_quadrant_only,rank_reward,no_suppress,60810,5,8,200,true_policy_vs_within_state_shuffle,-0.0829442568132655,0.015179869428379721,-0.08330520018596675,0.9772091163534586,461,1.0
b6i_032,phase_quadrant_only,rank_reward,no_suppress,60810,5,8,200,true_policy_vs_oracle,-0.0829442568132655,1.112498704331316,-1.2001424033036614,1.0,461,1.0
b6i_033,lag_class_only,z_reward,full,60810,5,8,200,true_policy_vs_balanced_pool_shuffle,-0.031832812820839836,-0.02715434852312454,-0.009601303289565008,0.7213114754098361,461,1.0
b6i_033,lag_class_only,z_reward,full,60810,5,8,200,true_policy_vs_frequency_matched_random,-0.031832812820839836,-0.011259956828632529,0.01618278702663403,0.3202718912435026,461,1.0
b6i_033,lag_class_only,z_reward,full,60810,5,8,200,true_policy_vs_performance_matched_random,-0.031832812820839836,-0.010192777581235138,-0.0297839165052025,0.8524590163934426,461,1.0
b6i_033,lag_class_only,z_reward,full,60810,5,8,200,true_policy_vs_within_state_shuffle,-0.031832812820839836,0.0028878347530141113,-0.030312757788261036,0.7696921231507396,461,1.0
b6i_033,lag_class_only,z_reward,full,60810,5,8,200,true_policy_vs_oracle,-0.031832812820839836,1.2239410650761156,-1.2834921360535976,1.0,461,1.0
b6i_034,lag_class_only,z_reward,core_5,60810,5,8,200,true_policy_vs_balanced_pool_shuffle,-0.014502583115340058,-0.03150699808399854,0.04465845495397656,0.021191523390643743,461,1.0
b6i_034,lag_class_only,z_reward,core_5,60810,5,8,200,true_policy_vs_frequency_matched_random,-0.014502583115340058,-0.02019677170338097,0.04339105695834029,0.09916033586565375,461,1.0
b6i_034,lag_class_only,z_reward,core_5,60810,5,8,200,true_policy_vs_performance_matched_random,-0.014502583115340058,-0.032615694797551845,0.045808036361955864,0.029988004798080767,461,1.0
b6i_034,lag_class_only,z_reward,core_5,60810,5,8,200,true_policy_vs_within_state_shuffle,-0.014502583115340058,0.01888596242024241,-0.0199378687394711,0.7081167532986805,461,1.0
b6i_034,lag_class_only,z_reward,core_5,60810,5,8,200,true_policy_vs_oracle,-0.014502583115340058,1.0578887394678889,-1.0704060548659817,1.0,461,1.0
b6i_035,lag_class_only,z_reward,no_phase_only,60810,5,8,200,true_policy_vs_balanced_pool_shuffle,-0.01369579814198879,0.009138860510254585,-0.0006462207241840621,0.5221911235505797,461,1.0
b6i_035,lag_class_only,z_reward,no_phase_only,60810,5,8,200,true_policy_vs_frequency_matched_random,-0.01369579814198879,-0.019849766847067296,0.04518193162855401,0.0859656137544982,461,1.0
b6i_035,lag_class_only,z_reward,no_phase_only,60810,5,8,200,true_policy_vs_performance_matched_random,-0.01369579814198879,0.028070395242301868,-0.020744597550774773,0.804078368652539,461,1.0
b6i_035,lag_class_only,z_reward,no_phase_only,60810,5,8,200,true_policy_vs_within_state_shuffle,-0.01369579814198879,0.016793641297506386,-0.018709250077319387,0.6857257097161136,461,1.0
b6i_035,lag_class_only,z_reward,no_phase_only,60810,5,8,200,true_policy_vs_oracle,-0.01369579814198879,1.067896279433008,-1.0981256288810972,1.0,461,1.0
b6i_036,lag_class_only,z_reward,no_suppress,60810,5,8,200,true_policy_vs_balanced_pool_shuffle,-0.03263959779419111,-0.017242239613946855,0.005249479854164652,0.34146341463414637,461,1.0
b6i_036,lag_class_only,z_reward,no_suppress,60810,5,8,200,true_policy_vs_frequency_matched_random,-0.03263959779419111,-0.01150199455641136,0.014391912356420313,0.3426629348260696,461,1.0
b6i_036,lag_class_only,z_reward,no_suppress,60810,5,8,200,true_policy_vs_performance_matched_random,-0.03263959779419111,-0.007317853443364321,-0.017137230691651403,0.7229108356657337,461,1.0
b6i_036,lag_class_only,z_reward,no_suppress,60810,5,8,200,true_policy_vs_within_state_shuffle,-0.03263959779419111,0.013375903421316549,-0.03929068178228148,0.8364654138344663,461,1.0
b6i_036,lag_class_only,z_reward,no_suppress,60810,5,8,200,true_policy_vs_oracle,-0.03263959779419111,1.2219141327632141,-1.2714116237339423,1.0,461,1.0
b6i_037,lag_class_only,rank_reward,full,60810,5,8,200,true_policy_vs_balanced_pool_shuffle,-0.023028615798432156,0.010375829400328268,-0.036123833843367016,0.9836065573770492,461,1.0
b6i_037,lag_class_only,rank_reward,full,60810,5,8,200,true_policy_vs_frequency_matched_random,-0.023028615798432156,-0.03487850311207794,0.04091607310156578,0.10995601759296282,461,1.0
b6i_037,lag_class_only,rank_reward,full,60810,5,8,200,true_policy_vs_performance_matched_random,-0.023028615798432156,-0.019393338376947306,-0.015000685664178302,0.7081167532986805,461,1.0
b6i_037,lag_class_only,rank_reward,full,60810,5,8,200,true_policy_vs_within_state_shuffle,-0.023028615798432156,0.004995916062938206,-0.02396628101729125,0.7237105157936825,461,1.0
b6i_037,lag_class_only,rank_reward,full,60810,5,8,200,true_policy_vs_oracle,-0.023028615798432156,1.1117820538752037,-1.1694496313696583,1.0,461,1.0
b6i_038,lag_class_only,rank_reward,core_5,60810,5,8,200,true_policy_vs_balanced_pool_shuffle,-0.020735976593773187,-0.06381321403317279,0.050466245260904236,0.007996801279488205,461,1.0
b6i_038,lag_class_only,rank_reward,core_5,60810,5,8,200,true_policy_vs_frequency_matched_random,-0.020735976593773187,-0.03578581297620019,0.043377073493187035,0.09996001599360256,461,1.0
b6i_038,lag_class_only,rank_reward,core_5,60810,5,8,200,true_policy_vs_performance_matched_random,-0.020735976593773187,-0.07351865712072939,0.057503687618415525,0.009196321471411436,461,1.0
b6i_038,lag_class_only,rank_reward,core_5,60810,5,8,200,true_policy_vs_within_state_shuffle,-0.020735976593773187,0.013796618684349829,-0.02551623820544143,0.7520991603358657,461,1.0
b6i_038,lag_class_only,rank_reward,core_5,60810,5,8,200,true_policy_vs_oracle,-0.020735976593773187,0.9944777980181899,-1.0276984239138085,1.0,461,1.0
b6i_039,lag_class_only,rank_reward,no_phase_only,60810,5,8,200,true_policy_vs_balanced_pool_shuffle,-0.023028615798432156,0.011960879567880589,-0.013025861920996995,0.7936825269892043,461,1.0
b6i_039,lag_class_only,rank_reward,no_phase_only,60810,5,8,200,true_policy_vs_frequency_matched_random,-0.023028615798432156,-0.03487850311207794,0.04091607310156578,0.10995601759296282,461,1.0
b6i_039,lag_class_only,rank_reward,no_phase_only,60810,5,8,200,true_policy_vs_performance_matched_random,-0.023028615798432156,0.004843723931345191,-0.009725173774485923,0.6473410635745702,461,1.0
b6i_039,lag_class_only,rank_reward,no_phase_only,60810,5,8,200,true_policy_vs_within_state_shuffle,-0.023028615798432156,0.00233762299620053,-0.018266025880004647,0.6829268292682927,461,1.0
b6i_039,lag_class_only,rank_reward,no_phase_only,60810,5,8,200,true_policy_vs_oracle,-0.023028615798432156,1.0019491603225386,-1.0557537246196735,1.0,461,1.0
b6i_040,lag_class_only,rank_reward,no_suppress,60810,5,8,200,true_policy_vs_balanced_pool_shuffle,-0.020735976593773187,-0.004249284105457325,-0.007925169004320304,0.6773290683726509,461,1.0
b6i_040,lag_class_only,rank_reward,no_suppress,60810,5,8,200,true_policy_vs_frequency_matched_random,-0.020735976593773187,-0.03578581297620019,0.043377073493187035,0.09996001599360256,461,1.0
b6i_040,lag_class_only,rank_reward,no_suppress,60810,5,8,200,true_policy_vs_performance_matched_random,-0.020735976593773187,-0.019552573389492633,0.001721223654047535,0.48500599760095964,461,1.0
b6i_040,lag_class_only,rank_reward,no_suppress,60810,5,8,200,true_policy_vs_within_state_shuffle,-0.020735976593773187,0.00306480684245445,-0.019169858267366616,0.6797281087564974,461,1.0
b6i_040,lag_class_only,rank_reward,no_suppress,60810,5,8,200,true_policy_vs_oracle,-0.020735976593773187,1.112498704331316,-1.1575893747767838,1.0,461,1.0
b6i_041,strength_bin_only,z_reward,full,60810,5,8,200,true_policy_vs_balanced_pool_shuffle,0.043933824414391864,0.021528470677770153,0.01731869682537357,0.10555777688924431,455,1.0
b6i_041,strength_bin_only,z_reward,full,60810,5,8,200,true_policy_vs_frequency_matched_random,0.043933824414391864,-0.05069092170042606,0.0665149354964209,0.03438624550179928,455,1.0
b6i_041,strength_bin_only,z_reward,full,60810,5,8,200,true_policy_vs_performance_matched_random,0.043933824414391864,0.04379748302676398,0.027722221590859696,0.18912435025989605,455,1.0
b6i_041,strength_bin_only,z_reward,full,60810,5,8,200,true_policy_vs_within_state_shuffle,0.043933824414391864,0.004600949956267703,0.041410414845176845,0.1831267493002799,455,1.0
b6i_041,strength_bin_only,z_reward,full,60810,5,8,200,true_policy_vs_oracle,0.043933824414391864,1.2239410650761156,-1.2125462270259193,1.0,455,1.0
b6i_042,strength_bin_only,z_reward,core_5,60810,5,8,200,true_policy_vs_balanced_pool_shuffle,-0.06805169072132616,-0.04113915184868961,-0.008819986666918904,0.790483806477409,442,1.0
b6i_042,strength_bin_only,z_reward,core_5,60810,5,8,200,true_policy_vs_frequency_matched_random,-0.06805169072132616,-0.02225216659073953,-0.0032115120078055714,0.5329868052778889,442,1.0
b6i_042,strength_bin_only,z_reward,core_5,60810,5,8,200,true_policy_vs_performance_matched_random,-0.06805169072132616,-0.022651461841197002,-0.003105062629345655,0.549780087964814,442,1.0
b6i_042,strength_bin_only,z_reward,core_5,60810,5,8,200,true_policy_vs_within_state_shuffle,-0.06805169072132616,0.021074245634820177,-0.047290467693607716,0.8992403038784487,442,1.0
b6i_042,strength_bin_only,z_reward,core_5,60810,5,8,200,true_policy_vs_oracle,-0.06805169072132616,1.0578887394678889,-1.1085684444099664,1.0,442,1.0
b6i_043,strength_bin_only,z_reward,no_phase_only,60810,5,8,200,true_policy_vs_balanced_pool_shuffle,-0.06805169072132616,-0.051008569545022024,-0.004955298595552091,0.6249500199920032,442,1.0
b6i_043,strength_bin_only,z_reward,no_phase_only,60810,5,8,200,true_policy_vs_frequency_matched_random,-0.06805169072132616,-0.02225216659073953,-0.0032115120078055714,0.5329868052778889,442,1.0
b6i_043,strength_bin_only,z_reward,no_phase_only,60810,5,8,200,true_policy_vs_performance_matched_random,-0.06805169072132616,-0.002958704884435559,0.010522013676201189,0.31107556977209116,442,1.0
b6i_043,strength_bin_only,z_reward,no_phase_only,60810,5,8,200,true_policy_vs_within_state_shuffle,-0.06805169072132616,0.011191945567881735,-0.0512966607698862,0.913234706117553,442,1.0
b6i_043,strength_bin_only,z_reward,no_phase_only,60810,5,8,200,true_policy_vs_oracle,-0.06805169072132616,1.067896279433008,-1.1342508188943092,1.0,442,1.0
b6i_044,strength_bin_only,z_reward,no_suppress,60810,5,8,200,true_policy_vs_balanced_pool_shuffle,0.043933824414391864,0.0006257385948152186,0.025492135148780345,0.13594562175129948,455,1.0
b6i_044,strength_bin_only,z_reward,no_suppress,60810,5,8,200,true_policy_vs_frequency_matched_random,0.043933824414391864,-0.05069092170042606,0.0665149354964209,0.03438624550179928,455,1.0
b6i_044,strength_bin_only,z_reward,no_suppress,60810,5,8,200,true_policy_vs_performance_matched_random,0.043933824414391864,0.006303100873183208,0.04323140131664695,0.08076769292283087,455,1.0
b6i_044,strength_bin_only,z_reward,no_suppress,60810,5,8,200,true_policy_vs_within_state_shuffle,0.043933824414391864,0.010671982181681205,0.031580032379619545,0.23990403838464613,455,1.0
b6i_044,strength_bin_only,z_reward,no_suppress,60810,5,8,200,true_policy_vs_oracle,0.043933824414391864,1.2219141327632141,-1.2019230923798674,1.0,455,1.0
b6i_045,strength_bin_only,rank_reward,full,60810,5,8,200,true_policy_vs_balanced_pool_shuffle,-0.02765602753557906,-0.06674498658876875,0.039251311157990035,0.010795681727309077,473,1.0
b6i_045,strength_bin_only,rank_reward,full,60810,5,8,200,true_policy_vs_frequency_matched_random,-0.02765602753557906,-0.06646963462690553,0.02102138029401237,0.24430227908836466,473,1.0
b6i_045,strength_bin_only,rank_reward,full,60810,5,8,200,true_policy_vs_performance_matched_random,-0.02765602753557906,-0.042669922655809565,0.028852592722616168,0.16913234706117553,473,1.0
b6i_045,strength_bin_only,rank_reward,full,60810,5,8,200,true_policy_vs_within_state_shuffle,-0.02765602753557906,-0.0006756225539129451,-0.025021635849320236,0.7297081167532987,473,1.0
b6i_045,strength_bin_only,rank_reward,full,60810,5,8,200,true_policy_vs_oracle,-0.02765602753557906,1.1117820538752037,-1.1622796605812178,1.0,473,1.0
b6i_046,strength_bin_only,rank_reward,core_5,60810,5,8,200,true_policy_vs_balanced_pool_shuffle,-0.11387534528922473,-0.10323096312170822,-0.006643662740276597,0.7796881247501,449,1.0
b6i_046,strength_bin_only,rank_reward,core_5,60810,5,8,200,true_policy_vs_frequency_matched_random,-0.11387534528922473,-0.07110373859036367,-0.03165687477463714,0.8484606157536985,449,1.0
b6i_046,strength_bin_only,rank_reward,core_5,60810,5,8,200,true_policy_vs_performance_matched_random,-0.11387534528922473,-0.0975064002857459,-0.00506229407808174,0.6109556177528989,449,1.0
b6i_046,strength_bin_only,rank_reward,core_5,60810,5,8,200,true_policy_vs_within_state_shuffle,-0.11387534528922473,0.020211327476390508,-0.11714177236664064,0.9996001599360256,449,1.0
b6i_046,strength_bin_only,rank_reward,core_5,60810,5,8,200,true_policy_vs_oracle,-0.11387534528922473,0.9944777980181899,-1.1210355000224101,1.0,449,1.0
b6i_047,strength_bin_only,rank_reward,no_phase_only,60810,5,8,200,true_policy_vs_balanced_pool_shuffle,-0.11387534528922473,-0.0898143968641598,-0.009933964258198789,0.7872850859656138,449,1.0
b6i_047,strength_bin_only,rank_reward,no_phase_only,60810,5,8,200,true_policy_vs_frequency_matched_random,-0.11387534528922473,-0.07110373859036367,-0.03165687477463714,0.8484606157536985,449,1.0
b6i_047,strength_bin_only,rank_reward,no_phase_only,60810,5,8,200,true_policy_vs_performance_matched_random,-0.11387534528922473,-0.059971616757521294,-0.0010655752647330745,0.5205917632946822,449,1.0
b6i_047,strength_bin_only,rank_reward,no_phase_only,60810,5,8,200,true_policy_vs_within_state_shuffle,-0.11387534528922473,0.006704851610581016,-0.1055007607066245,0.9976009596161536,449,1.0
b6i_047,strength_bin_only,rank_reward,no_phase_only,60810,5,8,200,true_policy_vs_oracle,-0.11387534528922473,1.0019491603225386,-1.1451817579392212,1.0,449,1.0
b6i_048,strength_bin_only,rank_reward,no_suppress,60810,5,8,200,true_policy_vs_balanced_pool_shuffle,-0.02765602753557906,-0.06417988637261474,0.036653672672709345,0.01719312275089964,473,1.0
b6i_048,strength_bin_only,rank_reward,no_suppress,60810,5,8,200,true_policy_vs_frequency_matched_random,-0.02765602753557906,-0.06646963462690553,0.02102138029401237,0.24430227908836466,473,1.0
b6i_048,strength_bin_only,rank_reward,no_suppress,60810,5,8,200,true_policy_vs_performance_matched_random,-0.02765602753557906,-0.06494813947941037,0.06164985684541767,0.012794882047181128,473,1.0
b6i_048,strength_bin_only,rank_reward,no_suppress,60810,5,8,200,true_policy_vs_within_state_shuffle,-0.02765602753557906,0.010472172005197124,-0.03376715343192373,0.7924830067972811,473,1.0
b6i_048,strength_bin_only,rank_reward,no_suppress,60810,5,8,200,true_policy_vs_oracle,-0.02765602753557906,1.112498704331316,-1.1502208758607506,1.0,473,1.0
b6i_049,side_tfc,z_reward,full,60810,5,8,200,true_policy_vs_balanced_pool_shuffle,0.20673843680956863,0.10174237607574221,0.08544460922545653,0.00039984006397441024,452,0.9860557768924303
b6i_049,side_tfc,z_reward,full,60810,5,8,200,true_policy_vs_frequency_matched_random,0.20673843680956863,-0.013026443350211456,0.19590245658709848,0.00039984006397441024,452,0.9860557768924303
b6i_049,side_tfc,z_reward,full,60810,5,8,200,true_policy_vs_performance_matched_random,0.20673843680956863,0.09595586463547637,0.12010570284475386,0.00039984006397441024,452,0.9860557768924303
b6i_049,side_tfc,z_reward,full,60810,5,8,200,true_policy_vs_within_state_shuffle,0.20673843680956863,0.003144519212403432,0.20632400017499491,0.00039984006397441024,452,0.9860557768924303
b6i_049,side_tfc,z_reward,full,60810,5,8,200,true_policy_vs_oracle,0.20673843680956863,1.2239410650761156,-1.045117340978006,1.0,452,0.9860557768924303
b6i_050,side_tfc,z_reward,core_5,60810,5,8,200,true_policy_vs_balanced_pool_shuffle,0.14891476684634716,0.1298392341069297,0.019446656165167536,0.10235905637744902,443,0.9860557768924303
b6i_050,side_tfc,z_reward,core_5,60810,5,8,200,true_policy_vs_frequency_matched_random,0.14891476684634716,-0.016122671769394456,0.1407529572520758,0.0007996801279488205,443,0.9860557768924303
b6i_050,side_tfc,z_reward,core_5,60810,5,8,200,true_policy_vs_performance_matched_random,0.14891476684634716,0.11364539660478933,0.0787912516095731,0.00039984006397441024,443,0.9860557768924303
b6i_050,side_tfc,z_reward,core_5,60810,5,8,200,true_policy_vs_within_state_shuffle,0.14891476684634716,0.02401004864465965,0.1413265891544273,0.00039984006397441024,443,0.9860557768924303
b6i_050,side_tfc,z_reward,core_5,60810,5,8,200,true_policy_vs_oracle,0.14891476684634716,1.0578887394678889,-0.9166848452608758,1.0,443,0.9860557768924303
b6i_051,side_tfc,z_reward,no_phase_only,60810,5,8,200,true_policy_vs_balanced_pool_shuffle,0.18491397944128118,0.09839797833952328,0.07917722515122884,0.00039984006397441024,452,0.9860557768924303
b6i_051,side_tfc,z_reward,no_phase_only,60810,5,8,200,true_policy_vs_frequency_matched_random,0.18491397944128118,-0.0032233584665686973,0.1752980610894847,0.00039984006397441024,452,0.9860557768924303
b6i_051,side_tfc,z_reward,no_phase_only,60810,5,8,200,true_policy_vs_performance_matched_random,0.18491397944128118,0.08639344385021681,0.12366633696299127,0.00039984006397441024,452,0.9860557768924303
b6i_051,side_tfc,z_reward,no_phase_only,60810,5,8,200,true_policy_vs_within_state_shuffle,0.18491397944128118,0.010939555590940774,0.18793483243738537,0.00039984006397441024,452,0.9860557768924303
b6i_051,side_tfc,z_reward,no_phase_only,60810,5,8,200,true_policy_vs_oracle,0.18491397944128118,1.067896279433008,-0.9014819077292964,1.0,452,0.9860557768924303
b6i_052,side_tfc,z_reward,no_suppress,60810,5,8,200,true_policy_vs_balanced_pool_shuffle,0.23487841365838608,0.13039333141332002,0.08394082377609446,0.0007996801279488205,449,0.9860557768924303
b6i_052,side_tfc,z_reward,no_suppress,60810,5,8,200,true_policy_vs_frequency_matched_random,0.23487841365838608,-0.02019880517559352,0.22032433637842216,0.00039984006397441024,449,0.9860557768924303
b6i_052,side_tfc,z_reward,no_suppress,60810,5,8,200,true_policy_vs_performance_matched_random,0.23487841365838608,0.09312623031155673,0.15600178296236572,0.00039984006397441024,449,0.9860557768924303
b6i_052,side_tfc,z_reward,no_suppress,60810,5,8,200,true_policy_vs_within_state_shuffle,0.23487841365838608,0.006229098284722273,0.23213423316915827,0.00039984006397441024,449,0.9860557768924303
b6i_052,side_tfc,z_reward,no_suppress,60810,5,8,200,true_policy_vs_oracle,0.23487841365838608,1.2219141327632141,-1.0115821498612236,1.0,449,0.9860557768924303
b6i_053,side_tfc,rank_reward,full,60810,5,8,200,true_policy_vs_balanced_pool_shuffle,0.2682599722382027,0.10564307736624398,0.13866737647817454,0.00039984006397441024,455,0.9860557768924303
b6i_053,side_tfc,rank_reward,full,60810,5,8,200,true_policy_vs_frequency_matched_random,0.2682599722382027,-0.014384331920913651,0.2570978383377418,0.00039984006397441024,455,0.9860557768924303
b6i_053,side_tfc,rank_reward,full,60810,5,8,200,true_policy_vs_performance_matched_random,0.2682599722382027,0.08509477054576671,0.18351398977788674,0.00039984006397441024,455,0.9860557768924303
b6i_053,side_tfc,rank_reward,full,60810,5,8,200,true_policy_vs_within_state_shuffle,0.2682599722382027,0.0030753186627455833,0.26878602265137613,0.00039984006397441024,455,0.9860557768924303
b6i_053,side_tfc,rank_reward,full,60810,5,8,200,true_policy_vs_oracle,0.2682599722382027,1.1117820538752037,-0.8711036829888116,1.0,455,0.9860557768924303
b6i_054,side_tfc,rank_reward,core_5,60810,5,8,200,true_policy_vs_balanced_pool_shuffle,0.18461460516240086,0.13903565806766735,0.04095384415461635,0.004398240703718513,442,0.9860557768924303
b6i_054,side_tfc,rank_reward,core_5,60810,5,8,200,true_policy_vs_frequency_matched_random,0.18461460516240086,-0.025423230297018613,0.18504678775390065,0.00039984006397441024,442,0.9860557768924303
b6i_054,side_tfc,rank_reward,core_5,60810,5,8,200,true_policy_vs_performance_matched_random,0.18461460516240086,0.11347877199953696,0.09398174351954203,0.00039984006397441024,442,0.9860557768924303
b6i_054,side_tfc,rank_reward,core_5,60810,5,8,200,true_policy_vs_within_state_shuffle,0.18461460516240086,0.01415947341442742,0.1808221938475558,0.00039984006397441024,442,0.9860557768924303
b6i_054,side_tfc,rank_reward,core_5,60810,5,8,200,true_policy_vs_oracle,0.18461460516240086,0.9944777980181899,-0.8290282812694004,1.0,442,0.9860557768924303
b6i_055,side_tfc,rank_reward,no_phase_only,60810,5,8,200,true_policy_vs_balanced_pool_shuffle,0.20691440189872157,0.11491587108760257,0.0828431678694072,0.00039984006397441024,451,0.9860557768924303
b6i_055,side_tfc,rank_reward,no_phase_only,60810,5,8,200,true_policy_vs_frequency_matched_random,0.20691440189872157,-0.009395931913762178,0.20341997724995634,0.00039984006397441024,451,0.9860557768924303
b6i_055,side_tfc,rank_reward,no_phase_only,60810,5,8,200,true_policy_vs_performance_matched_random,0.20691440189872157,0.1263093946120155,0.11403052402860214,0.00039984006397441024,451,0.9860557768924303
b6i_055,side_tfc,rank_reward,no_phase_only,60810,5,8,200,true_policy_vs_within_state_shuffle,0.20691440189872157,0.010708962428802295,0.20645801745792727,0.00039984006397441024,451,0.9860557768924303
b6i_055,side_tfc,rank_reward,no_phase_only,60810,5,8,200,true_policy_vs_oracle,0.20691440189872157,1.0019491603225386,-0.8255338475064458,1.0,451,0.9860557768924303
b6i_056,side_tfc,rank_reward,no_suppress,60810,5,8,200,true_policy_vs_balanced_pool_shuffle,0.2665584768567649,0.13004165205362178,0.1166696336554366,0.00039984006397441024,453,0.9860557768924303
b6i_056,side_tfc,rank_reward,no_suppress,60810,5,8,200,true_policy_vs_frequency_matched_random,0.2665584768567649,-0.017463651936898087,0.25199874769887287,0.00039984006397441024,453,0.9860557768924303
b6i_056,side_tfc,rank_reward,no_suppress,60810,5,8,200,true_policy_vs_performance_matched_random,0.2665584768567649,0.1189999886316671,0.16409445264499267,0.00039984006397441024,453,0.9860557768924303
b6i_056,side_tfc,rank_reward,no_suppress,60810,5,8,200,true_policy_vs_within_state_shuffle,0.2665584768567649,0.006679115126462292,0.2632304468984089,0.00039984006397441024,453,0.9860557768924303
b6i_056,side_tfc,rank_reward,no_suppress,60810,5,8,200,true_policy_vs_oracle,0.2665584768567649,1.112498704331316,-0.8676223039871122,1.0,453,0.9860557768924303
b6i_057,side_dphi,z_reward,full,60810,5,8,200,true_policy_vs_balanced_pool_shuffle,0.17119436436668986,0.0892818206946222,0.0717711292852897,0.001599360255897641,457,0.9860557768924303
b6i_057,side_dphi,z_reward,full,60810,5,8,200,true_policy_vs_frequency_matched_random,0.17119436436668986,-0.014036111640856079,0.16666217356497043,0.00039984006397441024,457,0.9860557768924303
b6i_057,side_dphi,z_reward,full,60810,5,8,200,true_policy_vs_performance_matched_random,0.17119436436668986,0.06373805566643176,0.11533786163739812,0.0007996801279488205,457,0.9860557768924303
b6i_057,side_dphi,z_reward,full,60810,5,8,200,true_policy_vs_within_state_shuffle,0.17119436436668986,0.005597487844832536,0.166151159803643,0.00039984006397441024,457,0.9860557768924303
b6i_057,side_dphi,z_reward,full,60810,5,8,200,true_policy_vs_oracle,0.17119436436668986,1.2239410650761156,-1.0900830766406244,1.0,457,0.9860557768924303
b6i_058,side_dphi,z_reward,core_5,60810,5,8,200,true_policy_vs_balanced_pool_shuffle,0.1090094697117495,0.08541146355679861,0.0215618688807012,0.11235505797680928,445,0.9860557768924303
b6i_058,side_dphi,z_reward,core_5,60810,5,8,200,true_policy_vs_frequency_matched_random,0.1090094697117495,-0.007690500332209149,0.09048906432736953,0.011195521791283487,445,0.9860557768924303
b6i_058,side_dphi,z_reward,core_5,60810,5,8,200,true_policy_vs_performance_matched_random,0.1090094697117495,0.0633690201162884,0.08477839420624364,0.0007996801279488205,445,0.9860557768924303
b6i_058,side_dphi,z_reward,core_5,60810,5,8,200,true_policy_vs_within_state_shuffle,0.1090094697117495,0.01944421380634129,0.0980012371678841,0.013594562175129948,445,0.9860557768924303
b6i_058,side_dphi,z_reward,core_5,60810,5,8,200,true_policy_vs_oracle,0.1090094697117495,1.0578887394678889,-0.9588696684680463,1.0,445,0.9860557768924303
b6i_059,side_dphi,z_reward,no_phase_only,60810,5,8,200,true_policy_vs_balanced_pool_shuffle,0.09683332010606374,0.08461815112821619,0.010351333049913269,0.2343062774890044,454,0.9860557768924303
b6i_059,side_dphi,z_reward,no_phase_only,60810,5,8,200,true_policy_vs_frequency_matched_random,0.09683332010606374,-0.012321638928243988,0.0960266968635353,0.001999200319872051,454,0.9860557768924303
b6i_059,side_dphi,z_reward,no_phase_only,60810,5,8,200,true_policy_vs_performance_matched_random,0.09683332010606374,0.0723883239215486,0.04889180775117826,0.021191523390643743,454,0.9860557768924303
b6i_059,side_dphi,z_reward,no_phase_only,60810,5,8,200,true_policy_vs_within_state_shuffle,0.09683332010606374,0.014396902259535114,0.09194741287333005,0.0059976009596161535,454,0.9860557768924303
b6i_059,side_dphi,z_reward,no_phase_only,60810,5,8,200,true_policy_vs_oracle,0.09683332010606374,1.067896279433008,-0.9940929249250058,1.0,454,0.9860557768924303
b6i_060,side_dphi,z_reward,no_suppress,60810,5,8,200,true_policy_vs_balanced_pool_shuffle,0.17119436436668986,0.12059977650407591,0.039510558829532715,0.03438624550179928,457,0.9860557768924303
b6i_060,side_dphi,z_reward,no_suppress,60810,5,8,200,true_policy_vs_frequency_matched_random,0.17119436436668986,-0.014036111640856079,0.16666217356497043,0.00039984006397441024,457,0.9860557768924303
b6i_060,side_dphi,z_reward,no_suppress,60810,5,8,200,true_policy_vs_performance_matched_random,0.17119436436668986,0.08880248860944821,0.09828107201885473,0.0011995201919232307,457,0.9860557768924303
b6i_060,side_dphi,z_reward,no_suppress,60810,5,8,200,true_policy_vs_within_state_shuffle,0.17119436436668986,0.008691378882102516,0.1642496682351176,0.00039984006397441024,457,0.9860557768924303
b6i_060,side_dphi,z_reward,no_suppress,60810,5,8,200,true_policy_vs_oracle,0.17119436436668986,1.2219141327632141,-1.0756319161957861,1.0,457,0.9860557768924303
b6i_061,side_dphi,rank_reward,full,60810,5,8,200,true_policy_vs_balanced_pool_shuffle,0.13869474401452606,0.05185738546712362,0.07591709041534855,0.001999200319872051,456,0.9860557768924303
b6i_061,side_dphi,rank_reward,full,60810,5,8,200,true_policy_vs_frequency_matched_random,0.13869474401452606,-0.018000838772853925,0.14209336155324365,0.0011995201919232307,456,0.9860557768924303
b6i_061,side_dphi,rank_reward,full,60810,5,8,200,true_policy_vs_performance_matched_random,0.13869474401452606,0.041276308217767094,0.10300890779114937,0.0007996801279488205,456,0.9860557768924303
b6i_061,side_dphi,rank_reward,full,60810,5,8,200,true_policy_vs_within_state_shuffle,0.13869474401452606,0.009051681721463489,0.12770202791545854,0.0023990403838464614,456,0.9860557768924303
b6i_061,side_dphi,rank_reward,full,60810,5,8,200,true_policy_vs_oracle,0.13869474401452606,1.1117820538752037,-1.0120230297529496,1.0,456,0.9860557768924303
b6i_062,side_dphi,rank_reward,core_5,60810,5,8,200,true_policy_vs_balanced_pool_shuffle,0.09403622460142758,0.06783510523688435,0.021987646007736384,0.15433826469412235,444,0.9860557768924303
b6i_062,side_dphi,rank_reward,core_5,60810,5,8,200,true_policy_vs_frequency_matched_random,0.09403622460142758,-0.013400280257810647,0.08208265344171584,0.01639344262295082,444,0.9860557768924303
b6i_062,side_dphi,rank_reward,core_5,60810,5,8,200,true_policy_vs_performance_matched_random,0.09403622460142758,0.0718672566789212,0.042077240131824324,0.057177129148340666,444,0.9860557768924303
b6i_062,side_dphi,rank_reward,core_5,60810,5,8,200,true_policy_vs_within_state_shuffle,0.09403622460142758,0.01140274186285209,0.08907747982169134,0.018392642942822873,444,0.9860557768924303
b6i_062,side_dphi,rank_reward,core_5,60810,5,8,200,true_policy_vs_oracle,0.09403622460142758,0.9944777980181899,-0.9211688312863978,1.0,444,0.9860557768924303
b6i_063,side_dphi,rank_reward,no_phase_only,60810,5,8,200,true_policy_vs_balanced_pool_shuffle,0.08085513666158324,0.05288135557965252,0.021378563663741086,0.11635345861655338,448,0.9860557768924303
b6i_063,side_dphi,rank_reward,no_phase_only,60810,5,8,200,true_policy_vs_frequency_matched_random,0.08085513666158324,-0.017529303546427885,0.07879901774223676,0.01719312275089964,448,0.9860557768924303
b6i_063,side_dphi,rank_reward,no_phase_only,60810,5,8,200,true_policy_vs_performance_matched_random,0.08085513666158324,0.06850426469940422,0.047511953555073094,0.03198720511795282,448,0.9860557768924303
b6i_063,side_dphi,rank_reward,no_phase_only,60810,5,8,200,true_policy_vs_within_state_shuffle,0.08085513666158324,0.013177005461381917,0.07334166385859008,0.03438624550179928,448,0.9860557768924303
b6i_063,side_dphi,rank_reward,no_phase_only,60810,5,8,200,true_policy_vs_oracle,0.08085513666158324,1.0019491603225386,-0.9579305221522877,1.0,448,0.9860557768924303
b6i_064,side_dphi,rank_reward,no_suppress,60810,5,8,200,true_policy_vs_balanced_pool_shuffle,0.13869474401452606,0.07474023744377327,0.05932977920715771,0.006397441023590564,456,0.9860557768924303
b6i_064,side_dphi,rank_reward,no_suppress,60810,5,8,200,true_policy_vs_frequency_matched_random,0.13869474401452606,-0.018000838772853925,0.14209336155324365,0.0011995201919232307,456,0.9860557768924303
b6i_064,side_dphi,rank_reward,no_suppress,60810,5,8,200,true_policy_vs_performance_matched_random,0.13869474401452606,0.08876358495170436,0.07606861251443828,0.0059976009596161535,456,0.9860557768924303
b6i_064,side_dphi,rank_reward,no_suppress,60810,5,8,200,true_policy_vs_within_state_shuffle,0.13869474401452606,0.005393571876514138,0.13265204883546597,0.001599360255897641,456,0.9860557768924303
b6i_064,side_dphi,rank_reward,no_suppress,60810,5,8,200,true_policy_vs_oracle,0.13869474401452606,1.112498704331316,-1.000423426609665,1.0,456,0.9860557768924303
b6i_065,tfc_dphi,z_reward,full,60810,5,8,200,true_policy_vs_balanced_pool_shuffle,0.2021744676103084,0.10481649469484482,0.08571841010840599,0.00039984006397441024,478,0.9860557768924303
b6i_065,tfc_dphi,z_reward,full,60810,5,8,200,true_policy_vs_frequency_matched_random,0.2021744676103084,-0.009371450144264331,0.21384082514117067,0.00039984006397441024,478,0.9860557768924303
b6i_065,tfc_dphi,z_reward,full,60810,5,8,200,true_policy_vs_performance_matched_random,0.2021744676103084,0.07793593331018617,0.11980494210402864,0.00039984006397441024,478,0.9860557768924303
b6i_065,tfc_dphi,z_reward,full,60810,5,8,200,true_policy_vs_within_state_shuffle,0.2021744676103084,0.0037217973283331946,0.20595087692761804,0.00039984006397441024,478,0.9860557768924303
b6i_065,tfc_dphi,z_reward,full,60810,5,8,200,true_policy_vs_oracle,0.2021744676103084,1.2239410650761156,-1.033261705613606,1.0,478,0.9860557768924303
b6i_066,tfc_dphi,z_reward,core_5,60810,5,8,200,true_policy_vs_balanced_pool_shuffle,0.17901019439489643,0.13892172835989566,0.033535822067505314,0.042782886845261894,461,0.9860557768924303
b6i_066,tfc_dphi,z_reward,core_5,60810,5,8,200,true_policy_vs_frequency_matched_random,0.17901019439489643,-0.007237528619877257,0.16592665416384925,0.00039984006397441024,461,0.9860557768924303
b6i_066,tfc_dphi,z_reward,core_5,60810,5,8,200,true_policy_vs_performance_matched_random,0.17901019439489643,0.11293869310355131,0.06636879894674683,0.003598560575769692,461,0.9860557768924303
b6i_066,tfc_dphi,z_reward,core_5,60810,5,8,200,true_policy_vs_within_state_shuffle,0.17901019439489643,0.02621731838802031,0.15747558416922425,0.00039984006397441024,461,0.9860557768924303
b6i_066,tfc_dphi,z_reward,core_5,60810,5,8,200,true_policy_vs_oracle,0.17901019439489643,1.0578887394678889,-0.8852095536205252,1.0,461,0.9860557768924303
b6i_067,tfc_dphi,z_reward,no_phase_only,60810,5,8,200,true_policy_vs_balanced_pool_shuffle,0.1711587062108495,0.11173425961498966,0.05236659082636306,0.0023990403838464614,467,0.9860557768924303
b6i_067,tfc_dphi,z_reward,no_phase_only,60810,5,8,200,true_policy_vs_frequency_matched_random,0.1711587062108495,-0.003956247838632624,0.16371789079112328,0.00039984006397441024,467,0.9860557768924303
b6i_067,tfc_dphi,z_reward,no_phase_only,60810,5,8,200,true_policy_vs_performance_matched_random,0.1711587062108495,0.0960208592508945,0.08551237141813334,0.00039984006397441024,467,0.9860557768924303
b6i_067,tfc_dphi,z_reward,no_phase_only,60810,5,8,200,true_policy_vs_within_state_shuffle,0.1711587062108495,0.014885503272579948,0.16025488089823972,0.00039984006397441024,467,0.9860557768924303
b6i_067,tfc_dphi,z_reward,no_phase_only,60810,5,8,200,true_policy_vs_oracle,0.1711587062108495,1.067896279433008,-0.9176773503703509,1.0,467,0.9860557768924303
b6i_068,tfc_dphi,z_reward,no_suppress,60810,5,8,200,true_policy_vs_balanced_pool_shuffle,0.19828421170731017,0.09114691656228216,0.09924057963883517,0.00039984006397441024,477,0.9860557768924303
b6i_068,tfc_dphi,z_reward,no_suppress,60810,5,8,200,true_policy_vs_frequency_matched_random,0.19828421170731017,-0.017928199466897683,0.21686276657128908,0.00039984006397441024,477,0.9860557768924303
b6i_068,tfc_dphi,z_reward,no_suppress,60810,5,8,200,true_policy_vs_performance_matched_random,0.19828421170731017,0.08991289375504907,0.11821368040188955,0.00039984006397441024,477,0.9860557768924303
b6i_068,tfc_dphi,z_reward,no_suppress,60810,5,8,200,true_policy_vs_within_state_shuffle,0.19828421170731017,0.006623422978388196,0.2011415989729251,0.00039984006397441024,477,0.9860557768924303
b6i_068,tfc_dphi,z_reward,no_suppress,60810,5,8,200,true_policy_vs_oracle,0.19828421170731017,1.2219141327632141,-1.0238487370751428,1.0,477,0.9860557768924303
b6i_069,tfc_dphi,rank_reward,full,60810,5,8,200,true_policy_vs_balanced_pool_shuffle,0.1719902523412354,0.05150042554060074,0.1017287088978991,0.00039984006397441024,475,0.9860557768924303
b6i_069,tfc_dphi,rank_reward,full,60810,5,8,200,true_policy_vs_frequency_matched_random,0.1719902523412354,-0.027420910072923636,0.19621360428370777,0.00039984006397441024,475,0.9860557768924303
b6i_069,tfc_dphi,rank_reward,full,60810,5,8,200,true_policy_vs_performance_matched_random,0.1719902523412354,0.03245064373202379,0.12125069224106931,0.00039984006397441024,475,0.9860557768924303
b6i_069,tfc_dphi,rank_reward,full,60810,5,8,200,true_policy_vs_within_state_shuffle,0.1719902523412354,0.004131784920207017,0.17222429858407473,0.00039984006397441024,475,0.9860557768924303
b6i_069,tfc_dphi,rank_reward,full,60810,5,8,200,true_policy_vs_oracle,0.1719902523412354,1.1117820538752037,-0.9578404999088207,1.0,475,0.9860557768924303
b6i_070,tfc_dphi,rank_reward,core_5,60810,5,8,200,true_policy_vs_balanced_pool_shuffle,0.1162169826168931,0.08488424774400201,0.03021107258470417,0.0739704118352659,454,0.9860557768924303
b6i_070,tfc_dphi,rank_reward,core_5,60810,5,8,200,true_policy_vs_frequency_matched_random,0.1162169826168931,-0.020463920649123564,0.11231597391702675,0.0007996801279488205,454,0.9860557768924303
b6i_070,tfc_dphi,rank_reward,core_5,60810,5,8,200,true_policy_vs_performance_matched_random,0.1162169826168931,0.07772976216006808,0.044533799651598316,0.04198320671731307,454,0.9860557768924303
b6i_070,tfc_dphi,rank_reward,core_5,60810,5,8,200,true_policy_vs_within_state_shuffle,0.1162169826168931,0.019835359739316414,0.10017435042091398,0.004398240703718513,454,0.9860557768924303
b6i_070,tfc_dphi,rank_reward,core_5,60810,5,8,200,true_policy_vs_oracle,0.1162169826168931,0.9944777980181899,-0.8921741955607827,1.0,454,0.9860557768924303
b6i_071,tfc_dphi,rank_reward,no_phase_only,60810,5,8,200,true_policy_vs_balanced_pool_shuffle,0.17273393173885015,0.09517290124471466,0.07138985187595988,0.0007996801279488205,463,0.9860557768924303
b6i_071,tfc_dphi,rank_reward,no_phase_only,60810,5,8,200,true_policy_vs_frequency_matched_random,0.17273393173885015,-0.01132363380486491,0.17158621815332542,0.00039984006397441024,463,0.9860557768924303
b6i_071,tfc_dphi,rank_reward,no_phase_only,60810,5,8,200,true_policy_vs_performance_matched_random,0.17273393173885015,0.07236848518202123,0.10817720284396307,0.00039984006397441024,463,0.9860557768924303
b6i_071,tfc_dphi,rank_reward,no_phase_only,60810,5,8,200,true_policy_vs_within_state_shuffle,0.17273393173885015,0.006635293976201208,0.1695508240315774,0.00039984006397441024,463,0.9860557768924303
b6i_071,tfc_dphi,rank_reward,no_phase_only,60810,5,8,200,true_policy_vs_oracle,0.17273393173885015,1.0019491603225386,-0.8579730670239641,1.0,463,0.9860557768924303
b6i_072,tfc_dphi,rank_reward,no_suppress,60810,5,8,200,true_policy_vs_balanced_pool_shuffle,0.1477673219159328,0.051347595004735014,0.08359077643822443,0.0023990403838464614,473,0.9860557768924303
b6i_072,tfc_dphi,rank_reward,no_suppress,60810,5,8,200,true_policy_vs_frequency_matched_random,0.1477673219159328,-0.029636392459955783,0.1744792119893359,0.00039984006397441024,473,0.9860557768924303
b6i_072,tfc_dphi,rank_reward,no_suppress,60810,5,8,200,true_policy_vs_performance_matched_random,0.1477673219159328,0.03442951095833704,0.10030825872750604,0.00039984006397441024,473,0.9860557768924303
b6i_072,tfc_dphi,rank_reward,no_suppress,60810,5,8,200,true_policy_vs_within_state_shuffle,0.1477673219159328,0.0049443795058379805,0.15090327999055078,0.00039984006397441024,473,0.9860557768924303
b6i_072,tfc_dphi,rank_reward,no_suppress,60810,5,8,200,true_policy_vs_oracle,0.1477673219159328,1.112498704331316,-0.9719839940675251,1.0,473,0.9860557768924303
b6i_073,side_phase,z_reward,full,60810,5,8,200,true_policy_vs_balanced_pool_shuffle,0.10850485997544763,0.10758662828356501,0.013300271453654465,0.14994002399040385,455,0.9860557768924303
b6i_073,side_phase,z_reward,full,60810,5,8,200,true_policy_vs_frequency_matched_random,0.10850485997544763,-0.007901946235282103,0.12820920206590045,0.00039984006397441024,455,0.9860557768924303
b6i_073,side_phase,z_reward,full,60810,5,8,200,true_policy_vs_performance_matched_random,0.10850485997544763,0.06871691888423724,0.06588886745754749,0.011595361855257898,455,0.9860557768924303
b6i_073,side_phase,z_reward,full,60810,5,8,200,true_policy_vs_within_state_shuffle,0.10850485997544763,0.0017405500395045945,0.10697466419070836,0.006397441023590564,455,0.9860557768924303
b6i_073,side_phase,z_reward,full,60810,5,8,200,true_policy_vs_oracle,0.10850485997544763,1.2239410650761156,-1.1512065196985881,1.0,455,0.9860557768924303
b6i_074,side_phase,z_reward,core_5,60810,5,8,200,true_policy_vs_balanced_pool_shuffle,0.06758119494639148,0.07844971860742278,0.014833892360499378,0.0507796881247501,444,0.9860557768924303
b6i_074,side_phase,z_reward,core_5,60810,5,8,200,true_policy_vs_frequency_matched_random,0.06758119494639148,0.006266115512966225,0.09898670066770072,0.001999200319872051,444,0.9860557768924303
b6i_074,side_phase,z_reward,core_5,60810,5,8,200,true_policy_vs_performance_matched_random,0.06758119494639148,0.05771924531238227,0.05667331660784387,0.010395841663334666,444,0.9860557768924303
b6i_074,side_phase,z_reward,core_5,60810,5,8,200,true_policy_vs_within_state_shuffle,0.06758119494639148,0.021812878883523373,0.05805927938934975,0.09076369452219113,444,0.9860557768924303
b6i_074,side_phase,z_reward,core_5,60810,5,8,200,true_policy_vs_oracle,0.06758119494639148,1.0578887394678889,-1.0039025840777158,1.0,444,0.9860557768924303
b6i_075,side_phase,z_reward,no_phase_only,60810,5,8,200,true_policy_vs_balanced_pool_shuffle,0.06758119494639148,0.07893982808787392,0.005506005661357389,0.30427828868452617,444,0.9860557768924303
b6i_075,side_phase,z_reward,no_phase_only,60810,5,8,200,true_policy_vs_frequency_matched_random,0.06758119494639148,0.006266115512966225,0.09898670066770072,0.001999200319872051,444,0.9860557768924303
b6i_075,side_phase,z_reward,no_phase_only,60810,5,8,200,true_policy_vs_performance_matched_random,0.06758119494639148,0.06734747761222344,0.04448545056032832,0.03758496601359456,444,0.9860557768924303
b6i_075,side_phase,z_reward,no_phase_only,60810,5,8,200,true_policy_vs_within_state_shuffle,0.06758119494639148,0.012833694586535029,0.0646994655301846,0.06117552978808476,444,0.9860557768924303
b6i_075,side_phase,z_reward,no_phase_only,60810,5,8,200,true_policy_vs_oracle,0.06758119494639148,1.067896279433008,-1.03206274113678,1.0,444,0.9860557768924303
b6i_076,side_phase,z_reward,no_suppress,60810,5,8,200,true_policy_vs_balanced_pool_shuffle,0.10850485997544763,0.08969685039421545,0.024176084898547272,0.09436225509796081,455,0.9860557768924303
b6i_076,side_phase,z_reward,no_suppress,60810,5,8,200,true_policy_vs_frequency_matched_random,0.10850485997544763,-0.007901946235282103,0.12820920206590045,0.00039984006397441024,455,0.9860557768924303
b6i_076,side_phase,z_reward,no_suppress,60810,5,8,200,true_policy_vs_performance_matched_random,0.10850485997544763,0.08094812596875525,0.06113236241091852,0.011195521791283487,455,0.9860557768924303
b6i_076,side_phase,z_reward,no_suppress,60810,5,8,200,true_policy_vs_within_state_shuffle,0.10850485997544763,0.014273451593062404,0.09757937080178625,0.011995201919232307,455,0.9860557768924303
b6i_076,side_phase,z_reward,no_suppress,60810,5,8,200,true_policy_vs_oracle,0.10850485997544763,1.2219141327632141,-1.1360004010174973,1.0,455,0.9860557768924303
b6i_077,side_phase,rank_reward,full,60810,5,8,200,true_policy_vs_balanced_pool_shuffle,0.10971671387507964,0.036256242543314464,0.06425011333119944,0.004398240703718513,449,0.9860557768924303
b6i_077,side_phase,rank_reward,full,60810,5,8,200,true_policy_vs_frequency_matched_random,0.10971671387507964,-0.022876503588050823,0.12393609465785808,0.0007996801279488205,449,0.9860557768924303
b6i_077,side_phase,rank_reward,full,60810,5,8,200,true_policy_vs_performance_matched_random,0.10971671387507964,0.04847439752176369,0.077769719636745,0.006397441023590564,449,0.9860557768924303
b6i_077,side_phase,rank_reward,full,60810,5,8,200,true_policy_vs_within_state_shuffle,0.10971671387507964,-0.0006950003865069993,0.11019493011060733,0.003198720511795282,449,0.9860557768924303
b6i_077,side_phase,rank_reward,full,60810,5,8,200,true_policy_vs_oracle,0.10971671387507964,1.1117820538752037,-1.040974119013527,1.0,449,0.9860557768924303
b6i_078,side_phase,rank_reward,core_5,60810,5,8,200,true_policy_vs_balanced_pool_shuffle,0.07613235703323322,0.0638533432239313,0.008867734493289264,0.21191523390643743,445,0.9860557768924303
b6i_078,side_phase,rank_reward,core_5,60810,5,8,200,true_policy_vs_frequency_matched_random,0.07613235703323322,-0.03584358657495385,0.10878509233243491,0.0007996801279488205,445,0.9860557768924303
b6i_078,side_phase,rank_reward,core_5,60810,5,8,200,true_policy_vs_performance_matched_random,0.07613235703323322,0.035462637724285435,0.058108650984265243,0.005597760895641743,445,0.9860557768924303
b6i_078,side_phase,rank_reward,core_5,60810,5,8,200,true_policy_vs_within_state_shuffle,0.07613235703323322,0.01567674740976669,0.06946806603004489,0.04918032786885246,445,0.9860557768924303
b6i_078,side_phase,rank_reward,core_5,60810,5,8,200,true_policy_vs_oracle,0.07613235703323322,0.9944777980181899,-0.9355338157921843,1.0,445,0.9860557768924303
b6i_079,side_phase,rank_reward,no_phase_only,60810,5,8,200,true_policy_vs_balanced_pool_shuffle,0.07613235703323322,0.05160845707155385,0.025397665109423456,0.037984806077568975,445,0.9860557768924303
b6i_079,side_phase,rank_reward,no_phase_only,60810,5,8,200,true_policy_vs_frequency_matched_random,0.07613235703323322,-0.03584358657495385,0.10878509233243491,0.0007996801279488205,445,0.9860557768924303
b6i_079,side_phase,rank_reward,no_phase_only,60810,5,8,200,true_policy_vs_performance_matched_random,0.07613235703323322,0.0783499264619962,0.02831329248559871,0.14274290283886445,445,0.9860557768924303
b6i_079,side_phase,rank_reward,no_phase_only,60810,5,8,200,true_policy_vs_within_state_shuffle,0.07613235703323322,0.008365073440485737,0.07486748957696,0.03198720511795282,445,0.9860557768924303
b6i_079,side_phase,rank_reward,no_phase_only,60810,5,8,200,true_policy_vs_oracle,0.07613235703323322,1.0019491603225386,-0.963636599740825,1.0,445,0.9860557768924303
b6i_080,side_phase,rank_reward,no_suppress,60810,5,8,200,true_policy_vs_balanced_pool_shuffle,0.10971671387507964,0.04536696756532266,0.06616165494650948,0.0023990403838464614,449,0.9860557768924303
b6i_080,side_phase,rank_reward,no_suppress,60810,5,8,200,true_policy_vs_frequency_matched_random,0.10971671387507964,-0.022876503588050823,0.12393609465785808,0.0007996801279488205,449,0.9860557768924303
b6i_080,side_phase,rank_reward,no_suppress,60810,5,8,200,true_policy_vs_performance_matched_random,0.10971671387507964,0.06543195154143902,0.06057153922787731,0.01599360255897641,449,0.9860557768924303
b6i_080,side_phase,rank_reward,no_suppress,60810,5,8,200,true_policy_vs_within_state_shuffle,0.10971671387507964,0.0022480080395967973,0.10577486256010826,0.005197920831667333,449,0.9860557768924303
b6i_080,side_phase,rank_reward,no_suppress,60810,5,8,200,true_policy_vs_oracle,0.10971671387507964,1.112498704331316,-1.0310560245484683,1.0,449,0.9860557768924303
b6i_081,side_lag,z_reward,full,60810,5,8,200,true_policy_vs_balanced_pool_shuffle,-0.04685532958713338,-0.02765479775332043,-0.013815225073900135,0.8220711715313874,454,0.9721115537848606
b6i_081,side_lag,z_reward,full,60810,5,8,200,true_policy_vs_frequency_matched_random,-0.04685532958713338,-0.040548686548518446,-0.011268430271592435,0.6165533786485405,454,0.9721115537848606
b6i_081,side_lag,z_reward,full,60810,5,8,200,true_policy_vs_performance_matched_random,-0.04685532958713338,-0.0020618191247963407,-0.01085560411178738,0.6401439424230307,454,0.9721115537848606
b6i_081,side_lag,z_reward,full,60810,5,8,200,true_policy_vs_within_state_shuffle,-0.04685532958713338,0.0022556567592785562,-0.04094078805919131,0.8464614154338265,454,0.9721115537848606
b6i_081,side_lag,z_reward,full,60810,5,8,200,true_policy_vs_oracle,-0.04685532958713338,1.2239410650761156,-1.293248298757165,1.0,454,0.9721115537848606
b6i_082,side_lag,z_reward,core_5,60810,5,8,200,true_policy_vs_balanced_pool_shuffle,-0.056770795295574834,-0.024513515405371795,-0.014099213903921543,0.8156737305077969,452,0.9721115537848606
b6i_082,side_lag,z_reward,core_5,60810,5,8,200,true_policy_vs_frequency_matched_random,-0.056770795295574834,-0.028894182555707828,-0.023825393399341567,0.7489004398240704,452,0.9721115537848606
b6i_082,side_lag,z_reward,core_5,60810,5,8,200,true_policy_vs_performance_matched_random,-0.056770795295574834,-0.03521927570647695,0.02239997732587679,0.16953218712514995,452,0.9721115537848606
b6i_082,side_lag,z_reward,core_5,60810,5,8,200,true_policy_vs_within_state_shuffle,-0.056770795295574834,0.014841325795291172,-0.04646337763354456,0.8728508596561375,452,0.9721115537848606
b6i_082,side_lag,z_reward,core_5,60810,5,8,200,true_policy_vs_oracle,-0.056770795295574834,1.0578887394678889,-1.1086226939744517,1.0,452,0.9721115537848606
b6i_083,side_lag,z_reward,no_phase_only,60810,5,8,200,true_policy_vs_balanced_pool_shuffle,-0.056770795295574834,-0.019327855824448837,-0.022452607769000685,0.9544182327069173,452,0.9721115537848606
b6i_083,side_lag,z_reward,no_phase_only,60810,5,8,200,true_policy_vs_frequency_matched_random,-0.056770795295574834,-0.028894182555707828,-0.023825393399341567,0.7489004398240704,452,0.9721115537848606
b6i_083,side_lag,z_reward,no_phase_only,60810,5,8,200,true_policy_vs_performance_matched_random,-0.056770795295574834,0.014802983117103881,-0.020123914343009277,0.8028788484606157,452,0.9721115537848606
b6i_083,side_lag,z_reward,no_phase_only,60810,5,8,200,true_policy_vs_within_state_shuffle,-0.056770795295574834,0.010964629703277173,-0.04906837189650254,0.8900439824070372,452,0.9721115537848606
b6i_083,side_lag,z_reward,no_phase_only,60810,5,8,200,true_policy_vs_oracle,-0.056770795295574834,1.067896279433008,-1.136087658654716,1.0,452,0.9721115537848606
b6i_084,side_lag,z_reward,no_suppress,60810,5,8,200,true_policy_vs_balanced_pool_shuffle,-0.04685532958713338,-0.03211103777890381,-0.006041423176504812,0.6369452219112355,454,0.9721115537848606
b6i_084,side_lag,z_reward,no_suppress,60810,5,8,200,true_policy_vs_frequency_matched_random,-0.04685532958713338,-0.040548686548518446,-0.011268430271592435,0.6165533786485405,454,0.9721115537848606
b6i_084,side_lag,z_reward,no_suppress,60810,5,8,200,true_policy_vs_performance_matched_random,-0.04685532958713338,0.0010262860744911404,-0.0032205786511497634,0.552578968412635,454,0.9721115537848606
b6i_084,side_lag,z_reward,no_suppress,60810,5,8,200,true_policy_vs_within_state_shuffle,-0.04685532958713338,0.006634217130472789,-0.044077528598815204,0.8604558176729308,454,0.9721115537848606
b6i_084,side_lag,z_reward,no_suppress,60810,5,8,200,true_policy_vs_oracle,-0.04685532958713338,1.2219141327632141,-1.2803026447153727,1.0,454,0.9721115537848606
b6i_085,side_lag,rank_reward,full,60810,5,8,200,true_policy_vs_balanced_pool_shuffle,0.006712980619793196,-0.03279989835763755,0.027532884932127608,0.13914434226309477,454,0.9721115537848606
b6i_085,side_lag,rank_reward,full,60810,5,8,200,true_policy_vs_frequency_matched_random,0.006712980619793196,-0.04527373338770267,0.038961884123732214,0.16553378648540584,454,0.9721115537848606
b6i_085,side_lag,rank_reward,full,60810,5,8,200,true_policy_vs_performance_matched_random,0.006712980619793196,-0.018778398660916587,0.03567498475698819,0.12435025989604158,454,0.9721115537848606
b6i_085,side_lag,rank_reward,full,60810,5,8,200,true_policy_vs_within_state_shuffle,0.006712980619793196,-0.002149497421401839,0.009584154834864498,0.3978408636545382,454,0.9721115537848606
b6i_085,side_lag,rank_reward,full,60810,5,8,200,true_policy_vs_oracle,0.006712980619793196,1.1117820538752037,-1.142581620279852,1.0,454,0.9721115537848606
b6i_086,side_lag,rank_reward,core_5,60810,5,8,200,true_policy_vs_balanced_pool_shuffle,-0.03155702113360197,-0.015433814096865487,0.0036960497889309695,0.41583366653338666,448,0.9721115537848606
b6i_086,side_lag,rank_reward,core_5,60810,5,8,200,true_policy_vs_frequency_matched_random,-0.03155702113360197,-0.02736323272938077,0.009808769143763952,0.4058376649340264,448,0.9721115537848606
b6i_086,side_lag,rank_reward,core_5,60810,5,8,200,true_policy_vs_performance_matched_random,-0.03155702113360197,-0.02707944124475916,0.024830208246676564,0.15273890443822472,448,0.9721115537848606
b6i_086,side_lag,rank_reward,core_5,60810,5,8,200,true_policy_vs_within_state_shuffle,-0.03155702113360197,0.007470926132814438,-0.02121737190728901,0.7165133946421431,448,0.9721115537848606
b6i_086,side_lag,rank_reward,core_5,60810,5,8,200,true_policy_vs_oracle,-0.03155702113360197,0.9944777980181899,-1.0392436424458258,1.0,448,0.9721115537848606
b6i_087,side_lag,rank_reward,no_phase_only,60810,5,8,200,true_policy_vs_balanced_pool_shuffle,-0.03155702113360197,-0.04257059504894021,0.025194939035128715,0.06877249100359856,448,0.9721115537848606
b6i_087,side_lag,rank_reward,no_phase_only,60810,5,8,200,true_policy_vs_frequency_matched_random,-0.03155702113360197,-0.02736323272938077,0.009808769143763952,0.4058376649340264,448,0.9721115537848606
b6i_087,side_lag,rank_reward,no_phase_only,60810,5,8,200,true_policy_vs_performance_matched_random,-0.03155702113360197,0.0015268592782423551,-0.002784065090692412,0.5577768892443022,448,0.9721115537848606
b6i_087,side_lag,rank_reward,no_phase_only,60810,5,8,200,true_policy_vs_within_state_shuffle,-0.03155702113360197,0.008559490178392363,-0.028110143433464244,0.7784886045581767,448,0.9721115537848606
b6i_087,side_lag,rank_reward,no_phase_only,60810,5,8,200,true_policy_vs_oracle,-0.03155702113360197,1.0019491603225386,-1.0640496002308653,1.0,448,0.9721115537848606
b6i_088,side_lag,rank_reward,no_suppress,60810,5,8,200,true_policy_vs_balanced_pool_shuffle,0.006712980619793196,-0.02918646310501776,0.021098313721526492,0.1767293082766893,454,0.9721115537848606
b6i_088,side_lag,rank_reward,no_suppress,60810,5,8,200,true_policy_vs_frequency_matched_random,0.006712980619793196,-0.04527373338770267,0.038961884123732214,0.16553378648540584,454,0.9721115537848606
b6i_088,side_lag,rank_reward,no_suppress,60810,5,8,200,true_policy_vs_performance_matched_random,0.006712980619793196,-0.016763916134350614,0.04086859918054279,0.07556977209116353,454,0.9721115537848606
b6i_088,side_lag,rank_reward,no_suppress,60810,5,8,200,true_policy_vs_within_state_shuffle,0.006712980619793196,0.005308569560539627,-0.00045287574256421584,0.5001999200319872,454,0.9721115537848606
b6i_088,side_lag,rank_reward,no_suppress,60810,5,8,200,true_policy_vs_oracle,0.006712980619793196,1.112498704331316,-1.1339331547712872,1.0,454,0.9721115537848606
b6i_089,side_strength,z_reward,full,60810,5,8,200,true_policy_vs_balanced_pool_shuffle,0.12552932916134224,0.05326385450430032,0.07068697270836431,0.0011995201919232307,457,0.9860557768924303
b6i_089,side_strength,z_reward,full,60810,5,8,200,true_policy_vs_frequency_matched_random,0.12552932916134224,-0.02377028253086584,0.1363647984854624,0.00039984006397441024,457,0.9860557768924303
b6i_089,side_strength,z_reward,full,60810,5,8,200,true_policy_vs_performance_matched_random,0.12552932916134224,0.08457490223124252,0.08014309214791071,0.006397441023590564,457,0.9860557768924303
b6i_089,side_strength,z_reward,full,60810,5,8,200,true_policy_vs_within_state_shuffle,0.12552932916134224,0.006253591245299446,0.12879231333608532,0.0007996801279488205,457,0.9860557768924303
b6i_089,side_strength,z_reward,full,60810,5,8,200,true_policy_vs_oracle,0.12552932916134224,1.2239410650761156,-1.119549598994128,1.0,457,0.9860557768924303
b6i_090,side_strength,z_reward,core_5,60810,5,8,200,true_policy_vs_balanced_pool_shuffle,0.1023159038879817,0.10126754610451663,0.012975578867161388,0.25589764094362255,448,0.9860557768924303
b6i_090,side_strength,z_reward,core_5,60810,5,8,200,true_policy_vs_frequency_matched_random,0.1023159038879817,-0.012344572451615268,0.11397564399838025,0.0011995201919232307,448,0.9860557768924303
b6i_090,side_strength,z_reward,core_5,60810,5,8,200,true_policy_vs_performance_matched_random,0.1023159038879817,0.08574962908384316,0.047918553565030206,0.01879248300679728,448,0.9860557768924303
b6i_090,side_strength,z_reward,core_5,60810,5,8,200,true_policy_vs_within_state_shuffle,0.1023159038879817,0.023439530440331993,0.09786219212097455,0.0059976009596161535,448,0.9860557768924303
b6i_090,side_strength,z_reward,core_5,60810,5,8,200,true_policy_vs_oracle,0.1023159038879817,1.0578887394678889,-0.9575677356965225,1.0,448,0.9860557768924303
b6i_091,side_strength,z_reward,no_phase_only,60810,5,8,200,true_policy_vs_balanced_pool_shuffle,0.1023159038879817,0.08196695509917254,0.02357354098207984,0.10195921631347461,448,0.9860557768924303
b6i_091,side_strength,z_reward,no_phase_only,60810,5,8,200,true_policy_vs_frequency_matched_random,0.1023159038879817,-0.012344572451615268,0.11397564399838025,0.0011995201919232307,448,0.9860557768924303
b6i_091,side_strength,z_reward,no_phase_only,60810,5,8,200,true_policy_vs_performance_matched_random,0.1023159038879817,0.08292510774261708,0.051737100293018576,0.015593762495002,448,0.9860557768924303
b6i_091,side_strength,z_reward,no_phase_only,60810,5,8,200,true_policy_vs_within_state_shuffle,0.1023159038879817,0.013029402817770552,0.10435331971522308,0.004398240703718513,448,0.9860557768924303
b6i_091,side_strength,z_reward,no_phase_only,60810,5,8,200,true_policy_vs_oracle,0.1023159038879817,1.067896279433008,-0.9883927638719393,1.0,448,0.9860557768924303
b6i_092,side_strength,z_reward,no_suppress,60810,5,8,200,true_policy_vs_balanced_pool_shuffle,0.12552932916134224,0.06685058671173494,0.051401905316243175,0.021191523390643743,457,0.9860557768924303
b6i_092,side_strength,z_reward,no_suppress,60810,5,8,200,true_policy_vs_frequency_matched_random,0.12552932916134224,-0.02377028253086584,0.1363647984854624,0.00039984006397441024,457,0.9860557768924303
b6i_092,side_strength,z_reward,no_suppress,60810,5,8,200,true_policy_vs_performance_matched_random,0.12552932916134224,0.08501090911644867,0.06893580243653794,0.009596161535385846,457,0.9860557768924303
b6i_092,side_strength,z_reward,no_suppress,60810,5,8,200,true_policy_vs_within_state_shuffle,0.12552932916134224,0.0007031698054886142,0.1381878728013716,0.0007996801279488205,457,0.9860557768924303
b6i_092,side_strength,z_reward,no_suppress,60810,5,8,200,true_policy_vs_oracle,0.12552932916134224,1.2219141327632141,-1.101120843208584,1.0,457,0.9860557768924303
b6i_093,side_strength,rank_reward,full,60810,5,8,200,true_policy_vs_balanced_pool_shuffle,0.13183450314694242,0.015404576594604875,0.11150258820904264,0.00039984006397441024,457,0.9860557768924303
b6i_093,side_strength,rank_reward,full,60810,5,8,200,true_policy_vs_frequency_matched_random,0.13183450314694242,-0.015365454719592036,0.13457489933196606,0.0007996801279488205,457,0.9860557768924303
b6i_093,side_strength,rank_reward,full,60810,5,8,200,true_policy_vs_performance_matched_random,0.13183450314694242,0.04545554016404278,0.11980671645902391,0.00039984006397441024,457,0.9860557768924303
b6i_093,side_strength,rank_reward,full,60810,5,8,200,true_policy_vs_within_state_shuffle,0.13183450314694242,0.00597426525466287,0.1359330770436963,0.00039984006397441024,457,0.9860557768924303
b6i_093,side_strength,rank_reward,full,60810,5,8,200,true_policy_vs_oracle,0.13183450314694242,1.1117820538752037,-1.0026026274055124,1.0,457,0.9860557768924303
b6i_094,side_strength,rank_reward,core_5,60810,5,8,200,true_policy_vs_balanced_pool_shuffle,0.10853164099675164,0.08869959589465914,0.025852962821730274,0.11875249900039984,448,0.9860557768924303
b6i_094,side_strength,rank_reward,core_5,60810,5,8,200,true_policy_vs_frequency_matched_random,0.10853164099675164,-0.0019516889762142074,0.11387340748928973,0.0023990403838464614,448,0.9860557768924303
b6i_094,side_strength,rank_reward,core_5,60810,5,8,200,true_policy_vs_performance_matched_random,0.10853164099675164,0.07090922998713674,0.052999147292636085,0.020791683326669332,448,0.9860557768924303
b6i_094,side_strength,rank_reward,core_5,60810,5,8,200,true_policy_vs_within_state_shuffle,0.10853164099675164,0.014391289575708297,0.11271969700996573,0.0027988804478208716,448,0.9860557768924303
b6i_094,side_strength,rank_reward,core_5,60810,5,8,200,true_policy_vs_oracle,0.10853164099675164,0.9944777980181899,-0.8919244041257098,1.0,448,0.9860557768924303
b6i_095,side_strength,rank_reward,no_phase_only,60810,5,8,200,true_policy_vs_balanced_pool_shuffle,0.10853164099675164,0.08946559580875418,0.03437181421033153,0.03638544582167133,448,0.9860557768924303
b6i_095,side_strength,rank_reward,no_phase_only,60810,5,8,200,true_policy_vs_frequency_matched_random,0.10853164099675164,-0.0019516889762142074,0.11387340748928973,0.0023990403838464614,448,0.9860557768924303
b6i_095,side_strength,rank_reward,no_phase_only,60810,5,8,200,true_policy_vs_performance_matched_random,0.10853164099675164,0.09942942916315367,0.04486151921763071,0.03958416633346661,448,0.9860557768924303
b6i_095,side_strength,rank_reward,no_phase_only,60810,5,8,200,true_policy_vs_within_state_shuffle,0.10853164099675164,0.012908513202655333,0.1094942076406389,0.003198720511795282,448,0.9860557768924303
b6i_095,side_strength,rank_reward,no_phase_only,60810,5,8,200,true_policy_vs_oracle,0.10853164099675164,1.0019491603225386,-0.9213758925686287,1.0,448,0.9860557768924303
b6i_096,side_strength,rank_reward,no_suppress,60810,5,8,200,true_policy_vs_balanced_pool_shuffle,0.13183450314694242,0.08161970944043705,0.05506073287469424,0.005197920831667333,457,0.9860557768924303
b6i_096,side_strength,rank_reward,no_suppress,60810,5,8,200,true_policy_vs_frequency_matched_random,0.13183450314694242,-0.015365454719592036,0.13457489933196606,0.0007996801279488205,457,0.9860557768924303
b6i_096,side_strength,rank_reward,no_suppress,60810,5,8,200,true_policy_vs_performance_matched_random,0.13183450314694242,0.06714616250291022,0.09490133980198814,0.0011995201919232307,457,0.9860557768924303
b6i_096,side_strength,rank_reward,no_suppress,60810,5,8,200,true_policy_vs_within_state_shuffle,0.13183450314694242,0.010189730951394345,0.13449290142937767,0.0007996801279488205,457,0.9860557768924303
b6i_096,side_strength,rank_reward,no_suppress,60810,5,8,200,true_policy_vs_oracle,0.13183450314694242,1.112498704331316,-0.9872782559644736,1.0,457,0.9860557768924303
b6i_097,tfc_phase,z_reward,full,60810,5,8,200,true_policy_vs_balanced_pool_shuffle,0.136671977524149,0.07561981480250218,0.054692821851858725,0.003998400639744102,483,0.9860557768924303
b6i_097,tfc_phase,z_reward,full,60810,5,8,200,true_policy_vs_frequency_matched_random,0.136671977524149,-0.0067391169150556865,0.14640597864439264,0.00039984006397441024,483,0.9860557768924303
b6i_097,tfc_phase,z_reward,full,60810,5,8,200,true_policy_vs_performance_matched_random,0.136671977524149,0.05335906822628669,0.07596308836994578,0.0011995201919232307,483,0.9860557768924303
b6i_097,tfc_phase,z_reward,full,60810,5,8,200,true_policy_vs_within_state_shuffle,0.136671977524149,0.012601873543554774,0.12476439991488128,0.00039984006397441024,483,0.9860557768924303
b6i_097,tfc_phase,z_reward,full,60810,5,8,200,true_policy_vs_oracle,0.136671977524149,1.2239410650761156,-1.1103597378911427,1.0,483,0.9860557768924303
b6i_098,tfc_phase,z_reward,core_5,60810,5,8,200,true_policy_vs_balanced_pool_shuffle,0.0816072399671855,0.09691407862457795,5.578520492872673e-05,0.5041983206717313,461,0.9860557768924303
b6i_098,tfc_phase,z_reward,core_5,60810,5,8,200,true_policy_vs_frequency_matched_random,0.0816072399671855,-0.005742931513773238,0.0937960023340963,0.0023990403838464614,461,0.9860557768924303
b6i_098,tfc_phase,z_reward,core_5,60810,5,8,200,true_policy_vs_performance_matched_random,0.0816072399671855,0.09192062749222854,0.006915542085482016,0.3590563774490204,461,0.9860557768924303
b6i_098,tfc_phase,z_reward,core_5,60810,5,8,200,true_policy_vs_within_state_shuffle,0.0816072399671855,0.02161922018961761,0.06745780849229277,0.029188324670131948,461,0.9860557768924303
b6i_098,tfc_phase,z_reward,core_5,60810,5,8,200,true_policy_vs_oracle,0.0816072399671855,1.0578887394678889,-0.979773921718127,1.0,461,0.9860557768924303
b6i_099,tfc_phase,z_reward,no_phase_only,60810,5,8,200,true_policy_vs_balanced_pool_shuffle,0.1755499773063361,0.0934151289089194,0.0790324620502208,0.00039984006397441024,476,0.9860557768924303
b6i_099,tfc_phase,z_reward,no_phase_only,60810,5,8,200,true_policy_vs_frequency_matched_random,0.1755499773063361,0.006515993330433594,0.17132441084228692,0.00039984006397441024,476,0.9860557768924303
b6i_099,tfc_phase,z_reward,no_phase_only,60810,5,8,200,true_policy_vs_performance_matched_random,0.1755499773063361,0.06554571124531448,0.10760447007509305,0.00039984006397441024,476,0.9860557768924303
b6i_099,tfc_phase,z_reward,no_phase_only,60810,5,8,200,true_policy_vs_within_state_shuffle,0.1755499773063361,0.014614368020563219,0.16251401123752587,0.00039984006397441024,476,0.9860557768924303
b6i_099,tfc_phase,z_reward,no_phase_only,60810,5,8,200,true_policy_vs_oracle,0.1755499773063361,1.067896279433008,-0.9151776561334088,1.0,476,0.9860557768924303
b6i_100,tfc_phase,z_reward,no_suppress,60810,5,8,200,true_policy_vs_balanced_pool_shuffle,0.14328128955751282,0.07259225806340262,0.07041827598538461,0.00039984006397441024,482,0.9860557768924303
b6i_100,tfc_phase,z_reward,no_suppress,60810,5,8,200,true_policy_vs_frequency_matched_random,0.14328128955751282,-0.013303592327215391,0.16117052669821078,0.00039984006397441024,482,0.9860557768924303
b6i_100,tfc_phase,z_reward,no_suppress,60810,5,8,200,true_policy_vs_performance_matched_random,0.14328128955751282,0.038026875765099194,0.10548564516353892,0.00039984006397441024,482,0.9860557768924303
b6i_100,tfc_phase,z_reward,no_suppress,60810,5,8,200,true_policy_vs_within_state_shuffle,0.14328128955751282,0.009847143945567684,0.13759749779539643,0.00039984006397441024,482,0.9860557768924303
b6i_100,tfc_phase,z_reward,no_suppress,60810,5,8,200,true_policy_vs_oracle,0.14328128955751282,1.2219141327632141,-1.0834386444508866,1.0,482,0.9860557768924303
b6i_101,tfc_phase,rank_reward,full,60810,5,8,200,true_policy_vs_balanced_pool_shuffle,0.1891046519848578,0.06969525128677252,0.10161978420170287,0.00039984006397441024,474,0.9860557768924303
b6i_101,tfc_phase,rank_reward,full,60810,5,8,200,true_policy_vs_frequency_matched_random,0.1891046519848578,-0.01929265261499549,0.2084098175674686,0.00039984006397441024,474,0.9860557768924303
b6i_101,tfc_phase,rank_reward,full,60810,5,8,200,true_policy_vs_performance_matched_random,0.1891046519848578,0.031358648020248674,0.1432927361494652,0.00039984006397441024,474,0.9860557768924303
b6i_101,tfc_phase,rank_reward,full,60810,5,8,200,true_policy_vs_within_state_shuffle,0.1891046519848578,0.003794276988374248,0.18632488331672598,0.00039984006397441024,474,0.9860557768924303
b6i_101,tfc_phase,rank_reward,full,60810,5,8,200,true_policy_vs_oracle,0.1891046519848578,1.1117820538752037,-0.9465418401518965,1.0,474,0.9860557768924303
b6i_102,tfc_phase,rank_reward,core_5,60810,5,8,200,true_policy_vs_balanced_pool_shuffle,0.08085502356561168,0.08689593533902505,-0.0026126141146524317,0.5693722510995601,458,0.9860557768924303
b6i_102,tfc_phase,rank_reward,core_5,60810,5,8,200,true_policy_vs_frequency_matched_random,0.08085502356561168,-0.04603649774033149,0.1355909069284956,0.00039984006397441024,458,0.9860557768924303
b6i_102,tfc_phase,rank_reward,core_5,60810,5,8,200,true_policy_vs_performance_matched_random,0.08085502356561168,0.06954896598149649,0.018164177793197785,0.18032786885245902,458,0.9860557768924303
b6i_102,tfc_phase,rank_reward,core_5,60810,5,8,200,true_policy_vs_within_state_shuffle,0.08085502356561168,0.014973948007817353,0.07347572128472736,0.015593762495002,458,0.9860557768924303
b6i_102,tfc_phase,rank_reward,core_5,60810,5,8,200,true_policy_vs_oracle,0.08085502356561168,0.9944777980181899,-0.9221035833565998,1.0,458,0.9860557768924303
b6i_103,tfc_phase,rank_reward,no_phase_only,60810,5,8,200,true_policy_vs_balanced_pool_shuffle,0.1649104981008499,0.08013673141811542,0.09366372890208148,0.00039984006397441024,474,0.9860557768924303
b6i_103,tfc_phase,rank_reward,no_phase_only,60810,5,8,200,true_policy_vs_frequency_matched_random,0.1649104981008499,-0.0176225621702135,0.18500125139155166,0.00039984006397441024,474,0.9860557768924303
b6i_103,tfc_phase,rank_reward,no_phase_only,60810,5,8,200,true_policy_vs_performance_matched_random,0.1649104981008499,0.045139467678196564,0.12976850098820028,0.00039984006397441024,474,0.9860557768924303
b6i_103,tfc_phase,rank_reward,no_phase_only,60810,5,8,200,true_policy_vs_within_state_shuffle,0.1649104981008499,0.01462828679578344,0.1527333421366178,0.00039984006397441024,474,0.9860557768924303
b6i_103,tfc_phase,rank_reward,no_phase_only,60810,5,8,200,true_policy_vs_oracle,0.1649104981008499,1.0019491603225386,-0.8626516564874739,1.0,474,0.9860557768924303
b6i_104,tfc_phase,rank_reward,no_suppress,60810,5,8,200,true_policy_vs_balanced_pool_shuffle,0.207678603547625,0.10594162995264526,0.08417883920541286,0.00039984006397441024,472,0.9860557768924303
b6i_104,tfc_phase,rank_reward,no_suppress,60810,5,8,200,true_policy_vs_frequency_matched_random,0.207678603547625,-0.025737600993101496,0.23206504416893392,0.00039984006397441024,472,0.9860557768924303
b6i_104,tfc_phase,rank_reward,no_suppress,60810,5,8,200,true_policy_vs_performance_matched_random,0.207678603547625,0.05843465467281418,0.13329622042693312,0.00039984006397441024,472,0.9860557768924303
b6i_104,tfc_phase,rank_reward,no_suppress,60810,5,8,200,true_policy_vs_within_state_shuffle,0.207678603547625,0.012682881390888846,0.19839271994424945,0.00039984006397441024,472,0.9860557768924303
b6i_104,tfc_phase,rank_reward,no_suppress,60810,5,8,200,true_policy_vs_oracle,0.207678603547625,1.112498704331316,-0.9199913958089356,1.0,472,0.9860557768924303
b6i_105,tfc_lag,z_reward,full,60810,5,8,200,true_policy_vs_balanced_pool_shuffle,0.07571491937065768,0.034754303593515584,0.04031353689197657,0.04638144742103159,469,0.9482071713147411
b6i_105,tfc_lag,z_reward,full,60810,5,8,200,true_policy_vs_frequency_matched_random,0.07571491937065768,-0.021575362977458063,0.09260298404451908,0.006397441023590564,469,0.9482071713147411
b6i_105,tfc_lag,z_reward,full,60810,5,8,200,true_policy_vs_performance_matched_random,0.07571491937065768,0.01147492281587598,0.06665183077289012,0.009596161535385846,469,0.9482071713147411
b6i_105,tfc_lag,z_reward,full,60810,5,8,200,true_policy_vs_within_state_shuffle,0.07571491937065768,-0.0027679107009405215,0.08010555757832517,0.015193922431027589,469,0.9482071713147411
b6i_105,tfc_lag,z_reward,full,60810,5,8,200,true_policy_vs_oracle,0.07571491937065768,1.2239410650761156,-1.175492975424523,1.0,469,0.9482071713147411
b6i_106,tfc_lag,z_reward,core_5,60810,5,8,200,true_policy_vs_balanced_pool_shuffle,0.07217087920699568,0.08237141821197526,-0.0025067107929720093,0.5193922431027589,461,0.9482071713147411
b6i_106,tfc_lag,z_reward,core_5,60810,5,8,200,true_policy_vs_frequency_matched_random,0.07217087920699568,-0.004416559009647123,0.07093021472975153,0.025189924030387844,461,0.9482071713147411
b6i_106,tfc_lag,z_reward,core_5,60810,5,8,200,true_policy_vs_performance_matched_random,0.07217087920699568,0.07689969411439723,0.0049167428154039405,0.40903638544582166,461,0.9482071713147411
b6i_106,tfc_lag,z_reward,core_5,60810,5,8,200,true_policy_vs_within_state_shuffle,0.07217087920699568,0.015546416241516262,0.06063652770572335,0.04558176729308277,461,0.9482071713147411
b6i_106,tfc_lag,z_reward,core_5,60810,5,8,200,true_policy_vs_oracle,0.07217087920699568,1.0578887394678889,-0.9936304147360204,1.0,461,0.9482071713147411
b6i_107,tfc_lag,z_reward,no_phase_only,60810,5,8,200,true_policy_vs_balanced_pool_shuffle,0.07035651291645229,0.01542059919004322,0.04965631093037976,0.009596161535385846,461,0.9482071713147411
b6i_107,tfc_lag,z_reward,no_phase_only,60810,5,8,200,true_policy_vs_frequency_matched_random,0.07035651291645229,-0.007039898083726864,0.0688707376556025,0.024790083966413436,461,0.9482071713147411
b6i_107,tfc_lag,z_reward,no_phase_only,60810,5,8,200,true_policy_vs_performance_matched_random,0.07035651291645229,0.006219888531019241,0.06140536571854054,0.004398240703718513,461,0.9482071713147411
b6i_107,tfc_lag,z_reward,no_phase_only,60810,5,8,200,true_policy_vs_within_state_shuffle,0.07035651291645229,0.010531037371894317,0.06419698969376392,0.03318672530987605,461,0.9482071713147411
b6i_107,tfc_lag,z_reward,no_phase_only,60810,5,8,200,true_policy_vs_oracle,0.07035651291645229,1.067896279433008,-1.02351046014304,1.0,461,0.9482071713147411
b6i_108,tfc_lag,z_reward,no_suppress,60810,5,8,200,true_policy_vs_balanced_pool_shuffle,0.06518926944547833,0.007907345072965841,0.047610666981047024,0.01679328268692523,469,0.9482071713147411
b6i_108,tfc_lag,z_reward,no_suppress,60810,5,8,200,true_policy_vs_frequency_matched_random,0.06518926944547833,-0.020367131912745064,0.08128013512478374,0.01479408236705318,469,0.9482071713147411
b6i_108,tfc_lag,z_reward,no_suppress,60810,5,8,200,true_policy_vs_performance_matched_random,0.06518926944547833,-0.013350489192229033,0.07198838189219059,0.0027988804478208716,469,0.9482071713147411
b6i_108,tfc_lag,z_reward,no_suppress,60810,5,8,200,true_policy_vs_within_state_shuffle,0.06518926944547833,-0.0004713888940562571,0.06754596163732313,0.0351859256297481,469,0.9482071713147411
b6i_108,tfc_lag,z_reward,no_suppress,60810,5,8,200,true_policy_vs_oracle,0.06518926944547833,1.2219141327632141,-1.1710660516309062,1.0,469,0.9482071713147411
b6i_109,tfc_lag,rank_reward,full,60810,5,8,200,true_policy_vs_balanced_pool_shuffle,0.11365029671405989,0.04175466367160043,0.06075046853121041,0.011995201919232307,475,0.9482071713147411
b6i_109,tfc_lag,rank_reward,full,60810,5,8,200,true_policy_vs_frequency_matched_random,0.11365029671405989,-0.02254356700642285,0.12942458515150987,0.00039984006397441024,475,0.9482071713147411
b6i_109,tfc_lag,rank_reward,full,60810,5,8,200,true_policy_vs_performance_matched_random,0.11365029671405989,-0.0032523017308893143,0.10729007365991819,0.00039984006397441024,475,0.9482071713147411
b6i_109,tfc_lag,rank_reward,full,60810,5,8,200,true_policy_vs_within_state_shuffle,0.11365029671405989,-0.004111406440026039,0.11785380408526748,0.0011995201919232307,475,0.9482071713147411
b6i_109,tfc_lag,rank_reward,full,60810,5,8,200,true_policy_vs_oracle,0.11365029671405989,1.1117820538752037,-1.0194918878800259,1.0,475,0.9482071713147411
b6i_110,tfc_lag,rank_reward,core_5,60810,5,8,200,true_policy_vs_balanced_pool_shuffle,0.10050752088948228,0.08917927745562627,0.02166816714605687,0.09236305477808876,461,0.9482071713147411
b6i_110,tfc_lag,rank_reward,core_5,60810,5,8,200,true_policy_vs_frequency_matched_random,0.10050752088948228,-0.016767141416492944,0.10298507662572794,0.001599360255897641,461,0.9482071713147411
b6i_110,tfc_lag,rank_reward,core_5,60810,5,8,200,true_policy_vs_performance_matched_random,0.10050752088948228,0.06450370962895358,0.050077660701053524,0.011995201919232307,461,0.9482071713147411
b6i_110,tfc_lag,rank_reward,core_5,60810,5,8,200,true_policy_vs_within_state_shuffle,0.10050752088948228,0.0068620399114225645,0.09416726307632398,0.003598560575769692,461,0.9482071713147411
b6i_110,tfc_lag,rank_reward,core_5,60810,5,8,200,true_policy_vs_oracle,0.10050752088948228,0.9944777980181899,-0.9080399898750203,1.0,461,0.9482071713147411
b6i_111,tfc_lag,rank_reward,no_phase_only,60810,5,8,200,true_policy_vs_balanced_pool_shuffle,0.10007046257956403,0.10038412285403385,0.018736546314236876,0.16993202718912434,461,0.9482071713147411
b6i_111,tfc_lag,rank_reward,no_phase_only,60810,5,8,200,true_policy_vs_frequency_matched_random,0.10007046257956403,-0.012830880169051284,0.10196425814555651,0.003598560575769692,461,0.9482071713147411
b6i_111,tfc_lag,rank_reward,no_phase_only,60810,5,8,200,true_policy_vs_performance_matched_random,0.10007046257956403,0.05510955836991269,0.06511716152982712,0.004398240703718513,461,0.9482071713147411
b6i_111,tfc_lag,rank_reward,no_phase_only,60810,5,8,200,true_policy_vs_within_state_shuffle,0.10007046257956403,0.006025731276836144,0.09716503834062967,0.003198720511795282,461,0.9482071713147411
b6i_111,tfc_lag,rank_reward,no_phase_only,60810,5,8,200,true_policy_vs_oracle,0.10007046257956403,1.0019491603225386,-0.933609736062864,1.0,461,0.9482071713147411
b6i_112,tfc_lag,rank_reward,no_suppress,60810,5,8,200,true_policy_vs_balanced_pool_shuffle,0.1113309685482413,0.06927943115970576,0.03203826001024245,0.09436225509796081,475,0.9482071713147411
b6i_112,tfc_lag,rank_reward,no_suppress,60810,5,8,200,true_policy_vs_frequency_matched_random,0.1113309685482413,-0.018367969789135456,0.1230694816645971,0.00039984006397441024,475,0.9482071713147411
b6i_112,tfc_lag,rank_reward,no_suppress,60810,5,8,200,true_policy_vs_performance_matched_random,0.1113309685482413,0.040718023803880864,0.061561735824368836,0.012794882047181128,475,0.9482071713147411
b6i_112,tfc_lag,rank_reward,no_suppress,60810,5,8,200,true_policy_vs_within_state_shuffle,0.1113309685482413,0.003245176968685926,0.10854082771398271,0.001999200319872051,475,0.9482071713147411
b6i_112,tfc_lag,rank_reward,no_suppress,60810,5,8,200,true_policy_vs_oracle,0.1113309685482413,1.112498704331316,-1.0109469069219812,1.0,475,0.9482071713147411
b6i_113,tfc_strength,z_reward,full,60810,5,8,200,true_policy_vs_balanced_pool_shuffle,0.0893567310303467,0.06378084273319223,0.025813141589949653,0.11035585765693723,471,0.9860557768924303
b6i_113,tfc_strength,z_reward,full,60810,5,8,200,true_policy_vs_frequency_matched_random,0.0893567310303467,-0.03585475225047454,0.11718030435016176,0.00039984006397441024,471,0.9860557768924303
b6i_113,tfc_strength,z_reward,full,60810,5,8,200,true_policy_vs_performance_matched_random,0.0893567310303467,0.03868821467601948,0.06740632669024157,0.009996001599360257,471,0.9860557768924303
b6i_113,tfc_strength,z_reward,full,60810,5,8,200,true_policy_vs_within_state_shuffle,0.0893567310303467,0.004904798747653271,0.08552865592587659,0.0059976009596161535,471,0.9860557768924303
b6i_113,tfc_strength,z_reward,full,60810,5,8,200,true_policy_vs_oracle,0.0893567310303467,1.2239410650761156,-1.1573208845516816,1.0,471,0.9860557768924303
b6i_114,tfc_strength,z_reward,core_5,60810,5,8,200,true_policy_vs_balanced_pool_shuffle,0.009491922028781543,0.049458837800433975,-0.031387136099117585,0.9916033586565374,458,0.9860557768924303
b6i_114,tfc_strength,z_reward,core_5,60810,5,8,200,true_policy_vs_frequency_matched_random,0.009491922028781543,-0.02132865005863363,0.026466041977601454,0.20431827269092362,458,0.9860557768924303
b6i_114,tfc_strength,z_reward,core_5,60810,5,8,200,true_policy_vs_performance_matched_random,0.009491922028781543,0.025039437017527564,-0.011366557396357628,0.7069172331067572,458,0.9860557768924303
b6i_114,tfc_strength,z_reward,core_5,60810,5,8,200,true_policy_vs_within_state_shuffle,0.009491922028781543,0.019229457229576547,0.0026650335059661837,0.45501799280287886,458,0.9860557768924303
b6i_114,tfc_strength,z_reward,core_5,60810,5,8,200,true_policy_vs_oracle,0.009491922028781543,1.0578887394678889,-1.0460737921745227,1.0,458,0.9860557768924303
b6i_115,tfc_strength,z_reward,no_phase_only,60810,5,8,200,true_policy_vs_balanced_pool_shuffle,0.06204405307272236,0.033642855816558716,0.03667393373202609,0.031187524990004,465,0.9860557768924303
b6i_115,tfc_strength,z_reward,no_phase_only,60810,5,8,200,true_policy_vs_frequency_matched_random,0.06204405307272236,-0.026046498021612536,0.08206902442364854,0.005597760895641743,465,0.9860557768924303
b6i_115,tfc_strength,z_reward,no_phase_only,60810,5,8,200,true_policy_vs_performance_matched_random,0.06204405307272236,0.013409457222538883,0.07149563344275918,0.00039984006397441024,465,0.9860557768924303
b6i_115,tfc_strength,z_reward,no_phase_only,60810,5,8,200,true_policy_vs_within_state_shuffle,0.06204405307272236,0.014247204969096487,0.05419411803779156,0.05237904838064774,465,0.9860557768924303
b6i_115,tfc_strength,z_reward,no_phase_only,60810,5,8,200,true_policy_vs_oracle,0.06204405307272236,1.067896279433008,-1.0241089906942333,1.0,465,0.9860557768924303
b6i_116,tfc_strength,z_reward,no_suppress,60810,5,8,200,true_policy_vs_balanced_pool_shuffle,0.07328044327978442,0.046599158863956824,0.02373310054934173,0.14674130347860856,470,0.9860557768924303
b6i_116,tfc_strength,z_reward,no_suppress,60810,5,8,200,true_policy_vs_frequency_matched_random,0.07328044327978442,-0.03595038041604744,0.09949712611951252,0.001999200319872051,470,0.9860557768924303
b6i_116,tfc_strength,z_reward,no_suppress,60810,5,8,200,true_policy_vs_performance_matched_random,0.07328044327978442,0.011964109756167681,0.0731192187526652,0.003598560575769692,470,0.9860557768924303
b6i_116,tfc_strength,z_reward,no_suppress,60810,5,8,200,true_policy_vs_within_state_shuffle,0.07328044327978442,0.008654268189024152,0.06405775713055634,0.046781287485006,470,0.9860557768924303
b6i_116,tfc_strength,z_reward,no_suppress,60810,5,8,200,true_policy_vs_oracle,0.07328044327978442,1.2219141327632141,-1.1598029178028437,1.0,470,0.9860557768924303
b6i_117,tfc_strength,rank_reward,full,60810,5,8,200,true_policy_vs_balanced_pool_shuffle,0.13491670303316103,0.05702042994369217,0.0792343626036041,0.0007996801279488205,470,0.9860557768924303
b6i_117,tfc_strength,rank_reward,full,60810,5,8,200,true_policy_vs_frequency_matched_random,0.13491670303316103,-0.020372756473193775,0.14901131366825862,0.00039984006397441024,470,0.9860557768924303
b6i_117,tfc_strength,rank_reward,full,60810,5,8,200,true_policy_vs_performance_matched_random,0.13491670303316103,0.02809020729357808,0.11227945075742223,0.00039984006397441024,470,0.9860557768924303
b6i_117,tfc_strength,rank_reward,full,60810,5,8,200,true_policy_vs_within_state_shuffle,0.13491670303316103,-0.001924628515279602,0.13969129824148266,0.0007996801279488205,470,0.9860557768924303
b6i_117,tfc_strength,rank_reward,full,60810,5,8,200,true_policy_vs_oracle,0.13491670303316103,1.1117820538752037,-1.0015360861468496,1.0,470,0.9860557768924303
b6i_118,tfc_strength,rank_reward,core_5,60810,5,8,200,true_policy_vs_balanced_pool_shuffle,0.0708841575925035,0.08091329640516333,-0.006627900924985013,0.7860855657736905,447,0.9860557768924303
b6i_118,tfc_strength,rank_reward,core_5,60810,5,8,200,true_policy_vs_frequency_matched_random,0.0708841575925035,-0.024856392717335692,0.07484314719835793,0.012794882047181128,447,0.9860557768924303
b6i_118,tfc_strength,rank_reward,core_5,60810,5,8,200,true_policy_vs_performance_matched_random,0.0708841575925035,0.07626564483936574,0.013293800350656042,0.28068772491003596,447,0.9860557768924303
b6i_118,tfc_strength,rank_reward,core_5,60810,5,8,200,true_policy_vs_within_state_shuffle,0.0708841575925035,0.017967230348123163,0.06723254368066445,0.039184326269492205,447,0.9860557768924303
b6i_118,tfc_strength,rank_reward,core_5,60810,5,8,200,true_policy_vs_oracle,0.0708841575925035,0.9944777980181899,-0.9331546844265506,1.0,447,0.9860557768924303
b6i_119,tfc_strength,rank_reward,no_phase_only,60810,5,8,200,true_policy_vs_balanced_pool_shuffle,0.1329711847506006,0.0960403086287138,0.03543500453946919,0.01719312275089964,455,0.9860557768924303
b6i_119,tfc_strength,rank_reward,no_phase_only,60810,5,8,200,true_policy_vs_frequency_matched_random,0.1329711847506006,-0.010616797531703422,0.13181233384543176,0.00039984006397441024,455,0.9860557768924303
b6i_119,tfc_strength,rank_reward,no_phase_only,60810,5,8,200,true_policy_vs_performance_matched_random,0.1329711847506006,0.04716065678340175,0.10157172930218696,0.00039984006397441024,455,0.9860557768924303
b6i_119,tfc_strength,rank_reward,no_phase_only,60810,5,8,200,true_policy_vs_within_state_shuffle,0.1329711847506006,0.011632916420219224,0.1286545047960009,0.0007996801279488205,455,0.9860557768924303
b6i_119,tfc_strength,rank_reward,no_phase_only,60810,5,8,200,true_policy_vs_oracle,0.1329711847506006,1.0019491603225386,-0.8995159751084846,1.0,455,0.9860557768924303
b6i_120,tfc_strength,rank_reward,no_suppress,60810,5,8,200,true_policy_vs_balanced_pool_shuffle,0.12872176678403385,0.0720857280118906,0.04938401835409457,0.01799280287884846,469,0.9860557768924303
b6i_120,tfc_strength,rank_reward,no_suppress,60810,5,8,200,true_policy_vs_frequency_matched_random,0.12872176678403385,-0.020350776786898738,0.13998471585246516,0.00039984006397441024,469,0.9860557768924303
b6i_120,tfc_strength,rank_reward,no_suppress,60810,5,8,200,true_policy_vs_performance_matched_random,0.12872176678403385,0.03596212089698131,0.10011509744928321,0.00039984006397441024,469,0.9860557768924303
b6i_120,tfc_strength,rank_reward,no_suppress,60810,5,8,200,true_policy_vs_within_state_shuffle,0.12872176678403385,0.003336977612455206,0.13008447466041953,0.0007996801279488205,469,0.9860557768924303
b6i_120,tfc_strength,rank_reward,no_suppress,60810,5,8,200,true_policy_vs_oracle,0.12872176678403385,1.112498704331316,-0.9975561509296165,1.0,469,0.9860557768924303
b6i_121,side_tfc_dphi,z_reward,full,60810,5,8,200,true_policy_vs_balanced_pool_shuffle,0.23712926042834662,0.1238089188171827,0.09573530015398575,0.00039984006397441024,460,0.9760956175298805
b6i_121,side_tfc_dphi,z_reward,full,60810,5,8,200,true_policy_vs_frequency_matched_random,0.23712926042834662,-0.016238873676211966,0.2453432091852056,0.00039984006397441024,460,0.9760956175298805
b6i_121,side_tfc_dphi,z_reward,full,60810,5,8,200,true_policy_vs_performance_matched_random,0.23712926042834662,0.1039676940466147,0.13656043089051997,0.00039984006397441024,460,0.9760956175298805
b6i_121,side_tfc_dphi,z_reward,full,60810,5,8,200,true_policy_vs_within_state_shuffle,0.23712926042834662,0.0016055809730084428,0.24191717835954404,0.00039984006397441024,460,0.9760956175298805
b6i_121,side_tfc_dphi,z_reward,full,60810,5,8,200,true_policy_vs_oracle,0.23712926042834662,1.2239410650761156,-1.0068286997736315,1.0,460,0.9760956175298805
b6i_122,side_tfc_dphi,z_reward,core_5,60810,5,8,200,true_policy_vs_balanced_pool_shuffle,0.1723897016109613,0.162994824976342,0.020837648027841313,0.12275089964014395,443,0.9760956175298805
b6i_122,side_tfc_dphi,z_reward,core_5,60810,5,8,200,true_policy_vs_frequency_matched_random,0.1723897016109613,-0.008039265955081313,0.15630145630838044,0.00039984006397441024,443,0.9760956175298805
b6i_122,side_tfc_dphi,z_reward,core_5,60810,5,8,200,true_policy_vs_performance_matched_random,0.1723897016109613,0.12846460448395622,0.07153085898724934,0.001999200319872051,443,0.9760956175298805
b6i_122,side_tfc_dphi,z_reward,core_5,60810,5,8,200,true_policy_vs_within_state_shuffle,0.1723897016109613,0.020476815073464334,0.15617410284009517,0.00039984006397441024,443,0.9760956175298805
b6i_122,side_tfc_dphi,z_reward,core_5,60810,5,8,200,true_policy_vs_oracle,0.1723897016109613,1.0578887394678889,-0.9026623890503095,1.0,443,0.9760956175298805
b6i_123,side_tfc_dphi,z_reward,no_phase_only,60810,5,8,200,true_policy_vs_balanced_pool_shuffle,0.2108284853199723,0.1432893002625489,0.08107490764669385,0.00039984006397441024,454,0.9760956175298805
b6i_123,side_tfc_dphi,z_reward,no_phase_only,60810,5,8,200,true_policy_vs_frequency_matched_random,0.2108284853199723,-0.008166542168235376,0.21220176936881188,0.00039984006397441024,454,0.9760956175298805
b6i_123,side_tfc_dphi,z_reward,no_phase_only,60810,5,8,200,true_policy_vs_performance_matched_random,0.2108284853199723,0.1249150015352685,0.12218223671436405,0.00039984006397441024,454,0.9760956175298805
b6i_123,side_tfc_dphi,z_reward,no_phase_only,60810,5,8,200,true_policy_vs_within_state_shuffle,0.2108284853199723,0.008711185718409316,0.21428139586509043,0.00039984006397441024,454,0.9760956175298805
b6i_123,side_tfc_dphi,z_reward,no_phase_only,60810,5,8,200,true_policy_vs_oracle,0.2108284853199723,1.067896279433008,-0.8745252007444013,1.0,454,0.9760956175298805
b6i_124,side_tfc_dphi,z_reward,no_suppress,60810,5,8,200,true_policy_vs_balanced_pool_shuffle,0.2249729025490094,0.1659921112000708,0.05634725815323028,0.015593762495002,455,0.9760956175298805
b6i_124,side_tfc_dphi,z_reward,no_suppress,60810,5,8,200,true_policy_vs_frequency_matched_random,0.2249729025490094,-0.01647045830138525,0.2249927108720896,0.00039984006397441024,455,0.9760956175298805
b6i_124,side_tfc_dphi,z_reward,no_suppress,60810,5,8,200,true_policy_vs_performance_matched_random,0.2249729025490094,0.1409159353669987,0.10308131020977986,0.00039984006397441024,455,0.9760956175298805
b6i_124,side_tfc_dphi,z_reward,no_suppress,60810,5,8,200,true_policy_vs_within_state_shuffle,0.2249729025490094,0.008422125129071692,0.21996834178029648,0.00039984006397441024,455,0.9760956175298805
b6i_124,side_tfc_dphi,z_reward,no_suppress,60810,5,8,200,true_policy_vs_oracle,0.2249729025490094,1.2219141327632141,-1.0198986662660778,1.0,455,0.9760956175298805
b6i_125,side_tfc_dphi,rank_reward,full,60810,5,8,200,true_policy_vs_balanced_pool_shuffle,0.1990430494934233,0.049698471755186345,0.13922418029148081,0.00039984006397441024,459,0.9760956175298805
b6i_125,side_tfc_dphi,rank_reward,full,60810,5,8,200,true_policy_vs_frequency_matched_random,0.1990430494934233,-0.006348568788786736,0.20116406456568744,0.00039984006397441024,459,0.9760956175298805
b6i_125,side_tfc_dphi,rank_reward,full,60810,5,8,200,true_policy_vs_performance_matched_random,0.1990430494934233,0.04256366931338944,0.1467514097718588,0.00039984006397441024,459,0.9760956175298805
b6i_125,side_tfc_dphi,rank_reward,full,60810,5,8,200,true_policy_vs_within_state_shuffle,0.1990430494934233,-0.00038360632006192633,0.1998881494038766,0.00039984006397441024,459,0.9760956175298805
b6i_125,side_tfc_dphi,rank_reward,full,60810,5,8,200,true_policy_vs_oracle,0.1990430494934233,1.1117820538752037,-0.9413118893486107,1.0,459,0.9760956175298805
b6i_126,side_tfc_dphi,rank_reward,core_5,60810,5,8,200,true_policy_vs_balanced_pool_shuffle,0.14402156112714518,0.11857147258075994,0.03589078284759822,0.062375049980008,445,0.9760956175298805
b6i_126,side_tfc_dphi,rank_reward,core_5,60810,5,8,200,true_policy_vs_frequency_matched_random,0.14402156112714518,0.003872782514378155,0.12439471588475344,0.00039984006397441024,445,0.9760956175298805
b6i_126,side_tfc_dphi,rank_reward,core_5,60810,5,8,200,true_policy_vs_performance_matched_random,0.14402156112714518,0.10089185443456115,0.05476228536320365,0.01919232307077169,445,0.9760956175298805
b6i_126,side_tfc_dphi,rank_reward,core_5,60810,5,8,200,true_policy_vs_within_state_shuffle,0.14402156112714518,0.013753801243532328,0.13077351957857952,0.00039984006397441024,445,0.9760956175298805
b6i_126,side_tfc_dphi,rank_reward,core_5,60810,5,8,200,true_policy_vs_oracle,0.14402156112714518,0.9944777980181899,-0.8731667564910558,1.0,445,0.9760956175298805
b6i_127,side_tfc_dphi,rank_reward,no_phase_only,60810,5,8,200,true_policy_vs_balanced_pool_shuffle,0.18127613810829912,0.11860707943508793,0.08834302491002725,0.00039984006397441024,456,0.9760956175298805
b6i_127,side_tfc_dphi,rank_reward,no_phase_only,60810,5,8,200,true_policy_vs_frequency_matched_random,0.18127613810829912,0.00016346597235699116,0.18050384083372806,0.00039984006397441024,456,0.9760956175298805
b6i_127,side_tfc_dphi,rank_reward,no_phase_only,60810,5,8,200,true_policy_vs_performance_matched_random,0.18127613810829912,0.10057592946842805,0.10771860272507844,0.00039984006397441024,456,0.9760956175298805
b6i_127,side_tfc_dphi,rank_reward,no_phase_only,60810,5,8,200,true_policy_vs_within_state_shuffle,0.18127613810829912,0.009119867300232605,0.17963650781368812,0.00039984006397441024,456,0.9760956175298805
b6i_127,side_tfc_dphi,rank_reward,no_phase_only,60810,5,8,200,true_policy_vs_oracle,0.18127613810829912,1.0019491603225386,-0.849453783140441,1.0,456,0.9760956175298805
b6i_128,side_tfc_dphi,rank_reward,no_suppress,60810,5,8,200,true_policy_vs_balanced_pool_shuffle,0.18790613430324968,0.10428773412783547,0.08749563479560488,0.0007996801279488205,457,0.9760956175298805
b6i_128,side_tfc_dphi,rank_reward,no_suppress,60810,5,8,200,true_policy_vs_frequency_matched_random,0.18790613430324968,-0.008992423808199482,0.187682128727205,0.00039984006397441024,457,0.9760956175298805
b6i_128,side_tfc_dphi,rank_reward,no_suppress,60810,5,8,200,true_policy_vs_performance_matched_random,0.18790613430324968,0.09104990654330686,0.10168936677901631,0.00039984006397441024,457,0.9760956175298805
b6i_128,side_tfc_dphi,rank_reward,no_suppress,60810,5,8,200,true_policy_vs_within_state_shuffle,0.18790613430324968,0.0016977835160829251,0.18498313169541628,0.00039984006397441024,457,0.9760956175298805
b6i_128,side_tfc_dphi,rank_reward,no_suppress,60810,5,8,200,true_policy_vs_oracle,0.18790613430324968,1.112498704331316,-0.9454394763628039,1.0,457,0.9760956175298805
b6i_129,side_tfc_phase,z_reward,full,60810,5,8,200,true_policy_vs_balanced_pool_shuffle,0.145070455344681,0.07470773330891824,0.07582542158500638,0.001599360255897641,455,0.9860557768924303
b6i_129,side_tfc_phase,z_reward,full,60810,5,8,200,true_policy_vs_frequency_matched_random,0.145070455344681,-0.005660452824899498,0.15052240802053035,0.00039984006397441024,455,0.9860557768924303
b6i_129,side_tfc_phase,z_reward,full,60810,5,8,200,true_policy_vs_performance_matched_random,0.145070455344681,0.06301581532194354,0.09283034816170875,0.0007996801279488205,455,0.9860557768924303
b6i_129,side_tfc_phase,z_reward,full,60810,5,8,200,true_policy_vs_within_state_shuffle,0.145070455344681,0.006993823067808311,0.13975137382270927,0.0011995201919232307,455,0.9860557768924303
b6i_129,side_tfc_phase,z_reward,full,60810,5,8,200,true_policy_vs_oracle,0.145070455344681,1.2239410650761156,-1.1052576919351158,1.0,455,0.9860557768924303
b6i_130,side_tfc_phase,z_reward,core_5,60810,5,8,200,true_policy_vs_balanced_pool_shuffle,0.14518989162338466,0.1322644210725417,0.04317170438447068,0.01919232307077169,446,0.9860557768924303
b6i_130,side_tfc_phase,z_reward,core_5,60810,5,8,200,true_policy_vs_frequency_matched_random,0.14518989162338466,0.011131095949766046,0.13562616488770768,0.00039984006397441024,446,0.9860557768924303
b6i_130,side_tfc_phase,z_reward,core_5,60810,5,8,200,true_policy_vs_performance_matched_random,0.14518989162338466,0.09893902001933799,0.07814095930128531,0.00039984006397441024,446,0.9860557768924303
b6i_130,side_tfc_phase,z_reward,core_5,60810,5,8,200,true_policy_vs_within_state_shuffle,0.14518989162338466,0.02507423219299347,0.13021841344493587,0.0007996801279488205,446,0.9860557768924303
b6i_130,side_tfc_phase,z_reward,core_5,60810,5,8,200,true_policy_vs_oracle,0.14518989162338466,1.0578887394678889,-0.9264394164131751,1.0,446,0.9860557768924303
b6i_131,side_tfc_phase,z_reward,no_phase_only,60810,5,8,200,true_policy_vs_balanced_pool_shuffle,0.14195670169987193,0.11170718181617707,0.05595665169705707,0.0007996801279488205,448,0.9860557768924303
b6i_131,side_tfc_phase,z_reward,no_phase_only,60810,5,8,200,true_policy_vs_frequency_matched_random,0.14195670169987193,0.00853545711565274,0.13840483747496543,0.0011995201919232307,448,0.9860557768924303
b6i_131,side_tfc_phase,z_reward,no_phase_only,60810,5,8,200,true_policy_vs_performance_matched_random,0.14195670169987193,0.08527419857836935,0.08020248554554185,0.0011995201919232307,448,0.9860557768924303
b6i_131,side_tfc_phase,z_reward,no_phase_only,60810,5,8,200,true_policy_vs_within_state_shuffle,0.14195670169987193,0.015922053374940362,0.13412881567902857,0.00039984006397441024,448,0.9860557768924303
b6i_131,side_tfc_phase,z_reward,no_phase_only,60810,5,8,200,true_policy_vs_oracle,0.14195670169987193,1.067896279433008,-0.9506514782583334,1.0,448,0.9860557768924303
b6i_132,side_tfc_phase,z_reward,no_suppress,60810,5,8,200,true_policy_vs_balanced_pool_shuffle,0.1482674315327082,0.09716752270244605,0.06319388219762244,0.0075969612155137945,453,0.9860557768924303
b6i_132,side_tfc_phase,z_reward,no_suppress,60810,5,8,200,true_policy_vs_frequency_matched_random,0.1482674315327082,-0.003256349528036834,0.14786382864369962,0.00039984006397441024,453,0.9860557768924303
b6i_132,side_tfc_phase,z_reward,no_suppress,60810,5,8,200,true_policy_vs_performance_matched_random,0.1482674315327082,0.06859757685406678,0.09371894575306525,0.00039984006397441024,453,0.9860557768924303
b6i_132,side_tfc_phase,z_reward,no_suppress,60810,5,8,200,true_policy_vs_within_state_shuffle,0.1482674315327082,0.0035893718753085987,0.1450165504673265,0.0007996801279488205,453,0.9860557768924303
b6i_132,side_tfc_phase,z_reward,no_suppress,60810,5,8,200,true_policy_vs_oracle,0.1482674315327082,1.2219141327632141,-1.0965519398953292,1.0,453,0.9860557768924303
b6i_133,side_tfc_phase,rank_reward,full,60810,5,8,200,true_policy_vs_balanced_pool_shuffle,0.18854506678753713,0.05201864942387187,0.10515380695972461,0.00039984006397441024,458,0.9860557768924303
b6i_133,side_tfc_phase,rank_reward,full,60810,5,8,200,true_policy_vs_frequency_matched_random,0.18854506678753713,-0.013666449987811503,0.18633995935018105,0.00039984006397441024,458,0.9860557768924303
b6i_133,side_tfc_phase,rank_reward,full,60810,5,8,200,true_policy_vs_performance_matched_random,0.18854506678753713,0.036355641064388426,0.14535265761654464,0.00039984006397441024,458,0.9860557768924303
b6i_133,side_tfc_phase,rank_reward,full,60810,5,8,200,true_policy_vs_within_state_shuffle,0.18854506678753713,0.009348125885481269,0.17651073270249065,0.00039984006397441024,458,0.9860557768924303
b6i_133,side_tfc_phase,rank_reward,full,60810,5,8,200,true_policy_vs_oracle,0.18854506678753713,1.1117820538752037,-0.9568436606551232,1.0,458,0.9860557768924303
b6i_134,side_tfc_phase,rank_reward,core_5,60810,5,8,200,true_policy_vs_balanced_pool_shuffle,0.15204009377399982,0.10748128839140626,0.04514928706146274,0.012794882047181128,451,0.9860557768924303
b6i_134,side_tfc_phase,rank_reward,core_5,60810,5,8,200,true_policy_vs_frequency_matched_random,0.15204009377399982,-0.0079577156370731,0.1466638018420368,0.0007996801279488205,451,0.9860557768924303
b6i_134,side_tfc_phase,rank_reward,core_5,60810,5,8,200,true_policy_vs_performance_matched_random,0.15204009377399982,0.08854483729588362,0.07228660548563469,0.0023990403838464614,451,0.9860557768924303
b6i_134,side_tfc_phase,rank_reward,core_5,60810,5,8,200,true_policy_vs_within_state_shuffle,0.15204009377399982,0.01803031559661384,0.13591759296416533,0.00039984006397441024,451,0.9860557768924303
b6i_134,side_tfc_phase,rank_reward,core_5,60810,5,8,200,true_policy_vs_oracle,0.15204009377399982,0.9944777980181899,-0.8620937548047667,1.0,451,0.9860557768924303
b6i_135,side_tfc_phase,rank_reward,no_phase_only,60810,5,8,200,true_policy_vs_balanced_pool_shuffle,0.1510613216289541,0.11849415194891165,0.040826856702317255,0.030387844862055178,456,0.9860557768924303
b6i_135,side_tfc_phase,rank_reward,no_phase_only,60810,5,8,200,true_policy_vs_frequency_matched_random,0.1510613216289541,-0.009558957587749111,0.14985693494774235,0.00039984006397441024,456,0.9860557768924303
b6i_135,side_tfc_phase,rank_reward,no_phase_only,60810,5,8,200,true_policy_vs_performance_matched_random,0.1510613216289541,0.09986079265014304,0.07191383684712913,0.0011995201919232307,456,0.9860557768924303
b6i_135,side_tfc_phase,rank_reward,no_phase_only,60810,5,8,200,true_policy_vs_within_state_shuffle,0.1510613216289541,0.010203701593786708,0.14343352954231792,0.00039984006397441024,456,0.9860557768924303
b6i_135,side_tfc_phase,rank_reward,no_phase_only,60810,5,8,200,true_policy_vs_oracle,0.1510613216289541,1.0019491603225386,-0.8843126203578269,1.0,456,0.9860557768924303
b6i_136,side_tfc_phase,rank_reward,no_suppress,60810,5,8,200,true_policy_vs_balanced_pool_shuffle,0.18854506678753713,0.06937438000645775,0.10236717489579117,0.00039984006397441024,458,0.9860557768924303
b6i_136,side_tfc_phase,rank_reward,no_suppress,60810,5,8,200,true_policy_vs_frequency_matched_random,0.18854506678753713,-0.013666449987811503,0.18633995935018105,0.00039984006397441024,458,0.9860557768924303
b6i_136,side_tfc_phase,rank_reward,no_suppress,60810,5,8,200,true_policy_vs_performance_matched_random,0.18854506678753713,0.06640043693887009,0.11935596596529748,0.00039984006397441024,458,0.9860557768924303
b6i_136,side_tfc_phase,rank_reward,no_suppress,60810,5,8,200,true_policy_vs_within_state_shuffle,0.18854506678753713,0.008008714605850165,0.17858686373440727,0.00039984006397441024,458,0.9860557768924303
b6i_136,side_tfc_phase,rank_reward,no_suppress,60810,5,8,200,true_policy_vs_oracle,0.18854506678753713,1.112498704331316,-0.9476695194067973,1.0,458,0.9860557768924303
b6i_137,side_tfc_lag,z_reward,full,60810,5,8,200,true_policy_vs_balanced_pool_shuffle,0.1654189247431173,0.07520950567222323,0.0702880527430228,0.0011995201919232307,456,0.9342629482071713
b6i_137,side_tfc_lag,z_reward,full,60810,5,8,200,true_policy_vs_frequency_matched_random,0.1654189247431173,-0.02011575950528588,0.16247881027936797,0.00039984006397441024,456,0.9342629482071713
b6i_137,side_tfc_lag,z_reward,full,60810,5,8,200,true_policy_vs_performance_matched_random,0.1654189247431173,0.04237358343754286,0.12107891174820641,0.00039984006397441024,456,0.9342629482071713
b6i_137,side_tfc_lag,z_reward,full,60810,5,8,200,true_policy_vs_within_state_shuffle,0.1654189247431173,-0.0007081407578522168,0.16318939424134096,0.00039984006397441024,456,0.9342629482071713
b6i_137,side_tfc_lag,z_reward,full,60810,5,8,200,true_policy_vs_oracle,0.1654189247431173,1.2239410650761156,-1.0950932263758033,1.0,456,0.9342629482071713
b6i_138,side_tfc_lag,z_reward,core_5,60810,5,8,200,true_policy_vs_balanced_pool_shuffle,0.15428896370969028,0.16634894110959944,0.01326065361366428,0.22431027588964414,449,0.9342629482071713
b6i_138,side_tfc_lag,z_reward,core_5,60810,5,8,200,true_policy_vs_frequency_matched_random,0.15428896370969028,0.0007762883911997622,0.13769966314490442,0.0011995201919232307,449,0.9342629482071713
b6i_138,side_tfc_lag,z_reward,core_5,60810,5,8,200,true_policy_vs_performance_matched_random,0.15428896370969028,0.11473548479015065,0.06705819828516099,0.0023990403838464614,449,0.9342629482071713
b6i_138,side_tfc_lag,z_reward,core_5,60810,5,8,200,true_policy_vs_within_state_shuffle,0.15428896370969028,0.013967876694444095,0.14763741069145325,0.00039984006397441024,449,0.9342629482071713
b6i_138,side_tfc_lag,z_reward,core_5,60810,5,8,200,true_policy_vs_oracle,0.15428896370969028,1.0578887394678889,-0.9175974657040955,1.0,449,0.9342629482071713
b6i_139,side_tfc_lag,z_reward,no_phase_only,60810,5,8,200,true_policy_vs_balanced_pool_shuffle,0.15177887741184498,0.10557100509769238,0.060705447992073246,0.0011995201919232307,451,0.9342629482071713
b6i_139,side_tfc_lag,z_reward,no_phase_only,60810,5,8,200,true_policy_vs_frequency_matched_random,0.15177887741184498,-0.002347883796465714,0.14482932863217018,0.00039984006397441024,451,0.9342629482071713
b6i_139,side_tfc_lag,z_reward,no_phase_only,60810,5,8,200,true_policy_vs_performance_matched_random,0.15177887741184498,0.07384101895448197,0.10413319437267674,0.00039984006397441024,451,0.9342629482071713
b6i_139,side_tfc_lag,z_reward,no_phase_only,60810,5,8,200,true_policy_vs_within_state_shuffle,0.15177887741184498,0.003280984649222286,0.15784040541585279,0.00039984006397441024,451,0.9342629482071713
b6i_139,side_tfc_lag,z_reward,no_phase_only,60810,5,8,200,true_policy_vs_oracle,0.15177887741184498,1.067896279433008,-0.9414916313086095,1.0,451,0.9342629482071713
b6i_140,side_tfc_lag,z_reward,no_suppress,60810,5,8,200,true_policy_vs_balanced_pool_shuffle,0.15780839335453223,0.10121103502526513,0.039310229833871835,0.03638544582167133,455,0.9342629482071713
b6i_140,side_tfc_lag,z_reward,no_suppress,60810,5,8,200,true_policy_vs_frequency_matched_random,0.15780839335453223,-0.020482824426074245,0.1518237256815851,0.00039984006397441024,455,0.9342629482071713
b6i_140,side_tfc_lag,z_reward,no_suppress,60810,5,8,200,true_policy_vs_performance_matched_random,0.15780839335453223,0.07500733158208771,0.08746041597408048,0.00039984006397441024,455,0.9342629482071713
b6i_140,side_tfc_lag,z_reward,no_suppress,60810,5,8,200,true_policy_vs_within_state_shuffle,0.15780839335453223,0.004469528929613884,0.14704545639101918,0.00039984006397441024,455,0.9342629482071713
b6i_140,side_tfc_lag,z_reward,no_suppress,60810,5,8,200,true_policy_vs_oracle,0.15780839335453223,1.2219141327632141,-1.0932358277125358,1.0,455,0.9342629482071713
b6i_141,side_tfc_lag,rank_reward,full,60810,5,8,200,true_policy_vs_balanced_pool_shuffle,0.21103908084596049,0.08455321860925062,0.10187018449105371,0.00039984006397441024,460,0.9342629482071713
b6i_141,side_tfc_lag,rank_reward,full,60810,5,8,200,true_policy_vs_frequency_matched_random,0.21103908084596049,-0.022021628902138615,0.2194783420541722,0.00039984006397441024,460,0.9342629482071713
b6i_141,side_tfc_lag,rank_reward,full,60810,5,8,200,true_policy_vs_performance_matched_random,0.21103908084596049,0.05431832206800087,0.14768183545266272,0.00039984006397441024,460,0.9342629482071713
b6i_141,side_tfc_lag,rank_reward,full,60810,5,8,200,true_policy_vs_within_state_shuffle,0.21103908084596049,0.0010238539401835976,0.21277684059623667,0.00039984006397441024,460,0.9342629482071713
b6i_141,side_tfc_lag,rank_reward,full,60810,5,8,200,true_policy_vs_oracle,0.21103908084596049,1.1117820538752037,-0.9262133524016652,1.0,460,0.9342629482071713
b6i_142,side_tfc_lag,rank_reward,core_5,60810,5,8,200,true_policy_vs_balanced_pool_shuffle,0.12683833938147618,0.10573775775674679,0.021282275531340364,0.11195521791283487,450,0.9342629482071713
b6i_142,side_tfc_lag,rank_reward,core_5,60810,5,8,200,true_policy_vs_frequency_matched_random,0.12683833938147618,-0.019484082919657076,0.1352778081224534,0.00039984006397441024,450,0.9342629482071713
b6i_142,side_tfc_lag,rank_reward,core_5,60810,5,8,200,true_policy_vs_performance_matched_random,0.12683833938147618,0.08196277748620397,0.0756864769827854,0.0011995201919232307,450,0.9342629482071713
b6i_142,side_tfc_lag,rank_reward,core_5,60810,5,8,200,true_policy_vs_within_state_shuffle,0.12683833938147618,0.006145374782323313,0.1371290402808382,0.00039984006397441024,450,0.9342629482071713
b6i_142,side_tfc_lag,rank_reward,core_5,60810,5,8,200,true_policy_vs_oracle,0.12683833938147618,0.9944777980181899,-0.8763379329624421,1.0,450,0.9342629482071713
b6i_143,side_tfc_lag,rank_reward,no_phase_only,60810,5,8,200,true_policy_vs_balanced_pool_shuffle,0.1311878676419953,0.09926531523487973,0.04290336302263438,0.01759296281487405,451,0.9342629482071713
b6i_143,side_tfc_lag,rank_reward,no_phase_only,60810,5,8,200,true_policy_vs_frequency_matched_random,0.1311878676419953,-0.020843294054463096,0.14402086727662386,0.00039984006397441024,451,0.9342629482071713
b6i_143,side_tfc_lag,rank_reward,no_phase_only,60810,5,8,200,true_policy_vs_performance_matched_random,0.1311878676419953,0.10497267023608167,0.07418960912405899,0.001599360255897641,451,0.9342629482071713
b6i_143,side_tfc_lag,rank_reward,no_phase_only,60810,5,8,200,true_policy_vs_within_state_shuffle,0.1311878676419953,-0.002064222674470461,0.14659556023757223,0.00039984006397441024,451,0.9342629482071713
b6i_143,side_tfc_lag,rank_reward,no_phase_only,60810,5,8,200,true_policy_vs_oracle,0.1311878676419953,1.0019491603225386,-0.8955342570619917,1.0,451,0.9342629482071713
b6i_144,side_tfc_lag,rank_reward,no_suppress,60810,5,8,200,true_policy_vs_balanced_pool_shuffle,0.21305469059591176,0.09247229131197558,0.09952278549682768,0.00039984006397441024,460,0.9342629482071713
b6i_144,side_tfc_lag,rank_reward,no_suppress,60810,5,8,200,true_policy_vs_frequency_matched_random,0.21305469059591176,-0.021043984987849262,0.21983346461040135,0.00039984006397441024,460,0.9342629482071713
b6i_144,side_tfc_lag,rank_reward,no_suppress,60810,5,8,200,true_policy_vs_performance_matched_random,0.21305469059591176,0.09377591788245195,0.1211292262155679,0.00039984006397441024,460,0.9342629482071713
b6i_144,side_tfc_lag,rank_reward,no_suppress,60810,5,8,200,true_policy_vs_within_state_shuffle,0.21305469059591176,0.00021250038312002083,0.21616434807983564,0.00039984006397441024,460,0.9342629482071713
b6i_144,side_tfc_lag,rank_reward,no_suppress,60810,5,8,200,true_policy_vs_oracle,0.21305469059591176,1.112498704331316,-0.9145087379962534,1.0,460,0.9342629482071713
b6i_145,side_tfc_strength,z_reward,full,60810,5,8,200,true_policy_vs_balanced_pool_shuffle,0.20240739144830153,0.11021960400951558,0.08633188619745474,0.00039984006397441024,465,0.9860557768924303
b6i_145,side_tfc_strength,z_reward,full,60810,5,8,200,true_policy_vs_frequency_matched_random,0.20240739144830153,-0.0036277722978504236,0.19463244028570958,0.00039984006397441024,465,0.9860557768924303
b6i_145,side_tfc_strength,z_reward,full,60810,5,8,200,true_policy_vs_performance_matched_random,0.20240739144830153,0.09118067837492386,0.12338868290355864,0.00039984006397441024,465,0.9860557768924303
b6i_145,side_tfc_strength,z_reward,full,60810,5,8,200,true_policy_vs_within_state_shuffle,0.20240739144830153,0.00268990194671808,0.20043263966414976,0.00039984006397441024,465,0.9860557768924303
b6i_145,side_tfc_strength,z_reward,full,60810,5,8,200,true_policy_vs_oracle,0.20240739144830153,1.2239410650761156,-1.0493965870808721,1.0,465,0.9860557768924303
b6i_146,side_tfc_strength,z_reward,core_5,60810,5,8,200,true_policy_vs_balanced_pool_shuffle,0.16927692879597445,0.2118433812506351,-0.013563793634480188,0.7493002798880448,446,0.9860557768924303
b6i_146,side_tfc_strength,z_reward,core_5,60810,5,8,200,true_policy_vs_frequency_matched_random,0.16927692879597445,0.015919545413039998,0.13721904999074622,0.0007996801279488205,446,0.9860557768924303
b6i_146,side_tfc_strength,z_reward,core_5,60810,5,8,200,true_policy_vs_performance_matched_random,0.16927692879597445,0.1561629892676658,0.0517744178195922,0.01799280287884846,446,0.9860557768924303
b6i_146,side_tfc_strength,z_reward,core_5,60810,5,8,200,true_policy_vs_within_state_shuffle,0.16927692879597445,0.016561577776489398,0.16485620375418295,0.00039984006397441024,446,0.9860557768924303
b6i_146,side_tfc_strength,z_reward,core_5,60810,5,8,200,true_policy_vs_oracle,0.16927692879597445,1.0578887394678889,-0.8946400974644105,1.0,446,0.9860557768924303
b6i_147,side_tfc_strength,z_reward,no_phase_only,60810,5,8,200,true_policy_vs_balanced_pool_shuffle,0.18810765634256674,0.12935690430218036,0.06821136308118864,0.00039984006397441024,458,0.9860557768924303
b6i_147,side_tfc_strength,z_reward,no_phase_only,60810,5,8,200,true_policy_vs_frequency_matched_random,0.18810765634256674,0.0056810060990868175,0.17364638651122646,0.00039984006397441024,458,0.9860557768924303
b6i_147,side_tfc_strength,z_reward,no_phase_only,60810,5,8,200,true_policy_vs_performance_matched_random,0.18810765634256674,0.10296397319235732,0.10347747674688887,0.00039984006397441024,458,0.9860557768924303
b6i_147,side_tfc_strength,z_reward,no_phase_only,60810,5,8,200,true_policy_vs_within_state_shuffle,0.18810765634256674,0.009841355330177248,0.18351929055623264,0.00039984006397441024,458,0.9860557768924303
b6i_147,side_tfc_strength,z_reward,no_phase_only,60810,5,8,200,true_policy_vs_oracle,0.18810765634256674,1.067896279433008,-0.9002337719823684,1.0,458,0.9860557768924303
b6i_148,side_tfc_strength,z_reward,no_suppress,60810,5,8,200,true_policy_vs_balanced_pool_shuffle,0.21106654852534473,0.15035969473134392,0.0682175963410218,0.0007996801279488205,461,0.9860557768924303
b6i_148,side_tfc_strength,z_reward,no_suppress,60810,5,8,200,true_policy_vs_frequency_matched_random,0.21106654852534473,-0.006852520973764929,0.20023003038494386,0.00039984006397441024,461,0.9860557768924303
b6i_148,side_tfc_strength,z_reward,no_suppress,60810,5,8,200,true_policy_vs_performance_matched_random,0.21106654852534473,0.10893401022885968,0.11893961317912059,0.00039984006397441024,461,0.9860557768924303
b6i_148,side_tfc_strength,z_reward,no_suppress,60810,5,8,200,true_policy_vs_within_state_shuffle,0.21106654852534473,0.005085926364662235,0.20154483480259122,0.00039984006397441024,461,0.9860557768924303
b6i_148,side_tfc_strength,z_reward,no_suppress,60810,5,8,200,true_policy_vs_oracle,0.21106654852534473,1.2219141327632141,-1.0324197314277141,1.0,461,0.9860557768924303
b6i_149,side_tfc_strength,rank_reward,full,60810,5,8,200,true_policy_vs_balanced_pool_shuffle,0.25919425818026287,0.10196043075281738,0.14166560296719785,0.00039984006397441024,466,0.9860557768924303
b6i_149,side_tfc_strength,rank_reward,full,60810,5,8,200,true_policy_vs_frequency_matched_random,0.25919425818026287,-0.005501438041626135,0.24702838284349038,0.00039984006397441024,466,0.9860557768924303
b6i_149,side_tfc_strength,rank_reward,full,60810,5,8,200,true_policy_vs_performance_matched_random,0.25919425818026287,0.08095068386675154,0.17940199337767443,0.00039984006397441024,466,0.9860557768924303
b6i_149,side_tfc_strength,rank_reward,full,60810,5,8,200,true_policy_vs_within_state_shuffle,0.25919425818026287,0.006578234302306141,0.24916960786416573,0.00039984006397441024,466,0.9860557768924303
b6i_149,side_tfc_strength,rank_reward,full,60810,5,8,200,true_policy_vs_oracle,0.25919425818026287,1.1117820538752037,-0.8863678923510101,1.0,466,0.9860557768924303
b6i_150,side_tfc_strength,rank_reward,core_5,60810,5,8,200,true_policy_vs_balanced_pool_shuffle,0.15415234350001353,0.13367042211105065,0.029351026512506522,0.09076369452219113,448,0.9860557768924303
b6i_150,side_tfc_strength,rank_reward,core_5,60810,5,8,200,true_policy_vs_frequency_matched_random,0.15415234350001353,-0.012311996345838813,0.1575613952340256,0.00039984006397441024,448,0.9860557768924303
b6i_150,side_tfc_strength,rank_reward,core_5,60810,5,8,200,true_policy_vs_performance_matched_random,0.15415234350001353,0.11459999777778525,0.06029569673763484,0.0075969612155137945,448,0.9860557768924303
b6i_150,side_tfc_strength,rank_reward,core_5,60810,5,8,200,true_policy_vs_within_state_shuffle,0.15415234350001353,0.01573509053329444,0.14990991628573522,0.00039984006397441024,448,0.9860557768924303
b6i_150,side_tfc_strength,rank_reward,core_5,60810,5,8,200,true_policy_vs_oracle,0.15415234350001353,0.9944777980181899,-0.8490615568245102,1.0,448,0.9860557768924303
b6i_151,side_tfc_strength,rank_reward,no_phase_only,60810,5,8,200,true_policy_vs_balanced_pool_shuffle,0.1788813726573006,0.10195690473312294,0.08957292487194432,0.0007996801279488205,456,0.9860557768924303
b6i_151,side_tfc_strength,rank_reward,no_phase_only,60810,5,8,200,true_policy_vs_frequency_matched_random,0.1788813726573006,-0.008787192003135595,0.1792857578183908,0.00039984006397441024,456,0.9860557768924303
b6i_151,side_tfc_strength,rank_reward,no_phase_only,60810,5,8,200,true_policy_vs_performance_matched_random,0.1788813726573006,0.10034605926987987,0.10806404014433886,0.00039984006397441024,456,0.9860557768924303
b6i_151,side_tfc_strength,rank_reward,no_phase_only,60810,5,8,200,true_policy_vs_within_state_shuffle,0.1788813726573006,0.01241140754544384,0.17126440542923574,0.00039984006397441024,456,0.9860557768924303
b6i_151,side_tfc_strength,rank_reward,no_phase_only,60810,5,8,200,true_policy_vs_oracle,0.1788813726573006,1.0019491603225386,-0.8497496908013085,1.0,456,0.9860557768924303
b6i_152,side_tfc_strength,rank_reward,no_suppress,60810,5,8,200,true_policy_vs_balanced_pool_shuffle,0.2555226525117495,0.12038120546638263,0.12524088802851824,0.00039984006397441024,464,0.9860557768924303
b6i_152,side_tfc_strength,rank_reward,no_suppress,60810,5,8,200,true_policy_vs_frequency_matched_random,0.2555226525117495,-0.004765643393119818,0.24094893143573534,0.00039984006397441024,464,0.9860557768924303
b6i_152,side_tfc_strength,rank_reward,no_suppress,60810,5,8,200,true_policy_vs_performance_matched_random,0.2555226525117495,0.10309326705974117,0.15684889618322642,0.00039984006397441024,464,0.9860557768924303
b6i_152,side_tfc_strength,rank_reward,no_suppress,60810,5,8,200,true_policy_vs_within_state_shuffle,0.2555226525117495,0.009141135491608412,0.24071899766809357,0.00039984006397441024,464,0.9860557768924303
b6i_152,side_tfc_strength,rank_reward,no_suppress,60810,5,8,200,true_policy_vs_oracle,0.2555226525117495,1.112498704331316,-0.881146555068832,1.0,464,0.9860557768924303
b6i_153,side_tfc_dphi_phase,z_reward,full,60810,5,8,200,true_policy_vs_balanced_pool_shuffle,0.13895711214657036,0.11502382310654877,0.05104024857872201,0.019592163134746102,459,0.8326693227091634
b6i_153,side_tfc_dphi_phase,z_reward,full,60810,5,8,200,true_policy_vs_frequency_matched_random,0.13895711214657036,-0.01914616189612009,0.15960267619817717,0.00039984006397441024,459,0.8326693227091634
b6i_153,side_tfc_dphi_phase,z_reward,full,60810,5,8,200,true_policy_vs_performance_matched_random,0.13895711214657036,0.08918170656340961,0.07811434000261351,0.001999200319872051,459,0.8326693227091634
b6i_153,side_tfc_dphi_phase,z_reward,full,60810,5,8,200,true_policy_vs_within_state_shuffle,0.13895711214657036,-0.017344435492537377,0.16397703629128654,0.00039984006397441024,459,0.8326693227091634
b6i_153,side_tfc_dphi_phase,z_reward,full,60810,5,8,200,true_policy_vs_oracle,0.13895711214657036,1.2239410650761156,-1.103610723227954,1.0,459,0.8326693227091634
b6i_154,side_tfc_dphi_phase,z_reward,core_5,60810,5,8,200,true_policy_vs_balanced_pool_shuffle,0.10745689693500068,0.10802613356698754,0.016269023180205063,0.1995201919232307,449,0.8326693227091634
b6i_154,side_tfc_dphi_phase,z_reward,core_5,60810,5,8,200,true_policy_vs_frequency_matched_random,0.10745689693500068,-0.005027762144400432,0.11210380115616789,0.00039984006397441024,449,0.8326693227091634
b6i_154,side_tfc_dphi_phase,z_reward,core_5,60810,5,8,200,true_policy_vs_performance_matched_random,0.10745689693500068,0.09412361423301033,0.030605028640408732,0.0859656137544982,449,0.8326693227091634
b6i_154,side_tfc_dphi_phase,z_reward,core_5,60810,5,8,200,true_policy_vs_within_state_shuffle,0.10745689693500068,-0.005024492585198958,0.1259797801559878,0.00039984006397441024,449,0.8326693227091634
b6i_154,side_tfc_dphi_phase,z_reward,core_5,60810,5,8,200,true_policy_vs_oracle,0.10745689693500068,1.0578887394678889,-0.9511630950319505,1.0,449,0.8326693227091634
b6i_155,side_tfc_dphi_phase,z_reward,no_phase_only,60810,5,8,200,true_policy_vs_balanced_pool_shuffle,0.1185934455229771,0.1438063250985618,0.028420562783486925,0.08436625349860057,455,0.8326693227091634
b6i_155,side_tfc_dphi_phase,z_reward,no_phase_only,60810,5,8,200,true_policy_vs_frequency_matched_random,0.1185934455229771,-0.005829641420746742,0.12962761278833096,0.00039984006397441024,455,0.8326693227091634
b6i_155,side_tfc_dphi_phase,z_reward,no_phase_only,60810,5,8,200,true_policy_vs_performance_matched_random,0.1185934455229771,0.12804460992857247,0.045290794185211765,0.024790083966413436,455,0.8326693227091634
b6i_155,side_tfc_dphi_phase,z_reward,no_phase_only,60810,5,8,200,true_policy_vs_within_state_shuffle,0.1185934455229771,-0.011351672478299334,0.1440120444194374,0.00039984006397441024,455,0.8326693227091634
b6i_155,side_tfc_dphi_phase,z_reward,no_phase_only,60810,5,8,200,true_policy_vs_oracle,0.1185934455229771,1.067896279433008,-0.9622595551168248,1.0,455,0.8326693227091634
b6i_156,side_tfc_dphi_phase,z_reward,no_suppress,60810,5,8,200,true_policy_vs_balanced_pool_shuffle,0.13724464510948475,0.1438241703160546,0.038994799222971735,0.055177928828468614,459,0.8326693227091634
b6i_156,side_tfc_dphi_phase,z_reward,no_suppress,60810,5,8,200,true_policy_vs_frequency_matched_random,0.13724464510948475,-0.01956218713579022,0.15657357017356902,0.00039984006397441024,459,0.8326693227091634
b6i_156,side_tfc_dphi_phase,z_reward,no_suppress,60810,5,8,200,true_policy_vs_performance_matched_random,0.13724464510948475,0.13012762382550006,0.053526864889420725,0.023190723710515795,459,0.8326693227091634
b6i_156,side_tfc_dphi_phase,z_reward,no_suppress,60810,5,8,200,true_policy_vs_within_state_shuffle,0.13724464510948475,-0.018458476949105337,0.16463799032338824,0.00039984006397441024,459,0.8326693227091634
b6i_156,side_tfc_dphi_phase,z_reward,no_suppress,60810,5,8,200,true_policy_vs_oracle,0.13724464510948475,1.2219141327632141,-1.0936217646459374,1.0,459,0.8326693227091634
b6i_157,side_tfc_dphi_phase,rank_reward,full,60810,5,8,200,true_policy_vs_balanced_pool_shuffle,0.1160502763872166,0.03755017127242204,0.08019647175089327,0.0007996801279488205,463,0.8326693227091634
b6i_157,side_tfc_dphi_phase,rank_reward,full,60810,5,8,200,true_policy_vs_frequency_matched_random,0.1160502763872166,-0.03153348514948187,0.1478657668107389,0.00039984006397441024,463,0.8326693227091634
b6i_157,side_tfc_dphi_phase,rank_reward,full,60810,5,8,200,true_policy_vs_performance_matched_random,0.1160502763872166,0.014861278303030153,0.10357277033575805,0.00039984006397441024,463,0.8326693227091634
b6i_157,side_tfc_dphi_phase,rank_reward,full,60810,5,8,200,true_policy_vs_within_state_shuffle,0.1160502763872166,-0.023763998611522067,0.14579098795099213,0.00039984006397441024,463,0.8326693227091634
b6i_157,side_tfc_dphi_phase,rank_reward,full,60810,5,8,200,true_policy_vs_oracle,0.1160502763872166,1.1117820538752037,-1.0190347425131066,1.0,463,0.8326693227091634
b6i_158,side_tfc_dphi_phase,rank_reward,core_5,60810,5,8,200,true_policy_vs_balanced_pool_shuffle,0.09761052064255629,0.07342356764708637,0.026829377364823666,0.06477409036385445,456,0.8326693227091634
b6i_158,side_tfc_dphi_phase,rank_reward,core_5,60810,5,8,200,true_policy_vs_frequency_matched_random,0.09761052064255629,-0.02620797836030455,0.11739271234831372,0.0023990403838464614,456,0.8326693227091634
b6i_158,side_tfc_dphi_phase,rank_reward,core_5,60810,5,8,200,true_policy_vs_performance_matched_random,0.09761052064255629,0.04729169915444967,0.053534313148965534,0.010795681727309077,456,0.8326693227091634
b6i_158,side_tfc_dphi_phase,rank_reward,core_5,60810,5,8,200,true_policy_vs_within_state_shuffle,0.09761052064255629,-0.014385568804423184,0.11758125144856327,0.0007996801279488205,456,0.8326693227091634
b6i_158,side_tfc_dphi_phase,rank_reward,core_5,60810,5,8,200,true_policy_vs_oracle,0.09761052064255629,0.9944777980181899,-0.9109480439325298,1.0,456,0.8326693227091634
b6i_159,side_tfc_dphi_phase,rank_reward,no_phase_only,60810,5,8,200,true_policy_vs_balanced_pool_shuffle,0.12655627610485484,0.07283095277047621,0.0785993009072453,0.00039984006397441024,460,0.8326693227091634
b6i_159,side_tfc_dphi_phase,rank_reward,no_phase_only,60810,5,8,200,true_policy_vs_frequency_matched_random,0.12655627610485484,-0.02413042015150191,0.15018454867694403,0.00039984006397441024,460,0.8326693227091634
b6i_159,side_tfc_dphi_phase,rank_reward,no_phase_only,60810,5,8,200,true_policy_vs_performance_matched_random,0.12655627610485484,0.06126562061706193,0.09091889385327356,0.00039984006397441024,460,0.8326693227091634
b6i_159,side_tfc_dphi_phase,rank_reward,no_phase_only,60810,5,8,200,true_policy_vs_within_state_shuffle,0.12655627610485484,-0.016408602289820193,0.15145768179187613,0.00039984006397441024,460,0.8326693227091634
b6i_159,side_tfc_dphi_phase,rank_reward,no_phase_only,60810,5,8,200,true_policy_vs_oracle,0.12655627610485484,1.0019491603225386,-0.9029026463970334,1.0,460,0.8326693227091634
b6i_160,side_tfc_dphi_phase,rank_reward,no_suppress,60810,5,8,200,true_policy_vs_balanced_pool_shuffle,0.1099787225725619,0.03333159323976148,0.07814469453458676,0.0007996801279488205,462,0.8326693227091634
b6i_160,side_tfc_dphi_phase,rank_reward,no_suppress,60810,5,8,200,true_policy_vs_frequency_matched_random,0.1099787225725619,-0.03335380482747234,0.14355039940662767,0.0007996801279488205,462,0.8326693227091634
b6i_160,side_tfc_dphi_phase,rank_reward,no_suppress,60810,5,8,200,true_policy_vs_performance_matched_random,0.1099787225725619,0.03584825271949588,0.07548095755278997,0.004798080767692923,462,0.8326693227091634
b6i_160,side_tfc_dphi_phase,rank_reward,no_suppress,60810,5,8,200,true_policy_vs_within_state_shuffle,0.1099787225725619,-0.01890829177516499,0.13731791430012144,0.00039984006397441024,462,0.8326693227091634
b6i_160,side_tfc_dphi_phase,rank_reward,no_suppress,60810,5,8,200,true_policy_vs_oracle,0.1099787225725619,1.112498704331316,-1.0149495549998513,1.0,462,0.8326693227091634
b6i_161,coarse,z_reward,full,60810,5,8,200,true_policy_vs_balanced_pool_shuffle,0.04536923731993731,0.030478250542507725,0.05580052490436927,0.007996801279488205,445,0.5179282868525896
b6i_161,coarse,z_reward,full,60810,5,8,200,true_policy_vs_frequency_matched_random,0.04536923731993731,-0.0628498251132618,0.10251108106364629,0.003998400639744102,445,0.5179282868525896
b6i_161,coarse,z_reward,full,60810,5,8,200,true_policy_vs_performance_matched_random,0.04536923731993731,0.026333039769882657,0.07772117931646251,0.004398240703718513,445,0.5179282868525896
b6i_161,coarse,z_reward,full,60810,5,8,200,true_policy_vs_within_state_shuffle,0.04536923731993731,-0.049247899911457824,0.09938458714640842,0.0007996801279488205,445,0.5179282868525896
b6i_161,coarse,z_reward,full,60810,5,8,200,true_policy_vs_oracle,0.04536923731993731,1.2239410650761156,-1.2088380144404618,1.0,445,0.5179282868525896
b6i_162,coarse,z_reward,core_5,60810,5,8,200,true_policy_vs_balanced_pool_shuffle,0.03622567793780149,0.03921059847407787,0.003475998163450813,0.412235105957617,440,0.5179282868525896
b6i_162,coarse,z_reward,core_5,60810,5,8,200,true_policy_vs_frequency_matched_random,0.03622567793780149,-0.05549025963921476,0.0906899421981533,0.005597760895641743,440,0.5179282868525896
b6i_162,coarse,z_reward,core_5,60810,5,8,200,true_policy_vs_performance_matched_random,0.03622567793780149,0.007504949567942577,0.03611840487817647,0.023990403838464614,440,0.5179282868525896
b6i_162,coarse,z_reward,core_5,60810,5,8,200,true_policy_vs_within_state_shuffle,0.03622567793780149,-0.03072477362035445,0.08180670616281178,0.004398240703718513,440,0.5179282868525896
b6i_162,coarse,z_reward,core_5,60810,5,8,200,true_policy_vs_oracle,0.03622567793780149,1.0578887394678889,-1.021071227012266,1.0,440,0.5179282868525896
b6i_163,coarse,z_reward,no_phase_only,60810,5,8,200,true_policy_vs_balanced_pool_shuffle,0.04751504862668409,0.044593813733606824,0.03867964281546633,0.012395041983206718,440,0.5179282868525896
b6i_163,coarse,z_reward,no_phase_only,60810,5,8,200,true_policy_vs_frequency_matched_random,0.04751504862668409,-0.053867691440220807,0.10208853340877133,0.0023990403838464614,440,0.5179282868525896
b6i_163,coarse,z_reward,no_phase_only,60810,5,8,200,true_policy_vs_performance_matched_random,0.04751504862668409,0.038696201154419185,0.058963131558415635,0.006797281087564974,440,0.5179282868525896
b6i_163,coarse,z_reward,no_phase_only,60810,5,8,200,true_policy_vs_within_state_shuffle,0.04751504862668409,-0.04349407231216385,0.10409759024201995,0.0007996801279488205,440,0.5179282868525896
b6i_163,coarse,z_reward,no_phase_only,60810,5,8,200,true_policy_vs_oracle,0.04751504862668409,1.067896279433008,-1.0347777920007153,1.0,440,0.5179282868525896
b6i_164,coarse,z_reward,no_suppress,60810,5,8,200,true_policy_vs_balanced_pool_shuffle,0.03560028817267935,0.026896778206849235,0.03332231605724493,0.04958016793282687,445,0.5179282868525896
b6i_164,coarse,z_reward,no_suppress,60810,5,8,200,true_policy_vs_frequency_matched_random,0.03560028817267935,-0.06478333004583398,0.09214425612266562,0.007996801279488205,445,0.5179282868525896
b6i_164,coarse,z_reward,no_suppress,60810,5,8,200,true_policy_vs_performance_matched_random,0.03560028817267935,0.03494616934971287,0.041936655535585336,0.06117552978808476,445,0.5179282868525896
b6i_164,coarse,z_reward,no_suppress,60810,5,8,200,true_policy_vs_within_state_shuffle,0.03560028817267935,-0.040163214257609665,0.08070612491068183,0.0059976009596161535,445,0.5179282868525896
b6i_164,coarse,z_reward,no_suppress,60810,5,8,200,true_policy_vs_oracle,0.03560028817267935,1.2219141327632141,-1.2083032579580197,1.0,445,0.5179282868525896
b6i_165,coarse,rank_reward,full,60810,5,8,200,true_policy_vs_balanced_pool_shuffle,0.05199448460305669,-0.005686248319907703,0.060936014905958534,0.0059976009596161535,446,0.5179282868525896
b6i_165,coarse,rank_reward,full,60810,5,8,200,true_policy_vs_frequency_matched_random,0.05199448460305669,-0.0847164559182123,0.12184001915917284,0.0011995201919232307,446,0.5179282868525896
b6i_165,coarse,rank_reward,full,60810,5,8,200,true_policy_vs_performance_matched_random,0.05199448460305669,-0.007110146880338141,0.07797014363074802,0.003598560575769692,446,0.5179282868525896
b6i_165,coarse,rank_reward,full,60810,5,8,200,true_policy_vs_within_state_shuffle,0.05199448460305669,-0.06090415526192689,0.11346986927877574,0.00039984006397441024,446,0.5179282868525896
b6i_165,coarse,rank_reward,full,60810,5,8,200,true_policy_vs_oracle,0.05199448460305669,1.1117820538752037,-1.0994055017211999,1.0,446,0.5179282868525896
b6i_166,coarse,rank_reward,core_5,60810,5,8,200,true_policy_vs_balanced_pool_shuffle,0.03991322315065094,0.03170881773527579,0.006475311272179582,0.3190723710515794,443,0.5179282868525896
b6i_166,coarse,rank_reward,core_5,60810,5,8,200,true_policy_vs_frequency_matched_random,0.03991322315065094,-0.07980563997807011,0.10791514420625462,0.0007996801279488205,443,0.5179282868525896
b6i_166,coarse,rank_reward,core_5,60810,5,8,200,true_policy_vs_performance_matched_random,0.03991322315065094,0.0009010483185581727,0.0379089721668892,0.01479408236705318,443,0.5179282868525896
b6i_166,coarse,rank_reward,core_5,60810,5,8,200,true_policy_vs_within_state_shuffle,0.03991322315065094,-0.04733427833306546,0.09070826448736823,0.0023990403838464614,443,0.5179282868525896
b6i_166,coarse,rank_reward,core_5,60810,5,8,200,true_policy_vs_oracle,0.03991322315065094,0.9944777980181899,-0.9760676478107432,1.0,443,0.5179282868525896
b6i_167,coarse,rank_reward,no_phase_only,60810,5,8,200,true_policy_vs_balanced_pool_shuffle,0.024519644941536314,0.03084967092768662,0.028119642850746706,0.04438224710115954,443,0.5179282868525896
b6i_167,coarse,rank_reward,no_phase_only,60810,5,8,200,true_policy_vs_frequency_matched_random,0.024519644941536314,-0.08059321657629076,0.09491775303595369,0.0027988804478208716,443,0.5179282868525896
b6i_167,coarse,rank_reward,no_phase_only,60810,5,8,200,true_policy_vs_performance_matched_random,0.024519644941536314,0.014883867887407474,0.060163107527246164,0.006397441023590564,443,0.5179282868525896
b6i_167,coarse,rank_reward,no_phase_only,60810,5,8,200,true_policy_vs_within_state_shuffle,0.024519644941536314,-0.05669900202232059,0.08514933447599439,0.001599360255897641,443,0.5179282868525896
b6i_167,coarse,rank_reward,no_phase_only,60810,5,8,200,true_policy_vs_oracle,0.024519644941536314,1.0019491603225386,-1.0154045950673987,1.0,443,0.5179282868525896
b6i_168,coarse,rank_reward,no_suppress,60810,5,8,200,true_policy_vs_balanced_pool_shuffle,0.06728451856412794,-0.009963537246879971,0.057243897745349916,0.004798080767692923,446,0.5179282868525896
b6i_168,coarse,rank_reward,no_suppress,60810,5,8,200,true_policy_vs_frequency_matched_random,0.06728451856412794,-0.08333076903754266,0.13480541476575564,0.0007996801279488205,446,0.5179282868525896
b6i_168,coarse,rank_reward,no_suppress,60810,5,8,200,true_policy_vs_performance_matched_random,0.06728451856412794,-0.009999478985546933,0.07338677607528996,0.007197121151539384,446,0.5179282868525896
b6i_168,coarse,rank_reward,no_suppress,60810,5,8,200,true_policy_vs_within_state_shuffle,0.06728451856412794,-0.05765842646195282,0.12670646284201492,0.00039984006397441024,446,0.5179282868525896
b6i_168,coarse,rank_reward,no_suppress,60810,5,8,200,true_policy_vs_oracle,0.06728451856412794,1.112498704331316,-1.0760973148014945,1.0,446,0.5179282868525896
