representation_arm,topology_arm,n_nodes,n_directed_edges,topology_notes,n_seed_events,mean_seed_strength,total_impulse_budget,mean_bounded_differentiated_recovery,sd_bounded_differentiated_recovery,effect_vs_time_shifted,effect_vs_random_event,p_vs_time_shifted_and_random,D12_D24_recovery_improvement,D12_D24_recovery_improvement_sd,D12_recovery,D12_recovery_sd,D24_recovery,D24_recovery_sd,bounded_non_runaway_score,bounded_non_runaway_score_sd,differentiated_recovery,differentiated_recovery_sd,late_window_stability,late_window_stability_sd,mean_phase_locking,mean_phase_locking_sd,n_events_evaluated,n_events_evaluated_sd,non_collapsed_differentiation_score,non_collapsed_differentiation_score_sd,post_event_readout_score,post_event_readout_score_sd
reverse_only_c_to_ab,no_topology_baseline,12,0,12 nodes with no coupling edges,132,0.08362926138580282,11.039062502925972,0.025846667298824576,0.00225879888303411,0.01507503759111681,0.001712863243896117,0.20408163265306123,0.031938993913539375,0.0031783536237153243,0.7628083153580985,0.011418392186943273,0.6724525236551067,0.014060145054689666,0.9948439021109298,0.0011069495720078316,0.025846667298824576,0.00225879888303411,0.702060938650875,0.03434260696114568,0.08299649956884164,0.016800678037465395,101.0,0.0,0.830113329040381,0.016153766527583355,0.7663817739614044,0.010754322846769387
reverse_only_c_to_ab,c12_1_2,12,48,primary Luke/D12RG normalized readout candidate,132,0.08362926138580282,11.039062502925972,0.032143316955709524,0.002664279235513554,0.017920071202219924,0.0020946934994655816,0.14285714285714285,0.03617744647042937,0.003194372143768491,0.7750994530037132,0.018085224408923146,0.6917519176113908,0.024351506304530198,0.9829911003957478,0.0025893677606057797,0.032143316955709524,0.002664279235513554,0.6395295805605762,0.09262720325514542,0.09023034220410046,0.018447251476695525,101.0,0.0,0.865656562679511,0.015462833406728212,0.7794049266849634,0.01763481526668726
reverse_only_c_to_ab,c12_reversed,12,48,"C12(1,2) with all directed arrows reversed",132,0.08362926138580282,11.039062502925972,0.03269332292159311,0.0028219741031991954,0.019095962766614336,0.007886227004701898,0.02040816326530612,0.036475577564931264,0.003795675955436518,0.7751411298961707,0.016757571223975004,0.6902261559107487,0.022788840241597372,0.9835454474003112,0.002351011136806141,0.03269332292159311,0.0028219741031991954,0.6295182319896546,0.08178838306917574,0.08685221134506492,0.02391779601729667,101.0,0.0,0.8611269360914843,0.011669904407697785,0.7778178920244586,0.016490693939595687
reverse_only_c_to_ab,c12_side_broken,12,48,degree-matched C12 side-correspondence-broken control,132,0.08362926138580282,11.039062502925972,0.006694343282218106,0.002952822030236276,0.0032737565058674413,0.0010291129753134624,0.1836734693877551,0.00935236467867499,0.004140802863132632,0.5836989175201498,0.010466607681715881,0.4962046879732383,0.013734491781527667,0.9400424035021796,0.0018692342470421099,0.006694343282218106,0.002952822030236276,0.8204721432939182,0.04105215188404692,0.1125536272456255,0.021307943314398697,101.0,0.0,0.7857390470845483,0.009632633156449575,0.5888114985613936,0.01094265244877778
reverse_only_c_to_ab,c12_shuffled,12,48,C12 capacity-preserving target-shuffled control,132,0.08362926138580282,11.039062502925972,-0.001071824696032423,0.002146819868523191,-0.0005259259636707356,-0.0023351700411752673,0.7551020408163265,-0.001547493733126468,0.0029878333174246604,0.49894438063485075,0.013124439479042526,0.4880034810654638,0.014892008900737348,0.9400100118957297,0.001850310308048481,-0.001071824696032423,0.002146819868523191,0.8285950873965074,0.03636893399439792,0.09389206916977921,0.023722368860839674,101.0,0.0,0.7561057929113569,0.016889050501030775,0.5174910337064008,0.009494744769407048
reverse_only_c_to_ab,c10,10,40,"C10(1,2) neighbouring-cycle control",132,0.08362926138580282,11.039062502925972,-0.0047149216751131455,0.002554056100401972,-0.0024773733340365893,-0.000846854284102415,0.7346938775510204,-0.005317311391019135,0.003766115237608771,0.44884777332819975,0.014165847749387422,0.49330991632082605,0.013752746994988787,0.9832793184541861,0.0026621157671032967,-0.0047149216751131455,0.002554056100401972,0.8266210343211601,0.03783600002294625,0.09353377270447444,0.020956115149399948,101.0,0.0,0.8335714504897923,0.008131512275948933,0.5012142485225745,0.011304548467825984
reverse_only_c_to_ab,c11,11,44,"C11(1,2) neighbouring-cycle control",132,0.08362926138580282,11.039062502925972,-0.008541827873365895,0.0038931131548886997,-0.005777668525834053,-0.007302265054582539,1.0,-0.009321944454353295,0.0050780801997686205,0.4121926191010457,0.015406971340809433,0.4557527734134406,0.017071426987654077,0.9827390515765245,0.0021980632739871586,-0.008541827873365895,0.0038931131548886997,0.7880599569794379,0.11363159609469248,0.09273980187814991,0.020128240167515882,101.0,0.0,0.8899783922958416,0.0073600374871198825,0.4670518117348914,0.014481174464617753
reverse_only_c_to_ab,c13,13,52,"C13(1,2) neighbouring-cycle control",132,0.08362926138580282,11.039062502925972,-0.0032008869925506515,0.0027070026238836795,-0.001308210318803339,0.002290789805625358,0.46938775510204084,-0.0032551523758997587,0.0031766063759661838,0.49639048837177907,0.013661383151202777,0.4957456854517213,0.014902870189929729,0.982954900548747,0.0020879553571815355,-0.0032008869925506515,0.0027070026238836795,0.8257530627327,0.041577451224151095,0.09156874608147512,0.02142871706437599,101.0,0.0,0.9038940559924299,0.009979515003577402,0.5124542686929817,0.010382831587717325
reverse_only_c_to_ab,c14,14,56,"C14(1,2) neighbouring-cycle control",132,0.08362926138580282,11.039062502925972,-0.0031629609047409105,0.002353055203047897,-0.00042166171407226035,-0.0013286122530522262,0.673469387755102,-0.00373440959742285,0.002976708362843961,0.4879190127303686,0.009178300777997464,0.4915711010674622,0.012668536938621059,0.9808258586065378,0.001455401222010241,-0.0031629609047409105,0.002353055203047897,0.8378463071573212,0.010811527689311916,0.09267889771027825,0.01874143171841206,101.0,0.0,0.9115642590552002,0.009370310183228165,0.5020717138146272,0.010841402222252229
reverse_only_c_to_ab,degree_matched_null,12,48,C12 node/edge-capacity matched null,132,0.08362926138580282,11.039062502925972,-0.004646630896406941,0.0019552978350337613,-0.00661386531062467,-0.001179913025316435,0.8571428571428571,-0.004749847195033348,0.0027681398191582106,0.47934668313001744,0.013780217162536988,0.45298043192483545,0.01874207565683473,0.938257159802701,0.002125236742467305,-0.004646630896406941,0.0019552978350337613,0.648284088793392,0.09421094274871993,0.12477001489104363,0.01877030159708877,101.0,0.0,0.7810718650399066,0.009811136645439518,0.5011191491263898,0.012788728135336741
reverse_only_c_to_ab,edge_count_matched_null,12,48,C12 edge-count matched random directed null,132,0.08362926138580282,11.039062502925972,0.0047171556247099285,0.002337639316061022,0.0037220164428941726,0.0027288104918405526,0.08163265306122448,0.005684733315847495,0.0030679953276211702,0.5613337802092807,0.01329515537259983,0.5325015342030809,0.01501966849298424,0.938549031047224,0.0023271836551193082,0.0047171556247099285,0.002337639316061022,0.8143030127610137,0.05097515759848039,0.13770838193265345,0.022142591600019603,101.0,0.0,0.7551853650632708,0.013999259609123838,0.5752996984801708,0.011314084868886657
reverse_only_c_to_ab,phase_target_shuffled_c12,12,48,"C12(1,2) edges with event targets phase-shuffled before simulation",132,0.08362926138580282,11.039062502925972,0.028824555851546363,0.0029808378592988054,0.027150618474610876,0.025918522232306278,0.02040816326530612,0.02971313739541055,0.0038291540529913144,0.5369138949089062,0.009952102280815677,0.5016086779500911,0.01057086818326125,0.9836989714339791,0.0013916239892735472,0.028824555851546363,0.0029808378592988054,0.07036888823075611,0.06237072103892524,0.18443340797222732,0.018516960747855166,101.0,0.0,0.8826759506679297,0.009043471596822289,0.5890021866296837,0.009019237149846933
reverse_only_c_to_ab,ring_edge_swapped_c12_1_5,12,48,C12 ring-edge-swapped control using 1/5 jumps,132,0.08362926138580282,11.039062502925972,0.026145131800529454,0.0021846263929483087,0.011767092582350761,0.006546915605010122,0.04081632653061224,0.02984593290489927,0.0029008776500061228,0.7306894179939157,0.012140098301935503,0.626493858005088,0.016712584674762804,0.9837941321436056,0.0020944551346422286,0.026145131800529454,0.0021846263929483087,0.707129402990959,0.05089417680633311,0.10868630888538683,0.018637370912136547,101.0,0.0,0.8495958444781205,0.011325566289167905,0.7356858464540079,0.010974747444015165
reverse_only_c_to_ab,ring_edge_swapped_c12_1_7,12,48,C12 ring-edge-swapped control using 1/7 jumps,132,0.08362926138580282,11.039062502925972,0.026355087178136328,0.002772956931766608,0.012321113316003374,-0.0019580378947309865,0.3673469387755102,0.029867321168492045,0.0035255417849127295,0.7312723970573346,0.01687395774077262,0.6251189922201323,0.0245415896687611,0.9840572645412266,0.002185196294419904,0.026355087178136328,0.002772956931766608,0.6922677705864397,0.049256997873588976,0.10856385215253246,0.024100252492868998,101.0,0.0,0.8593146261012005,0.015721964572489835,0.7356037237747236,0.015408812443150125
reverse_only_c_to_ab,ring_share_c12_plus_5,12,72,"C12(1,2) with shared 5-ring proxy edges",132,0.08362926138580282,11.039062502925972,0.027727718114796965,0.0024694589023641494,0.014248343267131775,0.005016061445480238,0.02040816326530612,0.03148174787505948,0.002737237916938413,0.7504209363432036,0.014610200202080268,0.6526437714143092,0.020973855795820808,0.9864311097676083,0.0019001156141479996,0.027727718114796965,0.0024694589023641494,0.7201964960061161,0.05779823417997513,0.1000607620322942,0.019344364408642074,101.0,0.0,0.8572244346881844,0.019666785117644237,0.7542281646375609,0.014274944704347422
reverse_only_c_to_ab,ring_share_c12_plus_7,12,72,"C12(1,2) with shared 7 mod 12 proxy edges",132,0.08362926138580282,11.039062502925972,0.02810279848477344,0.0023055873447556164,0.01434260041831501,0.004548021050519237,0.02040816326530612,0.03218789977638908,0.0034437699213191375,0.7502469344333621,0.00957110747309032,0.6522960462788846,0.015993634097833154,0.986982919381265,0.0015421763599562095,0.02810279848477344,0.0023055873447556164,0.7134709478349445,0.04731778859670521,0.09611079366264748,0.01749739745330302,101.0,0.0,0.850157722411864,0.025512861448787366,0.7541581254347219,0.010032979731682967
reverse_only_c_to_ab,ring_share_c12_plus_10,12,48,"C12(1,2) with shared 10-ring proxy edges",132,0.08362926138580282,11.039062502925972,0.03176327312901797,0.0024961199332588246,0.0183353812310761,0.010328914777343035,0.02040816326530612,0.03564380597176496,0.0030880537843615804,0.7695759072474117,0.014899225223786115,0.6867863747693644,0.020744765386928096,0.9829622298554725,0.002836624220258218,0.03176327312901797,0.0024961199332588246,0.6230768466005624,0.08916569941845298,0.09899135988444611,0.025022677050825778,101.0,0.0,0.8556606732521167,0.019377553701598136,0.77302566421374,0.014816810697670494
reverse_only_c_to_ab,ring_share_c12_plus_11,12,48,"C12(1,2) with shared 11 mod 12 reflective proxy edges",132,0.08362926138580282,11.039062502925972,0.03158556241341251,0.00369916267305343,0.018753816904500488,0.0090281577925557,0.02040816326530612,0.03598410486285019,0.004507588528975532,0.7787671077072639,0.017304978502931452,0.6952862941030035,0.019155913839700132,0.9831213915099056,0.0024971567824202097,0.03158556241341251,0.00369916267305343,0.6382328248861607,0.09582395289653806,0.0869012862516332,0.022917292128526345,101.0,0.0,0.8526752550876399,0.01669539976201682,0.7810232455333725,0.016237322663836273
reverse_plus_endpoint_direct_ab,no_topology_baseline,12,0,12 nodes with no coupling edges,131,0.09069227711431294,11.880688301974995,0.026222770982641187,0.002498598071826036,0.007509632997696053,0.010501341016165698,0.02040816326530612,0.031744402000878316,0.0026024347961379896,0.7647795907202264,0.010479842784192811,0.6923663166249169,0.010386764726635942,0.9947562718679109,0.0008702261065794318,0.026222770982641187,0.002498598071826036,0.7253406186066425,0.04007715257968756,0.0785571224031065,0.016074878267901348,104.0,0.0,0.8340869045335616,0.019849629138928182,0.7695337311859357,0.009519002690255142
reverse_plus_endpoint_direct_ab,c12_1_2,12,48,primary Luke/D12RG normalized readout candidate,131,0.09069227711431294,11.880688301974995,0.028575155218980536,0.002931547472854364,0.012625234311511874,0.0038635593965827067,0.08163265306122448,0.032057320556934804,0.00366548369148906,0.7713321342838929,0.015441039332749403,0.7040395393526965,0.021061386333735267,0.9831417131438568,0.0019644733661970683,0.028575155218980536,0.002931547472854364,0.6404039895857537,0.0245925472869306,0.08468037466508842,0.02270943452541921,104.0,0.0,0.867341636173888,0.01648508941846176,0.7756224274443827,0.014647266832715767
reverse_plus_endpoint_direct_ab,c12_reversed,12,48,"C12(1,2) with all directed arrows reversed",131,0.09069227711431294,11.880688301974995,0.028427092325814026,0.002525914940205955,0.012681427837574338,0.014550987844160337,0.02040816326530612,0.03249377342171842,0.0030811431381640763,0.7763785550623267,0.01263738674614585,0.7085126307084249,0.015374726493479601,0.9832835410805901,0.0014235352726776744,0.028427092325814026,0.002525914940205955,0.6349656515950283,0.025361652899123784,0.07967644217398036,0.01982464039530336,104.0,0.0,0.8627154586681319,0.015937946943595113,0.7802688113705273,0.010762791316262088
reverse_plus_endpoint_direct_ab,c12_side_broken,12,48,degree-matched C12 side-correspondence-broken control,131,0.09069227711431294,11.880688301974995,0.010515037921965552,0.0028517878973954866,0.00401696738244101,0.005886915318667505,0.12244897959183673,0.013953701826589407,0.0038492577892641827,0.5777488530907807,0.017941169112077437,0.47251255257236996,0.01683182628554001,0.9529698089489861,0.0024366702939883455,0.010515037921965552,0.0028517878973954866,0.6142565355354805,0.04930329176648171,0.14898162775735413,0.025659393461883426,104.0,0.0,0.8128493875931285,0.008167724806031307,0.584083264709775,0.015520738551776617
reverse_plus_endpoint_direct_ab,c12_shuffled,12,48,C12 capacity-preserving target-shuffled control,131,0.09069227711431294,11.880688301974995,0.0012540097200060293,0.0021201325399710803,-0.0025360663723629695,-0.0003403159644072031,0.6938775510204082,0.001506659383021902,0.002883746495939811,0.5415721956060018,0.01044291105417364,0.5238969623868908,0.01647640782945704,0.9383658753487518,0.002530510336994223,0.0012540097200060293,0.0021201325399710803,0.8190665494568042,0.06695210544758128,0.1699768984799501,0.02064332264686115,104.0,0.0,0.7782903096628013,0.013251284337525775,0.5566834686241452,0.00846124866713886
reverse_plus_endpoint_direct_ab,c10,10,40,"C10(1,2) neighbouring-cycle control",131,0.09069227711431294,11.880688301974995,-0.00661358965026439,0.0023202265187676654,-0.0027134650543900476,-0.003994527192383127,0.8367346938775511,-0.007592326408761692,0.0031068202617790205,0.45197087377125406,0.013432471737635142,0.5033785014340982,0.012375563790167372,0.9839920575478179,0.0017373644924002334,-0.00661358965026439,0.0023202265187676654,0.799377778917501,0.04809186315354978,0.08358973339391627,0.022221790379047757,104.0,0.0,0.8321238111019755,0.008103446907425604,0.5131752776249834,0.009297593530072137
reverse_plus_endpoint_direct_ab,c11,11,44,"C11(1,2) neighbouring-cycle control",131,0.09069227711431294,11.880688301974995,-0.006690346596761419,0.003634941747052743,0.00375440713576304,-7.731074033570737e-05,0.3469387755102041,-0.0071232344199771815,0.003961841638453845,0.4085333167232857,0.016929390662372656,0.4448832682377466,0.020891861748136637,0.9830424521732212,0.0024033523811994905,-0.006690346596761419,0.003634941747052743,0.7476944902425423,0.10298287682421468,0.0806777568257261,0.020990217033662165,104.0,0.0,0.8939962187705083,0.008826159846747346,0.4571257183863187,0.01529307693793027
reverse_plus_endpoint_direct_ab,c13,13,52,"C13(1,2) neighbouring-cycle control",131,0.09069227711431294,11.880688301974995,-0.0019502659931485162,0.005500842681962689,0.0019660440525249784,0.0016709972989347416,0.30612244897959184,-0.0018541823068385147,0.006081282452392793,0.4911389353613865,0.01138836473444,0.5084881659324851,0.013648588136456136,0.9811082771812396,0.002120090762404934,-0.0019502659931485162,0.005500842681962689,0.7847583531903065,0.08644467131640547,0.09013550895269669,0.020103007833305726,104.0,0.0,0.8976136538617268,0.007552394771218825,0.5196829854451157,0.011023980319891248
reverse_plus_endpoint_direct_ab,c14,14,56,"C14(1,2) neighbouring-cycle control",131,0.09069227711431294,11.880688301974995,-0.006050661535936661,0.0016526675718514126,-0.0014975495966976391,-0.004957310609054058,0.8367346938775511,-0.006289872423485199,0.002254096263434355,0.49159396296430957,0.012678524355086577,0.4898264143290752,0.01528973403530227,0.980608376886333,0.0015805382790613505,-0.006050661535936661,0.0016526675718514126,0.8564840660993379,0.024977160243486188,0.08657475848118963,0.012236452387132151,104.0,0.0,0.9066037527816571,0.005849892077004325,0.5042776736233524,0.014608825084790097
reverse_plus_endpoint_direct_ab,degree_matched_null,12,48,C12 node/edge-capacity matched null,131,0.09069227711431294,11.880688301974995,0.0049116400548193375,0.0022606745253731667,0.0007556256688525994,0.0024330441415645306,0.20408163265306123,0.0062846353028382165,0.003321002069174255,0.5839339775875692,0.01294276260419314,0.5121320511542227,0.012912103510984508,0.9283332599161195,0.00288700188299361,0.0049116400548193375,0.0022606745253731667,0.7672654030975291,0.04647902613640545,0.1574638643887677,0.020118256430344417,104.0,0.0,0.7587105948579244,0.012006663396689196,0.5909950982821401,0.010872114204601893
reverse_plus_endpoint_direct_ab,edge_count_matched_null,12,48,C12 edge-count matched random directed null,131,0.09069227711431294,11.880688301974995,0.00229227362119522,0.0027510793396846563,-0.0018920911597905053,0.0004412581592179853,0.6530612244897959,0.003542682606324401,0.003838223121989163,0.5703972128150511,0.0135823078033646,0.4791008503063688,0.020201690827955348,0.9399776251756022,0.0025175418749084164,0.00229227362119522,0.0027510793396846563,0.7488090315381409,0.022440677366767702,0.1407632402696607,0.01825129317501853,104.0,0.0,0.8015006637234006,0.008101550348527163,0.574471315075937,0.013172333487380103
reverse_plus_endpoint_direct_ab,phase_target_shuffled_c12,12,48,"C12(1,2) edges with event targets phase-shuffled before simulation",131,0.09069227711431294,11.880688301974995,0.017005107246941535,0.0016273558137068363,0.01466462966051233,0.02536106654224616,0.02040816326530612,0.017705783669893418,0.0024514770370820086,0.5043583610365059,0.006733184999960317,0.5011816335582249,0.006625276965611935,0.984380486296704,0.0010562803219102137,0.017005107246941535,0.0016273558137068363,0.2923713725559292,0.021858174996070005,0.1947743730074507,0.018592143940184144,104.0,0.0,0.8870706359903817,0.006788045105174978,0.5641481685111293,0.005102604963862198
reverse_plus_endpoint_direct_ab,ring_edge_swapped_c12_1_5,12,48,C12 ring-edge-swapped control using 1/5 jumps,131,0.09069227711431294,11.880688301974995,0.02959085431909872,0.0024371970032697394,0.00982010545158931,0.005732241694492896,0.04081632653061224,0.0335921330108449,0.003853394952469448,0.7396884311724494,0.01429251959650762,0.6517127165082836,0.017286179065630788,0.9842757122682407,0.0013018836141010552,0.02959085431909872,0.0024371970032697394,0.6406464676799516,0.02137846948262299,0.0996661503941287,0.01312752701864781,104.0,0.0,0.8424949987566653,0.024196860061819807,0.7449001455973084,0.012362570888873079
reverse_plus_endpoint_direct_ab,ring_edge_swapped_c12_1_7,12,48,C12 ring-edge-swapped control using 1/7 jumps,131,0.09069227711431294,11.880688301974995,0.03098978611092164,0.0022194658234722217,0.01012375183318593,0.008693695241353445,0.02040816326530612,0.03485234517541858,0.002518284989010259,0.7390714654780787,0.019016930232195813,0.6490455325404131,0.021526257120706462,0.9846405823352559,0.0022557307793481343,0.03098978611092164,0.0022194658234722217,0.6485948416386728,0.023158634902982752,0.08979290579728738,0.02005189746502945,104.0,0.0,0.8602660923272403,0.01822020585888193,0.745112739671926,0.014398991219465761
reverse_plus_endpoint_direct_ab,ring_share_c12_plus_5,12,72,"C12(1,2) with shared 5-ring proxy edges",131,0.09069227711431294,11.880688301974995,0.029475851837357844,0.002403462369259932,0.010113883600967762,0.006636555575653111,0.02040816326530612,0.03413689537616891,0.0026663522495036077,0.7575152803225246,0.017648663731371843,0.6792221756949525,0.018045823556970524,0.9869888854337244,0.0021737300083418927,0.029475851837357844,0.002403462369259932,0.6441827156485865,0.030955123680430276,0.0919742776416838,0.02652125350403624,104.0,0.0,0.8499365254692673,0.017325696467941958,0.7622401956006977,0.015529634339857067
reverse_plus_endpoint_direct_ab,ring_share_c12_plus_7,12,72,"C12(1,2) with shared 7 mod 12 proxy edges",131,0.09069227711431294,11.880688301974995,0.02938328823124507,0.002508806002672356,0.00987276291950611,0.005588899486721349,0.02040816326530612,0.03307522007433395,0.002735432876517388,0.7484303686929819,0.014723692167438225,0.6686624704669154,0.01801172597291468,0.9870238859439961,0.0017275055028148697,0.02938328823124507,0.002508806002672356,0.6482691189563168,0.03129048030245016,0.09280978648456677,0.020213994671765684,104.0,0.0,0.8549012045065082,0.01960184191210435,0.7539254922680986,0.013352712234982477
reverse_plus_endpoint_direct_ab,ring_share_c12_plus_10,12,48,"C12(1,2) with shared 10-ring proxy edges",131,0.09069227711431294,11.880688301974995,0.02669659917593259,0.002935234897357989,0.008566188533800607,0.006015327874208023,0.08163265306122448,0.03020366796015124,0.0034697957157383635,0.7740887316494595,0.01457762408008195,0.7035126047934422,0.019042646906365167,0.9825815882878844,0.002271888301389794,0.02669659917593259,0.002935234897357989,0.6403088097582278,0.027157684786836587,0.07803016344386589,0.018280638348931674,104.0,0.0,0.8624730212718154,0.01855010316263295,0.7771751251164196,0.013949505096223369
reverse_plus_endpoint_direct_ab,ring_share_c12_plus_11,12,48,"C12(1,2) with shared 11 mod 12 reflective proxy edges",131,0.09069227711431294,11.880688301974995,0.027153347044946232,0.0027279065629907343,0.011616016238092195,0.0019006988854106642,0.16326530612244897,0.030016081079419554,0.003205446441998123,0.7661481878570257,0.01279280870220983,0.6962180805660596,0.017610451049502904,0.9824746022623172,0.002408583862286326,0.027153347044946232,0.0027279065629907343,0.6311713282751952,0.03285920670187703,0.09259171856546906,0.022057298809228815,104.0,0.0,0.8644975257268097,0.014530061618952884,0.7700890196386855,0.012010997100036964
reverse_plus_receiver_ab,no_topology_baseline,12,0,12 nodes with no coupling edges,132,0.07612602277144201,10.048635005830345,0.024288282773927663,0.00345844489000656,0.013463680824925649,0.003159596397587401,0.10204081632653061,0.030022898124329844,0.00403209047902255,0.7379251262762709,0.009646218008653848,0.6581612151864333,0.01032984661919682,0.995181524662602,0.0008338278662273296,0.024288282773927663,0.00345844489000656,0.8394326563060125,0.0354381497320606,0.09986672147281055,0.02098170748049309,91.0,0.0,0.8270524616149881,0.013739896363776483,0.7421901542292559,0.008636268403788254
reverse_plus_receiver_ab,c12_1_2,12,48,primary Luke/D12RG normalized readout candidate,132,0.07612602277144201,10.048635005830345,0.025547972319439564,0.003977963225353349,0.009352954700236726,0.0022341218358482295,0.1836734693877551,0.02909104778981962,0.005201439640643454,0.7445499676139463,0.01374304149169541,0.6574333817512654,0.017745887202703526,0.9802393656117473,0.00223602042602642,0.025547972319439564,0.003977963225353349,0.716702660638107,0.053735375221749496,0.12372424392967046,0.0251736331063936,91.0,0.0,0.8411170964591754,0.01557884146809826,0.7480998228711014,0.013140392216980268
reverse_plus_receiver_ab,c12_reversed,12,48,"C12(1,2) with all directed arrows reversed",132,0.07612602277144201,10.048635005830345,0.026479342001669848,0.002535459710986879,0.010867617039886687,0.005658124406837328,0.02040816326530612,0.030446316083151726,0.0035834711952768324,0.750557126882326,0.011208100682849638,0.6708309191492244,0.0147303220424953,0.9810658268818709,0.0021644099210337848,0.026479342001669848,0.002535459710986879,0.7323612290509537,0.057533606079081534,0.11169390273863063,0.029103477483644283,91.0,0.0,0.8488685824136364,0.017707689344069324,0.7554276300453843,0.010548355646521087
reverse_plus_receiver_ab,c12_side_broken,12,48,degree-matched C12 side-correspondence-broken control,132,0.07612602277144201,10.048635005830345,0.009001329691056282,0.0026987572821549014,0.0014023247818852223,0.00036201305623708574,0.42857142857142855,0.012082498689423975,0.003950109599593557,0.6118628259990558,0.016432282988355095,0.5119706290019547,0.019456111979859747,0.9469761696020007,0.0018235915908697486,0.009001329691056282,0.0026987572821549014,0.8629201721788515,0.020931059646962707,0.1509963222390763,0.02426273057859454,91.0,0.0,0.7553428626964679,0.011374465003271168,0.6167733272074155,0.014085702656276724
reverse_plus_receiver_ab,c12_shuffled,12,48,C12 capacity-preserving target-shuffled control,132,0.07612602277144201,10.048635005830345,0.005105410081506171,0.003427566170144878,0.004366864331413694,-0.0004216423783254715,0.2857142857142857,0.006467319552759441,0.0048693475140181314,0.5496044526146507,0.019138731380434447,0.535056985859972,0.020131306135035252,0.9456659607883667,0.0023504474654328735,0.005105410081506171,0.003427566170144878,0.8019735098643107,0.030666459151400777,0.12514181077631062,0.028975633256467365,91.0,0.0,0.7581150668212707,0.013612457844355512,0.5694905786545208,0.01933733146918533
reverse_plus_receiver_ab,c10,10,40,"C10(1,2) neighbouring-cycle control",132,0.07612602277144201,10.048635005830345,-0.005218851543815052,0.00375418380690144,-0.0003923053189868776,-0.0023193685616412587,0.6122448979591837,-0.006431632644454261,0.004532384408920336,0.44726448471381675,0.015938379158458204,0.4989759140984671,0.01577903057140093,0.9812193875386827,0.003963274496812259,-0.005218851543815052,0.00375418380690144,0.8310688858708959,0.03747599679045419,0.11230420601216233,0.036689753136790806,91.0,0.0,0.821507860127288,0.011986081143227013,0.5077475848239316,0.013145601960342704
reverse_plus_receiver_ab,c11,11,44,"C11(1,2) neighbouring-cycle control",132,0.07612602277144201,10.048635005830345,-0.006861586652485647,0.0037930175290228226,-0.0037333020648486473,0.00040483759315252613,0.6938775510204082,-0.0068410453443732006,0.004911047194507616,0.3985105151100103,0.022169344704558305,0.4737229504888861,0.020483581549144418,0.9799031285385752,0.003406443145780394,-0.006861586652485647,0.0037930175290228226,0.8092723478894053,0.09320062041908646,0.12687607438110057,0.029283555969326386,91.0,0.0,0.8719146618360861,0.011176779600072644,0.4829036424027124,0.01616906108353328
reverse_plus_receiver_ab,c13,13,52,"C13(1,2) neighbouring-cycle control",132,0.07612602277144201,10.048635005830345,-0.0030310011568775875,0.0032737253015691654,0.00028758211215263894,-0.0032612605283508793,0.7142857142857143,-0.00299771830395268,0.004119439160712028,0.49851894435691957,0.010588042187698226,0.49984676497871505,0.015768087290280224,0.9794070769663296,0.0025222338239752904,-0.0030310011568775875,0.0032737253015691654,0.8334885742567263,0.026790777267109666,0.12070254840494025,0.027426205048470917,91.0,0.0,0.8870082732109991,0.01307483464148843,0.5170314509837312,0.009796117083919536
reverse_plus_receiver_ab,c14,14,56,"C14(1,2) neighbouring-cycle control",132,0.07612602277144201,10.048635005830345,-0.0027612934568033427,0.0021670162952016738,-0.0013916738532015508,0.002326060689515385,0.5306122448979592,-0.0034807128494728397,0.0029065960883048634,0.4927879300566123,0.007499409964474792,0.48680582445047166,0.012007832683374707,0.9784136250507123,0.0011697869560609352,-0.0027612934568033427,0.0021670162952016738,0.851099676670624,0.02938858991025595,0.10417913834462755,0.02187793205658664,91.0,0.0,0.8979388272602503,0.01178538288500788,0.5044215773977653,0.007260607803642276
reverse_plus_receiver_ab,degree_matched_null,12,48,C12 node/edge-capacity matched null,132,0.07612602277144201,10.048635005830345,0.0022243556921013254,0.002429049015225257,0.0012656082970143325,-0.0006507778091268176,0.5102040816326531,0.0024101438901085823,0.0037271230971448765,0.5209066906084739,0.012396222225786731,0.5145702028552558,0.012791866143054251,0.9430214817706609,0.0031415707169609214,0.0022243556921013254,0.002429049015225257,0.8286435632225885,0.08524300654187535,0.13794060730858848,0.027439400207098022,91.0,0.0,0.7542154645091531,0.014959751903969764,0.5409207923221956,0.010098221533219024
reverse_plus_receiver_ab,edge_count_matched_null,12,48,C12 edge-count matched random directed null,132,0.07612602277144201,10.048635005830345,0.006297607209680298,0.0023020722110660002,0.0014029406756376596,-0.0027476141119041047,0.5510204081632653,0.00809112870665465,0.0029921611363543208,0.5813018044592125,0.014747938056465694,0.515117074276222,0.015149732132721203,0.9500859145301433,0.0023579338590662005,0.006297607209680298,0.0023020722110660002,0.8315479098819732,0.022171273320734774,0.12754591115151911,0.02194361627792631,91.0,0.0,0.7395304113807709,0.017470243232345587,0.5871146130361603,0.01491211421013354
reverse_plus_receiver_ab,phase_target_shuffled_c12,12,48,"C12(1,2) edges with event targets phase-shuffled before simulation",132,0.07612602277144201,10.048635005830345,0.015623134153945393,0.0024816660899159167,0.00733556683342175,0.013417684787149955,0.02040816326530612,0.017243315677040006,0.0026392166650696276,0.4748645221050472,0.009032158194864434,0.48765427364102143,0.005390417475737682,0.9805324118656832,0.0019477740487695168,0.015623134153945393,0.0024816660899159167,0.2821769677760385,0.09671512402941712,0.21564719756042114,0.020620829630539555,91.0,0.0,0.8641314948523043,0.01045212082721171,0.5439609892039644,0.004522813063550749
reverse_plus_receiver_ab,ring_edge_swapped_c12_1_5,12,48,C12 ring-edge-swapped control using 1/5 jumps,132,0.07612602277144201,10.048635005830345,0.02242001276306696,0.003005124113778002,0.008898956564208476,0.010298452221044257,0.02040816326530612,0.025000577460866424,0.003933270538896595,0.6997366795561214,0.014005389013005482,0.5974573615452289,0.018038285401373165,0.98032666724008,0.002180440033239573,0.02242001276306696,0.003005124113778002,0.8029792910256504,0.029866595242522134,0.13874185180085563,0.02518351650455175,91.0,0.0,0.8434095228655836,0.013631408166056177,0.7041073097900927,0.01239772046809761
reverse_plus_receiver_ab,ring_edge_swapped_c12_1_7,12,48,C12 ring-edge-swapped control using 1/7 jumps,132,0.07612602277144201,10.048635005830345,0.021395684380998165,0.002685648803388959,0.0069832322012375915,0.0004421193589124496,0.24489795918367346,0.023839842874086054,0.00327351182689247,0.6966709247716842,0.014429910993010674,0.5967375283603888,0.01733831245751854,0.9797493641912788,0.0023347749179083855,0.021395684380998165,0.002685648803388959,0.8022473609137964,0.04517231381440328,0.14621743801510115,0.022317402748920433,91.0,0.0,0.8453995682676928,0.012119214367861663,0.7011832834097312,0.013047336548676531
reverse_plus_receiver_ab,ring_share_c12_plus_5,12,72,"C12(1,2) with shared 5-ring proxy edges",132,0.07612602277144201,10.048635005830345,0.024761928361352714,0.003901283234264191,0.010841696725326542,0.0065301492064873574,0.02040816326530612,0.02823402261538585,0.0054250008714020834,0.7260810889567783,0.013852846237704202,0.6383178892777978,0.018308292414548597,0.9854281370177187,0.002255689424123457,0.024761928361352714,0.003901283234264191,0.7937100849417101,0.02691137520482391,0.11334673316127113,0.024337921117944104,91.0,0.0,0.8469088020801531,0.017058371740887302,0.7301557746944938,0.01332676877943002
reverse_plus_receiver_ab,ring_share_c12_plus_7,12,72,"C12(1,2) with shared 7 mod 12 proxy edges",132,0.07612602277144201,10.048635005830345,0.023978954916593655,0.0030440369871560192,0.009095942369191775,-0.0020080901762358945,0.3673469387755102,0.02757062089135533,0.004176412305042392,0.7263939659872456,0.019277928615086683,0.6365299379569098,0.022393875407953193,0.9851521563623719,0.002510723918739175,0.023978954916593655,0.0030440369871560192,0.7998990289923608,0.036294038438082356,0.11781417776711804,0.02949954773427851,91.0,0.0,0.8476462794682833,0.015755669346086302,0.7292590682741157,0.0181716746190943
reverse_plus_receiver_ab,ring_share_c12_plus_10,12,48,"C12(1,2) with shared 10-ring proxy edges",132,0.07612602277144201,10.048635005830345,0.027052539956557365,0.00385142227485212,0.00971840179976884,-0.005329451163717972,0.4897959183673469,0.030649073750273037,0.005062084708875713,0.7450704552226636,0.013350126552127474,0.6646758460437475,0.018894194047836772,0.9807291389747105,0.0028559749325197665,0.027052539956557365,0.00385142227485212,0.7169406290325903,0.041889432047308564,0.11723545726373784,0.02224180863595132,91.0,0.0,0.8501421646370227,0.015539922695963574,0.7501364747327521,0.012940936329480648
reverse_plus_receiver_ab,ring_share_c12_plus_11,12,48,"C12(1,2) with shared 11 mod 12 reflective proxy edges",132,0.07612602277144201,10.048635005830345,0.02685803836762204,0.002755955040257816,0.009880272263398951,0.007194862237568798,0.02040816326530612,0.029980424058825766,0.002912494562212041,0.7425410377206919,0.012160850292239258,0.6595784066765357,0.0157331238908023,0.9801472170565148,0.0025489605357873683,0.02685803836762204,0.002755955040257816,0.7173929256755867,0.050198917462783516,0.11840499974154801,0.019332830378295883,91.0,0.0,0.8516152391439874,0.012446905286492423,0.7465967452589869,0.012451672029015612
reverse_plus_standpoint_ab,no_topology_baseline,12,0,12 nodes with no coupling edges,132,0.07785971110641098,10.277481866046248,0.023457885068132747,0.0029197836390685563,0.012342682213921699,0.010519882380089168,0.02040816326530612,0.029007158245124304,0.0037846721992812883,0.7425156942785108,0.012212274063731305,0.6672357413140828,0.014103120087821934,0.9950825443721941,0.0008145340644994405,0.023457885068132747,0.0029197836390685563,0.8467913146429136,0.023592916356149175,0.08943762009476386,0.017619371680074627,99.0,0.0,0.8205844716356575,0.01744684886423449,0.7466072699246048,0.011086823461836388
reverse_plus_standpoint_ab,c12_1_2,12,48,primary Luke/D12RG normalized readout candidate,132,0.07785971110641098,10.277481866046248,0.029566999822088536,0.0028930875999994684,0.013181001648569807,0.0030389776631533534,0.12244897959183673,0.03413055004956284,0.003796194667156446,0.752349140385601,0.017975858893249874,0.6751230757401746,0.021606352262819956,0.9820074465794876,0.002188750844770484,0.029566999822088536,0.0028930875999994684,0.6623606368761594,0.032823142343140994,0.10005639196120596,0.02249635107450886,99.0,0.0,0.8483975003348093,0.012176177408262403,0.7566592599236918,0.017256944787347607
reverse_plus_standpoint_ab,c12_reversed,12,48,"C12(1,2) with all directed arrows reversed",132,0.07785971110641098,10.277481866046248,0.03129794925454702,0.0026842136047109935,0.015462021486294272,0.015457243274030072,0.02040816326530612,0.03613738786079084,0.0036161405563814404,0.7546306088886512,0.017516393334536952,0.6781245187410548,0.022640755259669784,0.9822033600045352,0.0019241371863214292,0.03129794925454702,0.0026842136047109935,0.6561363941617907,0.04115280634057076,0.09189320939286995,0.022810878788918482,99.0,0.0,0.853100961929513,0.01661207786530946,0.760012096022622,0.016554468742356797
reverse_plus_standpoint_ab,c12_side_broken,12,48,degree-matched C12 side-correspondence-broken control,132,0.07785971110641098,10.277481866046248,-0.007599939431728025,0.002628905596336497,-0.001958180485963016,-0.004755561188055351,0.8775510204081632,-0.009572121658957572,0.0035875288274989864,0.4312425855294147,0.01289585570816457,0.4935250038091524,0.010830797197151482,0.9345381992794327,0.0024104642177325856,-0.007599939431728025,0.002628905596336497,0.707118923927962,0.06968121200886954,0.15125693360423348,0.02613762526872926,99.0,0.0,0.7954952262149607,0.008581919615856633,0.5018988012518512,0.011481884917066707
reverse_plus_standpoint_ab,c12_shuffled,12,48,C12 capacity-preserving target-shuffled control,132,0.07785971110641098,10.277481866046248,0.0011524461005601812,0.002369744665462712,0.00015381383487220483,-0.0012892806306895848,0.6122448979591837,0.002431600319617157,0.0033963726719663918,0.5231293442111747,0.015065783740206453,0.4820511372754725,0.014150401326531468,0.9524531562070914,0.0023836372987962985,0.0011524461005601812,0.002369744665462712,0.8386763376751697,0.019191673541689668,0.10465157975619595,0.029638336336813138,99.0,0.0,0.734701267507067,0.010485341302505646,0.5325747177969085,0.012796436270575718
reverse_plus_standpoint_ab,c10,10,40,"C10(1,2) neighbouring-cycle control",132,0.07785971110641098,10.277481866046248,-0.004882110770150096,0.0029653980292827587,-0.001411993101286293,-0.0008256497972465729,0.6938775510204082,-0.0059531166107835405,0.003977535771530149,0.44963388647526176,0.014916855567914718,0.4985087834973707,0.017248737382441967,0.9819997448611536,0.0027921738602797418,-0.004882110770150096,0.0029653980292827587,0.8415383058408451,0.04174924679824143,0.10189849983655418,0.03063509208184245,99.0,0.0,0.8269379427856572,0.00954302541631482,0.5097709130731897,0.014729359537122072
reverse_plus_standpoint_ab,c11,11,44,"C11(1,2) neighbouring-cycle control",132,0.07785971110641098,10.277481866046248,-0.007034521115187888,0.0028811100096542406,-0.0026511843513646223,0.0062595576930674175,0.3673469387755102,-0.007930178984182214,0.0034163681055351886,0.40751836625832993,0.012458250676138705,0.46213612556801326,0.020261208678536584,0.9827311311257438,0.0025162765515852345,-0.007034521115187888,0.0028811100096542406,0.8513706840827199,0.07592220554424829,0.10644735372112557,0.02254755239526595,99.0,0.0,0.8853276730789709,0.01118946828000564,0.47418416848794215,0.013276045814548727
reverse_plus_standpoint_ab,c13,13,52,"C13(1,2) neighbouring-cycle control",132,0.07785971110641098,10.277481866046248,0.00045583442579306835,0.002571722406405505,0.0003364277727554057,0.0026690914651085126,0.42857142857142855,0.0005670062785506977,0.0030313308669008593,0.4955117134188793,0.01523519732751149,0.5045732137657265,0.015760404422796172,0.9820741204145552,0.0021962023089170915,0.00045583442579306835,0.002571722406405505,0.8497870134687208,0.07263751291234806,0.09895284827396138,0.017319403107681403,99.0,0.0,0.8893749039245145,0.00986404890305219,0.5194106491755807,0.010171738245730545
reverse_plus_standpoint_ab,c14,14,56,"C14(1,2) neighbouring-cycle control",132,0.07785971110641098,10.277481866046248,-0.003709268505822795,0.00228189435159663,-0.0009693404408100347,0.00038274537932050153,0.5918367346938775,-0.0039291948485534545,0.002566759526081226,0.4895542830209038,0.008650388120044296,0.48910679182591094,0.013094288819559617,0.9798379509559774,0.0011248960656432834,-0.003709268505822795,0.00228189435159663,0.858159959343535,0.02778259668183656,0.09443757888573023,0.022483557133416886,99.0,0.0,0.9008596596676549,0.007752818648325933,0.5036780846748204,0.008842235956227589
reverse_plus_standpoint_ab,degree_matched_null,12,48,C12 node/edge-capacity matched null,132,0.07785971110641098,10.277481866046248,0.0037713825004491823,0.0023530766601970337,0.004772071941621064,-0.0019448590198804456,0.3877551020408163,0.005216941397705187,0.0032742930812912838,0.5641744588608469,0.012430986973488286,0.5048261119021341,0.018698365063895737,0.9343380058988835,0.002499048532046756,0.0037713825004491823,0.0023530766601970337,0.802059991257385,0.026645441072034537,0.17009252267289918,0.02814903967114717,99.0,0.0,0.7812741672873674,0.016160971107758364,0.5730454418385701,0.013672596786571832
reverse_plus_standpoint_ab,edge_count_matched_null,12,48,C12 edge-count matched random directed null,132,0.07785971110641098,10.277481866046248,-0.001217765948283072,0.002435045051714761,-0.006634103082620368,-0.008959380167128977,1.0,-0.0014647651961454285,0.0032300665996009732,0.49083254984680735,0.018126124008241786,0.4849732070264798,0.016268860512927096,0.9395884095656136,0.0027445109824589865,-0.001217765948283072,0.002435045051714761,0.77487580363491,0.07156054335162368,0.20636540445704724,0.021649217422315303,99.0,0.0,0.8548467102754874,0.010572372490443517,0.5227433090953216,0.01386228914710773
reverse_plus_standpoint_ab,phase_target_shuffled_c12,12,48,"C12(1,2) edges with event targets phase-shuffled before simulation",132,0.07785971110641098,10.277481866046248,0.019808631468148444,0.004171525570988355,0.013599610368226961,0.008133472433415426,0.02040816326530612,0.020490905066541543,0.005228683684153418,0.5919012062524853,0.009428634052964166,0.5246770971210849,0.008808116617507184,0.9822839810320966,0.0018985609644025178,0.019808631468148444,0.004171525570988355,0.391039616394508,0.1457561478721507,0.17289149746506957,0.020953098994251865,99.0,0.0,0.8680254455584712,0.012420180519844894,0.6070410112757244,0.008826516812505635
reverse_plus_standpoint_ab,ring_edge_swapped_c12_1_5,12,48,C12 ring-edge-swapped control using 1/5 jumps,132,0.07785971110641098,10.277481866046248,0.024192494583509156,0.0021844015054423927,0.008478343798377908,0.0037817090765253913,0.04081632653061224,0.027682525525297135,0.0031679249936587893,0.7015519041178472,0.016791867641168676,0.6030770585009374,0.01789229967708466,0.9816883670465142,0.002133057266744512,0.024192494583509156,0.0021844015054423927,0.7655805278733991,0.03701533400759039,0.12317372065754668,0.021539342119909974,99.0,0.0,0.8488702582700358,0.01318686880199514,0.7079489513946949,0.014055440878832695
reverse_plus_standpoint_ab,ring_edge_swapped_c12_1_7,12,48,C12 ring-edge-swapped control using 1/7 jumps,132,0.07785971110641098,10.277481866046248,0.02460246817718297,0.0023234746218080715,0.009665486621386747,0.005350220481288158,0.08163265306122448,0.028249171241010188,0.003168281991948673,0.6990705219732899,0.020136991078056835,0.6005616931644566,0.028134757627369875,0.9821815576605643,0.002185462580112852,0.02460246817718297,0.0023234746218080715,0.7725415461097319,0.025582534255281914,0.11844533959893673,0.021154716251302094,99.0,0.0,0.8490618163224154,0.015919526909121677,0.705656386238711,0.01843122345877319
reverse_plus_standpoint_ab,ring_share_c12_plus_5,12,72,"C12(1,2) with shared 5-ring proxy edges",132,0.07785971110641098,10.277481866046248,0.026039903278383708,0.0026306909729377345,0.011561153551220895,0.0004528731202724512,0.30612244897959184,0.02985764258014569,0.0036730115630814303,0.7217473816592745,0.017740474245087217,0.6359196997483868,0.021151928388280998,0.9849059557911057,0.002207099054037331,0.026039903278383708,0.0026306909729377345,0.7495947306197305,0.033496594721146106,0.11857940001241409,0.026037248906070794,99.0,0.0,0.8452577001559117,0.015585874403295041,0.7267668268124762,0.015229151705970867
reverse_plus_standpoint_ab,ring_share_c12_plus_7,12,72,"C12(1,2) with shared 7 mod 12 proxy edges",132,0.07785971110641098,10.277481866046248,0.02549270122681478,0.0023129629133719844,0.010967644196879104,0.007566862562033504,0.02040816326530612,0.029820375256378873,0.0038085055338673763,0.7232446731218611,0.013623417427260743,0.6354747339361653,0.01836686242176953,0.985506534050716,0.0021360945170725083,0.02549270122681478,0.0023129629133719844,0.7568287882596664,0.03773331561821255,0.11236991264823941,0.024434719099491197,99.0,0.0,0.839335806839505,0.020386807696784384,0.7271696153838528,0.013126309046295932
reverse_plus_standpoint_ab,ring_share_c12_plus_10,12,48,"C12(1,2) with shared 10-ring proxy edges",132,0.07785971110641098,10.277481866046248,0.028720417309341998,0.0033689847042809398,0.01218121829390615,0.008834039946918351,0.02040816326530612,0.032055210457287486,0.004931776570140689,0.747575548605581,0.01676427152586164,0.6648756283711946,0.02330829053746472,0.9814387057391573,0.002226915086568127,0.028720417309341998,0.0033689847042809398,0.6576639831632124,0.03020939930119906,0.10441095690601365,0.024720514383294503,99.0,0.0,0.8521419236703398,0.015952504595085612,0.7505117463007914,0.016238644169979204
reverse_plus_standpoint_ab,ring_share_c12_plus_11,12,48,"C12(1,2) with shared 11 mod 12 reflective proxy edges",132,0.07785971110641098,10.277481866046248,0.0290310882823509,0.002918968739926602,0.0119334003364092,0.007682989525491665,0.02040816326530612,0.033997314600861944,0.004078769336053855,0.7545682769878667,0.014516100129575705,0.6742533171265794,0.020805868565641986,0.9822345756955331,0.002297098875186684,0.0290310882823509,0.002918968739926602,0.6448419304982141,0.04602156056269451,0.09466942081517034,0.022788874943916165,99.0,0.0,0.8493051934315781,0.01886879262945625,0.757788506128897,0.01508699362747536
reverse_plus_magnitude_ab,no_topology_baseline,12,0,12 nodes with no coupling edges,132,0.07785971110641098,10.277481866046248,0.02388414169270275,0.002375691704297565,0.012020415489687257,0.0024323177903681353,0.04081632653061224,0.02974723400950732,0.002728727468775185,0.7392803304768786,0.013057006342199553,0.6624416080071094,0.013418991131133524,0.9949374653421428,0.0007740254817029872,0.02388414169270275,0.002375691704297565,0.8505845747130772,0.024609679445321754,0.08800374516050247,0.021615186928202135,99.0,0.0,0.8110585878545594,0.022891533463835212,0.7435374145092482,0.011780019896513404
reverse_plus_magnitude_ab,c12_1_2,12,48,primary Luke/D12RG normalized readout candidate,132,0.07785971110641098,10.277481866046248,0.02917959057055267,0.0025849133916572703,0.012260861034418931,0.004553027397670349,0.061224489795918366,0.03323593205177281,0.002835309687678735,0.7467035511073963,0.017563257662659416,0.6671851486982762,0.020962641937475292,0.9813174794596439,0.002030714677770368,0.02917959057055267,0.0025849133916572703,0.6500485925879703,0.03388408830983106,0.10932450982498572,0.02163918429851429,99.0,0.0,0.8522311646308371,0.01462380602702149,0.7507774496310833,0.016203025359914632
reverse_plus_magnitude_ab,c12_reversed,12,48,"C12(1,2) with all directed arrows reversed",132,0.07785971110641098,10.277481866046248,0.03031688736359194,0.0021769251293223923,0.013920722506898874,0.006324810590963625,0.02040816326530612,0.03456836696427267,0.0030420723025072834,0.7542495609992774,0.015564663073349482,0.6763290938520575,0.021923276735626496,0.9821956052853243,0.0021619723698971306,0.03031688736359194,0.0021769251293223923,0.667999254596,0.038989348872737126,0.10046620522342203,0.023969441381154068,99.0,0.0,0.8477952701731368,0.015071175590038026,0.7583114894488041,0.016258017410020833
reverse_plus_magnitude_ab,c12_side_broken,12,48,degree-matched C12 side-correspondence-broken control,132,0.07785971110641098,10.277481866046248,-0.0017191371479459126,0.0030196561059572355,-0.008829978415420544,-0.008496870326468127,1.0,-0.0023141600099023597,0.004317646590552071,0.5196595048763203,0.016429730633419175,0.48847719654375804,0.018313251183629642,0.9475901948918476,0.002125558083541288,-0.0017191371479459126,0.0030196561059572355,0.7232820216924712,0.052846120180545346,0.19977177374666044,0.025433716467207015,99.0,0.0,0.7847333320716499,0.009446627312953638,0.5322685926186461,0.014133803999429234
reverse_plus_magnitude_ab,c12_shuffled,12,48,C12 capacity-preserving target-shuffled control,132,0.07785971110641098,10.277481866046248,0.006935239246626995,0.0034495638034621255,0.0024045240984418657,0.004596535509073397,0.20408163265306123,0.008530891277549014,0.004695386169358789,0.48730341659346627,0.016475525531735893,0.571029529882554,0.02690982595759134,0.9516636559667959,0.0024981517688320515,0.006935239246626995,0.0034495638034621255,0.6748094503300345,0.04227135671294663,0.11572665280357347,0.02267132261197849,99.0,0.0,0.8102257286321762,0.012161590638738054,0.5889626792013299,0.020589739329087416
reverse_plus_magnitude_ab,c10,10,40,"C10(1,2) neighbouring-cycle control",132,0.07785971110641098,10.277481866046248,-0.005867153931292854,0.0036132635911779406,-0.0013081175580241418,-0.0034811132240451484,0.8163265306122449,-0.006835973144125827,0.004587702482304928,0.44925192905425865,0.012548650411813899,0.4913681265496123,0.013633446236542918,0.9835967141043233,0.0028730175920901233,-0.005867153931292854,0.0036132635911779406,0.8400843332656706,0.04205440535217938,0.10097695576960652,0.02715678521473045,99.0,0.0,0.8290673163810164,0.009269211662845304,0.5041131188871812,0.01324801970372937
reverse_plus_magnitude_ab,c11,11,44,"C11(1,2) neighbouring-cycle control",132,0.07785971110641098,10.277481866046248,-0.00645290780154359,0.003296873281112265,-0.0018985218448185183,-0.0020061197724376154,0.7755102040816326,-0.0066890814583616745,0.004190475214515159,0.40874915440875736,0.01714715804942966,0.46732719465744393,0.016105676191244138,0.9827942641485788,0.0025068063527123913,-0.00645290780154359,0.003296873281112265,0.8335352214290835,0.11135167088702462,0.10077043177796019,0.030041751937984012,99.0,0.0,0.8840239693643239,0.01211556265297628,0.4763802280889105,0.011643185533708503
reverse_plus_magnitude_ab,c13,13,52,"C13(1,2) neighbouring-cycle control",132,0.07785971110641098,10.277481866046248,0.0009036979386455897,0.0029428475830546312,0.000509463335240541,0.0031801876962887212,0.30612244897959184,0.0010506448235429343,0.003483413431849691,0.4934471220933549,0.014583804685336866,0.5077812267089988,0.01230914032485606,0.9810445988518254,0.0024085062873889494,0.0009036979386455897,0.0029428475830546312,0.8185340210350786,0.07343912926814383,0.10286340573347452,0.02495212459444574,99.0,0.0,0.8886172694104296,0.010021339600823968,0.5203769019623921,0.009903456475678436
reverse_plus_magnitude_ab,c14,14,56,"C14(1,2) neighbouring-cycle control",132,0.07785971110641098,10.277481866046248,-0.003934142209299176,0.0020621744376699007,-0.0006016400807350836,9.463434160816245e-05,0.5510204081632653,-0.004266628661330054,0.002537358861783992,0.48891619840012507,0.008063374661799455,0.486596478176182,0.010774599297277298,0.9793857980364343,0.0012088644021542166,-0.003934142209299176,0.0020621744376699007,0.8623982502982721,0.023118757921728957,0.0998796497766558,0.020086742507606198,99.0,0.0,0.8972754560097659,0.008924006506864032,0.5004033083267613,0.0051919614646767625
reverse_plus_magnitude_ab,degree_matched_null,12,48,C12 node/edge-capacity matched null,132,0.07785971110641098,10.277481866046248,0.00035442351523556594,0.0025224287792977003,-0.00027360138178484614,-0.0011583784244299795,0.6122448979591837,0.00034550036788139385,0.0038884019459381317,0.5348052817798151,0.011104493787701708,0.5035477433227197,0.01679369637205463,0.9305154462392213,0.0020403282996498363,0.00035442351523556594,0.0025224287792977003,0.8313192747499939,0.03247216713609635,0.11765811319345047,0.022851438877643418,99.0,0.0,0.7782730801931746,0.008688841492419358,0.5528690661655441,0.012450163954307529
reverse_plus_magnitude_ab,edge_count_matched_null,12,48,C12 edge-count matched random directed null,132,0.07785971110641098,10.277481866046248,0.00877666741120384,0.002579683764947257,-0.005365374177981979,-0.006420022059755873,1.0,0.010758253956274938,0.0038271858760199257,0.6476940189137245,0.014773602520723557,0.5461976361268556,0.015424835387134446,0.9578445967578597,0.002277196240748263,0.00877666741120384,0.002579683764947257,0.7720016073570974,0.01554517055507796,0.13503347374242045,0.02728943512885083,99.0,0.0,0.8174783418289889,0.017748946564801724,0.6522182787699632,0.013356015402471848
reverse_plus_magnitude_ab,phase_target_shuffled_c12,12,48,"C12(1,2) edges with event targets phase-shuffled before simulation",132,0.07785971110641098,10.277481866046248,0.011222105715831814,0.0019560918386612794,0.011844172368863216,0.011218559907782245,0.02040816326530612,0.011346523558664565,0.002640238602092443,0.5159624030418932,0.006200016495908334,0.4732395690147037,0.00826798332802438,0.9829148757968119,0.0016230941020326994,0.011222105715831814,0.0019560918386612794,0.5352375990389859,0.05869856079783131,0.21263225145954498,0.021945591904246865,99.0,0.0,0.872069576217675,0.009813327286034373,0.5567080935252335,0.006392616180082045
reverse_plus_magnitude_ab,ring_edge_swapped_c12_1_5,12,48,C12 ring-edge-swapped control using 1/5 jumps,132,0.07785971110641098,10.277481866046248,0.023711123825388508,0.002438669242169576,0.008909754580200137,0.011663435391008134,0.02040816326530612,0.027391606938425326,0.0029274255554930973,0.706728936324875,0.016184027953581686,0.6135080162659413,0.019278463776997126,0.9825209461126984,0.002628197291835702,0.023711123825388508,0.002438669242169576,0.7631111800194778,0.030507769829876234,0.12082464044936099,0.025413269954128983,99.0,0.0,0.8388602190615874,0.017584447023785733,0.7136077540879908,0.014204201612870152
reverse_plus_magnitude_ab,ring_edge_swapped_c12_1_7,12,48,C12 ring-edge-swapped control using 1/7 jumps,132,0.07785971110641098,10.277481866046248,0.023271912673157827,0.0022103386201958656,0.007429806618567805,0.0014285331098145143,0.24489795918367346,0.027006229354325857,0.0026350224502294816,0.7036919797779678,0.016967756054636855,0.6078874813568759,0.021308101241774617,0.9817343099694767,0.0023199216139399405,0.023271912673157827,0.0022103386201958656,0.7693602979591326,0.038919860757738685,0.12744675957747278,0.021765875807744056,99.0,0.0,0.8366989189500833,0.018581634357691633,0.7091047941500062,0.01613075295053527
reverse_plus_magnitude_ab,ring_share_c12_plus_5,12,72,"C12(1,2) with shared 5-ring proxy edges",132,0.07785971110641098,10.277481866046248,0.025596374188067966,0.0028724869878975403,0.010865079577578856,0.0010339911851990555,0.16326530612244897,0.029694072534237198,0.004152517307985888,0.7226548088279637,0.01515659562408239,0.6335829370797147,0.018778949643210557,0.9849910418814076,0.0022778354775263615,0.025596374188067966,0.0028724869878975403,0.751155573807035,0.0366153186811916,0.10880066217478963,0.023880549998681645,99.0,0.0,0.8460142604198477,0.012075492743549372,0.7276585498232752,0.013959235057333855
reverse_plus_magnitude_ab,ring_share_c12_plus_7,12,72,"C12(1,2) with shared 7 mod 12 proxy edges",132,0.07785971110641098,10.277481866046248,0.025245475988144136,0.0025484198901486762,0.009022411344235738,-0.001670414868368636,0.40816326530612246,0.029467266856785367,0.0032744286069804358,0.7215248342596375,0.015386082740282392,0.6322667794480268,0.02022111318714503,0.985204925526172,0.0021057611817514037,0.025245475988144136,0.0025484198901486762,0.7634284127713894,0.036746631808651294,0.11095528186742794,0.022079887729553615,99.0,0.0,0.8397694404885288,0.01854078218195117,0.7263319993010668,0.014727905455192402
reverse_plus_magnitude_ab,ring_share_c12_plus_10,12,48,"C12(1,2) with shared 10-ring proxy edges",132,0.07785971110641098,10.277481866046248,0.02901440534927267,0.002707868360485407,0.013986723998789434,0.007964542816343966,0.02040816326530612,0.03316335941725546,0.003721704090682376,0.748085203320738,0.01570703586488615,0.6687394006566976,0.02099730168008783,0.9812330603493237,0.0028296612403828415,0.02901440534927267,0.002707868360485407,0.6377103190094445,0.05162209713657667,0.09889085967369454,0.023100064078357352,99.0,0.0,0.8515268181369663,0.0138003337622992,0.7527081177336091,0.015803176242230526
reverse_plus_magnitude_ab,ring_share_c12_plus_11,12,48,"C12(1,2) with shared 11 mod 12 reflective proxy edges",132,0.07785971110641098,10.277481866046248,0.03025248927472934,0.0023606309265323095,0.014200043221803613,0.010663190856735776,0.02040816326530612,0.034402768158976985,0.002637604473802426,0.7464760217667775,0.010495723858293157,0.6658588124087699,0.014549693300775102,0.9819031169828462,0.0020142436391724127,0.03025248927472934,0.0023606309265323095,0.6460094249178024,0.048998457823132516,0.10864013222470688,0.017663778680002077,99.0,0.0,0.852297906588077,0.015289058965108807,0.7504038226061637,0.010671368781739085
reverse_plus_receiver_standpoint_ab,no_topology_baseline,12,0,12 nodes with no coupling edges,132,0.07488311474271073,9.884571146037816,0.02366742463378078,0.0025574681506119103,0.016161099770502466,0.0009465555564818415,0.24489795918367346,0.028747890967685635,0.0032256348644443896,0.7243907468661542,0.010750049512835175,0.6339034694989781,0.011781103495557244,0.9949618871930687,0.0007705936624901946,0.02366742463378078,0.0025574681506119103,0.8507720458181348,0.01838257427685551,0.10089811118745988,0.022628698152165987,96.0,0.0,0.8296954783051097,0.017682067145828755,0.7288047073944011,0.010020334364344987
reverse_plus_receiver_standpoint_ab,c12_1_2,12,48,primary Luke/D12RG normalized readout candidate,132,0.07488311474271073,9.884571146037816,0.02669989131477869,0.004603174442393706,0.013438587863335006,0.0045312911474977915,0.08163265306122448,0.029907460790713113,0.005834212295274281,0.730784679488313,0.0167877943057366,0.6435421585498059,0.022082561423575044,0.979854926178152,0.0023807306470441333,0.02669989131477869,0.004603174442393706,0.7063314348809949,0.07225178112271252,0.11777289986289614,0.02899043815459774,96.0,0.0,0.8540403470956438,0.017618554222536206,0.7342392139059429,0.01666495786527033
reverse_plus_receiver_standpoint_ab,c12_reversed,12,48,"C12(1,2) with all directed arrows reversed",132,0.07488311474271073,9.884571146037816,0.027821751205419912,0.0036832221499560154,0.014554572295554267,0.004945598707673207,0.02040816326530612,0.031184617445536727,0.0044649669421604485,0.734966941554159,0.013911377299981499,0.6520060401765577,0.01931368007664474,0.9812286865485303,0.0023742127838260975,0.027821751205419912,0.0036832221499560154,0.7402374852445011,0.04958405850801447,0.11887626482030256,0.021815066082854887,96.0,0.0,0.853587537044806,0.014667792659152124,0.7406096402451796,0.014041636375359753
reverse_plus_receiver_standpoint_ab,c12_side_broken,12,48,degree-matched C12 side-correspondence-broken control,132,0.07488311474271073,9.884571146037816,0.0031251549576924776,0.002846582485606981,0.0016889648660990038,0.0019611615358083416,0.2653061224489796,0.004123636220289861,0.004317237219090402,0.588304328940383,0.017095012841152796,0.49190035878177807,0.01558365494472505,0.9463786600219856,0.0017744687272490086,0.0031251549576924776,0.002846582485606981,0.7869275698172146,0.03078085326798463,0.136375054723433,0.02413218555459391,96.0,0.0,0.746963194284052,0.01449376246084254,0.5949513590614125,0.014649525154949097
reverse_plus_receiver_standpoint_ab,c12_shuffled,12,48,C12 capacity-preserving target-shuffled control,132,0.07488311474271073,9.884571146037816,0.007445602654339902,0.002929977605394634,0.0030576766898663555,0.00535311549315367,0.10204081632653061,0.009615417886288181,0.004360458594042039,0.563512419138679,0.013870275422855951,0.49572882892472797,0.014613858623587632,0.9440849792641094,0.0016220796797665176,0.007445602654339902,0.002929977605394634,0.7746226248546964,0.046345259493629234,0.1745533810278761,0.02360575868385864,96.0,0.0,0.7655147947429594,0.01506586699422149,0.5724968624204747,0.011360384556291885
reverse_plus_receiver_standpoint_ab,c10,10,40,"C10(1,2) neighbouring-cycle control",132,0.07488311474271073,9.884571146037816,-0.004866411827586751,0.00416505006252445,-0.0002915167088508204,0.0019019328189275961,0.42857142857142855,-0.005960629914283015,0.005434657466394433,0.44792405470391966,0.01499646021822415,0.49747548469986835,0.018730593946753065,0.9818389525856382,0.0027350732204622767,-0.004866411827586751,0.00416505006252445,0.8392259516123116,0.038280535986655,0.1202336184056572,0.029834864858088454,96.0,0.0,0.8234838232911564,0.011119776689630101,0.5072756115581956,0.015337347434198127
reverse_plus_receiver_standpoint_ab,c11,11,44,"C11(1,2) neighbouring-cycle control",132,0.07488311474271073,9.884571146037816,-0.0076094456746258225,0.0032342360996882136,-0.007112336325290046,0.004194402761491062,0.5510204081632653,-0.007669645520691486,0.0037360686040172515,0.40365720266070976,0.016046123822004862,0.4628953352935043,0.0178632135799534,0.9813607344887162,0.0027171701090500052,-0.0076094456746258225,0.0032342360996882136,0.857308563618719,0.05132585417768383,0.11619717280182562,0.028209079150800197,96.0,0.0,0.8799373175040038,0.0116443469202234,0.47500517409524484,0.012972692791673084
reverse_plus_receiver_standpoint_ab,c13,13,52,"C13(1,2) neighbouring-cycle control",132,0.07488311474271073,9.884571146037816,0.0010261814449466103,0.002856154917458495,0.002535594407682965,0.003925492997268199,0.08163265306122448,0.0017385645406969418,0.0037200230758392674,0.5014331301001863,0.010300723610754889,0.515646369634118,0.01304534981964187,0.9786352390260395,0.0023641035191041618,0.0010261814449466103,0.002856154917458495,0.8212061491695869,0.03385419192083076,0.1296027559108401,0.024960168531313564,96.0,0.0,0.8845130261558275,0.011646846170534594,0.5271447033199248,0.010453874407782341
reverse_plus_receiver_standpoint_ab,c14,14,56,"C14(1,2) neighbouring-cycle control",132,0.07488311474271073,9.884571146037816,-1.4598323396680454e-05,0.002360871432935891,0.001895625555929904,0.0033725796302863102,0.16326530612244897,-7.540262885681979e-05,0.0031010135989047493,0.49733602449234776,0.012125648467723918,0.4925268597177271,0.011395847080878804,0.9772601387655245,0.0012398619435241634,-1.4598323396680454e-05,0.002360871432935891,0.8500969531902823,0.01973431744523915,0.12319926217524124,0.021955876496867942,96.0,0.0,0.8973748411373625,0.011053826152172489,0.511486304684985,0.012281838071415562
reverse_plus_receiver_standpoint_ab,degree_matched_null,12,48,C12 node/edge-capacity matched null,132,0.07488311474271073,9.884571146037816,-0.0005408180241149783,0.0031825843158582064,-0.006208497587450271,-0.0007620133762995867,0.8367346938775511,-0.0007289415439593741,0.004351652335285702,0.5012219381684203,0.01607891707131271,0.4841528875600473,0.02366706877134119,0.9507384171052055,0.0023460539693240315,-0.0005408180241149783,0.0031825843158582064,0.7944946902216344,0.04168179214901445,0.15050951376525357,0.025852946190708267,96.0,0.0,0.7924961018030497,0.010373896086946386,0.5245086597573588,0.014573988288190343
reverse_plus_receiver_standpoint_ab,edge_count_matched_null,12,48,C12 edge-count matched random directed null,132,0.07488311474271073,9.884571146037816,0.00502681416609361,0.0027939386124376012,1.059392576447521e-05,-0.005835197077765628,0.7959183673469388,0.006556932704595747,0.004145091073623721,0.5914224502525179,0.016106163216629582,0.497341179201,0.017560845289941045,0.9501289411229165,0.0020194484487222166,0.00502681416609361,0.0027939386124376012,0.7486531114473923,0.05636535072245471,0.20071041040713752,0.02668029194427011,96.0,0.0,0.7921688019148906,0.014565778814414822,0.5975894287917936,0.01571765785672656
reverse_plus_receiver_standpoint_ab,phase_target_shuffled_c12,12,48,"C12(1,2) edges with event targets phase-shuffled before simulation",132,0.07488311474271073,9.884571146037816,0.014732031707504159,0.0035171816643831968,0.004048193587492853,-0.0026773756085532383,0.46938775510204084,0.015318142672817461,0.004728910141199933,0.5868782757797465,0.011613070731952318,0.5511860499493907,0.009588624952330822,0.9811312266368247,0.001764379695278061,0.014732031707504159,0.0035171816643831968,0.34600129739545693,0.09579346783901449,0.18498977675932737,0.02791642494212504,96.0,0.0,0.8590363166882392,0.011494277592556517,0.6217039223845912,0.012315146583685
reverse_plus_receiver_standpoint_ab,ring_edge_swapped_c12_1_5,12,48,C12 ring-edge-swapped control using 1/5 jumps,132,0.07488311474271073,9.884571146037816,0.021323430895767687,0.0021097927112075808,0.009401175480102235,0.01001810811340706,0.02040816326530612,0.02455582340608017,0.003204306285128566,0.689121310133585,0.022255176296661332,0.5758760799825947,0.030339918555495192,0.9807036072378423,0.003031178019936134,0.021323430895767687,0.0021097927112075808,0.8621805758990356,0.03521423131308214,0.13365619788042368,0.032756620300059804,96.0,0.0,0.8440927588232178,0.01597147517530763,0.6931073896363888,0.020739835097141203
reverse_plus_receiver_standpoint_ab,ring_edge_swapped_c12_1_7,12,48,C12 ring-edge-swapped control using 1/7 jumps,132,0.07488311474271073,9.884571146037816,0.02014705103781811,0.002770442429252113,0.006889196156188776,0.00018065750587878057,0.2653061224489796,0.023110229910447522,0.0035365187542471394,0.6815951406032396,0.022703405598213478,0.5706669269074175,0.027806505353057235,0.9801507884416791,0.0028014270115106067,0.02014705103781811,0.002770442429252113,0.8528727858987781,0.032933848343678025,0.1358318111017305,0.025708317317414003,96.0,0.0,0.8472746971415545,0.014048695081505205,0.6895846645373634,0.019894229685520005
reverse_plus_receiver_standpoint_ab,ring_share_c12_plus_5,12,72,"C12(1,2) with shared 5-ring proxy edges",132,0.07488311474271073,9.884571146037816,0.022899806729265882,0.0029570688343550705,0.011508170452896519,0.005054114510052325,0.02040816326530612,0.0260593546114625,0.0038756287399080783,0.7069024555826635,0.018625795901688436,0.6065380481588399,0.024223949242330914,0.9840478178430273,0.0029838655724030634,0.022899806729265882,0.0029570688343550705,0.8506202694143855,0.032629709867665266,0.12630551624506356,0.0364474667748514,96.0,0.0,0.8456366825274927,0.0181838659998015,0.7112704645481848,0.018047517685831606
reverse_plus_receiver_standpoint_ab,ring_share_c12_plus_7,12,72,"C12(1,2) with shared 7 mod 12 proxy edges",132,0.07488311474271073,9.884571146037816,0.022213085052943216,0.004127097050666855,0.011170577791101371,-0.005455880472801888,0.5102040816326531,0.02474404355051112,0.005183284699353087,0.7022270907134764,0.017858646706346102,0.5987529685268943,0.024246427434565267,0.9831271491758548,0.002756417632031326,0.022213085052943216,0.004127097050666855,0.8421801736526345,0.045820816397613665,0.1363100120207886,0.03105947332387306,96.0,0.0,0.8529877747608142,0.01667205586552889,0.7062423548401574,0.016862352119864022
reverse_plus_receiver_standpoint_ab,ring_share_c12_plus_10,12,48,"C12(1,2) with shared 10-ring proxy edges",132,0.07488311474271073,9.884571146037816,0.025925284556793587,0.004435518633127885,0.012557365309289472,0.008685480410104626,0.02040816326530612,0.028749360815752818,0.005433748168856782,0.7280637580299273,0.016902826907281534,0.6405953722754791,0.021279333679706462,0.9799641186061727,0.002511943305222647,0.025925284556793587,0.004435518633127885,0.7056991995238873,0.06106089850656461,0.12029723490372389,0.028049823418977597,96.0,0.0,0.8544658890633702,0.015239019908998862,0.7334053370857113,0.017356139389318636
reverse_plus_receiver_standpoint_ab,ring_share_c12_plus_11,12,48,"C12(1,2) with shared 11 mod 12 reflective proxy edges",132,0.07488311474271073,9.884571146037816,0.02733714382177034,0.004554451279856595,0.01448839555789124,5.432960784351043e-06,0.2653061224489796,0.031140102367871486,0.005724331419310195,0.7364497421073284,0.014834833460763587,0.6497877987725478,0.019983007473534025,0.9810427919686647,0.0024483295639729816,0.02733714382177034,0.004554451279856595,0.7273693222127388,0.05815808219326991,0.11395648232819999,0.025194748072590718,96.0,0.0,0.852385526966021,0.015381636272768562,0.7403260749287152,0.014339769960038645
reverse_plus_receiver_magnitude_ab,no_topology_baseline,12,0,12 nodes with no coupling edges,132,0.07488311474271073,9.884571146037816,0.024457132019702035,0.0028281009423104094,0.015513518366651763,-0.002627531300019574,0.40816326530612246,0.02980443206185311,0.003421132418112192,0.7288209458142624,0.013262881051744562,0.6381429374696465,0.011853768423483872,0.9948326242308051,0.000985369218259069,0.024457132019702035,0.0028281009423104094,0.8231047536791105,0.05008450611376151,0.09786550956371787,0.02346545880648675,96.0,0.0,0.8312290107846954,0.01205027814343347,0.7333143297958414,0.011814025066671207
reverse_plus_receiver_magnitude_ab,c12_1_2,12,48,primary Luke/D12RG normalized readout candidate,132,0.07488311474271073,9.884571146037816,0.026685828460271954,0.0039720161205197965,0.013539723316399225,0.017897862910437608,0.02040816326530612,0.029309499130125094,0.004471540058344661,0.7333531170304098,0.01835498367144503,0.644633643438722,0.021163084218711655,0.9809828719477496,0.003091325542200949,0.026685828460271954,0.0039720161205197965,0.7207587561593324,0.05014941667448052,0.12044751837750427,0.02822168837709667,96.0,0.0,0.8593054561683059,0.015183161651973764,0.7373836915458977,0.017000583002646463
reverse_plus_receiver_magnitude_ab,c12_reversed,12,48,"C12(1,2) with all directed arrows reversed",132,0.07488311474271073,9.884571146037816,0.026700758058408436,0.004529337091506345,0.012364602279838504,-0.0003729754436245132,0.30612244897959184,0.030409672802189314,0.005602732826147714,0.7355201430145257,0.01683500248904313,0.6497439466546714,0.02151840863063305,0.9806815193368128,0.0029333134203730574,0.026700758058408436,0.004529337091506345,0.7155745112293133,0.06844550113175644,0.11353447871770606,0.02903956131575439,96.0,0.0,0.8484584910179279,0.018041102156236628,0.7394611804291206,0.01763280146838005
reverse_plus_receiver_magnitude_ab,c12_side_broken,12,48,degree-matched C12 side-correspondence-broken control,132,0.07488311474271073,9.884571146037816,0.0046622824633929735,0.0029778809502299217,0.0027520998533278338,0.004453311038616986,0.10204081632653061,0.0056528618183303075,0.004498884310928267,0.5614653113893486,0.016510276286709813,0.5389760131889568,0.010856965304399897,0.9345896262761119,0.0014043174393502278,0.0046622824633929735,0.0029778809502299217,0.7652045627017312,0.02771972246292911,0.1421020852886349,0.02978447776803794,96.0,0.0,0.7847869128371275,0.014227723024534112,0.5846485001915519,0.01268936329678471
reverse_plus_receiver_magnitude_ab,c12_shuffled,12,48,C12 capacity-preserving target-shuffled control,132,0.07488311474271073,9.884571146037816,-0.003731390106663117,0.0027929773228546183,-0.006113846662104895,-0.008398871194863242,0.9795918367346939,-0.004043472866623723,0.003956488456574369,0.48704913531603555,0.018030868191877256,0.4662315755576915,0.02298921210067479,0.9473006075564925,0.002891763458256662,-0.003731390106663117,0.0027929773228546183,0.7934637529759049,0.037438358372931205,0.17690227103240966,0.02774503330614813,96.0,0.0,0.8099519136368866,0.011349638439579552,0.5048152497895781,0.017704247131078942
reverse_plus_receiver_magnitude_ab,c10,10,40,"C10(1,2) neighbouring-cycle control",132,0.07488311474271073,9.884571146037816,-0.004078854673483568,0.00356814056741021,-0.00016092400700480364,-0.0014541740541688087,0.5714285714285714,-0.005035896853657196,0.004534016292570989,0.4518143933431225,0.0190197847135931,0.4996056553073526,0.015152054836750589,0.9815901348840818,0.0027318765822979567,-0.004078854673483568,0.00356814056741021,0.8443175379310132,0.048051972483423806,0.108270161453399,0.029865685727962096,96.0,0.0,0.8252150417453281,0.009699921972215007,0.509105213683476,0.012965558340935778
reverse_plus_receiver_magnitude_ab,c11,11,44,"C11(1,2) neighbouring-cycle control",132,0.07488311474271073,9.884571146037816,-0.007142953043971723,0.0041094825692866675,-0.006000348154220736,-0.0050266806696004,0.9183673469387755,-0.007289110178758044,0.005026130469584528,0.4113351141538206,0.017089401677109626,0.4585166492557186,0.018680481557470187,0.9811477214939727,0.0023282605286659114,-0.007142953043971723,0.0041094825692866675,0.8310669339640221,0.07590068813126213,0.11365454076928577,0.026207348128515186,96.0,0.0,0.8778493600267119,0.009752535827807178,0.47149030913531115,0.012434480125766277
reverse_plus_receiver_magnitude_ab,c13,13,52,"C13(1,2) neighbouring-cycle control",132,0.07488311474271073,9.884571146037816,-0.0013513054635521122,0.0026675307427373794,7.369199842986143e-05,-0.0005488920783496704,0.4897959183673469,-0.0018899897331702087,0.003788503496072753,0.49958129354355635,0.01011551772570124,0.5086173400771844,0.01267002428843984,0.9789407976211284,0.0027578467041297072,-0.0013513054635521122,0.0026675307427373794,0.8178789427097005,0.03521372246263437,0.12587466854225082,0.030553213142642137,96.0,0.0,0.8805665748908629,0.014714669177458076,0.5222203580323826,0.008485015415002338
reverse_plus_receiver_magnitude_ab,c14,14,56,"C14(1,2) neighbouring-cycle control",132,0.07488311474271073,9.884571146037816,-0.0002890380048946629,0.002818371715429276,0.0011911025229914337,0.004412473521874301,0.10204081632653061,-0.00019843974642731917,0.0035263980487013516,0.49862947389098417,0.013619352886287366,0.4964135540928564,0.0070052561190964095,0.9769930387595854,0.0014569891274505524,-0.0002890380048946629,0.002818371715429276,0.8454248936281394,0.024521473642420178,0.10616959493226032,0.020899234860271707,96.0,0.0,0.9005987627149489,0.009872146904027808,0.5146409602456455,0.008893704266593158
reverse_plus_receiver_magnitude_ab,degree_matched_null,12,48,C12 node/edge-capacity matched null,132,0.07488311474271073,9.884571146037816,0.0022129711007054654,0.0028724443359047207,8.333271639446044e-05,0.0022742080715033295,0.2857142857142857,0.0031228276973054984,0.0041762510225473205,0.5466688716033875,0.0160094461876882,0.49183493911351334,0.015320801086626683,0.9426279865782066,0.002869502452441203,0.0022129711007054654,0.0028724443359047207,0.7877105897460398,0.05176385084666326,0.18201114487271738,0.03136330845571661,96.0,0.0,0.7933434144915488,0.011365397365799125,0.5532609153652795,0.012431222535645214
reverse_plus_receiver_magnitude_ab,edge_count_matched_null,12,48,C12 edge-count matched random directed null,132,0.07488311474271073,9.884571146037816,0.0012207560928406784,0.0020522913852881494,-0.0017295155780413334,-0.001302840816200986,0.7142857142857143,0.0018249011293136423,0.0025502916901704057,0.5491997030210019,0.01615607137077187,0.5146746376429748,0.020346547570441048,0.9269405048984384,0.002694034630915644,0.0012207560928406784,0.0020522913852881494,0.7851805542528713,0.03181909991890247,0.19024397074744812,0.02457364918328868,96.0,0.0,0.7984829227331446,0.012555352483945124,0.563532002924704,0.014878314448216367
reverse_plus_receiver_magnitude_ab,phase_target_shuffled_c12,12,48,"C12(1,2) edges with event targets phase-shuffled before simulation",132,0.07488311474271073,9.884571146037816,0.003927442783684847,0.002964213948454741,-0.0005308116398418652,0.0004705106400198682,0.46938775510204084,0.0042147255211572145,0.0043901775430860435,0.49412290682203963,0.007957419690578496,0.48746286917875037,0.007136045708336574,0.9814499771452455,0.0013141108762289534,0.003927442783684847,0.002964213948454741,0.38072191100010294,0.06457424512461395,0.23613613557497037,0.0165613595752554,96.0,0.0,0.8642806575803932,0.009652970834702195,0.5554960205790299,0.007501785176431411
reverse_plus_receiver_magnitude_ab,ring_edge_swapped_c12_1_5,12,48,C12 ring-edge-swapped control using 1/5 jumps,132,0.07488311474271073,9.884571146037816,0.01973445062686443,0.003391302309108227,0.0071927668525089625,-0.002905465044470753,0.4897959183673469,0.022334631816427353,0.004795400389064718,0.6809774201571838,0.02161531900976983,0.5701630730141859,0.02584722540753,0.9799210137126836,0.0029937297942522244,0.01973445062686443,0.003391302309108227,0.8505878818085938,0.04048434046595228,0.14332582375305333,0.03122948703435964,96.0,0.0,0.8485458883191016,0.015722523865155283,0.6881223975784366,0.020090088360875426
reverse_plus_receiver_magnitude_ab,ring_edge_swapped_c12_1_7,12,48,C12 ring-edge-swapped control using 1/7 jumps,132,0.07488311474271073,9.884571146037816,0.020485098219881,0.0031911196265101464,0.00733407606978333,-0.006158204718653328,0.5102040816326531,0.023220513876017233,0.004088099813152756,0.6840895516090457,0.02246427136147189,0.5722210022675496,0.027453378851782492,0.9809677749161757,0.0031681352426407515,0.020485098219881,0.0031911196265101464,0.856408455131097,0.032161597373787626,0.1354855948252308,0.030729313381760253,96.0,0.0,0.8532524531449027,0.016811282576415204,0.6904294190236561,0.019937441059445535
reverse_plus_receiver_magnitude_ab,ring_share_c12_plus_5,12,72,"C12(1,2) with shared 5-ring proxy edges",132,0.07488311474271073,9.884571146037816,0.02357543773037178,0.0026469689863077715,0.012011684948756082,0.0009756797613871965,0.20408163265306123,0.026691066011309748,0.003508309785164129,0.7061126688799559,0.016493865880981597,0.6067283325250342,0.022208049016212015,0.9840779959303526,0.0024448805786872366,0.02357543773037178,0.0026469689863077715,0.8552060079337213,0.026915418323069516,0.13302573133521925,0.02855779649627811,96.0,0.0,0.8490351423566832,0.013064707597813837,0.7114766305504917,0.01556538710738419
reverse_plus_receiver_magnitude_ab,ring_share_c12_plus_7,12,72,"C12(1,2) with shared 7 mod 12 proxy edges",132,0.07488311474271073,9.884571146037816,0.022282497808379657,0.004129316161718582,0.011109070679016318,-0.00013167048384113075,0.30612244897959184,0.025793702557257228,0.005524020674925828,0.7039639779950303,0.018223396099482106,0.6057419462446733,0.02398493879954667,0.9837477934547335,0.0028074996036909733,0.022282497808379657,0.004129316161718582,0.836593929895467,0.05472464978154445,0.13018641758220387,0.03083931683651207,96.0,0.0,0.8403087599535392,0.018145898685656196,0.7103217510344643,0.016557531796503624
reverse_plus_receiver_magnitude_ab,ring_share_c12_plus_10,12,48,"C12(1,2) with shared 10-ring proxy edges",132,0.07488311474271073,9.884571146037816,0.028113020898728826,0.003681430654982365,0.014440034100363873,0.006195936095526041,0.061224489795918366,0.03143623473977386,0.0045766387740394055,0.7353899709432108,0.014246882171525846,0.6487853360986581,0.018518615906615854,0.980682120475668,0.0023421981236046675,0.028113020898728826,0.003681430654982365,0.7376211901706621,0.061625546861451864,0.11833089640763518,0.02613021656381193,96.0,0.0,0.8574851957404706,0.014535469638488405,0.7388706318415242,0.013854212597957558
reverse_plus_receiver_magnitude_ab,ring_share_c12_plus_11,12,48,"C12(1,2) with shared 11 mod 12 reflective proxy edges",132,0.07488311474271073,9.884571146037816,0.02535307474166632,0.004986702583260756,0.01131187828071275,0.0047470103756635275,0.02040816326530612,0.02830811043907051,0.006127126480576641,0.732922170972822,0.018603085158661346,0.6426327222878538,0.02147171315521816,0.9805122539683232,0.0024088827019739583,0.02535307474166632,0.004986702583260756,0.723974517436711,0.059849678298914806,0.11814807391378228,0.031596655843747955,96.0,0.0,0.8517828177822041,0.016290155265720894,0.7370769685225701,0.01822167883982016
reverse_plus_standpoint_magnitude_ab,no_topology_baseline,12,0,12 nodes with no coupling edges,132,0.07682183970396457,10.140482840923323,0.024623431562324594,0.002200253742464703,0.011862032062725089,0.004861408473107912,0.08163265306122448,0.03010601847980059,0.003129971386980223,0.7348047705934819,0.013153672507598404,0.6558864174298972,0.01476559848873977,0.9943108921614403,0.0011227214744736636,0.024623431562324594,0.002200253742464703,0.8700486613913972,0.01762299186133127,0.09449887758829124,0.014215423171337609,100.0,0.0,0.8206567965213233,0.022982162017254962,0.7400631778331254,0.011634819494873556
reverse_plus_standpoint_magnitude_ab,c12_1_2,12,48,primary Luke/D12RG normalized readout candidate,132,0.07682183970396457,10.140482840923323,0.02982126821253962,0.003588424409146372,0.013832551181104692,0.011445489051769432,0.02040816326530612,0.03400897433756115,0.004017380156217835,0.7391435594146752,0.016427714750575265,0.657628908040477,0.019931055699959937,0.980877853873881,0.0021872839707604975,0.02982126821253962,0.003588424409146372,0.6869427194030452,0.04259844123907011,0.11288876666145871,0.022315477527530804,100.0,0.0,0.851416516846046,0.013015839026920713,0.7427601229924564,0.015675261698665597
reverse_plus_standpoint_magnitude_ab,c12_reversed,12,48,"C12(1,2) with all directed arrows reversed",132,0.07682183970396457,10.140482840923323,0.030297302800959314,0.0032645688409980536,0.014399792112569393,0.018894362825581185,0.02040816326530612,0.03461186970949387,0.0032507951781832276,0.7473362852442866,0.012744555824048202,0.6681060105190503,0.017152900079062484,0.9817230798068858,0.0019608602938114045,0.030297302800959314,0.0032645688409980536,0.6805097260694212,0.04471696479312238,0.0980978649749467,0.0206623330270714,100.0,0.0,0.8510757561608635,0.017888452782558656,0.7512899393946845,0.01208489571020681
reverse_plus_standpoint_magnitude_ab,c12_side_broken,12,48,degree-matched C12 side-correspondence-broken control,132,0.07682183970396457,10.140482840923323,0.0027342829874495342,0.0021442949184504647,0.0018088788334954535,-0.003952494985804597,0.5918367346938775,0.0031148626352800364,0.0032207988846402274,0.5535368595371848,0.01675119879515258,0.46177429160311695,0.019806163988756117,0.9440049448731521,0.0020347521298768423,0.0027342829874495342,0.0021442949184504647,0.6674997417169423,0.043356942926980294,0.19324737534986358,0.021764213057127817,100.0,0.0,0.7637743734690791,0.016175294303027558,0.5595201863831556,0.014100413616293203
reverse_plus_standpoint_magnitude_ab,c12_shuffled,12,48,C12 capacity-preserving target-shuffled control,132,0.07682183970396457,10.140482840923323,0.007923335220404872,0.0030020928574094603,-0.000716228694733886,-0.0003699447549574131,0.5306122448979592,0.009485851678701794,0.004335618865818023,0.5853991795140716,0.01573183671812746,0.5245757258882034,0.019970247137176163,0.9579346732499753,0.001947389876330356,0.007923335220404872,0.0030020928574094603,0.8120959053357432,0.031338825777918855,0.12007837088318601,0.026815275379356997,100.0,0.0,0.8061614719682154,0.013136753463108186,0.5911823152760615,0.014294318568697487
reverse_plus_standpoint_magnitude_ab,c10,10,40,"C10(1,2) neighbouring-cycle control",132,0.07682183970396457,10.140482840923323,-0.0059289550590036376,0.0035558672171148147,-0.001263505858548948,-0.0014751550179322474,0.673469387755102,-0.006757278521400699,0.005011346223900024,0.45277933178500307,0.016925724000127804,0.4956044581124746,0.01316536430499512,0.9822067832229009,0.0027058207849983713,-0.0059289550590036376,0.0035558672171148147,0.8177211314815613,0.04093957509003855,0.11149544479001605,0.026357715399728105,100.0,0.0,0.8235333591095904,0.009940361579600454,0.5073692451789981,0.012590959390459889
reverse_plus_standpoint_magnitude_ab,c11,11,44,"C11(1,2) neighbouring-cycle control",132,0.07682183970396457,10.140482840923323,-0.00786870488473936,0.0032794497681677874,-0.0039156164225592205,0.004144067681962297,0.5102040816326531,-0.008586918426877886,0.0044802310457711545,0.3988567177634897,0.016797637957774676,0.4629583625264737,0.01695347223817194,0.9811747500200608,0.002680679992006012,-0.00786870488473936,0.0032794497681677874,0.8223411006330718,0.0741493802315255,0.1115726184019421,0.022166632314889974,100.0,0.0,0.881616514704195,0.010952967089305559,0.47359720337639216,0.013132381667873253
reverse_plus_standpoint_magnitude_ab,c13,13,52,"C13(1,2) neighbouring-cycle control",132,0.07682183970396457,10.140482840923323,0.00036293967693669767,0.002424784963514695,0.0006063620235076635,7.634487051359979e-05,0.5510204081632653,0.0002432083769890783,0.002938195083368652,0.4967852422727225,0.008944877473387125,0.5111232889504552,0.015449500347528511,0.9797427729854159,0.002439875207816429,0.00036293967693669767,0.002424784963514695,0.7969522837305011,0.06750342860441552,0.11408996254982225,0.022905761942842287,100.0,0.0,0.8873167158240349,0.009928079576141,0.5219314032519441,0.010423651470443634
reverse_plus_standpoint_magnitude_ab,c14,14,56,"C14(1,2) neighbouring-cycle control",132,0.07682183970396457,10.140482840923323,-0.002845453975472362,0.002098918655929872,-0.000972406418975876,-0.0014794782988434678,0.7346938775510204,-0.0031374557613456783,0.0027759469079726633,0.49104152831634534,0.00955462694005767,0.48658587917471047,0.015084007715931151,0.9793794854529909,0.001106833421385671,-0.002845453975472362,0.002098918655929872,0.8654812510973627,0.0305959248928857,0.10206254411766524,0.024157630618934462,100.0,0.0,0.8957618854606032,0.009483672316774109,0.5028673435409883,0.01103823791842291
reverse_plus_standpoint_magnitude_ab,degree_matched_null,12,48,C12 node/edge-capacity matched null,132,0.07682183970396457,10.140482840923323,0.0069399097100928606,0.0018725240518549465,0.002938040238264908,-0.005265376419929415,0.5714285714285714,0.009063500380361801,0.002474457188927372,0.6026883309763228,0.01712457189426432,0.5048781178466436,0.02046851469678703,0.9383528333810528,0.0025432604587959456,0.0069399097100928606,0.0018725240518549465,0.8417028851202305,0.011769755255965091,0.1786041993078331,0.021759972792171282,100.0,0.0,0.7901149204485014,0.00985299169759873,0.6069754978516759,0.016518061521270597
reverse_plus_standpoint_magnitude_ab,edge_count_matched_null,12,48,C12 edge-count matched random directed null,132,0.07682183970396457,10.140482840923323,0.0015885168070459386,0.0018854595055651324,0.0031466889065020105,-0.0038791017087534746,0.5102040816326531,0.0018187238805052457,0.0026685503547073087,0.5784367898833254,0.012489986989032453,0.49774561841048515,0.019869195009054316,0.9329891575811643,0.0014064475680161004,0.0015885168070459386,0.0018854595055651324,0.8266563151397838,0.027538505267057874,0.13587693584974922,0.017781057955261956,100.0,0.0,0.7566889350773,0.01329697341274043,0.5843410324486191,0.012221527320836957
reverse_plus_standpoint_magnitude_ab,phase_target_shuffled_c12,12,48,"C12(1,2) edges with event targets phase-shuffled before simulation",132,0.07682183970396457,10.140482840923323,0.008693896689459048,0.0019533235913181722,-0.0017061030214928097,0.014948507690375215,0.4489795918367347,0.008385451529987339,0.002637194752454229,0.4680196209154815,0.008755106371116393,0.4865592975396094,0.009548679262309233,0.9819025660766458,0.0015059155737509944,0.008693896689459048,0.0019533235913181722,0.3695892269365437,0.08559860402105456,0.22132983624568625,0.018065182014699366,100.0,0.0,0.8649668442410426,0.008008264191826384,0.5379603798628376,0.007887085532731632
reverse_plus_standpoint_magnitude_ab,ring_edge_swapped_c12_1_5,12,48,C12 ring-edge-swapped control using 1/5 jumps,132,0.07682183970396457,10.140482840923323,0.023255871411006795,0.0023916479172323055,0.007711406834032325,0.008534915236317104,0.02040816326530612,0.027231314881337815,0.003571285912494408,0.6889748062573156,0.01924084615610297,0.5888106847175227,0.02275267757024204,0.9815763365285969,0.0021994930775257617,0.023255871411006795,0.0023916479172323055,0.8161629599020515,0.03850217920027608,0.1262885673855897,0.024070114825686637,100.0,0.0,0.8420523793748474,0.02011356888254558,0.6992282832594784,0.01552485348462495
reverse_plus_standpoint_magnitude_ab,ring_edge_swapped_c12_1_7,12,48,C12 ring-edge-swapped control using 1/7 jumps,132,0.07682183970396457,10.140482840923323,0.023916975222987375,0.0025986637927453596,0.007745966716449643,0.005671091427515852,0.02040816326530612,0.027844482420256222,0.003602633611517636,0.6943792270631031,0.013521984127127037,0.5890611259499702,0.014919191884381434,0.9809721632430749,0.002464002665917243,0.023916975222987375,0.0025986637927453596,0.814906286446889,0.03350448004252465,0.12907474515972828,0.025629419412685893,100.0,0.0,0.84346386945347,0.015700932800711553,0.6993926911011884,0.01133876781703587
reverse_plus_standpoint_magnitude_ab,ring_share_c12_plus_5,12,72,"C12(1,2) with shared 5-ring proxy edges",132,0.07682183970396457,10.140482840923323,0.025955847236239327,0.0025269407843238,0.010788178015367033,0.009755831159544294,0.02040816326530612,0.029996150778174652,0.003645049491394327,0.7156385637533621,0.01706192546247577,0.6220814666678789,0.02419122409852451,0.9849724302781534,0.0018083824853491802,0.025955847236239327,0.0025269407843238,0.8125708461703548,0.023894275822070037,0.1147203960890545,0.021204463801992663,100.0,0.0,0.845676617842852,0.01785282797888344,0.7196961347012077,0.017392764004420854
reverse_plus_standpoint_magnitude_ab,ring_share_c12_plus_7,12,72,"C12(1,2) with shared 7 mod 12 proxy edges",132,0.07682183970396457,10.140482840923323,0.025688927494038966,0.002965310398744328,0.009287615415590398,0.0033212240427881908,0.061224489795918366,0.0304007282960246,0.0038390788504285896,0.7206816303481153,0.01772918190211866,0.630451030464868,0.022865171079730084,0.9850778300615,0.00200422149337821,0.025688927494038966,0.002965310398744328,0.8075328583197768,0.027182812440450885,0.11939302009048786,0.0234354821346884,100.0,0.0,0.83923527051663,0.019530213306848915,0.7249148286580845,0.015542261453299474
reverse_plus_standpoint_magnitude_ab,ring_share_c12_plus_10,12,48,"C12(1,2) with shared 10-ring proxy edges",132,0.07682183970396457,10.140482840923323,0.030459087357575677,0.00287466038479099,0.0144506624215065,0.007341532166533944,0.02040816326530612,0.034088832297778135,0.0037246540700401373,0.7444082761788838,0.014790554426516871,0.6620829233382376,0.01708240944965019,0.9809643822328621,0.002412415422253302,0.030459087357575677,0.00287466038479099,0.6725648084635028,0.038270263460909844,0.10744207119140048,0.02383865232043439,100.0,0.0,0.8603531813886439,0.015596434910937026,0.7470763027938245,0.013060389479496351
reverse_plus_standpoint_magnitude_ab,ring_share_c12_plus_11,12,48,"C12(1,2) with shared 11 mod 12 reflective proxy edges",132,0.07682183970396457,10.140482840923323,0.029900911613122045,0.0033213720383323624,0.014104302037670068,0.00789760232069165,0.02040816326530612,0.03342422709176665,0.003944316082389891,0.7453190044372029,0.012743807403985058,0.667190008463431,0.01725608972704699,0.9813139906763055,0.002449175989000109,0.029900911613122045,0.0033213720383323624,0.6872778113779684,0.03451101130140071,0.11056648309642365,0.020367689479455914,100.0,0.0,0.8523733720791574,0.01961901496391374,0.7488043031066328,0.0126873893794899
reverse_plus_receiver_standpoint_magnitude_ab,no_topology_baseline,12,0,12 nodes with no coupling edges,132,0.07408216472154379,9.77884574324378,0.0253431111972799,0.0023164491813135154,0.015170626694995871,-0.0017967962826194242,0.3673469387755102,0.031065892673121362,0.002687265144137561,0.7275499300870898,0.013394088794863859,0.6549116715685676,0.014449672010815429,0.9947002646695774,0.0010171102827319558,0.0253431111972799,0.0023164491813135154,0.8872784923019128,0.027679379897496255,0.10395110091223836,0.01887844752809617,95.0,0.0,0.8142342013273529,0.01540389214410363,0.7321028638953031,0.012155377575269837
reverse_plus_receiver_standpoint_magnitude_ab,c12_1_2,12,48,primary Luke/D12RG normalized readout candidate,132,0.07408216472154379,9.77884574324378,0.027233377834848943,0.003139271847001316,0.012925820135474523,0.023429800610095572,0.02040816326530612,0.031243600448326705,0.004408289615052255,0.7327274003158134,0.014801679466328587,0.6507339188425376,0.019516623908703654,0.9803621139562176,0.0025919619596795848,0.027233377834848943,0.003139271847001316,0.7106232903251085,0.04482726352586146,0.1183416416350006,0.021192883783673032,95.0,0.0,0.849335816501286,0.016361855862753315,0.7358720661963654,0.014317035533559997
reverse_plus_receiver_standpoint_magnitude_ab,c12_reversed,12,48,"C12(1,2) with all directed arrows reversed",132,0.07408216472154379,9.77884574324378,0.029280226183275235,0.002868447188793516,0.01487768518090223,0.015090010157834627,0.02040816326530612,0.03267127853423956,0.003983702738306711,0.7330550115965401,0.01838355537745107,0.6561887294473453,0.01958422745637483,0.9816778417717732,0.0022749799224658727,0.029280226183275235,0.002868447188793516,0.704687233396231,0.036092015368312955,0.11096371765358781,0.023960929908958598,95.0,0.0,0.8567162629432706,0.014152216986389191,0.7387923896821452,0.0167462195083137
reverse_plus_receiver_standpoint_magnitude_ab,c12_side_broken,12,48,degree-matched C12 side-correspondence-broken control,132,0.07408216472154379,9.77884574324378,0.001141539927016723,0.0031870454896097003,0.0024043331415516712,-0.004598465464423095,0.5918367346938775,0.0007473816456810322,0.00455036286806485,0.528820398765112,0.011568484748820381,0.468265763603617,0.020666245562742422,0.930914189368624,0.002993075099258467,0.001141539927016723,0.0031870454896097003,0.714807689688245,0.04545840931899692,0.12638843180037365,0.02568200753848084,95.0,0.0,0.7278749567884691,0.012259391372415435,0.5402295711570835,0.010201266849287315
reverse_plus_receiver_standpoint_magnitude_ab,c12_shuffled,12,48,C12 capacity-preserving target-shuffled control,132,0.07408216472154379,9.77884574324378,0.0017115176904349521,0.0027929815629812657,-0.0042974014597409104,-0.006858011948300464,0.9591836734693877,0.0017948751080464603,0.0037201580046472152,0.5560907708305819,0.01619771780748089,0.4899793674609751,0.013009647830363673,0.9580013341105923,0.0027892024619406556,0.0017115176904349521,0.0027929815629812657,0.7884450156867416,0.029975181867670026,0.17863320218115786,0.028204762737636575,95.0,0.0,0.7819810462733221,0.010854096916464884,0.5684459898675613,0.010757942176822582
reverse_plus_receiver_standpoint_magnitude_ab,c10,10,40,"C10(1,2) neighbouring-cycle control",132,0.07408216472154379,9.77884574324378,-0.0062043519923459965,0.0034549422225922583,-0.002635660769439759,-0.002633560637067582,0.8367346938775511,-0.007087695640773314,0.004244013330105302,0.4477454101081797,0.018372416261628513,0.4969355587471824,0.018475822073137995,0.983042555791274,0.0030328308615822294,-0.0062043519923459965,0.0034549422225922583,0.824465206390285,0.056717130873494934,0.10746099004106598,0.034794874065411235,95.0,0.0,0.8289211348810474,0.008455558770695515,0.5085051001821075,0.014602342124384956
reverse_plus_receiver_standpoint_magnitude_ab,c11,11,44,"C11(1,2) neighbouring-cycle control",132,0.07408216472154379,9.77884574324378,-0.008054652581792405,0.0034996737339883744,-0.005123116896391217,-0.0005868827943004799,0.8367346938775511,-0.008270766416487135,0.004249175855076413,0.40050772240238114,0.01721212136647109,0.4638240535052735,0.01891153420222966,0.9817016913849014,0.003042438433070448,-0.008054652581792405,0.0034996737339883744,0.835207805478138,0.08262161080121912,0.12057600055747625,0.021959893312091347,95.0,0.0,0.8783119631914952,0.009551152290450364,0.47627852190527564,0.014102059546266834
reverse_plus_receiver_standpoint_magnitude_ab,c13,13,52,"C13(1,2) neighbouring-cycle control",132,0.07408216472154379,9.77884574324378,-0.0006910187173106161,0.00261417439246638,0.0020018199538616526,0.0005865328203692431,0.32653061224489793,-0.0007670406954306709,0.003132964866165202,0.49208467033948605,0.01182562810642235,0.5021956865385587,0.015327168359800924,0.9801411727622985,0.0022005454930658862,-0.0006910187173106161,0.00261417439246638,0.8220150247843144,0.05545382031346003,0.11148943501458536,0.017352441540879462,95.0,0.0,0.880770732318843,0.008058530979996684,0.5178362949749652,0.010478471295597577
reverse_plus_receiver_standpoint_magnitude_ab,c14,14,56,"C14(1,2) neighbouring-cycle control",132,0.07408216472154379,9.77884574324378,-0.0027806872241670244,0.0024608198065821417,-0.0004604722621319988,-0.0021011051325652173,0.8367346938775511,-0.003020758138774296,0.0032019262128908503,0.4901056725885782,0.008401719341862604,0.4878620279469484,0.01126415277623493,0.9784137037997467,0.0011113071892648954,-0.0027806872241670244,0.0024608198065821417,0.8407181323682299,0.021134679634747924,0.10383961027074944,0.017448120107743683,95.0,0.0,0.8926853029390397,0.007076477397685386,0.5035686639786611,0.0069668650559495315
reverse_plus_receiver_standpoint_magnitude_ab,degree_matched_null,12,48,C12 node/edge-capacity matched null,132,0.07408216472154379,9.77884574324378,-0.0021174516468226963,0.002975072904882989,0.002837874187878206,0.004006799535829211,0.061224489795918366,-0.0019940059309256153,0.00410965277773926,0.5209370874718415,0.01615317729132421,0.4730909145471849,0.011967009730380658,0.9521950598448906,0.001912222346534889,-0.0021174516468226963,0.002975072904882989,0.8514699553575955,0.034217327683774654,0.11654244723342233,0.024931178376569493,95.0,0.0,0.8562809105109096,0.010534215043807908,0.5306893922728385,0.01109436476805808
reverse_plus_receiver_standpoint_magnitude_ab,edge_count_matched_null,12,48,C12 edge-count matched random directed null,132,0.07408216472154379,9.77884574324378,-0.0021455694679818364,0.0028059853034918727,0.004438296230892267,0.004126274689746124,0.02040816326530612,-0.0028341263046354065,0.0037676993643714915,0.4555554129229972,0.017970019845994434,0.485048761319117,0.017528911079805334,0.9414816915720028,0.002442923928032682,-0.0021455694679818364,0.0028059853034918727,0.6812809342085099,0.10487768217364798,0.1621222956783084,0.027699135800637292,95.0,0.0,0.8308894015753922,0.009793496889227446,0.5077706738125709,0.014216022036186816
reverse_plus_receiver_standpoint_magnitude_ab,phase_target_shuffled_c12,12,48,"C12(1,2) edges with event targets phase-shuffled before simulation",132,0.07408216472154379,9.77884574324378,0.009631322226667351,0.002083061372131477,0.01217848470963083,0.02079109753699008,0.02040816326530612,0.008352227316201626,0.0030023091785656773,0.5158828924113589,0.009431816766345566,0.4706022550444438,0.012469228137960649,0.9818955383408255,0.0013330874377395089,0.009631322226667351,0.002083061372131477,0.3422918898601037,0.06620971306254538,0.19291647367695006,0.020127757480946272,95.0,0.0,0.8644685729123353,0.009303572243546637,0.5603823448837931,0.009737334443565256
reverse_plus_receiver_standpoint_magnitude_ab,ring_edge_swapped_c12_1_5,12,48,C12 ring-edge-swapped control using 1/5 jumps,132,0.07408216472154379,9.77884574324378,0.021694581142429673,0.003387027700980973,0.009118569092018806,0.0055004985767562395,0.04081632653061224,0.02502342693924887,0.003716869986128552,0.6882574632632085,0.02495777773408436,0.5922155572196868,0.029100052321554343,0.9812782084654256,0.0032260421559260686,0.021694581142429673,0.003387027700980973,0.8167091182305276,0.07617481227217215,0.13076033258059652,0.03152627782698988,95.0,0.0,0.84221016555585,0.02092831920574594,0.6936799180355165,0.02254138089737364
reverse_plus_receiver_standpoint_magnitude_ab,ring_edge_swapped_c12_1_7,12,48,C12 ring-edge-swapped control using 1/7 jumps,132,0.07408216472154379,9.77884574324378,0.021167964364975585,0.003774483889371746,0.008057469267611582,0.0005551744518305229,0.22448979591836735,0.02402766080926678,0.005050135988926125,0.6884629184166183,0.019919722930980484,0.593280905302878,0.02121729515304336,0.9818691139769441,0.0026089620579479835,0.021167964364975585,0.003774483889371746,0.8590668948576469,0.04247866430166994,0.12635325043514928,0.025481798450785048,95.0,0.0,0.8510377901287113,0.011713806164604537,0.6935392611763963,0.017960186648417115
reverse_plus_receiver_standpoint_magnitude_ab,ring_share_c12_plus_5,12,72,"C12(1,2) with shared 5-ring proxy edges",132,0.07408216472154379,9.77884574324378,0.021751806916580463,0.00396717902177971,0.009343332850339836,0.001581042227512295,0.1836734693877551,0.02539326316332018,0.005191435052537819,0.7096633515806667,0.018264527691077073,0.6221968394320628,0.0250441178209582,0.984294256643303,0.0027098150068145853,0.021751806916580463,0.00396717902177971,0.7942797583240218,0.06349344842016433,0.12113766090416515,0.03094933676201123,95.0,0.0,0.8400158330414168,0.018557122881238217,0.7146437716861517,0.017671017848460834
reverse_plus_receiver_standpoint_magnitude_ab,ring_share_c12_plus_7,12,72,"C12(1,2) with shared 7 mod 12 proxy edges",132,0.07408216472154379,9.77884574324378,0.024355830068835183,0.0034711090226387667,0.011713588352587996,-0.0025666695675082805,0.42857142857142855,0.027839324489133153,0.00445602134490904,0.7060647371638757,0.013822998704027077,0.6166132450711527,0.01720368244839288,0.9847432392625874,0.0016561057607668399,0.024355830068835183,0.0034711090226387667,0.8235453925924553,0.06099902240799651,0.12270784983583155,0.0224735351638044,95.0,0.0,0.8506340209863236,0.01795946550055002,0.7101284309280973,0.013166695670011596
reverse_plus_receiver_standpoint_magnitude_ab,ring_share_c12_plus_10,12,48,"C12(1,2) with shared 10-ring proxy edges",132,0.07408216472154379,9.77884574324378,0.02764555995292078,0.004203279987426124,0.013439677601636895,0.004363608978250985,0.061224489795918366,0.0312967324886369,0.00479437208894832,0.7347719746295603,0.015776699290066483,0.656583766274032,0.017878664656796814,0.9807759398408621,0.002396150583440965,0.02764555995292078,0.004203279987426124,0.6912833644149039,0.03630952072939653,0.10595407520122006,0.024525740875703986,95.0,0.0,0.8533289569682273,0.016482615988143063,0.7404704054002318,0.015419953216052355
reverse_plus_receiver_standpoint_magnitude_ab,ring_share_c12_plus_11,12,48,"C12(1,2) with shared 11 mod 12 reflective proxy edges",132,0.07408216472154379,9.77884574324378,0.027501221351438884,0.004962009294167574,0.014313471496768473,0.008085276928144494,0.02040816326530612,0.030537569265807613,0.005833876032159783,0.7243617126431837,0.014990064844599965,0.6448887316583151,0.020243622622042545,0.9802999068182793,0.0027068960596930377,0.027501221351438884,0.004962009294167574,0.7057013726987073,0.03164190764079532,0.1267282853120356,0.027795911480990563,95.0,0.0,0.8567131623178651,0.017949352665133016,0.7287385241536094,0.015037622004572435
full_self_consistent_rstar,no_topology_baseline,12,0,12 nodes with no coupling edges,132,0.07610483968901845,10.045838838950434,0.02384379294753507,0.003007738497166987,0.01226238123762081,0.0021653747134323283,0.14285714285714285,0.029373015901872666,0.003796790295783613,0.730792323053962,0.01425093638810123,0.654240158593289,0.017972412814374138,0.9949546672234355,0.0011944184266768256,0.02384379294753507,0.003007738497166987,0.8756377782142657,0.015579099390827763,0.09759603681615396,0.01963483481910863,97.0,0.0,0.8198388646666386,0.01769884855737672,0.7356426180045226,0.013162487243305565
full_self_consistent_rstar,c12_1_2,12,48,primary Luke/D12RG normalized readout candidate,132,0.07610483968901845,10.045838838950434,0.0288624306243123,0.004000733532428148,0.013210504197562506,0.008354646203264003,0.02040816326530612,0.032851013763771725,0.0046795199424175165,0.7366169292946679,0.013371718885090138,0.6544019434234094,0.016783069677408162,0.9808825610934601,0.0024661623348402723,0.0288624306243123,0.004000733532428148,0.6831405939030858,0.04071453044665565,0.11536826247135949,0.0221221423349578,97.0,0.0,0.8498977500754247,0.015536812696952743,0.7402886974099459,0.011505495578286397
full_self_consistent_rstar,c12_reversed,12,48,"C12(1,2) with all directed arrows reversed",132,0.07610483968901845,10.045838838950434,0.027738051569055188,0.0029319580779848036,0.012351369021090958,0.020446956977594688,0.02040816326530612,0.030994245851302907,0.0036136543324630866,0.7303639659413177,0.01707448077876619,0.6462378482987187,0.02133024002310603,0.9794540709392591,0.002795580012489711,0.027738051569055188,0.0029319580779848036,0.6681285359323329,0.04438569495117064,0.12447052365286933,0.027049162763998963,97.0,0.0,0.8456217347733991,0.018992704023440377,0.7327299413500676,0.017462348138063136
full_self_consistent_rstar,c12_side_broken,12,48,degree-matched C12 side-correspondence-broken control,132,0.07610483968901845,10.045838838950434,0.006053664858336032,0.002928561428601847,0.006361594375560104,-0.0018772939133609627,0.42857142857142855,0.00812247344180092,0.004304622308471185,0.48684755821709924,0.010242576541943039,0.5509602853515899,0.016506646933629004,0.9449788553853944,0.002266426852537537,0.006053664858336032,0.002928561428601847,0.45060654003728845,0.07332350206728065,0.14162889450086166,0.032360988290192176,97.0,0.0,0.749197323849253,0.012025584115327425,0.5663189756487547,0.014784736118003638
full_self_consistent_rstar,c12_shuffled,12,48,C12 capacity-preserving target-shuffled control,132,0.07610483968901845,10.045838838950434,0.004596795341673985,0.003060419927113101,0.0020320093670910225,0.001736090869377273,0.24489795918367346,0.005909038374246328,0.004366231662297442,0.5597073518000483,0.012969937004744756,0.5040403082089396,0.01873338375795794,0.9441678090538276,0.0022707905270456423,0.004596795341673985,0.003060419927113101,0.7943795632875457,0.06117865237272486,0.17608633583958735,0.03526814389442298,97.0,0.0,0.7614742595440301,0.016450428392943767,0.5691411054301174,0.010029647849896153
full_self_consistent_rstar,c10,10,40,"C10(1,2) neighbouring-cycle control",132,0.07610483968901845,10.045838838950434,-0.003879687430433284,0.002444799744029264,-0.0002761264548829653,-0.002393957495461232,0.6326530612244898,-0.004282161606529475,0.0033024143591759013,0.45404683606275603,0.014157993272753053,0.5055464471075923,0.011643502300426916,0.9800655960244988,0.003489969707546207,-0.003879687430433284,0.002444799744029264,0.7891896213148066,0.04532080533531776,0.12684154855584198,0.02346614094402749,97.0,0.0,0.8169445435734488,0.009631183402482825,0.514575293305776,0.010914684157010737
full_self_consistent_rstar,c11,11,44,"C11(1,2) neighbouring-cycle control",132,0.07610483968901845,10.045838838950434,-0.008526023766326626,0.0032883292858551785,-0.005180935088566879,-0.002859542314596393,0.8979591836734694,-0.009298576323040248,0.00419047593774399,0.41056673245124714,0.021843728939145997,0.4561973383425779,0.016537336221378176,0.98147955784288,0.0029906598282393774,-0.008526023766326626,0.0032883292858551785,0.791991376761044,0.09677678763219644,0.10990238585099471,0.03202716266449986,97.0,0.0,0.8791205995353609,0.012842368289118913,0.4688131282512256,0.013161046376574729
full_self_consistent_rstar,c13,13,52,"C13(1,2) neighbouring-cycle control",132,0.07610483968901845,10.045838838950434,-0.000368759714855829,0.003000533669642861,0.0013442417233474322,0.003025910920828893,0.20408163265306123,-0.0006323967431623897,0.0034947579883428917,0.4861275351954865,0.014621754418538604,0.5091132225791551,0.009698046899888428,0.9804308383734096,0.002460464074043481,-0.000368759714855829,0.003000533669642861,0.7802044828648809,0.04924127525154244,0.11554415877772357,0.029297971832398406,97.0,0.0,0.8798597380037306,0.013749741313566079,0.5183949783156646,0.006997384140586529
full_self_consistent_rstar,c14,14,56,"C14(1,2) neighbouring-cycle control",132,0.07610483968901845,10.045838838950434,-0.004654795228448888,0.002278714962517984,-0.0022401550256601482,-0.002255951293623309,0.8571428571428571,-0.005377508539872496,0.0027937401940311287,0.48779668891787287,0.011427453450731618,0.49248344558172885,0.012989437321612465,0.9788702166672508,0.0013866138580453022,-0.004654795228448888,0.002278714962517984,0.8344146875451308,0.032350484819334877,0.10660051032294382,0.02499031998553002,97.0,0.0,0.892168068893207,0.010587271312154397,0.5062035029596655,0.009150525463910647
full_self_consistent_rstar,degree_matched_null,12,48,C12 node/edge-capacity matched null,132,0.07610483968901845,10.045838838950434,-0.000623536881572345,0.002749970394188604,-0.001638373070460896,-0.005368296876669645,0.8571428571428571,-0.001130519777248742,0.0036771833882559934,0.5043016775467333,0.01768977268729777,0.5232514996027772,0.013497638257108173,0.9480751694818542,0.002883365098818434,-0.000623536881572345,0.002749970394188604,0.7412542264211325,0.04447458539817198,0.16224176269657728,0.025976618097135175,97.0,0.0,0.7958167468450809,0.011125205616148921,0.5420573591405491,0.013273091005954075
full_self_consistent_rstar,edge_count_matched_null,12,48,C12 edge-count matched random directed null,132,0.07610483968901845,10.045838838950434,-0.006505157580127344,0.0032093667427267767,-0.005094003096085631,-0.011247603133045464,1.0,-0.00808635654541303,0.004237090281849761,0.46063372322546653,0.01550395354659471,0.48434055256005554,0.018560758270651193,0.9466320761056184,0.0025144172349994684,-0.006505157580127344,0.0032093667427267767,0.6095723373771629,0.06134875901446182,0.15638029747193852,0.029010769110265625,97.0,0.0,0.8073235233885487,0.011994164245207608,0.5050444305823348,0.011892525191190002
full_self_consistent_rstar,phase_target_shuffled_c12,12,48,"C12(1,2) edges with event targets phase-shuffled before simulation",132,0.07610483968901845,10.045838838950434,0.016786615682442604,0.002659418863906281,0.003644011177854029,0.025327651618668373,0.02040816326530612,0.016613520535005703,0.003484320788910353,0.5020714558800031,0.014693403195390694,0.44801719248461075,0.008891184028220325,0.9818158667240322,0.001326964692558927,0.016786615682442604,0.002659418863906281,0.14975364990028597,0.03224591187713184,0.18089645887098849,0.0253786360201053,97.0,0.0,0.8686322657690836,0.011065078497545434,0.5476342589330272,0.008963690178546488
full_self_consistent_rstar,ring_edge_swapped_c12_1_5,12,48,C12 ring-edge-swapped control using 1/5 jumps,132,0.07610483968901845,10.045838838950434,0.020202843833420952,0.0035434515358629417,0.0051263877599345385,0.01117484813152277,0.02040816326530612,0.022573034934403633,0.004908346286941665,0.6859187937979029,0.020665629588076998,0.587754388352818,0.025825101576947698,0.9799896199738735,0.0036978711177093285,0.020202843833420952,0.0035434515358629417,0.7999480504926032,0.07422096951211517,0.14061859880545255,0.032899445559866056,97.0,0.0,0.8409206537509663,0.015369381366435618,0.6916644797258606,0.01962463965577663
full_self_consistent_rstar,ring_edge_swapped_c12_1_7,12,48,C12 ring-edge-swapped control using 1/7 jumps,132,0.07610483968901845,10.045838838950434,0.0213574602170974,0.003227870003534722,0.0067585055198154855,-0.0012951065459723028,0.3877551020408163,0.024456404202994674,0.004310786085802969,0.6939397678007019,0.017631084049815494,0.5955481165794471,0.02087125934596133,0.9810125902467989,0.0028652267571655523,0.0213574602170974,0.003227870003534722,0.8068950622298231,0.06224095147365873,0.1314947290978817,0.023585589143817184,97.0,0.0,0.8463066734404417,0.012839403910552003,0.6989387929872773,0.015432042776341592
full_self_consistent_rstar,ring_share_c12_plus_5,12,72,"C12(1,2) with shared 5-ring proxy edges",132,0.07610483968901845,10.045838838950434,0.02412792586891988,0.0029063502937147607,0.010004686064441768,0.005474330272776232,0.02040816326530612,0.027876249931589422,0.003826708734601494,0.7084582914179869,0.01575715023951157,0.6173008779585101,0.018895758674918408,0.9836021762745487,0.002297053365943725,0.02412792586891988,0.0029063502937147607,0.7993642252830044,0.06746392634620091,0.13303734416803098,0.027843074912963922,97.0,0.0,0.8435417650294399,0.022148488073600345,0.7125024124362015,0.01453161030262042
full_self_consistent_rstar,ring_share_c12_plus_7,12,72,"C12(1,2) with shared 7 mod 12 proxy edges",132,0.07610483968901845,10.045838838950434,0.023835313811090563,0.003066170609950744,0.010089253364188523,0.0010472540803557022,0.2653061224489796,0.027131934965164237,0.0037798468479769143,0.7084494676034243,0.01477626813532374,0.6171480633553941,0.019295334784125612,0.9837562011345811,0.0025095956986781603,0.023835313811090563,0.003066170609950744,0.8254225617996286,0.045564041575256425,0.13039986783816795,0.02988401817876269,97.0,0.0,0.8436292623992093,0.01739670589931034,0.7127722594468707,0.014646928550441515
full_self_consistent_rstar,ring_share_c12_plus_10,12,48,"C12(1,2) with shared 10-ring proxy edges",132,0.07610483968901845,10.045838838950434,0.027607298978945056,0.003956912582193991,0.013038099491048333,0.006114620918335263,0.04081632653061224,0.030957758031560447,0.0053935636695900645,0.731855173593375,0.015250766076945272,0.6520205108608291,0.01878075092907148,0.9794036891943279,0.0024925215229183438,0.027607298978945056,0.003956912582193991,0.6740880838548365,0.05082041035433736,0.12464597972577428,0.026215263416570413,97.0,0.0,0.8497344187612338,0.014776353105524397,0.7371707901232295,0.014586815131826256
full_self_consistent_rstar,ring_share_c12_plus_11,12,48,"C12(1,2) with shared 11 mod 12 reflective proxy edges",132,0.07610483968901845,10.045838838950434,0.02671481046351515,0.0033649869756358437,0.010980392473053765,0.009217480776356392,0.02040816326530612,0.030058210715402284,0.003964342789694409,0.7400091347212081,0.015856462762545966,0.656157608307707,0.022592424015229793,0.9804146341939152,0.002603405793980953,0.02671481046351515,0.0033649869756358437,0.6836279865685985,0.05768008468520572,0.11209474414194427,0.02867384490334207,97.0,0.0,0.8494986001541193,0.020055757785294507,0.7423353792386015,0.016427528371782553
