event_class,event_role,null_index,null_model,n_nodes,n_directed_edges,mean_bounded_differentiated_recovery,sd_bounded_differentiated_recovery,D12_recovery,D24_recovery
b54u_boundary_far_matched,boundary_distance_stratum,0,degree-matched directed random graph,12,48,0.009648769278570488,0.002634615888471929,0.5850356491018377,0.4876880555339284
b54u_boundary_far_matched,boundary_distance_stratum,1,degree-matched directed random graph,12,48,0.006967222267726204,0.0026252310829049247,0.5380779819219136,0.4753817873159197
b54u_boundary_far_matched,boundary_distance_stratum,2,degree-matched directed random graph,12,48,0.012982427631160335,0.002436545476084389,0.6272350632732294,0.5252303860780861
b54u_boundary_far_matched,boundary_distance_stratum,3,degree-matched directed random graph,12,48,0.017207448356942264,0.002054678227681474,0.657655432957384,0.5251248613590466
b54u_boundary_far_matched,boundary_distance_stratum,4,degree-matched directed random graph,12,48,0.009106815565214144,0.0010242147368130202,0.5605096243659696,0.5435770579664226
b54u_boundary_far_matched,boundary_distance_stratum,5,degree-matched directed random graph,12,48,0.003945293010447887,0.004773856253411268,0.48630074138269536,0.4639860854098421
b54u_boundary_far_matched,boundary_distance_stratum,6,degree-matched directed random graph,12,48,0.003254859079246719,0.0008210998287126809,0.5441383066270787,0.5064666534178079
b54u_boundary_far_matched,boundary_distance_stratum,7,degree-matched directed random graph,12,48,0.002168402961478766,0.0008669214493142012,0.5125770783571076,0.524299666046003
b54u_boundary_far_matched,boundary_distance_stratum,8,degree-matched directed random graph,12,48,0.003058348351300548,0.0013843664824032243,0.5436801746277286,0.5455805797899876
b54u_boundary_far_matched,boundary_distance_stratum,9,degree-matched directed random graph,12,48,0.0098775207062416,0.002811839620102063,0.5226842290370133,0.4515704215471497
b54u_boundary_far_matched,boundary_distance_stratum,10,degree-matched directed random graph,12,48,0.0065868901505991145,0.001727866916458828,0.5692248330503986,0.48951750294968854
b54u_boundary_far_matched,boundary_distance_stratum,11,degree-matched directed random graph,12,48,0.011335179567671999,0.0014194833044026856,0.6449551986228215,0.5012051717621865
b54u_boundary_far_matched,boundary_distance_stratum,12,degree-matched directed random graph,12,48,0.004485784353380061,0.0012108440209095532,0.5424084577497134,0.5158055921654368
b54u_boundary_far_matched,boundary_distance_stratum,13,degree-matched directed random graph,12,48,0.006238060933992144,0.003375415156418909,0.5633510637901114,0.5369483006917144
b54u_boundary_far_matched,boundary_distance_stratum,14,degree-matched directed random graph,12,48,0.012194187347415992,0.0014727273392481305,0.5989608117132781,0.5033463962829344
b54u_boundary_far_matched,boundary_distance_stratum,15,degree-matched directed random graph,12,48,0.008252746925195885,0.0028332127136416665,0.5657917045282824,0.4930208805035023
b54u_boundary_far_matched,boundary_distance_stratum,16,degree-matched directed random graph,12,48,0.015179824658620769,0.002680808065823345,0.6979763262045863,0.5658948772101127
b54u_boundary_far_matched,boundary_distance_stratum,17,degree-matched directed random graph,12,48,0.004273846427260986,0.0007295719214582708,0.5344150659843261,0.48101717970021624
b54u_boundary_far_matched,boundary_distance_stratum,18,degree-matched directed random graph,12,48,0.007378124435566621,0.001815814171908723,0.57356764616637,0.49869190681635417
b54u_boundary_far_matched,boundary_distance_stratum,19,degree-matched directed random graph,12,48,0.011385296492107122,0.0038758500753924385,0.5680480079387777,0.47973331848341316
b54u_boundary_far_matched,boundary_distance_stratum,20,degree-matched directed random graph,12,48,0.00909040311478383,0.002009922244676479,0.6142768860968579,0.5339518346561885
b54u_boundary_far_matched,boundary_distance_stratum,21,degree-matched directed random graph,12,48,0.005962770822088056,0.005584209115085603,0.5347035918341022,0.47301816130066626
b54u_boundary_far_matched,boundary_distance_stratum,22,degree-matched directed random graph,12,48,0.010147702741844544,0.003171273402110705,0.5876541363777503,0.4650590122434231
b54u_boundary_far_matched,boundary_distance_stratum,23,degree-matched directed random graph,12,48,0.005418294736243279,0.00391648389686352,0.5799047924731745,0.5130503780165423
b54u_boundary_far_matched,boundary_distance_stratum,24,degree-matched directed random graph,12,48,0.005897003556598818,0.002741815981210509,0.5139190776898815,0.47597341108368735
b54u_boundary_far_matched,boundary_distance_stratum,25,degree-matched directed random graph,12,48,0.009005537421311813,0.001438544584042609,0.6134869150472606,0.5061191504150154
b54u_boundary_far_matched,boundary_distance_stratum,26,degree-matched directed random graph,12,48,0.0032193219343700616,0.002261929656418217,0.5495253149664076,0.4826162408606907
b54u_boundary_far_matched,boundary_distance_stratum,27,degree-matched directed random graph,12,48,0.019050027665977198,0.0015613796060366162,0.6771953054426807,0.5283895574695608
b54u_boundary_far_matched,boundary_distance_stratum,28,degree-matched directed random graph,12,48,0.00804552214060287,0.001171401397870508,0.5534059216725947,0.47087984125935095
b54u_boundary_far_matched,boundary_distance_stratum,29,degree-matched directed random graph,12,48,0.011384291860697643,0.0033263208185324816,0.6085129586459671,0.4700014172757736
b54u_boundary_far_matched,boundary_distance_stratum,30,degree-matched directed random graph,12,48,0.01058787259518059,0.0020744708419452858,0.5585798703667381,0.4968122890457072
b54u_boundary_far_matched,boundary_distance_stratum,31,degree-matched directed random graph,12,48,0.004307002875612912,0.000891730980692688,0.5492870132637402,0.5235579335540218
b54u_boundary_far_matched,boundary_distance_stratum,32,degree-matched directed random graph,12,48,0.009993326642813818,0.002431090486695831,0.6293134761441642,0.5353481361262583
b54u_boundary_far_matched,boundary_distance_stratum,33,degree-matched directed random graph,12,48,0.0054976354265489575,0.0024025410446768375,0.5212566732361483,0.5147607641324036
b54u_boundary_far_matched,boundary_distance_stratum,34,degree-matched directed random graph,12,48,0.012281903743994557,0.0017583704037596431,0.5876424059465081,0.5305280764792312
b54u_boundary_far_matched,boundary_distance_stratum,35,degree-matched directed random graph,12,48,0.0076955512287026455,0.0026729770435354435,0.5448154451996498,0.48269797586904223
b54u_boundary_far_matched,boundary_distance_stratum,36,degree-matched directed random graph,12,48,0.011590634860397851,0.001830195205456358,0.5736822648559371,0.4789511693591802
b54u_boundary_far_matched,boundary_distance_stratum,37,degree-matched directed random graph,12,48,0.011659461563639983,0.00276949159809783,0.58461829412174,0.48466545949644324
b54u_boundary_far_matched,boundary_distance_stratum,38,degree-matched directed random graph,12,48,0.009481048965083574,0.001728111114433409,0.6421560562745043,0.5519486219374329
b54u_boundary_far_matched,boundary_distance_stratum,39,degree-matched directed random graph,12,48,0.0024258769601574397,0.00326673006866412,0.5466697793415597,0.4556458479804433
b54u_boundary_far_matched,boundary_distance_stratum,40,degree-matched directed random graph,12,48,0.008392179931784512,0.0023889854427390947,0.5798268855149238,0.5268700280579015
b54u_boundary_far_matched,boundary_distance_stratum,41,degree-matched directed random graph,12,48,0.006218365938956218,0.0017978945211533325,0.6029679688377855,0.5081615457850369
b54u_boundary_far_matched,boundary_distance_stratum,42,degree-matched directed random graph,12,48,0.007171793773926067,0.004480603148387462,0.5384662456700163,0.4809631246141932
b54u_boundary_far_matched,boundary_distance_stratum,43,degree-matched directed random graph,12,48,0.006452551024643676,0.0035603605894454363,0.5725043330654876,0.5203238858502809
b54u_boundary_far_matched,boundary_distance_stratum,44,degree-matched directed random graph,12,48,0.0019106533579643153,0.0016194456997786829,0.532752285703635,0.5104942112254448
b54u_boundary_far_matched,boundary_distance_stratum,45,degree-matched directed random graph,12,48,0.018801841099551752,0.0033889845975422113,0.6599201896158985,0.5665734853607425
b54u_boundary_far_matched,boundary_distance_stratum,46,degree-matched directed random graph,12,48,0.00945742220674908,0.0027020238813704146,0.5546529789670559,0.4958895266133239
b54u_boundary_far_matched,boundary_distance_stratum,47,degree-matched directed random graph,12,48,0.01435017857010998,0.002670478253559124,0.6031023829766108,0.5101353525038488
b54u_boundary_far_matched,boundary_distance_stratum,48,degree-matched directed random graph,12,48,0.010410084352739634,0.003041850455410895,0.5824052530741596,0.5293331624187726
b54u_boundary_far_matched,boundary_distance_stratum,49,degree-matched directed random graph,12,48,0.022454889287641874,0.0019441337352435078,0.6666735082983064,0.5170890990836033
b54u_boundary_far_matched,boundary_distance_stratum,50,degree-matched directed random graph,12,48,0.011498452101138971,0.0019639880611097035,0.6110503607740253,0.523260237986468
b54u_boundary_far_matched,boundary_distance_stratum,51,degree-matched directed random graph,12,48,0.011762343840989042,0.0020851055264209657,0.5862380443308465,0.48803673996508273
b54u_boundary_far_matched,boundary_distance_stratum,52,degree-matched directed random graph,12,48,0.010966627168545127,0.0027542710385566284,0.6251462793816972,0.538262426921094
b54u_boundary_far_matched,boundary_distance_stratum,53,degree-matched directed random graph,12,48,0.011799431551520996,0.0009131288438249067,0.6543279212966604,0.5764707008182951
b54u_boundary_far_matched,boundary_distance_stratum,54,degree-matched directed random graph,12,48,0.011919700070737817,0.001954554823428098,0.6292177786282953,0.5619266948164209
b54u_boundary_far_matched,boundary_distance_stratum,55,degree-matched directed random graph,12,48,0.0071833973723037904,0.0017199758048821467,0.5501428164495976,0.5260969661771414
b54u_boundary_far_matched,boundary_distance_stratum,56,degree-matched directed random graph,12,48,0.018382883555548925,0.0023449466102345613,0.6346944980095249,0.48820424081096236
b54u_boundary_far_matched,boundary_distance_stratum,57,degree-matched directed random graph,12,48,0.005045240239995596,0.00205081002900052,0.5350775437042131,0.48291753612482385
b54u_boundary_far_matched,boundary_distance_stratum,58,degree-matched directed random graph,12,48,0.012401969007795707,0.0009832687408908678,0.598153951012082,0.5012434296744466
b54u_boundary_far_matched,boundary_distance_stratum,59,degree-matched directed random graph,12,48,0.01772665422459109,0.0026399295179315684,0.643645682061635,0.5400675269530878
b54u_boundary_middle_matched,boundary_distance_stratum,0,degree-matched directed random graph,12,48,0.012738633490278784,0.0025975261715569667,0.6592061763405458,0.6113173285266406
b54u_boundary_middle_matched,boundary_distance_stratum,1,degree-matched directed random graph,12,48,0.014711444753808934,0.0011853376775331269,0.6231460251765664,0.5047573046546866
b54u_boundary_middle_matched,boundary_distance_stratum,2,degree-matched directed random graph,12,48,0.004819516599069756,0.0030153166357646463,0.6015035156709039,0.49360937917868775
b54u_boundary_middle_matched,boundary_distance_stratum,3,degree-matched directed random graph,12,48,0.016077758023090364,0.0021228601591106308,0.6734909774488679,0.5882718415818843
b54u_boundary_middle_matched,boundary_distance_stratum,4,degree-matched directed random graph,12,48,0.008958727811348403,0.0030753271764057803,0.6125231107200303,0.5359583207537735
b54u_boundary_middle_matched,boundary_distance_stratum,5,degree-matched directed random graph,12,48,0.014159255415867142,0.0011124340395020553,0.6744326907611763,0.5461878870310153
b54u_boundary_middle_matched,boundary_distance_stratum,6,degree-matched directed random graph,12,48,0.018408889654506832,0.0010889560478789756,0.6720614441505859,0.5456469514887904
b54u_boundary_middle_matched,boundary_distance_stratum,7,degree-matched directed random graph,12,48,0.008665990035416368,0.0012966507111362325,0.5966390253721278,0.4922577111992299
b54u_boundary_middle_matched,boundary_distance_stratum,8,degree-matched directed random graph,12,48,0.019620382880583927,0.002069852735466737,0.7401633397239139,0.6091866963602793
b54u_boundary_middle_matched,boundary_distance_stratum,9,degree-matched directed random graph,12,48,0.012011411956816617,0.0016625047633973217,0.5997236503444727,0.47796055094674844
b54u_boundary_middle_matched,boundary_distance_stratum,10,degree-matched directed random graph,12,48,0.01696041721507031,0.002138368236055216,0.6856601729932331,0.6117247819823928
b54u_boundary_middle_matched,boundary_distance_stratum,11,degree-matched directed random graph,12,48,0.015039422358056049,0.0031014020928751135,0.7306123361588415,0.5877802177648584
b54u_boundary_middle_matched,boundary_distance_stratum,12,degree-matched directed random graph,12,48,0.015040994073034874,0.002282405518905853,0.6437258901322572,0.475234622254034
b54u_boundary_middle_matched,boundary_distance_stratum,13,degree-matched directed random graph,12,48,0.010038061210699672,0.0012038841524712786,0.6173966560151346,0.5234315838686593
b54u_boundary_middle_matched,boundary_distance_stratum,14,degree-matched directed random graph,12,48,0.012660660570977618,0.002297286293664855,0.677114226001609,0.557605470795124
b54u_boundary_middle_matched,boundary_distance_stratum,15,degree-matched directed random graph,12,48,0.017760066796296128,0.0027958228022792477,0.68223594026452,0.5871134219688742
b54u_boundary_middle_matched,boundary_distance_stratum,16,degree-matched directed random graph,12,48,0.010791367258805086,0.002700335805059717,0.6467392192716303,0.486039319579963
b54u_boundary_middle_matched,boundary_distance_stratum,17,degree-matched directed random graph,12,48,0.014156195251817381,0.0024695980983591493,0.672938835955811,0.516250537656849
b54u_boundary_middle_matched,boundary_distance_stratum,18,degree-matched directed random graph,12,48,0.014649480624824325,0.002906630927830919,0.6521481886950508,0.5138465641817745
b54u_boundary_middle_matched,boundary_distance_stratum,19,degree-matched directed random graph,12,48,0.011345800425800868,0.0015041597106160893,0.6294582488356517,0.5462220850818209
b54u_boundary_middle_matched,boundary_distance_stratum,20,degree-matched directed random graph,12,48,0.013108829078966114,0.0014459685825354784,0.6190439794309698,0.576942366319026
b54u_boundary_middle_matched,boundary_distance_stratum,21,degree-matched directed random graph,12,48,0.016088303419455403,0.0028804645899792487,0.6765891606571065,0.5064700733184061
b54u_boundary_middle_matched,boundary_distance_stratum,22,degree-matched directed random graph,12,48,0.008981872124112984,0.002300384983322986,0.5801942002515056,0.48370170877082813
b54u_boundary_middle_matched,boundary_distance_stratum,23,degree-matched directed random graph,12,48,0.015538606167310462,0.0027800226603329693,0.6524691800035897,0.4947967983859483
b54u_boundary_middle_matched,boundary_distance_stratum,24,degree-matched directed random graph,12,48,0.01742596403464615,0.0025918312891555348,0.6569069901366122,0.536254610631752
b54u_boundary_middle_matched,boundary_distance_stratum,25,degree-matched directed random graph,12,48,0.010038353237694744,0.001933536438000986,0.660117757242917,0.5141602871906431
b54u_boundary_middle_matched,boundary_distance_stratum,26,degree-matched directed random graph,12,48,0.017073933213696605,0.0014855083719468264,0.6830337668369433,0.5638308805951316
b54u_boundary_middle_matched,boundary_distance_stratum,27,degree-matched directed random graph,12,48,0.015381273365427987,0.0015444440493937522,0.6797496709488519,0.5994017282872078
b54u_boundary_middle_matched,boundary_distance_stratum,28,degree-matched directed random graph,12,48,0.017506906786164202,0.0014628281591168412,0.6360839308705919,0.4947088695349831
b54u_boundary_middle_matched,boundary_distance_stratum,29,degree-matched directed random graph,12,48,0.015044283882742102,0.0016531799527317228,0.6553777277579446,0.48098358295934607
b54u_boundary_middle_matched,boundary_distance_stratum,30,degree-matched directed random graph,12,48,0.014519672768834467,0.002912353201774814,0.6539840217951124,0.5298221463298055
b54u_boundary_middle_matched,boundary_distance_stratum,31,degree-matched directed random graph,12,48,0.01387736404036114,0.00258158829587565,0.6675865834356149,0.5257026749611879
b54u_boundary_middle_matched,boundary_distance_stratum,32,degree-matched directed random graph,12,48,0.018044574042961503,0.0012239377492278753,0.6661205621068068,0.5444322889535188
b54u_boundary_middle_matched,boundary_distance_stratum,33,degree-matched directed random graph,12,48,0.017117992681102364,0.0010296190401155566,0.7039894356222023,0.6039943571437812
b54u_boundary_middle_matched,boundary_distance_stratum,34,degree-matched directed random graph,12,48,0.017205403672138502,0.0024802306269634438,0.6887522252843006,0.5053106761610074
b54u_boundary_middle_matched,boundary_distance_stratum,35,degree-matched directed random graph,12,48,0.008552716960397267,0.0020801480923074243,0.6034273860117273,0.5770668086717307
b54u_boundary_middle_matched,boundary_distance_stratum,36,degree-matched directed random graph,12,48,0.010472918585212931,0.0013994111425783351,0.6736104820881114,0.5695421323735522
b54u_boundary_middle_matched,boundary_distance_stratum,37,degree-matched directed random graph,12,48,0.013754277294483757,0.001282805257825296,0.6656696632674468,0.5450156841311086
b54u_boundary_middle_matched,boundary_distance_stratum,38,degree-matched directed random graph,12,48,0.009179000120084416,0.001401808950753305,0.6431288397500884,0.5700543374142423
b54u_boundary_middle_matched,boundary_distance_stratum,39,degree-matched directed random graph,12,48,0.02063673198885981,0.0019903194130316522,0.7176134489311287,0.6218038868436234
b54u_boundary_middle_matched,boundary_distance_stratum,40,degree-matched directed random graph,12,48,0.013547216463037021,0.002328674932110881,0.6519681737581767,0.47072531488781566
b54u_boundary_middle_matched,boundary_distance_stratum,41,degree-matched directed random graph,12,48,0.012320158536685062,0.0013190436999851727,0.6650410136367872,0.5550942229378792
b54u_boundary_middle_matched,boundary_distance_stratum,42,degree-matched directed random graph,12,48,0.0165280946155761,0.0010678570662530295,0.7030469062666999,0.5482268277346074
b54u_boundary_middle_matched,boundary_distance_stratum,43,degree-matched directed random graph,12,48,0.013824449321313192,0.0015438106842560735,0.673522115195161,0.5473792931968738
b54u_boundary_middle_matched,boundary_distance_stratum,44,degree-matched directed random graph,12,48,0.01881338875798931,0.0016755575964233253,0.6994290728470345,0.6175013187788477
b54u_boundary_middle_matched,boundary_distance_stratum,45,degree-matched directed random graph,12,48,0.01778203498231685,0.0009244240720733705,0.7038760001956342,0.5691505279420886
b54u_boundary_middle_matched,boundary_distance_stratum,46,degree-matched directed random graph,12,48,0.012423854974729828,0.001266601027442448,0.6602472192524341,0.5480983548391859
b54u_boundary_middle_matched,boundary_distance_stratum,47,degree-matched directed random graph,12,48,0.012003629073348765,0.003101380375174569,0.6590400024790122,0.6244611939355145
b54u_boundary_middle_matched,boundary_distance_stratum,48,degree-matched directed random graph,12,48,0.009892823801088987,0.0013030109698727685,0.6031068980189017,0.4868257519727235
b54u_boundary_middle_matched,boundary_distance_stratum,49,degree-matched directed random graph,12,48,0.016908407135399598,0.0018980169444561246,0.682833913168805,0.5842116187650307
b54u_boundary_middle_matched,boundary_distance_stratum,50,degree-matched directed random graph,12,48,0.01777254295690338,0.0013961375541185473,0.672795318898966,0.5350932315275126
b54u_boundary_middle_matched,boundary_distance_stratum,51,degree-matched directed random graph,12,48,0.014873568706139373,0.0019351172295863452,0.6568833797836028,0.5717009951296235
b54u_boundary_middle_matched,boundary_distance_stratum,52,degree-matched directed random graph,12,48,0.007980232919063135,0.0024294070404388885,0.5876836113531089,0.4694729030938592
b54u_boundary_middle_matched,boundary_distance_stratum,53,degree-matched directed random graph,12,48,0.017069049177352327,0.0011460281491252628,0.6683570486847311,0.5014637069401174
b54u_boundary_middle_matched,boundary_distance_stratum,54,degree-matched directed random graph,12,48,0.015281030178774352,0.0021813578936415168,0.6739795088358558,0.5487952290309116
b54u_boundary_middle_matched,boundary_distance_stratum,55,degree-matched directed random graph,12,48,0.013970411081987655,0.001846223810437307,0.6542422393931461,0.5344169341245569
b54u_boundary_middle_matched,boundary_distance_stratum,56,degree-matched directed random graph,12,48,0.014032702423679523,0.001064913573090118,0.6157919406962639,0.5098349031041146
b54u_boundary_middle_matched,boundary_distance_stratum,57,degree-matched directed random graph,12,48,0.010635030317874591,0.0017558537753666382,0.6215018492914791,0.5167175838034027
b54u_boundary_middle_matched,boundary_distance_stratum,58,degree-matched directed random graph,12,48,0.012818648261162942,0.0016291720684410715,0.6211914810511153,0.561480769001922
b54u_boundary_middle_matched,boundary_distance_stratum,59,degree-matched directed random graph,12,48,0.008588508927071706,0.001724925385764701,0.6183521229396544,0.5700270816228317
b54u_boundary_near_matched,boundary_distance_stratum,0,degree-matched directed random graph,12,48,0.01114712722104482,0.0028079513523832467,0.6357054575788289,0.48477120209012803
b54u_boundary_near_matched,boundary_distance_stratum,1,degree-matched directed random graph,12,48,0.0004908167048498016,0.0027531045165679756,0.5626444788063913,0.5177594739836736
b54u_boundary_near_matched,boundary_distance_stratum,2,degree-matched directed random graph,12,48,0.005383195033898447,0.001809359539255496,0.5386571505021447,0.5351908091562018
b54u_boundary_near_matched,boundary_distance_stratum,3,degree-matched directed random graph,12,48,0.0024116414032484415,0.001580485266899153,0.5378249838853529,0.5035879082914367
b54u_boundary_near_matched,boundary_distance_stratum,4,degree-matched directed random graph,12,48,0.002160475212318047,0.0011825451050082381,0.5093503984022251,0.5189495838296843
b54u_boundary_near_matched,boundary_distance_stratum,5,degree-matched directed random graph,12,48,0.006315082037484012,0.001649435463029371,0.6084644824115895,0.501342592676228
b54u_boundary_near_matched,boundary_distance_stratum,6,degree-matched directed random graph,12,48,0.0007841585554089677,0.001441646037708884,0.5466202402312589,0.45029558216923066
b54u_boundary_near_matched,boundary_distance_stratum,7,degree-matched directed random graph,12,48,0.002112347488907204,0.002581786622493916,0.5278282882613649,0.487186983121407
b54u_boundary_near_matched,boundary_distance_stratum,8,degree-matched directed random graph,12,48,0.0036931405244285368,0.00203203129631447,0.5733223607296437,0.5226851979231459
b54u_boundary_near_matched,boundary_distance_stratum,9,degree-matched directed random graph,12,48,-0.0028139576457831155,0.0025354968606766276,0.5420301755594655,0.5021973824058685
b54u_boundary_near_matched,boundary_distance_stratum,10,degree-matched directed random graph,12,48,0.0026220967185824674,0.0020065492937461336,0.5732907356602895,0.4684970374904421
b54u_boundary_near_matched,boundary_distance_stratum,11,degree-matched directed random graph,12,48,0.007815067124973674,0.000904785625262866,0.617281373073892,0.5230194759553694
b54u_boundary_near_matched,boundary_distance_stratum,12,degree-matched directed random graph,12,48,0.01104941388502132,0.001461424760382289,0.6725238937219714,0.539923835976054
b54u_boundary_near_matched,boundary_distance_stratum,13,degree-matched directed random graph,12,48,0.004728234700965241,0.0007328473967639047,0.5943795312212744,0.5444796265009494
b54u_boundary_near_matched,boundary_distance_stratum,14,degree-matched directed random graph,12,48,0.0029042724548621157,0.0019290190089649435,0.6247168297356289,0.5550348381105986
b54u_boundary_near_matched,boundary_distance_stratum,15,degree-matched directed random graph,12,48,-0.003675411502962339,0.0018668882065097539,0.5445074355540166,0.4750613934994658
b54u_boundary_near_matched,boundary_distance_stratum,16,degree-matched directed random graph,12,48,-0.0012473812525351051,0.0028053439442478002,0.5325725806192211,0.4903818697716242
b54u_boundary_near_matched,boundary_distance_stratum,17,degree-matched directed random graph,12,48,0.0005924149843279564,0.0021002277200233444,0.5157522658008585,0.4596098959406485
b54u_boundary_near_matched,boundary_distance_stratum,18,degree-matched directed random graph,12,48,0.0019345539914172865,0.0012525041719884291,0.5266904845045641,0.5543948312556178
b54u_boundary_near_matched,boundary_distance_stratum,19,degree-matched directed random graph,12,48,0.002876188796007621,0.0015394497563179835,0.6001377130446532,0.4986482873481289
b54u_boundary_near_matched,boundary_distance_stratum,20,degree-matched directed random graph,12,48,-0.001524981218712625,0.0013466052939346091,0.5502199356645199,0.5044033913963261
b54u_boundary_near_matched,boundary_distance_stratum,21,degree-matched directed random graph,12,48,0.009014464720027206,0.0016928143632559543,0.6295670816909087,0.56242802537596
b54u_boundary_near_matched,boundary_distance_stratum,22,degree-matched directed random graph,12,48,0.0026071486075656745,0.0018605206103501396,0.5995518322577916,0.4899887163761545
b54u_boundary_near_matched,boundary_distance_stratum,23,degree-matched directed random graph,12,48,0.00943303454914062,0.002366822545555553,0.5693592812115088,0.4985090919858464
b54u_boundary_near_matched,boundary_distance_stratum,24,degree-matched directed random graph,12,48,0.005906602146349871,0.002275600738459088,0.6152532358258652,0.5034856197917849
b54u_boundary_near_matched,boundary_distance_stratum,25,degree-matched directed random graph,12,48,-0.003212180404511615,0.0014879316806521666,0.5543174664257627,0.49457747864576246
b54u_boundary_near_matched,boundary_distance_stratum,26,degree-matched directed random graph,12,48,0.0044492728408097905,0.002844762253556532,0.5777866260069001,0.5461396362799017
b54u_boundary_near_matched,boundary_distance_stratum,27,degree-matched directed random graph,12,48,0.004189457835897181,0.002355126378775637,0.5850684947287312,0.4880161814657887
b54u_boundary_near_matched,boundary_distance_stratum,28,degree-matched directed random graph,12,48,0.006542992429827369,0.0015508762123999497,0.5950909106889412,0.4917958873036175
b54u_boundary_near_matched,boundary_distance_stratum,29,degree-matched directed random graph,12,48,0.013841824050150947,0.0025197723429181327,0.6213267223748754,0.5593746287050538
b54u_boundary_near_matched,boundary_distance_stratum,30,degree-matched directed random graph,12,48,-0.0003930457526291897,0.003165748230686939,0.5932892107734062,0.5352082013576535
b54u_boundary_near_matched,boundary_distance_stratum,31,degree-matched directed random graph,12,48,0.0020671736286656914,0.0018111403662878181,0.5768578914863332,0.5095068283992116
b54u_boundary_near_matched,boundary_distance_stratum,32,degree-matched directed random graph,12,48,0.0042549888549180135,0.0016476440211781144,0.5264827429470348,0.4927452495058559
b54u_boundary_near_matched,boundary_distance_stratum,33,degree-matched directed random graph,12,48,0.012446721447967816,0.0009781680618604468,0.6082312203355493,0.49892121193719774
b54u_boundary_near_matched,boundary_distance_stratum,34,degree-matched directed random graph,12,48,0.0013211076659812224,0.0016343212948222669,0.565441284265321,0.502402643660731
b54u_boundary_near_matched,boundary_distance_stratum,35,degree-matched directed random graph,12,48,0.003602010945738497,0.0015184747654564815,0.5624988446802475,0.4949810316593117
b54u_boundary_near_matched,boundary_distance_stratum,36,degree-matched directed random graph,12,48,0.006268168090246426,0.0029861534640053754,0.629827753672488,0.4690032693272906
b54u_boundary_near_matched,boundary_distance_stratum,37,degree-matched directed random graph,12,48,0.007155396558174241,0.0022337449238532844,0.6316560583700631,0.5263177904463493
b54u_boundary_near_matched,boundary_distance_stratum,38,degree-matched directed random graph,12,48,0.0032255152202348386,0.0007150268664728332,0.5216603312584219,0.4920008459273
b54u_boundary_near_matched,boundary_distance_stratum,39,degree-matched directed random graph,12,48,0.01099344886649807,0.001192047857998942,0.5779565846416203,0.5087084727723541
b54u_boundary_near_matched,boundary_distance_stratum,40,degree-matched directed random graph,12,48,0.004832196587530231,0.0023106526323246517,0.6224780318420938,0.47096721136825953
b54u_boundary_near_matched,boundary_distance_stratum,41,degree-matched directed random graph,12,48,0.004968545571556082,0.0008548065646978183,0.5847202555660704,0.5097062122918257
b54u_boundary_near_matched,boundary_distance_stratum,42,degree-matched directed random graph,12,48,0.0005218656077735336,0.0011027975117610133,0.5510984320904814,0.49879745264102704
b54u_boundary_near_matched,boundary_distance_stratum,43,degree-matched directed random graph,12,48,0.007680378998799355,0.0018695536061134651,0.5490474718816801,0.511617654024446
b54u_boundary_near_matched,boundary_distance_stratum,44,degree-matched directed random graph,12,48,0.0010850246244392104,0.0013595742842597543,0.5938493100351573,0.5321527541852684
b54u_boundary_near_matched,boundary_distance_stratum,45,degree-matched directed random graph,12,48,0.003378708901450037,0.0025252162709288595,0.5870718917934518,0.49661110550926074
b54u_boundary_near_matched,boundary_distance_stratum,46,degree-matched directed random graph,12,48,0.007097057724171577,0.0023801540106597615,0.6447098420878321,0.5166733857387685
b54u_boundary_near_matched,boundary_distance_stratum,47,degree-matched directed random graph,12,48,0.005622760217055835,0.001694982986776259,0.5682678575884654,0.5170622699539117
b54u_boundary_near_matched,boundary_distance_stratum,48,degree-matched directed random graph,12,48,0.001125915007597994,0.0010786805302448672,0.526535961942829,0.48204792717718964
b54u_boundary_near_matched,boundary_distance_stratum,49,degree-matched directed random graph,12,48,0.0017966518962914584,0.0019046039215467455,0.5970530427399078,0.5145274207244922
b54u_boundary_near_matched,boundary_distance_stratum,50,degree-matched directed random graph,12,48,0.0028606701081165466,0.0022363279785010616,0.5907293407025637,0.4927834853358766
b54u_boundary_near_matched,boundary_distance_stratum,51,degree-matched directed random graph,12,48,0.011636465698411425,0.00232989246808261,0.5800706963919858,0.5284872324890061
b54u_boundary_near_matched,boundary_distance_stratum,52,degree-matched directed random graph,12,48,0.006954746034819231,0.0016645450450759485,0.5370094602549349,0.5155211768445295
b54u_boundary_near_matched,boundary_distance_stratum,53,degree-matched directed random graph,12,48,0.0025871957370062594,0.0023044504659102075,0.575817047108374,0.5276804515190227
b54u_boundary_near_matched,boundary_distance_stratum,54,degree-matched directed random graph,12,48,0.0012943990216164802,0.0023981600651960806,0.6192051583260708,0.5517489005783089
b54u_boundary_near_matched,boundary_distance_stratum,55,degree-matched directed random graph,12,48,0.007651786213150435,0.0011700489677629483,0.5958771443795043,0.490560358122568
b54u_boundary_near_matched,boundary_distance_stratum,56,degree-matched directed random graph,12,48,-0.0022255064684517504,0.0028128846346020878,0.5437927161694754,0.491618194402553
b54u_boundary_near_matched,boundary_distance_stratum,57,degree-matched directed random graph,12,48,0.008572777055341972,0.0022309412324310984,0.6158875030973174,0.4738641063134101
b54u_boundary_near_matched,boundary_distance_stratum,58,degree-matched directed random graph,12,48,0.010188384918286338,0.0012844533609118606,0.6388248562256058,0.5150711296407126
b54u_boundary_near_matched,boundary_distance_stratum,59,degree-matched directed random graph,12,48,-0.003683490529728247,0.0023303027962178254,0.538536868088851,0.478772760790025
b54u_lag_0,lag_sweep,0,degree-matched directed random graph,12,48,0.01566558297844409,0.0017589586720823413,0.741133021050146,0.5854814834707497
b54u_lag_0,lag_sweep,1,degree-matched directed random graph,12,48,0.01570361851954845,0.001075673418577245,0.7518529038545857,0.616236227581043
b54u_lag_0,lag_sweep,2,degree-matched directed random graph,12,48,0.015701890992226793,0.0011993625689325636,0.7526375713318191,0.615949963449458
b54u_lag_0,lag_sweep,3,degree-matched directed random graph,12,48,0.01747024056470074,0.001137570868149527,0.7837921571351224,0.6632767364404929
b54u_lag_0,lag_sweep,4,degree-matched directed random graph,12,48,0.01861598711564021,0.0010745640094572035,0.7738247999415425,0.6441529045923439
b54u_lag_0,lag_sweep,5,degree-matched directed random graph,12,48,0.01894686963595238,0.0009877970022946837,0.7729807703901931,0.6397843786944998
b54u_lag_0,lag_sweep,6,degree-matched directed random graph,12,48,0.015890208633359274,0.001201955514104105,0.7596942169427572,0.6217229211034133
b54u_lag_0,lag_sweep,7,degree-matched directed random graph,12,48,0.017115358745694125,0.0018353972348391456,0.7482686885843522,0.6047983619346362
b54u_lag_0,lag_sweep,8,degree-matched directed random graph,12,48,0.018015486734503903,0.0011900204809234807,0.7711626570657094,0.6316154157862425
b54u_lag_0,lag_sweep,9,degree-matched directed random graph,12,48,0.016892169606533367,0.0017173794193031183,0.7716641496216297,0.6314373612435105
b54u_lag_0,lag_sweep,10,degree-matched directed random graph,12,48,0.015908804931029627,0.0007514522629469714,0.752445143708652,0.6082091081460367
b54u_lag_0,lag_sweep,11,degree-matched directed random graph,12,48,0.022024083828737842,0.0011017321356693735,0.7928123472443832,0.6718706300288625
b54u_lag_0,lag_sweep,12,degree-matched directed random graph,12,48,0.010781989243380764,0.0009801356006162267,0.7468179698717621,0.6085206536389678
b54u_lag_0,lag_sweep,13,degree-matched directed random graph,12,48,0.013604488909289891,0.0017479464113262762,0.734318816063768,0.5738565608804295
b54u_lag_0,lag_sweep,14,degree-matched directed random graph,12,48,0.01861980287015553,0.0010592605390474879,0.7732867656347578,0.6431658379035238
b54u_lag_0,lag_sweep,15,degree-matched directed random graph,12,48,0.01703794674315768,0.0019164168857655581,0.7791014711126242,0.6405213407076906
b54u_lag_0,lag_sweep,16,degree-matched directed random graph,12,48,0.018590896580678036,0.0017054942454792174,0.7760923846876588,0.6392049184527228
b54u_lag_0,lag_sweep,17,degree-matched directed random graph,12,48,0.016408621492761313,0.0007821658225566458,0.7796129600538556,0.6520380419806125
b54u_lag_0,lag_sweep,18,degree-matched directed random graph,12,48,0.01964693173464319,0.00163265100728919,0.7878915611060475,0.6630724291218785
b54u_lag_0,lag_sweep,19,degree-matched directed random graph,12,48,0.01458692205731115,0.0029820997408166313,0.7506947552053749,0.603929169550872
b54u_lag_0,lag_sweep,20,degree-matched directed random graph,12,48,0.02237722760926775,0.001083408037915917,0.7880145887229514,0.6592884617020334
b54u_lag_0,lag_sweep,21,degree-matched directed random graph,12,48,0.015907598306798196,0.002301259882990765,0.75917220508604,0.6122298138414174
b54u_lag_0,lag_sweep,22,degree-matched directed random graph,12,48,0.01733827836973212,0.0009860995358727663,0.771481962326849,0.6274092559868804
b54u_lag_0,lag_sweep,23,degree-matched directed random graph,12,48,0.012672222501877807,0.0027487397236307964,0.7616503804642366,0.6234403461086034
b54u_lag_0,lag_sweep,24,degree-matched directed random graph,12,48,0.01932144853807421,0.0021301112520394436,0.7752331464524191,0.6403374150043248
b54u_lag_0,lag_sweep,25,degree-matched directed random graph,12,48,0.020105230884665436,0.0024994493849318684,0.7720119417064817,0.6398043020345269
b54u_lag_0,lag_sweep,26,degree-matched directed random graph,12,48,0.018574339927339558,0.0017103256884941599,0.7724485497772197,0.6351032352532745
b54u_lag_0,lag_sweep,27,degree-matched directed random graph,12,48,0.015702073327264813,0.0009725031206845975,0.7788497957125725,0.6532797726397185
b54u_lag_0,lag_sweep,28,degree-matched directed random graph,12,48,0.019567685573705335,0.0024418456692233475,0.7898210825278866,0.6635836979641835
b54u_lag_0,lag_sweep,29,degree-matched directed random graph,12,48,0.015305842373875014,0.000665660770989576,0.7640979857121946,0.6241600547551792
b54u_lag_0,lag_sweep,30,degree-matched directed random graph,12,48,0.016422166172033945,0.001412835824256765,0.7480220173995873,0.6019896506450255
b54u_lag_0,lag_sweep,31,degree-matched directed random graph,12,48,0.015373321486316685,0.002005641239663452,0.7688939304812924,0.6431827424928239
b54u_lag_0,lag_sweep,32,degree-matched directed random graph,12,48,0.01545975159289434,0.000709213952676807,0.7466589032615142,0.6087999198927411
b54u_lag_0,lag_sweep,33,degree-matched directed random graph,12,48,0.01742376709706389,0.0022675948849120242,0.7759695135279424,0.632192087659042
b54u_lag_0,lag_sweep,34,degree-matched directed random graph,12,48,0.015230754147051474,0.0015942985994978475,0.763122515673734,0.6283609917873592
b54u_lag_0,lag_sweep,35,degree-matched directed random graph,12,48,0.011659529872978852,0.0009115834252518478,0.713258755369214,0.550597129884879
b54u_lag_0,lag_sweep,36,degree-matched directed random graph,12,48,0.014054247435993462,0.0022814575681201956,0.7534462725358336,0.6032749065173516
b54u_lag_0,lag_sweep,37,degree-matched directed random graph,12,48,0.01588024872832567,0.0019121938375266066,0.7648241825848316,0.6201700248964847
b54u_lag_0,lag_sweep,38,degree-matched directed random graph,12,48,0.00991046215269879,0.0021652195255851283,0.7028226995363274,0.5501995028779567
b54u_lag_0,lag_sweep,39,degree-matched directed random graph,12,48,0.014151698011293344,0.0016353090864042717,0.7313410682695727,0.5768130465416739
b54u_lag_0,lag_sweep,40,degree-matched directed random graph,12,48,0.016722027580259556,0.0025587777106999277,0.7609863258395088,0.6174912423864086
b54u_lag_0,lag_sweep,41,degree-matched directed random graph,12,48,0.017661887932083706,0.0018201092486459882,0.7741967473772006,0.6474787483316973
b54u_lag_0,lag_sweep,42,degree-matched directed random graph,12,48,0.015937341973246148,0.0010871597152041347,0.7585265631083136,0.6089350041332144
b54u_lag_0,lag_sweep,43,degree-matched directed random graph,12,48,0.015962087409808104,0.001359452166556625,0.7569598014470628,0.6125810347112673
b54u_lag_0,lag_sweep,44,degree-matched directed random graph,12,48,0.012894603333672176,0.0020195225711931346,0.7320882650464148,0.5724292846100186
b54u_lag_0,lag_sweep,45,degree-matched directed random graph,12,48,0.009688603873000133,0.001214819165272809,0.6932820650221109,0.5186112813263157
b54u_lag_0,lag_sweep,46,degree-matched directed random graph,12,48,0.011773279934391012,0.0016609016032439583,0.7100150854557484,0.5400295910477496
b54u_lag_0,lag_sweep,47,degree-matched directed random graph,12,48,0.017233912105534953,0.0012239786479997124,0.7794612999779399,0.6446050099425333
b54u_lag_0,lag_sweep,48,degree-matched directed random graph,12,48,0.014743817146964428,0.0015442019572441098,0.731236566978283,0.5716368182697343
b54u_lag_0,lag_sweep,49,degree-matched directed random graph,12,48,0.016021569109584955,0.0015595336717154826,0.7619584051465917,0.621305338378566
b54u_lag_0,lag_sweep,50,degree-matched directed random graph,12,48,0.010473785537879877,0.0013702420012628932,0.7287819377500986,0.5798377373282356
b54u_lag_0,lag_sweep,51,degree-matched directed random graph,12,48,0.015875796269544242,0.0012321605420090253,0.7493805804350401,0.6022033585924159
b54u_lag_0,lag_sweep,52,degree-matched directed random graph,12,48,0.015618011840924746,0.0018173057947990325,0.7690073886546619,0.6374118245413357
b54u_lag_0,lag_sweep,53,degree-matched directed random graph,12,48,0.012942714523689053,0.00137093325930636,0.7360366525097587,0.5981033068273606
b54u_lag_0,lag_sweep,54,degree-matched directed random graph,12,48,0.016270879231808425,0.0010084087615995416,0.7639800771621141,0.6269063212537337
b54u_lag_0,lag_sweep,55,degree-matched directed random graph,12,48,0.01939438876086816,0.0009348163318539961,0.7826416766993699,0.6502621684374591
b54u_lag_0,lag_sweep,56,degree-matched directed random graph,12,48,0.015476600387398431,0.0011779148157042923,0.7568915356358712,0.6330959033523398
b54u_lag_0,lag_sweep,57,degree-matched directed random graph,12,48,0.020650860657417214,0.002424859669156292,0.790336235775582,0.6648015316965521
b54u_lag_0,lag_sweep,58,degree-matched directed random graph,12,48,0.016422556445186993,0.000910129513341846,0.7755499098851272,0.6492159265315626
b54u_lag_0,lag_sweep,59,degree-matched directed random graph,12,48,0.01649971606443798,0.0022315452163969986,0.7691045693001617,0.6325489124002829
b54u_lag_minus1,lag_sweep,0,degree-matched directed random graph,12,48,0.012392601055451155,0.001222103020709792,0.7537846558027375,0.6006489151659579
b54u_lag_minus1,lag_sweep,1,degree-matched directed random graph,12,48,0.01597404620149703,0.0013233166548403741,0.7599025700904175,0.6299598869764828
b54u_lag_minus1,lag_sweep,2,degree-matched directed random graph,12,48,0.01773930869054331,0.0011501780121876395,0.7830058804762579,0.65547668895715
b54u_lag_minus1,lag_sweep,3,degree-matched directed random graph,12,48,0.015426322098753253,0.0018557931150197263,0.7454571858332694,0.5864659095276625
b54u_lag_minus1,lag_sweep,4,degree-matched directed random graph,12,48,0.019250635417797955,0.0012024235228546938,0.7672583078632043,0.626315157314261
b54u_lag_minus1,lag_sweep,5,degree-matched directed random graph,12,48,0.011101563625552098,0.001339728625911804,0.7491382615917695,0.6021430846280235
b54u_lag_minus1,lag_sweep,6,degree-matched directed random graph,12,48,0.016780725884955053,0.0012349654785826956,0.7583755223163072,0.6145147070782236
b54u_lag_minus1,lag_sweep,7,degree-matched directed random graph,12,48,0.01723593306350318,0.0012806671704166251,0.7943096459831563,0.6756593514638229
b54u_lag_minus1,lag_sweep,8,degree-matched directed random graph,12,48,0.01718320129029452,0.001840414711235627,0.774040829569366,0.6310983604512973
b54u_lag_minus1,lag_sweep,9,degree-matched directed random graph,12,48,0.017565431665388077,0.0011862091298254249,0.7894834772629058,0.6695736673278497
b54u_lag_minus1,lag_sweep,10,degree-matched directed random graph,12,48,0.01916799153161105,0.0013324196116211318,0.7937785094849267,0.6762113294590884
b54u_lag_minus1,lag_sweep,11,degree-matched directed random graph,12,48,0.016085507797262418,0.0019082126842772515,0.7553651956259549,0.610881457358591
b54u_lag_minus1,lag_sweep,12,degree-matched directed random graph,12,48,0.015256857400301022,0.0009089601673715541,0.7575668160338168,0.6172610587611956
b54u_lag_minus1,lag_sweep,13,degree-matched directed random graph,12,48,0.01745759199705851,0.0017796558098874542,0.7771745317305258,0.646429314098235
b54u_lag_minus1,lag_sweep,14,degree-matched directed random graph,12,48,0.0145736599118746,0.0011286303081296076,0.7537512236252035,0.6168519250647811
b54u_lag_minus1,lag_sweep,15,degree-matched directed random graph,12,48,0.011573635071406718,0.0015606509635402164,0.7274555876791134,0.5710479460823223
b54u_lag_minus1,lag_sweep,16,degree-matched directed random graph,12,48,0.013454807471798851,0.002643434963110393,0.7435389016549249,0.5820043544758322
b54u_lag_minus1,lag_sweep,17,degree-matched directed random graph,12,48,0.017374171339854583,0.0005496603474077951,0.7561837733639031,0.6165238026650293
b54u_lag_minus1,lag_sweep,18,degree-matched directed random graph,12,48,0.0168488303142407,0.0017017587871359088,0.7762376256896909,0.6441295521648304
b54u_lag_minus1,lag_sweep,19,degree-matched directed random graph,12,48,0.016351207279539186,0.001418944220289092,0.7674536448970183,0.6331006959876189
b54u_lag_minus1,lag_sweep,20,degree-matched directed random graph,12,48,0.015806399012039497,0.0009282502785827845,0.7484980710767072,0.6128366845856615
b54u_lag_minus1,lag_sweep,21,degree-matched directed random graph,12,48,0.016835770065552272,0.002182370655664508,0.7643336445522749,0.6350318618373315
b54u_lag_minus1,lag_sweep,22,degree-matched directed random graph,12,48,0.013921293518792906,0.001387494321777569,0.7475949927578743,0.5871102760209216
b54u_lag_minus1,lag_sweep,23,degree-matched directed random graph,12,48,0.017282240721474294,0.0027174812088775124,0.7785642166073385,0.6517244535668885
b54u_lag_minus1,lag_sweep,24,degree-matched directed random graph,12,48,0.018884917731855213,0.0009208102441474287,0.7930904721304635,0.6751386543375734
b54u_lag_minus1,lag_sweep,25,degree-matched directed random graph,12,48,0.016081501331120625,0.0017209383203311303,0.7640828992720751,0.62589269418959
b54u_lag_minus1,lag_sweep,26,degree-matched directed random graph,12,48,0.015083134593828616,0.0008972087823210713,0.7596296164178088,0.6194067025627524
b54u_lag_minus1,lag_sweep,27,degree-matched directed random graph,12,48,0.015440288642080026,0.0013907343688010928,0.7586873964864994,0.6207904010374753
b54u_lag_minus1,lag_sweep,28,degree-matched directed random graph,12,48,0.010628859432226212,0.0008693737177138146,0.7079754651098625,0.5632939000672547
b54u_lag_minus1,lag_sweep,29,degree-matched directed random graph,12,48,0.01659703774963912,0.0014383099287633599,0.7606309616652411,0.6303787460087477
b54u_lag_minus1,lag_sweep,30,degree-matched directed random graph,12,48,0.014522748522765501,0.0016895398617111513,0.7559492723410196,0.6119396278045529
b54u_lag_minus1,lag_sweep,31,degree-matched directed random graph,12,48,0.017321354688827752,0.002485366143068208,0.7700708972422023,0.6495402438386668
b54u_lag_minus1,lag_sweep,32,degree-matched directed random graph,12,48,0.015795998059855116,0.0009837368144354232,0.7587414232503424,0.6109020477442023
b54u_lag_minus1,lag_sweep,33,degree-matched directed random graph,12,48,0.012333318549619424,0.0006672615674355177,0.7164970055035799,0.55263176112065
b54u_lag_minus1,lag_sweep,34,degree-matched directed random graph,12,48,0.017444324364556396,0.0010780459068488216,0.7805285215555525,0.6465821827340226
b54u_lag_minus1,lag_sweep,35,degree-matched directed random graph,12,48,0.0159957246607825,0.0005730451084257196,0.7446584399129118,0.5873791318290638
b54u_lag_minus1,lag_sweep,36,degree-matched directed random graph,12,48,0.020058254317051303,0.001768048034161083,0.7798861976472825,0.6522062585909005
b54u_lag_minus1,lag_sweep,37,degree-matched directed random graph,12,48,0.013666419720737857,0.0007959607105774509,0.7482330481971667,0.5989577762115142
b54u_lag_minus1,lag_sweep,38,degree-matched directed random graph,12,48,0.0165311499073294,0.002284941965402753,0.7756279200121873,0.6431780270775646
b54u_lag_minus1,lag_sweep,39,degree-matched directed random graph,12,48,0.01696092712022711,0.0014761734366151244,0.7718498442892278,0.635568115062768
b54u_lag_minus1,lag_sweep,40,degree-matched directed random graph,12,48,0.014451245907405819,0.0013496123680451079,0.7641310395167893,0.6274179373099155
b54u_lag_minus1,lag_sweep,41,degree-matched directed random graph,12,48,0.02011632956026789,0.002217250208199115,0.7765941117105614,0.6427918135050182
b54u_lag_minus1,lag_sweep,42,degree-matched directed random graph,12,48,0.012485216626868467,0.001705879078656764,0.7463432027049556,0.5846641832529591
b54u_lag_minus1,lag_sweep,43,degree-matched directed random graph,12,48,0.010534920060858271,0.0016543823566354879,0.7150709928940504,0.5507464666875557
b54u_lag_minus1,lag_sweep,44,degree-matched directed random graph,12,48,0.018645041760082495,0.0012664942266298667,0.7754051401358777,0.6404891325750807
b54u_lag_minus1,lag_sweep,45,degree-matched directed random graph,12,48,0.018970121785858923,0.0007469721096082601,0.769947659130942,0.6235781396433189
b54u_lag_minus1,lag_sweep,46,degree-matched directed random graph,12,48,0.02124769384524133,0.001777739079541216,0.8103517486673525,0.7057733238851763
b54u_lag_minus1,lag_sweep,47,degree-matched directed random graph,12,48,0.01658115030255934,0.0021755179797647217,0.7698547926241638,0.6360855370413291
b54u_lag_minus1,lag_sweep,48,degree-matched directed random graph,12,48,0.01943613024581673,0.0023616707705302804,0.7897938859500945,0.6817948333788458
b54u_lag_minus1,lag_sweep,49,degree-matched directed random graph,12,48,0.012651842500256213,0.001252635743719862,0.7244577747911904,0.5626332441591685
b54u_lag_minus1,lag_sweep,50,degree-matched directed random graph,12,48,0.013044359595639293,0.001067814955721774,0.7388479325809678,0.5847820815056383
b54u_lag_minus1,lag_sweep,51,degree-matched directed random graph,12,48,0.014776515823379887,0.0011573244737038883,0.7750400671136671,0.6398939260154164
b54u_lag_minus1,lag_sweep,52,degree-matched directed random graph,12,48,0.016041608221626296,0.0012594730540804427,0.7720851281525226,0.6503348233259112
b54u_lag_minus1,lag_sweep,53,degree-matched directed random graph,12,48,0.018030090465306767,0.0013826695770518779,0.7815420067437033,0.6448445383543892
b54u_lag_minus1,lag_sweep,54,degree-matched directed random graph,12,48,0.014488534215168034,0.0018192459789779136,0.7504684770833968,0.6079053834861039
b54u_lag_minus1,lag_sweep,55,degree-matched directed random graph,12,48,0.014762232347316016,0.0023501201767866255,0.7398680297549104,0.5906143840910927
b54u_lag_minus1,lag_sweep,56,degree-matched directed random graph,12,48,0.016789550658845607,0.0016514326672050924,0.7662083802480338,0.621536240650514
b54u_lag_minus1,lag_sweep,57,degree-matched directed random graph,12,48,0.01388336610524859,0.001278539316953876,0.7595546979658775,0.6192532932155302
b54u_lag_minus1,lag_sweep,58,degree-matched directed random graph,12,48,0.01470112668907912,0.0008291228620917124,0.7511398181568869,0.5957238359286671
b54u_lag_minus1,lag_sweep,59,degree-matched directed random graph,12,48,0.014398950199324247,0.0013979745439196738,0.7316959163860708,0.6117974853851159
b54u_lag_minus12,lag_sweep,0,degree-matched directed random graph,12,48,0.01619901336681689,0.0016243447110884663,0.7893809243493667,0.6543718555038233
b54u_lag_minus12,lag_sweep,1,degree-matched directed random graph,12,48,0.013908658134129151,0.0027823776370784798,0.7766523416419367,0.6323080979417636
b54u_lag_minus12,lag_sweep,2,degree-matched directed random graph,12,48,0.014633759152280998,0.0019031670387400568,0.799988854463157,0.6739969977628997
b54u_lag_minus12,lag_sweep,3,degree-matched directed random graph,12,48,0.012507380449246363,0.00265849432361013,0.771123354597509,0.6227452284476173
b54u_lag_minus12,lag_sweep,4,degree-matched directed random graph,12,48,0.011304305737270518,0.0021595883602834173,0.7142287753245175,0.5448316206269953
b54u_lag_minus12,lag_sweep,5,degree-matched directed random graph,12,48,0.01697866037133816,0.0009020050417569553,0.7731553739135234,0.6331293813814974
b54u_lag_minus12,lag_sweep,6,degree-matched directed random graph,12,48,0.013701029542098583,0.0008654809585846705,0.7663491806679711,0.6152672142421164
b54u_lag_minus12,lag_sweep,7,degree-matched directed random graph,12,48,0.010193434174360581,0.0014284382468120443,0.7245973850221921,0.5531644268857535
b54u_lag_minus12,lag_sweep,8,degree-matched directed random graph,12,48,0.012810575157681844,0.0013505609249522977,0.7689474211556685,0.6229870284787419
b54u_lag_minus12,lag_sweep,9,degree-matched directed random graph,12,48,0.016169332898203548,0.0008943984447000388,0.7865262354306707,0.6673721039217525
b54u_lag_minus12,lag_sweep,10,degree-matched directed random graph,12,48,0.01483970381874337,0.0013396159147254125,0.7569559644950902,0.6033749270271273
b54u_lag_minus12,lag_sweep,11,degree-matched directed random graph,12,48,0.010542280202540747,0.002030625185004775,0.7451751375140062,0.594033937423478
b54u_lag_minus12,lag_sweep,12,degree-matched directed random graph,12,48,0.01700893884331871,0.0030696362553971563,0.7917137019409891,0.6615650969426589
b54u_lag_minus12,lag_sweep,13,degree-matched directed random graph,12,48,0.011185890661130675,0.0017711301947001866,0.7540748621381299,0.6012445236387133
b54u_lag_minus12,lag_sweep,14,degree-matched directed random graph,12,48,0.016010109792126404,0.0025525598632931477,0.7880243309817981,0.6647155194373026
b54u_lag_minus12,lag_sweep,15,degree-matched directed random graph,12,48,0.017126883546499317,0.0019369633269203847,0.7709844494844716,0.6243356161741966
b54u_lag_minus12,lag_sweep,16,degree-matched directed random graph,12,48,0.01573204568263726,0.0017077580948905008,0.779977400043525,0.6452672814709762
b54u_lag_minus12,lag_sweep,17,degree-matched directed random graph,12,48,0.01570884648822013,0.0030660134263811385,0.7806402590516464,0.6376140164923512
b54u_lag_minus12,lag_sweep,18,degree-matched directed random graph,12,48,0.013342912530329057,0.0018317379018225892,0.7835926047657344,0.6452801364300397
b54u_lag_minus12,lag_sweep,19,degree-matched directed random graph,12,48,0.014144044961944352,0.0021694365572734707,0.7832096253014807,0.6495835418748436
b54u_lag_minus12,lag_sweep,20,degree-matched directed random graph,12,48,0.012374083080679582,0.0015598806517389022,0.7632620600248107,0.6322457089405892
b54u_lag_minus12,lag_sweep,21,degree-matched directed random graph,12,48,0.01446252161748695,0.0013694593170058378,0.7650525208976572,0.6110980477603003
b54u_lag_minus12,lag_sweep,22,degree-matched directed random graph,12,48,0.014717389833998756,0.002598456326667561,0.7971319380993335,0.6695411294670595
b54u_lag_minus12,lag_sweep,23,degree-matched directed random graph,12,48,0.017229384017383272,0.0018448236243647457,0.789565483074755,0.6508660544722012
b54u_lag_minus12,lag_sweep,24,degree-matched directed random graph,12,48,0.014167130653928989,0.0027506116201040922,0.7405003260855344,0.5808269647444161
b54u_lag_minus12,lag_sweep,25,degree-matched directed random graph,12,48,0.015637364918276928,0.0011883339403430612,0.7817362824321691,0.6393021267893814
b54u_lag_minus12,lag_sweep,26,degree-matched directed random graph,12,48,0.014179942073048507,0.0007606318054372516,0.7616601587925778,0.6119288270897014
b54u_lag_minus12,lag_sweep,27,degree-matched directed random graph,12,48,0.01670882264282592,0.001604261305754858,0.8059026421281281,0.6876882336654551
b54u_lag_minus12,lag_sweep,28,degree-matched directed random graph,12,48,0.01491322449511632,0.003343996892703371,0.7796234377588029,0.6442273622844504
b54u_lag_minus12,lag_sweep,29,degree-matched directed random graph,12,48,0.01334176898168376,0.0021965589649799457,0.7706165983875345,0.6309551388514903
b54u_lag_minus12,lag_sweep,30,degree-matched directed random graph,12,48,0.016456043115842745,0.0015029633407046845,0.7952098025718085,0.6633259493592739
b54u_lag_minus12,lag_sweep,31,degree-matched directed random graph,12,48,0.015947522955490026,0.001291318453530551,0.7924515612985982,0.6601473196977414
b54u_lag_minus12,lag_sweep,32,degree-matched directed random graph,12,48,0.014237758946846195,0.0010786991299218387,0.7672407946580306,0.6201645891359656
b54u_lag_minus12,lag_sweep,33,degree-matched directed random graph,12,48,0.00996740827859605,0.0009090514612422447,0.7300538892696192,0.565296471178164
b54u_lag_minus12,lag_sweep,34,degree-matched directed random graph,12,48,0.011118849874342198,0.0015302719509449518,0.7318006030003703,0.5566830470816594
b54u_lag_minus12,lag_sweep,35,degree-matched directed random graph,12,48,0.011866453878405557,0.0024536823838019893,0.7527093092406437,0.5942363451748844
b54u_lag_minus12,lag_sweep,36,degree-matched directed random graph,12,48,0.014022832337984415,0.0012958156688873514,0.7824112919277341,0.6503718281958815
b54u_lag_minus12,lag_sweep,37,degree-matched directed random graph,12,48,0.010563056269049366,0.00224972041093465,0.7414997346637766,0.6012746500176592
b54u_lag_minus12,lag_sweep,38,degree-matched directed random graph,12,48,0.015734981836034275,0.0008198699193990347,0.7875791775272404,0.658865813227952
b54u_lag_minus12,lag_sweep,39,degree-matched directed random graph,12,48,0.013379187797011442,0.0017367691037136527,0.7643190353965464,0.6207255276591302
b54u_lag_minus12,lag_sweep,40,degree-matched directed random graph,12,48,0.011606810932481266,0.0012739406893487728,0.7900339030228021,0.6558366255372815
b54u_lag_minus12,lag_sweep,41,degree-matched directed random graph,12,48,0.01507220116235345,0.0026966920580933874,0.767891290439867,0.6318204442857301
b54u_lag_minus12,lag_sweep,42,degree-matched directed random graph,12,48,0.012231106013415783,0.0010597861722539703,0.7664713841495324,0.6353582487508838
b54u_lag_minus12,lag_sweep,43,degree-matched directed random graph,12,48,0.015473880053758438,0.0017133433866754631,0.7763437486847212,0.6453725636144008
b54u_lag_minus12,lag_sweep,44,degree-matched directed random graph,12,48,0.01524271588328411,0.0014683658366587927,0.7896097004155175,0.6551740127511032
b54u_lag_minus12,lag_sweep,45,degree-matched directed random graph,12,48,0.012347239172509862,0.001953606323634647,0.7512586597997871,0.6262301103185703
b54u_lag_minus12,lag_sweep,46,degree-matched directed random graph,12,48,0.0136265373873741,0.00130029424362436,0.774342899970231,0.6299489425436877
b54u_lag_minus12,lag_sweep,47,degree-matched directed random graph,12,48,0.014348164663952681,0.002380169081088247,0.7545772574941773,0.6084081301670091
b54u_lag_minus12,lag_sweep,48,degree-matched directed random graph,12,48,0.013951830421465854,0.0009597117673623057,0.7555380851798367,0.5988112257931733
b54u_lag_minus12,lag_sweep,49,degree-matched directed random graph,12,48,0.019451558133086962,0.002719111203330518,0.8198160079607866,0.7055918007079907
b54u_lag_minus12,lag_sweep,50,degree-matched directed random graph,12,48,0.014565167707869217,0.0016305434571920023,0.7827987076107316,0.6498870605424986
b54u_lag_minus12,lag_sweep,51,degree-matched directed random graph,12,48,0.01591926371936773,0.0013044852075043323,0.7707234756677755,0.6342722144390844
b54u_lag_minus12,lag_sweep,52,degree-matched directed random graph,12,48,0.013706792209702215,0.0008387943594282217,0.77894965692734,0.6457778721639529
b54u_lag_minus12,lag_sweep,53,degree-matched directed random graph,12,48,0.01439493658381795,0.002015594791566691,0.7596787999191075,0.6089947452685064
b54u_lag_minus12,lag_sweep,54,degree-matched directed random graph,12,48,0.014382476409991513,0.0016358336678680564,0.779158404024006,0.6485647860793057
b54u_lag_minus12,lag_sweep,55,degree-matched directed random graph,12,48,0.015011697266821444,0.0014649650167234375,0.7595887175977033,0.614231113994899
b54u_lag_minus12,lag_sweep,56,degree-matched directed random graph,12,48,0.012648318209152644,0.002414682447111058,0.7574394524518069,0.5984828841230413
b54u_lag_minus12,lag_sweep,57,degree-matched directed random graph,12,48,0.014819575327132226,0.0012601111690417458,0.7807702683738483,0.6391720228510929
b54u_lag_minus12,lag_sweep,58,degree-matched directed random graph,12,48,0.01783907914827718,0.0022984202885551206,0.7878999464058883,0.6582051608037792
b54u_lag_minus12,lag_sweep,59,degree-matched directed random graph,12,48,0.018269659003405676,0.001787586292661059,0.7859218260127951,0.6540393900361501
b54u_lag_minus2,lag_sweep,0,degree-matched directed random graph,12,48,0.018716562913365806,0.0012620811346636088,0.7890313224723989,0.6672178713840312
b54u_lag_minus2,lag_sweep,1,degree-matched directed random graph,12,48,0.016525148258864617,0.0015799042877546277,0.7692195656148678,0.6245646820705827
b54u_lag_minus2,lag_sweep,2,degree-matched directed random graph,12,48,0.015401667980940092,0.0014250281859698075,0.7883964302977297,0.6612374117178171
b54u_lag_minus2,lag_sweep,3,degree-matched directed random graph,12,48,0.015846653879601092,0.0021136591254591547,0.7592372417614063,0.6084826420664159
b54u_lag_minus2,lag_sweep,4,degree-matched directed random graph,12,48,0.011954748199163099,0.0015260518767753882,0.7442374304001294,0.5962636008949275
b54u_lag_minus2,lag_sweep,5,degree-matched directed random graph,12,48,0.01437655773014227,0.0020327774269188474,0.7781447511853448,0.6461356750634669
b54u_lag_minus2,lag_sweep,6,degree-matched directed random graph,12,48,0.009954315832261322,0.0013739970768085095,0.7275948597793981,0.5770621187855652
b54u_lag_minus2,lag_sweep,7,degree-matched directed random graph,12,48,0.02091339204315057,0.002331217092757666,0.7980213768478066,0.6711390396623601
b54u_lag_minus2,lag_sweep,8,degree-matched directed random graph,12,48,0.0160558396077565,0.0012511391992783495,0.7860771854804026,0.654873430660975
b54u_lag_minus2,lag_sweep,9,degree-matched directed random graph,12,48,0.013116801199361214,0.0023119133866203,0.7777585228507027,0.644789242652215
b54u_lag_minus2,lag_sweep,10,degree-matched directed random graph,12,48,0.009061507331943377,0.0013782209855295949,0.7364552897894939,0.5805022783800898
b54u_lag_minus2,lag_sweep,11,degree-matched directed random graph,12,48,0.01704420691646183,0.0015916843644013577,0.7697375412774977,0.6339548069945552
b54u_lag_minus2,lag_sweep,12,degree-matched directed random graph,12,48,0.00980103929095761,0.001867893986014813,0.7290579371809517,0.5835470788822685
b54u_lag_minus2,lag_sweep,13,degree-matched directed random graph,12,48,0.015095133969477407,0.0010545246719937318,0.7639550143955082,0.6242593410228623
b54u_lag_minus2,lag_sweep,14,degree-matched directed random graph,12,48,0.016015692734253517,0.002451950161228453,0.7660832522525786,0.622173123175779
b54u_lag_minus2,lag_sweep,15,degree-matched directed random graph,12,48,0.012605243275820832,0.0016571891368609949,0.7324491619884644,0.5597410530595643
b54u_lag_minus2,lag_sweep,16,degree-matched directed random graph,12,48,0.010445294285250902,0.0019884864473431758,0.7595027582483977,0.6201541817326052
b54u_lag_minus2,lag_sweep,17,degree-matched directed random graph,12,48,0.016579907925933873,0.0018388749678821187,0.7787112170514726,0.6455289461058994
b54u_lag_minus2,lag_sweep,18,degree-matched directed random graph,12,48,0.015017789130254866,0.0011974176035856436,0.780762326016665,0.6474941216260001
b54u_lag_minus2,lag_sweep,19,degree-matched directed random graph,12,48,0.016669653234931584,0.0019046771074111987,0.7818557114614068,0.6580986837347403
b54u_lag_minus2,lag_sweep,20,degree-matched directed random graph,12,48,0.012807996805324929,0.0007313927615107427,0.7626561757706233,0.6161312974582219
b54u_lag_minus2,lag_sweep,21,degree-matched directed random graph,12,48,0.013766548874425284,0.0025039449586867464,0.772389991120184,0.633498785820245
b54u_lag_minus2,lag_sweep,22,degree-matched directed random graph,12,48,0.013581182363310488,0.0019128706442448349,0.7763085959741275,0.6497446717935141
b54u_lag_minus2,lag_sweep,23,degree-matched directed random graph,12,48,0.009238955156969013,0.0015287833349423169,0.738541439327427,0.6015542319324648
b54u_lag_minus2,lag_sweep,24,degree-matched directed random graph,12,48,0.01274291471620806,0.002347915235974699,0.7558685032106011,0.6008922341821289
b54u_lag_minus2,lag_sweep,25,degree-matched directed random graph,12,48,0.00942155189576515,0.0016928647416360938,0.733576408811451,0.5883125200244784
b54u_lag_minus2,lag_sweep,26,degree-matched directed random graph,12,48,0.012620234739581774,0.0006073798061234219,0.7479604170543982,0.6040235626780851
b54u_lag_minus2,lag_sweep,27,degree-matched directed random graph,12,48,0.0139350852449317,0.0013475928732825885,0.7602071365546988,0.6156769495171553
b54u_lag_minus2,lag_sweep,28,degree-matched directed random graph,12,48,0.012979361937280979,0.0018268454648029883,0.770490420249668,0.6322005275348382
b54u_lag_minus2,lag_sweep,29,degree-matched directed random graph,12,48,0.01580037599812251,0.0017499508047620575,0.7821611358275943,0.6578280974495373
b54u_lag_minus2,lag_sweep,30,degree-matched directed random graph,12,48,0.013119233327565908,0.0019075638171694863,0.776647802444748,0.6408365108228513
b54u_lag_minus2,lag_sweep,31,degree-matched directed random graph,12,48,0.01572658303349257,0.0010976705681621083,0.7754171930927781,0.6386012324875424
b54u_lag_minus2,lag_sweep,32,degree-matched directed random graph,12,48,0.012036994421560449,0.0012846819291887277,0.7442288609441062,0.5899357390228283
b54u_lag_minus2,lag_sweep,33,degree-matched directed random graph,12,48,0.010243989853400188,0.0013708003365433805,0.756038688689988,0.6107115876822347
b54u_lag_minus2,lag_sweep,34,degree-matched directed random graph,12,48,0.01081457159049244,0.0027208245437651954,0.7239945348931048,0.5591263726290732
b54u_lag_minus2,lag_sweep,35,degree-matched directed random graph,12,48,0.015254926090567967,0.0013071407568042348,0.7944990064079674,0.6785971998635655
b54u_lag_minus2,lag_sweep,36,degree-matched directed random graph,12,48,0.013835045510674451,0.002679838580806997,0.7502331470135513,0.5970563950216233
b54u_lag_minus2,lag_sweep,37,degree-matched directed random graph,12,48,0.015337277273919305,0.001445823707434859,0.7512673331526006,0.6026128807972252
b54u_lag_minus2,lag_sweep,38,degree-matched directed random graph,12,48,0.014091461003896093,0.0021041578619470963,0.7640636097227431,0.6189313433588536
b54u_lag_minus2,lag_sweep,39,degree-matched directed random graph,12,48,0.013523600687122475,0.0024368728758093904,0.7718361095745601,0.6384644941083045
b54u_lag_minus2,lag_sweep,40,degree-matched directed random graph,12,48,0.018123199881408616,0.0021759903172554793,0.7946706457603224,0.6671787705995459
b54u_lag_minus2,lag_sweep,41,degree-matched directed random graph,12,48,0.010411087689904798,0.0010607353312039965,0.7193842625352697,0.5412487741096981
b54u_lag_minus2,lag_sweep,42,degree-matched directed random graph,12,48,0.012308120556084047,0.0018718798938549305,0.7585775332635952,0.6136765755245333
b54u_lag_minus2,lag_sweep,43,degree-matched directed random graph,12,48,0.008271967774660965,0.0005352302593679217,0.7260295508139162,0.5675500627438969
b54u_lag_minus2,lag_sweep,44,degree-matched directed random graph,12,48,0.011838782439081331,0.0022112469117192834,0.7581344271893838,0.6072616329829587
b54u_lag_minus2,lag_sweep,45,degree-matched directed random graph,12,48,0.015350930052159326,0.0023971153030691522,0.7729854316523112,0.6303379243159334
b54u_lag_minus2,lag_sweep,46,degree-matched directed random graph,12,48,0.01005468542371332,0.0012546765826993084,0.7512557886848058,0.6009429465714378
b54u_lag_minus2,lag_sweep,47,degree-matched directed random graph,12,48,0.01637043007638635,0.0012276079360158366,0.7847479603863258,0.6725525678738332
b54u_lag_minus2,lag_sweep,48,degree-matched directed random graph,12,48,0.0119989926102594,0.0005012121180228644,0.7483260139712665,0.6027648671315141
b54u_lag_minus2,lag_sweep,49,degree-matched directed random graph,12,48,0.013176408279459447,0.002583521445341136,0.7534786585693082,0.6044481210811051
b54u_lag_minus2,lag_sweep,50,degree-matched directed random graph,12,48,0.01803966109669651,0.0020626346050400535,0.7854587653920534,0.6607566277776854
b54u_lag_minus2,lag_sweep,51,degree-matched directed random graph,12,48,0.013326434390803346,0.0012245882827693882,0.753920639810724,0.6187324803355961
b54u_lag_minus2,lag_sweep,52,degree-matched directed random graph,12,48,0.012069359441244548,0.0007668513724224358,0.749095551603869,0.6008755768034457
b54u_lag_minus2,lag_sweep,53,degree-matched directed random graph,12,48,0.009703363589743304,0.0020751479043311944,0.7402877826158445,0.5811421935524572
b54u_lag_minus2,lag_sweep,54,degree-matched directed random graph,12,48,0.010594702449786192,0.0019316684530996566,0.7289201571200467,0.5892786391301735
b54u_lag_minus2,lag_sweep,55,degree-matched directed random graph,12,48,0.010397798489666623,0.0015682255472391218,0.736666177790167,0.5741920361726615
b54u_lag_minus2,lag_sweep,56,degree-matched directed random graph,12,48,0.013423839878045454,0.0021317003129724503,0.7342931834451659,0.5815607411993806
b54u_lag_minus2,lag_sweep,57,degree-matched directed random graph,12,48,0.011565592046298326,0.00157549459452652,0.7457879177511991,0.5876721977269336
b54u_lag_minus2,lag_sweep,58,degree-matched directed random graph,12,48,0.01533889579154526,0.0013726455636413005,0.7724567173239217,0.6371554770575553
b54u_lag_minus2,lag_sweep,59,degree-matched directed random graph,12,48,0.019985355120841954,0.0018280909620686221,0.797612289844697,0.6772980456988228
b54u_lag_minus3,lag_sweep,0,degree-matched directed random graph,12,48,0.012515569743748699,0.0017100741673054234,0.7127309687699265,0.5417147712646252
b54u_lag_minus3,lag_sweep,1,degree-matched directed random graph,12,48,0.018406541837623344,0.0015570367594153743,0.7851899903906555,0.6636306061219052
b54u_lag_minus3,lag_sweep,2,degree-matched directed random graph,12,48,0.014969382578045977,0.0015438859422378791,0.7559910375606856,0.613505924942845
b54u_lag_minus3,lag_sweep,3,degree-matched directed random graph,12,48,0.01626783119467916,0.002174181602682243,0.7685190292126327,0.6288194478163865
b54u_lag_minus3,lag_sweep,4,degree-matched directed random graph,12,48,0.010925858287543532,0.001061226503881854,0.7428540392424549,0.5856615222529599
b54u_lag_minus3,lag_sweep,5,degree-matched directed random graph,12,48,0.017392639480761068,0.0011972392390987678,0.7813528369048202,0.6518530812392095
b54u_lag_minus3,lag_sweep,6,degree-matched directed random graph,12,48,0.014072166922077517,0.001861126549034078,0.7625074516381011,0.6173240875675329
b54u_lag_minus3,lag_sweep,7,degree-matched directed random graph,12,48,0.012715763862326252,0.0010622441402922608,0.7442683716429924,0.5896810352577327
b54u_lag_minus3,lag_sweep,8,degree-matched directed random graph,12,48,0.014217341641987792,0.0012833214433888849,0.7353548842901739,0.5793817215788678
b54u_lag_minus3,lag_sweep,9,degree-matched directed random graph,12,48,0.015524174443190812,0.0012702642653362787,0.7412802637847676,0.5907998389297141
b54u_lag_minus3,lag_sweep,10,degree-matched directed random graph,12,48,0.009068694255962887,0.0013614522592269884,0.7302527821809225,0.5759141225933753
b54u_lag_minus3,lag_sweep,11,degree-matched directed random graph,12,48,0.009881527252231362,0.0015010183877140015,0.7092767670015449,0.5698215685058184
b54u_lag_minus3,lag_sweep,12,degree-matched directed random graph,12,48,0.016592802381758757,0.001182885938929761,0.7572057216459918,0.6130479820191417
b54u_lag_minus3,lag_sweep,13,degree-matched directed random graph,12,48,0.01785868445013821,0.0011704321211735743,0.7788818668580407,0.643762781201066
b54u_lag_minus3,lag_sweep,14,degree-matched directed random graph,12,48,0.009050143999838826,0.002085765512101617,0.715191715166367,0.5509107767287955
b54u_lag_minus3,lag_sweep,15,degree-matched directed random graph,12,48,0.015400236563363388,0.001748933967138349,0.7836300613853582,0.6623985121578513
b54u_lag_minus3,lag_sweep,16,degree-matched directed random graph,12,48,0.012527979859461342,0.001669814367556297,0.7587093855498547,0.6113667334318322
b54u_lag_minus3,lag_sweep,17,degree-matched directed random graph,12,48,0.015339766941081098,0.002006793880456704,0.781479048092446,0.6581868614161862
b54u_lag_minus3,lag_sweep,18,degree-matched directed random graph,12,48,0.014147353033005952,0.002182438339121188,0.7486527640563897,0.5989971364692304
b54u_lag_minus3,lag_sweep,19,degree-matched directed random graph,12,48,0.016627498657980928,0.0019349020066764555,0.755671981624335,0.6177214491695057
b54u_lag_minus3,lag_sweep,20,degree-matched directed random graph,12,48,0.01965179411712563,0.002324729937803896,0.7916780451888994,0.6629620693380438
b54u_lag_minus3,lag_sweep,21,degree-matched directed random graph,12,48,0.01820834184876038,0.0016118883743429743,0.7815023084818948,0.6533287606009849
b54u_lag_minus3,lag_sweep,22,degree-matched directed random graph,12,48,0.023064532131237644,0.0025001047176412567,0.8115155849356998,0.701933802859168
b54u_lag_minus3,lag_sweep,23,degree-matched directed random graph,12,48,0.01023809812809952,0.0006449240172760009,0.7299087940845425,0.5626206439761604
b54u_lag_minus3,lag_sweep,24,degree-matched directed random graph,12,48,0.015507803724660733,0.0014672457028125493,0.7435305930920935,0.5851317981315053
b54u_lag_minus3,lag_sweep,25,degree-matched directed random graph,12,48,0.013900257100147214,0.0014055379567772727,0.7654686402570258,0.6194349919336654
b54u_lag_minus3,lag_sweep,26,degree-matched directed random graph,12,48,0.014428117341631014,0.0010866179473200946,0.744372728090112,0.590978401419495
b54u_lag_minus3,lag_sweep,27,degree-matched directed random graph,12,48,0.013930349587022368,0.002294525202626159,0.7570949508350231,0.6419840753618852
b54u_lag_minus3,lag_sweep,28,degree-matched directed random graph,12,48,0.01602508342309288,0.0025748667410630827,0.7549017247629441,0.6167055938524229
b54u_lag_minus3,lag_sweep,29,degree-matched directed random graph,12,48,0.018507328503030437,0.0009380517318778065,0.7833334051158083,0.6623104652331248
b54u_lag_minus3,lag_sweep,30,degree-matched directed random graph,12,48,0.02100038582672346,0.001776081214017846,0.7934144011792977,0.6765806081819346
b54u_lag_minus3,lag_sweep,31,degree-matched directed random graph,12,48,0.014217690111802926,0.0006821357557827854,0.7333139409528533,0.5652723022313295
b54u_lag_minus3,lag_sweep,32,degree-matched directed random graph,12,48,0.014278696926951037,0.0013410193450272146,0.7627160612912062,0.6171970641891624
b54u_lag_minus3,lag_sweep,33,degree-matched directed random graph,12,48,0.01262492013084125,0.0009388784163452558,0.7252003590527921,0.5623601405069806
b54u_lag_minus3,lag_sweep,34,degree-matched directed random graph,12,48,0.01742725907447795,0.0014775662173905977,0.7743182247336233,0.6400781066211026
b54u_lag_minus3,lag_sweep,35,degree-matched directed random graph,12,48,0.01678753186850571,0.0012953865808173906,0.7725387122571937,0.6406149735206504
b54u_lag_minus3,lag_sweep,36,degree-matched directed random graph,12,48,0.012698497252198937,0.0012595864236843435,0.7545661757886636,0.6092867825287146
b54u_lag_minus3,lag_sweep,37,degree-matched directed random graph,12,48,0.015547802519210077,0.0008270650855719118,0.7634557142441123,0.6266342556639785
b54u_lag_minus3,lag_sweep,38,degree-matched directed random graph,12,48,0.01352115403899732,0.0014909890955410027,0.749695155005823,0.5934571757476813
b54u_lag_minus3,lag_sweep,39,degree-matched directed random graph,12,48,0.019734958176680258,0.0019815382293801084,0.786001606589848,0.6575548675160046
b54u_lag_minus3,lag_sweep,40,degree-matched directed random graph,12,48,0.01812133463933799,0.0019214391848279453,0.7817260226068109,0.6551801243524045
b54u_lag_minus3,lag_sweep,41,degree-matched directed random graph,12,48,0.016307966134039176,0.001391074891310295,0.7736566122766827,0.6344423470343362
b54u_lag_minus3,lag_sweep,42,degree-matched directed random graph,12,48,0.013230857379866472,0.0013303231857686182,0.7415616452393302,0.5990693575535878
b54u_lag_minus3,lag_sweep,43,degree-matched directed random graph,12,48,0.01676637513963759,0.0006479887991885982,0.7655891333272281,0.6297684236755331
b54u_lag_minus3,lag_sweep,44,degree-matched directed random graph,12,48,0.016401965335181568,0.0012994494528458843,0.7524020245155825,0.6111089408283547
b54u_lag_minus3,lag_sweep,45,degree-matched directed random graph,12,48,0.01647852686418483,0.0016778409189056385,0.7671791228671893,0.6272380348591166
b54u_lag_minus3,lag_sweep,46,degree-matched directed random graph,12,48,0.013115969310442586,0.0012207779555964717,0.7371611618905126,0.585227319479894
b54u_lag_minus3,lag_sweep,47,degree-matched directed random graph,12,48,0.014388466622476122,0.0019622218917555124,0.7446641044884174,0.5871797729234548
b54u_lag_minus3,lag_sweep,48,degree-matched directed random graph,12,48,0.01873249407869131,0.0016296686413895473,0.7800806806466357,0.6443829156133009
b54u_lag_minus3,lag_sweep,49,degree-matched directed random graph,12,48,0.01626288555513335,0.0011973964328886235,0.7749735674221987,0.6391429014248978
b54u_lag_minus3,lag_sweep,50,degree-matched directed random graph,12,48,0.013769202771757099,0.0026442031525463166,0.7525127487074479,0.6021423069683437
b54u_lag_minus3,lag_sweep,51,degree-matched directed random graph,12,48,0.01198297129990726,0.0019197771036677553,0.7496277782861291,0.6071421686315666
b54u_lag_minus3,lag_sweep,52,degree-matched directed random graph,12,48,0.011476685497554984,0.0012558688839312932,0.7316163742096462,0.5874061235101495
b54u_lag_minus3,lag_sweep,53,degree-matched directed random graph,12,48,0.016181500702986056,0.0018445253760506711,0.7495413638871208,0.5940610243056395
b54u_lag_minus3,lag_sweep,54,degree-matched directed random graph,12,48,0.015043397059509371,0.0010463265057346154,0.7445875541464994,0.5874294487086623
b54u_lag_minus3,lag_sweep,55,degree-matched directed random graph,12,48,0.01806707638732324,0.0014588088927965414,0.772512178659174,0.6328946127174079
b54u_lag_minus3,lag_sweep,56,degree-matched directed random graph,12,48,0.017309898671629072,0.0015247708532587344,0.7817988936971214,0.65225682035678
b54u_lag_minus3,lag_sweep,57,degree-matched directed random graph,12,48,0.017370829530621065,0.0016699366719254468,0.7714188003585538,0.6331792094031632
b54u_lag_minus3,lag_sweep,58,degree-matched directed random graph,12,48,0.016666912905818305,0.00117621173582648,0.767576424606956,0.6208780435230065
b54u_lag_minus3,lag_sweep,59,degree-matched directed random graph,12,48,0.01595506159698618,0.0012079241042385637,0.7864479296717626,0.6618027925774667
b54u_lag_minus5,lag_sweep,0,degree-matched directed random graph,12,48,0.016084479198331465,0.001132169362076153,0.7809298988250263,0.6451410441346925
b54u_lag_minus5,lag_sweep,1,degree-matched directed random graph,12,48,0.01571184311047795,0.0023382342080397254,0.7715182344856629,0.6371611633126418
b54u_lag_minus5,lag_sweep,2,degree-matched directed random graph,12,48,0.016647741934600526,0.0022237886782853103,0.7665056457986007,0.6281916345328956
b54u_lag_minus5,lag_sweep,3,degree-matched directed random graph,12,48,0.013324655286217067,0.0019254584524104174,0.7691487037481908,0.6259497065866383
b54u_lag_minus5,lag_sweep,4,degree-matched directed random graph,12,48,0.011899122389741834,0.0011429884286151997,0.7438642898508799,0.5936960030027838
b54u_lag_minus5,lag_sweep,5,degree-matched directed random graph,12,48,0.014243475910000363,0.002233394818142512,0.775104102021639,0.6401879746563369
b54u_lag_minus5,lag_sweep,6,degree-matched directed random graph,12,48,0.01715061206022427,0.0022155645964785997,0.7868857256081799,0.654536137600755
b54u_lag_minus5,lag_sweep,7,degree-matched directed random graph,12,48,0.015594847449599962,0.0017721620611574921,0.7584564130685366,0.6059651151226285
b54u_lag_minus5,lag_sweep,8,degree-matched directed random graph,12,48,0.009860441537491674,0.0021532568517702824,0.7476875798414379,0.6063487399425191
b54u_lag_minus5,lag_sweep,9,degree-matched directed random graph,12,48,0.01577809766728339,0.0012295685809551485,0.7717153308829241,0.6292076543817879
b54u_lag_minus5,lag_sweep,10,degree-matched directed random graph,12,48,0.013950130864497394,0.0016700094093319148,0.7632299041977477,0.6178170399872321
b54u_lag_minus5,lag_sweep,11,degree-matched directed random graph,12,48,0.010950769486475762,0.0010102901666204215,0.7423470430609842,0.5918554507934837
b54u_lag_minus5,lag_sweep,12,degree-matched directed random graph,12,48,0.015374229210280442,0.0015554891291805093,0.7657743075928876,0.6350954706806967
b54u_lag_minus5,lag_sweep,13,degree-matched directed random graph,12,48,0.018320102712460134,0.0012321257974541161,0.7667516091723002,0.637064785403821
b54u_lag_minus5,lag_sweep,14,degree-matched directed random graph,12,48,0.012130806700911108,0.0019471080401473923,0.7707706838424105,0.6325339795334407
b54u_lag_minus5,lag_sweep,15,degree-matched directed random graph,12,48,0.016596027097697943,0.002114173195725261,0.7692315735224917,0.6253482716217372
b54u_lag_minus5,lag_sweep,16,degree-matched directed random graph,12,48,0.01442535350909155,0.0011816081500412093,0.7502119197614002,0.5932483616290619
b54u_lag_minus5,lag_sweep,17,degree-matched directed random graph,12,48,0.011819399679687627,0.0020098009727102578,0.7492074069707012,0.5981141126831077
b54u_lag_minus5,lag_sweep,18,degree-matched directed random graph,12,48,0.011701778127052247,0.0011377367390422162,0.7398783885386155,0.5751205036296806
b54u_lag_minus5,lag_sweep,19,degree-matched directed random graph,12,48,0.014934167302986181,0.0028239778639533903,0.7664017756099315,0.6226655001200316
b54u_lag_minus5,lag_sweep,20,degree-matched directed random graph,12,48,0.014631792477963168,0.001653607317341726,0.7545378435708215,0.6179467932004378
b54u_lag_minus5,lag_sweep,21,degree-matched directed random graph,12,48,0.00818207692837867,0.0018335634391183635,0.7274026220207109,0.5650493696756226
b54u_lag_minus5,lag_sweep,22,degree-matched directed random graph,12,48,0.012953505172122988,0.001561436421180519,0.7517424340146094,0.5970098476824501
b54u_lag_minus5,lag_sweep,23,degree-matched directed random graph,12,48,0.013452792084817531,0.0010536995325269344,0.7821749156518405,0.6554426737271194
b54u_lag_minus5,lag_sweep,24,degree-matched directed random graph,12,48,0.015975180934191157,0.0013287117088098517,0.7735575879441224,0.634487350862908
b54u_lag_minus5,lag_sweep,25,degree-matched directed random graph,12,48,0.016103871961968375,0.0011862509877288777,0.7810388004563302,0.6450762222652857
b54u_lag_minus5,lag_sweep,26,degree-matched directed random graph,12,48,0.012201891354346914,0.0021649785787965473,0.7755421206293766,0.6444780039717236
b54u_lag_minus5,lag_sweep,27,degree-matched directed random graph,12,48,0.021544361876234788,0.001705021269409393,0.8074916892029788,0.691692619738059
b54u_lag_minus5,lag_sweep,28,degree-matched directed random graph,12,48,0.016092135473041277,0.0015264864355102941,0.7782881454363909,0.6387272593804632
b54u_lag_minus5,lag_sweep,29,degree-matched directed random graph,12,48,0.015357270636752908,0.00139790466726643,0.7710307184603301,0.6364399899739995
b54u_lag_minus5,lag_sweep,30,degree-matched directed random graph,12,48,0.017842077825793806,0.0015881405002247393,0.7610205780557212,0.6143888252149318
b54u_lag_minus5,lag_sweep,31,degree-matched directed random graph,12,48,0.011489656616810442,0.001447774126644578,0.729875395527294,0.5835203293394619
b54u_lag_minus5,lag_sweep,32,degree-matched directed random graph,12,48,0.009826839540364708,0.002048418083720187,0.7434388003068316,0.5970625689519637
b54u_lag_minus5,lag_sweep,33,degree-matched directed random graph,12,48,0.01514826651608444,0.0025062907079131903,0.7711632538486833,0.6443044718507429
b54u_lag_minus5,lag_sweep,34,degree-matched directed random graph,12,48,0.012549239059589943,0.001362070239802446,0.7517181304773651,0.5992914346661905
b54u_lag_minus5,lag_sweep,35,degree-matched directed random graph,12,48,0.013495864819412446,0.0024885658866549065,0.7812660925890763,0.6670520020131444
b54u_lag_minus5,lag_sweep,36,degree-matched directed random graph,12,48,0.017163157467507847,0.0018289826485566665,0.7794978588703589,0.6655401534246433
b54u_lag_minus5,lag_sweep,37,degree-matched directed random graph,12,48,0.021108260810842733,0.0017049055882462935,0.7860781656553474,0.655538972222034
b54u_lag_minus5,lag_sweep,38,degree-matched directed random graph,12,48,0.012855911947253072,0.0018707549396674472,0.7590208703834919,0.605108855232178
b54u_lag_minus5,lag_sweep,39,degree-matched directed random graph,12,48,0.013153931920503972,0.001594434947503314,0.7576086939073776,0.6218793743065655
b54u_lag_minus5,lag_sweep,40,degree-matched directed random graph,12,48,0.015496520600621616,0.0018784486079735882,0.7666935032527139,0.6251948553104613
b54u_lag_minus5,lag_sweep,41,degree-matched directed random graph,12,48,0.015680815246105942,0.0032111255160823127,0.7250261069820487,0.562822537824487
b54u_lag_minus5,lag_sweep,42,degree-matched directed random graph,12,48,0.012911003458990185,0.002146742364758178,0.7651297249439742,0.6315652961141246
b54u_lag_minus5,lag_sweep,43,degree-matched directed random graph,12,48,0.0179986146356178,0.0012647255385454708,0.7797033719782545,0.6472577514925703
b54u_lag_minus5,lag_sweep,44,degree-matched directed random graph,12,48,0.012756733554742071,0.0020622035063055195,0.783390785953246,0.6603801913341601
b54u_lag_minus5,lag_sweep,45,degree-matched directed random graph,12,48,0.017380266747008367,0.0012540458760930096,0.7783816147377632,0.6436927297221807
b54u_lag_minus5,lag_sweep,46,degree-matched directed random graph,12,48,0.014068672606530047,0.001865081536178081,0.7739216719617795,0.6341354101970449
b54u_lag_minus5,lag_sweep,47,degree-matched directed random graph,12,48,0.013532259524256893,0.001912555633676325,0.7503344055205202,0.596716856561557
b54u_lag_minus5,lag_sweep,48,degree-matched directed random graph,12,48,0.01809403360998894,0.0013523556554032293,0.8020568359719399,0.6852021211047505
b54u_lag_minus5,lag_sweep,49,degree-matched directed random graph,12,48,0.013867740968797964,0.001605899753118801,0.7647819853101411,0.6149735614952937
b54u_lag_minus5,lag_sweep,50,degree-matched directed random graph,12,48,0.017924472516277785,0.0016249319316042452,0.7781830601057558,0.6407452256187333
b54u_lag_minus5,lag_sweep,51,degree-matched directed random graph,12,48,0.014649646110078268,0.002171004501177725,0.7743696299291987,0.6474113414241267
b54u_lag_minus5,lag_sweep,52,degree-matched directed random graph,12,48,0.014110428965012321,0.0017832476636806464,0.75627679745502,0.5982415949690374
b54u_lag_minus5,lag_sweep,53,degree-matched directed random graph,12,48,0.012101664432620377,0.0009173138219999969,0.7374412975829229,0.5715163301541989
b54u_lag_minus5,lag_sweep,54,degree-matched directed random graph,12,48,0.014262160498667763,0.0008526314850496037,0.7532990211572953,0.6258714528155632
b54u_lag_minus5,lag_sweep,55,degree-matched directed random graph,12,48,0.017972912468077477,0.0012213852789982195,0.7817359314551086,0.6433422822970272
b54u_lag_minus5,lag_sweep,56,degree-matched directed random graph,12,48,0.01017100267088901,0.001971996830746771,0.7224960274801456,0.5596564131825882
b54u_lag_minus5,lag_sweep,57,degree-matched directed random graph,12,48,0.011570868785889124,0.0013228099015626462,0.753560350177145,0.6062013049526702
b54u_lag_minus5,lag_sweep,58,degree-matched directed random graph,12,48,0.014197339261217306,0.001575763558430676,0.7593181193082071,0.6169215833759886
b54u_lag_minus5,lag_sweep,59,degree-matched directed random graph,12,48,0.01148348759631354,0.0018239382957979141,0.7386786541347732,0.5930369254984447
b54u_lag_minus8,lag_sweep,0,degree-matched directed random graph,12,48,0.013246716853176079,0.0021730542937649527,0.7608665097721313,0.611869625841365
b54u_lag_minus8,lag_sweep,1,degree-matched directed random graph,12,48,0.014146163260615137,0.0014643332098192745,0.7374013359289964,0.5907639492700801
b54u_lag_minus8,lag_sweep,2,degree-matched directed random graph,12,48,0.011779150064819057,0.001431347451750534,0.7351192782706067,0.5748120139405503
b54u_lag_minus8,lag_sweep,3,degree-matched directed random graph,12,48,0.01797716894598263,0.0017221339723769952,0.7711802220049777,0.6310348383777896
b54u_lag_minus8,lag_sweep,4,degree-matched directed random graph,12,48,0.011026538917561475,0.0023329117550792726,0.7463131552994935,0.5848050287362703
b54u_lag_minus8,lag_sweep,5,degree-matched directed random graph,12,48,0.014704026457493037,0.001365784941008574,0.7474712285616607,0.610651446571795
b54u_lag_minus8,lag_sweep,6,degree-matched directed random graph,12,48,0.01192450807838621,0.002921136756936307,0.7335774321419132,0.5832290148121472
b54u_lag_minus8,lag_sweep,7,degree-matched directed random graph,12,48,0.014493281462474125,0.0017372160817146097,0.7497094515431185,0.5968075062953135
b54u_lag_minus8,lag_sweep,8,degree-matched directed random graph,12,48,0.019477078861385572,0.001295930259799751,0.7866995783467932,0.6587245152991662
b54u_lag_minus8,lag_sweep,9,degree-matched directed random graph,12,48,0.014814399088186325,0.00196190812877793,0.7698204619122971,0.63509119112306
b54u_lag_minus8,lag_sweep,10,degree-matched directed random graph,12,48,0.018624716865992808,0.003396097178731642,0.7940793219054009,0.6737974983794609
b54u_lag_minus8,lag_sweep,11,degree-matched directed random graph,12,48,0.016007497026416,0.001574303754337298,0.7816274964700985,0.6495306736941301
b54u_lag_minus8,lag_sweep,12,degree-matched directed random graph,12,48,0.011759091141597525,0.001509258443993981,0.7340666050037171,0.5799734190946396
b54u_lag_minus8,lag_sweep,13,degree-matched directed random graph,12,48,0.010007190188230413,0.0026089065025673365,0.7300840036220292,0.5623671510106792
b54u_lag_minus8,lag_sweep,14,degree-matched directed random graph,12,48,0.01600634556742399,0.001612603018194859,0.7663625566665363,0.6269645622160989
b54u_lag_minus8,lag_sweep,15,degree-matched directed random graph,12,48,0.013496490389180252,0.0019983271639616583,0.7375138566978992,0.5714221091236092
b54u_lag_minus8,lag_sweep,16,degree-matched directed random graph,12,48,0.016627547447027404,0.0016395927521608903,0.7879824228029387,0.6590646772203264
b54u_lag_minus8,lag_sweep,17,degree-matched directed random graph,12,48,0.018798356843508706,0.0013761904859081492,0.7830319224587835,0.6487473602065646
b54u_lag_minus8,lag_sweep,18,degree-matched directed random graph,12,48,0.017397310690650113,0.0017187707456742722,0.7588011053054218,0.6088288955265745
b54u_lag_minus8,lag_sweep,19,degree-matched directed random graph,12,48,0.015711412437134867,0.0011028806120536565,0.7631436906362956,0.6239247202965915
b54u_lag_minus8,lag_sweep,20,degree-matched directed random graph,12,48,0.010286476699189598,0.003156125996352996,0.7179110639080432,0.5633276386018796
b54u_lag_minus8,lag_sweep,21,degree-matched directed random graph,12,48,0.01105512758620746,0.0014997836421792431,0.7198469812489238,0.5502665634762658
b54u_lag_minus8,lag_sweep,22,degree-matched directed random graph,12,48,0.012691005542825928,0.0020602464054501474,0.7587459265241767,0.6124649564478977
b54u_lag_minus8,lag_sweep,23,degree-matched directed random graph,12,48,0.018594264903264147,0.002055260174729484,0.7816136982359786,0.6533577801480107
b54u_lag_minus8,lag_sweep,24,degree-matched directed random graph,12,48,0.019120612188924076,0.0010819263047723592,0.7828134034360891,0.6479938377291712
b54u_lag_minus8,lag_sweep,25,degree-matched directed random graph,12,48,0.014092290035002694,0.0012741974987221022,0.7588292359463386,0.6061976579181271
b54u_lag_minus8,lag_sweep,26,degree-matched directed random graph,12,48,0.013159836101473038,0.0009981665553977493,0.7323907710738689,0.5910173497248615
b54u_lag_minus8,lag_sweep,27,degree-matched directed random graph,12,48,0.013433025560170406,0.0019972851490617886,0.7287366905911651,0.5582237774864154
b54u_lag_minus8,lag_sweep,28,degree-matched directed random graph,12,48,0.016235946918765492,0.0008683924938261034,0.7577577657678035,0.6050133040987015
b54u_lag_minus8,lag_sweep,29,degree-matched directed random graph,12,48,0.01525520282712436,0.0006392114704188387,0.7617352424460418,0.6213704588730669
b54u_lag_minus8,lag_sweep,30,degree-matched directed random graph,12,48,0.01429945237151709,0.0012995228977232198,0.7760196029089755,0.6449199167365087
b54u_lag_minus8,lag_sweep,31,degree-matched directed random graph,12,48,0.012081821572552004,0.001389793521642785,0.7560436403340204,0.6070254051209717
b54u_lag_minus8,lag_sweep,32,degree-matched directed random graph,12,48,0.014673511828081567,0.0015619275704482397,0.7730180331924282,0.6319115650480581
b54u_lag_minus8,lag_sweep,33,degree-matched directed random graph,12,48,0.014602950587848357,0.0023107757813245764,0.7635976424082855,0.6172664595282128
b54u_lag_minus8,lag_sweep,34,degree-matched directed random graph,12,48,0.015375992620975753,0.001196278805734929,0.763004127429095,0.6224043722143051
b54u_lag_minus8,lag_sweep,35,degree-matched directed random graph,12,48,0.0147404885426242,0.0024871829181131525,0.76317764950265,0.628066347762576
b54u_lag_minus8,lag_sweep,36,degree-matched directed random graph,12,48,0.01181003340612162,0.002900073144021247,0.7552545107574457,0.6038704374018938
b54u_lag_minus8,lag_sweep,37,degree-matched directed random graph,12,48,0.014717539324890089,0.0015418901908809037,0.7496616126867884,0.6003055492494739
b54u_lag_minus8,lag_sweep,38,degree-matched directed random graph,12,48,0.016227854737429142,0.0021262005356693747,0.7742435598286547,0.647989624814631
b54u_lag_minus8,lag_sweep,39,degree-matched directed random graph,12,48,0.016305579131597515,0.001139340645493781,0.7611045118184933,0.6118208176294572
b54u_lag_minus8,lag_sweep,40,degree-matched directed random graph,12,48,0.015846611204834164,0.0014566335298424405,0.7779151160410378,0.6413152332760086
b54u_lag_minus8,lag_sweep,41,degree-matched directed random graph,12,48,0.015503256778745506,0.0013765921229857518,0.7658903427204645,0.6209660861841487
b54u_lag_minus8,lag_sweep,42,degree-matched directed random graph,12,48,0.012484614537882825,0.001646762705039595,0.7372428859994241,0.5917517546264205
b54u_lag_minus8,lag_sweep,43,degree-matched directed random graph,12,48,0.017540153400951847,0.001714587847837191,0.7828452973089389,0.6506772519828491
b54u_lag_minus8,lag_sweep,44,degree-matched directed random graph,12,48,0.010196677294755775,0.0017682472024591405,0.7213854497114763,0.5465957300239189
b54u_lag_minus8,lag_sweep,45,degree-matched directed random graph,12,48,0.013058880202243323,0.001116418711804638,0.763033436597877,0.6096990738547968
b54u_lag_minus8,lag_sweep,46,degree-matched directed random graph,12,48,0.01888736760067582,0.0015841494934195853,0.7827185419500932,0.6539002378605671
b54u_lag_minus8,lag_sweep,47,degree-matched directed random graph,12,48,0.02005067651333459,0.0018987070991966799,0.7745374449071666,0.6360117909594593
b54u_lag_minus8,lag_sweep,48,degree-matched directed random graph,12,48,0.013087846753340904,0.0009408164805399271,0.7466570034317481,0.5889498738769773
b54u_lag_minus8,lag_sweep,49,degree-matched directed random graph,12,48,0.017789094549617097,0.0017398341454063929,0.773574011622259,0.6429599313143511
b54u_lag_minus8,lag_sweep,50,degree-matched directed random graph,12,48,0.0155486196373634,0.002691985399549825,0.7855374826167161,0.6538639377303113
b54u_lag_minus8,lag_sweep,51,degree-matched directed random graph,12,48,0.016344978041294474,0.000931861724911484,0.7631843465700633,0.6152562429967432
b54u_lag_minus8,lag_sweep,52,degree-matched directed random graph,12,48,0.018243965514092995,0.0014469670725790692,0.7844454845229598,0.6558338301630505
b54u_lag_minus8,lag_sweep,53,degree-matched directed random graph,12,48,0.015512400390439968,0.0011677394997826808,0.7618351706754751,0.6208551862506632
b54u_lag_minus8,lag_sweep,54,degree-matched directed random graph,12,48,0.013151868482072676,0.0028029363684463735,0.7586782384385398,0.6057661454840143
b54u_lag_minus8,lag_sweep,55,degree-matched directed random graph,12,48,0.020096364561782043,0.0016896986256651945,0.7865274230162944,0.6545971474746861
b54u_lag_minus8,lag_sweep,56,degree-matched directed random graph,12,48,0.016960539754946987,0.0010969368513956653,0.7806479536744542,0.6470842999462824
b54u_lag_minus8,lag_sweep,57,degree-matched directed random graph,12,48,0.01769301246209379,0.0015107955832851289,0.777516539158667,0.6405236460772947
b54u_lag_minus8,lag_sweep,58,degree-matched directed random graph,12,48,0.015213333058887698,0.003178328628930988,0.7579703365303957,0.608069507776514
b54u_lag_minus8,lag_sweep,59,degree-matched directed random graph,12,48,0.015084183441970855,0.0013846104390283405,0.7687239704937303,0.6251926434963498
b54u_lag_plus1,lag_sweep,0,degree-matched directed random graph,12,48,0.015318695633521041,0.0016912825217892823,0.767825766954911,0.6259286225132903
b54u_lag_plus1,lag_sweep,1,degree-matched directed random graph,12,48,0.015011307169448812,0.0011414490527687287,0.7629185235773418,0.624863113779584
b54u_lag_plus1,lag_sweep,2,degree-matched directed random graph,12,48,0.0188903207200336,0.0011780459201273764,0.7739719640916048,0.6377854265659472
b54u_lag_plus1,lag_sweep,3,degree-matched directed random graph,12,48,0.015277536687289232,0.0017366937200928986,0.7539239674129266,0.6055351310459788
b54u_lag_plus1,lag_sweep,4,degree-matched directed random graph,12,48,0.015645128954313723,0.0032640117791046105,0.7682633777616883,0.6287275855417452
b54u_lag_plus1,lag_sweep,5,degree-matched directed random graph,12,48,0.016859746010995047,0.0017441250626879395,0.7557316832443405,0.6147344000291751
b54u_lag_plus1,lag_sweep,6,degree-matched directed random graph,12,48,0.01671586175023355,0.0009214387198560928,0.7717167599418403,0.6382367837908162
b54u_lag_plus1,lag_sweep,7,degree-matched directed random graph,12,48,0.01614058170094456,0.0008673774634483544,0.755248889953409,0.6139517084043512
b54u_lag_plus1,lag_sweep,8,degree-matched directed random graph,12,48,0.0167147688134853,0.0016816343846753686,0.7646582984709012,0.6197551115233496
b54u_lag_plus1,lag_sweep,9,degree-matched directed random graph,12,48,0.013729869743945066,0.0017204740361556497,0.743955406655565,0.6216198674539378
b54u_lag_plus1,lag_sweep,10,degree-matched directed random graph,12,48,0.016122942317021577,0.0023079059731414835,0.7460713304474256,0.5983124142916334
b54u_lag_plus1,lag_sweep,11,degree-matched directed random graph,12,48,0.017682784461728236,0.0017557635449758475,0.7925207626644756,0.6722530603654736
b54u_lag_plus1,lag_sweep,12,degree-matched directed random graph,12,48,0.012147647433967608,0.0029472378941254036,0.7540464229447775,0.6221430114075402
b54u_lag_plus1,lag_sweep,13,degree-matched directed random graph,12,48,0.013016723210407874,0.0019515229001813134,0.7579879854319138,0.6166786548955138
b54u_lag_plus1,lag_sweep,14,degree-matched directed random graph,12,48,0.015479485721724362,0.0006704464902632385,0.7680888723739366,0.6291293105910654
b54u_lag_plus1,lag_sweep,15,degree-matched directed random graph,12,48,0.017167894298506344,0.0019894337680680233,0.7852215173465099,0.6633021907997195
b54u_lag_plus1,lag_sweep,16,degree-matched directed random graph,12,48,0.013275169524236949,0.0007515660994189406,0.7481497883534338,0.6032428537946452
b54u_lag_plus1,lag_sweep,17,degree-matched directed random graph,12,48,0.015033795828349225,0.0009198475689284714,0.727997391248926,0.5790779032938599
b54u_lag_plus1,lag_sweep,18,degree-matched directed random graph,12,48,0.011987642887821252,0.0012826805703884437,0.7466961256531087,0.6039907693750869
b54u_lag_plus1,lag_sweep,19,degree-matched directed random graph,12,48,0.019479300787257164,0.0027284312635070355,0.785579470720898,0.6597101265172683
b54u_lag_plus1,lag_sweep,20,degree-matched directed random graph,12,48,0.01832801293035842,0.0011986873032548355,0.7686908499735368,0.6467888061763927
b54u_lag_plus1,lag_sweep,21,degree-matched directed random graph,12,48,0.013944562131018946,0.0012699081146175747,0.7426714574443892,0.587136178126826
b54u_lag_plus1,lag_sweep,22,degree-matched directed random graph,12,48,0.015073817828524466,0.0018675881242668205,0.7777723964234622,0.6628008344136481
b54u_lag_plus1,lag_sweep,23,degree-matched directed random graph,12,48,0.01607238608347251,0.0012034825836944008,0.7568144487233349,0.6264445587599922
b54u_lag_plus1,lag_sweep,24,degree-matched directed random graph,12,48,0.017374374579204436,0.0016110224010817684,0.7820103816374097,0.6650054907346822
b54u_lag_plus1,lag_sweep,25,degree-matched directed random graph,12,48,0.013228014197666142,0.000866045548739037,0.7410372298958122,0.6003368802783927
b54u_lag_plus1,lag_sweep,26,degree-matched directed random graph,12,48,0.01764973352892221,0.000977868135031749,0.76498650176651,0.6367625291926767
b54u_lag_plus1,lag_sweep,27,degree-matched directed random graph,12,48,0.013122522755922475,0.0010019707641445478,0.7505262331561889,0.605313626576604
b54u_lag_plus1,lag_sweep,28,degree-matched directed random graph,12,48,0.009477593912267433,0.002123280859305001,0.7188117052730015,0.5475310417516277
b54u_lag_plus1,lag_sweep,29,degree-matched directed random graph,12,48,0.013386670391103576,0.0018551672153547716,0.7477602988962045,0.5906946680908437
b54u_lag_plus1,lag_sweep,30,degree-matched directed random graph,12,48,0.012921720853741608,0.0009877710119230911,0.7357345273565365,0.6007653928978232
b54u_lag_plus1,lag_sweep,31,degree-matched directed random graph,12,48,0.015827016196007283,0.002226699535849289,0.7651913971840402,0.6286740402077057
b54u_lag_plus1,lag_sweep,32,degree-matched directed random graph,12,48,0.01640853852238276,0.001641203126127472,0.7560358061224419,0.6100651507177176
b54u_lag_plus1,lag_sweep,33,degree-matched directed random graph,12,48,0.014825338267964472,0.0010174299874931778,0.7615213543722507,0.6149262076498657
b54u_lag_plus1,lag_sweep,34,degree-matched directed random graph,12,48,0.009673409201421016,0.0026660280345225853,0.7318552139589872,0.5660425221607283
b54u_lag_plus1,lag_sweep,35,degree-matched directed random graph,12,48,0.017407404967288074,0.0017761955735421464,0.7575423587066497,0.618002548229252
b54u_lag_plus1,lag_sweep,36,degree-matched directed random graph,12,48,0.017682018909568026,0.0025804822458153215,0.7742706198596218,0.6491908055868527
b54u_lag_plus1,lag_sweep,37,degree-matched directed random graph,12,48,0.016350583438400724,0.0016065224435648996,0.7478741853591334,0.6148024393883352
b54u_lag_plus1,lag_sweep,38,degree-matched directed random graph,12,48,0.012671831405406989,0.002415149756108438,0.7503132381057185,0.6112363233013606
b54u_lag_plus1,lag_sweep,39,degree-matched directed random graph,12,48,0.01854864200779505,0.002768449040534489,0.7887418920662407,0.6621604550217065
b54u_lag_plus1,lag_sweep,40,degree-matched directed random graph,12,48,0.015647363262837524,0.0013958890818624697,0.7565422998854059,0.6106464219629507
b54u_lag_plus1,lag_sweep,41,degree-matched directed random graph,12,48,0.015701129037244306,0.002459366563737542,0.7485171282474332,0.602163763958301
b54u_lag_plus1,lag_sweep,42,degree-matched directed random graph,12,48,0.01658818480484955,0.0016278132397457455,0.7600694681447507,0.6283208388028471
b54u_lag_plus1,lag_sweep,43,degree-matched directed random graph,12,48,0.01507998484707924,0.0011885140559120282,0.7875284451157065,0.6711011193764858
b54u_lag_plus1,lag_sweep,44,degree-matched directed random graph,12,48,0.011581017119645145,0.002094914841144039,0.7317594733984448,0.5779809021324244
b54u_lag_plus1,lag_sweep,45,degree-matched directed random graph,12,48,0.011403527433757209,0.0016554357187943333,0.7321908088911636,0.5782921559093762
b54u_lag_plus1,lag_sweep,46,degree-matched directed random graph,12,48,0.015041043913038503,0.001681224255323947,0.7465853567683665,0.5904929917337759
b54u_lag_plus1,lag_sweep,47,degree-matched directed random graph,12,48,0.016431286822235235,0.001266484044626637,0.7791512650931273,0.6451219785950143
b54u_lag_plus1,lag_sweep,48,degree-matched directed random graph,12,48,0.015290273146368917,0.0012330153194865983,0.7537986262199047,0.6076846724653868
b54u_lag_plus1,lag_sweep,49,degree-matched directed random graph,12,48,0.013534894833250738,0.0018589397047780957,0.7487393234780915,0.5915541100664612
b54u_lag_plus1,lag_sweep,50,degree-matched directed random graph,12,48,0.015449412907719283,0.0017407480125718044,0.7626135658464519,0.6227319672531714
b54u_lag_plus1,lag_sweep,51,degree-matched directed random graph,12,48,0.012318757962573453,0.0011137735093712726,0.7532929218764867,0.6073591284900391
b54u_lag_plus1,lag_sweep,52,degree-matched directed random graph,12,48,0.017375394322084223,0.0012681229849873037,0.7826073105979856,0.6538427909491158
b54u_lag_plus1,lag_sweep,53,degree-matched directed random graph,12,48,0.015607779850686261,0.0022455758103680588,0.7809767070000829,0.6530243601167518
b54u_lag_plus1,lag_sweep,54,degree-matched directed random graph,12,48,0.017633429775000622,0.00263918453887019,0.7632569256085796,0.6214289544178082
b54u_lag_plus1,lag_sweep,55,degree-matched directed random graph,12,48,0.016477290719005878,0.001367015281485332,0.7711862254325959,0.6353811640478536
b54u_lag_plus1,lag_sweep,56,degree-matched directed random graph,12,48,0.018119077622360095,0.0015022703632241406,0.7436372211231709,0.5984583875905048
b54u_lag_plus1,lag_sweep,57,degree-matched directed random graph,12,48,0.016473314989758406,0.0013195072908619252,0.7583866689387434,0.6225556851560546
b54u_lag_plus1,lag_sweep,58,degree-matched directed random graph,12,48,0.0149354844942352,0.0036527793032555206,0.7814933391173046,0.6485819498610619
b54u_lag_plus1,lag_sweep,59,degree-matched directed random graph,12,48,0.015393152119120878,0.0019720023302588446,0.7654659478618605,0.6306514175866942
b54u_lag_plus12,lag_sweep,0,degree-matched directed random graph,12,48,0.016234154960198158,0.0024374200671252342,0.751266861213332,0.6053977802187406
b54u_lag_plus12,lag_sweep,1,degree-matched directed random graph,12,48,0.016761645910835246,0.0015262684872291545,0.7647354056624384,0.6275344575205223
b54u_lag_plus12,lag_sweep,2,degree-matched directed random graph,12,48,0.01937060029648845,0.0015305484282680944,0.774270764699375,0.6492998965630923
b54u_lag_plus12,lag_sweep,3,degree-matched directed random graph,12,48,0.0180361398183552,0.0011605629053427788,0.7820748215166157,0.6585101108032566
b54u_lag_plus12,lag_sweep,4,degree-matched directed random graph,12,48,0.01342383699849444,0.001981472103389607,0.7288892074397473,0.5783212296476337
b54u_lag_plus12,lag_sweep,5,degree-matched directed random graph,12,48,0.016092449973468505,0.000875554126484774,0.7623897567820861,0.6198939865165755
b54u_lag_plus12,lag_sweep,6,degree-matched directed random graph,12,48,0.015459850186179838,0.001486261632616189,0.7776549806374183,0.6533473069919352
b54u_lag_plus12,lag_sweep,7,degree-matched directed random graph,12,48,0.015450948550700483,0.0009365011296535233,0.7588507192240939,0.6215586205374293
b54u_lag_plus12,lag_sweep,8,degree-matched directed random graph,12,48,0.014001868808771405,0.0009818364069347392,0.739906451767259,0.5915346965752654
b54u_lag_plus12,lag_sweep,9,degree-matched directed random graph,12,48,0.015433712681444783,0.0006601009355869454,0.7390159646266451,0.5960746590101441
b54u_lag_plus12,lag_sweep,10,degree-matched directed random graph,12,48,0.016732151779679048,0.00023465989908612303,0.7570553905135076,0.6135753205808508
b54u_lag_plus12,lag_sweep,11,degree-matched directed random graph,12,48,0.01866372525594399,0.002522251416518769,0.8045579047662098,0.6881904352110667
b54u_lag_plus12,lag_sweep,12,degree-matched directed random graph,12,48,0.01505210645578129,0.0012624801808884208,0.7384895248382097,0.57731687614034
b54u_lag_plus12,lag_sweep,13,degree-matched directed random graph,12,48,0.012926383679287811,0.001539442319567756,0.7258547734731317,0.5672866427859896
b54u_lag_plus12,lag_sweep,14,degree-matched directed random graph,12,48,0.015018138891102832,0.0015008621023522948,0.7585591232333023,0.6107389809351027
b54u_lag_plus12,lag_sweep,15,degree-matched directed random graph,12,48,0.020435466149937256,0.0018479421300269558,0.8003191864015139,0.6890405665698375
b54u_lag_plus12,lag_sweep,16,degree-matched directed random graph,12,48,0.014876015657901387,0.0009584831325783857,0.7467902656943605,0.6060037688556182
b54u_lag_plus12,lag_sweep,17,degree-matched directed random graph,12,48,0.01680275271840019,0.0011341629079256671,0.7639585406675637,0.6205352139306392
b54u_lag_plus12,lag_sweep,18,degree-matched directed random graph,12,48,0.015826322620656013,0.0008805998010915861,0.7677189899990915,0.6252732980941273
b54u_lag_plus12,lag_sweep,19,degree-matched directed random graph,12,48,0.016794166059931892,0.0011663737219892154,0.7855012815872725,0.6627552166182399
b54u_lag_plus12,lag_sweep,20,degree-matched directed random graph,12,48,0.017822366959096232,0.0015095485921876766,0.7902697727889412,0.6693241988766108
b54u_lag_plus12,lag_sweep,21,degree-matched directed random graph,12,48,0.016771267109630363,0.0015759693004929716,0.7676536851031232,0.6455916322887489
b54u_lag_plus12,lag_sweep,22,degree-matched directed random graph,12,48,0.016628408669225263,0.0008729473430193831,0.7752236625481852,0.6387215065595959
b54u_lag_plus12,lag_sweep,23,degree-matched directed random graph,12,48,0.01479580772274649,0.0014054159736913254,0.7926932952847903,0.6734972124199334
b54u_lag_plus12,lag_sweep,24,degree-matched directed random graph,12,48,0.014128652446541554,0.0019437981425712435,0.7440400852339618,0.5897729303490596
b54u_lag_plus12,lag_sweep,25,degree-matched directed random graph,12,48,0.012889962337271152,0.0010801487691485447,0.7418452634738917,0.5830977980350407
b54u_lag_plus12,lag_sweep,26,degree-matched directed random graph,12,48,0.01786387668186588,0.002240313349183111,0.7531028889697806,0.6067827218269012
b54u_lag_plus12,lag_sweep,27,degree-matched directed random graph,12,48,0.012185836979670078,0.0018447371376598411,0.7362664252824608,0.5707031381907217
b54u_lag_plus12,lag_sweep,28,degree-matched directed random graph,12,48,0.014373261619114222,0.002269569284985437,0.757529375400705,0.6118211888269666
b54u_lag_plus12,lag_sweep,29,degree-matched directed random graph,12,48,0.01864427870682262,0.001011578778415795,0.7886945929492107,0.6764616331770178
b54u_lag_plus12,lag_sweep,30,degree-matched directed random graph,12,48,0.014159318250310042,0.0011513754142253327,0.7572390646475755,0.6154214968340227
b54u_lag_plus12,lag_sweep,31,degree-matched directed random graph,12,48,0.015887744036902126,0.0016193046864516388,0.7663298836458546,0.6299286370436653
b54u_lag_plus12,lag_sweep,32,degree-matched directed random graph,12,48,0.01810705410178168,0.0012031315225967576,0.766398258932777,0.6577592694676189
b54u_lag_plus12,lag_sweep,33,degree-matched directed random graph,12,48,0.014192067254062198,0.0016780938996117146,0.7375056558201275,0.5714595478836773
b54u_lag_plus12,lag_sweep,34,degree-matched directed random graph,12,48,0.016466749823416827,0.0007483864149748576,0.7712392752729071,0.6351939169109705
b54u_lag_plus12,lag_sweep,35,degree-matched directed random graph,12,48,0.01315403592667991,0.001450550466545706,0.7586005589191948,0.6147398447482375
b54u_lag_plus12,lag_sweep,36,degree-matched directed random graph,12,48,0.021109186179696815,0.0005112728869018527,0.7850039722633135,0.661095088717719
b54u_lag_plus12,lag_sweep,37,degree-matched directed random graph,12,48,0.01575728103215827,0.0017372203675100604,0.7669243177130931,0.627567922995088
b54u_lag_plus12,lag_sweep,38,degree-matched directed random graph,12,48,0.016290999029068137,0.0027163895821264205,0.7697267092475437,0.6329337653452559
b54u_lag_plus12,lag_sweep,39,degree-matched directed random graph,12,48,0.015846398287209264,0.0016010155361735718,0.7470828866193827,0.5927607851834961
b54u_lag_plus12,lag_sweep,40,degree-matched directed random graph,12,48,0.015272227871910224,0.0008874662692138195,0.756129720332812,0.6092558222471371
b54u_lag_plus12,lag_sweep,41,degree-matched directed random graph,12,48,0.01754297357642556,0.0016398986259816078,0.7814681944425796,0.652758966025723
b54u_lag_plus12,lag_sweep,42,degree-matched directed random graph,12,48,0.01898664835920521,0.0011208692665325645,0.7890955052234894,0.6754267433938989
b54u_lag_plus12,lag_sweep,43,degree-matched directed random graph,12,48,0.012967153630123166,0.002254050689348733,0.7465757989755932,0.6076459249281405
b54u_lag_plus12,lag_sweep,44,degree-matched directed random graph,12,48,0.015399044356291643,0.0013779225463487615,0.7544910557064209,0.6065489142538495
b54u_lag_plus12,lag_sweep,45,degree-matched directed random graph,12,48,0.015019445755149534,0.0012831492104108163,0.7694506902291828,0.6325932617458072
b54u_lag_plus12,lag_sweep,46,degree-matched directed random graph,12,48,0.015196158538801678,0.0013646401798719319,0.7431377111226212,0.5957980902272956
b54u_lag_plus12,lag_sweep,47,degree-matched directed random graph,12,48,0.014439869255694036,0.0011122356122570689,0.7360822169610756,0.5772528750105931
b54u_lag_plus12,lag_sweep,48,degree-matched directed random graph,12,48,0.015456119640839186,0.0018365185532716712,0.7820374388950618,0.6545484611281348
b54u_lag_plus12,lag_sweep,49,degree-matched directed random graph,12,48,0.015316286079780708,0.0023560422287633278,0.7535533668918714,0.6011790322236948
b54u_lag_plus12,lag_sweep,50,degree-matched directed random graph,12,48,0.01801587976004479,0.0007421299086771025,0.794048596273616,0.6759634633429465
b54u_lag_plus12,lag_sweep,51,degree-matched directed random graph,12,48,0.014937664376138506,0.0013683121508192312,0.7582094640864017,0.6188563079707317
b54u_lag_plus12,lag_sweep,52,degree-matched directed random graph,12,48,0.015770846954990366,0.003554798318700351,0.7604452014248926,0.6206054957828491
b54u_lag_plus12,lag_sweep,53,degree-matched directed random graph,12,48,0.01966860967369642,0.00040585221141826544,0.7928954101239066,0.6956176954514657
b54u_lag_plus12,lag_sweep,54,degree-matched directed random graph,12,48,0.01667963148275017,0.0005915753590448715,0.7515633722618605,0.6025312705947469
b54u_lag_plus12,lag_sweep,55,degree-matched directed random graph,12,48,0.015547467757283556,0.002146953417737731,0.7832826179964183,0.6621537391666097
b54u_lag_plus12,lag_sweep,56,degree-matched directed random graph,12,48,0.01929660879780924,0.0013162980800414973,0.7810313216066973,0.6492424498278734
b54u_lag_plus12,lag_sweep,57,degree-matched directed random graph,12,48,0.016860784305011617,0.0014248619078064506,0.7451545946351814,0.6048943478830903
b54u_lag_plus12,lag_sweep,58,degree-matched directed random graph,12,48,0.014724897078163717,0.0018355376581494257,0.7609765511262311,0.6318651939763379
b54u_lag_plus12,lag_sweep,59,degree-matched directed random graph,12,48,0.018308617700017668,0.0019245561462644235,0.7610656510436007,0.6162878148924494
b54u_lag_plus2,lag_sweep,0,degree-matched directed random graph,12,48,0.01719501565362054,0.0016379724803636119,0.7860799910123589,0.6615808329686848
b54u_lag_plus2,lag_sweep,1,degree-matched directed random graph,12,48,0.012429131320313687,0.001186194642160376,0.7304537741484102,0.582205811130041
b54u_lag_plus2,lag_sweep,2,degree-matched directed random graph,12,48,0.007178227853458262,0.0020106281239544656,0.7141532549681443,0.5366875294008687
b54u_lag_plus2,lag_sweep,3,degree-matched directed random graph,12,48,0.01050285709313792,0.001570449674104271,0.7549888189916437,0.6065725466976778
b54u_lag_plus2,lag_sweep,4,degree-matched directed random graph,12,48,0.013796522595312702,0.0009758176855966085,0.7567303701202652,0.6129479523168128
b54u_lag_plus2,lag_sweep,5,degree-matched directed random graph,12,48,0.012713972607619771,0.0004561341220161193,0.7356956804505502,0.5779153890575026
b54u_lag_plus2,lag_sweep,6,degree-matched directed random graph,12,48,0.009648772998497179,0.0025105330445722813,0.7422287833282707,0.5803583210810944
b54u_lag_plus2,lag_sweep,7,degree-matched directed random graph,12,48,0.010752837068533805,0.0031621701935904798,0.7169280672647855,0.5556516351649
b54u_lag_plus2,lag_sweep,8,degree-matched directed random graph,12,48,0.012990641604753978,0.0016228019303752188,0.7377053824029437,0.5844570414779638
b54u_lag_plus2,lag_sweep,9,degree-matched directed random graph,12,48,0.013768039018935094,0.0020242928852124372,0.7747832708604477,0.6409014429763346
b54u_lag_plus2,lag_sweep,10,degree-matched directed random graph,12,48,0.01271771174195254,0.002135766890542776,0.7738793391226366,0.6405814019002624
b54u_lag_plus2,lag_sweep,11,degree-matched directed random graph,12,48,0.013066331769510607,0.0017985024544297597,0.7483010966819048,0.6040319618186775
b54u_lag_plus2,lag_sweep,12,degree-matched directed random graph,12,48,0.015804771795999237,0.0013610198343100707,0.7751235483960119,0.6442427822819093
b54u_lag_plus2,lag_sweep,13,degree-matched directed random graph,12,48,0.01422625147351724,0.0016829986045426824,0.7719802269800845,0.6361859842553517
b54u_lag_plus2,lag_sweep,14,degree-matched directed random graph,12,48,0.013558693384244674,0.00133561810685359,0.7725160541150625,0.6390492094741125
b54u_lag_plus2,lag_sweep,15,degree-matched directed random graph,12,48,0.01363344748280114,0.0013012551812151792,0.7641230487236078,0.6216064219480424
b54u_lag_plus2,lag_sweep,16,degree-matched directed random graph,12,48,0.00937650912833869,0.0008470986434248397,0.7393833512592086,0.5863270724389866
b54u_lag_plus2,lag_sweep,17,degree-matched directed random graph,12,48,0.01389401370595441,0.003017028655091872,0.7683713995670312,0.6270933063332174
b54u_lag_plus2,lag_sweep,18,degree-matched directed random graph,12,48,0.011749828967879012,0.0012938339320396634,0.7465996364294308,0.5981300929088037
b54u_lag_plus2,lag_sweep,19,degree-matched directed random graph,12,48,0.013677876842187521,0.0019242441548500265,0.7636340279385997,0.635609927137414
b54u_lag_plus2,lag_sweep,20,degree-matched directed random graph,12,48,0.016243487726049916,0.0014138866465946435,0.773317057260395,0.6386429260280372
b54u_lag_plus2,lag_sweep,21,degree-matched directed random graph,12,48,0.0154539853308826,0.000711427324733521,0.7817926733723032,0.6564774462932316
b54u_lag_plus2,lag_sweep,22,degree-matched directed random graph,12,48,0.013331598023993377,0.0013389299026797478,0.7572459307317603,0.6139534797361047
b54u_lag_plus2,lag_sweep,23,degree-matched directed random graph,12,48,0.007770492995399011,0.001885364450435039,0.6993163532729825,0.5177873228410096
b54u_lag_plus2,lag_sweep,24,degree-matched directed random graph,12,48,0.0161601601302601,0.0016140039075876987,0.7908899581668795,0.6825237188063791
b54u_lag_plus2,lag_sweep,25,degree-matched directed random graph,12,48,0.013129350974591843,0.0017173719994775284,0.7482954189212054,0.5949700556168465
b54u_lag_plus2,lag_sweep,26,degree-matched directed random graph,12,48,0.013081091754239623,0.0012346445171455295,0.748105107150494,0.5947101892323619
b54u_lag_plus2,lag_sweep,27,degree-matched directed random graph,12,48,0.010292170868215706,0.0010854199554475056,0.7601280968251544,0.6128557921380501
b54u_lag_plus2,lag_sweep,28,degree-matched directed random graph,12,48,0.010193092292464732,0.0012849654486231043,0.7435759278259398,0.5926117086985736
b54u_lag_plus2,lag_sweep,29,degree-matched directed random graph,12,48,0.012117355140746822,0.000893052085057861,0.7546064106536031,0.6029593278325495
b54u_lag_plus2,lag_sweep,30,degree-matched directed random graph,12,48,0.01549412332706271,0.0016098675162175707,0.7902896613372228,0.6689061115928334
b54u_lag_plus2,lag_sweep,31,degree-matched directed random graph,12,48,0.01490901765997119,0.001262382063126993,0.7796318246506596,0.6448676326990759
b54u_lag_plus2,lag_sweep,32,degree-matched directed random graph,12,48,0.015998216522012648,0.0009975557301515159,0.7511250903686841,0.5954869603780798
b54u_lag_plus2,lag_sweep,33,degree-matched directed random graph,12,48,0.014338194008647697,0.0014154322038840727,0.7549067004729725,0.5986661819193876
b54u_lag_plus2,lag_sweep,34,degree-matched directed random graph,12,48,0.012847938251886104,0.0019172064015023978,0.7651047621390661,0.6218248352973004
b54u_lag_plus2,lag_sweep,35,degree-matched directed random graph,12,48,0.016729394981155044,0.00180622457662963,0.7909836596951153,0.6697220622541625
b54u_lag_plus2,lag_sweep,36,degree-matched directed random graph,12,48,0.012775088537693399,0.0016500273129344987,0.7526362345408327,0.6029795060802968
b54u_lag_plus2,lag_sweep,37,degree-matched directed random graph,12,48,0.013740328273327248,0.0013460718761584337,0.7736418635325188,0.6358895053293845
b54u_lag_plus2,lag_sweep,38,degree-matched directed random graph,12,48,0.014868020501100818,0.0014535324296323898,0.7839955844076982,0.6577643034003094
b54u_lag_plus2,lag_sweep,39,degree-matched directed random graph,12,48,0.014882457617839467,0.0012087949255510015,0.7668096010880641,0.6232780106985145
b54u_lag_plus2,lag_sweep,40,degree-matched directed random graph,12,48,0.01415306713047628,0.0011505639851326348,0.7763350243591574,0.6487265222850108
b54u_lag_plus2,lag_sweep,41,degree-matched directed random graph,12,48,0.017533779995907644,0.0012828719253018186,0.7596258362874969,0.6212470277837093
b54u_lag_plus2,lag_sweep,42,degree-matched directed random graph,12,48,0.014429853122114124,0.0020014995168666054,0.7854910443319092,0.6550285393366081
b54u_lag_plus2,lag_sweep,43,degree-matched directed random graph,12,48,0.014273352217407049,0.0016097111737514132,0.7685651944979219,0.6282549796657271
b54u_lag_plus2,lag_sweep,44,degree-matched directed random graph,12,48,0.01523738393709464,0.0015319825480283177,0.7781354165028969,0.6422386824316999
b54u_lag_plus2,lag_sweep,45,degree-matched directed random graph,12,48,0.007553653287606248,0.0009218868776603056,0.7121541047194185,0.5496954940623817
b54u_lag_plus2,lag_sweep,46,degree-matched directed random graph,12,48,0.016957238969728644,0.0016071384992534079,0.7885290059361661,0.6588581500143432
b54u_lag_plus2,lag_sweep,47,degree-matched directed random graph,12,48,0.014093429695613854,0.002238592374420181,0.7677597514069777,0.6391323849742997
b54u_lag_plus2,lag_sweep,48,degree-matched directed random graph,12,48,0.01723976261648557,0.0019532308620922967,0.7929452721214135,0.6675346285337316
b54u_lag_plus2,lag_sweep,49,degree-matched directed random graph,12,48,0.013011607954509126,0.0007468187686314236,0.7619056034297839,0.6195054505192727
b54u_lag_plus2,lag_sweep,50,degree-matched directed random graph,12,48,0.016002945476250186,0.0014479687402648251,0.7688623529601882,0.6485138884840097
b54u_lag_plus2,lag_sweep,51,degree-matched directed random graph,12,48,0.015378211483432859,0.0024803051396415144,0.7801732010633522,0.6472349289007141
b54u_lag_plus2,lag_sweep,52,degree-matched directed random graph,12,48,0.013261896379117675,0.002013238751719887,0.7395891038586108,0.5999568042183634
b54u_lag_plus2,lag_sweep,53,degree-matched directed random graph,12,48,0.010605221179608548,0.001432835359339923,0.7329517785999448,0.5746822217156194
b54u_lag_plus2,lag_sweep,54,degree-matched directed random graph,12,48,0.017411991852820063,0.0022433302605046933,0.7878288216665426,0.6614352048445705
b54u_lag_plus2,lag_sweep,55,degree-matched directed random graph,12,48,0.015391226690843364,0.0012919318666338346,0.775148272265484,0.656621807535071
b54u_lag_plus2,lag_sweep,56,degree-matched directed random graph,12,48,0.014055675054476963,0.0008168051584548262,0.7709127735197665,0.6467923219676347
b54u_lag_plus2,lag_sweep,57,degree-matched directed random graph,12,48,0.015093393355589504,0.0017713614996441762,0.7801617270588004,0.6451944487244804
b54u_lag_plus2,lag_sweep,58,degree-matched directed random graph,12,48,0.013575176541554011,0.0015669935594001187,0.7646963232891587,0.6249875640322279
b54u_lag_plus2,lag_sweep,59,degree-matched directed random graph,12,48,0.01607766816301152,0.0011924651313527392,0.7811677271148304,0.658159682607301
b54u_lag_plus3,lag_sweep,0,degree-matched directed random graph,12,48,0.010763267344214627,0.000649971604867415,0.7503101809441532,0.598357159687506
b54u_lag_plus3,lag_sweep,1,degree-matched directed random graph,12,48,0.013675777480407178,0.0014320561535380084,0.7580363653357399,0.6178273631240424
b54u_lag_plus3,lag_sweep,2,degree-matched directed random graph,12,48,0.012025107973100685,0.0015584301767816982,0.755698928874339,0.6161152765666558
b54u_lag_plus3,lag_sweep,3,degree-matched directed random graph,12,48,0.016820311778058667,0.0013031502230881978,0.7726260847344605,0.6492080283969075
b54u_lag_plus3,lag_sweep,4,degree-matched directed random graph,12,48,0.010099818712854456,0.0008258008969192096,0.7442041113453515,0.6059492575092906
b54u_lag_plus3,lag_sweep,5,degree-matched directed random graph,12,48,0.01309084540025455,0.0014193005201479946,0.76005387796737,0.6120027223821154
b54u_lag_plus3,lag_sweep,6,degree-matched directed random graph,12,48,0.016408221905334017,0.001335812919951913,0.7828051802274706,0.6551066327413676
b54u_lag_plus3,lag_sweep,7,degree-matched directed random graph,12,48,0.01984161497482262,0.001177226642042379,0.7889222280471695,0.6640511580726041
b54u_lag_plus3,lag_sweep,8,degree-matched directed random graph,12,48,0.014135286184416942,0.0019320790669028914,0.7805192463036645,0.6661984992935407
b54u_lag_plus3,lag_sweep,9,degree-matched directed random graph,12,48,0.016299288661881864,0.0013078132303103668,0.7692236547349279,0.63894651444199
b54u_lag_plus3,lag_sweep,10,degree-matched directed random graph,12,48,0.011797723635015302,0.0009176167169211542,0.7282998911830147,0.5729488056334222
b54u_lag_plus3,lag_sweep,11,degree-matched directed random graph,12,48,0.01674808606323191,0.0013868322521891955,0.789776309540463,0.6641354357486066
b54u_lag_plus3,lag_sweep,12,degree-matched directed random graph,12,48,0.014606538533987185,0.0013603445940263373,0.7645074775053186,0.6286683598415904
b54u_lag_plus3,lag_sweep,13,degree-matched directed random graph,12,48,0.013475801396058834,0.0007249331888323925,0.7644284683194195,0.6269527737061621
b54u_lag_plus3,lag_sweep,14,degree-matched directed random graph,12,48,0.013672464695547698,0.001229573912291524,0.7566815191218025,0.6118536420473245
b54u_lag_plus3,lag_sweep,15,degree-matched directed random graph,12,48,0.008347883228434749,0.0013306769910732144,0.7030763921888568,0.5563619184916266
b54u_lag_plus3,lag_sweep,16,degree-matched directed random graph,12,48,0.010873262190275188,0.001451026385821996,0.7342099591491982,0.5844700100406961
b54u_lag_plus3,lag_sweep,17,degree-matched directed random graph,12,48,0.016510869119781325,0.0018927925882971813,0.7941532015835646,0.6816301014497329
b54u_lag_plus3,lag_sweep,18,degree-matched directed random graph,12,48,0.013616573867705456,0.001100741067965362,0.7726624261866912,0.6405154073844567
b54u_lag_plus3,lag_sweep,19,degree-matched directed random graph,12,48,0.012712799063245519,0.001037344724745455,0.7552555430140289,0.6363881425887186
b54u_lag_plus3,lag_sweep,20,degree-matched directed random graph,12,48,0.011189497530514398,0.0019632266820035806,0.7554509410018019,0.6090346396584678
b54u_lag_plus3,lag_sweep,21,degree-matched directed random graph,12,48,0.010822669888647453,0.0008313360590738255,0.725513497927415,0.5809872665949775
b54u_lag_plus3,lag_sweep,22,degree-matched directed random graph,12,48,0.009541952722370834,0.0012966351396689689,0.7209372365219231,0.5508781306927867
b54u_lag_plus3,lag_sweep,23,degree-matched directed random graph,12,48,0.012413370413317984,0.0018943434543753305,0.7363375543023681,0.5842940896809867
b54u_lag_plus3,lag_sweep,24,degree-matched directed random graph,12,48,0.014971591920567143,0.0010765307368488047,0.7871315138305834,0.6649053678551673
b54u_lag_plus3,lag_sweep,25,degree-matched directed random graph,12,48,0.011495708263433662,0.001285971144566734,0.740412345481817,0.5808500053649887
b54u_lag_plus3,lag_sweep,26,degree-matched directed random graph,12,48,0.01177572968583764,0.0006385876042095377,0.7585739126475491,0.618401624764232
b54u_lag_plus3,lag_sweep,27,degree-matched directed random graph,12,48,0.012191509170358687,0.0013136081030004551,0.7584916015518887,0.616901126027991
b54u_lag_plus3,lag_sweep,28,degree-matched directed random graph,12,48,0.014207712389060758,0.0016173897449136174,0.754110932903315,0.6131457074639003
b54u_lag_plus3,lag_sweep,29,degree-matched directed random graph,12,48,0.011610866955389624,0.0011273405357939575,0.7365219064604308,0.5839537127394681
b54u_lag_plus3,lag_sweep,30,degree-matched directed random graph,12,48,0.01172516903124394,0.002313332682016502,0.7565495990582272,0.6206850222428492
b54u_lag_plus3,lag_sweep,31,degree-matched directed random graph,12,48,0.014147445246848413,0.0010061529383221567,0.7586825783388544,0.61642024181674
b54u_lag_plus3,lag_sweep,32,degree-matched directed random graph,12,48,0.014360804416480645,0.0024335341435968707,0.7685394554275343,0.6308978111957533
b54u_lag_plus3,lag_sweep,33,degree-matched directed random graph,12,48,0.015551670468811956,0.001567348986117631,0.7633923804507093,0.6241332015058787
b54u_lag_plus3,lag_sweep,34,degree-matched directed random graph,12,48,0.008686625682066353,0.0019450000875557134,0.7091389783044879,0.5598205170437093
b54u_lag_plus3,lag_sweep,35,degree-matched directed random graph,12,48,0.015712370000302938,0.0011685484396586872,0.7567317382445443,0.6154251423153569
b54u_lag_plus3,lag_sweep,36,degree-matched directed random graph,12,48,0.012247619025005025,0.0014942632240749298,0.7395047890700934,0.5922756483648659
b54u_lag_plus3,lag_sweep,37,degree-matched directed random graph,12,48,0.01960918377213299,0.001781091745108705,0.7891515166803073,0.6700616996449691
b54u_lag_plus3,lag_sweep,38,degree-matched directed random graph,12,48,0.015751360083521727,0.0015356606391614214,0.773110794677878,0.6376227109530415
b54u_lag_plus3,lag_sweep,39,degree-matched directed random graph,12,48,0.01647762505606069,0.0014345568961321366,0.7903852666585388,0.6684369791478999
b54u_lag_plus3,lag_sweep,40,degree-matched directed random graph,12,48,0.010402143800595865,0.0010675581279208672,0.7316568822426631,0.5782509659670907
b54u_lag_plus3,lag_sweep,41,degree-matched directed random graph,12,48,0.006342180726643667,0.0009895829951190825,0.7141494348381241,0.553949298710575
b54u_lag_plus3,lag_sweep,42,degree-matched directed random graph,12,48,0.016887608197704993,0.0004418624716283183,0.7990681267973473,0.683873372420614
b54u_lag_plus3,lag_sweep,43,degree-matched directed random graph,12,48,0.010736821996190582,0.0012896348700066537,0.7301667440307452,0.5825828791460514
b54u_lag_plus3,lag_sweep,44,degree-matched directed random graph,12,48,0.010326801807414519,0.0008160569021832453,0.7640663258721649,0.6351462945706051
b54u_lag_plus3,lag_sweep,45,degree-matched directed random graph,12,48,0.02004735104952245,0.001121281916620069,0.7831441492852546,0.6568536648263129
b54u_lag_plus3,lag_sweep,46,degree-matched directed random graph,12,48,0.011267586202077193,0.0012711287519901588,0.7298603766967008,0.557551824203256
b54u_lag_plus3,lag_sweep,47,degree-matched directed random graph,12,48,0.011775059701170168,0.0010564347970360708,0.7489792794006306,0.6007002494741256
b54u_lag_plus3,lag_sweep,48,degree-matched directed random graph,12,48,0.01746072158263621,0.0029326390837412274,0.788730089896582,0.6666042102599988
b54u_lag_plus3,lag_sweep,49,degree-matched directed random graph,12,48,0.01182887267588384,0.0014075724131927146,0.7426353226031871,0.5978144479704035
b54u_lag_plus3,lag_sweep,50,degree-matched directed random graph,12,48,0.014210006859417666,0.0009777185852100783,0.7631227802422127,0.6219257754586848
b54u_lag_plus3,lag_sweep,51,degree-matched directed random graph,12,48,0.015593634966847188,0.0014709780662186362,0.7608172761043378,0.6122899211157976
b54u_lag_plus3,lag_sweep,52,degree-matched directed random graph,12,48,0.0160076355991731,0.0015398338275980242,0.7777472000180407,0.6448229596010684
b54u_lag_plus3,lag_sweep,53,degree-matched directed random graph,12,48,0.011953490360814042,0.0018227770228613797,0.7682840621661531,0.6325502729863938
b54u_lag_plus3,lag_sweep,54,degree-matched directed random graph,12,48,0.014257110560046091,0.00263510489769798,0.7531002627719138,0.6113378472586892
b54u_lag_plus3,lag_sweep,55,degree-matched directed random graph,12,48,0.017523173515983915,0.0015012082824867369,0.7885012802268383,0.6692728457596657
b54u_lag_plus3,lag_sweep,56,degree-matched directed random graph,12,48,0.013713497197897289,0.0006741486898545036,0.7557832340241002,0.6222018521760683
b54u_lag_plus3,lag_sweep,57,degree-matched directed random graph,12,48,0.01121378607781697,0.0012708205099574376,0.7310362815054973,0.577811561618121
b54u_lag_plus3,lag_sweep,58,degree-matched directed random graph,12,48,0.013090899180521282,0.0012845364097374928,0.738066407237799,0.6053772102719704
b54u_lag_plus3,lag_sweep,59,degree-matched directed random graph,12,48,0.010048587718889038,0.0006477867529178055,0.7183349904170181,0.5582734280446436
b54u_lag_plus5,lag_sweep,0,degree-matched directed random graph,12,48,0.01786449525169552,0.002230684851181281,0.7621023027056251,0.6205994383421044
b54u_lag_plus5,lag_sweep,1,degree-matched directed random graph,12,48,0.017686970879008574,0.0016001083091493316,0.7860734960283212,0.6547507573223542
b54u_lag_plus5,lag_sweep,2,degree-matched directed random graph,12,48,0.012803552415975151,0.0016907572546333803,0.7412009283097287,0.589143194018418
b54u_lag_plus5,lag_sweep,3,degree-matched directed random graph,12,48,0.01441669696534574,0.0013594481661634587,0.7539048283773218,0.6081532766686192
b54u_lag_plus5,lag_sweep,4,degree-matched directed random graph,12,48,0.019914276470163847,0.0015571011053465366,0.7870988787466221,0.6622186879916224
b54u_lag_plus5,lag_sweep,5,degree-matched directed random graph,12,48,0.014355774829725776,0.0014146815230958992,0.7472125899445876,0.6112789195354972
b54u_lag_plus5,lag_sweep,6,degree-matched directed random graph,12,48,0.012941290278603685,0.0009135333273654366,0.7276977201212355,0.5568808776325139
b54u_lag_plus5,lag_sweep,7,degree-matched directed random graph,12,48,0.01735671816202271,0.0006313231391352235,0.7596522703296055,0.6307261087528039
b54u_lag_plus5,lag_sweep,8,degree-matched directed random graph,12,48,0.01720363115167554,0.0023795596705632758,0.7709980158813599,0.6290263919822385
b54u_lag_plus5,lag_sweep,9,degree-matched directed random graph,12,48,0.019407218686014093,0.001136666865068434,0.7871298880522609,0.6613975733567826
b54u_lag_plus5,lag_sweep,10,degree-matched directed random graph,12,48,0.017009321290510523,0.002886296964148566,0.7671164673066296,0.6445854372639862
b54u_lag_plus5,lag_sweep,11,degree-matched directed random graph,12,48,0.015343676235796548,0.0014396193426327417,0.768235042405057,0.6393399484339201
b54u_lag_plus5,lag_sweep,12,degree-matched directed random graph,12,48,0.018448393068906048,0.001892724714411996,0.772747157567109,0.6341624497631636
b54u_lag_plus5,lag_sweep,13,degree-matched directed random graph,12,48,0.01724086207649675,0.0015030205155798038,0.7871696061500734,0.6577372512384013
b54u_lag_plus5,lag_sweep,14,degree-matched directed random graph,12,48,0.009745853565529369,0.0020699991652301615,0.7152942786447559,0.5750557856994367
b54u_lag_plus5,lag_sweep,15,degree-matched directed random graph,12,48,0.017081384475847488,0.0013182813531801127,0.7468626746035031,0.5876186126104924
b54u_lag_plus5,lag_sweep,16,degree-matched directed random graph,12,48,0.012454485922156122,0.003302087447401972,0.750048190186149,0.604554884840813
b54u_lag_plus5,lag_sweep,17,degree-matched directed random graph,12,48,0.017753925694908693,0.002007344199316277,0.7505091873052425,0.6087801338368001
b54u_lag_plus5,lag_sweep,18,degree-matched directed random graph,12,48,0.020811722828604762,0.0004667729882187982,0.7843015217457695,0.6572291932215945
b54u_lag_plus5,lag_sweep,19,degree-matched directed random graph,12,48,0.016357530370255408,0.0023259587673181495,0.7557268109466095,0.6199502704226958
b54u_lag_plus5,lag_sweep,20,degree-matched directed random graph,12,48,0.016625991945988256,0.0011798633320146965,0.7852332100430446,0.6627447467081312
b54u_lag_plus5,lag_sweep,21,degree-matched directed random graph,12,48,0.017970186937382157,0.001033940108477813,0.7677215579210025,0.6285719394060393
b54u_lag_plus5,lag_sweep,22,degree-matched directed random graph,12,48,0.01955739544514617,0.002144968440394207,0.760166428408338,0.6169143960208666
b54u_lag_plus5,lag_sweep,23,degree-matched directed random graph,12,48,0.01668289191494145,0.0031327047464855453,0.7714671990756176,0.6290220901616835
b54u_lag_plus5,lag_sweep,24,degree-matched directed random graph,12,48,0.014048086706431479,0.0023834110033964812,0.7465517275914614,0.5955568946950097
b54u_lag_plus5,lag_sweep,25,degree-matched directed random graph,12,48,0.015690755307950787,0.002197193816221015,0.7724682366438471,0.63658063292785
b54u_lag_plus5,lag_sweep,26,degree-matched directed random graph,12,48,0.017051346460477616,0.0029603787964747577,0.7767985403655113,0.6589193809359778
b54u_lag_plus5,lag_sweep,27,degree-matched directed random graph,12,48,0.019945692813034502,0.0018949305502406995,0.7844747027763369,0.6693673157048604
b54u_lag_plus5,lag_sweep,28,degree-matched directed random graph,12,48,0.015216185108772933,0.0013843187307888373,0.7098072614443943,0.552378426413418
b54u_lag_plus5,lag_sweep,29,degree-matched directed random graph,12,48,0.01314611776565304,0.0015000586300815092,0.7462545315319877,0.5874121414383857
b54u_lag_plus5,lag_sweep,30,degree-matched directed random graph,12,48,0.017695269642617955,0.002505357761515197,0.770515950434652,0.638359103629414
b54u_lag_plus5,lag_sweep,31,degree-matched directed random graph,12,48,0.01748161679090678,0.0015688223205777261,0.7957954464652293,0.6886819383098981
b54u_lag_plus5,lag_sweep,32,degree-matched directed random graph,12,48,0.015793755958272305,0.0030400487132086177,0.7650149935848803,0.6214489428452161
b54u_lag_plus5,lag_sweep,33,degree-matched directed random graph,12,48,0.01293149515690496,0.0019842155440503695,0.7656842527089149,0.6285575754160514
b54u_lag_plus5,lag_sweep,34,degree-matched directed random graph,12,48,0.016008032537740132,0.0013490958719774575,0.7661442318472131,0.633675349967103
b54u_lag_plus5,lag_sweep,35,degree-matched directed random graph,12,48,0.011911126822535688,0.0012649798123252599,0.7375465844144468,0.5916701262978145
b54u_lag_plus5,lag_sweep,36,degree-matched directed random graph,12,48,0.01884670384026219,0.0010159671293095193,0.7881467642056337,0.6643306148850733
b54u_lag_plus5,lag_sweep,37,degree-matched directed random graph,12,48,0.01949536776635725,0.0016212165142894157,0.7776602447470752,0.6534384823982441
b54u_lag_plus5,lag_sweep,38,degree-matched directed random graph,12,48,0.01417540717928683,0.0014787119428132632,0.7473318118537354,0.6042360905657227
b54u_lag_plus5,lag_sweep,39,degree-matched directed random graph,12,48,0.016255242627150123,0.0005267041267163373,0.7629419899243411,0.6331246351771951
b54u_lag_plus5,lag_sweep,40,degree-matched directed random graph,12,48,0.010334071366426525,0.0011505651239729592,0.7290751198956196,0.5902084677600835
b54u_lag_plus5,lag_sweep,41,degree-matched directed random graph,12,48,0.010748797636612892,0.001325086254727821,0.7120919802836515,0.5522260806811092
b54u_lag_plus5,lag_sweep,42,degree-matched directed random graph,12,48,0.016229967556455584,0.001985892596952182,0.7647638778776739,0.6227735002285398
b54u_lag_plus5,lag_sweep,43,degree-matched directed random graph,12,48,0.013478443182991837,0.0008565017436459249,0.7508738860772542,0.6010260574985237
b54u_lag_plus5,lag_sweep,44,degree-matched directed random graph,12,48,0.017785560885205432,0.0006994102240669731,0.7461634092147497,0.5929858813201778
b54u_lag_plus5,lag_sweep,45,degree-matched directed random graph,12,48,0.014917162635908789,0.0011643781832446226,0.7540367795346633,0.6085481313872058
b54u_lag_plus5,lag_sweep,46,degree-matched directed random graph,12,48,0.01654823120930963,0.002008049007828611,0.7744899333618851,0.645684110488311
b54u_lag_plus5,lag_sweep,47,degree-matched directed random graph,12,48,0.013392372865838179,0.0022306853838602947,0.7170692871769817,0.5480777791617334
b54u_lag_plus5,lag_sweep,48,degree-matched directed random graph,12,48,0.018422434575468813,0.0019145549887200108,0.7701077134407696,0.6402140335491321
b54u_lag_plus5,lag_sweep,49,degree-matched directed random graph,12,48,0.01612057166339763,0.0017518906452055959,0.769604162387825,0.6514203744503926
b54u_lag_plus5,lag_sweep,50,degree-matched directed random graph,12,48,0.012250046989104634,0.0017418903053330352,0.722660878234681,0.5522257046272833
b54u_lag_plus5,lag_sweep,51,degree-matched directed random graph,12,48,0.012503139308117537,0.0015590627727155638,0.7524123446079513,0.6075201798296125
b54u_lag_plus5,lag_sweep,52,degree-matched directed random graph,12,48,0.014795605614675243,0.002157342714611616,0.7430507775489508,0.5870828206761765
b54u_lag_plus5,lag_sweep,53,degree-matched directed random graph,12,48,0.021028160805001486,0.000946192486053323,0.7892923187990113,0.6621064740379172
b54u_lag_plus5,lag_sweep,54,degree-matched directed random graph,12,48,0.018339697497691668,0.0017723284748485918,0.7507498764608175,0.6125207918298811
b54u_lag_plus5,lag_sweep,55,degree-matched directed random graph,12,48,0.016923184633707046,0.0014715246956678953,0.7740861587401371,0.642726953667654
b54u_lag_plus5,lag_sweep,56,degree-matched directed random graph,12,48,0.018485695757080187,0.00038304862099495455,0.7865798227085717,0.6630505537205614
b54u_lag_plus5,lag_sweep,57,degree-matched directed random graph,12,48,0.013111076828074641,0.002440730297597248,0.7304785588669142,0.5776994747687714
b54u_lag_plus5,lag_sweep,58,degree-matched directed random graph,12,48,0.015723510427638736,0.0011756952411346299,0.7386672161988995,0.5734966033680735
b54u_lag_plus5,lag_sweep,59,degree-matched directed random graph,12,48,0.017780827334847298,0.0012794831472409045,0.7737135368506567,0.635865045482669
b54u_lag_plus8,lag_sweep,0,degree-matched directed random graph,12,48,0.017287222867123978,0.002384722037338277,0.733170238831727,0.5817129780087821
b54u_lag_plus8,lag_sweep,1,degree-matched directed random graph,12,48,0.01587625108460071,0.001924613247589603,0.7628078198331917,0.6260288058872513
b54u_lag_plus8,lag_sweep,2,degree-matched directed random graph,12,48,0.018987449610594828,0.001285763977613848,0.7600150281206407,0.627258686049469
b54u_lag_plus8,lag_sweep,3,degree-matched directed random graph,12,48,0.01874699687078728,0.0023735419637926905,0.7883532816221641,0.6657872580940786
b54u_lag_plus8,lag_sweep,4,degree-matched directed random graph,12,48,0.01669074762585739,0.001701682002182385,0.7585377377509749,0.6136560814624661
b54u_lag_plus8,lag_sweep,5,degree-matched directed random graph,12,48,0.017326680607593573,0.0025789826189030495,0.7715113938229724,0.6417324049189502
b54u_lag_plus8,lag_sweep,6,degree-matched directed random graph,12,48,0.014676968736514152,0.0017216862550451886,0.7340947034360328,0.5778562675816276
b54u_lag_plus8,lag_sweep,7,degree-matched directed random graph,12,48,0.02027639243973763,0.00224225952491369,0.7922322762576223,0.6722048485775299
b54u_lag_plus8,lag_sweep,8,degree-matched directed random graph,12,48,0.015747798716562296,0.001720672197557821,0.770246326699485,0.6359237579507038
b54u_lag_plus8,lag_sweep,9,degree-matched directed random graph,12,48,0.01411247567312418,0.00149201013935998,0.730107549385993,0.5669649732486141
b54u_lag_plus8,lag_sweep,10,degree-matched directed random graph,12,48,0.019027094290424602,0.0015203213528424723,0.7807877151270786,0.6454819686864842
b54u_lag_plus8,lag_sweep,11,degree-matched directed random graph,12,48,0.014696785548187992,0.0026129453386343933,0.7570835779511849,0.6048638581038164
b54u_lag_plus8,lag_sweep,12,degree-matched directed random graph,12,48,0.015222643156959745,0.0013054631720504247,0.7630527948100977,0.6334240693875836
b54u_lag_plus8,lag_sweep,13,degree-matched directed random graph,12,48,0.017186094885979435,0.001208979020772953,0.768000220552037,0.6249780147761438
b54u_lag_plus8,lag_sweep,14,degree-matched directed random graph,12,48,0.012434557973177348,0.0013631352700864616,0.7500396998748818,0.6004731534073598
b54u_lag_plus8,lag_sweep,15,degree-matched directed random graph,12,48,0.014098337758292001,0.0014609795565332104,0.7331762096762926,0.5713024724660652
b54u_lag_plus8,lag_sweep,16,degree-matched directed random graph,12,48,0.015810930550575,0.0020127494679486667,0.7516635837669586,0.6182403068612231
b54u_lag_plus8,lag_sweep,17,degree-matched directed random graph,12,48,0.017338349851350188,0.0016206996357050515,0.7739860255962104,0.6451123139684314
b54u_lag_plus8,lag_sweep,18,degree-matched directed random graph,12,48,0.016270015683441972,0.00154060255313593,0.7665786034688402,0.624301171448069
b54u_lag_plus8,lag_sweep,19,degree-matched directed random graph,12,48,0.012702124146198389,0.0021513014499815078,0.7504252573093924,0.6077509306395706
b54u_lag_plus8,lag_sweep,20,degree-matched directed random graph,12,48,0.020320939299616755,0.0021543331030636575,0.7796294340780601,0.6567030531503625
b54u_lag_plus8,lag_sweep,21,degree-matched directed random graph,12,48,0.014913894694349958,0.0010536418049366914,0.7428198562271612,0.591979256389791
b54u_lag_plus8,lag_sweep,22,degree-matched directed random graph,12,48,0.016474136612006054,0.0018303440259729473,0.7772199825454469,0.6504973993144908
b54u_lag_plus8,lag_sweep,23,degree-matched directed random graph,12,48,0.014317327905769202,0.0009419186884335472,0.7383787219183772,0.5898119376793117
b54u_lag_plus8,lag_sweep,24,degree-matched directed random graph,12,48,0.016251922742157764,0.0021282359553379724,0.7615419356562682,0.6145660054324231
b54u_lag_plus8,lag_sweep,25,degree-matched directed random graph,12,48,0.012167771945753143,0.001910958967419473,0.7426319504851818,0.5969014965858818
b54u_lag_plus8,lag_sweep,26,degree-matched directed random graph,12,48,0.019945413765669818,0.001096133155062153,0.7937446470930017,0.6711759674043432
b54u_lag_plus8,lag_sweep,27,degree-matched directed random graph,12,48,0.017124741575086245,0.0011164612048224507,0.7802926565267029,0.6437401329855499
b54u_lag_plus8,lag_sweep,28,degree-matched directed random graph,12,48,0.015224357780520706,0.0022459734614047712,0.7445583543623409,0.5822220470509488
b54u_lag_plus8,lag_sweep,29,degree-matched directed random graph,12,48,0.018112287613329992,0.0017402090591465867,0.7727242949030715,0.6433654933603764
b54u_lag_plus8,lag_sweep,30,degree-matched directed random graph,12,48,0.014616469964302171,0.0013994149880961156,0.7253159543596771,0.5673136022286428
b54u_lag_plus8,lag_sweep,31,degree-matched directed random graph,12,48,0.012715079333433592,0.0009715598730293384,0.7496117373228995,0.5945373457047207
b54u_lag_plus8,lag_sweep,32,degree-matched directed random graph,12,48,0.01697422198192398,0.0017087261928337072,0.7671127769273024,0.628829301459741
b54u_lag_plus8,lag_sweep,33,degree-matched directed random graph,12,48,0.014875767239848436,0.00184403840817405,0.7768882057174274,0.6451979930519883
b54u_lag_plus8,lag_sweep,34,degree-matched directed random graph,12,48,0.013587760021335339,0.0018829963657260144,0.7617687236916542,0.6211390067056116
b54u_lag_plus8,lag_sweep,35,degree-matched directed random graph,12,48,0.01689797358529174,0.0013674505496858137,0.7784475876123236,0.6474447275346011
b54u_lag_plus8,lag_sweep,36,degree-matched directed random graph,12,48,0.019172523999446824,0.0019643044698457487,0.7858230139346372,0.6577161732767537
b54u_lag_plus8,lag_sweep,37,degree-matched directed random graph,12,48,0.014947865327913338,0.0016798594009100065,0.7324153475221656,0.5628737759833116
b54u_lag_plus8,lag_sweep,38,degree-matched directed random graph,12,48,0.015417669861409994,0.0028980213320180578,0.7699955305543389,0.6396544641187468
b54u_lag_plus8,lag_sweep,39,degree-matched directed random graph,12,48,0.01609107427160948,0.0014351011214052002,0.7374356979999511,0.5830633150752593
b54u_lag_plus8,lag_sweep,40,degree-matched directed random graph,12,48,0.014108466428618625,0.0015820977821499576,0.7460827210718303,0.6039527308646928
b54u_lag_plus8,lag_sweep,41,degree-matched directed random graph,12,48,0.020434645885802082,0.0022852801972627628,0.7865559088599628,0.6615690126743317
b54u_lag_plus8,lag_sweep,42,degree-matched directed random graph,12,48,0.02101693477023574,0.0011969929457746624,0.770683787534508,0.6398488067617559
b54u_lag_plus8,lag_sweep,43,degree-matched directed random graph,12,48,0.015377140254861718,0.001688592803077892,0.7461685697473333,0.6031226917543558
b54u_lag_plus8,lag_sweep,44,degree-matched directed random graph,12,48,0.016691700813155557,0.0014576291132645195,0.7685861611331594,0.6348774767320178
b54u_lag_plus8,lag_sweep,45,degree-matched directed random graph,12,48,0.01818912682506417,0.0017909770668436823,0.7909178998564554,0.6701694268024799
b54u_lag_plus8,lag_sweep,46,degree-matched directed random graph,12,48,0.014382722861204013,0.0014053634903077052,0.7522955876531068,0.5955139473607807
b54u_lag_plus8,lag_sweep,47,degree-matched directed random graph,12,48,0.0187426972899948,0.0014843029849538217,0.7997514927457933,0.6837827481407356
b54u_lag_plus8,lag_sweep,48,degree-matched directed random graph,12,48,0.015791735718077696,0.001049660876597377,0.7619799637817893,0.6261307105596887
b54u_lag_plus8,lag_sweep,49,degree-matched directed random graph,12,48,0.01919577400674045,0.0017312719432356852,0.7937095832406035,0.6763692937062341
b54u_lag_plus8,lag_sweep,50,degree-matched directed random graph,12,48,0.01784952137172072,0.0024645369619319918,0.7722655635652839,0.6340990545402102
b54u_lag_plus8,lag_sweep,51,degree-matched directed random graph,12,48,0.019005760138923192,0.0017103159400902535,0.7831719203366929,0.658736864946964
b54u_lag_plus8,lag_sweep,52,degree-matched directed random graph,12,48,0.018647280132177327,0.0014406777551315374,0.7870899378493554,0.6624093859083683
b54u_lag_plus8,lag_sweep,53,degree-matched directed random graph,12,48,0.019786546421609368,0.0007535863186542791,0.7801656673968808,0.656911699245096
b54u_lag_plus8,lag_sweep,54,degree-matched directed random graph,12,48,0.017172644238185566,0.0025815964169012525,0.7536267544195,0.6130283486844497
b54u_lag_plus8,lag_sweep,55,degree-matched directed random graph,12,48,0.014214655918658418,0.0016066459184411429,0.7458204702485717,0.5939947852748244
b54u_lag_plus8,lag_sweep,56,degree-matched directed random graph,12,48,0.019122741528540377,0.0013756920014840477,0.7661962846468535,0.6340670797513418
b54u_lag_plus8,lag_sweep,57,degree-matched directed random graph,12,48,0.013590804833555445,0.0017324830573449937,0.7359136173698126,0.5812084809686653
b54u_lag_plus8,lag_sweep,58,degree-matched directed random graph,12,48,0.013131957206056309,0.0012081845188213311,0.7463736692561499,0.600780572656153
b54u_lag_plus8,lag_sweep,59,degree-matched directed random graph,12,48,0.016844208109469083,0.0029922734573740524,0.756987732751333,0.642767759359086
b54u_leading_window_r1,one_sided_window,0,degree-matched directed random graph,12,48,0.014401225861933112,0.0007539131385331063,0.7940470911195617,0.6484914987115058
b54u_leading_window_r1,one_sided_window,1,degree-matched directed random graph,12,48,0.011484590649828923,0.000994506536532303,0.791011686769342,0.6557699011420257
b54u_leading_window_r1,one_sided_window,2,degree-matched directed random graph,12,48,0.0136042548049375,0.001702233410672599,0.7982221136636293,0.66415024869725
b54u_leading_window_r1,one_sided_window,3,degree-matched directed random graph,12,48,0.013670833793342966,0.0009934737012654727,0.7993124024648434,0.6639991215413138
b54u_leading_window_r1,one_sided_window,4,degree-matched directed random graph,12,48,0.015429122289912792,0.0015048053450390992,0.8033250336115243,0.6716130848714351
b54u_leading_window_r1,one_sided_window,5,degree-matched directed random graph,12,48,0.012067163897907738,0.0009795070464431463,0.7851789326942445,0.6439972759591618
b54u_leading_window_r1,one_sided_window,6,degree-matched directed random graph,12,48,0.01537076562241639,0.0011826991499306466,0.8166417376530891,0.6951142881899366
b54u_leading_window_r1,one_sided_window,7,degree-matched directed random graph,12,48,0.013436536889183191,0.0008719362518035486,0.7812511682052512,0.6333914057182214
b54u_leading_window_r1,one_sided_window,8,degree-matched directed random graph,12,48,0.014479186472426145,0.0014386667459555403,0.805661179695179,0.6734743779908062
b54u_leading_window_r1,one_sided_window,9,degree-matched directed random graph,12,48,0.010945085131498626,0.0017826373766026554,0.7804212463159012,0.6422477144037488
b54u_leading_window_r1,one_sided_window,10,degree-matched directed random graph,12,48,0.013617803322078693,0.001508290491644689,0.8007811147145563,0.670136312565778
b54u_leading_window_r1,one_sided_window,11,degree-matched directed random graph,12,48,0.01554874990379958,0.000616922704580499,0.8065616555014842,0.6732681979533889
b54u_leading_window_r1,one_sided_window,12,degree-matched directed random graph,12,48,0.013564117488542813,0.001173397410571678,0.8053226843164594,0.67154255982024
b54u_leading_window_r1,one_sided_window,13,degree-matched directed random graph,12,48,0.014919115327924505,0.0012305324433928848,0.8023724220513383,0.6617341719983139
b54u_leading_window_r1,one_sided_window,14,degree-matched directed random graph,12,48,0.014006473739788985,0.0006413558498124971,0.7975641498035614,0.6634934578163878
b54u_leading_window_r1,one_sided_window,15,degree-matched directed random graph,12,48,0.010920517884103677,0.0011189890119459157,0.7861842259130695,0.6406297263702047
b54u_leading_window_r1,one_sided_window,16,degree-matched directed random graph,12,48,0.012548738569338311,0.0007585394059104009,0.7872823262762992,0.6422658354947524
b54u_leading_window_r1,one_sided_window,17,degree-matched directed random graph,12,48,0.01141825865572403,0.0023832894564372663,0.779911391897258,0.6363581254858296
b54u_leading_window_r1,one_sided_window,18,degree-matched directed random graph,12,48,0.011614491889167624,0.0014060540293589644,0.7881778261796222,0.6394575820647502
b54u_leading_window_r1,one_sided_window,19,degree-matched directed random graph,12,48,0.014664327843550602,0.0009782831545073866,0.8125071141118058,0.6875091664049076
b54u_leading_window_r1,one_sided_window,20,degree-matched directed random graph,12,48,0.015157390041606211,0.0010405195311242203,0.7959402240995499,0.6551235111646458
b54u_leading_window_r1,one_sided_window,21,degree-matched directed random graph,12,48,0.013374833565896258,0.0016326766064096406,0.7838864797443531,0.6274502975783616
b54u_leading_window_r1,one_sided_window,22,degree-matched directed random graph,12,48,0.014344968831473426,0.0012153019329092104,0.8019122297437066,0.6752372478684481
b54u_leading_window_r1,one_sided_window,23,degree-matched directed random graph,12,48,0.015159700979171598,0.0011932157426709409,0.8026431856967063,0.6677031893334296
b54u_leading_window_r1,one_sided_window,24,degree-matched directed random graph,12,48,0.013651121858471506,0.0013433950654347104,0.79828534290198,0.6624121352514168
b54u_leading_window_r1,one_sided_window,25,degree-matched directed random graph,12,48,0.01578558032357881,0.0009955262885456033,0.8171989000935976,0.6980349906565287
b54u_leading_window_r1,one_sided_window,26,degree-matched directed random graph,12,48,0.012159851959104769,0.0008179100874122955,0.7884609805234982,0.648243053457931
b54u_leading_window_r1,one_sided_window,27,degree-matched directed random graph,12,48,0.013838987948704294,0.0013462524218016776,0.8035348605116402,0.6759390366684378
b54u_leading_window_r1,one_sided_window,28,degree-matched directed random graph,12,48,0.0146034677214186,0.0011491049599740566,0.8103168670018022,0.6853641504584788
b54u_leading_window_r1,one_sided_window,29,degree-matched directed random graph,12,48,0.01665866062509434,0.0016831185398347645,0.8167455434163248,0.6941856398605687
b54u_leading_window_r1,one_sided_window,30,degree-matched directed random graph,12,48,0.013554525681809045,0.0013501464920677836,0.7779193999867786,0.6259239397485293
b54u_leading_window_r1,one_sided_window,31,degree-matched directed random graph,12,48,0.015622920421914805,0.001100049478212989,0.808621711851289,0.676707244333377
b54u_leading_window_r1,one_sided_window,32,degree-matched directed random graph,12,48,0.015110276953708446,0.002257991885566281,0.8137947167124414,0.6885919652027805
b54u_leading_window_r1,one_sided_window,33,degree-matched directed random graph,12,48,0.012820163545098408,0.002043899257728593,0.7982355195243379,0.6656801488303706
b54u_leading_window_r1,one_sided_window,34,degree-matched directed random graph,12,48,0.014394937871068355,0.0008629054921018232,0.8042978064633598,0.6673312178588452
b54u_leading_window_r1,one_sided_window,35,degree-matched directed random graph,12,48,0.014539259860654088,0.0016900715723318974,0.7991918125040735,0.667768739080243
b54u_leading_window_r1,one_sided_window,36,degree-matched directed random graph,12,48,0.013915896360401697,0.0016450462442611084,0.790419226592772,0.6526112214698155
b54u_leading_window_r1,one_sided_window,37,degree-matched directed random graph,12,48,0.012900147015473644,0.0013253830370619812,0.7952171304487297,0.6558926398051796
b54u_leading_window_r1,one_sided_window,38,degree-matched directed random graph,12,48,0.014306301139383087,0.000883008864174176,0.8072056775445461,0.6838637752352471
b54u_leading_window_r1,one_sided_window,39,degree-matched directed random graph,12,48,0.013052601895575488,0.0011911237316204041,0.7886462546882553,0.6488513640425818
b54u_leading_window_r1,one_sided_window,40,degree-matched directed random graph,12,48,0.01199177454227827,0.0012839618175818932,0.7767527839615097,0.6330302771890812
b54u_leading_window_r1,one_sided_window,41,degree-matched directed random graph,12,48,0.01379898734677898,0.0009794327029446852,0.795042042629841,0.6582559574074728
b54u_leading_window_r1,one_sided_window,42,degree-matched directed random graph,12,48,0.012651087102433504,0.0012178092248121641,0.7920156503985583,0.655749464532334
b54u_leading_window_r1,one_sided_window,43,degree-matched directed random graph,12,48,0.012377412075562725,0.0022759558727367965,0.805105875146094,0.6720182727463815
b54u_leading_window_r1,one_sided_window,44,degree-matched directed random graph,12,48,0.013492585127991246,0.0019127987105587068,0.7824561026465781,0.6329562916756027
b54u_leading_window_r1,one_sided_window,45,degree-matched directed random graph,12,48,0.014547663647055476,0.0025351378857889997,0.8113519184500498,0.6871919559376855
b54u_leading_window_r1,one_sided_window,46,degree-matched directed random graph,12,48,0.016482584243633667,0.0009918888460155352,0.8028454152519764,0.6678218376471919
b54u_leading_window_r1,one_sided_window,47,degree-matched directed random graph,12,48,0.013363773549713751,0.0006944037378411529,0.7784763612677258,0.6323446745868259
b54u_leading_window_r1,one_sided_window,48,degree-matched directed random graph,12,48,0.015378794144205274,0.0008364692577792181,0.8057729901920766,0.6743356647767987
b54u_leading_window_r1,one_sided_window,49,degree-matched directed random graph,12,48,0.01640725496501273,0.0006488577085809992,0.8099077443726875,0.6795326474747175
b54u_leading_window_r1,one_sided_window,50,degree-matched directed random graph,12,48,0.013133405307932321,0.0022522360482058975,0.7980654116988596,0.6681916102692019
b54u_leading_window_r1,one_sided_window,51,degree-matched directed random graph,12,48,0.015858212053729347,0.001377660869476484,0.8036675410314112,0.6772065001528139
b54u_leading_window_r1,one_sided_window,52,degree-matched directed random graph,12,48,0.013974817537770773,0.0013775212003248674,0.7948254476289373,0.6588172206097442
b54u_leading_window_r1,one_sided_window,53,degree-matched directed random graph,12,48,0.014821462888600449,0.0008737917936476432,0.8025150163424289,0.6705549645473471
b54u_leading_window_r1,one_sided_window,54,degree-matched directed random graph,12,48,0.011079678749908997,0.0014041011882879478,0.7870732908031712,0.6478273299353674
b54u_leading_window_r1,one_sided_window,55,degree-matched directed random graph,12,48,0.01125587157763152,0.0021610979271327324,0.7773206270937137,0.634088582842475
b54u_leading_window_r1,one_sided_window,56,degree-matched directed random graph,12,48,0.014167056284658227,0.0014134928458802594,0.7969813590309615,0.6598320879841088
b54u_leading_window_r1,one_sided_window,57,degree-matched directed random graph,12,48,0.011866809696834964,0.0011371441286785137,0.7875358308337791,0.642893420599707
b54u_leading_window_r1,one_sided_window,58,degree-matched directed random graph,12,48,0.012034125253845979,0.0012091969709951617,0.7743237191873811,0.6273786320775883
b54u_leading_window_r1,one_sided_window,59,degree-matched directed random graph,12,48,0.014966763567551633,0.0006293434776722958,0.8067518720522825,0.6772534539587519
b54u_leading_window_r2,one_sided_window,0,degree-matched directed random graph,12,48,0.009383511202982552,0.0015147827090568984,0.8163399994834425,0.690411741524874
b54u_leading_window_r2,one_sided_window,1,degree-matched directed random graph,12,48,0.005592301820673756,0.002380184964482614,0.8099621649125764,0.6750591541887494
b54u_leading_window_r2,one_sided_window,2,degree-matched directed random graph,12,48,0.009333475614222602,0.0014913329241148091,0.814887716181769,0.6786944200506254
b54u_leading_window_r2,one_sided_window,3,degree-matched directed random graph,12,48,0.009929749353342626,0.0007925918289726095,0.8097829847435724,0.687201935925356
b54u_leading_window_r2,one_sided_window,4,degree-matched directed random graph,12,48,0.005554591162018628,0.001332676589772499,0.8092777659855862,0.671783872563641
b54u_leading_window_r2,one_sided_window,5,degree-matched directed random graph,12,48,0.007220053578157963,0.0016725577507677057,0.8141064182299579,0.6815868216439737
b54u_leading_window_r2,one_sided_window,6,degree-matched directed random graph,12,48,0.006938489642092648,0.0008703367552188284,0.8070717149303266,0.6752174727831367
b54u_leading_window_r2,one_sided_window,7,degree-matched directed random graph,12,48,0.004332918600641231,0.0019979163530744522,0.795502675674118,0.6567062437685393
b54u_leading_window_r2,one_sided_window,8,degree-matched directed random graph,12,48,0.008092456142747801,0.001110448154833777,0.8108211826308306,0.6779907730885886
b54u_leading_window_r2,one_sided_window,9,degree-matched directed random graph,12,48,0.0064008001385113785,0.0018942716630598406,0.810344515871631,0.6806826739232864
b54u_leading_window_r2,one_sided_window,10,degree-matched directed random graph,12,48,0.006835209904094957,0.0008602131989741518,0.8139906192558074,0.6783759087212548
b54u_leading_window_r2,one_sided_window,11,degree-matched directed random graph,12,48,0.008361954147076644,0.001046433482897785,0.819141167345338,0.6861812581364589
b54u_leading_window_r2,one_sided_window,12,degree-matched directed random graph,12,48,0.007831403003080216,0.0014100755680197317,0.8079195739060375,0.6688233586506463
b54u_leading_window_r2,one_sided_window,13,degree-matched directed random graph,12,48,0.0053654501572037855,0.0012896625964027425,0.8054280513810492,0.6763530157480866
b54u_leading_window_r2,one_sided_window,14,degree-matched directed random graph,12,48,0.007482635613309223,0.0019340487273760076,0.8132105559351551,0.6852245023534884
b54u_leading_window_r2,one_sided_window,15,degree-matched directed random graph,12,48,0.008223375717401967,0.0015648076068890174,0.806834206640882,0.6742674612311562
b54u_leading_window_r2,one_sided_window,16,degree-matched directed random graph,12,48,0.0059437564637664616,0.001700969619819654,0.8072848818493673,0.6748795248520291
b54u_leading_window_r2,one_sided_window,17,degree-matched directed random graph,12,48,0.007118254388125269,0.0009414683189734669,0.8068738225411679,0.6748551589591522
b54u_leading_window_r2,one_sided_window,18,degree-matched directed random graph,12,48,0.007563853295013869,0.0014100479892369478,0.8035951595866851,0.6714266503973279
b54u_leading_window_r2,one_sided_window,19,degree-matched directed random graph,12,48,0.009013461814632627,0.0005032376039996919,0.80905618838163,0.6773810330689202
b54u_leading_window_r2,one_sided_window,20,degree-matched directed random graph,12,48,0.008341076321648093,0.0017180439007482835,0.8163291261292785,0.688725240342845
b54u_leading_window_r2,one_sided_window,21,degree-matched directed random graph,12,48,0.005534779706209723,0.001175268400719684,0.8060024794919801,0.675704659687108
b54u_leading_window_r2,one_sided_window,22,degree-matched directed random graph,12,48,0.00732660179832765,0.0017757194446582554,0.8080290093590784,0.677922499284021
b54u_leading_window_r2,one_sided_window,23,degree-matched directed random graph,12,48,0.007119200200938375,0.0014784562141194298,0.8080694496874523,0.678869160871656
b54u_leading_window_r2,one_sided_window,24,degree-matched directed random graph,12,48,0.008698983512831836,0.0009974250145047088,0.816288318779003,0.6824264275278323
b54u_leading_window_r2,one_sided_window,25,degree-matched directed random graph,12,48,0.00705243946449164,0.0012144957639525621,0.8091815715301584,0.6796429865103825
b54u_leading_window_r2,one_sided_window,26,degree-matched directed random graph,12,48,0.007036215598184845,0.002307973478552765,0.8162648981159449,0.6826214400629884
b54u_leading_window_r2,one_sided_window,27,degree-matched directed random graph,12,48,0.007377948187378113,0.001333505838072299,0.8054995778216858,0.6625043665178239
b54u_leading_window_r2,one_sided_window,28,degree-matched directed random graph,12,48,0.0074074666072638665,0.0008754123498554277,0.8067986399782038,0.67104510378386
b54u_leading_window_r2,one_sided_window,29,degree-matched directed random graph,12,48,0.008208860922987705,0.0012158188777528125,0.8194371584043431,0.6899545639477757
b54u_leading_window_r2,one_sided_window,30,degree-matched directed random graph,12,48,0.006779623672426803,0.0011711702088578785,0.8164254417299626,0.6824551690830445
b54u_leading_window_r2,one_sided_window,31,degree-matched directed random graph,12,48,0.00799906887572173,0.001840073403489676,0.8230862673688762,0.6936849373522199
b54u_leading_window_r2,one_sided_window,32,degree-matched directed random graph,12,48,0.007115124337828342,0.0011569709683960526,0.8130194825163227,0.6758925013501326
b54u_leading_window_r2,one_sided_window,33,degree-matched directed random graph,12,48,0.005362110711624538,0.0024421119279582093,0.7970248855221082,0.6559623361984764
b54u_leading_window_r2,one_sided_window,34,degree-matched directed random graph,12,48,0.006455201572473176,0.0019102676664639372,0.8056829435389732,0.6752314689001983
b54u_leading_window_r2,one_sided_window,35,degree-matched directed random graph,12,48,0.006710738567154876,0.0009959595117755068,0.8150341773385995,0.685905629853493
b54u_leading_window_r2,one_sided_window,36,degree-matched directed random graph,12,48,0.007141394964428634,0.0010402080882935569,0.8150166936831588,0.6792472198298043
b54u_leading_window_r2,one_sided_window,37,degree-matched directed random graph,12,48,0.0071870195350283135,0.0011989954327643805,0.8213499198217438,0.6924837004237899
b54u_leading_window_r2,one_sided_window,38,degree-matched directed random graph,12,48,0.009621526474690511,0.0016570561164527809,0.8112231850214395,0.6740938820070661
b54u_leading_window_r2,one_sided_window,39,degree-matched directed random graph,12,48,0.005286355997350446,0.0006656645134528761,0.8008238665962272,0.6609935713114632
b54u_leading_window_r2,one_sided_window,40,degree-matched directed random graph,12,48,0.00818634911211251,0.0010936826424082214,0.8266834412405827,0.7012723861483802
b54u_leading_window_r2,one_sided_window,41,degree-matched directed random graph,12,48,0.005008518087775635,0.0014446124823449377,0.8103786122625091,0.6841273808196395
b54u_leading_window_r2,one_sided_window,42,degree-matched directed random graph,12,48,0.005299173157021036,0.0013575239475117613,0.807451108550073,0.6681644424314239
b54u_leading_window_r2,one_sided_window,43,degree-matched directed random graph,12,48,0.007778375967181897,0.0016001164032045398,0.8126114906511539,0.6871545840404819
b54u_leading_window_r2,one_sided_window,44,degree-matched directed random graph,12,48,0.006400770619764,0.0010462634068575927,0.8019601471175594,0.6604320142772517
b54u_leading_window_r2,one_sided_window,45,degree-matched directed random graph,12,48,0.008178996576763783,0.0009628302591994365,0.8098653699577382,0.6689124302272361
b54u_leading_window_r2,one_sided_window,46,degree-matched directed random graph,12,48,0.006952350540986932,0.001657335547379483,0.8023864155651962,0.6618603023010284
b54u_leading_window_r2,one_sided_window,47,degree-matched directed random graph,12,48,0.007577592055346999,0.0010668518072747498,0.8152643100508564,0.6809328670626784
b54u_leading_window_r2,one_sided_window,48,degree-matched directed random graph,12,48,0.008330025746659317,0.0021385742753061345,0.8160701556059404,0.6918960335166201
b54u_leading_window_r2,one_sided_window,49,degree-matched directed random graph,12,48,0.0071004194334206286,0.0017574814473957107,0.8147538304792995,0.6812330891420514
b54u_leading_window_r2,one_sided_window,50,degree-matched directed random graph,12,48,0.007465836867613755,0.0017134516067514997,0.8053197274287279,0.6692545467892357
b54u_leading_window_r2,one_sided_window,51,degree-matched directed random graph,12,48,0.006629913759550424,0.0007852666748055613,0.8004008752557423,0.6654455386616065
b54u_leading_window_r2,one_sided_window,52,degree-matched directed random graph,12,48,0.008105401677365702,0.0007849161174748921,0.817366714720289,0.6845826596775967
b54u_leading_window_r2,one_sided_window,53,degree-matched directed random graph,12,48,0.009032833836939676,0.0019417837679676848,0.815661851034184,0.6837561365788298
b54u_leading_window_r2,one_sided_window,54,degree-matched directed random graph,12,48,0.007073345064971884,0.002214545828372579,0.8141770191609536,0.6810585530792337
b54u_leading_window_r2,one_sided_window,55,degree-matched directed random graph,12,48,0.007808876888605477,0.0009740251064618825,0.8139838306495717,0.6825059438549568
b54u_leading_window_r2,one_sided_window,56,degree-matched directed random graph,12,48,0.006361623980043223,0.0011151106789685466,0.8075140153407783,0.6707941655004476
b54u_leading_window_r2,one_sided_window,57,degree-matched directed random graph,12,48,0.007245335349929549,0.0017142322859928936,0.8139747599995032,0.6801812334344685
b54u_leading_window_r2,one_sided_window,58,degree-matched directed random graph,12,48,0.006361248938116001,0.0010684132612433133,0.7968041141098978,0.6625657225714803
b54u_leading_window_r2,one_sided_window,59,degree-matched directed random graph,12,48,0.008508511587387758,0.0019109982688129497,0.8165121076548769,0.6852764878676894
b54u_leading_window_r5,one_sided_window,0,degree-matched directed random graph,12,48,-0.007505776900138219,0.0010483828639747154,0.8061091257374154,0.6805186772631412
b54u_leading_window_r5,one_sided_window,1,degree-matched directed random graph,12,48,-0.0083633522546434,0.0017249384090997555,0.8211977605536829,0.7106586921032326
b54u_leading_window_r5,one_sided_window,2,degree-matched directed random graph,12,48,-0.008656606674259446,0.0007411073582199424,0.8149275338833935,0.6981978575352441
b54u_leading_window_r5,one_sided_window,3,degree-matched directed random graph,12,48,-0.004447624148916547,0.00045896243941047826,0.8194202042212243,0.7093682386304528
b54u_leading_window_r5,one_sided_window,4,degree-matched directed random graph,12,48,-0.0068858459000535775,0.0016432390715878074,0.812843845188957,0.7005929696831933
b54u_leading_window_r5,one_sided_window,5,degree-matched directed random graph,12,48,-0.009160571841226406,0.0006694020509495317,0.8072822494945112,0.6912014333618505
b54u_leading_window_r5,one_sided_window,6,degree-matched directed random graph,12,48,-0.007778533546372899,0.000633180708745188,0.8210899884573338,0.7100443484330721
b54u_leading_window_r5,one_sided_window,7,degree-matched directed random graph,12,48,-0.008010954154510962,0.0012029603203311257,0.8056077423116669,0.6893671927856202
b54u_leading_window_r5,one_sided_window,8,degree-matched directed random graph,12,48,-0.0062298736501402606,0.000708165111359498,0.8111557499064556,0.6945795226357404
b54u_leading_window_r5,one_sided_window,9,degree-matched directed random graph,12,48,-0.006414236145482026,0.0005863729259090565,0.8057857532469179,0.6846591175014259
b54u_leading_window_r5,one_sided_window,10,degree-matched directed random graph,12,48,-0.005980862848773163,0.0011823093254654162,0.8194076207910554,0.7086609096537787
b54u_leading_window_r5,one_sided_window,11,degree-matched directed random graph,12,48,-0.007583603849437399,0.0013048463709889636,0.8064234740644206,0.6823536749472255
b54u_leading_window_r5,one_sided_window,12,degree-matched directed random graph,12,48,-0.007500402392877009,0.0009174474685199136,0.811236372889081,0.7004999934761139
b54u_leading_window_r5,one_sided_window,13,degree-matched directed random graph,12,48,-0.0074014602049568105,0.0015390161575753428,0.8181535323076153,0.7062182582586741
b54u_leading_window_r5,one_sided_window,14,degree-matched directed random graph,12,48,-0.007324754085377891,0.001887539381135372,0.8128018506081113,0.6931237797521255
b54u_leading_window_r5,one_sided_window,15,degree-matched directed random graph,12,48,-0.008444019318983878,0.0009347238308562532,0.8169704187986171,0.7025149422442961
b54u_leading_window_r5,one_sided_window,16,degree-matched directed random graph,12,48,-0.007522612700072204,0.0023471633408269576,0.8170276726303092,0.7039655357880686
b54u_leading_window_r5,one_sided_window,17,degree-matched directed random graph,12,48,-0.007186759134773332,0.0010520101031232154,0.806043904681832,0.6816132333261583
b54u_leading_window_r5,one_sided_window,18,degree-matched directed random graph,12,48,-0.008609992079641292,0.0008749828693213949,0.8121672928986357,0.6965118115835464
b54u_leading_window_r5,one_sided_window,19,degree-matched directed random graph,12,48,-0.01032912082818877,0.000919094316602982,0.8114926271410722,0.6979916057216219
b54u_leading_window_r5,one_sided_window,20,degree-matched directed random graph,12,48,-0.008712386123725565,0.0012171456491698947,0.8137564504602693,0.7029938842133402
b54u_leading_window_r5,one_sided_window,21,degree-matched directed random graph,12,48,-0.008275010594205543,0.001875520955330668,0.8130219773062978,0.7015018409367099
b54u_leading_window_r5,one_sided_window,22,degree-matched directed random graph,12,48,-0.006464661934225541,0.001298221293194719,0.8097055395250957,0.6877274154250713
b54u_leading_window_r5,one_sided_window,23,degree-matched directed random graph,12,48,-0.006593763132862574,0.0008847547571483477,0.8098983022832856,0.6946241403376269
b54u_leading_window_r5,one_sided_window,24,degree-matched directed random graph,12,48,-0.0075449830465186005,0.0013021856213096443,0.8188362213479724,0.7068387870630356
b54u_leading_window_r5,one_sided_window,25,degree-matched directed random graph,12,48,-0.008315478038101638,0.0009889631724427958,0.8091465006594216,0.6874664605897959
b54u_leading_window_r5,one_sided_window,26,degree-matched directed random graph,12,48,-0.00860758709274461,0.0010150214398809195,0.8186028225110628,0.7048354728606573
b54u_leading_window_r5,one_sided_window,27,degree-matched directed random graph,12,48,-0.005680365523394193,0.0009220886623760829,0.811418838588209,0.7011759120381656
b54u_leading_window_r5,one_sided_window,28,degree-matched directed random graph,12,48,-0.007658511311165552,0.0011517869785502468,0.8215347624325807,0.7096936745061452
b54u_leading_window_r5,one_sided_window,29,degree-matched directed random graph,12,48,-0.009197944346585156,0.0007998706383156828,0.8094175749059561,0.6957095634572599
b54u_leading_window_r5,one_sided_window,30,degree-matched directed random graph,12,48,-0.008030465386557587,0.0012649959037812338,0.8022368302828989,0.6830042372769904
b54u_leading_window_r5,one_sided_window,31,degree-matched directed random graph,12,48,-0.00749763386676007,0.0010507917025857974,0.8073766392867993,0.6899896329641723
b54u_leading_window_r5,one_sided_window,32,degree-matched directed random graph,12,48,-0.011106453697249241,0.0006354802323254564,0.8142697899695337,0.6963204548602966
b54u_leading_window_r5,one_sided_window,33,degree-matched directed random graph,12,48,-0.008559231461988637,0.001478456461082951,0.8116725601303579,0.6922335288825877
b54u_leading_window_r5,one_sided_window,34,degree-matched directed random graph,12,48,-0.006273203493190394,0.0018064096272403477,0.8057112180869157,0.6896589716632301
b54u_leading_window_r5,one_sided_window,35,degree-matched directed random graph,12,48,-0.008256329060665061,0.0008885409651122503,0.8058389141464617,0.6887945047125248
b54u_leading_window_r5,one_sided_window,36,degree-matched directed random graph,12,48,-0.0071534373702448854,0.0013948226820968345,0.8090799824827847,0.6914964307130586
b54u_leading_window_r5,one_sided_window,37,degree-matched directed random graph,12,48,-0.006326798297362834,0.0012227184649879694,0.8194395331398288,0.7077692369899804
b54u_leading_window_r5,one_sided_window,38,degree-matched directed random graph,12,48,-0.008027916484454887,0.0019070713251462864,0.8202984593859356,0.7097053834602286
b54u_leading_window_r5,one_sided_window,39,degree-matched directed random graph,12,48,-0.007688349828579341,0.0011851017738058378,0.8159656020325885,0.7098659947067668
b54u_leading_window_r5,one_sided_window,40,degree-matched directed random graph,12,48,-0.008360496507191216,0.002029295013410211,0.8126810805738257,0.7026695311717724
b54u_leading_window_r5,one_sided_window,41,degree-matched directed random graph,12,48,-0.0071423157295393835,0.0006938274048388716,0.8110923714594364,0.6999291954244882
b54u_leading_window_r5,one_sided_window,42,degree-matched directed random graph,12,48,-0.008621260767176833,0.001991561886585543,0.810351942160732,0.6968065978399819
b54u_leading_window_r5,one_sided_window,43,degree-matched directed random graph,12,48,-0.006808939030522751,0.0013201870263546433,0.8047550423227926,0.6838794975486024
b54u_leading_window_r5,one_sided_window,44,degree-matched directed random graph,12,48,-0.007594381295822493,0.001133528631313898,0.8218641426181447,0.7117112338295729
b54u_leading_window_r5,one_sided_window,45,degree-matched directed random graph,12,48,-0.005923461451442075,0.0006142232495763481,0.8171972513909953,0.7038367013736626
b54u_leading_window_r5,one_sided_window,46,degree-matched directed random graph,12,48,-0.00680065010143355,0.0012719015377418564,0.8175973492299965,0.70586368941167
b54u_leading_window_r5,one_sided_window,47,degree-matched directed random graph,12,48,-0.009177849583995722,0.0011363697984482532,0.8041680922057051,0.6831610768527177
b54u_leading_window_r5,one_sided_window,48,degree-matched directed random graph,12,48,-0.009287457246756566,0.0016255044834213286,0.8191057527884995,0.7051133501125193
b54u_leading_window_r5,one_sided_window,49,degree-matched directed random graph,12,48,-0.0061459375673508475,0.0018405959704817622,0.8228018555838638,0.7137126026552941
b54u_leading_window_r5,one_sided_window,50,degree-matched directed random graph,12,48,-0.009159500491467031,0.0010593127326611988,0.8122210064036793,0.693649409424681
b54u_leading_window_r5,one_sided_window,51,degree-matched directed random graph,12,48,-0.008808201037824885,0.0008839193642906817,0.80761355501902,0.6937432251997976
b54u_leading_window_r5,one_sided_window,52,degree-matched directed random graph,12,48,-0.008497301827600742,0.0007758070557940912,0.8152286080251258,0.6997292971625586
b54u_leading_window_r5,one_sided_window,53,degree-matched directed random graph,12,48,-0.0062579355672972995,0.0008366079571233573,0.8073143595292384,0.6943814288302715
b54u_leading_window_r5,one_sided_window,54,degree-matched directed random graph,12,48,-0.009001346436330685,0.0012457258150567888,0.8159660791421954,0.7006976954849793
b54u_leading_window_r5,one_sided_window,55,degree-matched directed random graph,12,48,-0.007056713470982994,0.0005860909271086323,0.8152423999173691,0.7055252260375712
b54u_leading_window_r5,one_sided_window,56,degree-matched directed random graph,12,48,-0.0070305512344197236,0.0006430788141123108,0.8147921330397807,0.6999139007803882
b54u_leading_window_r5,one_sided_window,57,degree-matched directed random graph,12,48,-0.00870093260124573,0.0011672693256163384,0.8081712363835555,0.6937027976710989
b54u_leading_window_r5,one_sided_window,58,degree-matched directed random graph,12,48,-0.008314145163175649,0.0009673558453452859,0.8173115505820309,0.703408136236834
b54u_leading_window_r5,one_sided_window,59,degree-matched directed random graph,12,48,-0.006727694677074282,0.0012670539359333972,0.8177797549087059,0.7090132818551366
b54u_symmetric_window_r1,symmetric_window,0,degree-matched directed random graph,12,48,0.008980952465632587,0.0009357886028362614,0.8015655335878299,0.6660111079639727
b54u_symmetric_window_r1,symmetric_window,1,degree-matched directed random graph,12,48,0.010105558086489885,0.001614314797405481,0.8148630184915993,0.688007009608298
b54u_symmetric_window_r1,symmetric_window,2,degree-matched directed random graph,12,48,0.010078664682500646,0.0019031007870358668,0.81284497747113,0.6831473695420559
b54u_symmetric_window_r1,symmetric_window,3,degree-matched directed random graph,12,48,0.008297603856549504,0.0012051891816632265,0.801735160724684,0.6629967362566515
b54u_symmetric_window_r1,symmetric_window,4,degree-matched directed random graph,12,48,0.007799337089803409,0.0009959959415413945,0.8003082542276304,0.667567435258142
b54u_symmetric_window_r1,symmetric_window,5,degree-matched directed random graph,12,48,0.010484163085264385,0.0020353946626965828,0.8080634283251668,0.6803285068707599
b54u_symmetric_window_r1,symmetric_window,6,degree-matched directed random graph,12,48,0.008998172335330403,0.0008647501599443423,0.8088910698760863,0.6809545935121118
b54u_symmetric_window_r1,symmetric_window,7,degree-matched directed random graph,12,48,0.009182962919392334,0.0012260344263508385,0.8126057270482941,0.6876242231818245
b54u_symmetric_window_r1,symmetric_window,8,degree-matched directed random graph,12,48,0.010055497347243784,0.0008576820090511444,0.8202595782727563,0.6957958915737743
b54u_symmetric_window_r1,symmetric_window,9,degree-matched directed random graph,12,48,0.007822655675254973,0.00182104728277922,0.792884667819257,0.660778654217245
b54u_symmetric_window_r1,symmetric_window,10,degree-matched directed random graph,12,48,0.007348397785360287,0.0009906905035703994,0.7925271827366638,0.6591778079339096
b54u_symmetric_window_r1,symmetric_window,11,degree-matched directed random graph,12,48,0.008194088411020114,0.0009717005232615097,0.7929670579723158,0.6597955023570344
b54u_symmetric_window_r1,symmetric_window,12,degree-matched directed random graph,12,48,0.008128115173967576,0.001967726629579778,0.8041950439876833,0.680314440732385
b54u_symmetric_window_r1,symmetric_window,13,degree-matched directed random graph,12,48,0.00877672050691085,0.0006257170410296907,0.8040369973830437,0.6730614508104242
b54u_symmetric_window_r1,symmetric_window,14,degree-matched directed random graph,12,48,0.006460545567173431,0.0019592686038891667,0.7940485839698184,0.657455749671795
b54u_symmetric_window_r1,symmetric_window,15,degree-matched directed random graph,12,48,0.009245321903365782,0.001856576040577433,0.8151248043695992,0.6863545819062452
b54u_symmetric_window_r1,symmetric_window,16,degree-matched directed random graph,12,48,0.00759039034266723,0.0019129288735085853,0.7975280450152648,0.669337305823511
b54u_symmetric_window_r1,symmetric_window,17,degree-matched directed random graph,12,48,0.009252357301933382,0.0016783294350894097,0.8162632253055516,0.6900111336800526
b54u_symmetric_window_r1,symmetric_window,18,degree-matched directed random graph,12,48,0.011384614417994073,0.0012631872606427602,0.8160629982020445,0.6903611319143499
b54u_symmetric_window_r1,symmetric_window,19,degree-matched directed random graph,12,48,0.008055246365427968,0.0006705735959125904,0.7980410923703496,0.6581786839257587
b54u_symmetric_window_r1,symmetric_window,20,degree-matched directed random graph,12,48,0.010426114361722643,0.0018390869270297858,0.8207658707961917,0.6981733917220074
b54u_symmetric_window_r1,symmetric_window,21,degree-matched directed random graph,12,48,0.009292698604630634,0.0016850055990600408,0.800750324318459,0.6657742517282206
b54u_symmetric_window_r1,symmetric_window,22,degree-matched directed random graph,12,48,0.01133161168588763,0.0019264915318727305,0.8186451085182371,0.6905788574124351
b54u_symmetric_window_r1,symmetric_window,23,degree-matched directed random graph,12,48,0.00955302202809548,0.001959631945068366,0.8142596899729934,0.6908526873715818
b54u_symmetric_window_r1,symmetric_window,24,degree-matched directed random graph,12,48,0.007942718503661414,0.0011950282589145683,0.806539201976423,0.6714628780142027
b54u_symmetric_window_r1,symmetric_window,25,degree-matched directed random graph,12,48,0.007496333109417784,0.0015571157494498474,0.8108984361827286,0.6864085847444054
b54u_symmetric_window_r1,symmetric_window,26,degree-matched directed random graph,12,48,0.010368402791572433,0.0013055418430037383,0.8174442394688172,0.6892300174990967
b54u_symmetric_window_r1,symmetric_window,27,degree-matched directed random graph,12,48,0.011812100002916541,0.001027808047051294,0.806555489441049,0.6714024298310061
b54u_symmetric_window_r1,symmetric_window,28,degree-matched directed random graph,12,48,0.010352076004091522,0.001007818153973413,0.8123675641517366,0.6923511398881214
b54u_symmetric_window_r1,symmetric_window,29,degree-matched directed random graph,12,48,0.007577132080256201,0.0017218476386596361,0.8089024889460953,0.6860642096597752
b54u_symmetric_window_r1,symmetric_window,30,degree-matched directed random graph,12,48,0.007696574906896178,0.0010270263696378833,0.8076741226650674,0.6781925445924979
b54u_symmetric_window_r1,symmetric_window,31,degree-matched directed random graph,12,48,0.008203854485967174,0.002389655160383581,0.8109692796820028,0.681442265963085
b54u_symmetric_window_r1,symmetric_window,32,degree-matched directed random graph,12,48,0.010075362304824871,0.00121289061187595,0.8142767013644292,0.6860129886653036
b54u_symmetric_window_r1,symmetric_window,33,degree-matched directed random graph,12,48,0.008656461287130272,0.0016560306705830881,0.8092933017333431,0.6902642890994916
b54u_symmetric_window_r1,symmetric_window,34,degree-matched directed random graph,12,48,0.008530013879619087,0.0027503623241487978,0.8092630596955748,0.6800269158777111
b54u_symmetric_window_r1,symmetric_window,35,degree-matched directed random graph,12,48,0.010205531817151905,0.0013649649760661012,0.8108141768305815,0.6928666267624527
b54u_symmetric_window_r1,symmetric_window,36,degree-matched directed random graph,12,48,0.008168857687079098,0.0023060009989654445,0.8137109557283658,0.6793080642970789
b54u_symmetric_window_r1,symmetric_window,37,degree-matched directed random graph,12,48,0.00935203120030738,0.0012655649601248191,0.8160281966518604,0.6898965034801169
b54u_symmetric_window_r1,symmetric_window,38,degree-matched directed random graph,12,48,0.006957169538675106,0.0009122935411422853,0.8034654086917797,0.6729976456421943
b54u_symmetric_window_r1,symmetric_window,39,degree-matched directed random graph,12,48,0.008432933301411696,0.0023425679430493125,0.8143076491516208,0.6918190745561924
b54u_symmetric_window_r1,symmetric_window,40,degree-matched directed random graph,12,48,0.010331494848532139,0.001269998626299691,0.8063856229837163,0.6814174358911348
b54u_symmetric_window_r1,symmetric_window,41,degree-matched directed random graph,12,48,0.010975095667894194,0.001052429116365411,0.8031989550912595,0.6675127800619344
b54u_symmetric_window_r1,symmetric_window,42,degree-matched directed random graph,12,48,0.007295027272598463,0.001460100661931551,0.80438078674534,0.6692873544070016
b54u_symmetric_window_r1,symmetric_window,43,degree-matched directed random graph,12,48,0.008342236290863583,0.0006841466641468041,0.8061986932536881,0.6820443021422521
b54u_symmetric_window_r1,symmetric_window,44,degree-matched directed random graph,12,48,0.010391340288722602,0.0012011561546255674,0.820816964438726,0.6995294405541658
b54u_symmetric_window_r1,symmetric_window,45,degree-matched directed random graph,12,48,0.008383708817755521,0.0006947385992203014,0.8074320466931714,0.6789854417749507
b54u_symmetric_window_r1,symmetric_window,46,degree-matched directed random graph,12,48,0.00780788742248158,0.0013051637758698434,0.7990216989270369,0.6713044438542343
b54u_symmetric_window_r1,symmetric_window,47,degree-matched directed random graph,12,48,0.007165411444070297,0.0017889306607839772,0.8009983302588627,0.6662360471398625
b54u_symmetric_window_r1,symmetric_window,48,degree-matched directed random graph,12,48,0.007316456279844581,0.002324849478880675,0.8044502186899383,0.6679833247797472
b54u_symmetric_window_r1,symmetric_window,49,degree-matched directed random graph,12,48,0.008559388585787595,0.0012235531980157703,0.8083410624405203,0.6789386840626469
b54u_symmetric_window_r1,symmetric_window,50,degree-matched directed random graph,12,48,0.00943324628707263,0.0006964202296047749,0.8099573125930336,0.68030236196754
b54u_symmetric_window_r1,symmetric_window,51,degree-matched directed random graph,12,48,0.007654721678854455,0.0008427921700684357,0.8062504673357619,0.6805508091365419
b54u_symmetric_window_r1,symmetric_window,52,degree-matched directed random graph,12,48,0.008665129912652905,0.0013978584485010198,0.8141152066040503,0.6941241043090408
b54u_symmetric_window_r1,symmetric_window,53,degree-matched directed random graph,12,48,0.008630438003499394,0.0024320397377390283,0.8109042543017386,0.6803125664360651
b54u_symmetric_window_r1,symmetric_window,54,degree-matched directed random graph,12,48,0.009791752916806127,0.0017522401016528317,0.813216336504948,0.6858416016728822
b54u_symmetric_window_r1,symmetric_window,55,degree-matched directed random graph,12,48,0.009321434019656738,0.0011559141121180731,0.8095635450250896,0.6854637309018047
b54u_symmetric_window_r1,symmetric_window,56,degree-matched directed random graph,12,48,0.008361480473070943,0.0011176187720063578,0.8054397227599956,0.6720693272461101
b54u_symmetric_window_r1,symmetric_window,57,degree-matched directed random graph,12,48,0.009846355517436319,0.0007509296578740642,0.8176672302907068,0.6997740244873191
b54u_symmetric_window_r1,symmetric_window,58,degree-matched directed random graph,12,48,0.010451377716551288,0.0025697674426421106,0.8167018672138276,0.7013414143164772
b54u_symmetric_window_r1,symmetric_window,59,degree-matched directed random graph,12,48,0.009020069818984927,0.0012809356938756425,0.8076810882730698,0.679739722095444
b54u_symmetric_window_r2,symmetric_window,0,degree-matched directed random graph,12,48,0.0015170473972294484,0.0015675030758747319,0.8155225526208278,0.7051983579205235
b54u_symmetric_window_r2,symmetric_window,1,degree-matched directed random graph,12,48,0.0022701303040940294,0.002384964388983123,0.8235667515241376,0.7095550969207954
b54u_symmetric_window_r2,symmetric_window,2,degree-matched directed random graph,12,48,0.0012941240524342497,0.0012008040422973527,0.8198616882853562,0.7020228239524866
b54u_symmetric_window_r2,symmetric_window,3,degree-matched directed random graph,12,48,0.0016190207735287097,0.0015625219765926348,0.8210111406540027,0.7056132473088482
b54u_symmetric_window_r2,symmetric_window,4,degree-matched directed random graph,12,48,0.001352484326655715,0.001527203932183197,0.8154838431838193,0.7033970238165385
b54u_symmetric_window_r2,symmetric_window,5,degree-matched directed random graph,12,48,-2.9749140063000233e-05,0.0013936092964566557,0.8169351685303728,0.6975359931538082
b54u_symmetric_window_r2,symmetric_window,6,degree-matched directed random graph,12,48,0.0022651857883669363,0.0015375044089321246,0.8185669982482571,0.7054565433668061
b54u_symmetric_window_r2,symmetric_window,7,degree-matched directed random graph,12,48,0.0006605256862276112,0.0011733277485689436,0.8228174446046363,0.7073771184367369
b54u_symmetric_window_r2,symmetric_window,8,degree-matched directed random graph,12,48,0.002545138167956507,0.0013124229786318812,0.8173468413506209,0.6965383503909548
b54u_symmetric_window_r2,symmetric_window,9,degree-matched directed random graph,12,48,0.002751308933752101,0.0013686367370953885,0.8145060212316096,0.7016453187384908
b54u_symmetric_window_r2,symmetric_window,10,degree-matched directed random graph,12,48,0.0010806022134842478,0.0012227186099943927,0.8183030807344545,0.7007215656928077
b54u_symmetric_window_r2,symmetric_window,11,degree-matched directed random graph,12,48,0.0009143823189304408,0.0011505649820970788,0.8220653476533184,0.7071446832875309
b54u_symmetric_window_r2,symmetric_window,12,degree-matched directed random graph,12,48,0.0021877734933104364,0.0009693264619401254,0.8087685517562763,0.6944442206570501
b54u_symmetric_window_r2,symmetric_window,13,degree-matched directed random graph,12,48,0.0021762264188510865,0.0012284514140874583,0.8238897079347588,0.7112401274427386
b54u_symmetric_window_r2,symmetric_window,14,degree-matched directed random graph,12,48,0.0014740043237820562,0.001359483772678083,0.8139694872061444,0.7022081107065649
b54u_symmetric_window_r2,symmetric_window,15,degree-matched directed random graph,12,48,0.002693210393786879,0.00134324633415757,0.824273735996493,0.7107365585955018
b54u_symmetric_window_r2,symmetric_window,16,degree-matched directed random graph,12,48,0.002045734748546251,0.0014045309081978346,0.803834571080955,0.6817446004521086
b54u_symmetric_window_r2,symmetric_window,17,degree-matched directed random graph,12,48,0.0007766967538502528,0.001345300309567802,0.8142383347097922,0.7043053976048501
b54u_symmetric_window_r2,symmetric_window,18,degree-matched directed random graph,12,48,4.9683409659441445e-05,0.0017594652313858903,0.8131016939691218,0.6991865225236489
b54u_symmetric_window_r2,symmetric_window,19,degree-matched directed random graph,12,48,0.0008400746404412948,0.0009484518896572456,0.8099449352894509,0.6915113856034593
b54u_symmetric_window_r2,symmetric_window,20,degree-matched directed random graph,12,48,-1.9131553745283202e-05,0.001230580744847531,0.8195195776579259,0.7013576313574762
b54u_symmetric_window_r2,symmetric_window,21,degree-matched directed random graph,12,48,0.0024268329729480475,0.0014737954940913173,0.8120725565268002,0.6988539443890032
b54u_symmetric_window_r2,symmetric_window,22,degree-matched directed random graph,12,48,0.002991389835722043,0.001985583235906818,0.8223787388727498,0.7094085485278416
b54u_symmetric_window_r2,symmetric_window,23,degree-matched directed random graph,12,48,0.00032867307464970615,0.0014918666482513982,0.8107688553023226,0.6947309780582976
b54u_symmetric_window_r2,symmetric_window,24,degree-matched directed random graph,12,48,0.0011397473503751184,0.0011238917304427826,0.8202492880614872,0.7036478764490474
b54u_symmetric_window_r2,symmetric_window,25,degree-matched directed random graph,12,48,0.0005109543566624049,0.0008077963475098555,0.8082923354761897,0.6893052485811496
b54u_symmetric_window_r2,symmetric_window,26,degree-matched directed random graph,12,48,0.0007456244307625103,0.0022136433278955457,0.8133260026139267,0.6984901516696644
b54u_symmetric_window_r2,symmetric_window,27,degree-matched directed random graph,12,48,0.0018755301361151465,0.002176696063740216,0.8275240515038623,0.7158484004918098
b54u_symmetric_window_r2,symmetric_window,28,degree-matched directed random graph,12,48,0.003576876299695287,0.0021934132991012667,0.8206466803937474,0.7138603315482267
b54u_symmetric_window_r2,symmetric_window,29,degree-matched directed random graph,12,48,0.003079194947447132,0.0013120415636876644,0.8118541181575406,0.6960611522484528
b54u_symmetric_window_r2,symmetric_window,30,degree-matched directed random graph,12,48,0.002005194947350416,0.0018895396283957696,0.8204020705421571,0.7047020515630097
b54u_symmetric_window_r2,symmetric_window,31,degree-matched directed random graph,12,48,0.0011398259574045427,0.0013316087994889034,0.8178048826252291,0.698121759741658
b54u_symmetric_window_r2,symmetric_window,32,degree-matched directed random graph,12,48,0.002135789093185156,0.002555647918764139,0.8163432400896619,0.7047073399531433
b54u_symmetric_window_r2,symmetric_window,33,degree-matched directed random graph,12,48,0.0012880957222307183,0.001001708042544079,0.808591325018304,0.6915915656331072
b54u_symmetric_window_r2,symmetric_window,34,degree-matched directed random graph,12,48,0.001782876969837045,0.002008237567470067,0.8103152513640882,0.6913310648067513
b54u_symmetric_window_r2,symmetric_window,35,degree-matched directed random graph,12,48,0.0009351598364833874,0.00213378713528315,0.8141507771573798,0.6955749721387198
b54u_symmetric_window_r2,symmetric_window,36,degree-matched directed random graph,12,48,0.001216019180099684,0.0009857113492558883,0.8152713770478505,0.7031247663164222
b54u_symmetric_window_r2,symmetric_window,37,degree-matched directed random graph,12,48,0.0008520603670065549,0.0007056042575766133,0.8135629352213626,0.7006598283704625
b54u_symmetric_window_r2,symmetric_window,38,degree-matched directed random graph,12,48,0.0005724414062109794,0.0008555883525101422,0.8192457092995786,0.7142657476372172
b54u_symmetric_window_r2,symmetric_window,39,degree-matched directed random graph,12,48,0.0015756766981871431,0.0015428414866836275,0.816233285865189,0.6965309763149992
b54u_symmetric_window_r2,symmetric_window,40,degree-matched directed random graph,12,48,0.004220449844350209,0.0011604939475840827,0.8243166744603235,0.7106701415322147
b54u_symmetric_window_r2,symmetric_window,41,degree-matched directed random graph,12,48,0.000665605197016082,0.0015720074917942065,0.8143225828168349,0.700411467815076
b54u_symmetric_window_r2,symmetric_window,42,degree-matched directed random graph,12,48,-2.9239033913217174e-05,0.0007022295797740677,0.8228590427288224,0.7088749654602166
b54u_symmetric_window_r2,symmetric_window,43,degree-matched directed random graph,12,48,0.0014240106566112238,0.0014008653863061403,0.8123383613844505,0.6965497556839958
b54u_symmetric_window_r2,symmetric_window,44,degree-matched directed random graph,12,48,0.0016546351850605632,0.0021637474780580868,0.8136915950037519,0.7019975187112903
b54u_symmetric_window_r2,symmetric_window,45,degree-matched directed random graph,12,48,0.00026348998594345556,0.0023630482845754404,0.8179786679151181,0.7062854045199658
b54u_symmetric_window_r2,symmetric_window,46,degree-matched directed random graph,12,48,0.0021655385038909553,0.0016676054835844916,0.8181838435264495,0.7068527323615647
b54u_symmetric_window_r2,symmetric_window,47,degree-matched directed random graph,12,48,0.0020014492738654886,0.002040581200400779,0.8125454214436161,0.6983501749055266
b54u_symmetric_window_r2,symmetric_window,48,degree-matched directed random graph,12,48,0.0014488828710215397,0.0019339444566683268,0.8189652113167663,0.7087137534344256
b54u_symmetric_window_r2,symmetric_window,49,degree-matched directed random graph,12,48,-0.00015784705267128812,0.002585355207626068,0.8307297045762781,0.7229751131621062
b54u_symmetric_window_r2,symmetric_window,50,degree-matched directed random graph,12,48,0.002315193120143525,0.0015642953519730471,0.8174050828117236,0.6995615234766692
b54u_symmetric_window_r2,symmetric_window,51,degree-matched directed random graph,12,48,0.0006482718614241235,0.0014421142438654695,0.8172495090422104,0.6991931169502813
b54u_symmetric_window_r2,symmetric_window,52,degree-matched directed random graph,12,48,0.0026045115858799976,0.0015782841420324606,0.8198521736555483,0.7028611697618842
b54u_symmetric_window_r2,symmetric_window,53,degree-matched directed random graph,12,48,0.0013605545403257448,0.0018390333653934873,0.8223862227966404,0.71125520634381
b54u_symmetric_window_r2,symmetric_window,54,degree-matched directed random graph,12,48,0.0022208821346696287,0.0027419087229044485,0.8204746798320511,0.7027404640516228
b54u_symmetric_window_r2,symmetric_window,55,degree-matched directed random graph,12,48,0.0028073748022624354,0.0008686121586894049,0.8212482254335178,0.7035295648739209
b54u_symmetric_window_r2,symmetric_window,56,degree-matched directed random graph,12,48,0.003056482823995142,0.0011583504113800152,0.8132231405007314,0.6997527793615387
b54u_symmetric_window_r2,symmetric_window,57,degree-matched directed random graph,12,48,0.0009144307554202419,0.0013310154706007915,0.8182247092651559,0.6995433462601017
b54u_symmetric_window_r2,symmetric_window,58,degree-matched directed random graph,12,48,0.0016133031010468486,0.001451498541807829,0.817964532579079,0.6981775983763661
b54u_symmetric_window_r2,symmetric_window,59,degree-matched directed random graph,12,48,0.0016566523092733263,0.001990681823137072,0.817132182843847,0.6982275045974445
b54u_symmetric_window_r3,symmetric_window,0,degree-matched directed random graph,12,48,-0.0024809805177347967,0.0006783377960181601,0.8265490003622981,0.7097443293842289
b54u_symmetric_window_r3,symmetric_window,1,degree-matched directed random graph,12,48,-0.0009252709691022444,0.0015838635858009802,0.8206573590055252,0.7012068293284491
b54u_symmetric_window_r3,symmetric_window,2,degree-matched directed random graph,12,48,-0.001901578922545306,0.0015338132253003272,0.8250995819849322,0.7072733973927071
b54u_symmetric_window_r3,symmetric_window,3,degree-matched directed random graph,12,48,0.00264261463815405,0.0008932582116335166,0.8295225259650384,0.7157645350604868
b54u_symmetric_window_r3,symmetric_window,4,degree-matched directed random graph,12,48,-0.0008322223883496248,0.001097476317013384,0.8239463928667718,0.7049067201974136
b54u_symmetric_window_r3,symmetric_window,5,degree-matched directed random graph,12,48,-0.0008281272956068454,0.0009105754263458005,0.8241821356448639,0.7048810805552272
b54u_symmetric_window_r3,symmetric_window,6,degree-matched directed random graph,12,48,-0.0009156438651205578,0.0019782573009567784,0.8225747095413438,0.7094630971326628
b54u_symmetric_window_r3,symmetric_window,7,degree-matched directed random graph,12,48,-0.001362610924912078,0.00122961443838785,0.8213193690578183,0.7082079765329024
b54u_symmetric_window_r3,symmetric_window,8,degree-matched directed random graph,12,48,-0.001568967962815006,0.000942777131102669,0.8077948647468203,0.6884854326180293
b54u_symmetric_window_r3,symmetric_window,9,degree-matched directed random graph,12,48,-0.0002220999214914885,0.0005917723151663952,0.8278454084531504,0.712950568705396
b54u_symmetric_window_r3,symmetric_window,10,degree-matched directed random graph,12,48,-0.0007774704981939819,0.0011900290801294807,0.8240394807415091,0.7042884106769232
b54u_symmetric_window_r3,symmetric_window,11,degree-matched directed random graph,12,48,-2.8341694148763296e-05,0.0011941403646678025,0.8217143833898105,0.7104592489016769
b54u_symmetric_window_r3,symmetric_window,12,degree-matched directed random graph,12,48,-0.0002145863445666057,0.00121155762924184,0.825475582008741,0.7064138466931817
b54u_symmetric_window_r3,symmetric_window,13,degree-matched directed random graph,12,48,-0.00014151381577710823,0.0013375349771671608,0.822016392786381,0.7005790258802466
b54u_symmetric_window_r3,symmetric_window,14,degree-matched directed random graph,12,48,-0.0010546554179785212,0.0014948016695639065,0.8238359443375871,0.7048065079088396
b54u_symmetric_window_r3,symmetric_window,15,degree-matched directed random graph,12,48,-0.0006566484835498518,0.0010822854219004802,0.819240665401523,0.7038995972473675
b54u_symmetric_window_r3,symmetric_window,16,degree-matched directed random graph,12,48,0.0005589635675656841,0.0008522151568427565,0.8252826624903525,0.7101440850012709
b54u_symmetric_window_r3,symmetric_window,17,degree-matched directed random graph,12,48,-0.0013720421885554583,0.0016586844246913044,0.8184932998354214,0.7052478556056908
b54u_symmetric_window_r3,symmetric_window,18,degree-matched directed random graph,12,48,-0.0021409946185444563,0.001140356275090666,0.8206598863040702,0.6991790559082659
b54u_symmetric_window_r3,symmetric_window,19,degree-matched directed random graph,12,48,-0.0025506029548492417,0.0008157850732528672,0.8155579102436032,0.7005426531849781
b54u_symmetric_window_r3,symmetric_window,20,degree-matched directed random graph,12,48,-0.00021910959686322496,0.0009786067639651664,0.8292843133948685,0.7156885206498805
b54u_symmetric_window_r3,symmetric_window,21,degree-matched directed random graph,12,48,-0.0002841784004199106,0.0005685415936996209,0.8254202373308619,0.709546489061692
b54u_symmetric_window_r3,symmetric_window,22,degree-matched directed random graph,12,48,-0.0013639352799922067,0.0005683092330801525,0.8260132347425605,0.708026104940307
b54u_symmetric_window_r3,symmetric_window,23,degree-matched directed random graph,12,48,-0.002528880193796161,0.0012298087428825868,0.8126118092242306,0.6941524387978067
b54u_symmetric_window_r3,symmetric_window,24,degree-matched directed random graph,12,48,-0.0002135586195081588,0.0018277082934649858,0.8198329530778437,0.706319424056709
b54u_symmetric_window_r3,symmetric_window,25,degree-matched directed random graph,12,48,-0.001398044305425789,0.0017551958896214253,0.8146737387140494,0.7005012442368677
b54u_symmetric_window_r3,symmetric_window,26,degree-matched directed random graph,12,48,-0.0005934976015550675,0.0020182365176606397,0.8297787845876493,0.7157654182594394
b54u_symmetric_window_r3,symmetric_window,27,degree-matched directed random graph,12,48,-0.0007720366866460691,0.0009368655961195567,0.8198082471520277,0.7100804243334119
b54u_symmetric_window_r3,symmetric_window,28,degree-matched directed random graph,12,48,-0.0026164793266648992,0.0011112989059781065,0.8195372637245636,0.6964161654063133
b54u_symmetric_window_r3,symmetric_window,29,degree-matched directed random graph,12,48,-0.0006262080204030017,0.0012329265628481662,0.8167757296776051,0.6993414532588375
b54u_symmetric_window_r3,symmetric_window,30,degree-matched directed random graph,12,48,-0.0006842423175601807,0.0005080161396020737,0.8198570518945077,0.6966658254465422
b54u_symmetric_window_r3,symmetric_window,31,degree-matched directed random graph,12,48,-0.0016123765789830824,0.0007095274383105572,0.8132307924001655,0.6985120391765527
b54u_symmetric_window_r3,symmetric_window,32,degree-matched directed random graph,12,48,-0.0016653295527018159,0.0009773031766801814,0.8203903975462786,0.706724388889294
b54u_symmetric_window_r3,symmetric_window,33,degree-matched directed random graph,12,48,-0.000618850082182126,0.0008499110948812555,0.8130529148357345,0.6880957690223463
b54u_symmetric_window_r3,symmetric_window,34,degree-matched directed random graph,12,48,0.000550255586093094,0.0013109883344703988,0.8181944194378783,0.7088951692446527
b54u_symmetric_window_r3,symmetric_window,35,degree-matched directed random graph,12,48,-0.0014415061153816794,0.0010119863645466287,0.8292087334977546,0.7153411859750524
b54u_symmetric_window_r3,symmetric_window,36,degree-matched directed random graph,12,48,-0.001887333012718333,0.0009210394653625158,0.8282527852680363,0.7130425447273693
b54u_symmetric_window_r3,symmetric_window,37,degree-matched directed random graph,12,48,-0.001202493474825907,0.0013026697234935485,0.8258970851485391,0.7074217163387901
b54u_symmetric_window_r3,symmetric_window,38,degree-matched directed random graph,12,48,-0.0008007367750805937,0.0005557380200330654,0.8165196131799389,0.7007882070817079
b54u_symmetric_window_r3,symmetric_window,39,degree-matched directed random graph,12,48,-0.0008372158458343498,0.001003362454014612,0.8269745492260677,0.710359372580173
b54u_symmetric_window_r3,symmetric_window,40,degree-matched directed random graph,12,48,-0.0005036672251045082,0.0010795808192477186,0.8292753581604929,0.7150278004176095
b54u_symmetric_window_r3,symmetric_window,41,degree-matched directed random graph,12,48,-0.002122542982731655,0.0010901720582198605,0.8170723781464589,0.6993969199305631
b54u_symmetric_window_r3,symmetric_window,42,degree-matched directed random graph,12,48,6.339841454256494e-05,0.0012217563605400334,0.8161334918420552,0.7003808152835552
b54u_symmetric_window_r3,symmetric_window,43,degree-matched directed random graph,12,48,-0.00013239119613239918,0.001228174336951705,0.8132403687245008,0.6989411235804567
b54u_symmetric_window_r3,symmetric_window,44,degree-matched directed random graph,12,48,-0.0019723785854836046,0.0010270192809033797,0.8266216806744561,0.7097425728632641
b54u_symmetric_window_r3,symmetric_window,45,degree-matched directed random graph,12,48,-0.0015021276543424947,0.0015676030300512758,0.8166829727404981,0.7025218261597349
b54u_symmetric_window_r3,symmetric_window,46,degree-matched directed random graph,12,48,0.00019485432601556142,0.001131141119534354,0.8179420253541482,0.7035298835306828
b54u_symmetric_window_r3,symmetric_window,47,degree-matched directed random graph,12,48,-0.0005797787505154709,0.0011311597320127545,0.8290337621411429,0.7146307018970467
b54u_symmetric_window_r3,symmetric_window,48,degree-matched directed random graph,12,48,-0.00047273925762312055,0.0007707475807272754,0.826001817209333,0.7090893494509202
b54u_symmetric_window_r3,symmetric_window,49,degree-matched directed random graph,12,48,0.00018113792836475578,0.0006877447791707803,0.8114646622363301,0.6899336119837228
b54u_symmetric_window_r3,symmetric_window,50,degree-matched directed random graph,12,48,-0.0007610048149573954,0.0010052706287064853,0.8168798382658343,0.6987693675620216
b54u_symmetric_window_r3,symmetric_window,51,degree-matched directed random graph,12,48,-0.0005448494058312372,0.0017799734327736938,0.8275625806256968,0.7113209883546391
b54u_symmetric_window_r3,symmetric_window,52,degree-matched directed random graph,12,48,-0.0001214600674159008,0.00140286346002586,0.8233065334010634,0.7038901290168514
b54u_symmetric_window_r3,symmetric_window,53,degree-matched directed random graph,12,48,-0.0007150799518565307,0.00100463486995925,0.8227498583465138,0.7069906034699045
b54u_symmetric_window_r3,symmetric_window,54,degree-matched directed random graph,12,48,-0.0012643117889489834,0.00031814627641019497,0.8220477420781087,0.709907172259014
b54u_symmetric_window_r3,symmetric_window,55,degree-matched directed random graph,12,48,-0.0004699932856503997,0.0003341032049549847,0.8203932658753019,0.7090267737477345
b54u_symmetric_window_r3,symmetric_window,56,degree-matched directed random graph,12,48,-0.0013770928530550347,0.00106410905852327,0.8212264602313709,0.6998465357327954
b54u_symmetric_window_r3,symmetric_window,57,degree-matched directed random graph,12,48,0.0006279126583508947,0.0015530644388428512,0.8317226019740643,0.7195577009567886
b54u_symmetric_window_r3,symmetric_window,58,degree-matched directed random graph,12,48,-0.00019966078953767195,0.0010723013615637784,0.8209143325088638,0.7020289034477019
b54u_symmetric_window_r3,symmetric_window,59,degree-matched directed random graph,12,48,3.646594044982008e-05,0.000687305227641813,0.81839406773729,0.7068209073349458
b54u_symmetric_window_r5,symmetric_window,0,degree-matched directed random graph,12,48,-0.003108667333797187,0.001180901215664654,0.8235816090025202,0.7138783124219298
b54u_symmetric_window_r5,symmetric_window,1,degree-matched directed random graph,12,48,-0.0010354052667313352,0.0016721857158158446,0.822764936902038,0.7118950771376076
b54u_symmetric_window_r5,symmetric_window,2,degree-matched directed random graph,12,48,-0.001665052394176198,0.0012823473393372036,0.8243670711868395,0.7144447172263727
b54u_symmetric_window_r5,symmetric_window,3,degree-matched directed random graph,12,48,-0.0015660909588574507,0.0012722047532742289,0.826470948621361,0.7170698737207745
b54u_symmetric_window_r5,symmetric_window,4,degree-matched directed random graph,12,48,-0.002142138793619271,0.0012610593885047914,0.8152755989408099,0.7019290014740065
b54u_symmetric_window_r5,symmetric_window,5,degree-matched directed random graph,12,48,-0.000684674053922174,0.0009597337465306637,0.8219579621896083,0.7088546039087085
b54u_symmetric_window_r5,symmetric_window,6,degree-matched directed random graph,12,48,-0.0008946497151774939,0.001382972007175676,0.8264146623481571,0.7194642065174842
b54u_symmetric_window_r5,symmetric_window,7,degree-matched directed random graph,12,48,-0.0012561245536452084,0.0012679323290003468,0.8181396961001458,0.7062270811557126
b54u_symmetric_window_r5,symmetric_window,8,degree-matched directed random graph,12,48,-0.0010049252339880545,0.0006651870107228742,0.8204278109073333,0.7087626568577309
b54u_symmetric_window_r5,symmetric_window,9,degree-matched directed random graph,12,48,-0.0003619632868493916,0.0011835440609598389,0.8233048389809197,0.7142823580469564
b54u_symmetric_window_r5,symmetric_window,10,degree-matched directed random graph,12,48,-0.0017745132236796754,0.0014609917328250708,0.8225197460569751,0.7091930282586865
b54u_symmetric_window_r5,symmetric_window,11,degree-matched directed random graph,12,48,-0.0025243319696847052,0.0016271451657964226,0.8255737129194823,0.7158533254531053
b54u_symmetric_window_r5,symmetric_window,12,degree-matched directed random graph,12,48,-0.0009651565252666161,0.0010699369917683854,0.8203064357411063,0.7089080690366178
b54u_symmetric_window_r5,symmetric_window,13,degree-matched directed random graph,12,48,-0.002151125094747385,0.0013341551098284932,0.8249212497962176,0.712712573403632
b54u_symmetric_window_r5,symmetric_window,14,degree-matched directed random graph,12,48,-9.93799610825112e-05,0.0011197387392143437,0.8238511405707847,0.712567021916798
b54u_symmetric_window_r5,symmetric_window,15,degree-matched directed random graph,12,48,-0.0018394601821559986,0.0006115274320701192,0.8203418645374794,0.714012665981317
b54u_symmetric_window_r5,symmetric_window,16,degree-matched directed random graph,12,48,-0.0008057246190627011,0.0011847698489230647,0.8181500965224906,0.7060023301256176
b54u_symmetric_window_r5,symmetric_window,17,degree-matched directed random graph,12,48,-0.0018570707700462366,0.0007655775330209112,0.8167612692508581,0.7084972528754344
b54u_symmetric_window_r5,symmetric_window,18,degree-matched directed random graph,12,48,-0.002164380245755222,0.001252150448222465,0.8250981059014743,0.7151791651032472
b54u_symmetric_window_r5,symmetric_window,19,degree-matched directed random graph,12,48,-0.0009696915945378376,0.0014872973392577957,0.8209761520345559,0.7109774135040805
b54u_symmetric_window_r5,symmetric_window,20,degree-matched directed random graph,12,48,-0.004030459775058848,0.0009085135122139467,0.8245563888113652,0.7143562759425719
b54u_symmetric_window_r5,symmetric_window,21,degree-matched directed random graph,12,48,-0.0017026564615840562,0.0007344399687799315,0.8179109282803284,0.7100710584555626
b54u_symmetric_window_r5,symmetric_window,22,degree-matched directed random graph,12,48,-0.0015039848963129215,0.001283168577396918,0.8257174754977852,0.7171972421095131
b54u_symmetric_window_r5,symmetric_window,23,degree-matched directed random graph,12,48,-2.2818363769246683e-07,0.0014161931706567674,0.8192968756176152,0.7107452250157005
b54u_symmetric_window_r5,symmetric_window,24,degree-matched directed random graph,12,48,-0.0027903803218525965,0.0009852521683465431,0.8194140216666354,0.7098259086615144
b54u_symmetric_window_r5,symmetric_window,25,degree-matched directed random graph,12,48,-0.0014704262329766134,0.0008805166787330204,0.8236301853377874,0.7132010993111416
b54u_symmetric_window_r5,symmetric_window,26,degree-matched directed random graph,12,48,-0.003567166511018269,0.0010592102558519651,0.8208760707199029,0.7114636770121548
b54u_symmetric_window_r5,symmetric_window,27,degree-matched directed random graph,12,48,0.0007171150685645225,0.0011755224198221517,0.8270780683208271,0.7183036630678692
b54u_symmetric_window_r5,symmetric_window,28,degree-matched directed random graph,12,48,-0.0014240241969136448,0.0009118977334624753,0.8281375745791295,0.7198453327304236
b54u_symmetric_window_r5,symmetric_window,29,degree-matched directed random graph,12,48,-0.0013354154790571019,0.0008106974277950195,0.8252771983178016,0.7160659865547906
b54u_symmetric_window_r5,symmetric_window,30,degree-matched directed random graph,12,48,-0.0014109379875270865,0.001444740033489662,0.823730224553656,0.7145315480809519
b54u_symmetric_window_r5,symmetric_window,31,degree-matched directed random graph,12,48,-0.0018703032463411352,0.0011293778026402414,0.8182573994588093,0.7040254333471815
b54u_symmetric_window_r5,symmetric_window,32,degree-matched directed random graph,12,48,-0.002125443035757186,0.0012807493806543744,0.8174241904385159,0.7075126589882897
b54u_symmetric_window_r5,symmetric_window,33,degree-matched directed random graph,12,48,-0.0030133273913985786,0.0007441753570362065,0.8202003626268352,0.7082788998863002
b54u_symmetric_window_r5,symmetric_window,34,degree-matched directed random graph,12,48,-0.0011716848383228034,0.0011439831950497308,0.8242959869024037,0.720541237469933
b54u_symmetric_window_r5,symmetric_window,35,degree-matched directed random graph,12,48,-0.0013007450707890422,0.0012757453471604829,0.8175634688581065,0.7019116715843082
b54u_symmetric_window_r5,symmetric_window,36,degree-matched directed random graph,12,48,-0.0013374769846110385,0.0010011162371266968,0.8237615913662543,0.7120213107289817
b54u_symmetric_window_r5,symmetric_window,37,degree-matched directed random graph,12,48,0.0003202599327464173,0.0006740324426765931,0.8196713842829313,0.7050905017797177
b54u_symmetric_window_r5,symmetric_window,38,degree-matched directed random graph,12,48,-0.0026260869237142246,0.0010018442887750182,0.8202508318458707,0.7067845644430579
b54u_symmetric_window_r5,symmetric_window,39,degree-matched directed random graph,12,48,-0.0011734216863510335,0.001332994963163384,0.8210555185825562,0.7089268456129201
b54u_symmetric_window_r5,symmetric_window,40,degree-matched directed random graph,12,48,-0.0027607313830143453,0.000931689855714216,0.8197052412973255,0.7106862717453386
b54u_symmetric_window_r5,symmetric_window,41,degree-matched directed random graph,12,48,-0.0023610682806058663,0.0007597158904928903,0.8253395730628362,0.7156280035479564
b54u_symmetric_window_r5,symmetric_window,42,degree-matched directed random graph,12,48,-0.0026276589472386965,0.001515108833817101,0.8247935124829701,0.7147512650320547
b54u_symmetric_window_r5,symmetric_window,43,degree-matched directed random graph,12,48,-0.001916873113554566,0.0007775248138029751,0.8152622463570004,0.7063472064538455
b54u_symmetric_window_r5,symmetric_window,44,degree-matched directed random graph,12,48,-0.0025455998283941566,0.0013161601760222808,0.8195884807887347,0.7124828621923461
b54u_symmetric_window_r5,symmetric_window,45,degree-matched directed random graph,12,48,-0.0008571220356520851,0.001014137981520951,0.8199651414213602,0.7119951538712804
b54u_symmetric_window_r5,symmetric_window,46,degree-matched directed random graph,12,48,-0.0008976974556983986,0.000637261396601338,0.8255687193669458,0.7147159613610521
b54u_symmetric_window_r5,symmetric_window,47,degree-matched directed random graph,12,48,-0.0012818404657469235,0.000988847078601855,0.8183863645274009,0.7083998709445054
b54u_symmetric_window_r5,symmetric_window,48,degree-matched directed random graph,12,48,-0.001040525545772323,0.0006888865787003201,0.8166700772123067,0.7077241330872616
b54u_symmetric_window_r5,symmetric_window,49,degree-matched directed random graph,12,48,-0.0019528157024430645,0.0009410852106688873,0.8225954406844003,0.7126601634257165
b54u_symmetric_window_r5,symmetric_window,50,degree-matched directed random graph,12,48,-0.0007222619870561328,0.0007225026897558501,0.8204118933522105,0.7148997774216048
b54u_symmetric_window_r5,symmetric_window,51,degree-matched directed random graph,12,48,-3.72350268339663e-05,0.0009313506365598028,0.82279094246923,0.7180066053184522
b54u_symmetric_window_r5,symmetric_window,52,degree-matched directed random graph,12,48,-0.0006222026504099491,0.000941963713397377,0.8254004262921343,0.7153797517520913
b54u_symmetric_window_r5,symmetric_window,53,degree-matched directed random graph,12,48,-0.0020988852654391086,0.0012205513244869955,0.8256980809715083,0.7178292137384052
b54u_symmetric_window_r5,symmetric_window,54,degree-matched directed random graph,12,48,-0.002350214667873084,0.0007936126109231615,0.8215791660167923,0.708584593430595
b54u_symmetric_window_r5,symmetric_window,55,degree-matched directed random graph,12,48,-0.0005560895033491842,0.0006725400781027006,0.8189838878798534,0.7117344243428875
b54u_symmetric_window_r5,symmetric_window,56,degree-matched directed random graph,12,48,-0.001212554404733753,0.0017392887215648815,0.82076192489968,0.7103104301399865
b54u_symmetric_window_r5,symmetric_window,57,degree-matched directed random graph,12,48,-0.0005990854890817785,0.000769435056093743,0.8209507758001845,0.7098045552661181
b54u_symmetric_window_r5,symmetric_window,58,degree-matched directed random graph,12,48,-0.0022095481340735283,0.0012369990441883473,0.8206149332385513,0.7053282176597829
b54u_symmetric_window_r5,symmetric_window,59,degree-matched directed random graph,12,48,-0.002429083746122353,0.00068072042042963,0.8179149646219664,0.7070280500756941
b54u_symmetric_window_r8,symmetric_window,0,degree-matched directed random graph,12,48,-0.0008190463763430442,0.0004153670124698441,0.8270295460768599,0.7191127064105004
b54u_symmetric_window_r8,symmetric_window,1,degree-matched directed random graph,12,48,-0.0008622429724938394,0.00042450148994102865,0.8287806041988456,0.722110321946492
b54u_symmetric_window_r8,symmetric_window,2,degree-matched directed random graph,12,48,-0.0021974176711763447,0.000571095850209023,0.8233261654454291,0.7131198374307779
b54u_symmetric_window_r8,symmetric_window,3,degree-matched directed random graph,12,48,0.0010967737329594033,0.000664996874413702,0.8237531020327348,0.7140375455558177
b54u_symmetric_window_r8,symmetric_window,4,degree-matched directed random graph,12,48,-0.0019716872690762385,0.0004410396906253124,0.8290067939209737,0.7208964693236758
b54u_symmetric_window_r8,symmetric_window,5,degree-matched directed random graph,12,48,-0.0006294244211603752,0.0004053780737507175,0.827353198163295,0.721701108674203
b54u_symmetric_window_r8,symmetric_window,6,degree-matched directed random graph,12,48,-0.0004196759900249435,0.0007095825674419316,0.8283795741818519,0.7201389793300891
b54u_symmetric_window_r8,symmetric_window,7,degree-matched directed random graph,12,48,-0.0020475653501025935,0.0004623054962072318,0.8228326953000825,0.7160890180801616
b54u_symmetric_window_r8,symmetric_window,8,degree-matched directed random graph,12,48,-0.0006046760942138217,0.00036092800558859507,0.8217581684035883,0.7114776897801587
b54u_symmetric_window_r8,symmetric_window,9,degree-matched directed random graph,12,48,-0.0026725335460110345,0.0004481027938628748,0.8291046571618645,0.7229752691437873
b54u_symmetric_window_r8,symmetric_window,10,degree-matched directed random graph,12,48,-0.0034409780021380297,0.00046716069708404114,0.8253337678915827,0.7164549740537929
b54u_symmetric_window_r8,symmetric_window,11,degree-matched directed random graph,12,48,-0.0003418734505355174,0.00041618236798931455,0.8306743509590255,0.7210937215370041
b54u_symmetric_window_r8,symmetric_window,12,degree-matched directed random graph,12,48,-0.0016600289907401104,0.00038638378197148097,0.826715420607818,0.7166107847342343
b54u_symmetric_window_r8,symmetric_window,13,degree-matched directed random graph,12,48,-0.003780346936892817,0.0005026624851886248,0.8255091791890773,0.7155493833830285
b54u_symmetric_window_r8,symmetric_window,14,degree-matched directed random graph,12,48,-0.0018318957057820268,0.0004549416717944629,0.8248553977425589,0.7151370165712562
b54u_symmetric_window_r8,symmetric_window,15,degree-matched directed random graph,12,48,-0.0018916069567671157,0.0005328466453046688,0.8306078345856034,0.7229660445969069
b54u_symmetric_window_r8,symmetric_window,16,degree-matched directed random graph,12,48,-0.003379830452541211,0.0003725571450172161,0.8275294553328042,0.721685575633419
b54u_symmetric_window_r8,symmetric_window,17,degree-matched directed random graph,12,48,-0.0007797763602513916,0.00048769961393845543,0.8241266773660688,0.7168081863655703
b54u_symmetric_window_r8,symmetric_window,18,degree-matched directed random graph,12,48,-0.0037353780737311736,0.0003467238003471092,0.8219058965231331,0.7101571420256203
b54u_symmetric_window_r8,symmetric_window,19,degree-matched directed random graph,12,48,-0.0008691862103489016,0.00015642320980558427,0.8287564520862115,0.7229533493072345
b54u_symmetric_window_r8,symmetric_window,20,degree-matched directed random graph,12,48,-0.0020943894063669387,0.0005562049151289943,0.827463329299578,0.7184928069326671
b54u_symmetric_window_r8,symmetric_window,21,degree-matched directed random graph,12,48,-0.0010321646721647274,0.0005907654281272232,0.8208921826293487,0.712602919623118
b54u_symmetric_window_r8,symmetric_window,22,degree-matched directed random graph,12,48,-0.0011416531470980716,0.00040580144726852724,0.8231354559900294,0.7168039829249079
b54u_symmetric_window_r8,symmetric_window,23,degree-matched directed random graph,12,48,0.0001780911467484639,0.0006622092904783985,0.8281542620052047,0.7251671677633205
b54u_symmetric_window_r8,symmetric_window,24,degree-matched directed random graph,12,48,-0.002592296032353867,0.0003923629360251259,0.8233604143580208,0.7132086805113507
b54u_symmetric_window_r8,symmetric_window,25,degree-matched directed random graph,12,48,-0.00061371449713193,0.000532038075302622,0.8282514852605223,0.7222351417291963
b54u_symmetric_window_r8,symmetric_window,26,degree-matched directed random graph,12,48,-0.0028263259398004594,0.00027332758676511097,0.8275596136840218,0.718647020659534
b54u_symmetric_window_r8,symmetric_window,27,degree-matched directed random graph,12,48,-0.0021218551367217183,0.000510711936280243,0.8253944244351371,0.7165734115564125
b54u_symmetric_window_r8,symmetric_window,28,degree-matched directed random graph,12,48,-0.0005486337153474807,0.0007095851724966673,0.830445747708665,0.7223665804714664
b54u_symmetric_window_r8,symmetric_window,29,degree-matched directed random graph,12,48,-0.001160711427007338,0.00099481214379531,0.8280904117676222,0.7195659042402517
b54u_symmetric_window_r8,symmetric_window,30,degree-matched directed random graph,12,48,-0.0008088453584697595,0.000468415018823138,0.8270696521183698,0.7211680249476725
b54u_symmetric_window_r8,symmetric_window,31,degree-matched directed random graph,12,48,-0.0005735315682049374,0.0006230563678129123,0.8264779775384574,0.7180206562212916
b54u_symmetric_window_r8,symmetric_window,32,degree-matched directed random graph,12,48,-0.002079929301318979,0.0004095576598153241,0.8273166803186678,0.7223148513209664
b54u_symmetric_window_r8,symmetric_window,33,degree-matched directed random graph,12,48,-0.0014786330417162355,0.0006174043278222717,0.8285387473019122,0.7220095944469986
b54u_symmetric_window_r8,symmetric_window,34,degree-matched directed random graph,12,48,-0.0003028752614530757,0.0005905560364503262,0.8265705750692333,0.7211906511205605
b54u_symmetric_window_r8,symmetric_window,35,degree-matched directed random graph,12,48,-0.0010593512317736995,0.0004640779436278046,0.8294871294311079,0.7230134963940117
b54u_symmetric_window_r8,symmetric_window,36,degree-matched directed random graph,12,48,-0.0020565668285744817,0.00031859113733314064,0.831278220536364,0.7237841126634917
b54u_symmetric_window_r8,symmetric_window,37,degree-matched directed random graph,12,48,-0.0038299259111882387,0.0005731616839445659,0.8213603755372848,0.7114186750482134
b54u_symmetric_window_r8,symmetric_window,38,degree-matched directed random graph,12,48,-0.00014402971507310975,0.00042917802027252276,0.8270948518160428,0.7228175177557025
b54u_symmetric_window_r8,symmetric_window,39,degree-matched directed random graph,12,48,-0.0008303113458720136,0.00017386598327267939,0.8266731055560195,0.7184707452721102
b54u_symmetric_window_r8,symmetric_window,40,degree-matched directed random graph,12,48,-0.0012540621293858074,0.0004162529651131196,0.8201101216787552,0.7097635769397627
b54u_symmetric_window_r8,symmetric_window,41,degree-matched directed random graph,12,48,-0.0018967536220935444,0.0005941190696881099,0.8253136181522329,0.7175763583073547
b54u_symmetric_window_r8,symmetric_window,42,degree-matched directed random graph,12,48,-0.0028204286760704963,0.0006501221230449352,0.8258753500811618,0.7192778295467052
b54u_symmetric_window_r8,symmetric_window,43,degree-matched directed random graph,12,48,-0.0006944664441000445,0.00043882033188729307,0.8275235356335031,0.7202361923987066
b54u_symmetric_window_r8,symmetric_window,44,degree-matched directed random graph,12,48,-0.0020813755820054246,0.0003038625617674436,0.82279835226787,0.7137151888950815
b54u_symmetric_window_r8,symmetric_window,45,degree-matched directed random graph,12,48,-0.0019450503593750796,0.000498373467466627,0.8267086734647239,0.7205140248007238
b54u_symmetric_window_r8,symmetric_window,46,degree-matched directed random graph,12,48,-0.000921490204575967,0.0003298796815878844,0.82565586250868,0.7170194608753987
b54u_symmetric_window_r8,symmetric_window,47,degree-matched directed random graph,12,48,-0.0018985065733149724,0.00060576790130341,0.8294161022436478,0.7211478236398571
b54u_symmetric_window_r8,symmetric_window,48,degree-matched directed random graph,12,48,-0.0019149187453994226,0.0004306205065727447,0.8259641011315835,0.7203773147701137
b54u_symmetric_window_r8,symmetric_window,49,degree-matched directed random graph,12,48,-0.0011448922204916846,0.00021850959656040966,0.8261990576897165,0.7211608111556626
b54u_symmetric_window_r8,symmetric_window,50,degree-matched directed random graph,12,48,-0.0018065093820349043,0.0006553112753662269,0.8308418790487399,0.7241334198519699
b54u_symmetric_window_r8,symmetric_window,51,degree-matched directed random graph,12,48,-0.0014528898022265228,0.0002982549323005492,0.8268680387711758,0.717315037651638
b54u_symmetric_window_r8,symmetric_window,52,degree-matched directed random graph,12,48,-0.0010299937138956259,0.0005118869640231438,0.8250650949605293,0.716915638850442
b54u_symmetric_window_r8,symmetric_window,53,degree-matched directed random graph,12,48,-0.0018443090657387605,0.001102187600507551,0.8275643585476238,0.7245923225294931
b54u_symmetric_window_r8,symmetric_window,54,degree-matched directed random graph,12,48,-0.0024390072042638515,0.0004397409507262822,0.8270816590410585,0.7201700742892068
b54u_symmetric_window_r8,symmetric_window,55,degree-matched directed random graph,12,48,-9.15500245610769e-05,0.00038363326231899495,0.833679878087116,0.7292649928363334
b54u_symmetric_window_r8,symmetric_window,56,degree-matched directed random graph,12,48,-0.0036867714157848854,0.0006173436137868151,0.8240514273337242,0.71175291488943
b54u_symmetric_window_r8,symmetric_window,57,degree-matched directed random graph,12,48,-0.0007707923171478198,0.0006953348713464781,0.8231722233210372,0.7159716840346754
b54u_symmetric_window_r8,symmetric_window,58,degree-matched directed random graph,12,48,-0.0018327941123566123,0.0005474892054452554,0.8204020771391839,0.7111729934598893
b54u_symmetric_window_r8,symmetric_window,59,degree-matched directed random graph,12,48,0.0011466072286071968,0.0006902175511998126,0.8245711875403225,0.7164525925268729
b54u_trailing_window_r1,one_sided_window,0,degree-matched directed random graph,12,48,0.013921459451892064,0.0015637079296876048,0.7909491233486813,0.6563527511848487
b54u_trailing_window_r1,one_sided_window,1,degree-matched directed random graph,12,48,0.01507698442658568,0.0014733833814463226,0.8069003996400923,0.6796307664056944
b54u_trailing_window_r1,one_sided_window,2,degree-matched directed random graph,12,48,0.010096977263595507,0.0018348671566387792,0.7840687188409564,0.6402934788250635
b54u_trailing_window_r1,one_sided_window,3,degree-matched directed random graph,12,48,0.013673766839261704,0.0014724289815227615,0.8116562408661038,0.6833589806881631
b54u_trailing_window_r1,one_sided_window,4,degree-matched directed random graph,12,48,0.013141745502779445,0.002463066922431913,0.7977586472039486,0.655721053808857
b54u_trailing_window_r1,one_sided_window,5,degree-matched directed random graph,12,48,0.01461836639373317,0.0011758548317008218,0.8133654111696508,0.6919511795949744
b54u_trailing_window_r1,one_sided_window,6,degree-matched directed random graph,12,48,0.013466528033159427,0.001274225004107956,0.8062606950983349,0.6700415229521218
b54u_trailing_window_r1,one_sided_window,7,degree-matched directed random graph,12,48,0.011776234229790463,0.002178512282466967,0.7919420870791422,0.6593260687623533
b54u_trailing_window_r1,one_sided_window,8,degree-matched directed random graph,12,48,0.010945986014366487,0.0015465846270237924,0.7890506303535675,0.6476289469682491
b54u_trailing_window_r1,one_sided_window,9,degree-matched directed random graph,12,48,0.012076782617468218,0.0008368977652633171,0.7960281233048798,0.6663355285989484
b54u_trailing_window_r1,one_sided_window,10,degree-matched directed random graph,12,48,0.012940411905938016,0.0015718698052434716,0.7952244013608211,0.6629272244672997
b54u_trailing_window_r1,one_sided_window,11,degree-matched directed random graph,12,48,0.013861766823758689,0.001206853858888937,0.8035816480662202,0.6686693173771548
b54u_trailing_window_r1,one_sided_window,12,degree-matched directed random graph,12,48,0.01278642943439425,0.0019475725520466524,0.7982408779667155,0.663832344351428
b54u_trailing_window_r1,one_sided_window,13,degree-matched directed random graph,12,48,0.011018575490334302,0.0011943133620014883,0.7965354070670253,0.6636765603110736
b54u_trailing_window_r1,one_sided_window,14,degree-matched directed random graph,12,48,0.012431659490541369,0.0010693113677694558,0.8035478099334611,0.6690357001840826
b54u_trailing_window_r1,one_sided_window,15,degree-matched directed random graph,12,48,0.014357558507728461,0.0011004409058503672,0.8026967376056738,0.670567340122897
b54u_trailing_window_r1,one_sided_window,16,degree-matched directed random graph,12,48,0.012602099344870001,0.001538779522940708,0.8045042743252151,0.672124356298769
b54u_trailing_window_r1,one_sided_window,17,degree-matched directed random graph,12,48,0.01034935268669873,0.0013449823364431466,0.7775306371330016,0.6346450980885371
b54u_trailing_window_r1,one_sided_window,18,degree-matched directed random graph,12,48,0.010811175550923613,0.0018357468172490114,0.7892263448609177,0.6481310254116638
b54u_trailing_window_r1,one_sided_window,19,degree-matched directed random graph,12,48,0.01515603156226327,0.0015321691121882182,0.8031654048076714,0.6644585784569901
b54u_trailing_window_r1,one_sided_window,20,degree-matched directed random graph,12,48,0.015572339928448246,0.0009104010635517356,0.8138282951412603,0.6928080553560175
b54u_trailing_window_r1,one_sided_window,21,degree-matched directed random graph,12,48,0.013824111904884253,0.0011527762175928844,0.8052735982296854,0.6734471801155114
b54u_trailing_window_r1,one_sided_window,22,degree-matched directed random graph,12,48,0.015370021618905503,0.0011284541420206503,0.8100295615592068,0.6797828432040157
b54u_trailing_window_r1,one_sided_window,23,degree-matched directed random graph,12,48,0.013238076054684605,0.0010860733960158203,0.7938243284490056,0.6516643011557631
b54u_trailing_window_r1,one_sided_window,24,degree-matched directed random graph,12,48,0.010923807755944336,0.0013674422983551116,0.8061120534585635,0.6788059518889608
b54u_trailing_window_r1,one_sided_window,25,degree-matched directed random graph,12,48,0.013714539054010063,0.0011621349012102514,0.8045796500389425,0.6738921452588614
b54u_trailing_window_r1,one_sided_window,26,degree-matched directed random graph,12,48,0.014555299305201969,0.0009734451941662542,0.800705974972583,0.6687221877920505
b54u_trailing_window_r1,one_sided_window,27,degree-matched directed random graph,12,48,0.013128990788180297,0.0017041256105880045,0.7885233578173702,0.64489953634791
b54u_trailing_window_r1,one_sided_window,28,degree-matched directed random graph,12,48,0.011156064328967374,0.0031942837323860854,0.7998849206825923,0.665602120223136
b54u_trailing_window_r1,one_sided_window,29,degree-matched directed random graph,12,48,0.010966774813586953,0.001654811178984512,0.7967827222225837,0.6706548055380966
b54u_trailing_window_r1,one_sided_window,30,degree-matched directed random graph,12,48,0.01520345338474692,0.0013645098511540564,0.8092716603661582,0.6823025016875269
b54u_trailing_window_r1,one_sided_window,31,degree-matched directed random graph,12,48,0.01459486315242828,0.0015664018103169212,0.8076515906667048,0.6828399430933634
b54u_trailing_window_r1,one_sided_window,32,degree-matched directed random graph,12,48,0.013445739477903963,0.001185463304609089,0.7942649778816439,0.6551409740150125
b54u_trailing_window_r1,one_sided_window,33,degree-matched directed random graph,12,48,0.012150259752217773,0.0013981596352570375,0.7992627242818711,0.6696208522641213
b54u_trailing_window_r1,one_sided_window,34,degree-matched directed random graph,12,48,0.01189715372492516,0.0009283697810727179,0.7881909763368361,0.6465858101376035
b54u_trailing_window_r1,one_sided_window,35,degree-matched directed random graph,12,48,0.013511570812126257,0.0011126497878720595,0.8038339054627106,0.6707775171332283
b54u_trailing_window_r1,one_sided_window,36,degree-matched directed random graph,12,48,0.014962105769166907,0.0011358290729955418,0.8132821585042483,0.6893528045094643
b54u_trailing_window_r1,one_sided_window,37,degree-matched directed random graph,12,48,0.011265031112442744,0.0017847145773192202,0.7905431827454913,0.6548237034320453
b54u_trailing_window_r1,one_sided_window,38,degree-matched directed random graph,12,48,0.012992402882684545,0.0006715467306727909,0.8003338611117806,0.667431502565402
b54u_trailing_window_r1,one_sided_window,39,degree-matched directed random graph,12,48,0.012709968855285183,0.0010942471887968122,0.7998060956616454,0.6663570149060366
b54u_trailing_window_r1,one_sided_window,40,degree-matched directed random graph,12,48,0.010331600166664488,0.0015640884785390874,0.7805471400835969,0.6285605278455204
b54u_trailing_window_r1,one_sided_window,41,degree-matched directed random graph,12,48,0.011289520341175455,0.0014332292531091325,0.7792149564008725,0.6357765078550827
b54u_trailing_window_r1,one_sided_window,42,degree-matched directed random graph,12,48,0.013002554646193312,0.0016151541645554686,0.8162451533906877,0.6950553656462874
b54u_trailing_window_r1,one_sided_window,43,degree-matched directed random graph,12,48,0.01246700006855525,0.0007940385345840453,0.7969872166933945,0.6650069367598721
b54u_trailing_window_r1,one_sided_window,44,degree-matched directed random graph,12,48,0.012702893292347526,0.0015524761810100354,0.8028297819431481,0.6700902713700015
b54u_trailing_window_r1,one_sided_window,45,degree-matched directed random graph,12,48,0.01273365485625491,0.0017992343090231589,0.7899605502778743,0.6493291611942972
b54u_trailing_window_r1,one_sided_window,46,degree-matched directed random graph,12,48,0.013187776511078922,0.0017136962576196203,0.8090964237194115,0.6759610380179594
b54u_trailing_window_r1,one_sided_window,47,degree-matched directed random graph,12,48,0.013155430236696552,0.0013945780645167525,0.8104044443034176,0.6780083120352214
b54u_trailing_window_r1,one_sided_window,48,degree-matched directed random graph,12,48,0.013262207106916389,0.0016374300034169352,0.8025733855101039,0.6739526055836014
b54u_trailing_window_r1,one_sided_window,49,degree-matched directed random graph,12,48,0.011600647385334761,0.0009264600912098064,0.7884674928756606,0.6529651343983492
b54u_trailing_window_r1,one_sided_window,50,degree-matched directed random graph,12,48,0.015107184103231586,0.0011327028733733675,0.7979533663460359,0.662299016519512
b54u_trailing_window_r1,one_sided_window,51,degree-matched directed random graph,12,48,0.014153235658473243,0.002126816779388391,0.8098160835342517,0.6799373019025056
b54u_trailing_window_r1,one_sided_window,52,degree-matched directed random graph,12,48,0.01259603250039279,0.0014062234157231797,0.7955398028893352,0.664647426672128
b54u_trailing_window_r1,one_sided_window,53,degree-matched directed random graph,12,48,0.012624483841286315,0.0013098974049185743,0.7991014943208969,0.6691023432529746
b54u_trailing_window_r1,one_sided_window,54,degree-matched directed random graph,12,48,0.013957788054266175,0.0018028381712050967,0.802826009392884,0.6717934162781992
b54u_trailing_window_r1,one_sided_window,55,degree-matched directed random graph,12,48,0.01740507426022125,0.0006512973797640032,0.8159100043265348,0.6934795237498793
b54u_trailing_window_r1,one_sided_window,56,degree-matched directed random graph,12,48,0.013845401948435023,0.0027456401811227415,0.8080493776973419,0.678760260112348
b54u_trailing_window_r1,one_sided_window,57,degree-matched directed random graph,12,48,0.010219203294315748,0.001514765289518786,0.7856055382902594,0.6467937450970381
b54u_trailing_window_r1,one_sided_window,58,degree-matched directed random graph,12,48,0.015825839343142235,0.0018007218756002055,0.8133567213071974,0.6847198529645026
b54u_trailing_window_r1,one_sided_window,59,degree-matched directed random graph,12,48,0.011644750251366342,0.0006580980355094712,0.7971006635635184,0.657559472276343
b54u_trailing_window_r2,one_sided_window,0,degree-matched directed random graph,12,48,0.009762164508380028,0.0012933353037462292,0.8064060001864072,0.6685854302098057
b54u_trailing_window_r2,one_sided_window,1,degree-matched directed random graph,12,48,0.0076244996716688185,0.0007857202871599514,0.8095863900709163,0.6814841988935307
b54u_trailing_window_r2,one_sided_window,2,degree-matched directed random graph,12,48,0.008807325175775064,0.0008545268787857475,0.8059060838668848,0.6783648379596006
b54u_trailing_window_r2,one_sided_window,3,degree-matched directed random graph,12,48,0.008274889050431508,0.0016983816891098253,0.8009625158782692,0.6610092288009156
b54u_trailing_window_r2,one_sided_window,4,degree-matched directed random graph,12,48,0.0076250615435828764,0.001937952659553429,0.8018301156480708,0.6689081261383967
b54u_trailing_window_r2,one_sided_window,5,degree-matched directed random graph,12,48,0.009352916629200904,0.0007684949240409881,0.8162034172596623,0.6838202332775429
b54u_trailing_window_r2,one_sided_window,6,degree-matched directed random graph,12,48,0.00847634388877363,0.0019222760481769352,0.8157942346099684,0.6836621324646145
b54u_trailing_window_r2,one_sided_window,7,degree-matched directed random graph,12,48,0.007341355809686149,0.0025824758113552476,0.8020649282229352,0.6665360348346826
b54u_trailing_window_r2,one_sided_window,8,degree-matched directed random graph,12,48,0.009950363719437085,0.0009088060315492332,0.8271837928340503,0.7053906361657095
b54u_trailing_window_r2,one_sided_window,9,degree-matched directed random graph,12,48,0.00862952968782959,0.0010577902311847865,0.789561739024735,0.6469129188587951
b54u_trailing_window_r2,one_sided_window,10,degree-matched directed random graph,12,48,0.009735061224944294,0.0017664034704578959,0.8144611094866171,0.685611179758402
b54u_trailing_window_r2,one_sided_window,11,degree-matched directed random graph,12,48,0.008088384462398618,0.0016393310232206118,0.8073681667472389,0.6825653853980461
b54u_trailing_window_r2,one_sided_window,12,degree-matched directed random graph,12,48,0.008216685147714889,0.0019360602174785322,0.7943445031457742,0.6484038911211285
b54u_trailing_window_r2,one_sided_window,13,degree-matched directed random graph,12,48,0.011003711175460144,0.0009111850171337392,0.8168687639570759,0.6894822409522074
b54u_trailing_window_r2,one_sided_window,14,degree-matched directed random graph,12,48,0.010023094900883735,0.0005837647116261466,0.8214471454932676,0.6946323654174229
b54u_trailing_window_r2,one_sided_window,15,degree-matched directed random graph,12,48,0.00854622442841683,0.001454019327586858,0.8027341996168502,0.6700107740584884
b54u_trailing_window_r2,one_sided_window,16,degree-matched directed random graph,12,48,0.009272235200089289,0.0013651358582942171,0.8033816501697862,0.6706280127274998
b54u_trailing_window_r2,one_sided_window,17,degree-matched directed random graph,12,48,0.00950929553007785,0.0012641886948871527,0.8177810368398387,0.6905566616955509
b54u_trailing_window_r2,one_sided_window,18,degree-matched directed random graph,12,48,0.009751249336047287,0.001019689127547178,0.8195361064251431,0.6917097024944936
b54u_trailing_window_r2,one_sided_window,19,degree-matched directed random graph,12,48,0.007123270368666757,0.0014605625609735433,0.8100864267122735,0.6837266719534637
b54u_trailing_window_r2,one_sided_window,20,degree-matched directed random graph,12,48,0.00855486677264584,0.0008426521016466206,0.8125316880834555,0.679595983487875
b54u_trailing_window_r2,one_sided_window,21,degree-matched directed random graph,12,48,0.009051883947673929,0.0009151444103231406,0.8141656342716902,0.6850610097708364
b54u_trailing_window_r2,one_sided_window,22,degree-matched directed random graph,12,48,0.006993053689459606,0.0028396461389300198,0.8021972541914946,0.671991675912199
b54u_trailing_window_r2,one_sided_window,23,degree-matched directed random graph,12,48,0.009834043915209824,0.0015877010042994444,0.8232595377994385,0.6991122823852028
b54u_trailing_window_r2,one_sided_window,24,degree-matched directed random graph,12,48,0.007428022626627851,0.0012762876877828865,0.8116427501583708,0.6854277401936378
b54u_trailing_window_r2,one_sided_window,25,degree-matched directed random graph,12,48,0.008533315916271569,0.001795569301147405,0.8077001602706301,0.675406945956955
b54u_trailing_window_r2,one_sided_window,26,degree-matched directed random graph,12,48,0.008484878958133582,0.0011224935683953432,0.8068055892320157,0.6782063058632503
b54u_trailing_window_r2,one_sided_window,27,degree-matched directed random graph,12,48,0.007541265719544495,0.0011931323692942887,0.8069326209061215,0.6776441805169494
b54u_trailing_window_r2,one_sided_window,28,degree-matched directed random graph,12,48,0.011202530508132344,0.0021924967049517696,0.8144226798095918,0.6799846736874491
b54u_trailing_window_r2,one_sided_window,29,degree-matched directed random graph,12,48,0.009409384164035417,0.0009664130755745886,0.8051223220757024,0.6725812108715054
b54u_trailing_window_r2,one_sided_window,30,degree-matched directed random graph,12,48,0.01084120820950434,0.002225419551042842,0.8142359374240598,0.685293929322787
b54u_trailing_window_r2,one_sided_window,31,degree-matched directed random graph,12,48,0.010097583237880384,0.001615724559193061,0.8141609544811846,0.6843972713927503
b54u_trailing_window_r2,one_sided_window,32,degree-matched directed random graph,12,48,0.008835598235403022,0.0009037969274214668,0.8059997112089792,0.666253796402517
b54u_trailing_window_r2,one_sided_window,33,degree-matched directed random graph,12,48,0.009383154505143645,0.001120765801391586,0.8153954454850392,0.681959541260305
b54u_trailing_window_r2,one_sided_window,34,degree-matched directed random graph,12,48,0.007794005460860703,0.001786510103103205,0.8133561027807974,0.6904260516189659
b54u_trailing_window_r2,one_sided_window,35,degree-matched directed random graph,12,48,0.006462397672490673,0.002202058451788565,0.7972409968210784,0.655493967419027
b54u_trailing_window_r2,one_sided_window,36,degree-matched directed random graph,12,48,0.009730700836596487,0.0016657108417871456,0.8137063278400896,0.6892052220453667
b54u_trailing_window_r2,one_sided_window,37,degree-matched directed random graph,12,48,0.0109947965981279,0.0018069035919569838,0.8130290160176203,0.6800513018244333
b54u_trailing_window_r2,one_sided_window,38,degree-matched directed random graph,12,48,0.011230051179192279,0.0014016730787054232,0.8140678940806777,0.6785150024224712
b54u_trailing_window_r2,one_sided_window,39,degree-matched directed random graph,12,48,0.008896390389200058,0.0010497843126784352,0.8170940875465553,0.6894671436587984
b54u_trailing_window_r2,one_sided_window,40,degree-matched directed random graph,12,48,0.011181768751913722,0.0006057591481241367,0.8221101930212233,0.6965896495871413
b54u_trailing_window_r2,one_sided_window,41,degree-matched directed random graph,12,48,0.010622100524659143,0.0021470180856315523,0.823321599825709,0.6979357313630952
b54u_trailing_window_r2,one_sided_window,42,degree-matched directed random graph,12,48,0.009101062599622713,0.0009395372535082984,0.816094283680227,0.6870507058032246
b54u_trailing_window_r2,one_sided_window,43,degree-matched directed random graph,12,48,0.009496132108555315,0.0024319350194739364,0.8149826087821834,0.6841122439620676
b54u_trailing_window_r2,one_sided_window,44,degree-matched directed random graph,12,48,0.008941192980970762,0.0012429836374354803,0.8105072691468286,0.6814658085143194
b54u_trailing_window_r2,one_sided_window,45,degree-matched directed random graph,12,48,0.01081406743305504,0.0020362515721369812,0.8199224194839024,0.6916935483783574
b54u_trailing_window_r2,one_sided_window,46,degree-matched directed random graph,12,48,0.009775480446390235,0.0009555000553531087,0.8096801640535355,0.6753587192255682
b54u_trailing_window_r2,one_sided_window,47,degree-matched directed random graph,12,48,0.008761948518220042,0.0016192699732184,0.8072248495101516,0.6776443950856024
b54u_trailing_window_r2,one_sided_window,48,degree-matched directed random graph,12,48,0.010135353563374461,0.0006710438943494035,0.8068370569526828,0.6747729417190901
b54u_trailing_window_r2,one_sided_window,49,degree-matched directed random graph,12,48,0.00801401605360087,0.002122282496108896,0.8080104816100576,0.6825366574627179
b54u_trailing_window_r2,one_sided_window,50,degree-matched directed random graph,12,48,0.010256196983836835,0.0011271694985816704,0.8092334443707281,0.6780568993344306
b54u_trailing_window_r2,one_sided_window,51,degree-matched directed random graph,12,48,0.010699302670330856,0.0012670864654006362,0.8183228118687947,0.6917220400542402
b54u_trailing_window_r2,one_sided_window,52,degree-matched directed random graph,12,48,0.007320108860533967,0.0008851280224726468,0.807804304287241,0.6770852783217075
b54u_trailing_window_r2,one_sided_window,53,degree-matched directed random graph,12,48,0.008583067073841209,0.0007952520639213633,0.8106263093797512,0.685020744018778
b54u_trailing_window_r2,one_sided_window,54,degree-matched directed random graph,12,48,0.008956676068185931,0.0017447026976428824,0.8185751510662516,0.6972961149821243
b54u_trailing_window_r2,one_sided_window,55,degree-matched directed random graph,12,48,0.006779422166590502,0.0016533574797186709,0.805026807875775,0.6712616605176125
b54u_trailing_window_r2,one_sided_window,56,degree-matched directed random graph,12,48,0.0070591085021724335,0.00175613658461573,0.8083784614737773,0.6707629665332296
b54u_trailing_window_r2,one_sided_window,57,degree-matched directed random graph,12,48,0.008832914118544899,0.0015540218385990546,0.8160463535014045,0.6844161735507289
b54u_trailing_window_r2,one_sided_window,58,degree-matched directed random graph,12,48,0.009078961675981519,0.0009889089951432024,0.8133902514201353,0.6800769409549529
b54u_trailing_window_r2,one_sided_window,59,degree-matched directed random graph,12,48,0.009290338165527828,0.0010920817965081623,0.7923485782065134,0.6559896672778721
b54u_trailing_window_r5,one_sided_window,0,degree-matched directed random graph,12,48,0.005112370027719556,0.001136123455937678,0.8150540935632992,0.6999670759543789
b54u_trailing_window_r5,one_sided_window,1,degree-matched directed random graph,12,48,0.00406619664194988,0.0015174507269783604,0.8139837301306306,0.6902689555090525
b54u_trailing_window_r5,one_sided_window,2,degree-matched directed random graph,12,48,0.003916380446905434,0.0009979482046416754,0.821657190333557,0.7026412574078167
b54u_trailing_window_r5,one_sided_window,3,degree-matched directed random graph,12,48,0.00479074305943052,0.0006485220496206769,0.8197609598266205,0.6989898621703564
b54u_trailing_window_r5,one_sided_window,4,degree-matched directed random graph,12,48,0.006278768435053408,0.0011365042487118987,0.822968777595006,0.7026778338805707
b54u_trailing_window_r5,one_sided_window,5,degree-matched directed random graph,12,48,0.006218788803446028,0.0014464266103767088,0.8297171986569759,0.7161873117167663
b54u_trailing_window_r5,one_sided_window,6,degree-matched directed random graph,12,48,0.00470912490543442,0.0007128242518365925,0.8217753655491502,0.6991654240348089
b54u_trailing_window_r5,one_sided_window,7,degree-matched directed random graph,12,48,0.003972750206022268,0.0013144089263226984,0.818994952843768,0.7035414270877595
b54u_trailing_window_r5,one_sided_window,8,degree-matched directed random graph,12,48,0.004001738851586208,0.0014023039909890774,0.8205062674029927,0.7043245785437185
b54u_trailing_window_r5,one_sided_window,9,degree-matched directed random graph,12,48,0.0021346484209031906,0.0017239817889458022,0.819328885750934,0.6974994664062882
b54u_trailing_window_r5,one_sided_window,10,degree-matched directed random graph,12,48,0.003944747308771799,0.0015309851534908371,0.8217543794419616,0.7053456872202831
b54u_trailing_window_r5,one_sided_window,11,degree-matched directed random graph,12,48,0.006167003389572302,0.0005642282498143832,0.8247766391108171,0.7063521287750731
b54u_trailing_window_r5,one_sided_window,12,degree-matched directed random graph,12,48,0.004966875380685995,0.0011565051523081302,0.8239455804929242,0.7140685402379584
b54u_trailing_window_r5,one_sided_window,13,degree-matched directed random graph,12,48,0.006484336287601231,0.001435392985576897,0.8230038307671714,0.7087693630430038
b54u_trailing_window_r5,one_sided_window,14,degree-matched directed random graph,12,48,0.005614494925900048,0.0006321086105572079,0.830592952642168,0.715742232962882
b54u_trailing_window_r5,one_sided_window,15,degree-matched directed random graph,12,48,0.006378280783215013,0.0011849195448571514,0.8254688391082837,0.7072386844027468
b54u_trailing_window_r5,one_sided_window,16,degree-matched directed random graph,12,48,0.003984955785167659,0.0015546430192895934,0.8273977694573434,0.7126557789295423
b54u_trailing_window_r5,one_sided_window,17,degree-matched directed random graph,12,48,0.0025846784574244117,0.0011839575672942808,0.8328915953008195,0.7215212023682694
b54u_trailing_window_r5,one_sided_window,18,degree-matched directed random graph,12,48,0.003427327355444921,0.0007543408854612731,0.8240481048152027,0.7111057383550433
b54u_trailing_window_r5,one_sided_window,19,degree-matched directed random graph,12,48,0.0034555549226759235,0.0011115361918422402,0.8207642007981347,0.698296567351993
b54u_trailing_window_r5,one_sided_window,20,degree-matched directed random graph,12,48,0.003700985592966461,0.0006044916507450212,0.8213487517214099,0.7070228608775602
b54u_trailing_window_r5,one_sided_window,21,degree-matched directed random graph,12,48,0.0058344462262107976,0.001178925717942432,0.831543587368027,0.7164652652093203
b54u_trailing_window_r5,one_sided_window,22,degree-matched directed random graph,12,48,0.0033132551529473377,0.0010403255124276614,0.8307831279053667,0.7160311697230597
b54u_trailing_window_r5,one_sided_window,23,degree-matched directed random graph,12,48,0.005181112588529561,0.0012397100741371146,0.8287616675021016,0.7132695335780258
b54u_trailing_window_r5,one_sided_window,24,degree-matched directed random graph,12,48,0.004008808206062882,0.0013452736862824305,0.8154267851641346,0.6971121973555819
b54u_trailing_window_r5,one_sided_window,25,degree-matched directed random graph,12,48,0.003891440889429914,0.00132510776242988,0.8187462059232238,0.7016734684634773
b54u_trailing_window_r5,one_sided_window,26,degree-matched directed random graph,12,48,0.0047284831466198225,0.0018413417810533856,0.8299637133057468,0.7156569788015273
b54u_trailing_window_r5,one_sided_window,27,degree-matched directed random graph,12,48,0.005327011215417617,0.0010964558990847087,0.8310311364393784,0.7190204416006477
b54u_trailing_window_r5,one_sided_window,28,degree-matched directed random graph,12,48,0.00517077628884303,0.001769772424683047,0.8301119657938624,0.7146616946057248
b54u_trailing_window_r5,one_sided_window,29,degree-matched directed random graph,12,48,0.004502948381473877,0.001589560772114546,0.8180099652945868,0.700887975610759
b54u_trailing_window_r5,one_sided_window,30,degree-matched directed random graph,12,48,0.005788896349073678,0.0012477041068496883,0.8180254417399015,0.6968795351716918
b54u_trailing_window_r5,one_sided_window,31,degree-matched directed random graph,12,48,0.004757159845660758,0.001559372221265174,0.8208298644497777,0.7028143517191933
b54u_trailing_window_r5,one_sided_window,32,degree-matched directed random graph,12,48,0.004881289927827186,0.0017812269376026083,0.8245770612570068,0.7070899347585176
b54u_trailing_window_r5,one_sided_window,33,degree-matched directed random graph,12,48,0.0050051467360610735,0.0013486163775260618,0.8237839479346739,0.7029674375127694
b54u_trailing_window_r5,one_sided_window,34,degree-matched directed random graph,12,48,0.002742975853173995,0.0009649352972017226,0.8217472501000317,0.7019873061290985
b54u_trailing_window_r5,one_sided_window,35,degree-matched directed random graph,12,48,0.006348103097697351,0.0007731999121289642,0.8202790222732178,0.7024305119264431
b54u_trailing_window_r5,one_sided_window,36,degree-matched directed random graph,12,48,0.004345391118612496,0.001584986459428459,0.8149470116784663,0.7022737686227486
b54u_trailing_window_r5,one_sided_window,37,degree-matched directed random graph,12,48,0.0049695248587413665,0.0008948864615318081,0.8278918551530768,0.7107657702224922
b54u_trailing_window_r5,one_sided_window,38,degree-matched directed random graph,12,48,0.005896226601570964,0.0008195170914257325,0.8267358730253015,0.7083696741075075
b54u_trailing_window_r5,one_sided_window,39,degree-matched directed random graph,12,48,0.004973421907606625,0.0009288198181783656,0.8328097884457152,0.7196286912333419
b54u_trailing_window_r5,one_sided_window,40,degree-matched directed random graph,12,48,0.004293450556293876,0.0010554177100223108,0.8104203449653639,0.6888287887359857
b54u_trailing_window_r5,one_sided_window,41,degree-matched directed random graph,12,48,0.004530042803239587,0.0008462891432591374,0.8192401603980323,0.6956506139964697
b54u_trailing_window_r5,one_sided_window,42,degree-matched directed random graph,12,48,0.002826623815534857,0.0017270830581817415,0.8228404213800872,0.7109154520432778
b54u_trailing_window_r5,one_sided_window,43,degree-matched directed random graph,12,48,0.0009518990591324004,0.0013176529890127602,0.8136988612235695,0.699387639151178
b54u_trailing_window_r5,one_sided_window,44,degree-matched directed random graph,12,48,0.004278839242767912,0.001100589572763854,0.8224224464315723,0.70239422860725
b54u_trailing_window_r5,one_sided_window,45,degree-matched directed random graph,12,48,0.004723085094380252,0.0014102688333609802,0.8173349670386171,0.7008921438314538
b54u_trailing_window_r5,one_sided_window,46,degree-matched directed random graph,12,48,0.0038204047133812216,0.0009301473576629417,0.8282497965769563,0.7130784307474872
b54u_trailing_window_r5,one_sided_window,47,degree-matched directed random graph,12,48,0.0030224499207010466,0.0010575879126554963,0.8218260675472999,0.7066559151346813
b54u_trailing_window_r5,one_sided_window,48,degree-matched directed random graph,12,48,0.005561941697689786,0.0011371106335162306,0.8294800738506747,0.7160659907492571
b54u_trailing_window_r5,one_sided_window,49,degree-matched directed random graph,12,48,0.0042405022782238825,0.0013659338589303717,0.8277119930765112,0.7121266187365854
b54u_trailing_window_r5,one_sided_window,50,degree-matched directed random graph,12,48,0.004436967251690698,0.001531983941312983,0.8259966396157908,0.7091052016339972
b54u_trailing_window_r5,one_sided_window,51,degree-matched directed random graph,12,48,0.005768244101919316,0.0007336315844765401,0.8192736474160034,0.7039452595953469
b54u_trailing_window_r5,one_sided_window,52,degree-matched directed random graph,12,48,0.005011407519129321,0.0016520926871385951,0.8235230081666987,0.7025132197309576
b54u_trailing_window_r5,one_sided_window,53,degree-matched directed random graph,12,48,0.002805914300800065,0.00097176292528059,0.8181366469088419,0.6974470328361311
b54u_trailing_window_r5,one_sided_window,54,degree-matched directed random graph,12,48,0.005711576772531737,0.0009338485465249817,0.8163506328559125,0.6980903561291035
b54u_trailing_window_r5,one_sided_window,55,degree-matched directed random graph,12,48,0.004545474424391048,0.0014442307947787768,0.8315245636285055,0.7187437822588744
b54u_trailing_window_r5,one_sided_window,56,degree-matched directed random graph,12,48,0.004478297320199572,0.0016874962317915158,0.8315911578964493,0.7195082267442393
b54u_trailing_window_r5,one_sided_window,57,degree-matched directed random graph,12,48,0.0031332592275867903,0.0014062504300710974,0.8214857842807829,0.7054669997038313
b54u_trailing_window_r5,one_sided_window,58,degree-matched directed random graph,12,48,0.004727894147382596,0.0011729900418017759,0.827155074705272,0.7123084744844937
b54u_trailing_window_r5,one_sided_window,59,degree-matched directed random graph,12,48,0.00371329785671321,0.0011308998209835015,0.8242520643145038,0.7031343020266423
