mode,endpoint,direction,control_level,mean_true_c,mean_control,effect_true_minus_control,p_true_greater,n_pairs,c_beats_control
linear_c_state,z_reward,A_to_C_to_B,direction_label_only,-0.6485108812946611,-0.7298555650544621,0.08134468375980104,0.001999600079984003,145,True
linear_c_state,z_reward,A_to_C_to_B,communication_direction_only,-0.6485108812946611,-0.497945005814948,-0.15056587547971298,1.0,145,False
linear_c_state,z_reward,A_to_C_to_B,symmetric_midpoint_control,-0.6485108812946611,-0.5096629757830695,-0.13884790551159154,0.9996000799840032,145,False
linear_c_state,z_reward,A_to_C_to_B,sender_receiver_transfer_control,-0.6485108812946611,-0.46510275812289453,-0.18340812317176644,0.9998000399920016,145,False
linear_c_state,z_reward,A_to_C_to_B,asymmetric_standpoint_control,-0.6485108812946611,-0.49757869256657794,-0.15093218872808303,1.0,145,False
linear_c_state,z_reward,A_to_C_to_B,standpoint_inverted_control,-0.6485108812946611,-0.4623071684258354,-0.18620371286882567,0.9998000399920016,145,False
linear_c_state,z_reward,A_to_C_to_B,endpoint_o1o2_reference,-0.6485108812946611,-0.36334861819110453,-0.28516226310355647,1.0,145,False
linear_c_state,z_reward,A_to_C_to_B,endpoint_o1o2_direction_swapped,-0.6485108812946611,-0.7139714866288804,0.06546060533421935,0.015796840631873626,145,True
linear_c_state,z_reward,A_to_C_to_B,endpoint_o1o2_asymmetric_standpoint,-0.6485108812946611,-0.5934627588558814,-0.055048122438779545,0.9300139972005599,145,False
linear_c_state,z_reward,A_to_C_to_B,endpoint_o1o2_standpoint_inverted,-0.6485108812946611,-0.5582150036200266,-0.09029587767463437,0.9822035592881424,145,False
linear_c_state,z_reward,A_to_C_to_B,standpoint_consistent_split_operator,-0.6485108812946611,-0.5052767477610254,-0.1432341335336357,0.9998000399920016,145,False
linear_c_state,z_reward,A_to_C_to_B,standpoint_inverted_split_operator,-0.6485108812946611,-0.4623071684258354,-0.18620371286882567,1.0,145,False
linear_c_state,z_reward,A_to_C_to_B,standpoint_operator_side_only,-0.6485108812946611,-0.4758223162294845,-0.17268856506517644,1.0,145,False
linear_c_state,z_reward,A_to_C_to_B,standpoint_wrong_operator_side_only,-0.6485108812946611,-0.4939982759969987,-0.15451260529766234,1.0,145,False
linear_c_state,z_reward,A_to_C_to_B,standpoint_consistent_operator_contrast,-0.6485108812946611,-0.5565567516091141,-0.091954129685547,0.9984003199360127,145,False
linear_c_state,z_reward,A_to_C_to_B,standpoint_inverted_operator_contrast,-0.6485108812946611,-0.5559758122528394,-0.09253506904182161,0.999000199960008,145,False
linear_c_state,z_reward,A_to_C_to_B,standpoint_contrast_with_side_polarity,-0.6485108812946611,-0.5454051266013691,-0.10310575469329193,0.9988002399520096,145,False
linear_c_state,z_reward,A_to_C_to_B,standpoint_inverted_contrast_with_side_polarity,-0.6485108812946611,-0.5449778424207332,-0.1035330388739277,0.9996000799840032,145,False
linear_c_state,z_reward,A_to_C_to_B,mismatch_train_consistent_test_inverted,-0.6485108812946611,-0.9559505226218297,0.30743964132716867,0.0001999600079984003,145,True
linear_c_state,z_reward,A_to_C_to_B,mismatch_train_endpoint_test_direction_swapped,-0.6485108812946611,-0.7044139379455961,0.05590305665093513,0.10577884423115377,145,False
linear_c_state,z_reward,A_to_C_to_B,fixed_b6p_direction_mask,-0.6485108812946611,-0.7034426448662683,0.0549317635716072,0.0005998800239952009,145,True
linear_c_state,z_reward,A_to_C_to_B,fixed_b6p_swapped_mask,-0.6485108812946611,-0.6999981734345483,0.05148729213988731,0.06598680263947211,145,False
linear_c_state,z_reward,A_to_C_to_B,fixed_receiver_pair_mask,-0.6485108812946611,-0.7548254370322822,0.10631455573762126,0.0007998400319936012,145,True
linear_c_state,z_reward,A_to_C_to_B,fixed_giver_pair_mask,-0.6485108812946611,-0.7250999050252666,0.07658902373060567,0.09358128374325135,145,False
linear_c_state,z_reward,A_to_C_to_B,fixed_ab_receiver_only,-0.6485108812946611,-0.7778379486625511,0.12932706736789015,0.015196960607878424,145,True
linear_c_state,z_reward,A_to_C_to_B,fixed_c_receiver_boundary_only,-0.6485108812946611,-0.6875120279422676,0.03900114664760649,0.19796040791841632,145,False
linear_c_state,z_reward,A_to_C_to_B,closure_scalar_only,-0.6485108812946611,-0.7322420618633447,0.08373118056868384,0.002599480103979204,145,True
linear_c_state,z_reward,A_to_C_to_B,closure_2ode_local,-0.6485108812946611,-0.7071669999073738,0.058656118612712686,0.027194561087782444,145,True
linear_c_state,z_reward,A_to_C_to_B,directed_transport_closure_control,-0.6485108812946611,-0.5454051266013691,-0.10310575469329193,0.9994001199760048,145,False
linear_c_state,z_reward,A_to_C_to_B,factorisation_3x8,-0.6485108812946611,-0.5484553758159093,-0.10005550547875161,0.999000199960008,145,False
linear_c_state,z_reward,A_to_C_to_B,factorisation_2x2x6,-0.6485108812946611,-0.7036324564657093,0.05512157517104825,0.029194161167766446,145,True
linear_c_state,z_reward,A_to_C_to_B,factorisation_path_consistent,-0.6485108812946611,-0.7353973084029012,0.08688642710824021,0.0007998400319936012,145,True
linear_c_state,z_reward,A_to_C_to_B,factorisation_path_shuffled,-0.6485108812946611,-0.7353973084029012,0.08688642710824021,0.0005998800239952009,145,True
linear_c_state,z_reward,A_to_C_to_B,factorisation_path_mismatch_train_test,-0.6485108812946611,-0.7353973084029012,0.08688642710824021,0.0011997600479904018,145,True
linear_c_state,z_reward,B_to_C_to_A,direction_label_only,-0.6137270777317783,-0.7298555650544621,0.1161284873226838,0.0001999600079984003,145,True
linear_c_state,z_reward,B_to_C_to_A,communication_direction_only,-0.6137270777317783,-0.497945005814948,-0.11578207191683026,0.9998000399920016,145,False
linear_c_state,z_reward,B_to_C_to_A,symmetric_midpoint_control,-0.6137270777317783,-0.5096629757830695,-0.10406410194870881,0.9994001199760048,145,False
linear_c_state,z_reward,B_to_C_to_A,sender_receiver_transfer_control,-0.6137270777317783,-0.46510275812289453,-0.14862431960888367,1.0,145,False
linear_c_state,z_reward,B_to_C_to_A,asymmetric_standpoint_control,-0.6137270777317783,-0.4623071684258354,-0.15141990930594293,1.0,145,False
linear_c_state,z_reward,B_to_C_to_A,standpoint_inverted_control,-0.6137270777317783,-0.49757869256657794,-0.11614838516520032,1.0,145,False
linear_c_state,z_reward,B_to_C_to_A,endpoint_o1o2_reference,-0.6137270777317783,-0.36334861819110453,-0.2503784595406738,1.0,145,False
linear_c_state,z_reward,B_to_C_to_A,endpoint_o1o2_direction_swapped,-0.6137270777317783,-0.7139714866288804,0.1002444088971021,0.0021995600879824036,145,True
linear_c_state,z_reward,B_to_C_to_A,endpoint_o1o2_asymmetric_standpoint,-0.6137270777317783,-0.5582150036200266,-0.05551207411175163,0.9374125174965007,145,False
linear_c_state,z_reward,B_to_C_to_A,endpoint_o1o2_standpoint_inverted,-0.6137270777317783,-0.5934627588558814,-0.020264318875896793,0.7118576284743051,145,False
linear_c_state,z_reward,B_to_C_to_A,standpoint_consistent_split_operator,-0.6137270777317783,-0.4623071684258354,-0.15141990930594293,1.0,145,False
linear_c_state,z_reward,B_to_C_to_A,standpoint_inverted_split_operator,-0.6137270777317783,-0.5052767477610254,-0.10845032997075295,0.9976004799040192,145,False
linear_c_state,z_reward,B_to_C_to_A,standpoint_operator_side_only,-0.6137270777317783,-0.4939982759969987,-0.1197288017347796,1.0,145,False
linear_c_state,z_reward,B_to_C_to_A,standpoint_wrong_operator_side_only,-0.6137270777317783,-0.4758223162294845,-0.1379047615022937,0.9994001199760048,145,False
linear_c_state,z_reward,B_to_C_to_A,standpoint_consistent_operator_contrast,-0.6137270777317783,-0.5559758122528394,-0.057751265478938864,0.9544091181763648,145,False
linear_c_state,z_reward,B_to_C_to_A,standpoint_inverted_operator_contrast,-0.6137270777317783,-0.5565567516091141,-0.05717032612266426,0.9488102379524095,145,False
linear_c_state,z_reward,B_to_C_to_A,standpoint_contrast_with_side_polarity,-0.6137270777317783,-0.5449778424207332,-0.06874923531104495,0.9828034393121375,145,False
linear_c_state,z_reward,B_to_C_to_A,standpoint_inverted_contrast_with_side_polarity,-0.6137270777317783,-0.5454051266013691,-0.06832195113040918,0.9844031193761248,145,False
linear_c_state,z_reward,B_to_C_to_A,mismatch_train_consistent_test_inverted,-0.6137270777317783,-0.956280461315234,0.3425533835834559,0.0001999600079984003,145,True
linear_c_state,z_reward,B_to_C_to_A,mismatch_train_endpoint_test_direction_swapped,-0.6137270777317783,-0.7044139379455961,0.09068686021381787,0.02979404119176165,145,True
linear_c_state,z_reward,B_to_C_to_A,fixed_b6p_direction_mask,-0.6137270777317783,-0.6999981734345483,0.08627109570277004,0.0001999600079984003,145,True
linear_c_state,z_reward,B_to_C_to_A,fixed_b6p_swapped_mask,-0.6137270777317783,-0.7034426448662683,0.08971556713448993,0.013197360527894421,145,True
linear_c_state,z_reward,B_to_C_to_A,fixed_receiver_pair_mask,-0.6137270777317783,-0.7250999050252666,0.1113728272934884,0.002999400119976005,145,True
linear_c_state,z_reward,B_to_C_to_A,fixed_giver_pair_mask,-0.6137270777317783,-0.7548254370322822,0.14109835930050402,0.003599280143971206,145,True
linear_c_state,z_reward,B_to_C_to_A,fixed_ab_receiver_only,-0.6137270777317783,-0.7657525840567899,0.1520255063250116,0.018196360727854428,145,True
linear_c_state,z_reward,B_to_C_to_A,fixed_c_receiver_boundary_only,-0.6137270777317783,-0.6774668736804933,0.06373979594871505,0.15756848630273945,145,False
linear_c_state,z_reward,B_to_C_to_A,closure_scalar_only,-0.6137270777317783,-0.7322420618633447,0.11851498413156658,0.0001999600079984003,145,True
linear_c_state,z_reward,B_to_C_to_A,closure_2ode_local,-0.6137270777317783,-0.7072246627845006,0.09349758505272236,0.0007998400319936012,145,True
linear_c_state,z_reward,B_to_C_to_A,directed_transport_closure_control,-0.6137270777317783,-0.5449778424207332,-0.06874923531104495,0.9868026394721056,145,False
linear_c_state,z_reward,B_to_C_to_A,factorisation_3x8,-0.6137270777317783,-0.5452417713732137,-0.06848530635856456,0.9622075584883023,145,False
linear_c_state,z_reward,B_to_C_to_A,factorisation_2x2x6,-0.6137270777317783,-0.7045656055966765,0.0908385278648982,0.0015996800639872025,145,True
linear_c_state,z_reward,B_to_C_to_A,factorisation_path_consistent,-0.6137270777317783,-0.7353973084029012,0.12167023067112293,0.0001999600079984003,145,True
linear_c_state,z_reward,B_to_C_to_A,factorisation_path_shuffled,-0.6137270777317783,-0.7353973084029012,0.12167023067112293,0.0003999200159968006,145,True
linear_c_state,z_reward,B_to_C_to_A,factorisation_path_mismatch_train_test,-0.6137270777317783,-0.7353973084029012,0.12167023067112293,0.0001999600079984003,145,True
linear_c_state,rank_reward,A_to_C_to_B,direction_label_only,-0.6064597123342564,-0.6997511027990789,0.09329139046482259,0.0005998800239952009,145,True
linear_c_state,rank_reward,A_to_C_to_B,communication_direction_only,-0.6064597123342564,-0.46405966266619847,-0.142400049668058,1.0,145,False
linear_c_state,rank_reward,A_to_C_to_B,symmetric_midpoint_control,-0.6064597123342564,-0.4935769602189241,-0.11288275211533229,0.9988002399520096,145,False
linear_c_state,rank_reward,A_to_C_to_B,sender_receiver_transfer_control,-0.6064597123342564,-0.43782745878469503,-0.16863225354956146,1.0,145,False
linear_c_state,rank_reward,A_to_C_to_B,asymmetric_standpoint_control,-0.6064597123342564,-0.46031851953707037,-0.14614119279718607,1.0,145,False
linear_c_state,rank_reward,A_to_C_to_B,standpoint_inverted_control,-0.6064597123342564,-0.44741208782248215,-0.15904762451177418,1.0,145,False
linear_c_state,rank_reward,A_to_C_to_B,endpoint_o1o2_reference,-0.6064597123342564,-0.3007770003191647,-0.3056827120150917,1.0,145,False
linear_c_state,rank_reward,A_to_C_to_B,endpoint_o1o2_direction_swapped,-0.6064597123342564,-0.6877775746418667,0.08131786230761022,0.003599280143971206,145,True
linear_c_state,rank_reward,A_to_C_to_B,endpoint_o1o2_asymmetric_standpoint,-0.6064597123342564,-0.5457897483935453,-0.060669963940711086,0.9486102779444111,145,False
linear_c_state,rank_reward,A_to_C_to_B,endpoint_o1o2_standpoint_inverted,-0.6064597123342564,-0.5126391065242221,-0.09382060581003432,0.989002199560088,145,False
linear_c_state,rank_reward,A_to_C_to_B,standpoint_consistent_split_operator,-0.6064597123342564,-0.44810406175478606,-0.1583556505794704,1.0,145,False
linear_c_state,rank_reward,A_to_C_to_B,standpoint_inverted_split_operator,-0.6064597123342564,-0.44741208782248215,-0.15904762451177418,1.0,145,False
linear_c_state,rank_reward,A_to_C_to_B,standpoint_operator_side_only,-0.6064597123342564,-0.4278118296561423,-0.17864788267811418,1.0,145,False
linear_c_state,rank_reward,A_to_C_to_B,standpoint_wrong_operator_side_only,-0.6064597123342564,-0.4629835961544362,-0.14347611617982028,1.0,145,False
linear_c_state,rank_reward,A_to_C_to_B,standpoint_consistent_operator_contrast,-0.6064597123342564,-0.5069593034938435,-0.09950040884041286,0.999000199960008,145,False
linear_c_state,rank_reward,A_to_C_to_B,standpoint_inverted_operator_contrast,-0.6064597123342564,-0.5061423217938689,-0.10031739054038756,0.9986002799440112,145,False
linear_c_state,rank_reward,A_to_C_to_B,standpoint_contrast_with_side_polarity,-0.6064597123342564,-0.4973065315533394,-0.10915318078091699,0.9986002799440112,145,False
linear_c_state,rank_reward,A_to_C_to_B,standpoint_inverted_contrast_with_side_polarity,-0.6064597123342564,-0.49689086506410596,-0.10956884727015052,0.9992001599680064,145,False
linear_c_state,rank_reward,A_to_C_to_B,mismatch_train_consistent_test_inverted,-0.6064597123342564,-0.9411755531982666,0.3347158408640102,0.0001999600079984003,145,True
linear_c_state,rank_reward,A_to_C_to_B,mismatch_train_endpoint_test_direction_swapped,-0.6064597123342564,-0.6994353914853254,0.09297567915106901,0.016796640671865627,145,True
linear_c_state,rank_reward,A_to_C_to_B,fixed_b6p_direction_mask,-0.6064597123342564,-0.6749016122290518,0.06844189989479531,0.0001999600079984003,145,True
linear_c_state,rank_reward,A_to_C_to_B,fixed_b6p_swapped_mask,-0.6064597123342564,-0.6688923820567325,0.062432669722476,0.04039192161567687,145,True
linear_c_state,rank_reward,A_to_C_to_B,fixed_receiver_pair_mask,-0.6064597123342564,-0.7194404620924488,0.1129807497581924,0.0001999600079984003,145,True
linear_c_state,rank_reward,A_to_C_to_B,fixed_giver_pair_mask,-0.6064597123342564,-0.6890301894703265,0.08257047713607009,0.08098380323935213,145,False
linear_c_state,rank_reward,A_to_C_to_B,fixed_ab_receiver_only,-0.6064597123342564,-0.7410101104325606,0.13455039809830416,0.009598080383923215,145,True
linear_c_state,rank_reward,A_to_C_to_B,fixed_c_receiver_boundary_only,-0.6064597123342564,-0.6773334232936837,0.0708737109594274,0.07318536292741452,145,False
linear_c_state,rank_reward,A_to_C_to_B,closure_scalar_only,-0.6064597123342564,-0.702792791285148,0.09633307895089158,0.0005998800239952009,145,True
linear_c_state,rank_reward,A_to_C_to_B,closure_2ode_local,-0.6064597123342564,-0.6766943568671097,0.07023464453285325,0.0061987602479504095,145,True
linear_c_state,rank_reward,A_to_C_to_B,directed_transport_closure_control,-0.6064597123342564,-0.4973065315533394,-0.10915318078091699,1.0,145,False
linear_c_state,rank_reward,A_to_C_to_B,factorisation_3x8,-0.6064597123342564,-0.4901503781717256,-0.11630933416253086,0.9996000799840032,145,False
linear_c_state,rank_reward,A_to_C_to_B,factorisation_2x2x6,-0.6064597123342564,-0.6720237944207959,0.06556408208653951,0.011597680463907219,145,True
linear_c_state,rank_reward,A_to_C_to_B,factorisation_path_consistent,-0.6064597123342564,-0.7058874481169811,0.09942773578272471,0.0001999600079984003,145,True
linear_c_state,rank_reward,A_to_C_to_B,factorisation_path_shuffled,-0.6064597123342564,-0.7058874481169811,0.09942773578272471,0.0003999200159968006,145,True
linear_c_state,rank_reward,A_to_C_to_B,factorisation_path_mismatch_train_test,-0.6064597123342564,-0.7058874481169811,0.09942773578272471,0.0007998400319936012,145,True
linear_c_state,rank_reward,B_to_C_to_A,direction_label_only,-0.5822649307585873,-0.6997511027990789,0.11748617204049172,0.0001999600079984003,145,True
linear_c_state,rank_reward,B_to_C_to_A,communication_direction_only,-0.5822649307585873,-0.46405966266619847,-0.11820526809238888,1.0,145,False
linear_c_state,rank_reward,B_to_C_to_A,symmetric_midpoint_control,-0.5822649307585873,-0.4935769602189241,-0.08868797053966314,0.9986002799440112,145,False
linear_c_state,rank_reward,B_to_C_to_A,sender_receiver_transfer_control,-0.5822649307585873,-0.43782745878469503,-0.1444374719738923,1.0,145,False
linear_c_state,rank_reward,B_to_C_to_A,asymmetric_standpoint_control,-0.5822649307585873,-0.44741208782248215,-0.13485284293610503,0.9998000399920016,145,False
linear_c_state,rank_reward,B_to_C_to_A,standpoint_inverted_control,-0.5822649307585873,-0.46031851953707037,-0.12194641122151693,1.0,145,False
linear_c_state,rank_reward,B_to_C_to_A,endpoint_o1o2_reference,-0.5822649307585873,-0.3007770003191647,-0.2814879304394226,1.0,145,False
linear_c_state,rank_reward,B_to_C_to_A,endpoint_o1o2_direction_swapped,-0.5822649307585873,-0.6877775746418667,0.10551264388327937,0.0005998800239952009,145,True
linear_c_state,rank_reward,B_to_C_to_A,endpoint_o1o2_asymmetric_standpoint,-0.5822649307585873,-0.5126391065242221,-0.06962582423436518,0.9742051589682064,145,False
linear_c_state,rank_reward,B_to_C_to_A,endpoint_o1o2_standpoint_inverted,-0.5822649307585873,-0.5457897483935453,-0.03647518236504196,0.8748250349930013,145,False
linear_c_state,rank_reward,B_to_C_to_A,standpoint_consistent_split_operator,-0.5822649307585873,-0.44741208782248215,-0.13485284293610503,1.0,145,False
linear_c_state,rank_reward,B_to_C_to_A,standpoint_inverted_split_operator,-0.5822649307585873,-0.44810406175478606,-0.13416086900380125,1.0,145,False
linear_c_state,rank_reward,B_to_C_to_A,standpoint_operator_side_only,-0.5822649307585873,-0.4629835961544362,-0.11928133460415116,1.0,145,False
linear_c_state,rank_reward,B_to_C_to_A,standpoint_wrong_operator_side_only,-0.5822649307585873,-0.4278118296561423,-0.15445310110244503,1.0,145,False
linear_c_state,rank_reward,B_to_C_to_A,standpoint_consistent_operator_contrast,-0.5822649307585873,-0.5061423217938689,-0.07612260896471841,0.9958008398320336,145,False
linear_c_state,rank_reward,B_to_C_to_A,standpoint_inverted_operator_contrast,-0.5822649307585873,-0.5069593034938435,-0.07530562726474373,0.993001399720056,145,False
linear_c_state,rank_reward,B_to_C_to_A,standpoint_contrast_with_side_polarity,-0.5822649307585873,-0.49689086506410596,-0.08537406569448139,0.9992001599680064,145,False
linear_c_state,rank_reward,B_to_C_to_A,standpoint_inverted_contrast_with_side_polarity,-0.5822649307585873,-0.4973065315533394,-0.08495839920524784,0.999000199960008,145,False
linear_c_state,rank_reward,B_to_C_to_A,mismatch_train_consistent_test_inverted,-0.5822649307585873,-0.9413476828337942,0.359082752075207,0.0001999600079984003,145,True
linear_c_state,rank_reward,B_to_C_to_A,mismatch_train_endpoint_test_direction_swapped,-0.5822649307585873,-0.6994353914853254,0.11717046072673816,0.0027994401119776045,145,True
linear_c_state,rank_reward,B_to_C_to_A,fixed_b6p_direction_mask,-0.5822649307585873,-0.6688923820567325,0.08662745129814514,0.0001999600079984003,145,True
linear_c_state,rank_reward,B_to_C_to_A,fixed_b6p_swapped_mask,-0.5822649307585873,-0.6749016122290518,0.09263668147046443,0.006798640271945611,145,True
linear_c_state,rank_reward,B_to_C_to_A,fixed_receiver_pair_mask,-0.5822649307585873,-0.6890301894703265,0.10676525871173921,0.006798640271945611,145,True
linear_c_state,rank_reward,B_to_C_to_A,fixed_giver_pair_mask,-0.5822649307585873,-0.7194404620924488,0.13717553133386154,0.004399120175964807,145,True
linear_c_state,rank_reward,B_to_C_to_A,fixed_ab_receiver_only,-0.5822649307585873,-0.7240143979168345,0.14174946715824732,0.02299540091981604,145,True
linear_c_state,rank_reward,B_to_C_to_A,fixed_c_receiver_boundary_only,-0.5822649307585873,-0.6618792644291491,0.0796143336705619,0.10637872425514897,145,False
linear_c_state,rank_reward,B_to_C_to_A,closure_scalar_only,-0.5822649307585873,-0.702792791285148,0.1205278605265607,0.0001999600079984003,145,True
linear_c_state,rank_reward,B_to_C_to_A,closure_2ode_local,-0.5822649307585873,-0.6768434999406883,0.09457856918210099,0.0001999600079984003,145,True
linear_c_state,rank_reward,B_to_C_to_A,directed_transport_closure_control,-0.5822649307585873,-0.49689086506410596,-0.08537406569448139,0.9984003199360127,145,False
linear_c_state,rank_reward,B_to_C_to_A,factorisation_3x8,-0.5822649307585873,-0.48701822641056436,-0.09524670434802292,0.9968006398720256,145,False
linear_c_state,rank_reward,B_to_C_to_A,factorisation_2x2x6,-0.5822649307585873,-0.6741686403752531,0.09190370961666597,0.0001999600079984003,145,True
linear_c_state,rank_reward,B_to_C_to_A,factorisation_path_consistent,-0.5822649307585873,-0.7058874481169811,0.12362251735839384,0.0001999600079984003,145,True
linear_c_state,rank_reward,B_to_C_to_A,factorisation_path_shuffled,-0.5822649307585873,-0.7058874481169811,0.12362251735839384,0.0001999600079984003,145,True
linear_c_state,rank_reward,B_to_C_to_A,factorisation_path_mismatch_train_test,-0.5822649307585873,-0.7058874481169811,0.12362251735839384,0.0001999600079984003,145,True
linear_c_state,gmr72_bridge_composite,A_to_C_to_B,direction_label_only,-0.27285085973688367,-0.2991238685236019,0.0262730087867183,0.014397120575884824,145,True
linear_c_state,gmr72_bridge_composite,A_to_C_to_B,communication_direction_only,-0.27285085973688367,-0.2682140446732297,-0.004636815063653975,0.6540691861627674,145,False
linear_c_state,gmr72_bridge_composite,A_to_C_to_B,symmetric_midpoint_control,-0.27285085973688367,-0.2627695551818676,-0.010081304555015973,0.8112377524495101,145,False
linear_c_state,gmr72_bridge_composite,A_to_C_to_B,sender_receiver_transfer_control,-0.27285085973688367,-0.2555660750440413,-0.01728478469284235,0.9304139172165566,145,False
linear_c_state,gmr72_bridge_composite,A_to_C_to_B,asymmetric_standpoint_control,-0.27285085973688367,-0.26414277800457575,-0.008708081732307978,0.7776444711057788,145,False
linear_c_state,gmr72_bridge_composite,A_to_C_to_B,standpoint_inverted_control,-0.27285085973688367,-0.25561681492536376,-0.01723404481151991,0.9342131573685263,145,False
linear_c_state,gmr72_bridge_composite,A_to_C_to_B,endpoint_o1o2_reference,-0.27285085973688367,-0.23770635075286214,-0.0351445089840215,0.999000199960008,145,False
linear_c_state,gmr72_bridge_composite,A_to_C_to_B,endpoint_o1o2_direction_swapped,-0.27285085973688367,-0.29918324679770575,0.026332387060822058,0.013797240551889621,145,True
linear_c_state,gmr72_bridge_composite,A_to_C_to_B,endpoint_o1o2_asymmetric_standpoint,-0.27285085973688367,-0.27060760078676493,-0.0022432589501187143,0.5718856228754249,145,False
linear_c_state,gmr72_bridge_composite,A_to_C_to_B,endpoint_o1o2_standpoint_inverted,-0.27285085973688367,-0.2727730865834613,-7.77731534223914e-05,0.5120975804839032,145,False
linear_c_state,gmr72_bridge_composite,A_to_C_to_B,standpoint_consistent_split_operator,-0.27285085973688367,-0.25953872739401707,-0.013312132342866583,0.8702259548090382,145,False
linear_c_state,gmr72_bridge_composite,A_to_C_to_B,standpoint_inverted_split_operator,-0.27285085973688367,-0.25561681492536376,-0.01723404481151991,0.9396120775844831,145,False
linear_c_state,gmr72_bridge_composite,A_to_C_to_B,standpoint_operator_side_only,-0.27285085973688367,-0.2617038415029886,-0.011147018233895101,0.8408318336332733,145,False
linear_c_state,gmr72_bridge_composite,A_to_C_to_B,standpoint_wrong_operator_side_only,-0.27285085973688367,-0.26581740513241725,-0.007033454604466362,0.7426514697060588,145,False
linear_c_state,gmr72_bridge_composite,A_to_C_to_B,standpoint_consistent_operator_contrast,-0.27285085973688367,-0.2781304963905934,0.005279636653709677,0.32533493301339733,145,False
linear_c_state,gmr72_bridge_composite,A_to_C_to_B,standpoint_inverted_operator_contrast,-0.27285085973688367,-0.2782063638972377,0.0053555041603540274,0.33253349330133974,145,False
linear_c_state,gmr72_bridge_composite,A_to_C_to_B,standpoint_contrast_with_side_polarity,-0.27285085973688367,-0.277540368974208,0.004689509237324408,0.3525294941011798,145,False
linear_c_state,gmr72_bridge_composite,A_to_C_to_B,standpoint_inverted_contrast_with_side_polarity,-0.27285085973688367,-0.27777887914503874,0.004928019408155065,0.3499300139972006,145,False
linear_c_state,gmr72_bridge_composite,A_to_C_to_B,mismatch_train_consistent_test_inverted,-0.27285085973688367,-0.3259659145291325,0.05311505479224885,0.0001999600079984003,145,True
linear_c_state,gmr72_bridge_composite,A_to_C_to_B,mismatch_train_endpoint_test_direction_swapped,-0.27285085973688367,-0.2905519617973288,0.01770110206044519,0.0595880823835233,145,False
linear_c_state,gmr72_bridge_composite,A_to_C_to_B,fixed_b6p_direction_mask,-0.27285085973688367,-0.28309361020844004,0.010242750471556365,0.003199360127974405,145,True
linear_c_state,gmr72_bridge_composite,A_to_C_to_B,fixed_b6p_swapped_mask,-0.27285085973688367,-0.2793789140360616,0.006528054299177899,0.2615476904619076,145,False
linear_c_state,gmr72_bridge_composite,A_to_C_to_B,fixed_receiver_pair_mask,-0.27285085973688367,-0.29851964429491323,0.02566878455802955,0.014397120575884824,145,True
linear_c_state,gmr72_bridge_composite,A_to_C_to_B,fixed_giver_pair_mask,-0.27285085973688367,-0.2797680428647361,0.006917183127852422,0.3587282543491302,145,False
linear_c_state,gmr72_bridge_composite,A_to_C_to_B,fixed_ab_receiver_only,-0.27285085973688367,-0.3150044062570734,0.0421535465201897,0.023795240951809637,145,True
linear_c_state,gmr72_bridge_composite,A_to_C_to_B,fixed_c_receiver_boundary_only,-0.27285085973688367,-0.2791036079757425,0.006252748238858888,0.3675264947010598,145,False
linear_c_state,gmr72_bridge_composite,A_to_C_to_B,closure_scalar_only,-0.27285085973688367,-0.2994989677175547,0.02664810798067105,0.013197360527894421,145,True
linear_c_state,gmr72_bridge_composite,A_to_C_to_B,closure_2ode_local,-0.27285085973688367,-0.2982929163838436,0.02544205664695991,0.01199760047990402,145,True
linear_c_state,gmr72_bridge_composite,A_to_C_to_B,directed_transport_closure_control,-0.27285085973688367,-0.277540368974208,0.004689509237324408,0.34233153369326136,145,False
linear_c_state,gmr72_bridge_composite,A_to_C_to_B,factorisation_3x8,-0.27285085973688367,-0.2793245497927606,0.006473690055876947,0.3067386522695461,145,False
linear_c_state,gmr72_bridge_composite,A_to_C_to_B,factorisation_2x2x6,-0.27285085973688367,-0.2962985307600595,0.023447671023175857,0.025994801039792043,145,True
linear_c_state,gmr72_bridge_composite,A_to_C_to_B,factorisation_path_consistent,-0.27285085973688367,-0.2997293661626925,0.026878506425808895,0.010797840431913617,145,True
linear_c_state,gmr72_bridge_composite,A_to_C_to_B,factorisation_path_shuffled,-0.27285085973688367,-0.2997293661626925,0.026878506425808895,0.010397920415916816,145,True
linear_c_state,gmr72_bridge_composite,A_to_C_to_B,factorisation_path_mismatch_train_test,-0.27285085973688367,-0.2997293661626925,0.026878506425808895,0.010197960407918417,145,True
linear_c_state,gmr72_bridge_composite,B_to_C_to_A,direction_label_only,-0.26589267199459704,-0.2991238685236019,0.0332311965290049,0.004599080183963208,145,True
linear_c_state,gmr72_bridge_composite,B_to_C_to_A,communication_direction_only,-0.26589267199459704,-0.2682140446732297,0.0023213726786326275,0.4263147370525895,145,False
linear_c_state,gmr72_bridge_composite,B_to_C_to_A,symmetric_midpoint_control,-0.26589267199459704,-0.2627695551818676,-0.00312311681272937,0.6184763047390522,145,False
linear_c_state,gmr72_bridge_composite,B_to_C_to_A,sender_receiver_transfer_control,-0.26589267199459704,-0.2555660750440413,-0.01032659695055575,0.8420315936812638,145,False
linear_c_state,gmr72_bridge_composite,B_to_C_to_A,asymmetric_standpoint_control,-0.26589267199459704,-0.25561681492536376,-0.010275857069233308,0.8510297940411917,145,False
linear_c_state,gmr72_bridge_composite,B_to_C_to_A,standpoint_inverted_control,-0.26589267199459704,-0.26414277800457575,-0.001749893990021374,0.5626874625074985,145,False
linear_c_state,gmr72_bridge_composite,B_to_C_to_A,endpoint_o1o2_reference,-0.26589267199459704,-0.23770635075286214,-0.028186321241734903,0.994001199760048,145,False
linear_c_state,gmr72_bridge_composite,B_to_C_to_A,endpoint_o1o2_direction_swapped,-0.26589267199459704,-0.29918324679770575,0.03329057480310866,0.004599080183963208,145,True
linear_c_state,gmr72_bridge_composite,B_to_C_to_A,endpoint_o1o2_asymmetric_standpoint,-0.26589267199459704,-0.2727730865834613,0.006880414588864214,0.30453909218156366,145,False
linear_c_state,gmr72_bridge_composite,B_to_C_to_A,endpoint_o1o2_standpoint_inverted,-0.26589267199459704,-0.27060760078676493,0.0047149287921678905,0.3479304139172166,145,False
linear_c_state,gmr72_bridge_composite,B_to_C_to_A,standpoint_consistent_split_operator,-0.26589267199459704,-0.25561681492536376,-0.010275857069233308,0.8504299140171966,145,False
linear_c_state,gmr72_bridge_composite,B_to_C_to_A,standpoint_inverted_split_operator,-0.26589267199459704,-0.25953872739401707,-0.006353944600579983,0.6814637072585483,145,False
linear_c_state,gmr72_bridge_composite,B_to_C_to_A,standpoint_operator_side_only,-0.26589267199459704,-0.26581740513241725,-7.526686217975162e-05,0.506498700259948,145,False
linear_c_state,gmr72_bridge_composite,B_to_C_to_A,standpoint_wrong_operator_side_only,-0.26589267199459704,-0.2617038415029886,-0.004188830491608496,0.6326734653069386,145,False
linear_c_state,gmr72_bridge_composite,B_to_C_to_A,standpoint_consistent_operator_contrast,-0.26589267199459704,-0.2782063638972377,0.012313691902640632,0.17376524695060988,145,False
linear_c_state,gmr72_bridge_composite,B_to_C_to_A,standpoint_inverted_operator_contrast,-0.26589267199459704,-0.2781304963905934,0.012237824395996282,0.1847630473905219,145,False
linear_c_state,gmr72_bridge_composite,B_to_C_to_A,standpoint_contrast_with_side_polarity,-0.26589267199459704,-0.27777887914503874,0.011886207150441667,0.1833633273345331,145,False
linear_c_state,gmr72_bridge_composite,B_to_C_to_A,standpoint_inverted_contrast_with_side_polarity,-0.26589267199459704,-0.277540368974208,0.011647696979611013,0.19376124775044992,145,False
linear_c_state,gmr72_bridge_composite,B_to_C_to_A,mismatch_train_consistent_test_inverted,-0.26589267199459704,-0.3258250038981841,0.05993233190358701,0.0001999600079984003,145,True
linear_c_state,gmr72_bridge_composite,B_to_C_to_A,mismatch_train_endpoint_test_direction_swapped,-0.26589267199459704,-0.2905519617973288,0.0246592898027318,0.026994601079784044,145,True
linear_c_state,gmr72_bridge_composite,B_to_C_to_A,fixed_b6p_direction_mask,-0.26589267199459704,-0.2793789140360616,0.013486242041464504,0.0001999600079984003,145,True
linear_c_state,gmr72_bridge_composite,B_to_C_to_A,fixed_b6p_swapped_mask,-0.26589267199459704,-0.28309361020844004,0.017200938213842974,0.07178564287142572,145,False
linear_c_state,gmr72_bridge_composite,B_to_C_to_A,fixed_receiver_pair_mask,-0.26589267199459704,-0.2797680428647361,0.013875370870139028,0.11177764447110577,145,False
linear_c_state,gmr72_bridge_composite,B_to_C_to_A,fixed_giver_pair_mask,-0.26589267199459704,-0.29851964429491323,0.03262697230031615,0.04099180163967207,145,True
linear_c_state,gmr72_bridge_composite,B_to_C_to_A,fixed_ab_receiver_only,-0.26589267199459704,-0.29979954462760594,0.033906872633008935,0.09018196360727855,145,False
linear_c_state,gmr72_bridge_composite,B_to_C_to_A,fixed_c_receiver_boundary_only,-0.26589267199459704,-0.27575522322181784,0.00986255122722078,0.3473305338932214,145,False
linear_c_state,gmr72_bridge_composite,B_to_C_to_A,closure_scalar_only,-0.26589267199459704,-0.2994989677175547,0.03360629572295765,0.003799240151969606,145,True
linear_c_state,gmr72_bridge_composite,B_to_C_to_A,closure_2ode_local,-0.26589267199459704,-0.2983181046593765,0.03242543266477948,0.005198960207958408,145,True
linear_c_state,gmr72_bridge_composite,B_to_C_to_A,directed_transport_closure_control,-0.26589267199459704,-0.27777887914503874,0.011886207150441667,0.1947610477904419,145,False
linear_c_state,gmr72_bridge_composite,B_to_C_to_A,factorisation_3x8,-0.26589267199459704,-0.2795555173757008,0.013662845381103737,0.16996600679864027,145,False
linear_c_state,gmr72_bridge_composite,B_to_C_to_A,factorisation_2x2x6,-0.26589267199459704,-0.2962837650376715,0.030391093043074455,0.007998400319936013,145,True
linear_c_state,gmr72_bridge_composite,B_to_C_to_A,factorisation_path_consistent,-0.26589267199459704,-0.2997293661626925,0.0338366941680955,0.004599080183963208,145,True
linear_c_state,gmr72_bridge_composite,B_to_C_to_A,factorisation_path_shuffled,-0.26589267199459704,-0.2997293661626925,0.0338366941680955,0.0061987602479504095,145,True
linear_c_state,gmr72_bridge_composite,B_to_C_to_A,factorisation_path_mismatch_train_test,-0.26589267199459704,-0.2997293661626925,0.0338366941680955,0.005398920215956809,145,True
gmr72_phase_conditioned,z_reward,A_to_C_to_B,direction_label_only,-0.6531129980927801,-0.7298555650544621,0.07674256696168198,0.002599480103979204,145,True
gmr72_phase_conditioned,z_reward,A_to_C_to_B,communication_direction_only,-0.6531129980927801,-0.497945005814948,-0.1551679922778321,1.0,145,False
gmr72_phase_conditioned,z_reward,A_to_C_to_B,symmetric_midpoint_control,-0.6531129980927801,-0.5096629757830695,-0.1434500223097106,0.999000199960008,145,False
gmr72_phase_conditioned,z_reward,A_to_C_to_B,sender_receiver_transfer_control,-0.6531129980927801,-0.46510275812289453,-0.1880102399698855,1.0,145,False
gmr72_phase_conditioned,z_reward,A_to_C_to_B,asymmetric_standpoint_control,-0.6531129980927801,-0.49757869256657794,-0.15553430552620212,1.0,145,False
gmr72_phase_conditioned,z_reward,A_to_C_to_B,standpoint_inverted_control,-0.6531129980927801,-0.4623071684258354,-0.19080582966694468,0.9998000399920016,145,False
gmr72_phase_conditioned,z_reward,A_to_C_to_B,endpoint_o1o2_reference,-0.6531129980927801,-0.36334861819110453,-0.28976437990167553,1.0,145,False
gmr72_phase_conditioned,z_reward,A_to_C_to_B,endpoint_o1o2_direction_swapped,-0.6531129980927801,-0.7139714866288804,0.06085848853610029,0.022595480903819236,145,True
gmr72_phase_conditioned,z_reward,A_to_C_to_B,endpoint_o1o2_asymmetric_standpoint,-0.6531129980927801,-0.5934627588558814,-0.05965023923689861,0.9392121575684863,145,False
gmr72_phase_conditioned,z_reward,A_to_C_to_B,endpoint_o1o2_standpoint_inverted,-0.6531129980927801,-0.5582150036200266,-0.09489799447275345,0.9868026394721056,145,False
gmr72_phase_conditioned,z_reward,A_to_C_to_B,standpoint_consistent_split_operator,-0.6531129980927801,-0.5052767477610254,-0.14783625033175476,1.0,145,False
gmr72_phase_conditioned,z_reward,A_to_C_to_B,standpoint_inverted_split_operator,-0.6531129980927801,-0.4623071684258354,-0.19080582966694468,1.0,145,False
gmr72_phase_conditioned,z_reward,A_to_C_to_B,standpoint_operator_side_only,-0.6531129980927801,-0.4758223162294845,-0.1772906818632955,1.0,145,False
gmr72_phase_conditioned,z_reward,A_to_C_to_B,standpoint_wrong_operator_side_only,-0.6531129980927801,-0.4939982759969987,-0.15911472209578137,1.0,145,False
gmr72_phase_conditioned,z_reward,A_to_C_to_B,standpoint_consistent_operator_contrast,-0.6531129980927801,-0.5565567516091141,-0.09655624648366605,0.9984003199360127,145,False
gmr72_phase_conditioned,z_reward,A_to_C_to_B,standpoint_inverted_operator_contrast,-0.6531129980927801,-0.5559758122528394,-0.09713718583994065,0.9998000399920016,145,False
gmr72_phase_conditioned,z_reward,A_to_C_to_B,standpoint_contrast_with_side_polarity,-0.6531129980927801,-0.5454051266013691,-0.10770787149141098,0.9988002399520096,145,False
gmr72_phase_conditioned,z_reward,A_to_C_to_B,standpoint_inverted_contrast_with_side_polarity,-0.6531129980927801,-0.5449778424207332,-0.10813515567204676,0.9986002799440112,145,False
gmr72_phase_conditioned,z_reward,A_to_C_to_B,mismatch_train_consistent_test_inverted,-0.6531129980927801,-0.9559505226218297,0.30283752452904955,0.0001999600079984003,145,True
gmr72_phase_conditioned,z_reward,A_to_C_to_B,mismatch_train_endpoint_test_direction_swapped,-0.6531129980927801,-0.7044139379455961,0.051300939852816065,0.13257348530293941,145,False
gmr72_phase_conditioned,z_reward,A_to_C_to_B,fixed_b6p_direction_mask,-0.6531129980927801,-0.7034426448662683,0.05032964677348814,0.0021995600879824036,145,True
gmr72_phase_conditioned,z_reward,A_to_C_to_B,fixed_b6p_swapped_mask,-0.6531129980927801,-0.6999981734345483,0.046885175341768254,0.07958408318336332,145,False
gmr72_phase_conditioned,z_reward,A_to_C_to_B,fixed_receiver_pair_mask,-0.6531129980927801,-0.7548254370322822,0.1017124389395022,0.0005998800239952009,145,True
gmr72_phase_conditioned,z_reward,A_to_C_to_B,fixed_giver_pair_mask,-0.6531129980927801,-0.7250999050252666,0.07198690693248659,0.10777844431113777,145,False
gmr72_phase_conditioned,z_reward,A_to_C_to_B,fixed_ab_receiver_only,-0.6531129980927801,-0.7778379486625511,0.1247249505697711,0.01919616076784643,145,True
gmr72_phase_conditioned,z_reward,A_to_C_to_B,fixed_c_receiver_boundary_only,-0.6531129980927801,-0.6875120279422676,0.034399029849487416,0.21375724855028994,145,False
gmr72_phase_conditioned,z_reward,A_to_C_to_B,closure_scalar_only,-0.6531129980927801,-0.7322420618633447,0.07912906377056478,0.003199360127974405,145,True
gmr72_phase_conditioned,z_reward,A_to_C_to_B,closure_2ode_local,-0.6531129980927801,-0.7071669999073738,0.05405400181459362,0.041191761647670466,145,True
gmr72_phase_conditioned,z_reward,A_to_C_to_B,directed_transport_closure_control,-0.6531129980927801,-0.5454051266013691,-0.10770787149141098,1.0,145,False
gmr72_phase_conditioned,z_reward,A_to_C_to_B,factorisation_3x8,-0.6531129980927801,-0.5484553758159093,-0.10465762227687068,0.9992001599680064,145,False
gmr72_phase_conditioned,z_reward,A_to_C_to_B,factorisation_2x2x6,-0.6531129980927801,-0.7036324564657093,0.05051945837292919,0.03939212157568486,145,True
gmr72_phase_conditioned,z_reward,A_to_C_to_B,factorisation_path_consistent,-0.6531129980927801,-0.7353973084029012,0.08228431031012115,0.0009998000399920016,145,True
gmr72_phase_conditioned,z_reward,A_to_C_to_B,factorisation_path_shuffled,-0.6531129980927801,-0.7353973084029012,0.08228431031012115,0.001999600079984003,145,True
gmr72_phase_conditioned,z_reward,A_to_C_to_B,factorisation_path_mismatch_train_test,-0.6531129980927801,-0.7353973084029012,0.08228431031012115,0.0011997600479904018,145,True
gmr72_phase_conditioned,z_reward,B_to_C_to_A,direction_label_only,-0.6211451109858563,-0.7298555650544621,0.10871045406860577,0.0001999600079984003,145,True
gmr72_phase_conditioned,z_reward,B_to_C_to_A,communication_direction_only,-0.6211451109858563,-0.497945005814948,-0.12320010517090829,1.0,145,False
gmr72_phase_conditioned,z_reward,B_to_C_to_A,symmetric_midpoint_control,-0.6211451109858563,-0.5096629757830695,-0.11148213520278684,1.0,145,False
gmr72_phase_conditioned,z_reward,B_to_C_to_A,sender_receiver_transfer_control,-0.6211451109858563,-0.46510275812289453,-0.1560423528629617,1.0,145,False
gmr72_phase_conditioned,z_reward,B_to_C_to_A,asymmetric_standpoint_control,-0.6211451109858563,-0.4623071684258354,-0.15883794256002093,1.0,145,False
gmr72_phase_conditioned,z_reward,B_to_C_to_A,standpoint_inverted_control,-0.6211451109858563,-0.49757869256657794,-0.12356641841927832,1.0,145,False
gmr72_phase_conditioned,z_reward,B_to_C_to_A,endpoint_o1o2_reference,-0.6211451109858563,-0.36334861819110453,-0.2577964927947518,1.0,145,False
gmr72_phase_conditioned,z_reward,B_to_C_to_A,endpoint_o1o2_direction_swapped,-0.6211451109858563,-0.7139714866288804,0.09282637564302408,0.001999600079984003,145,True
gmr72_phase_conditioned,z_reward,B_to_C_to_A,endpoint_o1o2_asymmetric_standpoint,-0.6211451109858563,-0.5582150036200266,-0.06293010736582966,0.9584083183363328,145,False
gmr72_phase_conditioned,z_reward,B_to_C_to_A,endpoint_o1o2_standpoint_inverted,-0.6211451109858563,-0.5934627588558814,-0.027682352129974833,0.7770445910817837,145,False
gmr72_phase_conditioned,z_reward,B_to_C_to_A,standpoint_consistent_split_operator,-0.6211451109858563,-0.4623071684258354,-0.15883794256002093,1.0,145,False
gmr72_phase_conditioned,z_reward,B_to_C_to_A,standpoint_inverted_split_operator,-0.6211451109858563,-0.5052767477610254,-0.11586836322483099,0.9998000399920016,145,False
gmr72_phase_conditioned,z_reward,B_to_C_to_A,standpoint_operator_side_only,-0.6211451109858563,-0.4939982759969987,-0.12714683498885762,1.0,145,False
gmr72_phase_conditioned,z_reward,B_to_C_to_A,standpoint_wrong_operator_side_only,-0.6211451109858563,-0.4758223162294845,-0.1453227947563717,0.9996000799840032,145,False
gmr72_phase_conditioned,z_reward,B_to_C_to_A,standpoint_consistent_operator_contrast,-0.6211451109858563,-0.5559758122528394,-0.06516929873301688,0.9774045190961808,145,False
gmr72_phase_conditioned,z_reward,B_to_C_to_A,standpoint_inverted_operator_contrast,-0.6211451109858563,-0.5565567516091141,-0.06458835937674229,0.9744051189762047,145,False
gmr72_phase_conditioned,z_reward,B_to_C_to_A,standpoint_contrast_with_side_polarity,-0.6211451109858563,-0.5449778424207332,-0.07616726856512297,0.9948010397920416,145,False
gmr72_phase_conditioned,z_reward,B_to_C_to_A,standpoint_inverted_contrast_with_side_polarity,-0.6211451109858563,-0.5454051266013691,-0.0757399843844872,0.9946010797840432,145,False
gmr72_phase_conditioned,z_reward,B_to_C_to_A,mismatch_train_consistent_test_inverted,-0.6211451109858563,-0.956280461315234,0.3351353503293778,0.0001999600079984003,145,True
gmr72_phase_conditioned,z_reward,B_to_C_to_A,mismatch_train_endpoint_test_direction_swapped,-0.6211451109858563,-0.7044139379455961,0.08326882695973983,0.04279144171165767,145,True
gmr72_phase_conditioned,z_reward,B_to_C_to_A,fixed_b6p_direction_mask,-0.6211451109858563,-0.6999981734345483,0.07885306244869202,0.0005998800239952009,145,True
gmr72_phase_conditioned,z_reward,B_to_C_to_A,fixed_b6p_swapped_mask,-0.6211451109858563,-0.7034426448662683,0.08229753388041192,0.011597680463907219,145,True
gmr72_phase_conditioned,z_reward,B_to_C_to_A,fixed_receiver_pair_mask,-0.6211451109858563,-0.7250999050252666,0.10395479403941038,0.004399120175964807,145,True
gmr72_phase_conditioned,z_reward,B_to_C_to_A,fixed_giver_pair_mask,-0.6211451109858563,-0.7548254370322822,0.133680326046426,0.004399120175964807,145,True
gmr72_phase_conditioned,z_reward,B_to_C_to_A,fixed_ab_receiver_only,-0.6211451109858563,-0.7657525840567899,0.1446074730709336,0.02399520095980804,145,True
gmr72_phase_conditioned,z_reward,B_to_C_to_A,fixed_c_receiver_boundary_only,-0.6211451109858563,-0.6774668736804933,0.056321762694637026,0.1911617676464707,145,False
gmr72_phase_conditioned,z_reward,B_to_C_to_A,closure_scalar_only,-0.6211451109858563,-0.7322420618633447,0.11109695087748855,0.0001999600079984003,145,True
gmr72_phase_conditioned,z_reward,B_to_C_to_A,closure_2ode_local,-0.6211451109858563,-0.7072246627845006,0.08607955179864432,0.0001999600079984003,145,True
gmr72_phase_conditioned,z_reward,B_to_C_to_A,directed_transport_closure_control,-0.6211451109858563,-0.5449778424207332,-0.07616726856512297,0.9942011597680463,145,False
gmr72_phase_conditioned,z_reward,B_to_C_to_A,factorisation_3x8,-0.6211451109858563,-0.5452417713732137,-0.07590333961264259,0.9776044791041791,145,False
gmr72_phase_conditioned,z_reward,B_to_C_to_A,factorisation_2x2x6,-0.6211451109858563,-0.7045656055966765,0.08342049461082018,0.002599480103979204,145,True
gmr72_phase_conditioned,z_reward,B_to_C_to_A,factorisation_path_consistent,-0.6211451109858563,-0.7353973084029012,0.1142521974170449,0.0003999200159968006,145,True
gmr72_phase_conditioned,z_reward,B_to_C_to_A,factorisation_path_shuffled,-0.6211451109858563,-0.7353973084029012,0.1142521974170449,0.0003999200159968006,145,True
gmr72_phase_conditioned,z_reward,B_to_C_to_A,factorisation_path_mismatch_train_test,-0.6211451109858563,-0.7353973084029012,0.1142521974170449,0.0001999600079984003,145,True
gmr72_phase_conditioned,rank_reward,A_to_C_to_B,direction_label_only,-0.611060240177722,-0.6997511027990789,0.08869086262135693,0.0005998800239952009,145,True
gmr72_phase_conditioned,rank_reward,A_to_C_to_B,communication_direction_only,-0.611060240177722,-0.46405966266619847,-0.14700057751152365,1.0,145,False
gmr72_phase_conditioned,rank_reward,A_to_C_to_B,symmetric_midpoint_control,-0.611060240177722,-0.4935769602189241,-0.11748327995879793,0.9988002399520096,145,False
gmr72_phase_conditioned,rank_reward,A_to_C_to_B,sender_receiver_transfer_control,-0.611060240177722,-0.43782745878469503,-0.1732327813930271,1.0,145,False
gmr72_phase_conditioned,rank_reward,A_to_C_to_B,asymmetric_standpoint_control,-0.611060240177722,-0.46031851953707037,-0.15074172064065172,1.0,145,False
gmr72_phase_conditioned,rank_reward,A_to_C_to_B,standpoint_inverted_control,-0.611060240177722,-0.44741208782248215,-0.1636481523552398,1.0,145,False
gmr72_phase_conditioned,rank_reward,A_to_C_to_B,endpoint_o1o2_reference,-0.611060240177722,-0.3007770003191647,-0.3102832398585573,1.0,145,False
gmr72_phase_conditioned,rank_reward,A_to_C_to_B,endpoint_o1o2_direction_swapped,-0.611060240177722,-0.6877775746418667,0.07671733446414458,0.004599080183963208,145,True
gmr72_phase_conditioned,rank_reward,A_to_C_to_B,endpoint_o1o2_asymmetric_standpoint,-0.611060240177722,-0.5457897483935453,-0.06527049178417674,0.9530093981203759,145,False
gmr72_phase_conditioned,rank_reward,A_to_C_to_B,endpoint_o1o2_standpoint_inverted,-0.611060240177722,-0.5126391065242221,-0.09842113365349997,0.9912017596480703,145,False
gmr72_phase_conditioned,rank_reward,A_to_C_to_B,standpoint_consistent_split_operator,-0.611060240177722,-0.44810406175478606,-0.16295617842293605,1.0,145,False
gmr72_phase_conditioned,rank_reward,A_to_C_to_B,standpoint_inverted_split_operator,-0.611060240177722,-0.44741208782248215,-0.1636481523552398,0.9998000399920016,145,False
gmr72_phase_conditioned,rank_reward,A_to_C_to_B,standpoint_operator_side_only,-0.611060240177722,-0.4278118296561423,-0.18324841052157984,1.0,145,False
gmr72_phase_conditioned,rank_reward,A_to_C_to_B,standpoint_wrong_operator_side_only,-0.611060240177722,-0.4629835961544362,-0.14807664402328594,1.0,145,False
gmr72_phase_conditioned,rank_reward,A_to_C_to_B,standpoint_consistent_operator_contrast,-0.611060240177722,-0.5069593034938435,-0.10410093668387853,0.9992001599680064,145,False
gmr72_phase_conditioned,rank_reward,A_to_C_to_B,standpoint_inverted_operator_contrast,-0.611060240177722,-0.5061423217938689,-0.1049179183838532,0.9994001199760048,145,False
gmr72_phase_conditioned,rank_reward,A_to_C_to_B,standpoint_contrast_with_side_polarity,-0.611060240177722,-0.4973065315533394,-0.1137537086243826,0.9996000799840032,145,False
gmr72_phase_conditioned,rank_reward,A_to_C_to_B,standpoint_inverted_contrast_with_side_polarity,-0.611060240177722,-0.49689086506410596,-0.11416937511361618,0.999000199960008,145,False
gmr72_phase_conditioned,rank_reward,A_to_C_to_B,mismatch_train_consistent_test_inverted,-0.611060240177722,-0.9411755531982666,0.33011531302054453,0.0001999600079984003,145,True
gmr72_phase_conditioned,rank_reward,A_to_C_to_B,mismatch_train_endpoint_test_direction_swapped,-0.611060240177722,-0.6994353914853254,0.08837515130760336,0.01879624075184963,145,True
gmr72_phase_conditioned,rank_reward,A_to_C_to_B,fixed_b6p_direction_mask,-0.611060240177722,-0.6749016122290518,0.06384137205132966,0.0003999200159968006,145,True
gmr72_phase_conditioned,rank_reward,A_to_C_to_B,fixed_b6p_swapped_mask,-0.611060240177722,-0.6688923820567325,0.05783214187901037,0.04819036192761448,145,True
gmr72_phase_conditioned,rank_reward,A_to_C_to_B,fixed_receiver_pair_mask,-0.611060240177722,-0.7194404620924488,0.10838022191472677,0.0001999600079984003,145,True
gmr72_phase_conditioned,rank_reward,A_to_C_to_B,fixed_giver_pair_mask,-0.611060240177722,-0.6890301894703265,0.07796994929260445,0.10257948410317937,145,False
gmr72_phase_conditioned,rank_reward,A_to_C_to_B,fixed_ab_receiver_only,-0.611060240177722,-0.7410101104325606,0.12994987025483853,0.01759648070385923,145,True
gmr72_phase_conditioned,rank_reward,A_to_C_to_B,fixed_c_receiver_boundary_only,-0.611060240177722,-0.6773334232936837,0.06627318311596177,0.07738452309538092,145,False
gmr72_phase_conditioned,rank_reward,A_to_C_to_B,closure_scalar_only,-0.611060240177722,-0.702792791285148,0.09173255110742595,0.0007998400319936012,145,True
gmr72_phase_conditioned,rank_reward,A_to_C_to_B,closure_2ode_local,-0.611060240177722,-0.6766943568671097,0.0656341166893876,0.010797840431913617,145,True
gmr72_phase_conditioned,rank_reward,A_to_C_to_B,directed_transport_closure_control,-0.611060240177722,-0.4973065315533394,-0.1137537086243826,0.9988002399520096,145,False
gmr72_phase_conditioned,rank_reward,A_to_C_to_B,factorisation_3x8,-0.611060240177722,-0.4901503781717256,-0.1209098620059965,0.9994001199760048,145,False
gmr72_phase_conditioned,rank_reward,A_to_C_to_B,factorisation_2x2x6,-0.611060240177722,-0.6720237944207959,0.060963554243073856,0.016996600679864027,145,True
gmr72_phase_conditioned,rank_reward,A_to_C_to_B,factorisation_path_consistent,-0.611060240177722,-0.7058874481169811,0.09482720793925907,0.0005998800239952009,145,True
gmr72_phase_conditioned,rank_reward,A_to_C_to_B,factorisation_path_shuffled,-0.611060240177722,-0.7058874481169811,0.09482720793925907,0.0003999200159968006,145,True
gmr72_phase_conditioned,rank_reward,A_to_C_to_B,factorisation_path_mismatch_train_test,-0.611060240177722,-0.7058874481169811,0.09482720793925907,0.0003999200159968006,145,True
gmr72_phase_conditioned,rank_reward,B_to_C_to_A,direction_label_only,-0.5858147542221935,-0.6997511027990789,0.11393634857688549,0.0001999600079984003,145,True
gmr72_phase_conditioned,rank_reward,B_to_C_to_A,communication_direction_only,-0.5858147542221935,-0.46405966266619847,-0.1217550915559951,0.9998000399920016,145,False
gmr72_phase_conditioned,rank_reward,B_to_C_to_A,symmetric_midpoint_control,-0.5858147542221935,-0.4935769602189241,-0.09223779400326938,0.999000199960008,145,False
gmr72_phase_conditioned,rank_reward,B_to_C_to_A,sender_receiver_transfer_control,-0.5858147542221935,-0.43782745878469503,-0.14798729543749853,1.0,145,False
gmr72_phase_conditioned,rank_reward,B_to_C_to_A,asymmetric_standpoint_control,-0.5858147542221935,-0.44741208782248215,-0.13840266639971124,1.0,145,False
gmr72_phase_conditioned,rank_reward,B_to_C_to_A,standpoint_inverted_control,-0.5858147542221935,-0.46031851953707037,-0.1254962346851232,1.0,145,False
gmr72_phase_conditioned,rank_reward,B_to_C_to_A,endpoint_o1o2_reference,-0.5858147542221935,-0.3007770003191647,-0.2850377539030289,1.0,145,False
gmr72_phase_conditioned,rank_reward,B_to_C_to_A,endpoint_o1o2_direction_swapped,-0.5858147542221935,-0.6877775746418667,0.10196282041967311,0.0003999200159968006,145,True
gmr72_phase_conditioned,rank_reward,B_to_C_to_A,endpoint_o1o2_asymmetric_standpoint,-0.5858147542221935,-0.5126391065242221,-0.07317564769797143,0.9812037592481504,145,False
gmr72_phase_conditioned,rank_reward,B_to_C_to_A,endpoint_o1o2_standpoint_inverted,-0.5858147542221935,-0.5457897483935453,-0.04002500582864821,0.8818236352729454,145,False
gmr72_phase_conditioned,rank_reward,B_to_C_to_A,standpoint_consistent_split_operator,-0.5858147542221935,-0.44741208782248215,-0.13840266639971124,1.0,145,False
gmr72_phase_conditioned,rank_reward,B_to_C_to_A,standpoint_inverted_split_operator,-0.5858147542221935,-0.44810406175478606,-0.13771069246740753,1.0,145,False
gmr72_phase_conditioned,rank_reward,B_to_C_to_A,standpoint_operator_side_only,-0.5858147542221935,-0.4629835961544362,-0.12283115806775742,1.0,145,False
gmr72_phase_conditioned,rank_reward,B_to_C_to_A,standpoint_wrong_operator_side_only,-0.5858147542221935,-0.4278118296561423,-0.15800292456605125,1.0,145,False
gmr72_phase_conditioned,rank_reward,B_to_C_to_A,standpoint_consistent_operator_contrast,-0.5858147542221935,-0.5061423217938689,-0.07967243242832465,0.9976004799040192,145,False
gmr72_phase_conditioned,rank_reward,B_to_C_to_A,standpoint_inverted_operator_contrast,-0.5858147542221935,-0.5069593034938435,-0.07885545072834999,0.9982003599280144,145,False
gmr72_phase_conditioned,rank_reward,B_to_C_to_A,standpoint_contrast_with_side_polarity,-0.5858147542221935,-0.49689086506410596,-0.08892388915808763,0.9992001599680064,145,False
gmr72_phase_conditioned,rank_reward,B_to_C_to_A,standpoint_inverted_contrast_with_side_polarity,-0.5858147542221935,-0.4973065315533394,-0.08850822266885407,0.9992001599680064,145,False
gmr72_phase_conditioned,rank_reward,B_to_C_to_A,mismatch_train_consistent_test_inverted,-0.5858147542221935,-0.9413476828337942,0.3555329286116008,0.0001999600079984003,145,True
gmr72_phase_conditioned,rank_reward,B_to_C_to_A,mismatch_train_endpoint_test_direction_swapped,-0.5858147542221935,-0.6994353914853254,0.1136206372631319,0.0023995200959808036,145,True
gmr72_phase_conditioned,rank_reward,B_to_C_to_A,fixed_b6p_direction_mask,-0.5858147542221935,-0.6688923820567325,0.08307762783453891,0.0001999600079984003,145,True
gmr72_phase_conditioned,rank_reward,B_to_C_to_A,fixed_b6p_swapped_mask,-0.5858147542221935,-0.6749016122290518,0.08908685800685819,0.002999400119976005,145,True
gmr72_phase_conditioned,rank_reward,B_to_C_to_A,fixed_receiver_pair_mask,-0.5858147542221935,-0.6890301894703265,0.10321543524813298,0.0057988402319536095,145,True
gmr72_phase_conditioned,rank_reward,B_to_C_to_A,fixed_giver_pair_mask,-0.5858147542221935,-0.7194404620924488,0.1336257078702553,0.004799040191961607,145,True
gmr72_phase_conditioned,rank_reward,B_to_C_to_A,fixed_ab_receiver_only,-0.5858147542221935,-0.7240143979168345,0.13819964369464113,0.029194161167766446,145,True
gmr72_phase_conditioned,rank_reward,B_to_C_to_A,fixed_c_receiver_boundary_only,-0.5858147542221935,-0.6618792644291491,0.07606451020695562,0.10857828434313137,145,False
gmr72_phase_conditioned,rank_reward,B_to_C_to_A,closure_scalar_only,-0.5858147542221935,-0.702792791285148,0.11697803706295448,0.0001999600079984003,145,True
gmr72_phase_conditioned,rank_reward,B_to_C_to_A,closure_2ode_local,-0.5858147542221935,-0.6768434999406883,0.09102874571849476,0.0005998800239952009,145,True
gmr72_phase_conditioned,rank_reward,B_to_C_to_A,directed_transport_closure_control,-0.5858147542221935,-0.49689086506410596,-0.08892388915808763,0.9994001199760048,145,False
gmr72_phase_conditioned,rank_reward,B_to_C_to_A,factorisation_3x8,-0.5858147542221935,-0.48701822641056436,-0.09879652781162915,0.9992001599680064,145,False
gmr72_phase_conditioned,rank_reward,B_to_C_to_A,factorisation_2x2x6,-0.5858147542221935,-0.6741686403752531,0.08835388615305971,0.0015996800639872025,145,True
gmr72_phase_conditioned,rank_reward,B_to_C_to_A,factorisation_path_consistent,-0.5858147542221935,-0.7058874481169811,0.12007269389478761,0.0001999600079984003,145,True
gmr72_phase_conditioned,rank_reward,B_to_C_to_A,factorisation_path_shuffled,-0.5858147542221935,-0.7058874481169811,0.12007269389478761,0.0001999600079984003,145,True
gmr72_phase_conditioned,rank_reward,B_to_C_to_A,factorisation_path_mismatch_train_test,-0.5858147542221935,-0.7058874481169811,0.12007269389478761,0.0001999600079984003,145,True
gmr72_phase_conditioned,gmr72_bridge_composite,A_to_C_to_B,direction_label_only,-0.2751099825828901,-0.2991238685236019,0.02401388594071183,0.023395320935812838,145,True
gmr72_phase_conditioned,gmr72_bridge_composite,A_to_C_to_B,communication_direction_only,-0.2751099825828901,-0.2682140446732297,-0.006895937909660441,0.7208558288342332,145,False
gmr72_phase_conditioned,gmr72_bridge_composite,A_to_C_to_B,symmetric_midpoint_control,-0.2751099825828901,-0.2627695551818676,-0.01234042740102244,0.854629074185163,145,False
gmr72_phase_conditioned,gmr72_bridge_composite,A_to_C_to_B,sender_receiver_transfer_control,-0.2751099825828901,-0.2555660750440413,-0.019543907538848822,0.9544091181763648,145,False
gmr72_phase_conditioned,gmr72_bridge_composite,A_to_C_to_B,asymmetric_standpoint_control,-0.2751099825828901,-0.26414277800457575,-0.010967204578314446,0.8328334333133374,145,False
gmr72_phase_conditioned,gmr72_bridge_composite,A_to_C_to_B,standpoint_inverted_control,-0.2751099825828901,-0.25561681492536376,-0.01949316765752638,0.9618076384723055,145,False
gmr72_phase_conditioned,gmr72_bridge_composite,A_to_C_to_B,endpoint_o1o2_reference,-0.2751099825828901,-0.23770635075286214,-0.03740363183002798,0.999000199960008,145,False
gmr72_phase_conditioned,gmr72_bridge_composite,A_to_C_to_B,endpoint_o1o2_direction_swapped,-0.2751099825828901,-0.29918324679770575,0.02407326421481559,0.027394521095780843,145,True
gmr72_phase_conditioned,gmr72_bridge_composite,A_to_C_to_B,endpoint_o1o2_asymmetric_standpoint,-0.2751099825828901,-0.27060760078676493,-0.004502381796125178,0.6706658668266346,145,False
gmr72_phase_conditioned,gmr72_bridge_composite,A_to_C_to_B,endpoint_o1o2_standpoint_inverted,-0.2751099825828901,-0.2727730865834613,-0.0023368959994288546,0.5660867826434713,145,False
gmr72_phase_conditioned,gmr72_bridge_composite,A_to_C_to_B,standpoint_consistent_split_operator,-0.2751099825828901,-0.25953872739401707,-0.01557125518887305,0.8986202759448111,145,False
gmr72_phase_conditioned,gmr72_bridge_composite,A_to_C_to_B,standpoint_inverted_split_operator,-0.2751099825828901,-0.25561681492536376,-0.01949316765752638,0.9596080783843232,145,False
gmr72_phase_conditioned,gmr72_bridge_composite,A_to_C_to_B,standpoint_operator_side_only,-0.2751099825828901,-0.2617038415029886,-0.013406141079901566,0.8830233953209358,145,False
gmr72_phase_conditioned,gmr72_bridge_composite,A_to_C_to_B,standpoint_wrong_operator_side_only,-0.2751099825828901,-0.26581740513241725,-0.00929257745047283,0.8060387922415517,145,False
gmr72_phase_conditioned,gmr72_bridge_composite,A_to_C_to_B,standpoint_consistent_operator_contrast,-0.2751099825828901,-0.2781304963905934,0.0030205138077032128,0.39732053589282146,145,False
gmr72_phase_conditioned,gmr72_bridge_composite,A_to_C_to_B,standpoint_inverted_operator_contrast,-0.2751099825828901,-0.2782063638972377,0.0030963813143475593,0.40371925614877024,145,False
gmr72_phase_conditioned,gmr72_bridge_composite,A_to_C_to_B,standpoint_contrast_with_side_polarity,-0.2751099825828901,-0.277540368974208,0.0024303863913179386,0.42391521695660866,145,False
gmr72_phase_conditioned,gmr72_bridge_composite,A_to_C_to_B,standpoint_inverted_contrast_with_side_polarity,-0.2751099825828901,-0.27777887914503874,0.002668896562148596,0.4305138972205559,145,False
gmr72_phase_conditioned,gmr72_bridge_composite,A_to_C_to_B,mismatch_train_consistent_test_inverted,-0.2751099825828901,-0.3259659145291325,0.05085593194624239,0.0001999600079984003,145,True
gmr72_phase_conditioned,gmr72_bridge_composite,A_to_C_to_B,mismatch_train_endpoint_test_direction_swapped,-0.2751099825828901,-0.2905519617973288,0.015441979214438725,0.09178164367126575,145,False
gmr72_phase_conditioned,gmr72_bridge_composite,A_to_C_to_B,fixed_b6p_direction_mask,-0.2751099825828901,-0.28309361020844004,0.007983627625549898,0.033993201359728054,145,True
gmr72_phase_conditioned,gmr72_bridge_composite,A_to_C_to_B,fixed_b6p_swapped_mask,-0.2751099825828901,-0.2793789140360616,0.004268931453171432,0.33413317336532694,145,False
gmr72_phase_conditioned,gmr72_bridge_composite,A_to_C_to_B,fixed_receiver_pair_mask,-0.2751099825828901,-0.29851964429491323,0.023409661712023085,0.028194361127774445,145,True
gmr72_phase_conditioned,gmr72_bridge_composite,A_to_C_to_B,fixed_giver_pair_mask,-0.2751099825828901,-0.2797680428647361,0.0046580602818459505,0.4003199360127974,145,False
gmr72_phase_conditioned,gmr72_bridge_composite,A_to_C_to_B,fixed_ab_receiver_only,-0.2751099825828901,-0.3150044062570734,0.03989442367418323,0.033593281343731254,145,True
gmr72_phase_conditioned,gmr72_bridge_composite,A_to_C_to_B,fixed_c_receiver_boundary_only,-0.2751099825828901,-0.2791036079757425,0.0039936253928524205,0.40691861627674464,145,False
gmr72_phase_conditioned,gmr72_bridge_composite,A_to_C_to_B,closure_scalar_only,-0.2751099825828901,-0.2994989677175547,0.024388985134664583,0.016596680663867228,145,True
gmr72_phase_conditioned,gmr72_bridge_composite,A_to_C_to_B,closure_2ode_local,-0.2751099825828901,-0.2982929163838436,0.023182933800953442,0.02539492101579684,145,True
gmr72_phase_conditioned,gmr72_bridge_composite,A_to_C_to_B,directed_transport_closure_control,-0.2751099825828901,-0.277540368974208,0.0024303863913179386,0.4185162967406519,145,False
gmr72_phase_conditioned,gmr72_bridge_composite,A_to_C_to_B,factorisation_3x8,-0.2751099825828901,-0.2793245497927606,0.004214567209870479,0.3703259348130374,145,False
gmr72_phase_conditioned,gmr72_bridge_composite,A_to_C_to_B,factorisation_2x2x6,-0.2751099825828901,-0.2962985307600595,0.021188548177169392,0.039192161567686463,145,True
gmr72_phase_conditioned,gmr72_bridge_composite,A_to_C_to_B,factorisation_path_consistent,-0.2751099825828901,-0.2997293661626925,0.02461938357980243,0.01919616076784643,145,True
gmr72_phase_conditioned,gmr72_bridge_composite,A_to_C_to_B,factorisation_path_shuffled,-0.2751099825828901,-0.2997293661626925,0.02461938357980243,0.01759648070385923,145,True
gmr72_phase_conditioned,gmr72_bridge_composite,A_to_C_to_B,factorisation_path_mismatch_train_test,-0.2751099825828901,-0.2997293661626925,0.02461938357980243,0.022395520895820836,145,True
gmr72_phase_conditioned,gmr72_bridge_composite,B_to_C_to_A,direction_label_only,-0.2684102044177958,-0.2991238685236019,0.03071366410580616,0.007398520295940812,145,True
gmr72_phase_conditioned,gmr72_bridge_composite,B_to_C_to_A,communication_direction_only,-0.2684102044177958,-0.2682140446732297,-0.00019615974456611523,0.5008998200359928,145,False
gmr72_phase_conditioned,gmr72_bridge_composite,B_to_C_to_A,symmetric_midpoint_control,-0.2684102044177958,-0.2627695551818676,-0.005640649235928112,0.708258348330334,145,False
gmr72_phase_conditioned,gmr72_bridge_composite,B_to_C_to_A,sender_receiver_transfer_control,-0.2684102044177958,-0.2555660750440413,-0.012844129373754495,0.8902219556088782,145,False
gmr72_phase_conditioned,gmr72_bridge_composite,B_to_C_to_A,asymmetric_standpoint_control,-0.2684102044177958,-0.25561681492536376,-0.012793389492432052,0.8986202759448111,145,False
gmr72_phase_conditioned,gmr72_bridge_composite,B_to_C_to_A,standpoint_inverted_control,-0.2684102044177958,-0.26414277800457575,-0.00426742641322012,0.6480703859228154,145,False
gmr72_phase_conditioned,gmr72_bridge_composite,B_to_C_to_A,endpoint_o1o2_reference,-0.2684102044177958,-0.23770635075286214,-0.03070385366493364,0.9962007598480304,145,False
gmr72_phase_conditioned,gmr72_bridge_composite,B_to_C_to_A,endpoint_o1o2_direction_swapped,-0.2684102044177958,-0.29918324679770575,0.030773042379909913,0.007398520295940812,145,True
gmr72_phase_conditioned,gmr72_bridge_composite,B_to_C_to_A,endpoint_o1o2_asymmetric_standpoint,-0.2684102044177958,-0.2727730865834613,0.0043628821656654685,0.3787242551489702,145,False
gmr72_phase_conditioned,gmr72_bridge_composite,B_to_C_to_A,endpoint_o1o2_standpoint_inverted,-0.2684102044177958,-0.27060760078676493,0.0021973963689691494,0.42091581683663265,145,False
gmr72_phase_conditioned,gmr72_bridge_composite,B_to_C_to_A,standpoint_consistent_split_operator,-0.2684102044177958,-0.25561681492536376,-0.012793389492432052,0.8926214757048591,145,False
gmr72_phase_conditioned,gmr72_bridge_composite,B_to_C_to_A,standpoint_inverted_split_operator,-0.2684102044177958,-0.25953872739401707,-0.008871477023778726,0.7620475904819036,145,False
gmr72_phase_conditioned,gmr72_bridge_composite,B_to_C_to_A,standpoint_operator_side_only,-0.2684102044177958,-0.26581740513241725,-0.0025927992853784975,0.5854829034193162,145,False
gmr72_phase_conditioned,gmr72_bridge_composite,B_to_C_to_A,standpoint_wrong_operator_side_only,-0.2684102044177958,-0.2617038415029886,-0.006706362914807244,0.713257348530294,145,False
gmr72_phase_conditioned,gmr72_bridge_composite,B_to_C_to_A,standpoint_consistent_operator_contrast,-0.2684102044177958,-0.2782063638972377,0.009796159479441886,0.22715456908618276,145,False
gmr72_phase_conditioned,gmr72_bridge_composite,B_to_C_to_A,standpoint_inverted_operator_contrast,-0.2684102044177958,-0.2781304963905934,0.00972029197279754,0.23155368926214756,145,False
gmr72_phase_conditioned,gmr72_bridge_composite,B_to_C_to_A,standpoint_contrast_with_side_polarity,-0.2684102044177958,-0.27777887914503874,0.009368674727242924,0.2473505298940212,145,False
gmr72_phase_conditioned,gmr72_bridge_composite,B_to_C_to_A,standpoint_inverted_contrast_with_side_polarity,-0.2684102044177958,-0.277540368974208,0.00913016455641227,0.23735252949410118,145,False
gmr72_phase_conditioned,gmr72_bridge_composite,B_to_C_to_A,mismatch_train_consistent_test_inverted,-0.2684102044177958,-0.3258250038981841,0.05741479948038826,0.0001999600079984003,145,True
gmr72_phase_conditioned,gmr72_bridge_composite,B_to_C_to_A,mismatch_train_endpoint_test_direction_swapped,-0.2684102044177958,-0.2905519617973288,0.02214175737953305,0.03699260147970406,145,True
gmr72_phase_conditioned,gmr72_bridge_composite,B_to_C_to_A,fixed_b6p_direction_mask,-0.2684102044177958,-0.2793789140360616,0.01096870961826576,0.001799640071985603,145,True
gmr72_phase_conditioned,gmr72_bridge_composite,B_to_C_to_A,fixed_b6p_swapped_mask,-0.2684102044177958,-0.28309361020844004,0.014683405790644226,0.11477704459108179,145,False
gmr72_phase_conditioned,gmr72_bridge_composite,B_to_C_to_A,fixed_receiver_pair_mask,-0.2684102044177958,-0.2797680428647361,0.01135783844694028,0.16676664667066587,145,False
gmr72_phase_conditioned,gmr72_bridge_composite,B_to_C_to_A,fixed_giver_pair_mask,-0.2684102044177958,-0.29851964429491323,0.030109439877117405,0.057388522295540895,145,False
gmr72_phase_conditioned,gmr72_bridge_composite,B_to_C_to_A,fixed_ab_receiver_only,-0.2684102044177958,-0.29979954462760594,0.0313893402098102,0.09878024395120975,145,False
gmr72_phase_conditioned,gmr72_bridge_composite,B_to_C_to_A,fixed_c_receiver_boundary_only,-0.2684102044177958,-0.27575522322181784,0.007345018804022032,0.38132373525294944,145,False
gmr72_phase_conditioned,gmr72_bridge_composite,B_to_C_to_A,closure_scalar_only,-0.2684102044177958,-0.2994989677175547,0.03108876329975891,0.004999000199960008,145,True
gmr72_phase_conditioned,gmr72_bridge_composite,B_to_C_to_A,closure_2ode_local,-0.2684102044177958,-0.2983181046593765,0.02990790024158073,0.009598080383923215,145,True
gmr72_phase_conditioned,gmr72_bridge_composite,B_to_C_to_A,directed_transport_closure_control,-0.2684102044177958,-0.27777887914503874,0.009368674727242924,0.2453509298140372,145,False
gmr72_phase_conditioned,gmr72_bridge_composite,B_to_C_to_A,factorisation_3x8,-0.2684102044177958,-0.2795555173757008,0.011145312957904992,0.21715656868626274,145,False
gmr72_phase_conditioned,gmr72_bridge_composite,B_to_C_to_A,factorisation_2x2x6,-0.2684102044177958,-0.2962837650376715,0.027873560619875712,0.013797240551889621,145,True
gmr72_phase_conditioned,gmr72_bridge_composite,B_to_C_to_A,factorisation_path_consistent,-0.2684102044177958,-0.2997293661626925,0.031319161744896754,0.006998600279944011,145,True
gmr72_phase_conditioned,gmr72_bridge_composite,B_to_C_to_A,factorisation_path_shuffled,-0.2684102044177958,-0.2997293661626925,0.031319161744896754,0.006998600279944011,145,True
gmr72_phase_conditioned,gmr72_bridge_composite,B_to_C_to_A,factorisation_path_mismatch_train_test,-0.2684102044177958,-0.2997293661626925,0.031319161744896754,0.00639872025594881,145,True
fes_string_conditioned,z_reward,A_to_C_to_B,direction_label_only,-0.6987493910311149,-0.7298555650544621,0.0311061740233472,0.10597880423915217,145,False
fes_string_conditioned,z_reward,A_to_C_to_B,communication_direction_only,-0.6987493910311149,-0.497945005814948,-0.20080438521616686,1.0,145,False
fes_string_conditioned,z_reward,A_to_C_to_B,symmetric_midpoint_control,-0.6987493910311149,-0.5096629757830695,-0.1890864152480454,1.0,145,False
fes_string_conditioned,z_reward,A_to_C_to_B,sender_receiver_transfer_control,-0.6987493910311149,-0.46510275812289453,-0.2336466329082203,1.0,145,False
fes_string_conditioned,z_reward,A_to_C_to_B,asymmetric_standpoint_control,-0.6987493910311149,-0.49757869256657794,-0.2011706984645369,1.0,145,False
fes_string_conditioned,z_reward,A_to_C_to_B,standpoint_inverted_control,-0.6987493910311149,-0.4623071684258354,-0.23644222260527953,1.0,145,False
fes_string_conditioned,z_reward,A_to_C_to_B,endpoint_o1o2_reference,-0.6987493910311149,-0.36334861819110453,-0.33540077284001035,1.0,145,False
fes_string_conditioned,z_reward,A_to_C_to_B,endpoint_o1o2_direction_swapped,-0.6987493910311149,-0.7139714866288804,0.015222095597765509,0.3015396920615877,145,False
fes_string_conditioned,z_reward,A_to_C_to_B,endpoint_o1o2_asymmetric_standpoint,-0.6987493910311149,-0.5934627588558814,-0.10528663217523339,0.9982003599280144,145,False
fes_string_conditioned,z_reward,A_to_C_to_B,endpoint_o1o2_standpoint_inverted,-0.6987493910311149,-0.5582150036200266,-0.1405343874110882,0.9988002399520096,145,False
fes_string_conditioned,z_reward,A_to_C_to_B,standpoint_consistent_split_operator,-0.6987493910311149,-0.5052767477610254,-0.1934726432700895,1.0,145,False
fes_string_conditioned,z_reward,A_to_C_to_B,standpoint_inverted_split_operator,-0.6987493910311149,-0.4623071684258354,-0.23644222260527953,1.0,145,False
fes_string_conditioned,z_reward,A_to_C_to_B,standpoint_operator_side_only,-0.6987493910311149,-0.4758223162294845,-0.22292707480163032,1.0,145,False
fes_string_conditioned,z_reward,A_to_C_to_B,standpoint_wrong_operator_side_only,-0.6987493910311149,-0.4939982759969987,-0.2047511150341162,1.0,145,False
fes_string_conditioned,z_reward,A_to_C_to_B,standpoint_consistent_operator_contrast,-0.6987493910311149,-0.5565567516091141,-0.1421926394220008,1.0,145,False
fes_string_conditioned,z_reward,A_to_C_to_B,standpoint_inverted_operator_contrast,-0.6987493910311149,-0.5559758122528394,-0.14277357877827543,1.0,145,False
fes_string_conditioned,z_reward,A_to_C_to_B,standpoint_contrast_with_side_polarity,-0.6987493910311149,-0.5454051266013691,-0.15334426442974577,1.0,145,False
fes_string_conditioned,z_reward,A_to_C_to_B,standpoint_inverted_contrast_with_side_polarity,-0.6987493910311149,-0.5449778424207332,-0.15377154861038153,1.0,145,False
fes_string_conditioned,z_reward,A_to_C_to_B,mismatch_train_consistent_test_inverted,-0.6987493910311149,-0.9559505226218297,0.2572011315907148,0.0001999600079984003,145,True
fes_string_conditioned,z_reward,A_to_C_to_B,mismatch_train_endpoint_test_direction_swapped,-0.6987493910311149,-0.7044139379455961,0.0056645469144812905,0.45450909818036395,145,False
fes_string_conditioned,z_reward,A_to_C_to_B,fixed_b6p_direction_mask,-0.6987493910311149,-0.7034426448662683,0.004693253835153357,0.33293341331733656,145,False
fes_string_conditioned,z_reward,A_to_C_to_B,fixed_b6p_swapped_mask,-0.6987493910311149,-0.6999981734345483,0.0012487824034334636,0.47570485902819437,145,False
fes_string_conditioned,z_reward,A_to_C_to_B,fixed_receiver_pair_mask,-0.6987493910311149,-0.7548254370322822,0.056076046001167425,0.020395920815836834,145,True
fes_string_conditioned,z_reward,A_to_C_to_B,fixed_giver_pair_mask,-0.6987493910311149,-0.7250999050252666,0.026350513994151805,0.32693461307738453,145,False
fes_string_conditioned,z_reward,A_to_C_to_B,fixed_ab_receiver_only,-0.6987493910311149,-0.7778379486625511,0.07908855763143628,0.09398120375924815,145,False
fes_string_conditioned,z_reward,A_to_C_to_B,fixed_c_receiver_boundary_only,-0.6987493910311149,-0.6875120279422676,-0.011237363088847372,0.590881823635273,145,False
fes_string_conditioned,z_reward,A_to_C_to_B,closure_scalar_only,-0.6987493910311149,-0.7322420618633447,0.033492670832229995,0.08098380323935213,145,False
fes_string_conditioned,z_reward,A_to_C_to_B,closure_2ode_local,-0.6987493910311149,-0.7071669999073738,0.008417608876258833,0.3785242951409718,145,False
fes_string_conditioned,z_reward,A_to_C_to_B,directed_transport_closure_control,-0.6987493910311149,-0.5454051266013691,-0.15334426442974577,1.0,145,False
fes_string_conditioned,z_reward,A_to_C_to_B,factorisation_3x8,-0.6987493910311149,-0.5484553758159093,-0.15029401521520547,1.0,145,False
fes_string_conditioned,z_reward,A_to_C_to_B,factorisation_2x2x6,-0.6987493910311149,-0.7036324564657093,0.0048830654345944045,0.4329134173165367,145,False
fes_string_conditioned,z_reward,A_to_C_to_B,factorisation_path_consistent,-0.6987493910311149,-0.7353973084029012,0.03664791737178636,0.0639872025594881,145,False
fes_string_conditioned,z_reward,A_to_C_to_B,factorisation_path_shuffled,-0.6987493910311149,-0.7353973084029012,0.03664791737178636,0.05818836232753449,145,False
fes_string_conditioned,z_reward,A_to_C_to_B,factorisation_path_mismatch_train_test,-0.6987493910311149,-0.7353973084029012,0.03664791737178636,0.0627874425114977,145,False
fes_string_conditioned,z_reward,B_to_C_to_A,direction_label_only,-0.6878924566826311,-0.7298555650544621,0.04196310837183094,0.041991601679664065,145,True
fes_string_conditioned,z_reward,B_to_C_to_A,communication_direction_only,-0.6878924566826311,-0.497945005814948,-0.18994745086768314,1.0,145,False
fes_string_conditioned,z_reward,B_to_C_to_A,symmetric_midpoint_control,-0.6878924566826311,-0.5096629757830695,-0.17822948089956164,1.0,145,False
fes_string_conditioned,z_reward,B_to_C_to_A,sender_receiver_transfer_control,-0.6878924566826311,-0.46510275812289453,-0.22278969855973652,1.0,145,False
fes_string_conditioned,z_reward,B_to_C_to_A,asymmetric_standpoint_control,-0.6878924566826311,-0.4623071684258354,-0.22558528825679575,1.0,145,False
fes_string_conditioned,z_reward,B_to_C_to_A,standpoint_inverted_control,-0.6878924566826311,-0.49757869256657794,-0.19031376411605314,1.0,145,False
fes_string_conditioned,z_reward,B_to_C_to_A,endpoint_o1o2_reference,-0.6878924566826311,-0.36334861819110453,-0.32454383849152657,1.0,145,False
fes_string_conditioned,z_reward,B_to_C_to_A,endpoint_o1o2_direction_swapped,-0.6878924566826311,-0.7139714866288804,0.02607902994624925,0.1923615276944611,145,False
fes_string_conditioned,z_reward,B_to_C_to_A,endpoint_o1o2_asymmetric_standpoint,-0.6878924566826311,-0.5582150036200266,-0.12967745306260448,0.9996000799840032,145,False
fes_string_conditioned,z_reward,B_to_C_to_A,endpoint_o1o2_standpoint_inverted,-0.6878924566826311,-0.5934627588558814,-0.09442969782674965,0.9946010797840432,145,False
fes_string_conditioned,z_reward,B_to_C_to_A,standpoint_consistent_split_operator,-0.6878924566826311,-0.4623071684258354,-0.22558528825679575,1.0,145,False
fes_string_conditioned,z_reward,B_to_C_to_A,standpoint_inverted_split_operator,-0.6878924566826311,-0.5052767477610254,-0.1826157089216058,1.0,145,False
fes_string_conditioned,z_reward,B_to_C_to_A,standpoint_operator_side_only,-0.6878924566826311,-0.4939982759969987,-0.19389418068563244,1.0,145,False
fes_string_conditioned,z_reward,B_to_C_to_A,standpoint_wrong_operator_side_only,-0.6878924566826311,-0.4758223162294845,-0.21207014045314654,1.0,145,False
fes_string_conditioned,z_reward,B_to_C_to_A,standpoint_consistent_operator_contrast,-0.6878924566826311,-0.5559758122528394,-0.13191664442979173,1.0,145,False
fes_string_conditioned,z_reward,B_to_C_to_A,standpoint_inverted_operator_contrast,-0.6878924566826311,-0.5565567516091141,-0.1313357050735171,1.0,145,False
fes_string_conditioned,z_reward,B_to_C_to_A,standpoint_contrast_with_side_polarity,-0.6878924566826311,-0.5449778424207332,-0.1429146142618978,1.0,145,False
fes_string_conditioned,z_reward,B_to_C_to_A,standpoint_inverted_contrast_with_side_polarity,-0.6878924566826311,-0.5454051266013691,-0.14248733008126205,1.0,145,False
fes_string_conditioned,z_reward,B_to_C_to_A,mismatch_train_consistent_test_inverted,-0.6878924566826311,-0.956280461315234,0.268388004632603,0.0001999600079984003,145,True
fes_string_conditioned,z_reward,B_to_C_to_A,mismatch_train_endpoint_test_direction_swapped,-0.6878924566826311,-0.7044139379455961,0.01652148126296502,0.34393121375724856,145,False
fes_string_conditioned,z_reward,B_to_C_to_A,fixed_b6p_direction_mask,-0.6878924566826311,-0.6999981734345483,0.012105716751917206,0.21555688862227554,145,False
fes_string_conditioned,z_reward,B_to_C_to_A,fixed_b6p_swapped_mask,-0.6878924566826311,-0.7034426448662683,0.0155501881836371,0.3199360127974405,145,False
fes_string_conditioned,z_reward,B_to_C_to_A,fixed_receiver_pair_mask,-0.6878924566826311,-0.7250999050252666,0.037207448342635556,0.15016996600679863,145,False
fes_string_conditioned,z_reward,B_to_C_to_A,fixed_giver_pair_mask,-0.6878924566826311,-0.7548254370322822,0.06693298034965116,0.08918216356728655,145,False
fes_string_conditioned,z_reward,B_to_C_to_A,fixed_ab_receiver_only,-0.6878924566826311,-0.7657525840567899,0.07786012737415879,0.14477104579084182,145,False
fes_string_conditioned,z_reward,B_to_C_to_A,fixed_c_receiver_boundary_only,-0.6878924566826311,-0.6774668736804933,-0.01042558300213779,0.5548890221955609,145,False
fes_string_conditioned,z_reward,B_to_C_to_A,closure_scalar_only,-0.6878924566826311,-0.7322420618633447,0.04434960518071373,0.03139372125574885,145,True
fes_string_conditioned,z_reward,B_to_C_to_A,closure_2ode_local,-0.6878924566826311,-0.7072246627845006,0.019332206101869507,0.22835432913417317,145,False
fes_string_conditioned,z_reward,B_to_C_to_A,directed_transport_closure_control,-0.6878924566826311,-0.5449778424207332,-0.1429146142618978,1.0,145,False
fes_string_conditioned,z_reward,B_to_C_to_A,factorisation_3x8,-0.6878924566826311,-0.5452417713732137,-0.1426506853094174,1.0,145,False
fes_string_conditioned,z_reward,B_to_C_to_A,factorisation_2x2x6,-0.6878924566826311,-0.7045656055966765,0.016673148914045366,0.2559488102379524,145,False
fes_string_conditioned,z_reward,B_to_C_to_A,factorisation_path_consistent,-0.6878924566826311,-0.7353973084029012,0.0475048517202701,0.028794241151769647,145,True
fes_string_conditioned,z_reward,B_to_C_to_A,factorisation_path_shuffled,-0.6878924566826311,-0.7353973084029012,0.0475048517202701,0.03199360127974405,145,True
fes_string_conditioned,z_reward,B_to_C_to_A,factorisation_path_mismatch_train_test,-0.6878924566826311,-0.7353973084029012,0.0475048517202701,0.03139372125574885,145,True
fes_string_conditioned,rank_reward,A_to_C_to_B,direction_label_only,-0.657570387593165,-0.6997511027990789,0.04218071520591403,0.04239152169566087,145,True
fes_string_conditioned,rank_reward,A_to_C_to_B,communication_direction_only,-0.657570387593165,-0.46405966266619847,-0.19351072492696655,1.0,145,False
fes_string_conditioned,rank_reward,A_to_C_to_B,symmetric_midpoint_control,-0.657570387593165,-0.4935769602189241,-0.16399342737424083,1.0,145,False
fes_string_conditioned,rank_reward,A_to_C_to_B,sender_receiver_transfer_control,-0.657570387593165,-0.43782745878469503,-0.21974292880847002,1.0,145,False
fes_string_conditioned,rank_reward,A_to_C_to_B,asymmetric_standpoint_control,-0.657570387593165,-0.46031851953707037,-0.19725186805609463,1.0,145,False
fes_string_conditioned,rank_reward,A_to_C_to_B,standpoint_inverted_control,-0.657570387593165,-0.44741208782248215,-0.21015829977068273,1.0,145,False
fes_string_conditioned,rank_reward,A_to_C_to_B,endpoint_o1o2_reference,-0.657570387593165,-0.3007770003191647,-0.3567933872740003,1.0,145,False
fes_string_conditioned,rank_reward,A_to_C_to_B,endpoint_o1o2_direction_swapped,-0.657570387593165,-0.6877775746418667,0.030207187048701668,0.13437312537492502,145,False
fes_string_conditioned,rank_reward,A_to_C_to_B,endpoint_o1o2_asymmetric_standpoint,-0.657570387593165,-0.5457897483935453,-0.11178063919961964,0.9988002399520096,145,False
fes_string_conditioned,rank_reward,A_to_C_to_B,endpoint_o1o2_standpoint_inverted,-0.657570387593165,-0.5126391065242221,-0.14493128106894287,1.0,145,False
fes_string_conditioned,rank_reward,A_to_C_to_B,standpoint_consistent_split_operator,-0.657570387593165,-0.44810406175478606,-0.20946632583837893,1.0,145,False
fes_string_conditioned,rank_reward,A_to_C_to_B,standpoint_inverted_split_operator,-0.657570387593165,-0.44741208782248215,-0.21015829977068273,1.0,145,False
fes_string_conditioned,rank_reward,A_to_C_to_B,standpoint_operator_side_only,-0.657570387593165,-0.4278118296561423,-0.22975855793702274,1.0,145,False
fes_string_conditioned,rank_reward,A_to_C_to_B,standpoint_wrong_operator_side_only,-0.657570387593165,-0.4629835961544362,-0.19458679143872887,1.0,145,False
fes_string_conditioned,rank_reward,A_to_C_to_B,standpoint_consistent_operator_contrast,-0.657570387593165,-0.5069593034938435,-0.15061108409932142,1.0,145,False
fes_string_conditioned,rank_reward,A_to_C_to_B,standpoint_inverted_operator_contrast,-0.657570387593165,-0.5061423217938689,-0.15142806579929613,1.0,145,False
fes_string_conditioned,rank_reward,A_to_C_to_B,standpoint_contrast_with_side_polarity,-0.657570387593165,-0.4973065315533394,-0.16026385603982554,1.0,145,False
fes_string_conditioned,rank_reward,A_to_C_to_B,standpoint_inverted_contrast_with_side_polarity,-0.657570387593165,-0.49689086506410596,-0.1606795225290591,1.0,145,False
fes_string_conditioned,rank_reward,A_to_C_to_B,mismatch_train_consistent_test_inverted,-0.657570387593165,-0.9411755531982666,0.2836051656051016,0.0001999600079984003,145,True
fes_string_conditioned,rank_reward,A_to_C_to_B,mismatch_train_endpoint_test_direction_swapped,-0.657570387593165,-0.6994353914853254,0.041865003892160454,0.14737052589482103,145,False
fes_string_conditioned,rank_reward,A_to_C_to_B,fixed_b6p_direction_mask,-0.657570387593165,-0.6749016122290518,0.01733122463588674,0.04339132173565287,145,True
fes_string_conditioned,rank_reward,A_to_C_to_B,fixed_b6p_swapped_mask,-0.657570387593165,-0.6688923820567325,0.011321994463567455,0.36112777444511096,145,False
fes_string_conditioned,rank_reward,A_to_C_to_B,fixed_receiver_pair_mask,-0.657570387593165,-0.7194404620924488,0.06187007449928385,0.007398520295940812,145,True
fes_string_conditioned,rank_reward,A_to_C_to_B,fixed_giver_pair_mask,-0.657570387593165,-0.6890301894703265,0.03145980187716152,0.29994001199760045,145,False
fes_string_conditioned,rank_reward,A_to_C_to_B,fixed_ab_receiver_only,-0.657570387593165,-0.7410101104325606,0.08343972283939562,0.0643871225754849,145,False
fes_string_conditioned,rank_reward,A_to_C_to_B,fixed_c_receiver_boundary_only,-0.657570387593165,-0.6773334232936837,0.01976303570051883,0.32673465306938615,145,False
fes_string_conditioned,rank_reward,A_to_C_to_B,closure_scalar_only,-0.657570387593165,-0.702792791285148,0.04522240369198303,0.02959408118376325,145,True
fes_string_conditioned,rank_reward,A_to_C_to_B,closure_2ode_local,-0.657570387593165,-0.6766943568671097,0.01912396927394468,0.22495500899820037,145,False
fes_string_conditioned,rank_reward,A_to_C_to_B,directed_transport_closure_control,-0.657570387593165,-0.4973065315533394,-0.16026385603982554,1.0,145,False
fes_string_conditioned,rank_reward,A_to_C_to_B,factorisation_3x8,-0.657570387593165,-0.4901503781717256,-0.16742000942143942,1.0,145,False
fes_string_conditioned,rank_reward,A_to_C_to_B,factorisation_2x2x6,-0.657570387593165,-0.6720237944207959,0.01445340682763094,0.29834033193361326,145,False
fes_string_conditioned,rank_reward,A_to_C_to_B,factorisation_path_consistent,-0.657570387593165,-0.7058874481169811,0.04831706052381615,0.020195960807838434,145,True
fes_string_conditioned,rank_reward,A_to_C_to_B,factorisation_path_shuffled,-0.657570387593165,-0.7058874481169811,0.04831706052381615,0.01759648070385923,145,True
fes_string_conditioned,rank_reward,A_to_C_to_B,factorisation_path_mismatch_train_test,-0.657570387593165,-0.7058874481169811,0.04831706052381615,0.022595480903819236,145,True
fes_string_conditioned,rank_reward,B_to_C_to_A,direction_label_only,-0.6488932104865325,-0.6997511027990789,0.05085789231254656,0.009598080383923215,145,True
fes_string_conditioned,rank_reward,B_to_C_to_A,communication_direction_only,-0.6488932104865325,-0.46405966266619847,-0.18483354782033404,1.0,145,False
fes_string_conditioned,rank_reward,B_to_C_to_A,symmetric_midpoint_control,-0.6488932104865325,-0.4935769602189241,-0.15531625026760834,1.0,145,False
fes_string_conditioned,rank_reward,B_to_C_to_A,sender_receiver_transfer_control,-0.6488932104865325,-0.43782745878469503,-0.21106575170183747,1.0,145,False
fes_string_conditioned,rank_reward,B_to_C_to_A,asymmetric_standpoint_control,-0.6488932104865325,-0.44741208782248215,-0.20148112266405022,1.0,145,False
fes_string_conditioned,rank_reward,B_to_C_to_A,standpoint_inverted_control,-0.6488932104865325,-0.46031851953707037,-0.18857469094946214,1.0,145,False
fes_string_conditioned,rank_reward,B_to_C_to_A,endpoint_o1o2_reference,-0.6488932104865325,-0.3007770003191647,-0.3481162101673678,1.0,145,False
fes_string_conditioned,rank_reward,B_to_C_to_A,endpoint_o1o2_direction_swapped,-0.6488932104865325,-0.6877775746418667,0.038884364155334195,0.0611877624475105,145,False
fes_string_conditioned,rank_reward,B_to_C_to_A,endpoint_o1o2_asymmetric_standpoint,-0.6488932104865325,-0.5126391065242221,-0.13625410396231036,1.0,145,False
fes_string_conditioned,rank_reward,B_to_C_to_A,endpoint_o1o2_standpoint_inverted,-0.6488932104865325,-0.5457897483935453,-0.10310346209298714,0.9988002399520096,145,False
fes_string_conditioned,rank_reward,B_to_C_to_A,standpoint_consistent_split_operator,-0.6488932104865325,-0.44741208782248215,-0.20148112266405022,1.0,145,False
fes_string_conditioned,rank_reward,B_to_C_to_A,standpoint_inverted_split_operator,-0.6488932104865325,-0.44810406175478606,-0.20078914873174644,1.0,145,False
fes_string_conditioned,rank_reward,B_to_C_to_A,standpoint_operator_side_only,-0.6488932104865325,-0.4629835961544362,-0.18590961433209632,1.0,145,False
fes_string_conditioned,rank_reward,B_to_C_to_A,standpoint_wrong_operator_side_only,-0.6488932104865325,-0.4278118296561423,-0.2210813808303902,1.0,145,False
fes_string_conditioned,rank_reward,B_to_C_to_A,standpoint_consistent_operator_contrast,-0.6488932104865325,-0.5061423217938689,-0.14275088869266356,1.0,145,False
fes_string_conditioned,rank_reward,B_to_C_to_A,standpoint_inverted_operator_contrast,-0.6488932104865325,-0.5069593034938435,-0.14193390699268893,1.0,145,False
fes_string_conditioned,rank_reward,B_to_C_to_A,standpoint_contrast_with_side_polarity,-0.6488932104865325,-0.49689086506410596,-0.15200234542242658,1.0,145,False
fes_string_conditioned,rank_reward,B_to_C_to_A,standpoint_inverted_contrast_with_side_polarity,-0.6488932104865325,-0.4973065315533394,-0.151586678933193,1.0,145,False
fes_string_conditioned,rank_reward,B_to_C_to_A,mismatch_train_consistent_test_inverted,-0.6488932104865325,-0.9413476828337942,0.29245447234726185,0.0001999600079984003,145,True
fes_string_conditioned,rank_reward,B_to_C_to_A,mismatch_train_endpoint_test_direction_swapped,-0.6488932104865325,-0.6994353914853254,0.050542180998792985,0.10217956408718257,145,False
fes_string_conditioned,rank_reward,B_to_C_to_A,fixed_b6p_direction_mask,-0.6488932104865325,-0.6688923820567325,0.019999171570199977,0.07998400319936012,145,False
fes_string_conditioned,rank_reward,B_to_C_to_A,fixed_b6p_swapped_mask,-0.6488932104865325,-0.6749016122290518,0.02600840174251927,0.21875624875024996,145,False
fes_string_conditioned,rank_reward,B_to_C_to_A,fixed_receiver_pair_mask,-0.6488932104865325,-0.6890301894703265,0.04013697898379404,0.1251749650069986,145,False
fes_string_conditioned,rank_reward,B_to_C_to_A,fixed_giver_pair_mask,-0.6488932104865325,-0.7194404620924488,0.07054725160591638,0.08258348330333934,145,False
fes_string_conditioned,rank_reward,B_to_C_to_A,fixed_ab_receiver_only,-0.6488932104865325,-0.7240143979168345,0.07512118743030219,0.14177164567086584,145,False
fes_string_conditioned,rank_reward,B_to_C_to_A,fixed_c_receiver_boundary_only,-0.6488932104865325,-0.6618792644291491,0.012986053942616696,0.4133173365326935,145,False
fes_string_conditioned,rank_reward,B_to_C_to_A,closure_scalar_only,-0.6488932104865325,-0.702792791285148,0.05389958079861555,0.007998400319936013,145,True
fes_string_conditioned,rank_reward,B_to_C_to_A,closure_2ode_local,-0.6488932104865325,-0.6768434999406883,0.02795028945415582,0.1331733653269346,145,False
fes_string_conditioned,rank_reward,B_to_C_to_A,directed_transport_closure_control,-0.6488932104865325,-0.49689086506410596,-0.15200234542242658,1.0,145,False
fes_string_conditioned,rank_reward,B_to_C_to_A,factorisation_3x8,-0.6488932104865325,-0.48701822641056436,-0.1618749840759681,1.0,145,False
fes_string_conditioned,rank_reward,B_to_C_to_A,factorisation_2x2x6,-0.6488932104865325,-0.6741686403752531,0.025275429888720797,0.16116776644671066,145,False
fes_string_conditioned,rank_reward,B_to_C_to_A,factorisation_path_consistent,-0.6488932104865325,-0.7058874481169811,0.056994237630448676,0.007598480303939212,145,True
fes_string_conditioned,rank_reward,B_to_C_to_A,factorisation_path_shuffled,-0.6488932104865325,-0.7058874481169811,0.056994237630448676,0.009798040391921616,145,True
fes_string_conditioned,rank_reward,B_to_C_to_A,factorisation_path_mismatch_train_test,-0.6488932104865325,-0.7058874481169811,0.056994237630448676,0.007398520295940812,145,True
fes_string_conditioned,gmr72_bridge_composite,A_to_C_to_B,direction_label_only,-0.2809320730862229,-0.2991238685236019,0.01819179543737904,0.03459308138372325,145,True
fes_string_conditioned,gmr72_bridge_composite,A_to_C_to_B,communication_direction_only,-0.2809320730862229,-0.2682140446732297,-0.012718028412993236,0.8932213557288542,145,False
fes_string_conditioned,gmr72_bridge_composite,A_to_C_to_B,symmetric_midpoint_control,-0.2809320730862229,-0.2627695551818676,-0.01816251790435523,0.9494101179764047,145,False
fes_string_conditioned,gmr72_bridge_composite,A_to_C_to_B,sender_receiver_transfer_control,-0.2809320730862229,-0.2555660750440413,-0.025365998042181613,0.9858028394321136,145,False
fes_string_conditioned,gmr72_bridge_composite,A_to_C_to_B,asymmetric_standpoint_control,-0.2809320730862229,-0.26414277800457575,-0.016789295081647237,0.9404119176164767,145,False
fes_string_conditioned,gmr72_bridge_composite,A_to_C_to_B,standpoint_inverted_control,-0.2809320730862229,-0.25561681492536376,-0.02531525816085917,0.9856028794241152,145,False
fes_string_conditioned,gmr72_bridge_composite,A_to_C_to_B,endpoint_o1o2_reference,-0.2809320730862229,-0.23770635075286214,-0.043225722333360764,1.0,145,False
fes_string_conditioned,gmr72_bridge_composite,A_to_C_to_B,endpoint_o1o2_direction_swapped,-0.2809320730862229,-0.29918324679770575,0.018251173711482795,0.046790641871625675,145,True
fes_string_conditioned,gmr72_bridge_composite,A_to_C_to_B,endpoint_o1o2_asymmetric_standpoint,-0.2809320730862229,-0.27060760078676493,-0.010324472299457972,0.8356328734253149,145,False
fes_string_conditioned,gmr72_bridge_composite,A_to_C_to_B,endpoint_o1o2_standpoint_inverted,-0.2809320730862229,-0.2727730865834613,-0.008158986502761652,0.7580483903219356,145,False
fes_string_conditioned,gmr72_bridge_composite,A_to_C_to_B,standpoint_consistent_split_operator,-0.2809320730862229,-0.25953872739401707,-0.02139334569220584,0.9756048790241951,145,False
fes_string_conditioned,gmr72_bridge_composite,A_to_C_to_B,standpoint_inverted_split_operator,-0.2809320730862229,-0.25561681492536376,-0.02531525816085917,0.9854029194161168,145,False
fes_string_conditioned,gmr72_bridge_composite,A_to_C_to_B,standpoint_operator_side_only,-0.2809320730862229,-0.2617038415029886,-0.019228231583234362,0.9662067586482703,145,False
fes_string_conditioned,gmr72_bridge_composite,A_to_C_to_B,standpoint_wrong_operator_side_only,-0.2809320730862229,-0.26581740513241725,-0.01511466795380562,0.9336132773445311,145,False
fes_string_conditioned,gmr72_bridge_composite,A_to_C_to_B,standpoint_consistent_operator_contrast,-0.2809320730862229,-0.2781304963905934,-0.0028015766956295783,0.6014797040591882,145,False
fes_string_conditioned,gmr72_bridge_composite,A_to_C_to_B,standpoint_inverted_operator_contrast,-0.2809320730862229,-0.2782063638972377,-0.002725709188985232,0.613877224555089,145,False
fes_string_conditioned,gmr72_bridge_composite,A_to_C_to_B,standpoint_contrast_with_side_polarity,-0.2809320730862229,-0.277540368974208,-0.0033917041120148502,0.6296740651869626,145,False
fes_string_conditioned,gmr72_bridge_composite,A_to_C_to_B,standpoint_inverted_contrast_with_side_polarity,-0.2809320730862229,-0.27777887914503874,-0.003153193941184194,0.6336732653469306,145,False
fes_string_conditioned,gmr72_bridge_composite,A_to_C_to_B,mismatch_train_consistent_test_inverted,-0.2809320730862229,-0.3259659145291325,0.04503384144290959,0.0003999200159968006,145,True
fes_string_conditioned,gmr72_bridge_composite,A_to_C_to_B,mismatch_train_endpoint_test_direction_swapped,-0.2809320730862229,-0.2905519617973288,0.009619888711105931,0.17596480703859227,145,False
fes_string_conditioned,gmr72_bridge_composite,A_to_C_to_B,fixed_b6p_direction_mask,-0.2809320730862229,-0.28309361020844004,0.0021615371222171082,0.11197760447910418,145,False
fes_string_conditioned,gmr72_bridge_composite,A_to_C_to_B,fixed_b6p_swapped_mask,-0.2809320730862229,-0.2793789140360616,-0.0015531590501613598,0.5748850229954009,145,False
fes_string_conditioned,gmr72_bridge_composite,A_to_C_to_B,fixed_receiver_pair_mask,-0.2809320730862229,-0.29851964429491323,0.017587571208690294,0.047190561887622474,145,True
fes_string_conditioned,gmr72_bridge_composite,A_to_C_to_B,fixed_giver_pair_mask,-0.2809320730862229,-0.2797680428647361,-0.0011640302214868414,0.5180963807238552,145,False
fes_string_conditioned,gmr72_bridge_composite,A_to_C_to_B,fixed_ab_receiver_only,-0.2809320730862229,-0.3150044062570734,0.03407233317085043,0.04099180163967207,145,True
fes_string_conditioned,gmr72_bridge_composite,A_to_C_to_B,fixed_c_receiver_boundary_only,-0.2809320730862229,-0.2791036079757425,-0.001828465110480371,0.5368926214757048,145,False
fes_string_conditioned,gmr72_bridge_composite,A_to_C_to_B,closure_scalar_only,-0.2809320730862229,-0.2994989677175547,0.018566894631331793,0.02539492101579684,145,True
fes_string_conditioned,gmr72_bridge_composite,A_to_C_to_B,closure_2ode_local,-0.2809320730862229,-0.2982929163838436,0.01736084329762065,0.04019196160767846,145,True
fes_string_conditioned,gmr72_bridge_composite,A_to_C_to_B,directed_transport_closure_control,-0.2809320730862229,-0.277540368974208,-0.0033917041120148502,0.6406718656268746,145,False
fes_string_conditioned,gmr72_bridge_composite,A_to_C_to_B,factorisation_3x8,-0.2809320730862229,-0.2793245497927606,-0.0016075232934623092,0.5600879824035193,145,False
fes_string_conditioned,gmr72_bridge_composite,A_to_C_to_B,factorisation_2x2x6,-0.2809320730862229,-0.2962985307600595,0.015366457673836596,0.060787842431513694,145,False
fes_string_conditioned,gmr72_bridge_composite,A_to_C_to_B,factorisation_path_consistent,-0.2809320730862229,-0.2997293661626925,0.018797293076469636,0.029394121175764846,145,True
fes_string_conditioned,gmr72_bridge_composite,A_to_C_to_B,factorisation_path_shuffled,-0.2809320730862229,-0.2997293661626925,0.018797293076469636,0.02979404119176165,145,True
fes_string_conditioned,gmr72_bridge_composite,A_to_C_to_B,factorisation_path_mismatch_train_test,-0.2809320730862229,-0.2997293661626925,0.018797293076469636,0.028394321135772844,145,True
fes_string_conditioned,gmr72_bridge_composite,B_to_C_to_A,direction_label_only,-0.2781034299650956,-0.2991238685236019,0.021020438558506344,0.026194761047790442,145,True
fes_string_conditioned,gmr72_bridge_composite,B_to_C_to_A,communication_direction_only,-0.2781034299650956,-0.2682140446732297,-0.009889385291865924,0.8480303939212157,145,False
fes_string_conditioned,gmr72_bridge_composite,B_to_C_to_A,symmetric_midpoint_control,-0.2781034299650956,-0.2627695551818676,-0.015333874783227919,0.9426114777044591,145,False
fes_string_conditioned,gmr72_bridge_composite,B_to_C_to_A,sender_receiver_transfer_control,-0.2781034299650956,-0.2555660750440413,-0.0225373549210543,0.9898020395920816,145,False
fes_string_conditioned,gmr72_bridge_composite,B_to_C_to_A,asymmetric_standpoint_control,-0.2781034299650956,-0.25561681492536376,-0.022486615039731858,0.991001799640072,145,False
fes_string_conditioned,gmr72_bridge_composite,B_to_C_to_A,standpoint_inverted_control,-0.2781034299650956,-0.26414277800457575,-0.013960651960519928,0.9218156368726255,145,False
fes_string_conditioned,gmr72_bridge_composite,B_to_C_to_A,endpoint_o1o2_reference,-0.2781034299650956,-0.23770635075286214,-0.040397079212233455,1.0,145,False
fes_string_conditioned,gmr72_bridge_composite,B_to_C_to_A,endpoint_o1o2_direction_swapped,-0.2781034299650956,-0.29918324679770575,0.021079816832610107,0.026794641071785644,145,True
fes_string_conditioned,gmr72_bridge_composite,B_to_C_to_A,endpoint_o1o2_asymmetric_standpoint,-0.2781034299650956,-0.2727730865834613,-0.00533034338163434,0.6734653069386123,145,False
fes_string_conditioned,gmr72_bridge_composite,B_to_C_to_A,endpoint_o1o2_standpoint_inverted,-0.2781034299650956,-0.27060760078676493,-0.0074958291783306635,0.7726454709058188,145,False
fes_string_conditioned,gmr72_bridge_composite,B_to_C_to_A,standpoint_consistent_split_operator,-0.2781034299650956,-0.25561681492536376,-0.022486615039731858,0.9916016796640672,145,False
fes_string_conditioned,gmr72_bridge_composite,B_to_C_to_A,standpoint_inverted_split_operator,-0.2781034299650956,-0.25953872739401707,-0.018564702571078534,0.9492101579684064,145,False
fes_string_conditioned,gmr72_bridge_composite,B_to_C_to_A,standpoint_operator_side_only,-0.2781034299650956,-0.26581740513241725,-0.01228602483267831,0.9022195560887822,145,False
fes_string_conditioned,gmr72_bridge_composite,B_to_C_to_A,standpoint_wrong_operator_side_only,-0.2781034299650956,-0.2617038415029886,-0.016399588462107054,0.9280143971205759,145,False
fes_string_conditioned,gmr72_bridge_composite,B_to_C_to_A,standpoint_consistent_operator_contrast,-0.2781034299650956,-0.2782063638972377,0.00010293393214207624,0.4871025794841032,145,False
fes_string_conditioned,gmr72_bridge_composite,B_to_C_to_A,standpoint_inverted_operator_contrast,-0.2781034299650956,-0.2781304963905934,2.7066425497730648e-05,0.495500899820036,145,False
fes_string_conditioned,gmr72_bridge_composite,B_to_C_to_A,standpoint_contrast_with_side_polarity,-0.2781034299650956,-0.27777887914503874,-0.0003245508200568857,0.521495700859828,145,False
fes_string_conditioned,gmr72_bridge_composite,B_to_C_to_A,standpoint_inverted_contrast_with_side_polarity,-0.2781034299650956,-0.277540368974208,-0.0005630609908875428,0.5168966206758648,145,False
fes_string_conditioned,gmr72_bridge_composite,B_to_C_to_A,mismatch_train_consistent_test_inverted,-0.2781034299650956,-0.3258250038981841,0.04772157393308845,0.0001999600079984003,145,True
fes_string_conditioned,gmr72_bridge_composite,B_to_C_to_A,mismatch_train_endpoint_test_direction_swapped,-0.2781034299650956,-0.2905519617973288,0.012448531832233241,0.11677664467106579,145,False
fes_string_conditioned,gmr72_bridge_composite,B_to_C_to_A,fixed_b6p_direction_mask,-0.2781034299650956,-0.2793789140360616,0.0012754840709659496,0.249750049990002,145,False
fes_string_conditioned,gmr72_bridge_composite,B_to_C_to_A,fixed_b6p_swapped_mask,-0.2781034299650956,-0.28309361020844004,0.004990180243344415,0.3143371325734853,145,False
fes_string_conditioned,gmr72_bridge_composite,B_to_C_to_A,fixed_receiver_pair_mask,-0.2781034299650956,-0.2797680428647361,0.001664612899640471,0.4511097780443911,145,False
fes_string_conditioned,gmr72_bridge_composite,B_to_C_to_A,fixed_giver_pair_mask,-0.2781034299650956,-0.29851964429491323,0.0204162143298176,0.1321735652869426,145,False
fes_string_conditioned,gmr72_bridge_composite,B_to_C_to_A,fixed_ab_receiver_only,-0.2781034299650956,-0.29979954462760594,0.021696114662510382,0.1893621275744851,145,False
fes_string_conditioned,gmr72_bridge_composite,B_to_C_to_A,fixed_c_receiver_boundary_only,-0.2781034299650956,-0.27575522322181784,-0.0023482067432777733,0.5380923815236952,145,False
fes_string_conditioned,gmr72_bridge_composite,B_to_C_to_A,closure_scalar_only,-0.2781034299650956,-0.2994989677175547,0.021395537752459098,0.020795840831833633,145,True
fes_string_conditioned,gmr72_bridge_composite,B_to_C_to_A,closure_2ode_local,-0.2781034299650956,-0.2983181046593765,0.020214674694280923,0.03119376124775045,145,True
fes_string_conditioned,gmr72_bridge_composite,B_to_C_to_A,directed_transport_closure_control,-0.2781034299650956,-0.27777887914503874,-0.0003245508200568857,0.5126974605078984,145,False
fes_string_conditioned,gmr72_bridge_composite,B_to_C_to_A,factorisation_3x8,-0.2781034299650956,-0.2795555173757008,0.0014520874106051813,0.4537092581483703,145,False
fes_string_conditioned,gmr72_bridge_composite,B_to_C_to_A,factorisation_2x2x6,-0.2781034299650956,-0.2962837650376715,0.018180335072575902,0.047590481903619274,145,True
fes_string_conditioned,gmr72_bridge_composite,B_to_C_to_A,factorisation_path_consistent,-0.2781034299650956,-0.2997293661626925,0.021625936197596948,0.022395520895820836,145,True
fes_string_conditioned,gmr72_bridge_composite,B_to_C_to_A,factorisation_path_shuffled,-0.2781034299650956,-0.2997293661626925,0.021625936197596948,0.023795240951809637,145,True
fes_string_conditioned,gmr72_bridge_composite,B_to_C_to_A,factorisation_path_mismatch_train_test,-0.2781034299650956,-0.2997293661626925,0.021625936197596948,0.02559488102379524,145,True
combined_c_fes_gmr72,z_reward,A_to_C_to_B,direction_label_only,-0.6955771814545567,-0.7298555650544621,0.034278383599905295,0.11437712457508498,145,False
combined_c_fes_gmr72,z_reward,A_to_C_to_B,communication_direction_only,-0.6955771814545567,-0.497945005814948,-0.19763217563960875,1.0,145,False
combined_c_fes_gmr72,z_reward,A_to_C_to_B,symmetric_midpoint_control,-0.6955771814545567,-0.5096629757830695,-0.1859142056714873,1.0,145,False
combined_c_fes_gmr72,z_reward,A_to_C_to_B,sender_receiver_transfer_control,-0.6955771814545567,-0.46510275812289453,-0.2304744233316622,1.0,145,False
combined_c_fes_gmr72,z_reward,A_to_C_to_B,asymmetric_standpoint_control,-0.6955771814545567,-0.49757869256657794,-0.1979984888879788,1.0,145,False
combined_c_fes_gmr72,z_reward,A_to_C_to_B,standpoint_inverted_control,-0.6955771814545567,-0.4623071684258354,-0.23327001302872136,1.0,145,False
combined_c_fes_gmr72,z_reward,A_to_C_to_B,endpoint_o1o2_reference,-0.6955771814545567,-0.36334861819110453,-0.33222856326345224,1.0,145,False
combined_c_fes_gmr72,z_reward,A_to_C_to_B,endpoint_o1o2_direction_swapped,-0.6955771814545567,-0.7139714866288804,0.0183943051743236,0.28314337132573486,145,False
combined_c_fes_gmr72,z_reward,A_to_C_to_B,endpoint_o1o2_asymmetric_standpoint,-0.6955771814545567,-0.5934627588558814,-0.1021144225986753,0.9942011597680463,145,False
combined_c_fes_gmr72,z_reward,A_to_C_to_B,endpoint_o1o2_standpoint_inverted,-0.6955771814545567,-0.5582150036200266,-0.1373621778345301,0.999000199960008,145,False
combined_c_fes_gmr72,z_reward,A_to_C_to_B,standpoint_consistent_split_operator,-0.6955771814545567,-0.5052767477610254,-0.19030043369353145,1.0,145,False
combined_c_fes_gmr72,z_reward,A_to_C_to_B,standpoint_inverted_split_operator,-0.6955771814545567,-0.4623071684258354,-0.23327001302872136,1.0,145,False
combined_c_fes_gmr72,z_reward,A_to_C_to_B,standpoint_operator_side_only,-0.6955771814545567,-0.4758223162294845,-0.21975486522507218,1.0,145,False
combined_c_fes_gmr72,z_reward,A_to_C_to_B,standpoint_wrong_operator_side_only,-0.6955771814545567,-0.4939982759969987,-0.20157890545755805,1.0,145,False
combined_c_fes_gmr72,z_reward,A_to_C_to_B,standpoint_consistent_operator_contrast,-0.6955771814545567,-0.5565567516091141,-0.13902042984544274,1.0,145,False
combined_c_fes_gmr72,z_reward,A_to_C_to_B,standpoint_inverted_operator_contrast,-0.6955771814545567,-0.5559758122528394,-0.13960136920171737,0.9998000399920016,145,False
combined_c_fes_gmr72,z_reward,A_to_C_to_B,standpoint_contrast_with_side_polarity,-0.6955771814545567,-0.5454051266013691,-0.1501720548531877,1.0,145,False
combined_c_fes_gmr72,z_reward,A_to_C_to_B,standpoint_inverted_contrast_with_side_polarity,-0.6955771814545567,-0.5449778424207332,-0.15059933903382344,1.0,145,False
combined_c_fes_gmr72,z_reward,A_to_C_to_B,mismatch_train_consistent_test_inverted,-0.6955771814545567,-0.9559505226218297,0.26037334116727284,0.0001999600079984003,145,True
combined_c_fes_gmr72,z_reward,A_to_C_to_B,mismatch_train_endpoint_test_direction_swapped,-0.6955771814545567,-0.7044139379455961,0.008836756491039375,0.42191561687662466,145,False
combined_c_fes_gmr72,z_reward,A_to_C_to_B,fixed_b6p_direction_mask,-0.6955771814545567,-0.7034426448662683,0.007865463411711448,0.34293141371725655,145,False
combined_c_fes_gmr72,z_reward,A_to_C_to_B,fixed_b6p_swapped_mask,-0.6955771814545567,-0.6999981734345483,0.004420991979991561,0.45710857828434315,145,False
combined_c_fes_gmr72,z_reward,A_to_C_to_B,fixed_receiver_pair_mask,-0.6955771814545567,-0.7548254370322822,0.0592482555777255,0.03099380123975205,145,True
combined_c_fes_gmr72,z_reward,A_to_C_to_B,fixed_giver_pair_mask,-0.6955771814545567,-0.7250999050252666,0.029522723570709893,0.3197360527894421,145,False
combined_c_fes_gmr72,z_reward,A_to_C_to_B,fixed_ab_receiver_only,-0.6955771814545567,-0.7778379486625511,0.08226076720799438,0.09578084383123375,145,False
combined_c_fes_gmr72,z_reward,A_to_C_to_B,fixed_c_receiver_boundary_only,-0.6955771814545567,-0.6875120279422676,-0.008065153512289272,0.5764847030593881,145,False
combined_c_fes_gmr72,z_reward,A_to_C_to_B,closure_scalar_only,-0.6955771814545567,-0.7322420618633447,0.036664880408788084,0.10617876424715057,145,False
combined_c_fes_gmr72,z_reward,A_to_C_to_B,closure_2ode_local,-0.6955771814545567,-0.7071669999073738,0.011589818452816916,0.3649270145970806,145,False
combined_c_fes_gmr72,z_reward,A_to_C_to_B,directed_transport_closure_control,-0.6955771814545567,-0.5454051266013691,-0.1501720548531877,1.0,145,False
combined_c_fes_gmr72,z_reward,A_to_C_to_B,factorisation_3x8,-0.6955771814545567,-0.5484553758159093,-0.14712180563864738,1.0,145,False
combined_c_fes_gmr72,z_reward,A_to_C_to_B,factorisation_2x2x6,-0.6955771814545567,-0.7036324564657093,0.0080552750111525,0.40111977604479104,145,False
combined_c_fes_gmr72,z_reward,A_to_C_to_B,factorisation_path_consistent,-0.6955771814545567,-0.7353973084029012,0.039820126948344456,0.08218356328734253,145,False
combined_c_fes_gmr72,z_reward,A_to_C_to_B,factorisation_path_shuffled,-0.6955771814545567,-0.7353973084029012,0.039820126948344456,0.08618276344731053,145,False
combined_c_fes_gmr72,z_reward,A_to_C_to_B,factorisation_path_mismatch_train_test,-0.6955771814545567,-0.7353973084029012,0.039820126948344456,0.08838232353529295,145,False
combined_c_fes_gmr72,z_reward,B_to_C_to_A,direction_label_only,-0.7054201502399922,-0.7298555650544621,0.024435414814469945,0.15316936612677465,145,False
combined_c_fes_gmr72,z_reward,B_to_C_to_A,communication_direction_only,-0.7054201502399922,-0.497945005814948,-0.2074751444250441,1.0,145,False
combined_c_fes_gmr72,z_reward,B_to_C_to_A,symmetric_midpoint_control,-0.7054201502399922,-0.5096629757830695,-0.19575717445692264,1.0,145,False
combined_c_fes_gmr72,z_reward,B_to_C_to_A,sender_receiver_transfer_control,-0.7054201502399922,-0.46510275812289453,-0.2403173921170975,1.0,145,False
combined_c_fes_gmr72,z_reward,B_to_C_to_A,asymmetric_standpoint_control,-0.7054201502399922,-0.4623071684258354,-0.24311298181415675,1.0,145,False
combined_c_fes_gmr72,z_reward,B_to_C_to_A,standpoint_inverted_control,-0.7054201502399922,-0.49757869256657794,-0.2078414576734141,1.0,145,False
combined_c_fes_gmr72,z_reward,B_to_C_to_A,endpoint_o1o2_reference,-0.7054201502399922,-0.36334861819110453,-0.34207153204888757,1.0,145,False
combined_c_fes_gmr72,z_reward,B_to_C_to_A,endpoint_o1o2_direction_swapped,-0.7054201502399922,-0.7139714866288804,0.00855133638888825,0.377124575084983,145,False
combined_c_fes_gmr72,z_reward,B_to_C_to_A,endpoint_o1o2_asymmetric_standpoint,-0.7054201502399922,-0.5582150036200266,-0.14720514661996548,1.0,145,False
combined_c_fes_gmr72,z_reward,B_to_C_to_A,endpoint_o1o2_standpoint_inverted,-0.7054201502399922,-0.5934627588558814,-0.11195739138411065,1.0,145,False
combined_c_fes_gmr72,z_reward,B_to_C_to_A,standpoint_consistent_split_operator,-0.7054201502399922,-0.4623071684258354,-0.24311298181415675,1.0,145,False
combined_c_fes_gmr72,z_reward,B_to_C_to_A,standpoint_inverted_split_operator,-0.7054201502399922,-0.5052767477610254,-0.20014340247896678,1.0,145,False
combined_c_fes_gmr72,z_reward,B_to_C_to_A,standpoint_operator_side_only,-0.7054201502399922,-0.4939982759969987,-0.21142187424299344,1.0,145,False
combined_c_fes_gmr72,z_reward,B_to_C_to_A,standpoint_wrong_operator_side_only,-0.7054201502399922,-0.4758223162294845,-0.22959783401050757,1.0,145,False
combined_c_fes_gmr72,z_reward,B_to_C_to_A,standpoint_consistent_operator_contrast,-0.7054201502399922,-0.5559758122528394,-0.1494443379871527,1.0,145,False
combined_c_fes_gmr72,z_reward,B_to_C_to_A,standpoint_inverted_operator_contrast,-0.7054201502399922,-0.5565567516091141,-0.1488633986308781,1.0,145,False
combined_c_fes_gmr72,z_reward,B_to_C_to_A,standpoint_contrast_with_side_polarity,-0.7054201502399922,-0.5449778424207332,-0.1604423078192588,1.0,145,False
combined_c_fes_gmr72,z_reward,B_to_C_to_A,standpoint_inverted_contrast_with_side_polarity,-0.7054201502399922,-0.5454051266013691,-0.16001502363862302,1.0,145,False
combined_c_fes_gmr72,z_reward,B_to_C_to_A,mismatch_train_consistent_test_inverted,-0.7054201502399922,-0.956280461315234,0.25086031107524204,0.0001999600079984003,145,True
combined_c_fes_gmr72,z_reward,B_to_C_to_A,mismatch_train_endpoint_test_direction_swapped,-0.7054201502399922,-0.7044139379455961,-0.0010062122943959688,0.5066986602679464,145,False
combined_c_fes_gmr72,z_reward,B_to_C_to_A,fixed_b6p_direction_mask,-0.7054201502399922,-0.6999981734345483,-0.005421976805443787,0.6206758648270346,145,False
combined_c_fes_gmr72,z_reward,B_to_C_to_A,fixed_b6p_swapped_mask,-0.7054201502399922,-0.7034426448662683,-0.0019775053737239017,0.5178964207158568,145,False
combined_c_fes_gmr72,z_reward,B_to_C_to_A,fixed_receiver_pair_mask,-0.7054201502399922,-0.7250999050252666,0.019679754785274558,0.3027394521095781,145,False
combined_c_fes_gmr72,z_reward,B_to_C_to_A,fixed_giver_pair_mask,-0.7054201502399922,-0.7548254370322822,0.049405286792290164,0.15496900619876025,145,False
combined_c_fes_gmr72,z_reward,B_to_C_to_A,fixed_ab_receiver_only,-0.7054201502399922,-0.7657525840567899,0.06033243381679779,0.1877624475104979,145,False
combined_c_fes_gmr72,z_reward,B_to_C_to_A,fixed_c_receiver_boundary_only,-0.7054201502399922,-0.6774668736804933,-0.027953276559498804,0.6612677464507098,145,False
combined_c_fes_gmr72,z_reward,B_to_C_to_A,closure_scalar_only,-0.7054201502399922,-0.7322420618633447,0.026821911623352738,0.1247750449910018,145,False
combined_c_fes_gmr72,z_reward,B_to_C_to_A,closure_2ode_local,-0.7054201502399922,-0.7072246627845006,0.0018045125445085221,0.47890421915616876,145,False
combined_c_fes_gmr72,z_reward,B_to_C_to_A,directed_transport_closure_control,-0.7054201502399922,-0.5449778424207332,-0.1604423078192588,1.0,145,False
combined_c_fes_gmr72,z_reward,B_to_C_to_A,factorisation_3x8,-0.7054201502399922,-0.5452417713732137,-0.1601783788667784,1.0,145,False
combined_c_fes_gmr72,z_reward,B_to_C_to_A,factorisation_2x2x6,-0.7054201502399922,-0.7045656055966765,-0.0008545446433156214,0.5252949410117976,145,False
combined_c_fes_gmr72,z_reward,B_to_C_to_A,factorisation_path_consistent,-0.7054201502399922,-0.7353973084029012,0.02997715816290911,0.11317736452709458,145,False
combined_c_fes_gmr72,z_reward,B_to_C_to_A,factorisation_path_shuffled,-0.7054201502399922,-0.7353973084029012,0.02997715816290911,0.10517896420715857,145,False
combined_c_fes_gmr72,z_reward,B_to_C_to_A,factorisation_path_mismatch_train_test,-0.7054201502399922,-0.7353973084029012,0.02997715816290911,0.11757648470305938,145,False
combined_c_fes_gmr72,rank_reward,A_to_C_to_B,direction_label_only,-0.6582170980464946,-0.6997511027990789,0.041534004752584286,0.08378324335132974,145,False
combined_c_fes_gmr72,rank_reward,A_to_C_to_B,communication_direction_only,-0.6582170980464946,-0.46405966266619847,-0.1941574353802963,1.0,145,False
combined_c_fes_gmr72,rank_reward,A_to_C_to_B,symmetric_midpoint_control,-0.6582170980464946,-0.4935769602189241,-0.1646401378275706,1.0,145,False
combined_c_fes_gmr72,rank_reward,A_to_C_to_B,sender_receiver_transfer_control,-0.6582170980464946,-0.43782745878469503,-0.2203896392617997,1.0,145,False
combined_c_fes_gmr72,rank_reward,A_to_C_to_B,asymmetric_standpoint_control,-0.6582170980464946,-0.46031851953707037,-0.19789857850942436,1.0,145,False
combined_c_fes_gmr72,rank_reward,A_to_C_to_B,standpoint_inverted_control,-0.6582170980464946,-0.44741208782248215,-0.21080501022401246,1.0,145,False
combined_c_fes_gmr72,rank_reward,A_to_C_to_B,endpoint_o1o2_reference,-0.6582170980464946,-0.3007770003191647,-0.35744009772733004,1.0,145,False
combined_c_fes_gmr72,rank_reward,A_to_C_to_B,endpoint_o1o2_direction_swapped,-0.6582170980464946,-0.6877775746418667,0.029560476595371935,0.17356528694261147,145,False
combined_c_fes_gmr72,rank_reward,A_to_C_to_B,endpoint_o1o2_asymmetric_standpoint,-0.6582170980464946,-0.5457897483935453,-0.1124273496529494,0.9956008798240352,145,False
combined_c_fes_gmr72,rank_reward,A_to_C_to_B,endpoint_o1o2_standpoint_inverted,-0.6582170980464946,-0.5126391065242221,-0.14557799152227263,0.9992001599680064,145,False
combined_c_fes_gmr72,rank_reward,A_to_C_to_B,standpoint_consistent_split_operator,-0.6582170980464946,-0.44810406175478606,-0.2101130362917087,1.0,145,False
combined_c_fes_gmr72,rank_reward,A_to_C_to_B,standpoint_inverted_split_operator,-0.6582170980464946,-0.44741208782248215,-0.21080501022401246,1.0,145,False
combined_c_fes_gmr72,rank_reward,A_to_C_to_B,standpoint_operator_side_only,-0.6582170980464946,-0.4278118296561423,-0.2304052683903525,1.0,145,False
combined_c_fes_gmr72,rank_reward,A_to_C_to_B,standpoint_wrong_operator_side_only,-0.6582170980464946,-0.4629835961544362,-0.1952335018920586,1.0,145,False
combined_c_fes_gmr72,rank_reward,A_to_C_to_B,standpoint_consistent_operator_contrast,-0.6582170980464946,-0.5069593034938435,-0.15125779455265118,1.0,145,False
combined_c_fes_gmr72,rank_reward,A_to_C_to_B,standpoint_inverted_operator_contrast,-0.6582170980464946,-0.5061423217938689,-0.15207477625262586,1.0,145,False
combined_c_fes_gmr72,rank_reward,A_to_C_to_B,standpoint_contrast_with_side_polarity,-0.6582170980464946,-0.4973065315533394,-0.16091056649315524,1.0,145,False
combined_c_fes_gmr72,rank_reward,A_to_C_to_B,standpoint_inverted_contrast_with_side_polarity,-0.6582170980464946,-0.49689086506410596,-0.16132623298238885,1.0,145,False
combined_c_fes_gmr72,rank_reward,A_to_C_to_B,mismatch_train_consistent_test_inverted,-0.6582170980464946,-0.9411755531982666,0.28295845515177187,0.0001999600079984003,145,True
combined_c_fes_gmr72,rank_reward,A_to_C_to_B,mismatch_train_endpoint_test_direction_swapped,-0.6582170980464946,-0.6994353914853254,0.04121829343883072,0.1855628874225155,145,False
combined_c_fes_gmr72,rank_reward,A_to_C_to_B,fixed_b6p_direction_mask,-0.6582170980464946,-0.6749016122290518,0.016684514182557002,0.1959608078384323,145,False
combined_c_fes_gmr72,rank_reward,A_to_C_to_B,fixed_b6p_swapped_mask,-0.6582170980464946,-0.6688923820567325,0.010675284010237712,0.39632073585282945,145,False
combined_c_fes_gmr72,rank_reward,A_to_C_to_B,fixed_receiver_pair_mask,-0.6582170980464946,-0.7194404620924488,0.06122336404595412,0.026994601079784044,145,True
combined_c_fes_gmr72,rank_reward,A_to_C_to_B,fixed_giver_pair_mask,-0.6582170980464946,-0.6890301894703265,0.03081309142383178,0.3203359328134373,145,False
combined_c_fes_gmr72,rank_reward,A_to_C_to_B,fixed_ab_receiver_only,-0.6582170980464946,-0.7410101104325606,0.08279301238606587,0.09178164367126575,145,False
combined_c_fes_gmr72,rank_reward,A_to_C_to_B,fixed_c_receiver_boundary_only,-0.6582170980464946,-0.6773334232936837,0.019116325247189085,0.33833233353329334,145,False
combined_c_fes_gmr72,rank_reward,A_to_C_to_B,closure_scalar_only,-0.6582170980464946,-0.702792791285148,0.04457569323865329,0.07278544291141771,145,False
combined_c_fes_gmr72,rank_reward,A_to_C_to_B,closure_2ode_local,-0.6582170980464946,-0.6766943568671097,0.01847725882061494,0.26974605078984204,145,False
combined_c_fes_gmr72,rank_reward,A_to_C_to_B,directed_transport_closure_control,-0.6582170980464946,-0.4973065315533394,-0.16091056649315524,1.0,145,False
combined_c_fes_gmr72,rank_reward,A_to_C_to_B,factorisation_3x8,-0.6582170980464946,-0.4901503781717256,-0.16806671987476915,1.0,145,False
combined_c_fes_gmr72,rank_reward,A_to_C_to_B,factorisation_2x2x6,-0.6582170980464946,-0.6720237944207959,0.013806696374301205,0.3261347730453909,145,False
combined_c_fes_gmr72,rank_reward,A_to_C_to_B,factorisation_path_consistent,-0.6582170980464946,-0.7058874481169811,0.04767035007048641,0.052189562087582485,145,False
combined_c_fes_gmr72,rank_reward,A_to_C_to_B,factorisation_path_shuffled,-0.6582170980464946,-0.7058874481169811,0.04767035007048641,0.052789442111577684,145,False
combined_c_fes_gmr72,rank_reward,A_to_C_to_B,factorisation_path_mismatch_train_test,-0.6582170980464946,-0.7058874481169811,0.04767035007048641,0.05338932213557288,145,False
combined_c_fes_gmr72,rank_reward,B_to_C_to_A,direction_label_only,-0.6677488350563425,-0.6997511027990789,0.0320022677427365,0.08918216356728655,145,False
combined_c_fes_gmr72,rank_reward,B_to_C_to_A,communication_direction_only,-0.6677488350563425,-0.46405966266619847,-0.20368917239014409,1.0,145,False
combined_c_fes_gmr72,rank_reward,B_to_C_to_A,symmetric_midpoint_control,-0.6677488350563425,-0.4935769602189241,-0.17417187483741833,1.0,145,False
combined_c_fes_gmr72,rank_reward,B_to_C_to_A,sender_receiver_transfer_control,-0.6677488350563425,-0.43782745878469503,-0.22992137627164752,1.0,145,False
combined_c_fes_gmr72,rank_reward,B_to_C_to_A,asymmetric_standpoint_control,-0.6677488350563425,-0.44741208782248215,-0.22033674723386024,1.0,145,False
combined_c_fes_gmr72,rank_reward,B_to_C_to_A,standpoint_inverted_control,-0.6677488350563425,-0.46031851953707037,-0.20743031551927216,1.0,145,False
combined_c_fes_gmr72,rank_reward,B_to_C_to_A,endpoint_o1o2_reference,-0.6677488350563425,-0.3007770003191647,-0.3669718347371778,1.0,145,False
combined_c_fes_gmr72,rank_reward,B_to_C_to_A,endpoint_o1o2_direction_swapped,-0.6677488350563425,-0.6877775746418667,0.020028739585524147,0.23275344931013797,145,False
combined_c_fes_gmr72,rank_reward,B_to_C_to_A,endpoint_o1o2_asymmetric_standpoint,-0.6677488350563425,-0.5126391065242221,-0.1551097285321204,1.0,145,False
combined_c_fes_gmr72,rank_reward,B_to_C_to_A,endpoint_o1o2_standpoint_inverted,-0.6677488350563425,-0.5457897483935453,-0.12195908666279717,1.0,145,False
combined_c_fes_gmr72,rank_reward,B_to_C_to_A,standpoint_consistent_split_operator,-0.6677488350563425,-0.44741208782248215,-0.22033674723386024,1.0,145,False
combined_c_fes_gmr72,rank_reward,B_to_C_to_A,standpoint_inverted_split_operator,-0.6677488350563425,-0.44810406175478606,-0.2196447733015565,1.0,145,False
combined_c_fes_gmr72,rank_reward,B_to_C_to_A,standpoint_operator_side_only,-0.6677488350563425,-0.4629835961544362,-0.2047652389019064,1.0,145,False
combined_c_fes_gmr72,rank_reward,B_to_C_to_A,standpoint_wrong_operator_side_only,-0.6677488350563425,-0.4278118296561423,-0.23993700540020024,1.0,145,False
combined_c_fes_gmr72,rank_reward,B_to_C_to_A,standpoint_consistent_operator_contrast,-0.6677488350563425,-0.5061423217938689,-0.16160651326247363,1.0,145,False
combined_c_fes_gmr72,rank_reward,B_to_C_to_A,standpoint_inverted_operator_contrast,-0.6677488350563425,-0.5069593034938435,-0.16078953156249898,1.0,145,False
combined_c_fes_gmr72,rank_reward,B_to_C_to_A,standpoint_contrast_with_side_polarity,-0.6677488350563425,-0.49689086506410596,-0.1708579699922366,1.0,145,False
combined_c_fes_gmr72,rank_reward,B_to_C_to_A,standpoint_inverted_contrast_with_side_polarity,-0.6677488350563425,-0.4973065315533394,-0.17044230350300305,1.0,145,False
combined_c_fes_gmr72,rank_reward,B_to_C_to_A,mismatch_train_consistent_test_inverted,-0.6677488350563425,-0.9413476828337942,0.27359884777745175,0.0001999600079984003,145,True
combined_c_fes_gmr72,rank_reward,B_to_C_to_A,mismatch_train_endpoint_test_direction_swapped,-0.6677488350563425,-0.6994353914853254,0.03168655642898291,0.22455508898220355,145,False
combined_c_fes_gmr72,rank_reward,B_to_C_to_A,fixed_b6p_direction_mask,-0.6677488350563425,-0.6688923820567325,0.0011435470003899255,0.4709058188362327,145,False
combined_c_fes_gmr72,rank_reward,B_to_C_to_A,fixed_b6p_swapped_mask,-0.6677488350563425,-0.6749016122290518,0.007152777172709208,0.41291741651669667,145,False
combined_c_fes_gmr72,rank_reward,B_to_C_to_A,fixed_receiver_pair_mask,-0.6677488350563425,-0.6890301894703265,0.021281354413984,0.3061387722455509,145,False
combined_c_fes_gmr72,rank_reward,B_to_C_to_A,fixed_giver_pair_mask,-0.6677488350563425,-0.7194404620924488,0.05169162703610632,0.16136772645470907,145,False
combined_c_fes_gmr72,rank_reward,B_to_C_to_A,fixed_ab_receiver_only,-0.6677488350563425,-0.7240143979168345,0.05626556286049213,0.21695660867826436,145,False
combined_c_fes_gmr72,rank_reward,B_to_C_to_A,fixed_c_receiver_boundary_only,-0.6677488350563425,-0.6618792644291491,-0.005869570627193355,0.5462907418516296,145,False
combined_c_fes_gmr72,rank_reward,B_to_C_to_A,closure_scalar_only,-0.6677488350563425,-0.702792791285148,0.0350439562288055,0.06418716256748651,145,False
combined_c_fes_gmr72,rank_reward,B_to_C_to_A,closure_2ode_local,-0.6677488350563425,-0.6768434999406883,0.009094664884345767,0.3615276944611078,145,False
combined_c_fes_gmr72,rank_reward,B_to_C_to_A,directed_transport_closure_control,-0.6677488350563425,-0.49689086506410596,-0.1708579699922366,1.0,145,False
combined_c_fes_gmr72,rank_reward,B_to_C_to_A,factorisation_3x8,-0.6677488350563425,-0.48701822641056436,-0.18073060864577814,1.0,145,False
combined_c_fes_gmr72,rank_reward,B_to_C_to_A,factorisation_2x2x6,-0.6677488350563425,-0.6741686403752531,0.006419805318910751,0.39652069586082783,145,False
combined_c_fes_gmr72,rank_reward,B_to_C_to_A,factorisation_path_consistent,-0.6677488350563425,-0.7058874481169811,0.03813861306063863,0.0647870425914817,145,False
combined_c_fes_gmr72,rank_reward,B_to_C_to_A,factorisation_path_shuffled,-0.6677488350563425,-0.7058874481169811,0.03813861306063863,0.0639872025594881,145,False
combined_c_fes_gmr72,rank_reward,B_to_C_to_A,factorisation_path_mismatch_train_test,-0.6677488350563425,-0.7058874481169811,0.03813861306063863,0.057588482303539294,145,False
combined_c_fes_gmr72,gmr72_bridge_composite,A_to_C_to_B,direction_label_only,-0.2853969711692958,-0.2991238685236019,0.013726897354306144,0.10657868426314737,145,False
combined_c_fes_gmr72,gmr72_bridge_composite,A_to_C_to_B,communication_direction_only,-0.2853969711692958,-0.2682140446732297,-0.017182926496066134,0.9322135572885423,145,False
combined_c_fes_gmr72,gmr72_bridge_composite,A_to_C_to_B,symmetric_midpoint_control,-0.2853969711692958,-0.2627695551818676,-0.022627415987428123,0.971005798840232,145,False
combined_c_fes_gmr72,gmr72_bridge_composite,A_to_C_to_B,sender_receiver_transfer_control,-0.2853969711692958,-0.2555660750440413,-0.02983089612525451,0.9918016396720656,145,False
combined_c_fes_gmr72,gmr72_bridge_composite,A_to_C_to_B,asymmetric_standpoint_control,-0.2853969711692958,-0.26414277800457575,-0.021254193164720134,0.9656068786242752,145,False
combined_c_fes_gmr72,gmr72_bridge_composite,A_to_C_to_B,standpoint_inverted_control,-0.2853969711692958,-0.25561681492536376,-0.029780156243932064,0.9932013597280543,145,False
combined_c_fes_gmr72,gmr72_bridge_composite,A_to_C_to_B,endpoint_o1o2_reference,-0.2853969711692958,-0.23770635075286214,-0.047690620416433654,1.0,145,False
combined_c_fes_gmr72,gmr72_bridge_composite,A_to_C_to_B,endpoint_o1o2_direction_swapped,-0.2853969711692958,-0.29918324679770575,0.013786275628409901,0.1245750849830034,145,False
combined_c_fes_gmr72,gmr72_bridge_composite,A_to_C_to_B,endpoint_o1o2_asymmetric_standpoint,-0.2853969711692958,-0.27060760078676493,-0.014789370382530868,0.8980203959208158,145,False
combined_c_fes_gmr72,gmr72_bridge_composite,A_to_C_to_B,endpoint_o1o2_standpoint_inverted,-0.2853969711692958,-0.2727730865834613,-0.012623884585834546,0.8438312337532493,145,False
combined_c_fes_gmr72,gmr72_bridge_composite,A_to_C_to_B,standpoint_consistent_split_operator,-0.2853969711692958,-0.25953872739401707,-0.02585824377527874,0.981003799240152,145,False
combined_c_fes_gmr72,gmr72_bridge_composite,A_to_C_to_B,standpoint_inverted_split_operator,-0.2853969711692958,-0.25561681492536376,-0.029780156243932064,0.994001199760048,145,False
combined_c_fes_gmr72,gmr72_bridge_composite,A_to_C_to_B,standpoint_operator_side_only,-0.2853969711692958,-0.2617038415029886,-0.023693129666307256,0.9816036792641472,145,False
combined_c_fes_gmr72,gmr72_bridge_composite,A_to_C_to_B,standpoint_wrong_operator_side_only,-0.2853969711692958,-0.26581740513241725,-0.01957956603687851,0.9606078784243152,145,False
combined_c_fes_gmr72,gmr72_bridge_composite,A_to_C_to_B,standpoint_consistent_operator_contrast,-0.2853969711692958,-0.2781304963905934,-0.007266474778702473,0.7440511897620475,145,False
combined_c_fes_gmr72,gmr72_bridge_composite,A_to_C_to_B,standpoint_inverted_operator_contrast,-0.2853969711692958,-0.2782063638972377,-0.0071906072720581285,0.7404519096180764,145,False
combined_c_fes_gmr72,gmr72_bridge_composite,A_to_C_to_B,standpoint_contrast_with_side_polarity,-0.2853969711692958,-0.277540368974208,-0.007856602195087745,0.7634473105378924,145,False
combined_c_fes_gmr72,gmr72_bridge_composite,A_to_C_to_B,standpoint_inverted_contrast_with_side_polarity,-0.2853969711692958,-0.27777887914503874,-0.0076180920242570884,0.7578484303139372,145,False
combined_c_fes_gmr72,gmr72_bridge_composite,A_to_C_to_B,mismatch_train_consistent_test_inverted,-0.2853969711692958,-0.3259659145291325,0.04056894335983669,0.0003999200159968006,145,True
combined_c_fes_gmr72,gmr72_bridge_composite,A_to_C_to_B,mismatch_train_endpoint_test_direction_swapped,-0.2853969711692958,-0.2905519617973288,0.005154990628033034,0.3215356928614277,145,False
combined_c_fes_gmr72,gmr72_bridge_composite,A_to_C_to_B,fixed_b6p_direction_mask,-0.2853969711692958,-0.28309361020844004,-0.0023033609608557877,0.6624675064987002,145,False
combined_c_fes_gmr72,gmr72_bridge_composite,A_to_C_to_B,fixed_b6p_swapped_mask,-0.2853969711692958,-0.2793789140360616,-0.006018057133234256,0.6988602279544092,145,False
combined_c_fes_gmr72,gmr72_bridge_composite,A_to_C_to_B,fixed_receiver_pair_mask,-0.2853969711692958,-0.29851964429491323,0.013122673125617396,0.1339732053589282,145,False
combined_c_fes_gmr72,gmr72_bridge_composite,A_to_C_to_B,fixed_giver_pair_mask,-0.2853969711692958,-0.2797680428647361,-0.005628928304559736,0.6216756648670266,145,False
combined_c_fes_gmr72,gmr72_bridge_composite,A_to_C_to_B,fixed_ab_receiver_only,-0.2853969711692958,-0.3150044062570734,0.029607435087777537,0.09018196360727855,145,False
combined_c_fes_gmr72,gmr72_bridge_composite,A_to_C_to_B,fixed_c_receiver_boundary_only,-0.2853969711692958,-0.2791036079757425,-0.0062933631935532626,0.6342731453709258,145,False
combined_c_fes_gmr72,gmr72_bridge_composite,A_to_C_to_B,closure_scalar_only,-0.2853969711692958,-0.2994989677175547,0.014101996548258893,0.09578084383123375,145,False
combined_c_fes_gmr72,gmr72_bridge_composite,A_to_C_to_B,closure_2ode_local,-0.2853969711692958,-0.2982929163838436,0.012895945214547755,0.1281743651269746,145,False
combined_c_fes_gmr72,gmr72_bridge_composite,A_to_C_to_B,directed_transport_closure_control,-0.2853969711692958,-0.277540368974208,-0.007856602195087745,0.7564487102579485,145,False
combined_c_fes_gmr72,gmr72_bridge_composite,A_to_C_to_B,factorisation_3x8,-0.2853969711692958,-0.2793245497927606,-0.006072421376535207,0.6854629074185163,145,False
combined_c_fes_gmr72,gmr72_bridge_composite,A_to_C_to_B,factorisation_2x2x6,-0.2853969711692958,-0.2962985307600595,0.010901559590763702,0.15656868626274745,145,False
combined_c_fes_gmr72,gmr72_bridge_composite,A_to_C_to_B,factorisation_path_consistent,-0.2853969711692958,-0.2997293661626925,0.014332394993396742,0.10197960407918416,145,False
combined_c_fes_gmr72,gmr72_bridge_composite,A_to_C_to_B,factorisation_path_shuffled,-0.2853969711692958,-0.2997293661626925,0.014332394993396742,0.09338132373525294,145,False
combined_c_fes_gmr72,gmr72_bridge_composite,A_to_C_to_B,factorisation_path_mismatch_train_test,-0.2853969711692958,-0.2997293661626925,0.014332394993396742,0.10297940411917617,145,False
combined_c_fes_gmr72,gmr72_bridge_composite,B_to_C_to_A,direction_label_only,-0.28663044908257795,-0.2991238685236019,0.012493419441024023,0.14257148570285944,145,False
combined_c_fes_gmr72,gmr72_bridge_composite,B_to_C_to_A,communication_direction_only,-0.28663044908257795,-0.2682140446732297,-0.01841640440934825,0.9546090781843631,145,False
combined_c_fes_gmr72,gmr72_bridge_composite,B_to_C_to_A,symmetric_midpoint_control,-0.28663044908257795,-0.2627695551818676,-0.023860893900710244,0.9866026794641072,145,False
combined_c_fes_gmr72,gmr72_bridge_composite,B_to_C_to_A,sender_receiver_transfer_control,-0.28663044908257795,-0.2555660750440413,-0.031064374038536624,0.9992001599680064,145,False
combined_c_fes_gmr72,gmr72_bridge_composite,B_to_C_to_A,asymmetric_standpoint_control,-0.28663044908257795,-0.25561681492536376,-0.031013634157214188,0.997000599880024,145,False
combined_c_fes_gmr72,gmr72_bridge_composite,B_to_C_to_A,standpoint_inverted_control,-0.28663044908257795,-0.26414277800457575,-0.02248767107800225,0.9754049190161967,145,False
combined_c_fes_gmr72,gmr72_bridge_composite,B_to_C_to_A,endpoint_o1o2_reference,-0.28663044908257795,-0.23770635075286214,-0.04892409832971578,1.0,145,False
combined_c_fes_gmr72,gmr72_bridge_composite,B_to_C_to_A,endpoint_o1o2_direction_swapped,-0.28663044908257795,-0.29918324679770575,0.01255279771512778,0.15936812637472506,145,False
combined_c_fes_gmr72,gmr72_bridge_composite,B_to_C_to_A,endpoint_o1o2_asymmetric_standpoint,-0.28663044908257795,-0.2727730865834613,-0.013857362499116661,0.865626874625075,145,False
combined_c_fes_gmr72,gmr72_bridge_composite,B_to_C_to_A,endpoint_o1o2_standpoint_inverted,-0.28663044908257795,-0.27060760078676493,-0.016022848295812988,0.9268146370725855,145,False
combined_c_fes_gmr72,gmr72_bridge_composite,B_to_C_to_A,standpoint_consistent_split_operator,-0.28663044908257795,-0.25561681492536376,-0.031013634157214188,0.9988002399520096,145,False
combined_c_fes_gmr72,gmr72_bridge_composite,B_to_C_to_A,standpoint_inverted_split_operator,-0.28663044908257795,-0.25953872739401707,-0.027091721688560857,0.9896020795840832,145,False
combined_c_fes_gmr72,gmr72_bridge_composite,B_to_C_to_A,standpoint_operator_side_only,-0.28663044908257795,-0.26581740513241725,-0.020813043950160634,0.9778044391121775,145,False
combined_c_fes_gmr72,gmr72_bridge_composite,B_to_C_to_A,standpoint_wrong_operator_side_only,-0.28663044908257795,-0.2617038415029886,-0.02492660757958937,0.9836032793441312,145,False
combined_c_fes_gmr72,gmr72_bridge_composite,B_to_C_to_A,standpoint_consistent_operator_contrast,-0.28663044908257795,-0.2782063638972377,-0.008424085185340246,0.757248550289942,145,False
combined_c_fes_gmr72,gmr72_bridge_composite,B_to_C_to_A,standpoint_inverted_operator_contrast,-0.28663044908257795,-0.2781304963905934,-0.008499952691984591,0.7674465106978604,145,False
combined_c_fes_gmr72,gmr72_bridge_composite,B_to_C_to_A,standpoint_contrast_with_side_polarity,-0.28663044908257795,-0.27777887914503874,-0.008851569937539211,0.7730453909218157,145,False
combined_c_fes_gmr72,gmr72_bridge_composite,B_to_C_to_A,standpoint_inverted_contrast_with_side_polarity,-0.28663044908257795,-0.277540368974208,-0.009090080108369869,0.7784443111377725,145,False
combined_c_fes_gmr72,gmr72_bridge_composite,B_to_C_to_A,mismatch_train_consistent_test_inverted,-0.28663044908257795,-0.3258250038981841,0.039194554815606124,0.0007998400319936012,145,True
combined_c_fes_gmr72,gmr72_bridge_composite,B_to_C_to_A,mismatch_train_endpoint_test_direction_swapped,-0.28663044908257795,-0.2905519617973288,0.003921512714750919,0.3635272945410918,145,False
combined_c_fes_gmr72,gmr72_bridge_composite,B_to_C_to_A,fixed_b6p_direction_mask,-0.28663044908257795,-0.2793789140360616,-0.007251535046516376,0.9420115976804639,145,False
combined_c_fes_gmr72,gmr72_bridge_composite,B_to_C_to_A,fixed_b6p_swapped_mask,-0.28663044908257795,-0.28309361020844004,-0.0035368388741379092,0.6300739852029594,145,False
combined_c_fes_gmr72,gmr72_bridge_composite,B_to_C_to_A,fixed_receiver_pair_mask,-0.28663044908257795,-0.2797680428647361,-0.006862406217841853,0.6940611877624475,145,False
combined_c_fes_gmr72,gmr72_bridge_composite,B_to_C_to_A,fixed_giver_pair_mask,-0.28663044908257795,-0.29851964429491323,0.011889195212335276,0.2625474905018996,145,False
combined_c_fes_gmr72,gmr72_bridge_composite,B_to_C_to_A,fixed_ab_receiver_only,-0.28663044908257795,-0.29979954462760594,0.013169095545028058,0.2929414117176565,145,False
combined_c_fes_gmr72,gmr72_bridge_composite,B_to_C_to_A,fixed_c_receiver_boundary_only,-0.28663044908257795,-0.27575522322181784,-0.0108752258607601,0.6730653869226155,145,False
combined_c_fes_gmr72,gmr72_bridge_composite,B_to_C_to_A,closure_scalar_only,-0.28663044908257795,-0.2994989677175547,0.012868518634976777,0.1281743651269746,145,False
combined_c_fes_gmr72,gmr72_bridge_composite,B_to_C_to_A,closure_2ode_local,-0.28663044908257795,-0.2983181046593765,0.011687655576798602,0.15596880623875226,145,False
combined_c_fes_gmr72,gmr72_bridge_composite,B_to_C_to_A,directed_transport_closure_control,-0.28663044908257795,-0.27777887914503874,-0.008851569937539211,0.7750449910017997,145,False
combined_c_fes_gmr72,gmr72_bridge_composite,B_to_C_to_A,factorisation_3x8,-0.28663044908257795,-0.2795555173757008,-0.0070749317068771415,0.6968606278744252,145,False
combined_c_fes_gmr72,gmr72_bridge_composite,B_to_C_to_A,factorisation_2x2x6,-0.28663044908257795,-0.2962837650376715,0.00965331595509358,0.22695460907818435,145,False
combined_c_fes_gmr72,gmr72_bridge_composite,B_to_C_to_A,factorisation_path_consistent,-0.28663044908257795,-0.2997293661626925,0.013098917080114625,0.13377324535092983,145,False
combined_c_fes_gmr72,gmr72_bridge_composite,B_to_C_to_A,factorisation_path_shuffled,-0.28663044908257795,-0.2997293661626925,0.013098917080114625,0.1249750049990002,145,False
combined_c_fes_gmr72,gmr72_bridge_composite,B_to_C_to_A,factorisation_path_mismatch_train_test,-0.28663044908257795,-0.2997293661626925,0.013098917080114625,0.14117176564687062,145,False
